MeshVersionFormatted 3

Dimension
3

Vertices
11833
0	0	0		1
1	0	0		1
1	1	0		1
0	1	0		1
0.01	0	0		1
0.02	0	0		1
0.03	0	0		1
0.04	0	0		1
0.05	0	0		1
0.06	0	0		1
0.07	0	0		1
0.08	0	0		1
0.09	0	0		1
0.1	0	0		1
0.11	0	0		1
0.12	0	0		1
0.13	0	0		1
0.14	0	0		1
0.15	0	0		1
0.16	0	0		1
0.17	0	0		1
0.18	0	0		1
0.19	0	0		1
0.2	0	0		1
0.21	0	0		1
0.22	0	0		1
0.23	0	0		1
0.24	0	0		1
0.25	0	0		1
0.26	0	0		1
0.27	0	0		1
0.28	0	0		1
0.29	0	0		1
0.3	0	0		1
0.31	0	0		1
0.32	0	0		1
0.33	0	0		1
0.34	0	0		1
0.35	0	0		1
0.36	0	0		1
0.37	0	0		1
0.38	0	0		1
0.39	0	0		1
0.4	0	0		1
0.41	0	0		1
0.42	0	0		1
0.43	0	0		1
0.44	0	0		1
0.45	0	0		1
0.46	0	0		1
0.47	0	0		1
0.48	0	0		1
0.49	0	0		1
0.5	0	0		1
0.51	0	0		1
0.52	0	0		1
0.53	0	0		1
0.54	0	0		1
0.55	0	0		1
0.56	0	0		1
0.57	0	0		1
0.58	0	0		1
0.59	0	0		1
0.6	0	0		1
0.61	0	0		1
0.62	0	0		1
0.63	0	0		1
0.64	0	0		1
0.65	0	0		1
0.66	0	0		1
0.67	0	0		1
0.68	0	0		1
0.69	0	0		1
0.7	0	0		1
0.71	0	0		1
0.72	0	0		1
0.73	0	0		1
0.74	0	0		1
0.75	0	0		1
0.76	0	0		1
0.77	0	0		1
0.78	0	0		1
0.79	0	0		1
0.8	0	0		1
0.81	0	0		1
0.82	0	0		1
0.83	0	0		1
0.84	0	0		1
0.85	0	0		1
0.86	0	0		1
0.87	0	0		1
0.88	0	0		1
0.89	0	0		1
0.9	0	0		1
0.91	0	0		1
0.92	0	0		1
0.93	0	0		1
0.94	0	0		1
0.95	0	0		1
0.96	0	0		1
0.97	0	0		1
0.98	0	0		1
0.99	0	0		1
1	0.01	0		1
1	0.02	0		1
1	0.03	0		1
1	0.04	0		1
1	0.05	0		1
1	0.06	0		1
1	0.07	0		1
1	0.08	0		1
1	0.09	0		1
1	0.1	0		1
1	0.11	0		1
1	0.12	0		1
1	0.13	0		1
1	0.14	0		1
1	0.15	0		1
1	0.16	0		1
1	0.17	0		1
1	0.18	0		1
1	0.19	0		1
1	0.2	0		1
1	0.21	0		1
1	0.22	0		1
1	0.23	0		1
1	0.24	0		1
1	0.25	0		1
1	0.26	0		1
1	0.27	0		1
1	0.28	0		1
1	0.29	0		1
1	0.3	0		1
1	0.31	0		1
1	0.32	0		1
1	0.33	0		1
1	0.34	0		1
1	0.35	0		1
1	0.36	0		1
1	0.37	0		1
1	0.38	0		1
1	0.39	0		1
1	0.4	0		1
1	0.41	0		1
1	0.42	0		1
1	0.43	0		1
1	0.44	0		1
1	0.45	0		1
1	0.46	0		1
1	0.47	0		1
1	0.48	0		1
1	0.49	0		1
1	0.5	0		1
1	0.51	0		1
1	0.52	0		1
1	0.53	0		1
1	0.54	0		1
1	0.55	0		1
1	0.56	0		1
1	0.57	0		1
1	0.58	0		1
1	0.59	0		1
1	0.6	0		1
1	0.61	0		1
1	0.62	0		1
1	0.63	0		1
1	0.64	0		1
1	0.65	0		1
1	0.66	0		1
1	0.67	0		1
1	0.68	0		1
1	0.69	0		1
1	0.7	0		1
1	0.71	0		1
1	0.72	0		1
1	0.73	0		1
1	0.74	0		1
1	0.75	0		1
1	0.76	0		1
1	0.77	0		1
1	0.78	0		1
1	0.79	0		1
1	0.8	0		1
1	0.81	0		1
1	0.82	0		1
1	0.83	0		1
1	0.84	0		1
1	0.85	0		1
1	0.86	0		1
1	0.87	0		1
1	0.88	0		1
1	0.89	0		1
1	0.9	0		1
1	0.91	0		1
1	0.92	0		1
1	0.93	0		1
1	0.94	0		1
1	0.95	0		1
1	0.96	0		1
1	0.97	0		1
1	0.98	0		1
1	0.99	0		1
0.99	1	0		1
0.98	1	0		1
0.97	1	0		1
0.96	1	0		1
0.95	1	0		1
0.94	1	0		1
0.93	1	0		1
0.92	1	0		1
0.91	1	0		1
0.9	1	0		1
0.89	1	0		1
0.88	1	0		1
0.87	1	0		1
0.86	1	0		1
0.85	1	0		1
0.84	1	0		1
0.83	1	0		1
0.82	1	0		1
0.81	1	0		1
0.8	1	0		1
0.79	1	0		1
0.78	1	0		1
0.77	1	0		1
0.76	1	0		1
0.75	1	0		1
0.74	1	0		1
0.73	1	0		1
0.72	1	0		1
0.71	1	0		1
0.7	1	0		1
0.69	1	0		1
0.68	1	0		1
0.67	1	0		1
0.66	1	0		1
0.65	1	0		1
0.64	1	0		1
0.63	1	0		1
0.62	1	0		1
0.61	1	0		1
0.6	1	0		1
0.59	1	0		1
0.58	1	0		1
0.57	1	0		1
0.56	1	0		1
0.55	1	0		1
0.54	1	0		1
0.53	1	0		1
0.52	1	0		1
0.51	1	0		1
0.5	1	0		1
0.49	1	0		1
0.48	1	0		1
0.47	1	0		1
0.46	1	0		1
0.45	1	0		1
0.44	1	0		1
0.43	1	0		1
0.42	1	0		1
0.41	1	0		1
0.4	1	0		1
0.39	1	0		1
0.38	1	0		1
0.37	1	0		1
0.36	1	0		1
0.35	1	0		1
0.34	1	0		1
0.33	1	0		1
0.32	1	0		1
0.31	1	0		1
0.3	1	0		1
0.29	1	0		1
0.28	1	0		1
0.27	1	0		1
0.26	1	0		1
0.25	1	0		1
0.24	1	0		1
0.23	1	0		1
0.22	1	0		1
0.21	1	0		1
0.2	1	0		1
0.19	1	0		1
0.18	1	0		1
0.17	1	0		1
0.16	1	0		1
0.15	1	0		1
0.14	1	0		1
0.13	1	0		1
0.12	1	0		1
0.11	1	0		1
0.1	1	0		1
0.09	1	0		1
0.08	1	0		1
0.07	1	0		1
0.06	1	0		1
0.05	1	0		1
0.04	1	0		1
0.03	1	0		1
0.02	1	0		1
0.01	1	0		1
0	0.99	0		1
0	0.98	0		1
0	0.97	0		1
0	0.96	0		1
0	0.95	0		1
0	0.94	0		1
0	0.93	0		1
0	0.92	0		1
0	0.91	0		1
0	0.9	0		1
0	0.89	0		1
0	0.88	0		1
0	0.87	0		1
0	0.86	0		1
0	0.85	0		1
0	0.84	0		1
0	0.83	0		1
0	0.82	0		1
0	0.81	0		1
0	0.8	0		1
0	0.79	0		1
0	0.78	0		1
0	0.77	0		1
0	0.76	0		1
0	0.75	0		1
0	0.74	0		1
0	0.73	0		1
0	0.72	0		1
0	0.71	0		1
0	0.7	0		1
0	0.69	0		1
0	0.68	0		1
0	0.67	0		1
0	0.66	0		1
0	0.65	0		1
0	0.64	0		1
0	0.63	0		1
0	0.62	0		1
0	0.61	0		1
0	0.6	0		1
0	0.59	0		1
0	0.58	0		1
0	0.57	0		1
0	0.56	0		1
0	0.55	0		1
0	0.54	0		1
0	0.53	0		1
0	0.52	0		1
0	0.51	0		1
0	0.5	0		1
0	0.49	0		1
0	0.48	0		1
0	0.47	0		1
0	0.46	0		1
0	0.45	0		1
0	0.44	0		1
0	0.43	0		1
0	0.42	0		1
0	0.41	0		1
0	0.4	0		1
0	0.39	0		1
0	0.38	0		1
0	0.37	0		1
0	0.36	0		1
0	0.35	0		1
0	0.34	0		1
0	0.33	0		1
0	0.32	0		1
0	0.31	0		1
0	0.3	0		1
0	0.29	0		1
0	0.28	0		1
0	0.27	0		1
0	0.26	0		1
0	0.25	0		1
0	0.24	0		1
0	0.23	0		1
0	0.22	0		1
0	0.21	0		1
0	0.2	0		1
0	0.19	0		1
0	0.18	0		1
0	0.17	0		1
0	0.16	0		1
0	0.15	0		1
0	0.14	0		1
0	0.13	0		1
0	0.12	0		1
0	0.11	0		1
0	0.1	0		1
0	0.09	0		1
0	0.08	0		1
0	0.07	0		1
0	0.06	0		1
0	0.05	0		1
0	0.04	0		1
0	0.03	0		1
0	0.02	0		1
0	0.01	0		1
0.495	0.99134	0		1
0.00921199	0.496188	0		1
0.505	0.00866025	0		1
0.990998	0.504175	0		1
0.00880562	0.584755	0		1
0.585	0.99134	0		1
0.415	0.00866025	0		1
0.99134	0.415	0		1
0.405	0.99134	0		1
0.991508	0.595292	0		1
0.00856331	0.404832	0		1
0.594719	0.00767077	0		1
0.665	0.99134	0		1
0.00866025	0.665	0		1
0.990786	0.335591	0		1
0.3348	0.00768029	0		1
0.325	0.99134	0		1
0.992471	0.674952	0		1
0.00866025	0.325	0		1
0.675	0.00866025	0		1
0.735	0.99134	0		1
0.00893717	0.735162	0		1
0.990993	0.265904	0		1
0.2648	0.00768029	0		1
0.255	0.99134	0		1
0.992029	0.745151	0		1
0.00889646	0.255147	0		1
0.744439	0.00713043	0		1
0.795	0.99134	0		1
0.00950426	0.793687	0		1
0.990121	0.203677	0		1
0.204927	0.00842004	0		1
0.195	0.99134	0		1
0.992559	0.805141	0		1
0.00866025	0.195	0		1
0.8048	0.00768029	0		1
0.992548	0.154914	0		1
0.154439	0.00713043	0		1
0.845	0.99134	0		1
0.00906498	0.84468	0		1
0.145	0.99134	0		1
0.99134	0.855	0		1
0.00897525	0.145508	0		1
0.855	0.00866025	0		1
0.0095501	0.895587	0		1
0.895	0.99134	0		1
0.105	0.00866025	0		1
0.991045	0.10469	0		1
0.455	0.99134	0		1
0.00901704	0.456073	0		1
0.99153	0.545055	0		1
0.545	0.00827365	0		1
0.105	0.99134	0		1
0.990467	0.895604	0		1
0.00866025	0.105	0		1
0.990455	0.635666	0		1
0.365	0.99134	0		1
0.895	0.00866025	0		1
0.635	0.00866025	0		1
0.00896121	0.36463	0		1
0.375	0.00866025	0		1
0.455	0.00866025	0		1
0.991017	0.456014	0		1
0.00866025	0.545	0		1
0.990064	0.375394	0		1
0.545	0.99134	0		1
0.625	0.99134	0		1
0.00896757	0.624569	0		1
0.00866025	0.065	0		1
0.934927	0.00842004	0		1
0.935	0.99134	0		1
0.00781564	0.934973	0		1
0.065	0.99134	0		1
0.991593	0.934995	0		1
0.991134	0.0648907	0		1
0.0650731	0.00842004	0		1
0.990487	0.774735	0		1
0.991027	0.71594	0		1
0.285	0.99134	0		1
0.225	0.99134	0		1
0.715	0.00866025	0		1
0.774439	0.00713043	0		1
0.00867939	0.284741	0		1
0.00868244	0.225463	0		1
0.99048	0.306041	0		1
0.304927	0.00842004	0		1
0.990563	0.236164	0		1
0.234439	0.00713043	0		1
0.695	0.99134	0		1
0.765	0.99134	0		1
0.00891246	0.694475	0		1
0.00900623	0.764113	0		1
0.00866025	0.035	0		1
0.9648	0.00768029	0		1
0.965	0.99134	0		1
0.0340688	0.990458	0		1
0.00866025	0.965	0		1
0.991115	0.965092	0		1
0.992319	0.035102	0		1
0.0342181	0.00919503	0		1
0.875	0.99134	0		1
0.00866025	0.875	0		1
0.435	0.99134	0		1
0.475	0.99134	0		1
0.00890113	0.434546	0		1
0.00894442	0.475222	0		1
0.515	0.99134	0		1
0.00885294	0.514978	0		1
0.991057	0.564347	0		1
0.990997	0.525842	0		1
0.5652	0.00768029	0		1
0.525281	0.00811577	0		1
0.992542	0.484815	0		1
0.485	0.00866025	0		1
0.915	0.99134	0		1
0.00919101	0.914415	0		1
0.992028	0.124381	0		1
0.124927	0.00842004	0		1
0.165	0.99134	0		1
0.125	0.99134	0		1
0.991653	0.835658	0		1
0.385	0.99134	0		1
0.00841488	0.124502	0		1
0.00866025	0.085	0		1
0.00845103	0.165	0		1
0.00840415	0.385444	0		1
0.835	0.00866025	0		1
0.915	0.00866025	0		1
0.99134	0.615	0		1
0.875	0.00866025	0		1
0.345	0.99134	0		1
0.305	0.99134	0		1
0.990843	0.654487	0		1
0.991514	0.694698	0		1
0.615	0.00866025	0		1
0.085	0.99134	0		1
0.00988949	0.305628	0		1
0.0084522	0.345	0		1
0.655	0.00866025	0		1
0.695	0.00827365	0		1
0.99134	0.875	0		1
0.435	0.00866025	0		1
0.990499	0.0836299	0		1
0.355	0.00866025	0		1
0.99134	0.355	0		1
0.395	0.00866025	0		1
0.991519	0.395	0		1
0.0092614	0.566014	0		1
0.0095046	0.603514	0		1
0.085	0.00866025	0		1
0.565	0.99134	0		1
0.99134	0.285	0		1
0.605	0.99134	0		1
0.990465	0.914196	0		1
0.00682919	0.644775	0		1
0.645	0.99134	0		1
0.285	0.00866025	0		1
0.990446	0.185529	0		1
0.1848	0.00768029	0		1
0.715	0.99134	0		1
0.00901376	0.716011	0		1
0.815	0.99134	0		1
0.00866025	0.815	0		1
0.991016	0.434403	0		1
0.00843696	0.0153868	0		1
0.984954	0.00765927	0		1
0.984613	0.991563	0		1
0.0159183	0.990943	0		1
0.485	0.99134	0		1
0.49	0.982679	0		1
0.5	0.982679	0		1
0.495	0.974019	0		1
0.505	0.974019	0		1
0.5	0.965359	0		1
0.51	0.965359	0		1
0.505	0.956699	0		1
0.515	0.956699	0		1
0.51	0.948038	0		1
0.52	0.948038	0		1
0.515	0.939378	0		1
0.525	0.939378	0		1
0.52	0.930718	0		1
0.51	0.930718	0		1
0.515	0.922058	0		1
0.525	0.922058	0		1
0.52	0.913397	0		1
0.53	0.913397	0		1
0.525	0.904737	0		1
0.535	0.904737	0		1
0.53	0.896077	0		1
0.54	0.896077	0		1
0.535	0.887417	0		1
0.545	0.887417	0		1
0.54	0.878756	0		1
0.55	0.878756	0		1
0.545	0.870096	0		1
0.555	0.870096	0		1
0.55	0.861436	0		1
0.54	0.861436	0		1
0.545	0.852776	0		1
0.535	0.852776	0		1
0.54	0.844115	0		1
0.53	0.844115	0		1
0.535	0.835455	0		1
0.525	0.835455	0		1
0.53	0.826795	0		1
0.52	0.826795	0		1
0.525	0.818135	0		1
0.515	0.818135	0		1
0.52	0.809474	0		1
0.51	0.809474	0		1
0.515	0.800814	0		1
0.505	0.800814	0		1
0.51	0.792154	0		1
0.5	0.792154	0		1
0.505	0.783494	0		1
0.495	0.783494	0		1
0.5	0.774833	0		1
0.51	0.774833	0		1
0.505	0.766173	0		1
0.495	0.766173	0		1
0.5	0.757513	0		1
0.49	0.757513	0		1
0.495	0.748853	0		1
0.505	0.748853	0		1
0.5	0.740192	0		1
0.49	0.740192	0		1
0.495	0.731532	0		1
0.505	0.731532	0		1
0.5	0.722872	0		1
0.49	0.722872	0		1
0.495	0.714212	0		1
0.505	0.714212	0		1
0.5	0.705551	0		1
0.51	0.705551	0		1
0.505	0.696891	0		1
0.495	0.696891	0		1
0.5	0.688231	0		1
0.49	0.688231	0		1
0.495	0.679571	0		1
0.505	0.679571	0		1
0.5	0.67091	0		1
0.49	0.67091	0		1
0.495	0.66225	0		1
0.505	0.66225	0		1
0.5	0.65359	0		1
0.49	0.65359	0		1
0.495	0.64493	0		1
0.505	0.64493	0		1
0.5	0.636269	0		1
0.49	0.636269	0		1
0.495	0.627609	0		1
0.505	0.627609	0		1
0.5	0.618949	0		1
0.51	0.618949	0		1
0.505	0.610289	0		1
0.495	0.610289	0		1
0.5	0.601628	0		1
0.51	0.601628	0		1
0.505	0.592968	0		1
0.495	0.592968	0		1
0.5	0.584308	0		1
0.49	0.584308	0		1
0.495	0.575648	0		1
0.505	0.575648	0		1
0.5	0.566987	0		1
0.49	0.566987	0		1
0.495	0.558327	0		1
0.505	0.558327	0		1
0.5	0.549667	0		1
0.49	0.549667	0		1
0.495	0.541007	0		1
0.505	0.541007	0		1
0.5	0.532346	0		1
0.51	0.532346	0		1
0.49	0.532346	0		1
0.495	0.523686	0		1
0.485	0.523686	0		1
0.49	0.515026	0		1
0.48	0.515026	0		1
0.485	0.506366	0		1
0.475	0.506366	0		1
0.48	0.497705	0		1
0.47	0.497705	0		1
0.475	0.489045	0		1
0.465	0.489045	0		1
0.55	0.844115	0		1
0.47	0.480385	0		1
0.46	0.480385	0		1
0.465	0.471725	0		1
0.475	0.471725	0		1
0.455	0.471725	0		1
0.45	0.480385	0		1
0.445	0.471725	0		1
0.44	0.480385	0		1
0.435	0.471725	0		1
0.47	0.463064	0		1
0.48	0.463064	0		1
0.43	0.480385	0		1
0.475	0.454404	0		1
0.485	0.454404	0		1
0.425	0.471725	0		1
0.42	0.480385	0		1
0.48	0.445744	0		1
0.49	0.445744	0		1
0.415	0.471725	0		1
0.41	0.480385	0		1
0.485	0.437083	0		1
0.495	0.437083	0		1
0.405	0.471725	0		1
0.49	0.428423	0		1
0.5	0.428423	0		1
0.4	0.480385	0		1
0.395	0.471725	0		1
0.495	0.419763	0		1
0.505	0.419763	0		1
0.39	0.480385	0		1
0.385	0.471725	0		1
0.5	0.411103	0		1
0.51	0.411103	0		1
0.38	0.480385	0		1
0.505	0.402442	0		1
0.515	0.402442	0		1
0.375	0.471725	0		1
0.37	0.480385	0		1
0.51	0.393782	0		1
0.52	0.393782	0		1
0.365	0.471725	0		1
0.515	0.385122	0		1
0.525	0.385122	0		1
0.36	0.480385	0		1
0.355	0.471725	0		1
0.52	0.376462	0		1
0.53	0.376462	0		1
0.535	0.385122	0		1
0.54	0.376462	0		1
0.545	0.385122	0		1
0.55	0.376462	0		1
0.555	0.385122	0		1
0.56	0.376462	0		1
0.565	0.385122	0		1
0.57	0.376462	0		1
0.575	0.385122	0		1
0.58	0.376462	0		1
0.585	0.385122	0		1
0.59	0.376462	0		1
0.595	0.385122	0		1
0.6	0.376462	0		1
0.605	0.385122	0		1
0.61	0.376462	0		1
0.615	0.385122	0		1
0.62	0.376462	0		1
0.625	0.385122	0		1
0.63	0.376462	0		1
0.635	0.385122	0		1
0.64	0.376462	0		1
0.645	0.385122	0		1
0.35	0.480385	0		1
0.65	0.376462	0		1
0.655	0.385122	0		1
0.345	0.471725	0		1
0.35	0.463064	0		1
0.575	0.367801	0		1
0.645	0.367801	0		1
0.655	0.367801	0		1
0.34	0.463064	0		1
0.345	0.454404	0		1
0.34	0.480385	0		1
0.65	0.359141	0		1
0.66	0.359141	0		1
0.335	0.454404	0		1
0.34	0.445744	0		1
0.33	0.445744	0		1
0.335	0.437083	0		1
0.655	0.350481	0		1
0.665	0.350481	0		1
0.325	0.437083	0		1
0.33	0.428423	0		1
0.66	0.341821	0		1
0.67	0.341821	0		1
0.32	0.428423	0		1
0.325	0.419763	0		1
0.315	0.419763	0		1
0.32	0.411103	0		1
0.665	0.33316	0		1
0.675	0.33316	0		1
0.31	0.428423	0		1
0.31	0.411103	0		1
0.315	0.402442	0		1
0.305	0.402442	0		1
0.31	0.393782	0		1
0.67	0.3245	0		1
0.68	0.3245	0		1
0.685	0.33316	0		1
0.69	0.3245	0		1
0.695	0.33316	0		1
0.7	0.3245	0		1
0.3	0.393782	0		1
0.305	0.385122	0		1
0.685	0.31584	0		1
0.705	0.33316	0		1
0.295	0.385122	0		1
0.3	0.376462	0		1
0.71	0.3245	0		1
0.29	0.376462	0		1
0.295	0.367801	0		1
0.715	0.33316	0		1
0.285	0.367801	0		1
0.29	0.359141	0		1
0.72	0.3245	0		1
0.28	0.376462	0		1
0.28	0.359141	0		1
0.285	0.350481	0		1
0.525	0.367801	0		1
0.725	0.33316	0		1
0.275	0.350481	0		1
0.28	0.341821	0		1
0.29	0.341821	0		1
0.285	0.33316	0		1
0.295	0.33316	0		1
0.29	0.3245	0		1
0.3	0.3245	0		1
0.295	0.31584	0		1
0.305	0.31584	0		1
0.3	0.30718	0		1
0.31	0.30718	0		1
0.29	0.30718	0		1
0.295	0.298519	0		1
0.285	0.298519	0		1
0.345	0.489045	0		1
0.335	0.489045	0		1
0.34	0.497705	0		1
0.33	0.497705	0		1
0.335	0.506366	0		1
0.325	0.506366	0		1
0.33	0.515026	0		1
0.32	0.515026	0		1
0.325	0.523686	0		1
0.315	0.523686	0		1
0.32	0.532346	0		1
0.31	0.532346	0		1
0.315	0.541007	0		1
0.305	0.541007	0		1
0.31	0.549667	0		1
0.3	0.549667	0		1
0.305	0.558327	0		1
0.295	0.558327	0		1
0.3	0.566987	0		1
0.29	0.566987	0		1
0.295	0.575648	0		1
0.29	0.549667	0		1
0.285	0.575648	0		1
0.29	0.584308	0		1
0.28	0.584308	0		1
0.285	0.592968	0		1
0.275	0.592968	0		1
0.28	0.601628	0		1
0.29	0.289859	0		1
0.28	0.289859	0		1
0.73	0.3245	0		1
0.27	0.601628	0		1
0.275	0.610289	0		1
0.265	0.610289	0		1
0.27	0.618949	0		1
0.265	0.592968	0		1
0.735	0.33316	0		1
0.285	0.281199	0		1
0.275	0.281199	0		1
0.65	0.393782	0		1
0.26	0.618949	0		1
0.265	0.627609	0		1
0.74	0.3245	0		1
0.735	0.31584	0		1
0.745	0.31584	0		1
0.74	0.30718	0		1
0.28	0.272539	0		1
0.27	0.272539	0		1
0.255	0.627609	0		1
0.26	0.636269	0		1
0.745	0.33316	0		1
0.49	0.792154	0		1
0.75	0.30718	0		1
0.745	0.298519	0		1
0.25	0.636269	0		1
0.255	0.64493	0		1
0.275	0.263878	0		1
0.285	0.263878	0		1
0.265	0.263878	0		1
0.245	0.64493	0		1
0.25	0.65359	0		1
0.755	0.298519	0		1
0.75	0.289859	0		1
0.24	0.636269	0		1
0.76	0.289859	0		1
0.755	0.281199	0		1
0.24	0.65359	0		1
0.245	0.66225	0		1
0.255	0.66225	0		1
0.25	0.67091	0		1
0.24	0.67091	0		1
0.245	0.679571	0		1
0.255	0.679571	0		1
0.25	0.688231	0		1
0.24	0.688231	0		1
0.245	0.696891	0		1
0.255	0.696891	0		1
0.25	0.705551	0		1
0.24	0.705551	0		1
0.245	0.714212	0		1
0.255	0.714212	0		1
0.25	0.722872	0		1
0.24	0.722872	0		1
0.245	0.731532	0		1
0.255	0.731532	0		1
0.25	0.740192	0		1
0.24	0.740192	0		1
0.27	0.255218	0		1
0.26	0.255218	0		1
0.26	0.740192	0		1
0.245	0.748853	0		1
0.765	0.281199	0		1
0.76	0.272539	0		1
0.235	0.748853	0		1
0.265	0.246558	0		1
0.255	0.246558	0		1
0.25	0.255218	0		1
0.245	0.246558	0		1
0.24	0.255218	0		1
0.235	0.246558	0		1
0.77	0.272539	0		1
0.765	0.263878	0		1
0.77	0.289859	0		1
0.23	0.255218	0		1
0.24	0.757513	0		1
0.23	0.757513	0		1
0.225	0.246558	0		1
0.775	0.263878	0		1
0.77	0.255218	0		1
0.25	0.237898	0		1
0.22	0.255218	0		1
0.78	0.255218	0		1
0.775	0.246558	0		1
0.765	0.246558	0		1
0.77	0.237898	0		1
0.76	0.237898	0		1
0.78	0.237898	0		1
0.235	0.766173	0		1
0.225	0.766173	0		1
0.28	0.618949	0		1
0.765	0.229237	0		1
0.755	0.229237	0		1
0.215	0.246558	0		1
0.515	0.367801	0		1
0.52	0.359141	0		1
0.66	0.393782	0		1
0.655	0.402442	0		1
0.665	0.402442	0		1
0.66	0.411103	0		1
0.67	0.411103	0		1
0.665	0.419763	0		1
0.675	0.419763	0		1
0.67	0.428423	0		1
0.68	0.428423	0		1
0.675	0.437083	0		1
0.685	0.437083	0		1
0.68	0.445744	0		1
0.69	0.445744	0		1
0.685	0.454404	0		1
0.695	0.454404	0		1
0.69	0.463064	0		1
0.7	0.463064	0		1
0.695	0.471725	0		1
0.705	0.471725	0		1
0.7	0.480385	0		1
0.71	0.480385	0		1
0.705	0.489045	0		1
0.715	0.489045	0		1
0.71	0.497705	0		1
0.72	0.497705	0		1
0.715	0.506366	0		1
0.725	0.506366	0		1
0.72	0.515026	0		1
0.73	0.515026	0		1
0.725	0.523686	0		1
0.735	0.506366	0		1
0.735	0.523686	0		1
0.73	0.532346	0		1
0.74	0.532346	0		1
0.735	0.541007	0		1
0.745	0.541007	0		1
0.74	0.549667	0		1
0.75	0.549667	0		1
0.745	0.558327	0		1
0.755	0.558327	0		1
0.75	0.566987	0		1
0.76	0.566987	0		1
0.755	0.575648	0		1
0.745	0.575648	0		1
0.75	0.584308	0		1
0.74	0.584308	0		1
0.745	0.592968	0		1
0.755	0.592968	0		1
0.75	0.601628	0		1
0.74	0.601628	0		1
0.745	0.610289	0		1
0.755	0.610289	0		1
0.75	0.618949	0		1
0.74	0.618949	0		1
0.745	0.627609	0		1
0.755	0.627609	0		1
0.75	0.636269	0		1
0.76	0.549667	0		1
0.76	0.636269	0		1
0.755	0.64493	0		1
0.745	0.64493	0		1
0.75	0.65359	0		1
0.76	0.65359	0		1
0.755	0.66225	0		1
0.745	0.66225	0		1
0.75	0.67091	0		1
0.74	0.67091	0		1
0.745	0.679571	0		1
0.755	0.679571	0		1
0.75	0.688231	0		1
0.74	0.688231	0		1
0.745	0.696891	0		1
0.755	0.696891	0		1
0.75	0.705551	0		1
0.76	0.705551	0		1
0.755	0.714212	0		1
0.765	0.714212	0		1
0.76	0.722872	0		1
0.735	0.696891	0		1
0.77	0.722872	0		1
0.765	0.731532	0		1
0.775	0.731532	0		1
0.77	0.740192	0		1
0.76	0.740192	0		1
0.765	0.748853	0		1
0.775	0.748853	0		1
0.77	0.757513	0		1
0.76	0.757513	0		1
0.78	0.757513	0		1
0.775	0.766173	0		1
0.715	0.523686	0		1
0.785	0.766173	0		1
0.78	0.774833	0		1
0.23	0.774833	0		1
0.22	0.774833	0		1
0.215	0.766173	0		1
0.21	0.774833	0		1
0.79	0.774833	0		1
0.21	0.255218	0		1
0.51	0.359141	0		1
0.515	0.350481	0		1
0.76	0.220577	0		1
0.75	0.220577	0		1
0.205	0.246558	0		1
0.205	0.766173	0		1
0.505	0.350481	0		1
0.51	0.341821	0		1
0.785	0.783494	0		1
0.795	0.783494	0		1
0.215	0.783494	0		1
0.205	0.783494	0		1
0.505	0.922058	0		1
0.78	0.722872	0		1
0.2	0.255218	0		1
0.5	0.341821	0		1
0.505	0.33316	0		1
0.755	0.211917	0		1
0.745	0.211917	0		1
0.21	0.792154	0		1
0.2	0.792154	0		1
0.495	0.33316	0		1
0.5	0.3245	0		1
0.79	0.792154	0		1
0.8	0.792154	0		1
0.805	0.783494	0		1
0.195	0.246558	0		1
0.2	0.237898	0		1
0.305	0.575648	0		1
0.49	0.3245	0		1
0.495	0.31584	0		1
0.485	0.31584	0		1
0.49	0.30718	0		1
0.5	0.30718	0		1
0.495	0.298519	0		1
0.505	0.298519	0		1
0.5	0.289859	0		1
0.49	0.289859	0		1
0.495	0.281199	0		1
0.505	0.281199	0		1
0.5	0.272539	0		1
0.51	0.272539	0		1
0.505	0.263878	0		1
0.515	0.263878	0		1
0.51	0.255218	0		1
0.5	0.255218	0		1
0.52	0.255218	0		1
0.515	0.246558	0		1
0.525	0.246558	0		1
0.52	0.237898	0		1
0.53	0.237898	0		1
0.525	0.229237	0		1
0.535	0.229237	0		1
0.53	0.220577	0		1
0.54	0.220577	0		1
0.535	0.211917	0		1
0.525	0.211917	0		1
0.545	0.211917	0		1
0.53	0.203257	0		1
0.52	0.203257	0		1
0.75	0.203257	0		1
0.74	0.203257	0		1
0.19	0.255218	0		1
0.81	0.792154	0		1
0.19	0.237898	0		1
0.195	0.229237	0		1
0.69	0.480385	0		1
0.805	0.800814	0		1
0.205	0.800814	0		1
0.195	0.800814	0		1
0.185	0.229237	0		1
0.19	0.220577	0		1
0.815	0.800814	0		1
0.815	0.783494	0		1
0.525	0.194596	0		1
0.515	0.194596	0		1
0.745	0.194596	0		1
0.755	0.194596	0		1
0.735	0.194596	0		1
0.18	0.220577	0		1
0.185	0.211917	0		1
0.78	0.792154	0		1
0.32	0.393782	0		1
0.67	0.445744	0		1
0.715	0.471725	0		1
0.53	0.809474	0		1
0.24	0.774833	0		1
0.81	0.809474	0		1
0.82	0.809474	0		1
0.2	0.809474	0		1
0.19	0.809474	0		1
0.185	0.800814	0		1
0.18	0.809474	0		1
0.485	0.33316	0		1
0.175	0.800814	0		1
0.175	0.211917	0		1
0.18	0.203257	0		1
0.52	0.185936	0		1
0.51	0.185936	0		1
0.75	0.185936	0		1
0.76	0.185936	0		1
0.325	0.541007	0		1
0.185	0.818135	0		1
0.175	0.818135	0		1
0.815	0.818135	0		1
0.825	0.818135	0		1
0.17	0.220577	0		1
0.17	0.203257	0		1
0.175	0.194596	0		1
0.58	0.393782	0		1
0.41	0.463064	0		1
0.755	0.177276	0		1
0.765	0.177276	0		1
0.515	0.177276	0		1
0.505	0.177276	0		1
0.525	0.177276	0		1
0.165	0.194596	0		1
0.17	0.185936	0		1
0.18	0.185936	0		1
0.175	0.177276	0		1
0.185	0.177276	0		1
0.165	0.177276	0		1
0.18	0.826795	0		1
0.17	0.826795	0		1
0.82	0.826795	0		1
0.83	0.826795	0		1
0.835	0.818135	0		1
0.84	0.826795	0		1
0.55	0.220577	0		1
0.555	0.211917	0		1
0.76	0.168616	0		1
0.77	0.168616	0		1
0.17	0.168616	0		1
0.16	0.168616	0		1
0.51	0.168616	0		1
0.5	0.168616	0		1
0.405	0.489045	0		1
0.51	0.826795	0		1
0.825	0.835455	0		1
0.815	0.835455	0		1
0.175	0.835455	0		1
0.165	0.835455	0		1
0.845	0.818135	0		1
0.66	0.3245	0		1
0.195	0.263878	0		1
0.185	0.263878	0		1
0.19	0.272539	0		1
0.18	0.272539	0		1
0.185	0.281199	0		1
0.175	0.281199	0		1
0.18	0.289859	0		1
0.17	0.289859	0		1
0.175	0.298519	0		1
0.165	0.298519	0		1
0.17	0.30718	0		1
0.16	0.30718	0		1
0.165	0.31584	0		1
0.155	0.31584	0		1
0.16	0.3245	0		1
0.155	0.298519	0		1
0.165	0.159955	0		1
0.155	0.159955	0		1
0.765	0.159955	0		1
0.775	0.159955	0		1
0.755	0.159955	0		1
0.505	0.159955	0		1
0.495	0.159955	0		1
0.49	0.168616	0		1
0.485	0.159955	0		1
0.48	0.168616	0		1
0.475	0.159955	0		1
0.47	0.168616	0		1
0.465	0.159955	0		1
0.46	0.168616	0		1
0.455	0.159955	0		1
0.45	0.168616	0		1
0.445	0.159955	0		1
0.44	0.168616	0		1
0.435	0.159955	0		1
0.43	0.168616	0		1
0.425	0.159955	0		1
0.42	0.168616	0		1
0.415	0.159955	0		1
0.41	0.168616	0		1
0.405	0.159955	0		1
0.415	0.177276	0		1
0.31	0.515026	0		1
0.505	0.437083	0		1
0.485	0.419763	0		1
0.4	0.168616	0		1
0.395	0.159955	0		1
0.85	0.826795	0		1
0.15	0.3245	0		1
0.155	0.33316	0		1
0.56	0.220577	0		1
0.565	0.211917	0		1
0.73	0.203257	0		1
0.725	0.194596	0		1
0.72	0.203257	0		1
0.715	0.194596	0		1
0.71	0.203257	0		1
0.705	0.194596	0		1
0.7	0.203257	0		1
0.695	0.194596	0		1
0.56	0.878756	0		1
0.82	0.844115	0		1
0.81	0.844115	0		1
0.17	0.844115	0		1
0.18	0.844115	0		1
0.16	0.844115	0		1
0.155	0.835455	0		1
0.15	0.844115	0		1
0.855	0.818135	0		1
0.145	0.835455	0		1
0.145	0.33316	0		1
0.15	0.341821	0		1
0.39	0.168616	0		1
0.385	0.159955	0		1
0.57	0.220577	0		1
0.47	0.151295	0		1
0.76	0.151295	0		1
0.75	0.151295	0		1
0.42	0.151295	0		1
0.16	0.151295	0		1
0.15	0.151295	0		1
0.145	0.159955	0		1
0.14	0.341821	0		1
0.145	0.350481	0		1
0.14	0.151295	0		1
0.86	0.826795	0		1
0.14	0.844115	0		1
0.175	0.852776	0		1
0.185	0.852776	0		1
0.38	0.168616	0		1
0.375	0.159955	0		1
0.38	0.151295	0		1
0.37	0.151295	0		1
0.815	0.852776	0		1
0.805	0.852776	0		1
0.695	0.437083	0		1
0.525	0.263878	0		1
0.865	0.818135	0		1
0.135	0.835455	0		1
0.135	0.159955	0		1
0.135	0.33316	0		1
0.135	0.350481	0		1
0.14	0.359141	0		1
0.15	0.359141	0		1
0.145	0.367801	0		1
0.155	0.367801	0		1
0.15	0.376462	0		1
0.14	0.376462	0		1
0.145	0.385122	0		1
0.155	0.385122	0		1
0.15	0.393782	0		1
0.16	0.393782	0		1
0.155	0.402442	0		1
0.165	0.402442	0		1
0.16	0.411103	0		1
0.17	0.411103	0		1
0.165	0.419763	0		1
0.155	0.419763	0		1
0.16	0.428423	0		1
0.17	0.428423	0		1
0.165	0.437083	0		1
0.155	0.437083	0		1
0.16	0.445744	0		1
0.17	0.445744	0		1
0.165	0.454404	0		1
0.155	0.454404	0		1
0.16	0.463064	0		1
0.15	0.463064	0		1
0.155	0.471725	0		1
0.175	0.454404	0		1
0.145	0.471725	0		1
0.15	0.480385	0		1
0.14	0.480385	0		1
0.145	0.489045	0		1
0.155	0.489045	0		1
0.15	0.497705	0		1
0.14	0.497705	0		1
0.145	0.506366	0		1
0.16	0.497705	0		1
0.135	0.385122	0		1
0.135	0.506366	0		1
0.14	0.515026	0		1
0.135	0.471725	0		1
0.755	0.142635	0		1
0.745	0.142635	0		1
0.145	0.142635	0		1
0.135	0.142635	0		1
0.365	0.159955	0		1
0.36	0.151295	0		1
0.365	0.142635	0		1
0.355	0.142635	0		1
0.35	0.151295	0		1
0.345	0.142635	0		1
0.18	0.861436	0		1
0.19	0.861436	0		1
0.81	0.861436	0		1
0.8	0.861436	0		1
0.87	0.826795	0		1
0.13	0.844115	0		1
0.13	0.515026	0		1
0.135	0.523686	0		1
0.575	0.211917	0		1
0.58	0.220577	0		1
0.34	0.151295	0		1
0.335	0.142635	0		1
0.14	0.133975	0		1
0.13	0.133975	0		1
0.875	0.818135	0		1
0.36	0.133975	0		1
0.75	0.133975	0		1
0.74	0.133975	0		1
0.125	0.835455	0		1
0.125	0.523686	0		1
0.13	0.532346	0		1
0.14	0.532346	0		1
0.135	0.541007	0		1
0.145	0.541007	0		1
0.14	0.549667	0		1
0.13	0.549667	0		1
0.135	0.558327	0		1
0.15	0.549667	0		1
0.315	0.31584	0		1
0.32	0.30718	0		1
0.325	0.31584	0		1
0.33	0.30718	0		1
0.335	0.31584	0		1
0.34	0.30718	0		1
0.345	0.31584	0		1
0.35	0.30718	0		1
0.355	0.31584	0		1
0.36	0.30718	0		1
0.355	0.298519	0		1
0.365	0.298519	0		1
0.365	0.31584	0		1
0.34	0.428423	0		1
0.135	0.852776	0		1
0.125	0.852776	0		1
0.13	0.861436	0		1
0.21	0.809474	0		1
0.36	0.289859	0		1
0.37	0.289859	0		1
0.125	0.558327	0		1
0.13	0.566987	0		1
0.33	0.151295	0		1
0.325	0.142635	0		1
0.805	0.870096	0		1
0.795	0.870096	0		1
0.815	0.870096	0		1
0.185	0.870096	0		1
0.195	0.870096	0		1
0.12	0.566987	0		1
0.125	0.575648	0		1
0.12	0.515026	0		1
0.12	0.861436	0		1
0.125	0.870096	0		1
0.88	0.826795	0		1
0.32	0.151295	0		1
0.315	0.142635	0		1
0.32	0.133975	0		1
0.31	0.133975	0		1
0.305	0.142635	0		1
0.3	0.133975	0		1
0.325	0.159955	0		1
0.585	0.211917	0		1
0.59	0.220577	0		1
0.295	0.142635	0		1
0.29	0.133975	0		1
0.315	0.125314	0		1
0.135	0.125314	0		1
0.125	0.125314	0		1
0.875	0.835455	0		1
0.78	0.168616	0		1
0.785	0.159955	0		1
0.79	0.168616	0		1
0.795	0.159955	0		1
0.8	0.168616	0		1
0.805	0.159955	0		1
0.81	0.168616	0		1
0.815	0.159955	0		1
0.82	0.168616	0		1
0.825	0.159955	0		1
0.83	0.168616	0		1
0.835	0.159955	0		1
0.84	0.168616	0		1
0.845	0.159955	0		1
0.85	0.168616	0		1
0.855	0.159955	0		1
0.82	0.151295	0		1
0.86	0.168616	0		1
0.855	0.177276	0		1
0.865	0.177276	0		1
0.86	0.185936	0		1
0.865	0.159955	0		1
0.86	0.151295	0		1
0.87	0.185936	0		1
0.865	0.194596	0		1
0.87	0.151295	0		1
0.865	0.142635	0		1
0.875	0.194596	0		1
0.87	0.203257	0		1
0.875	0.142635	0		1
0.87	0.133975	0		1
0.88	0.203257	0		1
0.875	0.211917	0		1
0.88	0.133975	0		1
0.585	0.229237	0		1
0.595	0.229237	0		1
0.59	0.237898	0		1
0.875	0.125314	0		1
0.745	0.125314	0		1
0.735	0.125314	0		1
0.885	0.818135	0		1
0.88	0.809474	0		1
0.74	0.341821	0		1
0.75	0.341821	0		1
0.6	0.237898	0		1
0.595	0.246558	0		1
0.365	0.281199	0		1
0.375	0.281199	0		1
0.885	0.835455	0		1
0.88	0.844115	0		1
0.885	0.125314	0		1
0.115	0.575648	0		1
0.12	0.584308	0		1
0.13	0.584308	0		1
0.125	0.592968	0		1
0.135	0.592968	0		1
0.13	0.601628	0		1
0.12	0.601628	0		1
0.125	0.610289	0		1
0.115	0.610289	0		1
0.12	0.618949	0		1
0.13	0.618949	0		1
0.125	0.627609	0		1
0.115	0.627609	0		1
0.12	0.636269	0		1
0.13	0.636269	0		1
0.125	0.64493	0		1
0.115	0.64493	0		1
0.12	0.65359	0		1
0.13	0.65359	0		1
0.125	0.66225	0		1
0.115	0.66225	0		1
0.12	0.67091	0		1
0.13	0.67091	0		1
0.125	0.679571	0		1
0.115	0.679571	0		1
0.12	0.688231	0		1
0.885	0.211917	0		1
0.88	0.220577	0		1
0.115	0.870096	0		1
0.885	0.142635	0		1
0.745	0.350481	0		1
0.755	0.350481	0		1
0.75	0.359141	0		1
0.76	0.359141	0		1
0.755	0.367801	0		1
0.765	0.367801	0		1
0.77	0.359141	0		1
0.775	0.367801	0		1
0.78	0.359141	0		1
0.785	0.367801	0		1
0.79	0.359141	0		1
0.795	0.367801	0		1
0.8	0.359141	0		1
0.805	0.367801	0		1
0.81	0.359141	0		1
0.815	0.367801	0		1
0.82	0.359141	0		1
0.825	0.367801	0		1
0.82	0.376462	0		1
0.83	0.359141	0		1
0.83	0.376462	0		1
0.825	0.385122	0		1
0.835	0.385122	0		1
0.83	0.393782	0		1
0.84	0.393782	0		1
0.835	0.402442	0		1
0.845	0.402442	0		1
0.84	0.411103	0		1
0.85	0.411103	0		1
0.845	0.419763	0		1
0.85	0.393782	0		1
0.855	0.419763	0		1
0.85	0.428423	0		1
0.86	0.428423	0		1
0.855	0.437083	0		1
0.865	0.437083	0		1
0.86	0.445744	0		1
0.835	0.419763	0		1
0.87	0.445744	0		1
0.865	0.454404	0		1
0.855	0.454404	0		1
0.86	0.463064	0		1
0.87	0.463064	0		1
0.865	0.471725	0		1
0.87	0.428423	0		1
0.77	0.376462	0		1
0.85	0.463064	0		1
0.875	0.471725	0		1
0.87	0.480385	0		1
0.88	0.480385	0		1
0.875	0.489045	0		1
0.885	0.489045	0		1
0.88	0.497705	0		1
0.87	0.497705	0		1
0.875	0.506366	0		1
0.865	0.506366	0		1
0.87	0.515026	0		1
0.88	0.515026	0		1
0.875	0.523686	0		1
0.885	0.523686	0		1
0.88	0.532346	0		1
0.87	0.532346	0		1
0.875	0.541007	0		1
0.885	0.541007	0		1
0.88	0.549667	0		1
0.87	0.549667	0		1
0.875	0.558327	0		1
0.865	0.558327	0		1
0.87	0.566987	0		1
0.88	0.566987	0		1
0.875	0.575648	0		1
0.865	0.575648	0		1
0.87	0.584308	0		1
0.88	0.584308	0		1
0.875	0.592968	0		1
0.865	0.592968	0		1
0.87	0.601628	0		1
0.88	0.601628	0		1
0.875	0.610289	0		1
0.885	0.610289	0		1
0.88	0.618949	0		1
0.87	0.618949	0		1
0.875	0.627609	0		1
0.885	0.627609	0		1
0.88	0.636269	0		1
0.87	0.636269	0		1
0.875	0.64493	0		1
0.865	0.64493	0		1
0.87	0.65359	0		1
0.88	0.65359	0		1
0.875	0.66225	0		1
0.885	0.66225	0		1
0.88	0.67091	0		1
0.58	0.203257	0		1
0.59	0.203257	0		1
0.585	0.194596	0		1
0.595	0.194596	0		1
0.59	0.185936	0		1
0.8	0.878756	0		1
0.79	0.878756	0		1
0.785	0.870096	0		1
0.78	0.878756	0		1
0.775	0.870096	0		1
0.77	0.878756	0		1
0.765	0.870096	0		1
0.76	0.878756	0		1
0.755	0.870096	0		1
0.75	0.878756	0		1
0.745	0.870096	0		1
0.74	0.878756	0		1
0.735	0.870096	0		1
0.73	0.878756	0		1
0.725	0.870096	0		1
0.72	0.878756	0		1
0.715	0.870096	0		1
0.71	0.878756	0		1
0.705	0.870096	0		1
0.7	0.878756	0		1
0.695	0.870096	0		1
0.69	0.878756	0		1
0.685	0.870096	0		1
0.69	0.861436	0		1
0.68	0.861436	0		1
0.685	0.852776	0		1
0.675	0.852776	0		1
0.68	0.844115	0		1
0.68	0.878756	0		1
0.67	0.844115	0		1
0.675	0.835455	0		1
0.665	0.835455	0		1
0.67	0.826795	0		1
0.66	0.826795	0		1
0.665	0.818135	0		1
0.655	0.818135	0		1
0.66	0.809474	0		1
0.65	0.809474	0		1
0.655	0.800814	0		1
0.645	0.800814	0		1
0.65	0.792154	0		1
0.64	0.792154	0		1
0.645	0.783494	0		1
0.635	0.783494	0		1
0.64	0.774833	0		1
0.63	0.774833	0		1
0.635	0.766173	0		1
0.625	0.766173	0		1
0.63	0.757513	0		1
0.62	0.757513	0		1
0.625	0.748853	0		1
0.65	0.774833	0		1
0.615	0.748853	0		1
0.62	0.740192	0		1
0.63	0.740192	0		1
0.625	0.731532	0		1
0.6	0.185936	0		1
0.595	0.177276	0		1
0.605	0.177276	0		1
0.6	0.168616	0		1
0.61	0.168616	0		1
0.605	0.159955	0		1
0.615	0.159955	0		1
0.61	0.151295	0		1
0.62	0.151295	0		1
0.615	0.142635	0		1
0.605	0.142635	0		1
0.61	0.133975	0		1
0.6	0.133975	0		1
0.62	0.133975	0		1
0.605	0.125314	0		1
0.595	0.125314	0		1
0.12	0.878756	0		1
0.19	0.878756	0		1
0.2	0.878756	0		1
0.135	0.679571	0		1
0.615	0.731532	0		1
0.62	0.722872	0		1
0.175	0.402442	0		1
0.17	0.3245	0		1
0.63	0.722872	0		1
0.625	0.714212	0		1
0.615	0.714212	0		1
0.62	0.705551	0		1
0.63	0.705551	0		1
0.625	0.696891	0		1
0.615	0.696891	0		1
0.62	0.688231	0		1
0.63	0.688231	0		1
0.625	0.679571	0		1
0.615	0.679571	0		1
0.62	0.67091	0		1
0.63	0.67091	0		1
0.625	0.66225	0		1
0.615	0.66225	0		1
0.62	0.65359	0		1
0.63	0.65359	0		1
0.625	0.64493	0		1
0.615	0.64493	0		1
0.62	0.636269	0		1
0.63	0.636269	0		1
0.625	0.627609	0		1
0.615	0.627609	0		1
0.62	0.618949	0		1
0.63	0.618949	0		1
0.625	0.610289	0		1
0.615	0.610289	0		1
0.62	0.601628	0		1
0.63	0.601628	0		1
0.625	0.592968	0		1
0.615	0.592968	0		1
0.62	0.584308	0		1
0.61	0.584308	0		1
0.615	0.575648	0		1
0.89	0.220577	0		1
0.885	0.229237	0		1
0.89	0.809474	0		1
0.885	0.800814	0		1
0.11	0.878756	0		1
0.89	0.203257	0		1
0.89	0.844115	0		1
0.885	0.852776	0		1
0.6	0.116654	0		1
0.59	0.116654	0		1
0.88	0.116654	0		1
0.87	0.116654	0		1
0.89	0.116654	0		1
0.13	0.116654	0		1
0.14	0.116654	0		1
0.12	0.116654	0		1
0.115	0.125314	0		1
0.11	0.116654	0		1
0.74	0.116654	0		1
0.73	0.116654	0		1
0.75	0.116654	0		1
0.11	0.566987	0		1
0.11	0.688231	0		1
0.115	0.696891	0		1
0.89	0.67091	0		1
0.885	0.679571	0		1
0.89	0.480385	0		1
0.66	0.844115	0		1
0.635	0.592968	0		1
0.285	0.142635	0		1
0.28	0.133975	0		1
0.68	0.826795	0		1
0.86	0.65359	0		1
0.605	0.575648	0		1
0.61	0.566987	0		1
0.37	0.272539	0		1
0.38	0.272539	0		1
0.385	0.281199	0		1
0.39	0.272539	0		1
0.745	0.887417	0		1
0.685	0.887417	0		1
0.675	0.887417	0		1
0.785	0.887417	0		1
0.115	0.887417	0		1
0.825	0.350481	0		1
0.835	0.350481	0		1
0.83	0.341821	0		1
0.84	0.341821	0		1
0.835	0.33316	0		1
0.845	0.33316	0		1
0.84	0.3245	0		1
0.85	0.3245	0		1
0.855	0.33316	0		1
0.86	0.3245	0		1
0.865	0.33316	0		1
0.87	0.3245	0		1
0.875	0.33316	0		1
0.88	0.3245	0		1
0.885	0.33316	0		1
0.89	0.3245	0		1
0.895	0.229237	0		1
0.27	0.341821	0		1
0.195	0.887417	0		1
0.205	0.887417	0		1
0.21	0.878756	0		1
0.215	0.887417	0		1
0.22	0.878756	0		1
0.225	0.887417	0		1
0.23	0.878756	0		1
0.235	0.887417	0		1
0.24	0.878756	0		1
0.245	0.887417	0		1
0.25	0.878756	0		1
0.255	0.887417	0		1
0.26	0.878756	0		1
0.265	0.887417	0		1
0.27	0.878756	0		1
0.275	0.887417	0		1
0.28	0.878756	0		1
0.285	0.887417	0		1
0.29	0.878756	0		1
0.295	0.887417	0		1
0.3	0.878756	0		1
0.305	0.887417	0		1
0.31	0.878756	0		1
0.305	0.870096	0		1
0.315	0.870096	0		1
0.32	0.878756	0		1
0.325	0.870096	0		1
0.32	0.861436	0		1
0.33	0.861436	0		1
0.335	0.870096	0		1
0.34	0.861436	0		1
0.335	0.852776	0		1
0.345	0.870096	0		1
0.345	0.852776	0		1
0.34	0.844115	0		1
0.35	0.844115	0		1
0.345	0.835455	0		1
0.355	0.835455	0		1
0.35	0.826795	0		1
0.36	0.826795	0		1
0.355	0.818135	0		1
0.365	0.835455	0		1
0.365	0.818135	0		1
0.36	0.809474	0		1
0.37	0.809474	0		1
0.365	0.800814	0		1
0.375	0.800814	0		1
0.37	0.792154	0		1
0.38	0.792154	0		1
0.375	0.783494	0		1
0.385	0.800814	0		1
0.365	0.783494	0		1
0.37	0.774833	0		1
0.38	0.774833	0		1
0.375	0.766173	0		1
0.345	0.818135	0		1
0.365	0.766173	0		1
0.37	0.757513	0		1
0.38	0.757513	0		1
0.375	0.748853	0		1
0.365	0.748853	0		1
0.37	0.740192	0		1
0.38	0.740192	0		1
0.375	0.731532	0		1
0.365	0.731532	0		1
0.37	0.722872	0		1
0.38	0.722872	0		1
0.375	0.714212	0		1
0.365	0.714212	0		1
0.37	0.705551	0		1
0.38	0.705551	0		1
0.375	0.696891	0		1
0.365	0.696891	0		1
0.37	0.688231	0		1
0.38	0.688231	0		1
0.375	0.679571	0		1
0.385	0.679571	0		1
0.38	0.67091	0		1
0.36	0.688231	0		1
0.39	0.67091	0		1
0.385	0.66225	0		1
0.845	0.31584	0		1
0.605	0.246558	0		1
0.6	0.255218	0		1
0.895	0.679571	0		1
0.89	0.688231	0		1
0.88	0.688231	0		1
0.885	0.696891	0		1
0.105	0.696891	0		1
0.11	0.705551	0		1
0.895	0.696891	0		1
0.105	0.887417	0		1
0.105	0.125314	0		1
0.895	0.800814	0		1
0.105	0.870096	0		1
0.895	0.33316	0		1
0.895	0.852776	0		1
0.89	0.861436	0		1
0.875	0.229237	0		1
0.645	0.818135	0		1
0.17	0.151295	0		1
0.705	0.211917	0		1
0.275	0.870096	0		1
0.47	0.515026	0		1
0.715	0.887417	0		1
0.455	0.177276	0		1
0.34	0.515026	0		1
0.61	0.393782	0		1
0.12	0.705551	0		1
0.115	0.714212	0		1
0.105	0.714212	0		1
0.11	0.722872	0		1
0.395	0.679571	0		1
0.495	0.506366	0		1
0.485	0.281199	0		1
0.605	0.367801	0		1
0.855	0.64493	0		1
0.52	0.896077	0		1
0.5	0.151295	0		1
0.545	0.904737	0		1
0.285	0.125314	0		1
0.275	0.125314	0		1
0.28	0.116654	0		1
0.27	0.116654	0		1
0.62	0.566987	0		1
0.615	0.558327	0		1
0.605	0.558327	0		1
0.61	0.549667	0		1
0.295	0.402442	0		1
0.375	0.66225	0		1
0.38	0.65359	0		1
0.39	0.65359	0		1
0.385	0.64493	0		1
0.395	0.64493	0		1
0.39	0.636269	0		1
0.375	0.64493	0		1
0.265	0.350481	0		1
0.665	0.800814	0		1
0.875	0.696891	0		1
0.85	0.65359	0		1
0.62	0.549667	0		1
0.615	0.541007	0		1
0.605	0.541007	0		1
0.61	0.532346	0		1
0.6	0.532346	0		1
0.605	0.523686	0		1
0.595	0.523686	0		1
0.6	0.515026	0		1
0.59	0.515026	0		1
0.595	0.506366	0		1
0.585	0.506366	0		1
0.59	0.497705	0		1
0.4	0.636269	0		1
0.395	0.627609	0		1
0.135	0.107994	0		1
0.145	0.107994	0		1
0.275	0.107994	0		1
0.265	0.107994	0		1
0.885	0.107994	0		1
0.895	0.107994	0		1
0.735	0.107994	0		1
0.725	0.107994	0		1
0.72	0.116654	0		1
0.715	0.107994	0		1
0.595	0.107994	0		1
0.585	0.107994	0		1
0.605	0.107994	0		1
0.9	0.116654	0		1
0.1	0.722872	0		1
0.105	0.731532	0		1
0.1	0.116654	0		1
0.105	0.107994	0		1
0.9	0.861436	0		1
0.895	0.870096	0		1
0.9	0.67091	0		1
0.58	0.497705	0		1
0.62	0.774833	0		1
0.275	0.142635	0		1
0.395	0.281199	0		1
0.4	0.272539	0		1
0.26	0.116654	0		1
0.255	0.107994	0		1
0.695	0.211917	0		1
0.7	0.220577	0		1
0.68	0.896077	0		1
0.67	0.896077	0		1
0.27	0.896077	0		1
0.24	0.896077	0		1
0.21	0.896077	0		1
0.9	0.3245	0		1
0.1	0.688231	0		1
0.6	0.584308	0		1
0.115	0.731532	0		1
0.11	0.740192	0		1
0.1	0.740192	0		1
0.28	0.151295	0		1
0.71	0.116654	0		1
0.705	0.107994	0		1
0.585	0.489045	0		1
0.565	0.870096	0		1
0.57	0.878756	0		1
0.26	0.341821	0		1
0.255	0.350481	0		1
0.385	0.177276	0		1
0.405	0.627609	0		1
0.4	0.618949	0		1
0.39	0.618949	0		1
0.395	0.610289	0		1
0.88	0.705551	0		1
0.87	0.705551	0		1
0.11	0.896077	0		1
0.1	0.896077	0		1
0.3	0.896077	0		1
0.73	0.0993336	0		1
0.14	0.0993336	0		1
0.15	0.0993336	0		1
0.905	0.870096	0		1
0.9	0.878756	0		1
0.52	0.341821	0		1
0.73	0.861436	0		1
0.61	0.255218	0		1
0.605	0.263878	0		1
0.845	0.64493	0		1
0.905	0.852776	0		1
0.095	0.107994	0		1
0.905	0.107994	0		1
0.905	0.33316	0		1
0.9	0.341821	0		1
0.095	0.125314	0		1
0.27	0.0993336	0		1
0.6	0.0993336	0		1
0.61	0.0993336	0		1
0.9	0.0993336	0		1
0.1	0.0993336	0		1
0.105	0.748853	0		1
0.095	0.748853	0		1
0.625	0.541007	0		1
0.27	0.151295	0		1
0.61	0.237898	0		1
0.405	0.610289	0		1
0.4	0.601628	0		1
0.39	0.601628	0		1
0.395	0.592968	0		1
0.605	0.506366	0		1
0.405	0.592968	0		1
0.4	0.584308	0		1
0.59	0.532346	0		1
0.89	0.878756	0		1
0.895	0.887417	0		1
0.885	0.887417	0		1
0.89	0.896077	0		1
0.88	0.896077	0		1
0.9	0.896077	0		1
0.36	0.3245	0		1
0.37	0.3245	0		1
0.365	0.33316	0		1
0.375	0.33316	0		1
0.37	0.341821	0		1
0.38	0.341821	0		1
0.375	0.350481	0		1
0.385	0.350481	0		1
0.39	0.341821	0		1
0.395	0.350481	0		1
0.39	0.359141	0		1
0.4	0.359141	0		1
0.395	0.367801	0		1
0.405	0.367801	0		1
0.4	0.341821	0		1
0.74	0.289859	0		1
0.84	0.65359	0		1
0.12	0.896077	0		1
0.91	0.116654	0		1
0.575	0.489045	0		1
0.86	0.203257	0		1
0.4	0.376462	0		1
0.575	0.870096	0		1
0.58	0.878756	0		1
0.405	0.281199	0		1
0.41	0.272539	0		1
0.25	0.116654	0		1
0.245	0.107994	0		1
0.19	0.289859	0		1
0.395	0.263878	0		1
0.675	0.904737	0		1
0.665	0.904737	0		1
0.875	0.714212	0		1
0.865	0.714212	0		1
0.115	0.904737	0		1
0.125	0.904737	0		1
0.885	0.904737	0		1
0.875	0.904737	0		1
0.91	0.341821	0		1
0.905	0.350481	0		1
0.09	0.0993336	0		1
0.91	0.0993336	0		1
0.58	0.480385	0		1
0.59	0.480385	0		1
0.895	0.31584	0		1
0.905	0.31584	0		1
0.68	0.411103	0		1
0.51	0.151295	0		1
0.505	0.142635	0		1
0.41	0.376462	0		1
0.1	0.757513	0		1
0.09	0.757513	0		1
0.12	0.740192	0		1
0.275	0.159955	0		1
0.265	0.159955	0		1
0.69	0.220577	0		1
0.695	0.229237	0		1
0.41	0.584308	0		1
0.405	0.575648	0		1
0.41	0.636269	0		1
0.615	0.177276	0		1
0.7	0.116654	0		1
0.695	0.107994	0		1
0.7	0.0993336	0		1
0.69	0.0993336	0		1
0.655	0.419763	0		1
0.66	0.896077	0		1
0.655	0.904737	0		1
0.17	0.272539	0		1
0.905	0.0906733	0		1
0.605	0.0906733	0		1
0.615	0.0906733	0		1
0.145	0.0906733	0		1
0.155	0.0906733	0		1
0.095	0.0906733	0		1
0.695	0.0906733	0		1
0.085	0.0906733	0		1
0.915	0.0906733	0		1
0.915	0.350481	0		1
0.91	0.359141	0		1
0.085	0.748853	0		1
0.095	0.766173	0		1
0.085	0.766173	0		1
0.36	0.272539	0		1
0.365	0.263878	0		1
0.615	0.263878	0		1
0.61	0.272539	0		1
0.6	0.272539	0		1
0.605	0.281199	0		1
0.595	0.281199	0		1
0.835	0.64493	0		1
0.385	0.592968	0		1
0.88	0.237898	0		1
0.87	0.237898	0		1
0.785	0.263878	0		1
0.585	0.870096	0		1
0.585	0.125314	0		1
0.25	0.341821	0		1
0.245	0.350481	0		1
0.415	0.575648	0		1
0.87	0.722872	0		1
0.88	0.722872	0		1
0.86	0.722872	0		1
0.855	0.714212	0		1
0.57	0.480385	0		1
0.585	0.471725	0		1
0.595	0.471725	0		1
0.09	0.774833	0		1
0.105	0.766173	0		1
0.405	0.385122	0		1
0.815	0.177276	0		1
0.195	0.211917	0		1
0.745	0.367801	0		1
0.28	0.0993336	0		1
0.275	0.0906733	0		1
0.285	0.0906733	0		1
0.895	0.489045	0		1
0.9	0.480385	0		1
0.905	0.489045	0		1
0.91	0.480385	0		1
0.915	0.489045	0		1
0.245	0.870096	0		1
0.73	0.549667	0		1
0.41	0.566987	0		1
0.4	0.566987	0		1
0.55	0.393782	0		1
0.325	0.454404	0		1
0.355	0.263878	0		1
0.36	0.255218	0		1
0.105	0.575648	0		1
0.1	0.566987	0		1
0.095	0.575648	0		1
0.09	0.566987	0		1
0.085	0.575648	0		1
0.47	0.445744	0		1
0.5	0.359141	0		1
0.35	0.255218	0		1
0.355	0.246558	0		1
0.345	0.246558	0		1
0.235	0.263878	0		1
0.415	0.385122	0		1
0.495	0.956699	0		1
0.6	0.289859	0		1
0.59	0.289859	0		1
0.24	0.116654	0		1
0.235	0.107994	0		1
0.24	0.0993336	0		1
0.23	0.0993336	0		1
0.235	0.0906733	0		1
0.225	0.0906733	0		1
0.83	0.65359	0		1
0.415	0.367801	0		1
0.685	0.229237	0		1
0.69	0.237898	0		1
0.415	0.281199	0		1
0.42	0.272539	0		1
0.35	0.237898	0		1
0.34	0.237898	0		1
0.36	0.237898	0		1
0.79	0.757513	0		1
0.68	0.220577	0		1
0.67	0.913397	0		1
0.68	0.913397	0		1
0.42	0.584308	0		1
0.685	0.0906733	0		1
0.88	0.913397	0		1
0.87	0.913397	0		1
0.12	0.913397	0		1
0.13	0.913397	0		1
0.92	0.341821	0		1
0.08	0.0993336	0		1
0.92	0.480385	0		1
0.915	0.471725	0		1
0.08	0.566987	0		1
0.08	0.774833	0		1
0.085	0.783494	0		1
0.92	0.359141	0		1
0.915	0.367801	0		1
0.76	0.861436	0		1
0.39	0.376462	0		1
0.9	0.30718	0		1
0.91	0.30718	0		1
0.7	0.341821	0		1
0.515	0.142635	0		1
0.51	0.133975	0		1
0.24	0.341821	0		1
0.235	0.350481	0		1
0.24	0.359141	0		1
0.345	0.229237	0		1
0.335	0.229237	0		1
0.27	0.168616	0		1
0.26	0.168616	0		1
0.42	0.566987	0		1
0.22	0.0993336	0		1
0.865	0.731532	0		1
0.69	0.116654	0		1
0.28	0.0820131	0		1
0.29	0.0820131	0		1
0.23	0.0820131	0		1
0.22	0.0820131	0		1
0.09	0.0820131	0		1
0.08	0.0820131	0		1
0.91	0.0820131	0		1
0.9	0.0820131	0		1
0.92	0.0820131	0		1
0.61	0.0820131	0		1
0.6	0.0820131	0		1
0.62	0.0820131	0		1
0.69	0.0820131	0		1
0.15	0.0820131	0		1
0.925	0.367801	0		1
0.92	0.376462	0		1
0.51	0.203257	0		1
0.82	0.393782	0		1
0.79	0.151295	0		1
0.38	0.463064	0		1
0.075	0.575648	0		1
0.075	0.783494	0		1
0.08	0.792154	0		1
0.65	0.896077	0		1
0.645	0.904737	0		1
0.59	0.463064	0		1
0.575	0.506366	0		1
0.23	0.359141	0		1
0.235	0.367801	0		1
0.415	0.558327	0		1
0.825	0.33316	0		1
0.6	0.463064	0		1
0.595	0.298519	0		1
0.585	0.298519	0		1
0.675	0.922058	0		1
0.685	0.922058	0		1
0.68	0.237898	0		1
0.925	0.471725	0		1
0.92	0.463064	0		1
0.925	0.0906733	0		1
0.925	0.489045	0		1
0.13	0.826795	0		1
0.905	0.298519	0		1
0.915	0.298519	0		1
0.895	0.298519	0		1
0.52	0.133975	0		1
0.515	0.125314	0		1
0.505	0.125314	0		1
0.51	0.116654	0		1
0.5	0.116654	0		1
0.505	0.107994	0		1
0.495	0.107994	0		1
0.5	0.0993336	0		1
0.49	0.0993336	0		1
0.51	0.0993336	0		1
0.495	0.0906733	0		1
0.485	0.0906733	0		1
0.49	0.0820131	0		1
0.48	0.0820131	0		1
0.475	0.0906733	0		1
0.47	0.0820131	0		1
0.465	0.0906733	0		1
0.46	0.0820131	0		1
0.455	0.0906733	0		1
0.45	0.0820131	0		1
0.445	0.0906733	0		1
0.44	0.0820131	0		1
0.435	0.0906733	0		1
0.43	0.0820131	0		1
0.425	0.0906733	0		1
0.42	0.0820131	0		1
0.415	0.0906733	0		1
0.41	0.0820131	0		1
0.62	0.272539	0		1
0.825	0.64493	0		1
0.89	0.792154	0		1
0.9	0.792154	0		1
0.905	0.800814	0		1
0.91	0.792154	0		1
0.915	0.800814	0		1
0.92	0.792154	0		1
0.915	0.783494	0		1
0.925	0.800814	0		1
0.925	0.783494	0		1
0.92	0.774833	0		1
0.88	0.792154	0		1
0.855	0.731532	0		1
0.41	0.393782	0		1
0.42	0.393782	0		1
0.7	0.185936	0		1
0.69	0.185936	0		1
0.36	0.341821	0		1
0.685	0.246558	0		1
0.875	0.922058	0		1
0.865	0.922058	0		1
0.885	0.922058	0		1
0.125	0.922058	0		1
0.135	0.922058	0		1
0.115	0.922058	0		1
0.93	0.774833	0		1
0.925	0.766173	0		1
0.16	0.0820131	0		1
0.83	0.636269	0		1
0.7	0.237898	0		1
0.085	0.558327	0		1
0.075	0.558327	0		1
0.08	0.549667	0		1
0.245	0.33316	0		1
0.585	0.177276	0		1
0.16	0.0993336	0		1
0.82	0.65359	0		1
0.825	0.66225	0		1
0.425	0.281199	0		1
0.43	0.272539	0		1
0.425	0.263878	0		1
0.435	0.263878	0		1
0.43	0.255218	0		1
0.44	0.255218	0		1
0.435	0.246558	0		1
0.445	0.246558	0		1
0.82	0.636269	0		1
0.825	0.627609	0		1
0.625	0.0906733	0		1
0.68	0.0820131	0		1
0.07	0.549667	0		1
0.075	0.541007	0		1
0.07	0.792154	0		1
0.075	0.800814	0		1
0.465	0.0733528	0		1
0.425	0.0733528	0		1
0.905	0.0733528	0		1
0.895	0.0733528	0		1
0.225	0.0733528	0		1
0.215	0.0733528	0		1
0.685	0.0733528	0		1
0.695	0.0733528	0		1
0.675	0.0733528	0		1
0.605	0.0733528	0		1
0.595	0.0733528	0		1
0.93	0.463064	0		1
0.925	0.454404	0		1
0.93	0.376462	0		1
0.925	0.385122	0		1
0.07	0.774833	0		1
0.93	0.0820131	0		1
0.285	0.0733528	0		1
0.295	0.0733528	0		1
0.155	0.0733528	0		1
0.145	0.0733528	0		1
0.085	0.0733528	0		1
0.075	0.0733528	0		1
0.86	0.913397	0		1
0.855	0.922058	0		1
0.595	0.454404	0		1
0.585	0.454404	0		1
0.405	0.0906733	0		1
0.4	0.0820131	0		1
0.91	0.289859	0		1
0.92	0.289859	0		1
0.925	0.298519	0		1
0.93	0.289859	0		1
0.925	0.281199	0		1
0.585	0.281199	0		1
0.23	0.341821	0		1
0.91	0.376462	0		1
0.785	0.350481	0		1
0.875	0.852776	0		1
0.525	0.125314	0		1
0.53	0.133975	0		1
0.59	0.30718	0		1
0.58	0.30718	0		1
0.6	0.30718	0		1
0.34	0.220577	0		1
0.33	0.220577	0		1
0.815	0.627609	0		1
0.82	0.618949	0		1
0.815	0.66225	0		1
0.82	0.67091	0		1
0.44	0.237898	0		1
0.43	0.237898	0		1
0.45	0.237898	0		1
0.425	0.558327	0		1
0.42	0.549667	0		1
0.265	0.177276	0		1
0.275	0.177276	0		1
0.255	0.177276	0		1
0.25	0.168616	0		1
0.68	0.930718	0		1
0.69	0.930718	0		1
0.67	0.930718	0		1
0.86	0.930718	0		1
0.85	0.930718	0		1
0.845	0.922058	0		1
0.84	0.930718	0		1
0.065	0.541007	0		1
0.07	0.532346	0		1
0.64	0.896077	0		1
0.635	0.904737	0		1
0.225	0.367801	0		1
0.23	0.376462	0		1
0.415	0.402442	0		1
0.405	0.402442	0		1
0.425	0.402442	0		1
0.43	0.393782	0		1
0.375	0.489045	0		1
0.08	0.584308	0		1
0.07	0.584308	0		1
0.075	0.592968	0		1
0.695	0.177276	0		1
0.685	0.177276	0		1
0.435	0.489045	0		1
0.8	0.844115	0		1
0.49	0.463064	0		1
0.305	0.367801	0		1
0.525	0.852776	0		1
0.155	0.541007	0		1
0.16	0.549667	0		1
0.165	0.541007	0		1
0.17	0.549667	0		1
0.175	0.541007	0		1
0.18	0.549667	0		1
0.185	0.541007	0		1
0.19	0.549667	0		1
0.195	0.541007	0		1
0.185	0.558327	0		1
0.195	0.558327	0		1
0.19	0.566987	0		1
0.2	0.566987	0		1
0.195	0.575648	0		1
0.205	0.575648	0		1
0.21	0.566987	0		1
0.2	0.584308	0		1
0.645	0.350481	0		1
0.92	0.497705	0		1
0.93	0.497705	0		1
0.925	0.506366	0		1
0.1	0.133975	0		1
0.09	0.133975	0		1
0.095	0.142635	0		1
0.085	0.142635	0		1
0.09	0.151295	0		1
0.08	0.151295	0		1
0.085	0.159955	0		1
0.075	0.159955	0		1
0.08	0.168616	0		1
0.075	0.142635	0		1
0.07	0.168616	0		1
0.075	0.177276	0		1
0.085	0.177276	0		1
0.08	0.185936	0		1
0.09	0.185936	0		1
0.085	0.194596	0		1
0.095	0.194596	0		1
0.09	0.203257	0		1
0.08	0.203257	0		1
0.085	0.211917	0		1
0.095	0.211917	0		1
0.09	0.220577	0		1
0.1	0.220577	0		1
0.095	0.229237	0		1
0.085	0.229237	0		1
0.09	0.237898	0		1
0.1	0.237898	0		1
0.095	0.246558	0		1
0.085	0.246558	0		1
0.09	0.255218	0		1
0.08	0.255218	0		1
0.085	0.263878	0		1
0.075	0.263878	0		1
0.08	0.272539	0		1
0.105	0.246558	0		1
0.09	0.272539	0		1
0.085	0.281199	0		1
0.075	0.281199	0		1
0.08	0.289859	0		1
0.07	0.255218	0		1
0.07	0.289859	0		1
0.075	0.298519	0		1
0.095	0.281199	0		1
0.605	0.454404	0		1
0.61	0.463064	0		1
0.18	0.878756	0		1
0.625	0.263878	0		1
0.63	0.272539	0		1
0.245	0.177276	0		1
0.24	0.168616	0		1
0.13	0.930718	0		1
0.14	0.930718	0		1
0.935	0.766173	0		1
0.93	0.757513	0		1
0.935	0.454404	0		1
0.93	0.445744	0		1
0.065	0.298519	0		1
0.07	0.30718	0		1
0.08	0.30718	0		1
0.075	0.31584	0		1
0.935	0.298519	0		1
0.935	0.506366	0		1
0.93	0.515026	0		1
0.065	0.177276	0		1
0.065	0.31584	0		1
0.07	0.3245	0		1
0.935	0.281199	0		1
0.93	0.272539	0		1
0.935	0.385122	0		1
0.935	0.0906733	0		1
0.065	0.800814	0		1
0.07	0.809474	0		1
0.065	0.592968	0		1
0.07	0.601628	0		1
0.935	0.367801	0		1
0.22	0.0646926	0		1
0.23	0.0646926	0		1
0.21	0.0646926	0		1
0.21	0.584308	0		1
0.205	0.592968	0		1
0.195	0.592968	0		1
0.2	0.601628	0		1
0.19	0.601628	0		1
0.195	0.610289	0		1
0.835	0.922058	0		1
0.83	0.930718	0		1
0.395	0.0906733	0		1
0.39	0.0820131	0		1
0.395	0.0733528	0		1
0.385	0.0733528	0		1
0.38	0.0820131	0		1
0.375	0.0733528	0		1
0.37	0.0820131	0		1
0.365	0.0733528	0		1
0.36	0.0820131	0		1
0.355	0.0733528	0		1
0.35	0.0820131	0		1
0.45	0.0993336	0		1
0.4	0.0993336	0		1
0.185	0.610289	0		1
0.19	0.618949	0		1
0.42	0.289859	0		1
0.43	0.289859	0		1
0.34	0.255218	0		1
0.87	0.341821	0		1
0.875	0.246558	0		1
0.865	0.246558	0		1
0.08	0.3245	0		1
0.075	0.33316	0		1
0.065	0.33316	0		1
0.07	0.341821	0		1
0.08	0.341821	0		1
0.075	0.350481	0		1
0.065	0.350481	0		1
0.07	0.359141	0		1
0.08	0.359141	0		1
0.075	0.367801	0		1
0.065	0.367801	0		1
0.07	0.376462	0		1
0.08	0.376462	0		1
0.075	0.385122	0		1
0.065	0.385122	0		1
0.07	0.393782	0		1
0.08	0.393782	0		1
0.075	0.402442	0		1
0.085	0.402442	0		1
0.08	0.411103	0		1
0.09	0.411103	0		1
0.085	0.419763	0		1
0.075	0.419763	0		1
0.08	0.428423	0		1
0.07	0.428423	0		1
0.075	0.437083	0		1
0.095	0.419763	0		1
0.065	0.437083	0		1
0.07	0.445744	0		1
0.08	0.445744	0		1
0.075	0.454404	0		1
0.065	0.454404	0		1
0.07	0.463064	0		1
0.08	0.463064	0		1
0.075	0.471725	0		1
0.065	0.471725	0		1
0.145	0.922058	0		1
0.15	0.930718	0		1
0.81	0.67091	0		1
0.815	0.679571	0		1
0.81	0.618949	0		1
0.815	0.610289	0		1
0.435	0.229237	0		1
0.425	0.229237	0		1
0.27	0.185936	0		1
0.28	0.185936	0		1
0.86	0.740192	0		1
0.85	0.740192	0		1
0.915	0.766173	0		1
0.94	0.774833	0		1
0.06	0.428423	0		1
0.38	0.0646926	0		1
0.29	0.0646926	0		1
0.3	0.0646926	0		1
0.6	0.0646926	0		1
0.59	0.0646926	0		1
0.9	0.0646926	0		1
0.89	0.0646926	0		1
0.68	0.0646926	0		1
0.67	0.0646926	0		1
0.15	0.0646926	0		1
0.14	0.0646926	0		1
0.08	0.0646926	0		1
0.07	0.0646926	0		1
0.065	0.0733528	0		1
0.06	0.0646926	0		1
0.94	0.463064	0		1
0.06	0.601628	0		1
0.065	0.610289	0		1
0.06	0.168616	0		1
0.06	0.584308	0		1
0.16	0.0646926	0		1
0.085	0.471725	0		1
0.53	0.948038	0		1
0.09	0.0646926	0		1
0.75	0.237898	0		1
0.3	0.0820131	0		1
0.28	0.0646926	0		1
0.425	0.298519	0		1
0.27	0.289859	0		1
0.19	0.532346	0		1
0.2	0.532346	0		1
0.195	0.523686	0		1
0.205	0.523686	0		1
0.2	0.515026	0		1
0.21	0.515026	0		1
0.215	0.523686	0		1
0.22	0.515026	0		1
0.215	0.506366	0		1
0.225	0.506366	0		1
0.22	0.497705	0		1
0.23	0.497705	0		1
0.225	0.489045	0		1
0.235	0.489045	0		1
0.23	0.480385	0		1
0.24	0.480385	0		1
0.235	0.471725	0		1
0.245	0.471725	0		1
0.24	0.463064	0		1
0.24	0.497705	0		1
0.225	0.523686	0		1
0.25	0.463064	0		1
0.245	0.454404	0		1
0.255	0.471725	0		1
0.235	0.454404	0		1
0.24	0.445744	0		1
0.25	0.445744	0		1
0.245	0.437083	0		1
0.235	0.437083	0		1
0.195	0.852776	0		1
0.87	0.255218	0		1
0.86	0.255218	0		1
0.855	0.246558	0		1
0.85	0.255218	0		1
0.845	0.246558	0		1
0.84	0.255218	0		1
0.835	0.246558	0		1
0.865	0.263878	0		1
0.855	0.748853	0		1
0.675	0.0906733	0		1
0.06	0.289859	0		1
0.06	0.809474	0		1
0.065	0.818135	0		1
0.06	0.532346	0		1
0.94	0.0820131	0		1
0.935	0.0733528	0		1
0.94	0.272539	0		1
0.935	0.263878	0		1
0.94	0.515026	0		1
0.935	0.523686	0		1
0.94	0.757513	0		1
0.935	0.748853	0		1
0.94	0.445744	0		1
0.59	0.445744	0		1
0.58	0.445744	0		1
0.255	0.437083	0		1
0.25	0.428423	0		1
0.09	0.792154	0		1
0.075	0.818135	0		1
0.07	0.826795	0		1
0.06	0.826795	0		1
0.065	0.835455	0		1
0.825	0.922058	0		1
0.82	0.930718	0		1
0.42	0.411103	0		1
0.43	0.411103	0		1
0.92	0.445744	0		1
0.615	0.454404	0		1
0.62	0.463064	0		1
0.18	0.618949	0		1
0.185	0.627609	0		1
0.705	0.125314	0		1
0.325	0.229237	0		1
0.585	0.31584	0		1
0.575	0.31584	0		1
0.57	0.30718	0		1
0.535	0.125314	0		1
0.54	0.133975	0		1
0.215	0.489045	0		1
0.435	0.298519	0		1
0.43	0.30718	0		1
0.865	0.748853	0		1
0.675	0.939378	0		1
0.665	0.939378	0		1
0.32	0.220577	0		1
0.155	0.922058	0		1
0.16	0.930718	0		1
0.805	0.610289	0		1
0.81	0.601628	0		1
0.335	0.211917	0		1
0.345	0.211917	0		1
0.43	0.549667	0		1
0.435	0.558327	0		1
0.425	0.541007	0		1
0.415	0.541007	0		1
0.235	0.177276	0		1
0.23	0.168616	0		1
0.24	0.185936	0		1
0.275	0.194596	0		1
0.825	0.939378	0		1
0.815	0.939378	0		1
0.81	0.930718	0		1
0.805	0.939378	0		1
0.8	0.930718	0		1
0.795	0.939378	0		1
0.79	0.930718	0		1
0.785	0.939378	0		1
0.78	0.930718	0		1
0.775	0.939378	0		1
0.77	0.930718	0		1
0.765	0.939378	0		1
0.76	0.930718	0		1
0.755	0.939378	0		1
0.75	0.930718	0		1
0.745	0.939378	0		1
0.74	0.930718	0		1
0.735	0.939378	0		1
0.855	0.939378	0		1
0.08	0.480385	0		1
0.155	0.939378	0		1
0.165	0.939378	0		1
0.17	0.930718	0		1
0.175	0.939378	0		1
0.63	0.896077	0		1
0.625	0.904737	0		1
0.63	0.913397	0		1
0.62	0.913397	0		1
0.625	0.922058	0		1
0.615	0.922058	0		1
0.62	0.930718	0		1
0.61	0.930718	0		1
0.605	0.922058	0		1
0.6	0.930718	0		1
0.635	0.887417	0		1
0.595	0.922058	0		1
0.59	0.930718	0		1
0.595	0.939378	0		1
0.585	0.939378	0		1
0.215	0.592968	0		1
0.22	0.376462	0		1
0.215	0.367801	0		1
0.225	0.385122	0		1
0.235	0.385122	0		1
0.93	0.393782	0		1
0.94	0.393782	0		1
0.565	0.31584	0		1
0.56	0.30718	0		1
0.74	0.151295	0		1
0.635	0.263878	0		1
0.64	0.272539	0		1
0.635	0.281199	0		1
0.645	0.281199	0		1
0.805	0.679571	0		1
0.81	0.688231	0		1
0.945	0.263878	0		1
0.94	0.255218	0		1
0.875	0.887417	0		1
0.585	0.0733528	0		1
0.58	0.0646926	0		1
0.575	0.0733528	0		1
0.57	0.0646926	0		1
0.565	0.0733528	0		1
0.56	0.0646926	0		1
0.555	0.0733528	0		1
0.55	0.0646926	0		1
0.94	0.497705	0		1
0.67	0.359141	0		1
0.06	0.393782	0		1
0.06	0.549667	0		1
0.585	0.246558	0		1
0.325	0.489045	0		1
0.58	0.861436	0		1
0.59	0.861436	0		1
0.585	0.852776	0		1
0.595	0.852776	0		1
0.59	0.844115	0		1
0.6	0.844115	0		1
0.595	0.835455	0		1
0.33	0.3245	0		1
0.52	0.411103	0		1
0.68	0.185936	0		1
0.675	0.177276	0		1
0.67	0.185936	0		1
0.68	0.168616	0		1
0.67	0.168616	0		1
0.885	0.0733528	0		1
0.88	0.0646926	0		1
0.875	0.0733528	0		1
0.87	0.0646926	0		1
0.865	0.0733528	0		1
0.86	0.0646926	0		1
0.855	0.0733528	0		1
0.85	0.0646926	0		1
0.845	0.0733528	0		1
0.84	0.0646926	0		1
0.835	0.0733528	0		1
0.83	0.0646926	0		1
0.825	0.0733528	0		1
0.82	0.0646926	0		1
0.815	0.0733528	0		1
0.81	0.0646926	0		1
0.83	0.0820131	0		1
0.805	0.0733528	0		1
0.8	0.0646926	0		1
0.795	0.0733528	0		1
0.79	0.0646926	0		1
0.8	0.0820131	0		1
0.785	0.0733528	0		1
0.78	0.0646926	0		1
0.775	0.0733528	0		1
0.77	0.0646926	0		1
0.44	0.463064	0		1
0.5	0.393782	0		1
0.85	0.809474	0		1
0.945	0.523686	0		1
0.94	0.532346	0		1
0.055	0.177276	0		1
0.945	0.748853	0		1
0.94	0.740192	0		1
0.93	0.740192	0		1
0.935	0.731532	0		1
0.945	0.731532	0		1
0.94	0.722872	0		1
0.055	0.610289	0		1
0.06	0.618949	0		1
0.945	0.0906733	0		1
0.94	0.0993336	0		1
0.055	0.800814	0		1
0.215	0.0560323	0		1
0.205	0.0560323	0		1
0.575	0.0560323	0		1
0.785	0.0560323	0		1
0.815	0.0560323	0		1
0.885	0.0560323	0		1
0.845	0.0560323	0		1
0.295	0.0560323	0		1
0.305	0.0560323	0		1
0.145	0.0560323	0		1
0.135	0.0560323	0		1
0.075	0.0560323	0		1
0.055	0.0733528	0		1
0.945	0.0733528	0		1
0.94	0.0646926	0		1
0.055	0.835455	0		1
0.06	0.844115	0		1
0.605	0.852776	0		1
0.195	0.627609	0		1
0.19	0.636269	0		1
0.18	0.636269	0		1
0.185	0.64493	0		1
0.195	0.64493	0		1
0.19	0.65359	0		1
0.18	0.65359	0		1
0.185	0.66225	0		1
0.195	0.66225	0		1
0.19	0.67091	0		1
0.83	0.913397	0		1
0.075	0.835455	0		1
0.12	0.826795	0		1
0.125	0.818135	0		1
0.205	0.0733528	0		1
0.83	0.255218	0		1
0.835	0.263878	0		1
0.825	0.246558	0		1
0.83	0.237898	0		1
0.425	0.419763	0		1
0.825	0.679571	0		1
0.82	0.601628	0		1
0.815	0.592968	0		1
0.805	0.592968	0		1
0.81	0.584308	0		1
0.82	0.584308	0		1
0.815	0.575648	0		1
0.18	0.601628	0		1
0.925	0.263878	0		1
0.07	0.618949	0		1
0.065	0.627609	0		1
0.055	0.627609	0		1
0.06	0.636269	0		1
0.18	0.67091	0		1
0.185	0.679571	0		1
0.195	0.679571	0		1
0.19	0.688231	0		1
0.18	0.688231	0		1
0.185	0.696891	0		1
0.175	0.696891	0		1
0.18	0.705551	0		1
0.17	0.705551	0		1
0.175	0.714212	0		1
0.185	0.714212	0		1
0.18	0.722872	0		1
0.17	0.722872	0		1
0.175	0.731532	0		1
0.19	0.722872	0		1
0.165	0.731532	0		1
0.17	0.740192	0		1
0.07	0.636269	0		1
0.065	0.64493	0		1
0.055	0.64493	0		1
0.06	0.65359	0		1
0.07	0.65359	0		1
0.065	0.66225	0		1
0.055	0.66225	0		1
0.06	0.67091	0		1
0.05	0.67091	0		1
0.055	0.679571	0		1
0.325	0.298519	0		1
0.675	0.159955	0		1
0.315	0.229237	0		1
0.92	0.809474	0		1
0.93	0.809474	0		1
0.93	0.532346	0		1
0.935	0.541007	0		1
0.945	0.541007	0		1
0.94	0.549667	0		1
0.93	0.549667	0		1
0.935	0.558327	0		1
0.945	0.558327	0		1
0.94	0.566987	0		1
0.93	0.566987	0		1
0.935	0.575648	0		1
0.945	0.575648	0		1
0.94	0.584308	0		1
0.93	0.584308	0		1
0.935	0.592968	0		1
0.945	0.592968	0		1
0.94	0.601628	0		1
0.135	0.870096	0		1
0.43	0.220577	0		1
0.42	0.220577	0		1
0.93	0.601628	0		1
0.935	0.610289	0		1
0.945	0.610289	0		1
0.94	0.618949	0		1
0.44	0.30718	0		1
0.435	0.31584	0		1
0.455	0.246558	0		1
0.46	0.237898	0		1
0.93	0.618949	0		1
0.935	0.627609	0		1
0.945	0.627609	0		1
0.94	0.636269	0		1
0.34	0.203257	0		1
0.18	0.930718	0		1
0.185	0.939378	0		1
0.93	0.636269	0		1
0.935	0.64493	0		1
0.945	0.64493	0		1
0.94	0.65359	0		1
0.805	0.66225	0		1
0.805	0.627609	0		1
0.44	0.549667	0		1
0.42	0.532346	0		1
0.41	0.532346	0		1
0.805	0.575648	0		1
0.81	0.566987	0		1
0.82	0.566987	0		1
0.815	0.558327	0		1
0.805	0.558327	0		1
0.81	0.549667	0		1
0.82	0.549667	0		1
0.815	0.541007	0		1
0.805	0.541007	0		1
0.81	0.532346	0		1
0.8	0.532346	0		1
0.805	0.523686	0		1
0.795	0.523686	0		1
0.8	0.515026	0		1
0.81	0.515026	0		1
0.805	0.506366	0		1
0.795	0.506366	0		1
0.8	0.497705	0		1
0.79	0.497705	0		1
0.795	0.489045	0		1
0.785	0.489045	0		1
0.79	0.480385	0		1
0.78	0.480385	0		1
0.785	0.471725	0		1
0.775	0.471725	0		1
0.78	0.463064	0		1
0.77	0.463064	0		1
0.775	0.454404	0		1
0.765	0.454404	0		1
0.77	0.445744	0		1
0.76	0.445744	0		1
0.79	0.463064	0		1
0.765	0.437083	0		1
0.755	0.437083	0		1
0.775	0.437083	0		1
0.815	0.506366	0		1
0.76	0.428423	0		1
0.75	0.428423	0		1
0.755	0.419763	0		1
0.745	0.419763	0		1
0.825	0.541007	0		1
0.78	0.497705	0		1
0.76	0.463064	0		1
0.74	0.428423	0		1
0.735	0.419763	0		1
0.88	0.255218	0		1
0.445	0.558327	0		1
0.09	0.480385	0		1
0.625	0.454404	0		1
0.63	0.463064	0		1
0.62	0.445744	0		1
0.665	0.159955	0		1
0.845	0.748853	0		1
0.84	0.740192	0		1
0.85	0.757513	0		1
0.065	0.523686	0		1
0.055	0.523686	0		1
0.075	0.523686	0		1
0.925	0.731532	0		1
0.75	0.948038	0		1
0.78	0.948038	0		1
0.18	0.948038	0		1
0.19	0.948038	0		1
0.195	0.939378	0		1
0.2	0.948038	0		1
0.205	0.939378	0		1
0.21	0.948038	0		1
0.215	0.939378	0		1
0.22	0.948038	0		1
0.225	0.939378	0		1
0.23	0.948038	0		1
0.235	0.939378	0		1
0.24	0.948038	0		1
0.245	0.939378	0		1
0.25	0.948038	0		1
0.255	0.939378	0		1
0.26	0.948038	0		1
0.265	0.939378	0		1
0.27	0.948038	0		1
0.275	0.939378	0		1
0.28	0.948038	0		1
0.285	0.939378	0		1
0.29	0.948038	0		1
0.295	0.939378	0		1
0.3	0.948038	0		1
0.305	0.939378	0		1
0.31	0.948038	0		1
0.315	0.939378	0		1
0.32	0.948038	0		1
0.325	0.939378	0		1
0.33	0.948038	0		1
0.335	0.939378	0		1
0.34	0.948038	0		1
0.345	0.939378	0		1
0.34	0.930718	0		1
0.35	0.930718	0		1
0.355	0.939378	0		1
0.36	0.930718	0		1
0.365	0.939378	0		1
0.37	0.930718	0		1
0.375	0.939378	0		1
0.38	0.930718	0		1
0.375	0.922058	0		1
0.385	0.922058	0		1
0.39	0.930718	0		1
0.395	0.922058	0		1
0.39	0.913397	0		1
0.4	0.913397	0		1
0.405	0.922058	0		1
0.41	0.913397	0		1
0.405	0.904737	0		1
0.415	0.904737	0		1
0.41	0.896077	0		1
0.42	0.896077	0		1
0.415	0.887417	0		1
0.425	0.887417	0		1
0.42	0.878756	0		1
0.43	0.878756	0		1
0.425	0.870096	0		1
0.415	0.922058	0		1
0.435	0.870096	0		1
0.43	0.861436	0		1
0.43	0.896077	0		1
0.44	0.861436	0		1
0.435	0.852776	0		1
0.445	0.870096	0		1
0.445	0.852776	0		1
0.44	0.844115	0		1
0.425	0.852776	0		1
0.405	0.887417	0		1
0.45	0.844115	0		1
0.445	0.835455	0		1
0.455	0.835455	0		1
0.45	0.826795	0		1
0.46	0.844115	0		1
0.44	0.826795	0		1
0.445	0.818135	0		1
0.435	0.818135	0		1
0.44	0.809474	0		1
0.345	0.922058	0		1
0.43	0.809474	0		1
0.435	0.800814	0		1
0.425	0.818135	0		1
0.46	0.826795	0		1
0.445	0.800814	0		1
0.44	0.792154	0		1
0.43	0.792154	0		1
0.435	0.783494	0		1
0.445	0.783494	0		1
0.44	0.774833	0		1
0.43	0.774833	0		1
0.435	0.766173	0		1
0.425	0.766173	0		1
0.43	0.757513	0		1
0.44	0.757513	0		1
0.435	0.748853	0		1
0.425	0.748853	0		1
0.43	0.740192	0		1
0.44	0.740192	0		1
0.435	0.731532	0		1
0.425	0.731532	0		1
0.43	0.722872	0		1
0.44	0.722872	0		1
0.435	0.714212	0		1
0.445	0.714212	0		1
0.44	0.705551	0		1
0.425	0.714212	0		1
0.675	0.0560323	0		1
0.665	0.0560323	0		1
0.95	0.255218	0		1
0.945	0.246558	0		1
0.05	0.0646926	0		1
0.95	0.0646926	0		1
0.945	0.0560323	0		1
0.05	0.844115	0		1
0.055	0.852776	0		1
0.95	0.65359	0		1
0.945	0.66225	0		1
0.05	0.168616	0		1
0.95	0.272539	0		1
0.95	0.0993336	0		1
0.945	0.107994	0		1
0.575	0.887417	0		1
0.58	0.930718	0		1
0.575	0.939378	0		1
0.62	0.896077	0		1
0.26	0.428423	0		1
0.265	0.437083	0		1
0.585	0.437083	0		1
0.575	0.437083	0		1
0.57	0.445744	0		1
0.565	0.437083	0		1
0.56	0.445744	0		1
0.555	0.437083	0		1
0.55	0.445744	0		1
0.2	0.688231	0		1
0.605	0.835455	0		1
0.6	0.826795	0		1
0.59	0.826795	0		1
0.595	0.818135	0		1
0.585	0.818135	0		1
0.59	0.809474	0		1
0.58	0.809474	0		1
0.585	0.800814	0		1
0.575	0.800814	0		1
0.58	0.792154	0		1
0.57	0.792154	0		1
0.575	0.783494	0		1
0.565	0.783494	0		1
0.57	0.774833	0		1
0.56	0.774833	0		1
0.565	0.766173	0		1
0.555	0.766173	0		1
0.56	0.757513	0		1
0.57	0.757513	0		1
0.565	0.748853	0		1
0.555	0.748853	0		1
0.56	0.740192	0		1
0.57	0.740192	0		1
0.565	0.731532	0		1
0.555	0.731532	0		1
0.56	0.722872	0		1
0.57	0.722872	0		1
0.565	0.714212	0		1
0.555	0.714212	0		1
0.56	0.705551	0		1
0.57	0.705551	0		1
0.565	0.696891	0		1
0.555	0.696891	0		1
0.56	0.688231	0		1
0.57	0.688231	0		1
0.565	0.679571	0		1
0.555	0.679571	0		1
0.56	0.67091	0		1
0.57	0.67091	0		1
0.565	0.66225	0		1
0.555	0.66225	0		1
0.56	0.65359	0		1
0.57	0.65359	0		1
0.565	0.64493	0		1
0.555	0.64493	0		1
0.56	0.636269	0		1
0.57	0.636269	0		1
0.565	0.627609	0		1
0.555	0.627609	0		1
0.56	0.618949	0		1
0.57	0.618949	0		1
0.565	0.610289	0		1
0.555	0.610289	0		1
0.56	0.601628	0		1
0.1	0.411103	0		1
0.105	0.419763	0		1
0.55	0.601628	0		1
0.555	0.592968	0		1
0.765	0.922058	0		1
0.21	0.376462	0		1
0.205	0.367801	0		1
0.82	0.237898	0		1
0.825	0.229237	0		1
0.815	0.229237	0		1
0.545	0.592968	0		1
0.55	0.584308	0		1
0.56	0.584308	0		1
0.555	0.575648	0		1
0.545	0.575648	0		1
0.55	0.566987	0		1
0.56	0.566987	0		1
0.555	0.558327	0		1
0.225	0.177276	0		1
0.825	0.263878	0		1
0.83	0.272539	0		1
0.74	0.411103	0		1
0.73	0.411103	0		1
0.545	0.558327	0		1
0.55	0.549667	0		1
0.82	0.272539	0		1
0.16	0.740192	0		1
0.165	0.748853	0		1
0.155	0.748853	0		1
0.16	0.757513	0		1
0.15	0.757513	0		1
0.155	0.766173	0		1
0.145	0.766173	0		1
0.15	0.774833	0		1
0.14	0.774833	0		1
0.73	0.930718	0		1
0.725	0.939378	0		1
0.345	0.0733528	0		1
0.35	0.0646926	0		1
0.34	0.0820131	0		1
0.345	0.0906733	0		1
0.605	0.818135	0		1
0.56	0.0820131	0		1
0.32	0.930718	0		1
0.335	0.0906733	0		1
0.18	0.792154	0		1
0.595	0.0560323	0		1
0.605	0.0560323	0		1
0.88	0.930718	0		1
0.89	0.930718	0		1
0.885	0.939378	0		1
0.895	0.939378	0		1
0.9	0.930718	0		1
0.905	0.939378	0		1
0.91	0.930718	0		1
0.915	0.939378	0		1
0.92	0.930718	0		1
0.925	0.939378	0		1
0.93	0.930718	0		1
0.935	0.939378	0		1
0.939989	0.930712	0		1
0.934998	0.922057	0		1
0.94505	0.939306	0		1
0.944987	0.92205	0		1
0.939998	0.913396	0		1
0.949997	0.913396	0		1
0.944999	0.904737	0		1
0.16	0.341821	0		1
0.795	0.177276	0		1
0.435	0.419763	0		1
0.695	0.922058	0		1
0.8	0.480385	0		1
0.42	0.774833	0		1
0.15	0.826795	0		1
0.225	0.748853	0		1
0.05	0.601628	0		1
0.355	0.852776	0		1
0.42	0.30718	0		1
0.055	0.437083	0		1
0.05	0.428423	0		1
0.135	0.904737	0		1
0.225	0.870096	0		1
0.78	0.0820131	0		1
0.875	0.177276	0		1
0.5	0.185936	0		1
0.05	0.532346	0		1
0.18	0.566987	0		1
0.18	0.30718	0		1
0.25	0.618949	0		1
0.205	0.229237	0		1
0.8	0.809474	0		1
0.85	0.0820131	0		1
0.145	0.454404	0		1
0.75	0.722872	0		1
0.44	0.411103	0		1
0.83	0.844115	0		1
0.15	0.116654	0		1
0.615	0.939378	0		1
0.625	0.939378	0		1
0.395	0.33316	0		1
0.49	0.116654	0		1
0.85	0.185936	0		1
0.09	0.393782	0		1
0.355	0.696891	0		1
0.35	0.688231	0		1
0.345	0.696891	0		1
0.34	0.688231	0		1
0.335	0.696891	0		1
0.33	0.688231	0		1
0.325	0.696891	0		1
0.335	0.679571	0		1
0.325	0.679571	0		1
0.33	0.67091	0		1
0.32	0.67091	0		1
0.325	0.66225	0		1
0.33	0.705551	0		1
0.32	0.705551	0		1
0.325	0.714212	0		1
0.315	0.714212	0		1
0.32	0.722872	0		1
0.31	0.705551	0		1
0.315	0.66225	0		1
0.32	0.65359	0		1
0.31	0.722872	0		1
0.315	0.731532	0		1
0.31	0.67091	0		1
0.305	0.66225	0		1
0.3	0.67091	0		1
0.305	0.731532	0		1
0.31	0.740192	0		1
0.33	0.65359	0		1
0.325	0.64493	0		1
0.32	0.740192	0		1
0.315	0.748853	0		1
0.305	0.748853	0		1
0.31	0.757513	0		1
0.3	0.757513	0		1
0.305	0.766173	0		1
0.295	0.766173	0		1
0.3	0.774833	0		1
0.31	0.774833	0		1
0.305	0.783494	0		1
0.295	0.783494	0		1
0.3	0.792154	0		1
0.29	0.792154	0		1
0.295	0.800814	0		1
0.285	0.800814	0		1
0.29	0.809474	0		1
0.28	0.809474	0		1
0.285	0.818135	0		1
0.275	0.818135	0		1
0.295	0.818135	0		1
0.27	0.809474	0		1
0.265	0.818135	0		1
0.315	0.783494	0		1
0.29	0.826795	0		1
0.295	0.66225	0		1
0.26	0.809474	0		1
0.255	0.818135	0		1
0.26	0.826795	0		1
0.25	0.826795	0		1
0.285	0.783494	0		1
0.63	0.549667	0		1
0.635	0.541007	0		1
0.64	0.549667	0		1
0.645	0.541007	0		1
0.65	0.549667	0		1
0.655	0.541007	0		1
0.66	0.549667	0		1
0.65	0.532346	0		1
0.66	0.532346	0		1
0.655	0.523686	0		1
0.665	0.523686	0		1
0.66	0.515026	0		1
0.65	0.515026	0		1
0.655	0.506366	0		1
0.545	0.0733528	0		1
0.54	0.0646926	0		1
0.545	0.0560323	0		1
0.535	0.0560323	0		1
0.295	0.281199	0		1
0.13	0.0646926	0		1
0.69	0.844115	0		1
0.13	0.359141	0		1
0.35	0.445744	0		1
0.565	0.489045	0		1
0.33	0.411103	0		1
0.76	0.30718	0		1
0.855	0.66225	0		1
0.735	0.627609	0		1
0.05	0.826795	0		1
0.865	0.696891	0		1
0.1	0.185936	0		1
0.105	0.211917	0		1
0.11	0.237898	0		1
0.115	0.246558	0		1
0.12	0.237898	0		1
0.125	0.246558	0		1
0.12	0.255218	0		1
0.725	0.211917	0		1
0.375	0.818135	0		1
0.265	0.731532	0		1
0.075	0.211917	0		1
0.79	0.376462	0		1
0.325	0.125314	0		1
0.56	0.480385	0		1
0.555	0.489045	0		1
0.55	0.480385	0		1
0.545	0.489045	0		1
0.54	0.480385	0		1
0.535	0.489045	0		1
0.54	0.497705	0		1
0.53	0.480385	0		1
0.92	0.393782	0		1
0.165	0.471725	0		1
0.18	0.411103	0		1
0.445	0.0733528	0		1
0.77	0.774833	0		1
0.655	0.558327	0		1
0.665	0.558327	0		1
0.66	0.566987	0		1
0.67	0.566987	0		1
0.675	0.558327	0		1
0.68	0.566987	0		1
0.675	0.575648	0		1
0.685	0.575648	0		1
0.68	0.584308	0		1
0.69	0.584308	0		1
0.685	0.592968	0		1
0.695	0.592968	0		1
0.69	0.601628	0		1
0.68	0.601628	0		1
0.685	0.610289	0		1
0.675	0.610289	0		1
0.68	0.618949	0		1
0.69	0.618949	0		1
0.685	0.627609	0		1
0.675	0.627609	0		1
0.68	0.636269	0		1
0.69	0.636269	0		1
0.685	0.64493	0		1
0.695	0.64493	0		1
0.69	0.65359	0		1
0.68	0.65359	0		1
0.685	0.66225	0		1
0.675	0.66225	0		1
0.68	0.67091	0		1
0.69	0.67091	0		1
0.685	0.679571	0		1
0.675	0.679571	0		1
0.68	0.688231	0		1
0.69	0.688231	0		1
0.685	0.696891	0		1
0.675	0.696891	0		1
0.68	0.705551	0		1
0.69	0.705551	0		1
0.685	0.714212	0		1
0.695	0.714212	0		1
0.69	0.722872	0		1
0.7	0.722872	0		1
0.695	0.731532	0		1
0.685	0.731532	0		1
0.69	0.740192	0		1
0.7	0.740192	0		1
0.695	0.748853	0		1
0.705	0.748853	0		1
0.7	0.757513	0		1
0.71	0.757513	0		1
0.705	0.766173	0		1
0.715	0.766173	0		1
0.71	0.774833	0		1
0.72	0.774833	0		1
0.715	0.783494	0		1
0.725	0.783494	0		1
0.72	0.792154	0		1
0.73	0.792154	0		1
0.725	0.800814	0		1
0.735	0.800814	0		1
0.73	0.809474	0		1
0.74	0.809474	0		1
0.68	0.740192	0		1
0.695	0.766173	0		1
0.71	0.792154	0		1
0.685	0.558327	0		1
0.72	0.809474	0		1
0.67	0.705551	0		1
0.16	0.722872	0		1
0.27	0.0820131	0		1
0.935	0.402442	0		1
0.945	0.402442	0		1
0.95	0.393782	0		1
0.095	0.714212	0		1
0.09	0.463064	0		1
0.14	0.601628	0		1
0.145	0.592968	0		1
0.485	0.0733528	0		1
0.415	0.870096	0		1
0.145	0.402442	0		1
0.9	0.220577	0		1
0.555	0.367801	0		1
0.18	0.445744	0		1
0.185	0.454404	0		1
0.19	0.445744	0		1
0.095	0.887417	0		1
0.09	0.896077	0		1
0.085	0.887417	0		1
0.08	0.896077	0		1
0.085	0.904737	0		1
0.075	0.904737	0		1
0.08	0.913397	0		1
0.07	0.913397	0		1
0.075	0.922058	0		1
0.065	0.904737	0		1
0.065	0.922058	0		1
0.07	0.930718	0		1
0.06	0.930718	0		1
0.065	0.939378	0		1
0.075	0.939378	0		1
0.055	0.939378	0		1
0.05	0.930718	0		1
0.9	0.359141	0		1
0.375	0.31584	0		1
0.68	0.463064	0		1
0.28	0.566987	0		1
0.835	0.31584	0		1
0.44	0.289859	0		1
0.685	0.159955	0		1
0.38	0.601628	0		1
0.375	0.592968	0		1
0.37	0.601628	0		1
0.365	0.592968	0		1
0.36	0.601628	0		1
0.355	0.592968	0		1
0.36	0.584308	0		1
0.35	0.601628	0		1
0.35	0.584308	0		1
0.355	0.575648	0		1
0.345	0.575648	0		1
0.35	0.566987	0		1
0.355	0.610289	0		1
0.37	0.133975	0		1
0.895	0.471725	0		1
0.4	0.151295	0		1
0.3	0.65359	0		1
0.32	0.774833	0		1
0.45	0.151295	0		1
0.22	0.584308	0		1
0.685	0.0560323	0		1
0.3	0.722872	0		1
0.67	0.636269	0		1
0.115	0.835455	0		1
0.415	0.627609	0		1
0.42	0.636269	0		1
0.425	0.627609	0		1
0.43	0.636269	0		1
0.435	0.627609	0		1
0.425	0.64493	0		1
0.435	0.64493	0		1
0.43	0.65359	0		1
0.44	0.65359	0		1
0.435	0.66225	0		1
0.445	0.66225	0		1
0.64	0.757513	0		1
0.515	0.696891	0		1
0.23	0.116654	0		1
0.54	0.826795	0		1
0.3	0.532346	0		1
0.515	0.766173	0		1
0.515	0.627609	0		1
0.645	0.402442	0		1
0.51	0.3245	0		1
0.67	0.393782	0		1
0.72	0.341821	0		1
0.415	0.229237	0		1
0.41	0.220577	0		1
0.405	0.229237	0		1
0.4	0.220577	0		1
0.485	0.592968	0		1
0.375	0.0906733	0		1
0.315	0.159955	0		1
0.33	0.203257	0		1
0.51	0.237898	0		1
0.845	0.454404	0		1
0.84	0.463064	0		1
0.835	0.454404	0		1
0.765	0.194596	0		1
0.055	0.298519	0		1
0.05	0.289859	0		1
0.44	0.220577	0		1
0.515	0.281199	0		1
0.125	0.0560323	0		1
0.14	0.67091	0		1
0.555	0.229237	0		1
0.135	0.939378	0		1
0.84	0.151295	0		1
0.625	0.471725	0		1
0.6	0.220577	0		1
0.23	0.237898	0		1
0.475	0.177276	0		1
0.555	0.31584	0		1
0.55	0.30718	0		1
0.555	0.298519	0		1
0.34	0.878756	0		1
0.35	0.878756	0		1
0.765	0.419763	0		1
0.595	0.142635	0		1
0.41	0.930718	0		1
0.42	0.930718	0		1
0.415	0.939378	0		1
0.425	0.939378	0		1
0.43	0.930718	0		1
0.435	0.939378	0		1
0.44	0.930718	0		1
0.445	0.939378	0		1
0.45	0.930718	0		1
0.42	0.948038	0		1
0.2	0.272539	0		1
0.485	0.627609	0		1
0.205	0.610289	0		1
0.865	0.31584	0		1
0.84	0.359141	0		1
0.86	0.601628	0		1
0.34	0.584308	0		1
0.715	0.31584	0		1
0.42	0.0993336	0		1
0.905	0.679571	0		1
0.55	0.203257	0		1
0.52	0.792154	0		1
0.61	0.757513	0		1
0.605	0.194596	0		1
0.66	0.168616	0		1
0.335	0.64493	0		1
0.345	0.610289	0		1
0.86	0.411103	0		1
0.36	0.566987	0		1
0.355	0.558327	0		1
0.415	0.419763	0		1
0.145	0.31584	0		1
0.75	0.532346	0		1
0.515	0.714212	0		1
0.535	0.922058	0		1
0.72	0.185936	0		1
0.12	0.549667	0		1
0.535	0.246558	0		1
0.28	0.3245	0		1
0.295	0.592968	0		1
0.75	0.272539	0		1
0.055	0.0560323	0		1
0.76	0.133975	0		1
0.18	0.255218	0		1
0.275	0.246558	0		1
0.365	0.558327	0		1
0.36	0.549667	0		1
0.37	0.549667	0		1
0.365	0.541007	0		1
0.86	0.515026	0		1
0.855	0.506366	0		1
0.95	0.757513	0		1
0.26	0.151295	0		1
0.67	0.878756	0		1
0.16	0.203257	0		1
0.77	0.220577	0		1
0.91	0.878756	0		1
0.915	0.870096	0		1
0.155	0.177276	0		1
0.25	0.757513	0		1
0.13	0.497705	0		1
0.055	0.385122	0		1
0.05	0.393782	0		1
0.865	0.0560323	0		1
0.165	0.385122	0		1
0.82	0.913397	0		1
0.125	0.350481	0		1
0.82	0.220577	0		1
0.81	0.220577	0		1
0.235	0.125314	0		1
0.225	0.125314	0		1
0.86	0.133975	0		1
0.085	0.541007	0		1
0.235	0.783494	0		1
0.325	0.748853	0		1
0.645	0.506366	0		1
0.13	0.237898	0		1
0.935	0.0560323	0		1
0.635	0.471725	0		1
0.925	0.818135	0		1
0.935	0.818135	0		1
0.94	0.809474	0		1
0.945	0.818135	0		1
0.94	0.826795	0		1
0.95	0.809474	0		1
0.445	0.263878	0		1
0.56	0.3245	0		1
0.715	0.748853	0		1
0.58	0.3245	0		1
0.59	0.3245	0		1
0.075	0.887417	0		1
0.08	0.878756	0		1
0.125	0.939378	0		1
0.67	0.151295	0		1
0.5	0.0820131	0		1
0.89	0.549667	0		1
0.695	0.575648	0		1
0.325	0.783494	0		1
0.41	0.948038	0		1
0.89	0.601628	0		1
0.735	0.818135	0		1
0.745	0.818135	0		1
0.31	0.220577	0		1
0.225	0.471725	0		1
0.305	0.800814	0		1
0.255	0.419763	0		1
0.245	0.419763	0		1
0.545	0.125314	0		1
0.55	0.133975	0		1
0.54	0.116654	0		1
0.545	0.142635	0		1
0.555	0.142635	0		1
0.55	0.151295	0		1
0.89	0.65359	0		1
0.335	0.835455	0		1
0.65	0.272539	0		1
0.655	0.281199	0		1
0.64	0.289859	0		1
0.935	0.246558	0		1
0.94	0.237898	0		1
0.95	0.237898	0		1
0.945	0.229237	0		1
0.48	0.289859	0		1
0.13	0.255218	0		1
0.125	0.263878	0		1
0.375	0.177276	0		1
0.38	0.185936	0		1
0.445	0.31584	0		1
0.44	0.3245	0		1
0.765	0.696891	0		1
0.435	0.177276	0		1
0.12	0.359141	0		1
0.48	0.584308	0		1
0.475	0.592968	0		1
0.345	0.159955	0		1
0.705	0.454404	0		1
0.765	0.627609	0		1
0.175	0.922058	0		1
0.75	0.445744	0		1
0.725	0.489045	0		1
0.77	0.480385	0		1
0.67	0.515026	0		1
0.31	0.896077	0		1
0.59	0.948038	0		1
0.67	0.948038	0		1
0.66	0.948038	0		1
0.68	0.948038	0		1
0.74	0.0993336	0		1
0.735	0.0906733	0		1
0.765	0.66225	0		1
0.77	0.65359	0		1
0.675	0.523686	0		1
0.27	0.237898	0		1
0.765	0.575648	0		1
0.445	0.64493	0		1
0.43	0.532346	0		1
0.48	0.532346	0		1
0.145	0.783494	0		1
0.135	0.783494	0		1
0.485	0.974019	0		1
0.73	0.688231	0		1
0.22	0.168616	0		1
0.7	0.65359	0		1
0.885	0.783494	0		1
0.7	0.601628	0		1
0.66	0.151295	0		1
0.665	0.142635	0		1
0.835	0.748853	0		1
0.83	0.740192	0		1
0.63	0.0820131	0		1
0.62	0.948038	0		1
0.635	0.0906733	0		1
0.06	0.515026	0		1
0.05	0.515026	0		1
0.44	0.948038	0		1
0.8	0.948038	0		1
0.82	0.948038	0		1
0.37	0.948038	0		1
0.13	0.948038	0		1
0.12	0.948038	0		1
0.07	0.948038	0		1
0.08	0.948038	0		1
0.485	0.766173	0		1
0.73	0.948038	0		1
0.72	0.948038	0		1
0.485	0.696891	0		1
0.48	0.688231	0		1
0.5	0.809474	0		1
0.48	0.757513	0		1
0.45	0.722872	0		1
0.9	0.948038	0		1
0.92	0.948038	0		1
0.940008	0.948026	0		1
0.950073	0.94796	0		1
0.455	0.939378	0		1
0.46	0.930718	0		1
0.455	0.922058	0		1
0.465	0.922058	0		1
0.46	0.913397	0		1
0.16	0.948038	0		1
0.47	0.913397	0		1
0.465	0.904737	0		1
0.475	0.904737	0		1
0.47	0.896077	0		1
0.48	0.896077	0		1
0.475	0.887417	0		1
0.485	0.887417	0		1
0.48	0.878756	0		1
0.49	0.878756	0		1
0.485	0.870096	0		1
0.95	0.515026	0		1
0.95	0.722872	0		1
0.945	0.714212	0		1
0.935	0.714212	0		1
0.94	0.705551	0		1
0.95	0.705551	0		1
0.95	0.826795	0		1
0.945	0.835455	0		1
0.14	0.0473721	0		1
0.15	0.0473721	0		1
0.95489	0.229174	0		1
0.949982	0.220567	0		1
0.939997	0.220575	0		1
0.944996	0.211915	0		1
0.935	0.211917	0		1
0.939999	0.203256	0		1
0.949999	0.203256	0		1
0.945	0.194596	0		1
0.935	0.194596	0		1
0.94	0.185936	0		1
0.93	0.185936	0		1
0.935	0.177276	0		1
0.925	0.177276	0		1
0.93	0.168616	0		1
0.94	0.168616	0		1
0.935	0.159955	0		1
0.945	0.159955	0		1
0.94	0.151295	0		1
0.95	0.151295	0		1
0.93	0.151295	0		1
0.95	0.168616	0		1
0.92	0.168616	0		1
0.0450004	0.852776	0		1
0.0500001	0.861436	0		1
0.045	0.0560323	0		1
0.05	0.0473721	0		1
0.955	0.0560323	0		1
0.95	0.0473721	0		1
0.045	0.939378	0		1
0.05	0.948038	0		1
0.045	0.437083	0		1
0.045	0.177276	0		1
0.05	0.185936	0		1
0.045	0.66225	0		1
0.955	0.107994	0		1
0.955	0.835455	0		1
0.95	0.844115	0		1
0.045	0.679571	0		1
0.05	0.688231	0		1
0.06	0.688231	0		1
0.055	0.696891	0		1
0.045	0.696891	0		1
0.05	0.705551	0		1
0.045	0.385122	0		1
0.045	0.610289	0		1
0.21	0.0473721	0		1
0.2	0.0473721	0		1
0.22	0.0473721	0		1
0.6	0.0473721	0		1
0.61	0.0473721	0		1
0.68	0.0473721	0		1
0.69	0.0473721	0		1
0.3	0.0473721	0		1
0.31	0.0473721	0		1
0.29	0.0473721	0		1
0.54	0.0473721	0		1
0.53	0.0473721	0		1
0.955	0.523686	0		1
0.955	0.731532	0		1
0.95506	0.922041	0		1
0.955	0.66225	0		1
0.955	0.402442	0		1
0.045	0.0733528	0		1
0.05	0.0820131	0		1
0.955	0.0733528	0		1
0.955	0.64493	0		1
0.954999	0.904737	0		1
0.95	0.896077	0		1
0.955	0.194596	0		1
0.045	0.298519	0		1
0.96	0.826795	0		1
0.04	0.428423	0		1
0.415	0.766173	0		1
0.595	0.870096	0		1
0.42	0.809474	0		1
0.415	0.818135	0		1
0.57	0.930718	0		1
0.585	0.887417	0		1
0.565	0.939378	0		1
0.57	0.948038	0		1
0.545	0.437083	0		1
0.54	0.445744	0		1
0.205	0.679571	0		1
0.56	0.428423	0		1
0.605	0.748853	0		1
0.29	0.67091	0		1
0.27	0.428423	0		1
0.275	0.437083	0		1
0.53	0.497705	0		1
0.535	0.506366	0		1
0.17	0.757513	0		1
0.795	0.922058	0		1
0.935	0.142635	0		1
0.245	0.818135	0		1
0.24	0.826795	0		1
0.825	0.904737	0		1
0.735	0.922058	0		1
0.595	0.575648	0		1
0.115	0.818135	0		1
0.185	0.402442	0		1
0.19	0.411103	0		1
0.735	0.402442	0		1
0.725	0.402442	0		1
0.745	0.402442	0		1
0.195	0.0560323	0		1
0.19	0.0473721	0		1
0.225	0.592968	0		1
0.23	0.584308	0		1
0.415	0.523686	0		1
0.405	0.523686	0		1
0.18	0.740192	0		1
0.42	0.428423	0		1
0.41	0.428423	0		1
0.85	0.515026	0		1
0.075	0.66225	0		1
0.63	0.445744	0		1
0.625	0.437083	0		1
0.525	0.0560323	0		1
0.52	0.0473721	0		1
0.28	0.930718	0		1
0.25	0.930718	0		1
0.52	0.965359	0		1
0.22	0.930718	0		1
0.445	0.419763	0		1
0.45	0.411103	0		1
0.11	0.411103	0		1
0.115	0.419763	0		1
0.11	0.428423	0		1
0.83	0.549667	0		1
0.665	0.696891	0		1
0.365	0.125314	0		1
0.375	0.125314	0		1
0.125	0.714212	0		1
0.675	0.956699	0		1
0.685	0.956699	0		1
0.665	0.627609	0		1
0.64	0.601628	0		1
0.855	0.592968	0		1
0.08	0.601628	0		1
0.835	0.627609	0		1
0.29	0.0993336	0		1
0.255	0.835455	0		1
0.395	0.229237	0		1
0.39	0.220577	0		1
0.43	0.618949	0		1
0.44	0.618949	0		1
0.555	0.783494	0		1
0.93	0.30718	0		1
0.94	0.30718	0		1
0.245	0.367801	0		1
0.06	0.705551	0		1
0.055	0.714212	0		1
0.045	0.714212	0		1
0.05	0.722872	0		1
0.06	0.722872	0		1
0.055	0.731532	0		1
0.045	0.731532	0		1
0.05	0.740192	0		1
0.34	0.65359	0		1
0.08	0.65359	0		1
0.95	0.411103	0		1
0.35	0.272539	0		1
0.565	0.800814	0		1
0.22	0.532346	0		1
0.23	0.532346	0		1
0.84	0.30718	0		1
0.83	0.30718	0		1
0.575	0.818135	0		1
0.155	0.558327	0		1
0.33	0.722872	0		1
0.63	0.0993336	0		1
0.64	0.0993336	0		1
0.925	0.437083	0		1
0.915	0.437083	0		1
0.85	0.237898	0		1
0.17	0.532346	0		1
0.845	0.471725	0		1
0.835	0.471725	0		1
0.545	0.31584	0		1
0.54	0.30718	0		1
0.585	0.33316	0		1
0.595	0.33316	0		1
0.92	0.515026	0		1
0.205	0.818135	0		1
0.105	0.0906733	0		1
0.1	0.151295	0		1
0.17	0.861436	0		1
0.74	0.826795	0		1
0.73	0.826795	0		1
0.75	0.826795	0		1
0.755	0.818135	0		1
0.76	0.826795	0		1
0.33	0.774833	0		1
0.895	0.541007	0		1
0.934999	0.904737	0		1
0.55	0.116654	0		1
0.115	0.350481	0		1
0.94	0.844115	0		1
0.945	0.852776	0		1
0.955	0.852776	0		1
0.56	0.151295	0		1
0.555	0.159955	0		1
0.66	0.272539	0		1
0.665	0.281199	0		1
0.655	0.263878	0		1
0.45	0.3245	0		1
0.445	0.33316	0		1
0.435	0.33316	0		1
0.44	0.341821	0		1
0.45	0.341821	0		1
0.445	0.350481	0		1
0.455	0.350481	0		1
0.45	0.359141	0		1
0.46	0.359141	0		1
0.455	0.367801	0		1
0.465	0.367801	0		1
0.46	0.376462	0		1
0.465	0.246558	0		1
0.47	0.237898	0		1
0.465	0.229237	0		1
0.475	0.229237	0		1
0.47	0.220577	0		1
0.895	0.610289	0		1
0.135	0.263878	0		1
0.14	0.255218	0		1
0.13	0.272539	0		1
0.63	0.792154	0		1
0.47	0.584308	0		1
0.595	0.800814	0		1
0.2	0.930718	0		1
0.535	0.0733528	0		1
0.3	0.826795	0		1
0.295	0.835455	0		1
0.32	0.168616	0		1
0.585	0.783494	0		1
0.285	0.194596	0		1
0.825	0.748853	0		1
0.82	0.740192	0		1
0.825	0.731532	0		1
0.815	0.731532	0		1
0.82	0.722872	0		1
0.415	0.956699	0		1
0.405	0.956699	0		1
0.925	0.64493	0		1
0.92	0.636269	0		1
0.205	0.956699	0		1
0.8	0.688231	0		1
0.745	0.800814	0		1
0.72	0.411103	0		1
0.715	0.402442	0		1
0.72	0.393782	0		1
0.71	0.393782	0		1
0.715	0.385122	0		1
0.705	0.385122	0		1
0.71	0.376462	0		1
0.235	0.956699	0		1
0.73	0.428423	0		1
0.465	0.592968	0		1
0.735	0.783494	0		1
0.265	0.956699	0		1
0.795	0.541007	0		1
0.725	0.766173	0		1
0.405	0.211917	0		1
0.425	0.211917	0		1
0.77	0.566987	0		1
0.575	0.610289	0		1
0.58	0.618949	0		1
0.925	0.194596	0		1
0.915	0.177276	0		1
0.91	0.168616	0		1
0.565	0.558327	0		1
0.28	0.203257	0		1
0.27	0.203257	0		1
0.7	0.636269	0		1
0.48	0.636269	0		1
0.475	0.627609	0		1
0.705	0.592968	0		1
0.735	0.66225	0		1
0.12	0.428423	0		1
0.115	0.437083	0		1
0.875	0.783494	0		1
0.625	0.159955	0		1
0.655	0.142635	0		1
0.66	0.133975	0		1
0.055	0.506366	0		1
0.0448919	0.506424	0		1
0.085	0.489045	0		1
0.095	0.489045	0		1
0.1	0.480385	0		1
0.93	0.705551	0		1
0.935	0.696891	0		1
0.945014	0.956684	0		1
0.955095	0.956598	0		1
0.725	0.956699	0		1
0.47	0.930718	0		1
0.335	0.956699	0		1
0.315	0.956699	0		1
0.295	0.956699	0		1
0.185	0.956699	0		1
0.075	0.956699	0		1
0.085	0.956699	0		1
0.04	0.740192	0		1
0.045	0.748853	0		1
0.04	0.948038	0		1
0.045	0.956699	0		1
0.04	0.601628	0		1
0.96	0.237898	0		1
0.04	0.930718	0		1
0.959607	0.22035	0		1
0.39	0.792154	0		1
0.575	0.922058	0		1
0.27	0.636269	0		1
0.315	0.558327	0		1
0.765	0.887417	0		1
0.58	0.428423	0		1
0.59	0.428423	0		1
0.27	0.740192	0		1
0.44	0.67091	0		1
0.43	0.67091	0		1
0.52	0.618949	0		1
0.54	0.0820131	0		1
0.54	0.549667	0		1
0.545	0.541007	0		1
0.555	0.541007	0		1
0.815	0.246558	0		1
0.44	0.428423	0		1
0.145	0.679571	0		1
0.34	0.0646926	0		1
0.345	0.0560323	0		1
0.635	0.922058	0		1
0.47	0.376462	0		1
0.475	0.281199	0		1
0.67	0.584308	0		1
0.615	0.523686	0		1
0.895	0.835455	0		1
0.31	0.168616	0		1
0.115	0.523686	0		1
0.4	0.532346	0		1
0.395	0.523686	0		1
0.305	0.229237	0		1
0.31	0.237898	0		1
0.23	0.133975	0		1
0.22	0.133975	0		1
0.215	0.125314	0		1
0.21	0.133975	0		1
0.205	0.125314	0		1
0.83	0.220577	0		1
0.825	0.211917	0		1
0.19	0.515026	0		1
0.085	0.939378	0		1
0.345	0.887417	0		1
0.355	0.887417	0		1
0.36	0.878756	0		1
0.365	0.887417	0		1
0.37	0.878756	0		1
0.795	0.679571	0		1
0.665	0.31584	0		1
0.355	0.800814	0		1
0.3	0.930718	0		1
0.195	0.454404	0		1
0.19	0.463064	0		1
0.2	0.445744	0		1
0.93	0.237898	0		1
0.705	0.714212	0		1
0.7	0.376462	0		1
0.68	0.515026	0		1
0.64	0.463064	0		1
0.645	0.471725	0		1
0.2	0.133975	0		1
0.195	0.125314	0		1
0.37	0.185936	0		1
0.45	0.30718	0		1
0.935	0.66225	0		1
0.48	0.220577	0		1
0.475	0.211917	0		1
0.95	0.861436	0		1
0.77	0.0820131	0		1
0.775	0.0906733	0		1
0.45	0.67091	0		1
0.455	0.66225	0		1
0.45	0.549667	0		1
0.73	0.618949	0		1
0.64	0.0820131	0		1
0.635	0.0733528	0		1
0.475	0.766173	0		1
0.475	0.696891	0		1
0.495	0.870096	0		1
0.49	0.861436	0		1
0.125	0.956699	0		1
0.96	0.0993336	0		1
0.96	0.393782	0		1
0.0400005	0.861436	0		1
0.0450001	0.870096	0		1
0.959631	0.861223	0		1
0.04	0.844115	0		1
0.96017	0.947882	0		1
0.0404236	0.0476166	0		1
0.96	0.0473721	0		1
0.0398738	0.515153	0		1
0.04	0.393782	0		1
0.96	0.896077	0		1
0.96	0.515026	0		1
0.04	0.185936	0		1
0.045	0.194596	0		1
0.04	0.0820131	0		1
0.045	0.0906733	0		1
0.04	0.168616	0		1
0.045	0.159955	0		1
0.96	0.411103	0		1
0.96	0.722872	0		1
0.04	0.289859	0		1
0.045	0.281199	0		1
0.215	0.0387118	0		1
0.225	0.0387118	0		1
0.0450706	0.0387526	0		1
0.0550118	0.0387186	0		1
0.955	0.0387118	0		1
0.945	0.0387118	0		1
0.295	0.0387118	0		1
0.285	0.0387118	0		1
0.195	0.0387118	0		1
0.185	0.0387118	0		1
0.685	0.0387118	0		1
0.675	0.0387118	0		1
0.695	0.0387118	0		1
0.7	0.0473721	0		1
0.705	0.0387118	0		1
0.71	0.0473721	0		1
0.715	0.0387118	0		1
0.72	0.0473721	0		1
0.725	0.0387118	0		1
0.73	0.0473721	0		1
0.735	0.0387118	0		1
0.725	0.0560323	0		1
0.735	0.0560323	0		1
0.535	0.0387118	0		1
0.545	0.0387118	0		1
0.605	0.0387118	0		1
0.595	0.0387118	0		1
0.615	0.0387118	0		1
0.145	0.0387118	0		1
0.135	0.0387118	0		1
0.56	0.948038	0		1
0.565	0.956699	0		1
0.555	0.956699	0		1
0.21	0.688231	0		1
0.95	0.116654	0		1
0.96	0.116654	0		1
0.815	0.904737	0		1
0.155	0.0387118	0		1
0.535	0.437083	0		1
0.53	0.445744	0		1
0.54	0.428423	0		1
0.28	0.428423	0		1
0.285	0.437083	0		1
0.28	0.445744	0		1
0.29	0.445744	0		1
0.285	0.454404	0		1
0.275	0.419763	0		1
0.295	0.454404	0		1
0.29	0.463064	0		1
0.3	0.463064	0		1
0.295	0.471725	0		1
0.065	0.852776	0		1
0.715	0.956699	0		1
0.195	0.402442	0		1
0.2	0.411103	0		1
0.19	0.393782	0		1
0.535	0.558327	0		1
0.525	0.627609	0		1
0.515	0.0560323	0		1
0.51	0.0473721	0		1
0.515	0.0387118	0		1
0.505	0.0387118	0		1
0.5	0.0473721	0		1
0.495	0.0387118	0		1
0.49	0.0473721	0		1
0.485	0.0387118	0		1
0.48	0.0473721	0		1
0.475	0.0387118	0		1
0.47	0.0473721	0		1
0.465	0.0387118	0		1
0.46	0.0473721	0		1
0.455	0.0387118	0		1
0.45	0.0473721	0		1
0.445	0.0387118	0		1
0.44	0.0473721	0		1
0.435	0.0387118	0		1
0.43	0.0473721	0		1
0.425	0.0387118	0		1
0.42	0.0473721	0		1
0.415	0.0387118	0		1
0.515	0.592968	0		1
0.41	0.0473721	0		1
0.405	0.0387118	0		1
0.925	0.142635	0		1
0.285	0.66225	0		1
0.375	0.887417	0		1
0.38	0.878756	0		1
0.845	0.506366	0		1
0.245	0.783494	0		1
0.765	0.818135	0		1
0.77	0.826795	0		1
0.215	0.177276	0		1
0.22	0.185936	0		1
0.355	0.541007	0		1
0.36	0.532346	0		1
0.805	0.696891	0		1
0.815	0.696891	0		1
0.725	0.922058	0		1
0.73	0.913397	0		1
0.835	0.541007	0		1
0.63	0.948038	0		1
0.625	0.956699	0		1
0.635	0.956699	0		1
0.31	0.0646926	0		1
0.66	0.705551	0		1
0.34	0.0993336	0		1
0.32	0.116654	0		1
0.465	0.385122	0		1
0.66	0.636269	0		1
0.15	0.67091	0		1
0.615	0.956699	0		1
0.46	0.896077	0		1
0.375	0.870096	0		1
0.385	0.870096	0		1
0.38	0.861436	0		1
0.39	0.861436	0		1
0.385	0.852776	0		1
0.395	0.852776	0		1
0.39	0.844115	0		1
0.4	0.844115	0		1
0.395	0.835455	0		1
0.83	0.948038	0		1
0.825	0.956699	0		1
0.835	0.956699	0		1
0.92	0.740192	0		1
0.915	0.731532	0		1
0.91	0.740192	0		1
0.285	0.471725	0		1
0.29	0.480385	0		1
0.28	0.480385	0		1
0.285	0.489045	0		1
0.275	0.489045	0		1
0.28	0.497705	0		1
0.27	0.497705	0		1
0.275	0.506366	0		1
0.265	0.506366	0		1
0.27	0.515026	0		1
0.26	0.515026	0		1
0.265	0.523686	0		1
0.09	0.722872	0		1
0.84	0.515026	0		1
0.165	0.142635	0		1
0.475	0.870096	0		1
0.15	0.601628	0		1
0.155	0.592968	0		1
0.35	0.497705	0		1
0.125	0.229237	0		1
0.135	0.229237	0		1
0.13	0.220577	0		1
0.73	0.133975	0		1
0.78	0.861436	0		1
0.24	0.0820131	0		1
0.94	0.116654	0		1
0.735	0.575648	0		1
0.67	0.272539	0		1
0.675	0.281199	0		1
0.68	0.272539	0		1
0.685	0.281199	0		1
0.69	0.272539	0		1
0.695	0.281199	0		1
0.7	0.272539	0		1
0.705	0.281199	0		1
0.71	0.272539	0		1
0.955	0.385122	0		1
0.63	0.289859	0		1
0.635	0.298519	0		1
0.355	0.125314	0		1
0.44	0.566987	0		1
0.85	0.601628	0		1
0.355	0.0560323	0		1
0.35	0.0473721	0		1
0.36	0.0473721	0		1
0.34	0.0473721	0		1
0.345	0.0387118	0		1
0.335	0.0387118	0		1
0.3	0.341821	0		1
0.46	0.497705	0		1
0.47	0.0993336	0		1
0.76	0.341821	0		1
0.935	0.31584	0		1
0.945	0.31584	0		1
0.95	0.30718	0		1
0.955	0.31584	0		1
0.95	0.3245	0		1
0.96	0.3245	0		1
0.955	0.33316	0		1
0.96	0.30718	0		1
0.675	0.142635	0		1
0.1	0.584308	0		1
0.545	0.506366	0		1
0.58	0.844115	0		1
0.485	0.489045	0		1
0.39	0.289859	0		1
0.69	0.896077	0		1
0.435	0.610289	0		1
0.265	0.800814	0		1
0.225	0.541007	0		1
0.235	0.541007	0		1
0.23	0.549667	0		1
0.24	0.549667	0		1
0.37	0.255218	0		1
0.42	0.65359	0		1
0.855	0.835455	0		1
0.2	0.116654	0		1
0.19	0.116654	0		1
0.195	0.107994	0		1
0.675	0.731532	0		1
0.67	0.740192	0		1
0.665	0.731532	0		1
0.87	0.0820131	0		1
0.41	0.237898	0		1
0.635	0.107994	0		1
0.84	0.272539	0		1
0.345	0.64493	0		1
0.53	0.878756	0		1
0.53	0.359141	0		1
0.71	0.722872	0		1
0.465	0.211917	0		1
0.445	0.367801	0		1
0.805	0.350481	0		1
0.355	0.679571	0		1
0.43	0.341821	0		1
0.675	0.748853	0		1
0.35	0.0993336	0		1
0.495	0.142635	0		1
0.38	0.584308	0		1
0.625	0.367801	0		1
0.425	0.33316	0		1
0.48	0.272539	0		1
0.195	0.506366	0		1
0.6	0.480385	0		1
0.345	0.956699	0		1
0.65	0.566987	0		1
0.575	0.194596	0		1
0.135	0.0906733	0		1
0.295	0.679571	0		1
0.285	0.679571	0		1
0.745	0.177276	0		1
0.91	0.445744	0		1
0.905	0.437083	0		1
0.91	0.428423	0		1
0.9	0.428423	0		1
0.205	0.696891	0		1
0.21	0.359141	0		1
0.2	0.359141	0		1
0.205	0.350481	0		1
0.195	0.350481	0		1
0.2	0.341821	0		1
0.19	0.359141	0		1
0.285	0.835455	0		1
0.26	0.272539	0		1
0.63	0.255218	0		1
0.725	0.0906733	0		1
0.33	0.636269	0		1
0.32	0.636269	0		1
0.325	0.627609	0		1
0.315	0.627609	0		1
0.32	0.618949	0		1
0.31	0.618949	0		1
0.315	0.610289	0		1
0.305	0.627609	0		1
0.13	0.705551	0		1
0.835	0.904737	0		1
0.83	0.896077	0		1
0.84	0.896077	0		1
0.835	0.887417	0		1
0.845	0.887417	0		1
0.84	0.878756	0		1
0.71	0.861436	0		1
0.045	0.922058	0		1
0.825	0.800814	0		1
0.52	0.151295	0		1
0.905	0.419763	0		1
0.895	0.419763	0		1
0.085	0.125314	0		1
0.6	0.913397	0		1
0.29	0.688231	0		1
0.135	0.956699	0		1
0.955	0.419763	0		1
0.9	0.445744	0		1
0.9	0.497705	0		1
0.675	0.506366	0		1
0.085	0.66225	0		1
0.08	0.67091	0		1
0.74	0.913397	0		1
0.62	0.0473721	0		1
0.625	0.0387118	0		1
0.63	0.0473721	0		1
0.635	0.0387118	0		1
0.455	0.558327	0		1
0.63	0.480385	0		1
0.915	0.922058	0		1
0.15	0.740192	0		1
0.9	0.411103	0		1
0.89	0.411103	0		1
0.895	0.402442	0		1
0.885	0.402442	0		1
0.89	0.393782	0		1
0.88	0.393782	0		1
0.885	0.385122	0		1
0.875	0.385122	0		1
0.88	0.376462	0		1
0.87	0.376462	0		1
0.12	0.0646926	0		1
0.115	0.0560323	0		1
0.135	0.766173	0		1
0.205	0.142635	0		1
0.375	0.194596	0		1
0.9	0.549667	0		1
0.85	0.878756	0		1
0.845	0.870096	0		1
0.055	0.748853	0		1
0.05	0.757513	0		1
0.04	0.757513	0		1
0.045	0.766173	0		1
0.25	0.411103	0		1
0.24	0.411103	0		1
0.59	0.341821	0		1
0.6	0.341821	0		1
0.605	0.33316	0		1
0.61	0.341821	0		1
0.615	0.33316	0		1
0.58	0.341821	0		1
0.92	0.878756	0		1
0.9	0.601628	0		1
0.315	0.177276	0		1
0.335	0.194596	0		1
0.235	0.592968	0		1
0.23	0.601628	0		1
0.24	0.584308	0		1
0.115	0.956699	0		1
0.455	0.419763	0		1
0.46	0.411103	0		1
0.305	0.835455	0		1
0.295	0.489045	0		1
0.72	0.913397	0		1
0.7	0.289859	0		1
0.71	0.289859	0		1
0.11	0.359141	0		1
0.115	0.367801	0		1
0.39	0.185936	0		1
0.71	0.411103	0		1
0.31	0.826795	0		1
0.29	0.844115	0		1
0.28	0.844115	0		1
0.47	0.359141	0		1
0.745	0.835455	0		1
0.905	0.177276	0		1
0.81	0.722872	0		1
0.775	0.575648	0		1
0.645	0.107994	0		1
0.795	0.696891	0		1
0.685	0.523686	0		1
0.525	0.506366	0		1
0.52	0.497705	0		1
0.905	0.125314	0		1
0.14	0.272539	0		1
0.135	0.281199	0		1
0.125	0.281199	0		1
0.13	0.289859	0		1
0.12	0.289859	0		1
0.125	0.298519	0		1
0.115	0.298519	0		1
0.12	0.30718	0		1
0.11	0.30718	0		1
0.115	0.31584	0		1
0.14	0.792154	0		1
0.13	0.792154	0		1
0.21	0.168616	0		1
0.21	0.185936	0		1
0.215	0.194596	0		1
0.88	0.774833	0		1
0.81	0.774833	0		1
0.9	0.168616	0		1
0.905	0.159955	0		1
0.83	0.757513	0		1
0.805	0.731532	0		1
0.585	0.610289	0		1
0.58	0.601628	0		1
0.65	0.133975	0		1
0.6	0.757513	0		1
0.36	0.896077	0		1
0.53	0.515026	0		1
0.11	0.515026	0		1
0.09	0.497705	0		1
0.049982	0.497715	0		1
0.0398708	0.497775	0		1
0.0449755	0.489058	0		1
0.95	0.67091	0		1
0.96	0.67091	0		1
0.68	0.965359	0		1
0.69	0.965359	0		1
0.67	0.965359	0		1
0.47	0.757513	0		1
0.49	0.896077	0		1
0.5	0.930718	0		1
0.83	0.965359	0		1
0.84	0.965359	0		1
0.82	0.965359	0		1
0.950018	0.96534	0		1
0.960036	0.965294	0		1
0.940005	0.965353	0		1
0.965	0.419763	0		1
0.96	0.428423	0		1
0.035	0.159955	0		1
0.04	0.151295	0		1
0.035	0.610289	0		1
0.0351871	0.0907814	0		1
0.0400312	0.0993516	0		1
0.0500052	0.0993366	0		1
0.0450061	0.107997	0		1
0.0550005	0.107994	0		1
0.0500011	0.116655	0		1
0.0400012	0.116655	0		1
0.035	0.281199	0		1
0.04	0.272539	0		1
0.0349191	0.489091	0		1
0.0399824	0.480395	0		1
0.035	0.731532	0		1
0.965	0.731532	0		1
0.964807	0.85282	0		1
0.035	0.437083	0		1
0.04	0.445744	0		1
0.95	0.0300515	0		1
0.73	0.0300515	0		1
0.22	0.0300515	0		1
0.0500137	0.0300595	0		1
0.14	0.0300515	0		1
0.47	0.0304381	0		1
0.035	0.766173	0		1
0.04	0.774833	0		1
0.03	0.774833	0		1
0.035	0.783494	0		1
0.965	0.904737	0		1
0.96493	0.385082	0		1
0.959988	0.376455	0		1
0.0350701	0.385082	0		1
0.0400117	0.376455	0		1
0.0350816	0.194643	0		1
0.0400136	0.203264	0		1
0.0306921	0.185751	0		1
0.0360663	0.0558617	0		1
0.965	0.0560323	0		1
0.0351282	0.956625	0		1
0.965	0.523686	0		1
0.03	0.272539	0		1
0.035	0.263878	0		1
0.965	0.33316	0		1
0.96	0.341821	0		1
0.95	0.341821	0		1
0.97	0.3245	0		1
0.964969	0.662232	0		1
0.0307288	0.203699	0		1
0.0351055	0.211979	0		1
0.0450198	0.211929	0		1
0.0400209	0.220589	0		1
0.05	0.220577	0		1
0.0450035	0.229239	0		1
0.0550006	0.229238	0		1
0.0500007	0.237898	0		1
0.0400007	0.237898	0		1
0.0350421	0.922033	0		1
0.040007	0.913393	0		1
0.035	0.298519	0		1
0.04	0.30718	0		1
0.0345611	0.039335	0		1
0.965	0.0387118	0		1
0.0350001	0.870096	0		1
0.04	0.878756	0		1
0.0300295	0.861454	0		1
0.03	0.757513	0		1
0.565	0.922058	0		1
0.555	0.939378	0		1
0.41	0.809474	0		1
0.595	0.748853	0		1
0.215	0.679571	0		1
0.435	0.679571	0		1
0.425	0.679571	0		1
0.585	0.419763	0		1
0.595	0.419763	0		1
0.34	0.566987	0		1
0.215	0.696891	0		1
0.21	0.705551	0		1
0.28	0.688231	0		1
0.285	0.696891	0		1
0.295	0.748853	0		1
0.41	0.774833	0		1
0.405	0.766173	0		1
0.59	0.618949	0		1
0.275	0.731532	0		1
0.275	0.523686	0		1
0.27	0.532346	0		1
0.285	0.506366	0		1
0.71	0.948038	0		1
0.215	0.818135	0		1
0.22	0.809474	0		1
0.21	0.826795	0		1
0.125	0.419763	0		1
0.57	0.566987	0		1
0.575	0.558327	0		1
0.955	0.125314	0		1
0.965	0.125314	0		1
0.15	0.792154	0		1
0.58	0.896077	0		1
0.205	0.402442	0		1
0.21	0.411103	0		1
0.72	0.376462	0		1
0.535	0.541007	0		1
0.185	0.107994	0		1
0.19	0.0993336	0		1
0.18	0.116654	0		1
0.54	0.601628	0		1
0.545	0.107994	0		1
0.555	0.107994	0		1
0.16	0.774833	0		1
0.79	0.255218	0		1
0.855	0.870096	0		1
0.85	0.861436	0		1
0.125	0.783494	0		1
0.12	0.792154	0		1
0.74	0.393782	0		1
0.75	0.393782	0		1
0.805	0.229237	0		1
0.8	0.220577	0		1
0.805	0.211917	0		1
0.795	0.211917	0		1
0.24	0.792154	0		1
0.715	0.367801	0		1
0.705	0.263878	0		1
0.715	0.263878	0		1
0.795	0.263878	0		1
0.79	0.272539	0		1
0.065	0.731532	0		1
0.305	0.471725	0		1
0.415	0.437083	0		1
0.405	0.437083	0		1
0.4	0.428423	0		1
0.395	0.437083	0		1
0.39	0.428423	0		1
0.385	0.437083	0		1
0.38	0.428423	0		1
0.385	0.419763	0		1
0.375	0.419763	0		1
0.38	0.411103	0		1
0.37	0.411103	0		1
0.375	0.402442	0		1
0.365	0.402442	0		1
0.37	0.393782	0		1
0.36	0.393782	0		1
0.365	0.385122	0		1
0.355	0.385122	0		1
0.36	0.376462	0		1
0.35	0.376462	0		1
0.055	0.870096	0		1
0.37	0.428423	0		1
0.48	0.237898	0		1
0.165	0.696891	0		1
0.45	0.913397	0		1
0.36	0.411103	0		1
0.41	0.515026	0		1
0.42	0.515026	0		1
0.105	0.367801	0		1
0.11	0.376462	0		1
0.655	0.696891	0		1
0.235	0.523686	0		1
0.35	0.393782	0		1
0.14	0.220577	0		1
0.135	0.211917	0		1
0.145	0.229237	0		1
0.135	0.714212	0		1
0.4	0.0473721	0		1
0.395	0.0387118	0		1
0.86	0.549667	0		1
0.855	0.558327	0		1
0.245	0.541007	0		1
0.25	0.549667	0		1
0.53	0.0820131	0		1
0.185	0.0560323	0		1
0.37	0.116654	0		1
0.38	0.116654	0		1
0.385	0.125314	0		1
0.33	0.0820131	0		1
0.325	0.0906733	0		1
0.655	0.939378	0		1
0.105	0.437083	0		1
0.11	0.445744	0		1
0.665	0.748853	0		1
0.67	0.757513	0		1
0.835	0.298519	0		1
0.845	0.298519	0		1
0.825	0.298519	0		1
0.82	0.30718	0		1
0.815	0.298519	0		1
0.81	0.30718	0		1
0.805	0.298519	0		1
0.8	0.30718	0		1
0.805	0.31584	0		1
0.795	0.31584	0		1
0.655	0.627609	0		1
0.565	0.142635	0		1
0.57	0.151295	0		1
0.105	0.489045	0		1
0.11	0.480385	0		1
0.105	0.31584	0		1
0.535	0.31584	0		1
0.54	0.3245	0		1
0.53	0.30718	0		1
0.535	0.298519	0		1
0.58	0.0820131	0		1
0.875	0.367801	0		1
0.865	0.367801	0		1
0.455	0.385122	0		1
0.57	0.896077	0		1
0.085	0.714212	0		1
0.955	0.350481	0		1
0.965	0.350481	0		1
0.845	0.592968	0		1
0.31	0.116654	0		1
0.775	0.66225	0		1
0.78	0.65359	0		1
0.645	0.592968	0		1
0.65	0.601628	0		1
0.185	0.350481	0		1
0.18	0.359141	0		1
0.185	0.367801	0		1
0.205	0.419763	0		1
0.625	0.298519	0		1
0.63	0.30718	0		1
0.105	0.523686	0		1
0.8	0.3245	0		1
0.79	0.3245	0		1
0.26	0.463064	0		1
0.955	0.298519	0		1
0.965	0.298519	0		1
0.115	0.263878	0		1
0.385	0.229237	0		1
0.38	0.220577	0		1
0.65	0.463064	0		1
0.655	0.471725	0		1
0.35	0.65359	0		1
0.565	0.471725	0		1
0.635	0.437083	0		1
0.63	0.428423	0		1
0.545	0.471725	0		1
0.675	0.194596	0		1
0.665	0.194596	0		1
0.89	0.774833	0		1
0.885	0.766173	0		1
0.39	0.237898	0		1
0.4	0.67091	0		1
0.47	0.601628	0		1
0.245	0.558327	0		1
0.255	0.558327	0		1
0.3	0.237898	0		1
0.305	0.246558	0		1
0.295	0.229237	0		1
0.83	0.722872	0		1
0.315	0.246558	0		1
0.31	0.255218	0		1
0.87	0.792154	0		1
0.865	0.783494	0		1
0.35	0.618949	0		1
0.36	0.618949	0		1
0.68	0.549667	0		1
0.69	0.549667	0		1
0.62	0.428423	0		1
0.625	0.419763	0		1
0.125	0.142635	0		1
0.15	0.584308	0		1
0.16	0.584308	0		1
0.255	0.125314	0		1
0.64	0.515026	0		1
0.635	0.506366	0		1
0.305	0.177276	0		1
0.31	0.185936	0		1
0.375	0.558327	0		1
0.38	0.549667	0		1
0.14	0.705551	0		1
0.3	0.168616	0		1
0.355	0.367801	0		1
0.345	0.367801	0		1
0.34	0.376462	0		1
0.335	0.367801	0		1
0.34	0.359141	0		1
0.33	0.359141	0		1
0.05	0.151295	0		1
0.145	0.800814	0		1
0.42	0.826795	0		1
0.065	0.263878	0		1
0.15	0.515026	0		1
0.07	0.203257	0		1
0.09	0.65359	0		1
0.915	0.419763	0		1
0.945	0.419763	0		1
0.535	0.107994	0		1
0.335	0.350481	0		1
0.325	0.350481	0		1
0.84	0.480385	0		1
0.83	0.480385	0		1
0.825	0.471725	0		1
0.73	0.0820131	0		1
0.74	0.0820131	0		1
0.72	0.0820131	0		1
0.715	0.714212	0		1
0.72	0.722872	0		1
0.71	0.705551	0		1
0.795	0.298519	0		1
0.915	0.818135	0		1
0.92	0.826795	0		1
0.8	0.203257	0		1
0.79	0.203257	0		1
0.055	0.419763	0		1
0.785	0.31584	0		1
0.78	0.3245	0		1
0.37	0.532346	0		1
0.365	0.523686	0		1
0.91	0.0646926	0		1
0.905	0.0560323	0		1
0.09	0.913397	0		1
0.545	0.159955	0		1
0.55	0.168616	0		1
0.945	0.800814	0		1
0.955	0.800814	0		1
0.65	0.497705	0		1
0.235	0.159955	0		1
0.67	0.289859	0		1
0.835	0.211917	0		1
0.83	0.203257	0		1
0.56	0.168616	0		1
0.195	0.142635	0		1
0.475	0.385122	0		1
0.185	0.506366	0		1
0.19	0.497705	0		1
0.925	0.870096	0		1
0.93	0.878756	0		1
0.905	0.541007	0		1
0.47	0.272539	0		1
0.555	0.177276	0		1
0.38	0.948038	0		1
0.375	0.956699	0		1
0.0600003	0.116654	0		1
0.765	0.835455	0		1
0.335	0.783494	0		1
0.33	0.792154	0		1
0.34	0.774833	0		1
0.12	0.445744	0		1
0.115	0.454404	0		1
0.62	0.341821	0		1
0.625	0.33316	0		1
0.205	0.454404	0		1
0.13	0.428423	0		1
0.11	0.948038	0		1
0.905	0.610289	0		1
0.56	0.116654	0		1
0.0550002	0.125314	0		1
0.215	0.419763	0		1
0.655	0.31584	0		1
0.65	0.3245	0		1
0.29	0.203257	0		1
0.345	0.194596	0		1
0.21	0.445744	0		1
0.675	0.246558	0		1
0.67	0.237898	0		1
0.105	0.350481	0		1
0.775	0.818135	0		1
0.46	0.341821	0		1
0.63	0.965359	0		1
0.64	0.965359	0		1
0.465	0.281199	0		1
0.485	0.211917	0		1
0.49	0.220577	0		1
0.915	0.64493	0		1
0.91	0.636269	0		1
0.48	0.203257	0		1
0.72	0.272539	0		1
0.725	0.263878	0		1
0.72	0.255218	0		1
0.73	0.255218	0		1
0.725	0.246558	0		1
0.91	0.67091	0		1
0.305	0.904737	0		1
0.295	0.904737	0		1
0.315	0.904737	0		1
0.905	0.731532	0		1
0.9	0.740192	0		1
0.91	0.722872	0		1
0.905	0.229237	0		1
0.9	0.237898	0		1
0.46	0.584308	0		1
0.7	0.393782	0		1
0.48	0.376462	0		1
0.775	0.835455	0		1
0.34	0.185936	0		1
0.815	0.748853	0		1
0.954939	0.870061	0		1
0.965331	0.870048	0		1
0.46	0.67091	0		1
0.455	0.679571	0		1
0.78	0.566987	0		1
0.455	0.592968	0		1
0.765	0.0906733	0		1
0.77	0.0993336	0		1
0.78	0.0993336	0		1
0.775	0.107994	0		1
0.785	0.107994	0		1
0.78	0.116654	0		1
0.79	0.116654	0		1
0.795	0.107994	0		1
0.8	0.116654	0		1
0.805	0.107994	0		1
0.81	0.116654	0		1
0.815	0.107994	0		1
0.82	0.116654	0		1
0.825	0.107994	0		1
0.83	0.116654	0		1
0.835	0.107994	0		1
0.805	0.125314	0		1
0.84	0.116654	0		1
0.845	0.107994	0		1
0.835	0.125314	0		1
0.785	0.125314	0		1
0.91	0.220577	0		1
0.685	0.506366	0		1
0.725	0.627609	0		1
0.46	0.549667	0		1
0.455	0.541007	0		1
0.73	0.584308	0		1
0.725	0.575648	0		1
0.275	0.211917	0		1
0.265	0.211917	0		1
0.26	0.203257	0		1
0.255	0.211917	0		1
0.11	0.341821	0		1
0.465	0.558327	0		1
0.47	0.636269	0		1
0.465	0.627609	0		1
0.465	0.66225	0		1
0.65	0.151295	0		1
0.72	0.618949	0		1
0.72	0.965359	0		1
0.73	0.965359	0		1
0.55	0.532346	0		1
0.56	0.532346	0		1
0.065	0.506366	0		1
0.65	0.0993336	0		1
0.655	0.107994	0		1
0.645	0.0733528	0		1
0.41	0.965359	0		1
0.4	0.965359	0		1
0.42	0.965359	0		1
0.56	0.965359	0		1
0.57	0.965359	0		1
0.55	0.965359	0		1
0.0400966	0.965303	0		1
0.0500161	0.96535	0		1
0.925	0.696891	0		1
0.13	0.965359	0		1
0.14	0.965359	0		1
0.455	0.714212	0		1
0.46	0.722872	0		1
0.64	0.0473721	0		1
0.645	0.0387118	0		1
0.93	0.688231	0		1
0.955	0.679571	0		1
0.965	0.679571	0		1
0.465	0.766173	0		1
0.47	0.774833	0		1
0.5	0.861436	0		1
0.495	0.852776	0		1
0.485	0.852776	0		1
0.49	0.844115	0		1
0.5	0.878756	0		1
0.495	0.922058	0		1
0.34	0.965359	0		1
0.35	0.965359	0		1
0.08	0.965359	0		1
0.09	0.965359	0		1
0.03	0.428423	0		1
0.035	0.419763	0		1
0.23	0.0300515	0		1
0.235	0.0387118	0		1
0.24	0.0300515	0		1
0.245	0.0387118	0		1
0.25	0.0300515	0		1
0.255	0.0387118	0		1
0.25	0.0473721	0		1
0.26	0.0473721	0		1
0.255	0.0560323	0		1
0.26	0.0300515	0		1
0.74	0.0300515	0		1
0.745	0.0387118	0		1
0.75	0.0300515	0		1
0.755	0.0387118	0		1
0.76	0.0300515	0		1
0.765	0.0387118	0		1
0.77	0.0300515	0		1
0.0600042	0.030054	0		1
0.94	0.0300515	0		1
0.13	0.0300515	0		1
0.0308552	0.947411	0		1
0.97	0.116654	0		1
0.0300837	0.376413	0		1
0.0350159	0.367792	0		1
0.97	0.411103	0		1
0.0306903	0.394026	0		1
0.03	0.878756	0		1
0.035	0.887417	0		1
0.045	0.887417	0		1
0.03	0.601628	0		1
0.035	0.592968	0		1
0.0308106	0.0826948	0		1
0.97	0.515026	0		1
0.965	0.506366	0		1
0.0298322	0.497712	0		1
0.03	0.445744	0		1
0.035	0.454404	0		1
0.0300984	0.307123	0		1
0.0351148	0.315774	0		1
0.0300503	0.913368	0		1
0.97	0.722872	0		1
0.030851	0.965324	0		1
0.97	0.428423	0		1
0.965	0.437083	0		1
0.03	0.151295	0		1
0.035	0.142635	0		1
0.0299406	0.0994792	0		1
0.0299284	0.480426	0		1
0.97	0.896077	0		1
0.969916	0.376413	0		1
0.0297402	0.220589	0		1
0.0245534	0.419579	0		1
0.34	0.0300515	0		1
0.33	0.0300515	0		1
0.35	0.0300515	0		1
0.29	0.0300515	0		1
0.3	0.0300515	0		1
0.19	0.0300515	0		1
0.18	0.0300515	0		1
0.4	0.0300515	0		1
0.39	0.0300515	0		1
0.385	0.0387118	0		1
0.38	0.0300515	0		1
0.42	0.0300515	0		1
0.44	0.0300515	0		1
0.490281	0.030596	0		1
0.51	0.0300515	0		1
0.599719	0.030596	0		1
0.589673	0.0303043	0		1
0.620281	0.030596	0		1
0.64	0.0300515	0		1
0.65	0.0300515	0		1
0.68	0.0300515	0		1
0.699719	0.030596	0		1
0.540281	0.0306002	0		1
0.550327	0.030305	0		1
0.555055	0.038754	0		1
0.560064	0.0301008	0		1
0.975	0.731532	0		1
0.97	0.740192	0		1
0.0450941	0.973965	0		1
0.43	0.688231	0		1
0.42	0.688231	0		1
0.59	0.896077	0		1
0.245	0.592968	0		1
0.385	0.887417	0		1
0.59	0.411103	0		1
0.59	0.757513	0		1
0.22	0.705551	0		1
0.215	0.714212	0		1
0.515	0.506366	0		1
0.53	0.428423	0		1
0.535	0.419763	0		1
0.3	0.618949	0		1
0.295	0.627609	0		1
0.275	0.696891	0		1
0.28	0.705551	0		1
0.415	0.974019	0		1
0.275	0.679571	0		1
0.96	0.133975	0		1
0.97	0.133975	0		1
0.965	0.142635	0		1
0.7	0.930718	0		1
0.93	0.133975	0		1
0.38	0.896077	0		1
0.725	0.904737	0		1
0.715	0.904737	0		1
0.3	0.445744	0		1
0.595	0.610289	0		1
0.285	0.419763	0		1
0.28	0.411103	0		1
0.155	0.800814	0		1
0.22	0.826795	0		1
0.215	0.835455	0		1
0.58	0.411103	0		1
0.825	0.887417	0		1
0.675	0.974019	0		1
0.175	0.0387118	0		1
0.25	0.584308	0		1
0.515	0.541007	0		1
0.045	0.783494	0		1
0.415	0.0560323	0		1
0.405	0.852776	0		1
0.225	0.835455	0		1
0.22	0.844115	0		1
0.23	0.844115	0		1
0.215	0.402442	0		1
0.395	0.870096	0		1
0.71	0.965359	0		1
0.84	0.861436	0		1
0.535	0.592968	0		1
0.06	0.757513	0		1
0.6	0.411103	0		1
0.115	0.783494	0		1
0.725	0.367801	0		1
0.415	0.506366	0		1
0.81	0.289859	0		1
0.825	0.974019	0		1
0.82	0.480385	0		1
0.815	0.471725	0		1
0.825	0.489045	0		1
0.53	0.618949	0		1
0.535	0.627609	0		1
0.53	0.636269	0		1
0.35	0.532346	0		1
0.345	0.541007	0		1
0.175	0.142635	0		1
0.725	0.714212	0		1
0.41	0.844115	0		1
0.405	0.818135	0		1
0.09	0.67091	0		1
0.82	0.515026	0		1
0.79	0.220577	0		1
0.895	0.159955	0		1
0.8	0.705551	0		1
0.845	0.523686	0		1
0.39	0.445744	0		1
0.38	0.445744	0		1
0.825	0.714212	0		1
0.04	0.792154	0		1
0.03	0.792154	0		1
0.035	0.800814	0		1
0.475	0.263878	0		1
0.9	0.722872	0		1
0.155	0.679571	0		1
0.4	0.774833	0		1
0.405	0.783494	0		1
0.11	0.0646926	0		1
0.285	0.852776	0		1
0.495	0.0560323	0		1
0.475	0.0560323	0		1
0.455	0.0560323	0		1
0.435	0.0560323	0		1
0.33	0.0473721	0		1
0.5	0.844115	0		1
0.53	0.601628	0		1
0.11	0.792154	0		1
0.65	0.705551	0		1
0.175	0.367801	0		1
0.18	0.376462	0		1
0.33	0.376462	0		1
0.55	0.0993336	0		1
0.56	0.0993336	0		1
0.315	0.107994	0		1
0.28	0.0300515	0		1
0.47	0.393782	0		1
0.1	0.445744	0		1
0.39	0.116654	0		1
0.395	0.125314	0		1
0.4	0.116654	0		1
0.405	0.125314	0		1
0.41	0.116654	0		1
0.415	0.125314	0		1
0.42	0.116654	0		1
0.425	0.125314	0		1
0.43	0.116654	0		1
0.435	0.125314	0		1
0.44	0.116654	0		1
0.445	0.125314	0		1
0.45	0.116654	0		1
0.455	0.125314	0		1
0.46	0.116654	0		1
0.465	0.125314	0		1
0.045	0.454404	0		1
0.26	0.497705	0		1
0.33	0.116654	0		1
0.0650027	0.0387133	0		1
0.0700012	0.0300522	0		1
0.0750006	0.0387122	0		1
0.0800003	0.0300517	0		1
0.0850002	0.0387119	0		1
0.0900001	0.0300516	0		1
0.095	0.0387118	0		1
0.1	0.0300516	0		1
0.105	0.0387118	0		1
0.11	0.0300516	0		1
0.385	0.835455	0		1
0.39	0.826795	0		1
0.82	0.0993336	0		1
0.855	0.887417	0		1
0.65	0.636269	0		1
0.655	0.64493	0		1
0.92	0.705551	0		1
0.66	0.30718	0		1
0.89	0.428423	0		1
0.085	0.679571	0		1
0.16	0.67091	0		1
0.155	0.66225	0		1
0.335	0.922058	0		1
0.34	0.913397	0		1
0.1	0.0473721	0		1
0.68	0.497705	0		1
0.905	0.748853	0		1
0.895	0.748853	0		1
0.26	0.549667	0		1
0.525	0.298519	0		1
0.53	0.289859	0		1
0.195	0.783494	0		1
0.375	0.852776	0		1
0.725	0.610289	0		1
0.195	0.437083	0		1
0.77	0.584308	0		1
0.78	0.584308	0		1
0.775	0.592968	0		1
0.905	0.211917	0		1
0.335	0.766173	0		1
0.82	0.463064	0		1
0.81	0.463064	0		1
0.815	0.454404	0		1
0.805	0.454404	0		1
0.81	0.445744	0		1
0.8	0.445744	0		1
0.805	0.437083	0		1
0.815	0.437083	0		1
0.81	0.428423	0		1
0.8	0.428423	0		1
0.805	0.419763	0		1
0.795	0.419763	0		1
0.8	0.411103	0		1
0.79	0.411103	0		1
0.795	0.402442	0		1
0.785	0.402442	0		1
0.785	0.419763	0		1
0.81	0.411103	0		1
0.48	0.844115	0		1
0.485	0.835455	0		1
0.16	0.601628	0		1
0.155	0.610289	0		1
0.1	0.30718	0		1
0.86	0.792154	0		1
0.855	0.783494	0		1
0.85	0.792154	0		1
0.845	0.783494	0		1
0.65	0.913397	0		1
0.21	0.757513	0		1
0.2	0.757513	0		1
0.205	0.748853	0		1
0.1	0.341821	0		1
0.11	0.532346	0		1
0.185	0.922058	0		1
0.18	0.913397	0		1
0.19	0.913397	0		1
0.32	0.0820131	0		1
0.385	0.107994	0		1
0.15	0.913397	0		1
0.17	0.792154	0		1
0.175	0.783494	0		1
0.525	0.0733528	0		1
0.315	0.0906733	0		1
0.584945	0.0387539	0		1
0.2	0.0993336	0		1
0.945	0.350481	0		1
0.97	0.30718	0		1
0.835	0.523686	0		1
0.85	0.636269	0		1
0.84	0.601628	0		1
0.845	0.610289	0		1
0.62	0.30718	0		1
0.19	0.376462	0		1
0.92	0.861436	0		1
0.845	0.956699	0		1
0.85	0.965359	0		1
0.165	0.818135	0		1
0.11	0.601628	0		1
0.105	0.610289	0		1
0.67	0.203257	0		1
0.66	0.203257	0		1
0.655	0.194596	0		1
0.65	0.203257	0		1
0.645	0.194596	0		1
0.64	0.203257	0		1
0.645	0.211917	0		1
0.635	0.211917	0		1
0.64	0.220577	0		1
0.65	0.220577	0		1
0.645	0.229237	0		1
0.63	0.220577	0		1
0.625	0.211917	0		1
0.635	0.194596	0		1
0.64	0.185936	0		1
0.2	0.0300515	0		1
0.51	0.497705	0		1
0.71	0.220577	0		1
0.69	0.948038	0		1
0.44	0.133975	0		1
0.535	0.454404	0		1
0.525	0.454404	0		1
0.435	0.922058	0		1
0.18	0.0993336	0		1
0.185	0.0906733	0		1
0.255	0.523686	0		1
0.25	0.515026	0		1
0.215	0.541007	0		1
0.455	0.731532	0		1
0.465	0.731532	0		1
0.625	0.107994	0		1
0.15	0.133975	0		1
0.9	0.757513	0		1
0.73	0.67091	0		1
0.725	0.66225	0		1
0.72	0.67091	0		1
0.105	0.194596	0		1
0.11	0.185936	0		1
0.115	0.194596	0		1
0.12	0.185936	0		1
0.115	0.177276	0		1
0.125	0.177276	0		1
0.13	0.185936	0		1
0.88	0.463064	0		1
0.735	0.437083	0		1
0.725	0.437083	0		1
0.73	0.445744	0		1
0.72	0.428423	0		1
0.665	0.211917	0		1
0.515	0.489045	0		1
0.505	0.489045	0		1
0.51	0.480385	0		1
0.5	0.480385	0		1
0.505	0.471725	0		1
0.875	0.939378	0		1
0.88	0.948038	0		1
0.87	0.948038	0		1
0.875	0.956699	0		1
0.065	0.748853	0		1
0.125	0.211917	0		1
0.33	0.740192	0		1
0.66	0.688231	0		1
0.65	0.688231	0		1
0.655	0.679571	0		1
0.75	0.0473721	0		1
0.235	0.575648	0		1
0.835	0.177276	0		1
0.96	0.289859	0		1
0.97	0.289859	0		1
0.26	0.359141	0		1
0.13	0.480385	0		1
0.04	0.618949	0		1
0.03	0.618949	0		1
0.035	0.627609	0		1
0.695	0.558327	0		1
0.7	0.549667	0		1
0.705	0.558327	0		1
0.735	0.350481	0		1
0.87	0.67091	0		1
0.16	0.913397	0		1
0.155	0.904737	0		1
0.165	0.904737	0		1
0.16	0.896077	0		1
0.15	0.896077	0		1
0.155	0.887417	0		1
0.145	0.887417	0		1
0.15	0.878756	0		1
0.85	0.584308	0		1
0.84	0.584308	0		1
0.64	0.584308	0		1
0.74	0.220577	0		1
0.27	0.722872	0		1
0.9	0.532346	0		1
0.12	0.774833	0		1
0.91	0.185936	0		1
0.16	0.705551	0		1
0.545	0.177276	0		1
0.345	0.66225	0		1
0.62	0.480385	0		1
0.965	0.281199	0		1
0.195	0.766173	0		1
0.8	0.272539	0		1
0.805	0.263878	0		1
0.105	0.558327	0		1
0.67	0.601628	0		1
0.34	0.133975	0		1
0.375	0.610289	0		1
0.655	0.714212	0		1
0.445	0.402442	0		1
0.05	0.809474	0		1
0.645	0.610289	0		1
0.66	0.618949	0		1
0.355	0.66225	0		1
0.635	0.558327	0		1
0.37	0.376462	0		1
0.345	0.107994	0		1
0.29	0.116654	0		1
0.925	0.31584	0		1
0.93	0.3245	0		1
0.925	0.246558	0		1
0.63	0.393782	0		1
0.48	0.618949	0		1
0.095	0.696891	0		1
0.84	0.445744	0		1
0.845	0.575648	0		1
0.41	0.757513	0		1
0.4	0.757513	0		1
0.405	0.748853	0		1
0.165	0.489045	0		1
0.705	0.0560323	0		1
0.65	0.0820131	0		1
0.48	0.705551	0		1
0.115	0.852776	0		1
0.385	0.402442	0		1
0.64	0.255218	0		1
0.0301509	0.930616	0		1
0.1	0.601628	0		1
0.095	0.610289	0		1
0.1	0.618949	0		1
0.09	0.618949	0		1
0.095	0.627609	0		1
0.375	0.298519	0		1
0.425	0.437083	0		1
0.42	0.445744	0		1
0.43	0.445744	0		1
0.325	0.610289	0		1
0.32	0.601628	0		1
0.655	0.575648	0		1
0.315	0.211917	0		1
0.355	0.64493	0		1
0.295	0.731532	0		1
0.89	0.515026	0		1
0.47	0.116654	0		1
0.475	0.125314	0		1
0.38	0.237898	0		1
0.61	0.3245	0		1
0.42	0.255218	0		1
0.28	0.0473721	0		1
0.0450191	0.315829	0		1
0.0400223	0.324487	0		1
0.0307013	0.32459	0		1
0.0352532	0.33325	0		1
0.0450459	0.333173	0		1
0.0400499	0.341838	0		1
0.03	0.341821	0		1
0.21	0.67091	0		1
0.22	0.67091	0		1
0.215	0.66225	0		1
0.4	0.65359	0		1
0.425	0.610289	0		1
0.43	0.601628	0		1
0.35	0.705551	0		1
0.77	0.809474	0		1
0.325	0.0733528	0		1
0.385	0.246558	0		1
0.395	0.246558	0		1
0.56	0.497705	0		1
0.6	0.740192	0		1
0.59	0.740192	0		1
0.595	0.731532	0		1
0.565	0.541007	0		1
0.57	0.532346	0		1
0.42	0.341821	0		1
0.425	0.350481	0		1
0.415	0.33316	0		1
0.67	0.861436	0		1
0.52	0.0300515	0		1
0.215	0.263878	0		1
0.73	0.376462	0		1
0.265	0.33316	0		1
0.775	0.64493	0		1
0.785	0.64493	0		1
0.78	0.636269	0		1
0.96	0.203257	0		1
0.965	0.194596	0		1
0.971088	0.204387	0		1
0.96	0.185936	0		1
0.97	0.185936	0		1
0.825	0.506366	0		1
0.84	0.376462	0		1
0.48	0.30718	0		1
0.475	0.31584	0		1
0.63	0.116654	0		1
0.969478	0.393989	0		1
0.595	0.159955	0		1
0.35	0.289859	0		1
0.87	0.393782	0		1
0.555	0.454404	0		1
0.895	0.592968	0		1
0.905	0.592968	0		1
0.9	0.584308	0		1
0.6	0.428423	0		1
0.84	0.220577	0		1
0.265	0.748853	0		1
0.275	0.748853	0		1
0.27	0.757513	0		1
0.535	0.939378	0		1
0.225	0.194596	0		1
0.22	0.203257	0		1
0.23	0.203257	0		1
0.225	0.211917	0		1
0.77	0.67091	0		1
0.585	0.627609	0		1
0.595	0.627609	0		1
0.59	0.636269	0		1
0.365	0.177276	0		1
0.39	0.133975	0		1
0.105	0.402442	0		1
0.115	0.402442	0		1
0.03	0.740192	0		1
0.67	0.497705	0		1
0.27	0.411103	0		1
0.275	0.402442	0		1
0.265	0.402442	0		1
0.27	0.393782	0		1
0.26	0.393782	0		1
0.265	0.385122	0		1
0.25	0.774833	0		1
0.255	0.783494	0		1
0.26	0.774833	0		1
0.32	0.255218	0		1
0.315	0.263878	0		1
0.325	0.263878	0		1
0.32	0.272539	0		1
0.045	0.263878	0		1
0.63	0.532346	0		1
0.335	0.385122	0		1
0.3	0.688231	0		1
0.24	0.133975	0		1
0.605	0.766173	0		1
0.635	0.939378	0		1
0.33	0.272539	0		1
0.32	0.896077	0		1
0.73	0.636269	0		1
0.185	0.419763	0		1
0.82	0.203257	0		1
0.88	0.411103	0		1
0.865	0.229237	0		1
0.54	0.289859	0		1
0.535	0.281199	0		1
0.545	0.281199	0		1
0.54	0.272539	0		1
0.55	0.272539	0		1
0.545	0.263878	0		1
0.555	0.263878	0		1
0.56	0.272539	0		1
0.565	0.263878	0		1
0.56	0.255218	0		1
0.41	0.133975	0		1
0.655	0.887417	0		1
0.155	0.194596	0		1
0.52	0.774833	0		1
0.525	0.766173	0		1
0.53	0.774833	0		1
0.535	0.766173	0		1
0.53	0.757513	0		1
0.28	0.30718	0		1
0.59	0.913397	0		1
0.42	0.67091	0		1
0.645	0.454404	0		1
0.12	0.0473721	0		1
0.585	0.350481	0		1
0.86	0.376462	0		1
0.115	0.281199	0		1
0.18	0.237898	0		1
0.73	0.30718	0		1
0.755	0.402442	0		1
0.76	0.393782	0		1
0.765	0.402442	0		1
0.77	0.393782	0		1
0.415	0.800814	0		1
0.705	0.177276	0		1
0.7	0.168616	0		1
0.71	0.168616	0		1
0.705	0.159955	0		1
0.715	0.159955	0		1
0.71	0.151295	0		1
0.7	0.151295	0		1
0.175	0.956699	0		1
0.18	0.965359	0		1
0.17	0.965359	0		1
0.175	0.974019	0		1
0.775	0.558327	0		1
0.34	0.601628	0		1
0.91	0.463064	0		1
0.18	0.515026	0		1
0.19	0.0646926	0		1
0.18	0.0646926	0		1
0.13	0.722872	0		1
0.14	0.722872	0		1
0.579936	0.0301007	0		1
0.14	0.566987	0		1
0.335	0.748853	0		1
0.34	0.740192	0		1
0.895	0.558327	0		1
0.905	0.558327	0		1
0.105	0.471725	0		1
0.19	0.757513	0		1
0.185	0.766173	0		1
0.235	0.211917	0		1
0.595	0.887417	0		1
0.6	0.896077	0		1
0.605	0.887417	0		1
0.25	0.203257	0		1
0.03	0.168616	0		1
0.155	0.852776	0		1
0.2	0.826795	0		1
0.115	0.0733528	0		1
0.84	0.0993336	0		1
0.85	0.0993336	0		1
0.895	0.818135	0		1
0.29	0.722872	0		1
0.96	0.532346	0		1
0.97	0.532346	0		1
0.965	0.541007	0		1
0.86	0.480385	0		1
0.545	0.419763	0		1
0.54	0.411103	0		1
0.55	0.411103	0		1
0.935	0.0387118	0		1
0.93	0.0300515	0		1
0.925	0.0387118	0		1
0.92	0.0300515	0		1
0.885	0.956699	0		1
0.88	0.965359	0		1
0.89	0.965359	0		1
0.87	0.965359	0		1
0.85	0.116654	0		1
0.965	0.835455	0		1
0.97	0.826795	0		1
0.695	0.541007	0		1
0.705	0.541007	0		1
0.21	0.341821	0		1
0.205	0.33316	0		1
0.195	0.33316	0		1
0.2	0.3245	0		1
0.21	0.3245	0		1
0.205	0.31584	0		1
0.215	0.31584	0		1
0.21	0.30718	0		1
0.22	0.30718	0		1
0.215	0.298519	0		1
0.225	0.298519	0		1
0.23	0.30718	0		1
0.235	0.298519	0		1
0.24	0.30718	0		1
0.245	0.298519	0		1
0.25	0.30718	0		1
0.24	0.289859	0		1
0.22	0.289859	0		1
0.22	0.3245	0		1
0.235	0.31584	0		1
0.515	0.471725	0		1
0.51	0.30718	0		1
0.135	0.731532	0		1
0.72	0.168616	0		1
0.07	0.965359	0		1
0.33	0.965359	0		1
0.475	0.852776	0		1
0.15	0.688231	0		1
0.19	0.965359	0		1
0.29	0.705551	0		1
0.965	0.818135	0		1
0.975	0.818135	0		1
0.97	0.809474	0		1
0.94	0.341821	0		1
0.795	0.33316	0		1
0.805	0.33316	0		1
0.915	0.887417	0		1
0.345	0.748853	0		1
0.0450023	0.3678	0		1
0.965	0.714212	0		1
0.965	0.177276	0		1
0.974742	0.177425	0		1
0.969957	0.16864	0		1
0.22	0.792154	0		1
0.46	0.133975	0		1
0.665	0.246558	0		1
0.835	0.714212	0		1
0.83	0.705551	0		1
0.56501	0.0387196	0		1
0.39	0.532346	0		1
0.395	0.541007	0		1
0.305	0.263878	0		1
0.89	0.376462	0		1
0.625	0.0560323	0		1
0.51	0.463064	0		1
0.53	0.3245	0		1
0.535	0.33316	0		1
0.545	0.33316	0		1
0.54	0.341821	0		1
0.55	0.341821	0		1
0.385	0.523686	0		1
0.39	0.515026	0		1
0.38	0.515026	0		1
0.385	0.506366	0		1
0.95	0.792154	0		1
0.96	0.792154	0		1
0.955	0.783494	0		1
0.965	0.783494	0		1
0.85	0.497705	0		1
0.625	0.489045	0		1
0.615	0.489045	0		1
0.9	0.393782	0		1
0.295	0.246558	0		1
0.95	0.359141	0		1
0.84	0.203257	0		1
0.62	0.497705	0		1
0.225	0.142635	0		1
0.14	0.168616	0		1
0.0600009	0.0993341	0		1
0.245	0.402442	0		1
0.775	0.0387118	0		1
0.78	0.0300515	0		1
0.785	0.0387118	0		1
0.79	0.0300515	0		1
0.795	0.0387118	0		1
0.8	0.0300515	0		1
0.4	0.948038	0		1
0.845	0.852776	0		1
0.855	0.852776	0		1
0.12	0.168616	0		1
0.11	0.168616	0		1
0.115	0.159955	0		1
0.96	0.774833	0		1
0.97	0.774833	0		1
0.975476	0.784468	0		1
0.965	0.766173	0		1
0.975	0.766173	0		1
0.535	0.194596	0		1
0.44	0.688231	0		1
0.915	0.627609	0		1
0.085	0.64493	0		1
0.72	0.151295	0		1
0.365	0.194596	0		1
0.915	0.0560323	0		1
0.215	0.159955	0		1
0.205	0.159955	0		1
0.345	0.783494	0		1
0.915	0.0387118	0		1
0.91	0.0300515	0		1
0.905	0.0387118	0		1
0.9	0.0300515	0		1
0.66	0.757513	0		1
0.665	0.766173	0		1
0.675	0.766173	0		1
0.67	0.774833	0		1
0.68	0.774833	0		1
0.675	0.783494	0		1
0.685	0.783494	0		1
0.68	0.792154	0		1
0.69	0.792154	0		1
0.685	0.800814	0		1
0.695	0.800814	0		1
0.69	0.809474	0		1
0.7	0.809474	0		1
0.695	0.818135	0		1
0.705	0.818135	0		1
0.7	0.826795	0		1
0.71	0.826795	0		1
0.705	0.835455	0		1
0.715	0.835455	0		1
0.655	0.748853	0		1
0.91	0.532346	0		1
0.345	0.766173	0		1
0.905	0.523686	0		1
0.135	0.419763	0		1
0.13	0.411103	0		1
0.825	0.194596	0		1
0.895	0.0387118	0		1
0.89	0.0300515	0		1
0.885	0.0387118	0		1
0.88	0.0300515	0		1
0.545	0.350481	0		1
0.555	0.350481	0		1
0.56	0.341821	0		1
0.565	0.350481	0		1
0.84	0.705551	0		1
0.835	0.696891	0		1
0.845	0.696891	0		1
0.84	0.688231	0		1
0.45	0.584308	0		1
0.565	0.177276	0		1
0.56	0.185936	0		1
0.06	0.255218	0		1
0.065	0.246558	0		1
0.19	0.185936	0		1
0.805	0.0387118	0		1
0.81	0.0300515	0		1
0.815	0.0387118	0		1
0.82	0.0300515	0		1
0.825	0.0387118	0		1
0.83	0.0300515	0		1
0.575	0.142635	0		1
0.57	0.133975	0		1
0.37	0.203257	0		1
0.25	0.289859	0		1
0.245	0.281199	0		1
0.385	0.211917	0		1
0.615	0.350481	0		1
0.625	0.350481	0		1
0.875	0.0387118	0		1
0.87	0.0300515	0		1
0.865	0.0387118	0		1
0.86	0.0300515	0		1
0.095	0.64493	0		1
0.17	0.896077	0		1
0.28	0.532346	0		1
0.275	0.541007	0		1
0.285	0.523686	0		1
0.715	0.142635	0		1
0.045	0.402442	0		1
0.815	0.194596	0		1
0.465	0.419763	0		1
0.47	0.411103	0		1
0.46	0.428423	0		1
0.91	0.584308	0		1
0.835	0.0387118	0		1
0.85	0.688231	0		1
0.845	0.679571	0		1
0.065	0.125314	0		1
0.06	0.133975	0		1
0.46	0.255218	0		1
0.21	0.289859	0		1
0.1	0.376462	0		1
0.57	0.168616	0		1
0.15	0.220577	0		1
0.155	0.229237	0		1
0.15	0.237898	0		1
0.16	0.237898	0		1
0.155	0.246558	0		1
0.48	0.393782	0		1
0.16	0.878756	0		1
0.295	0.852776	0		1
0.2	0.30718	0		1
0.215	0.454404	0		1
0.905	0.627609	0		1
0.9	0.636269	0		1
0.07	0.116654	0		1
0.445	0.610289	0		1
0.235	0.281199	0		1
0.395	0.506366	0		1
0.315	0.835455	0		1
0.47	0.30718	0		1
0.635	0.246558	0		1
0.19	0.3245	0		1
0.705	0.298519	0		1
0.695	0.298519	0		1
0.425	0.506366	0		1
0.43	0.515026	0		1
0.435	0.506366	0		1
0.44	0.515026	0		1
0.16	0.359141	0		1
0.185	0.904737	0		1
0.73	0.272539	0		1
0.31	0.844115	0		1
0.905	0.66225	0		1
0.915	0.66225	0		1
0.475	0.575648	0		1
0.715	0.437083	0		1
0.185	0.33316	0		1
0.33	0.168616	0		1
0.67	0.30718	0		1
0.235	0.419763	0		1
0.265	0.783494	0		1
0.27	0.774833	0		1
0.77	0.116654	0		1
0.32	0.826795	0		1
0.315	0.818135	0		1
0.325	0.818135	0		1
0.32	0.809474	0		1
0.33	0.809474	0		1
0.235	0.402442	0		1
0.21	0.463064	0		1
0.135	0.818135	0		1
0.895	0.177276	0		1
0.785	0.66225	0		1
0.929999	0.220577	0		1
0.8	0.722872	0		1
0.795	0.731532	0		1
0.52	0.0820131	0		1
0.515	0.0733528	0		1
0.525	0.0906733	0		1
0.785	0.558327	0		1
0.375	0.506366	0		1
0.76	0.0993336	0		1
0.77	0.844115	0		1
0.78	0.844115	0		1
0.915	0.211917	0		1
0.52	0.532346	0		1
0.78	0.809474	0		1
0.785	0.818135	0		1
0.73	0.722872	0		1
0.725	0.731532	0		1
0.735	0.731532	0		1
0.73	0.740192	0		1
0.35	0.913397	0		1
0.74	0.740192	0		1
0.735	0.748853	0		1
0.49	0.203257	0		1
0.485	0.194596	0		1
0.475	0.64493	0		1
0.26	0.220577	0		1
0.565	0.523686	0		1
0.785	0.592968	0		1
0.78	0.601628	0		1
0.275	0.852776	0		1
0.76	0.0820131	0		1
0.79	0.705551	0		1
0.785	0.696891	0		1
0.875	0.159955	0		1
0.76	0.844115	0		1
0.725	0.281199	0		1
0.145	0.281199	0		1
0.15	0.272539	0		1
0.9	0.151295	0		1
0.135	0.298519	0		1
0.645	0.246558	0		1
0.115	0.506366	0		1
0.125	0.31584	0		1
0.12	0.3245	0		1
0.17	0.133975	0		1
0.47	0.549667	0		1
0.71	0.428423	0		1
0.465	0.64493	0		1
0.785	0.835455	0		1
0.78	0.549667	0		1
0.945	0.974019	0		1
0.445	0.627609	0		1
0.215	0.211917	0		1
0.22	0.220577	0		1
0.31	0.913397	0		1
0.575	0.541007	0		1
0.47	0.67091	0		1
0.475	0.194596	0		1
0.205	0.194596	0		1
0.62	0.220577	0		1
0.615	0.211917	0		1
0.8	0.740192	0		1
0.86	0.774833	0		1
0.59	0.584308	0		1
0.72	0.636269	0		1
0.25	0.220577	0		1
0.255	0.385122	0		1
0.705	0.506366	0		1
0.7	0.532346	0		1
0.82	0.774833	0		1
0.825	0.783494	0		1
0.675	0.489045	0		1
0.665	0.489045	0		1
0.67	0.480385	0		1
0.63	0.151295	0		1
0.635	0.159955	0		1
0.63	0.168616	0		1
0.64	0.168616	0		1
0.17	0.0300515	0		1
0.16	0.0473721	0		1
0.18	0.151295	0		1
0.66	0.463064	0		1
0.1	0.515026	0		1
0.095	0.523686	0		1
0.625	0.229237	0		1
0.125	0.454404	0		1
0.12	0.463064	0		1
0.855	0.0387118	0		1
0.635	0.419763	0		1
0.84	0.0300515	0		1
0.875	0.766173	0		1
0.88	0.757513	0		1
0.13	0.445744	0		1
0.62	0.203257	0		1
0.83	0.774833	0		1
0.0549929	0.489049	0		1
0.075	0.489045	0		1
0.905	0.714212	0		1
0.89	0.740192	0		1
0.655	0.0387118	0		1
0.67	0.0300515	0		1
0.915	0.696891	0		1
0.92	0.67091	0		1
0.555	0.974019	0		1
0.96	0.688231	0		1
0.970447	0.688526	0		1
0.09	0.515026	0		1
0.635	0.974019	0		1
0.645	0.974019	0		1
0.65	0.965359	0		1
0.655	0.974019	0		1
0.545	0.974019	0		1
0.54	0.965359	0		1
0.535	0.974019	0		1
0.625	0.974019	0		1
0.475	0.748853	0		1
0.465	0.748853	0		1
0.47	0.722872	0		1
0.5	0.913397	0		1
0.725	0.974019	0		1
0.735	0.974019	0		1
0.74	0.965359	0		1
0.745	0.974019	0		1
0.75	0.965359	0		1
0.755	0.974019	0		1
0.76	0.965359	0		1
0.765	0.974019	0		1
0.77	0.965359	0		1
0.775	0.974019	0		1
0.78	0.965359	0		1
0.785	0.974019	0		1
0.79	0.965359	0		1
0.795	0.974019	0		1
0.8	0.965359	0		1
0.805	0.974019	0		1
0.49	0.930718	0		1
0.425	0.974019	0		1
0.43	0.965359	0		1
0.435	0.974019	0		1
0.44	0.965359	0		1
0.445	0.974019	0		1
0.45	0.965359	0		1
0.455	0.974019	0		1
0.46	0.965359	0		1
0.465	0.974019	0		1
0.885	0.974019	0		1
0.895	0.974019	0		1
0.9	0.965359	0		1
0.905	0.974019	0		1
0.91	0.965359	0		1
0.915	0.974019	0		1
0.92	0.965359	0		1
0.925	0.974019	0		1
0.0550184	0.974009	0		1
0.47	0.965359	0		1
0.465	0.956699	0		1
0.475	0.956699	0		1
0.335	0.974019	0		1
0.135	0.974019	0		1
0.145	0.974019	0		1
0.15	0.965359	0		1
0.155	0.974019	0		1
0.075	0.974019	0		1
0.325	0.974019	0		1
0.125	0.974019	0		1
0.975	0.142635	0		1
0.025	0.298519	0		1
0.0251879	0.800706	0		1
0.0300313	0.809456	0		1
0.975	0.904737	0		1
0.97	0.913397	0		1
0.0248606	0.26386	0		1
0.0299768	0.255215	0		1
0.974796	0.281081	0		1
0.969966	0.272519	0		1
0.025	0.592968	0		1
0.03	0.584308	0		1
0.04	0.584308	0		1
0.035	0.575648	0		1
0.045	0.575648	0		1
0.04	0.566987	0		1
0.03	0.566987	0		1
0.035	0.558327	0		1
0.05	0.566987	0		1
0.0252224	0.558455	0		1
0.0300371	0.549688	0		1
0.0400062	0.54967	0		1
0.0350072	0.541011	0		1
0.0252034	0.540898	0		1
0.0300351	0.532329	0		1
0.0202358	0.532212	0		1
0.025	0.523686	0		1
0.0252171	0.731407	0		1
0.0300362	0.722851	0		1
0.981395	0.16917	0		1
0.0252536	0.887563	0		1
0.0252475	0.627752	0		1
0.0300412	0.636293	0		1
0.0252552	0.142488	0		1
0.0300425	0.13395	0		1
0.974737	0.437236	0		1
0.969956	0.445769	0		1
0.959993	0.445748	0		1
0.964991	0.454409	0		1
0.54	0.948038	0		1
0.395	0.748853	0		1
0.4	0.740192	0		1
0.405	0.800814	0		1
0.585	0.731532	0		1
0.59	0.722872	0		1
0.225	0.66225	0		1
0.22	0.65359	0		1
0.52	0.445744	0		1
0.225	0.696891	0		1
0.39	0.896077	0		1
0.575	0.904737	0		1
0.565	0.904737	0		1
0.6	0.636269	0		1
0.595	0.64493	0		1
0.31	0.463064	0		1
0.315	0.471725	0		1
0.31	0.480385	0		1
0.28	0.393782	0		1
0.585	0.575648	0		1
0.59	0.566987	0		1
0.58	0.584308	0		1
0.11	0.393782	0		1
0.31	0.601628	0		1
0.315	0.592968	0		1
0.175	0.0560323	0		1
0.95	0.133975	0		1
0.325	0.904737	0		1
0.34	0.532346	0		1
0.63	0.411103	0		1
0.62	0.411103	0		1
0.595	0.402442	0		1
0.27	0.705551	0		1
0.28	0.757513	0		1
0.265	0.558327	0		1
0.26	0.566987	0		1
0.235	0.818135	0		1
0.255	0.800814	0		1
0.225	0.679571	0		1
0.175	0.0906733	0		1
0.225	0.714212	0		1
0.22	0.722872	0		1
0.21	0.722872	0		1
0.215	0.731532	0		1
0.205	0.731532	0		1
0.225	0.731532	0		1
0.975048	0.160059	0		1
0.425	0.696891	0		1
0.415	0.696891	0		1
0.04	0.896077	0		1
0.715	0.246558	0		1
0.72	0.237898	0		1
0.73	0.237898	0		1
0.26	0.376462	0		1
0.12	0.393782	0		1
0.21	0.393782	0		1
0.54	0.618949	0		1
0.815	0.489045	0		1
0.095	0.350481	0		1
0.07	0.878756	0		1
0.075	0.870096	0		1
0.085	0.870096	0		1
0.08	0.861436	0		1
0.09	0.861436	0		1
0.085	0.852776	0		1
0.095	0.852776	0		1
0.09	0.844115	0		1
0.065	0.887417	0		1
0.475	0.835455	0		1
0.48	0.826795	0		1
0.49	0.826795	0		1
0.485	0.818135	0		1
0.475	0.818135	0		1
0.48	0.809474	0		1
0.47	0.809474	0		1
0.475	0.800814	0		1
0.465	0.800814	0		1
0.47	0.792154	0		1
0.46	0.792154	0		1
0.105	0.783494	0		1
0.425	0.454404	0		1
0.1	0.844115	0		1
0.095	0.835455	0		1
0.07	0.757513	0		1
0.75	0.376462	0		1
0.84	0.289859	0		1
0.85	0.289859	0		1
0.855	0.298519	0		1
0.86	0.289859	0		1
0.865	0.298519	0		1
0.87	0.289859	0		1
0.875	0.298519	0		1
0.88	0.289859	0		1
0.875	0.281199	0		1
0.885	0.281199	0		1
0.855	0.281199	0		1
0.88	0.272539	0		1
0.89	0.272539	0		1
0.54	0.636269	0		1
0.535	0.64493	0		1
0.525	0.64493	0		1
0.53	0.65359	0		1
0.72	0.359141	0		1
0.71	0.359141	0		1
0.825	0.281199	0		1
0.47	0.948038	0		1
0.48	0.948038	0		1
0.77	0.0473721	0		1
0.54	0.65359	0		1
0.535	0.66225	0		1
0.525	0.66225	0		1
0.53	0.67091	0		1
0.725	0.229237	0		1
0.675	0.263878	0		1
0.54	0.67091	0		1
0.535	0.679571	0		1
0.525	0.679571	0		1
0.53	0.688231	0		1
0.645	0.679571	0		1
0.65	0.67091	0		1
0.65	0.948038	0		1
0.54	0.757513	0		1
0.535	0.748853	0		1
0.525	0.748853	0		1
0.53	0.740192	0		1
0.54	0.740192	0		1
0.535	0.731532	0		1
0.525	0.731532	0		1
0.53	0.722872	0		1
0.54	0.722872	0		1
0.535	0.714212	0		1
0.165	0.679571	0		1
0.8	0.0473721	0		1
0.265	0.0560323	0		1
0.26	0.0646926	0		1
0.25	0.0646926	0		1
0.255	0.0733528	0		1
0.46	0.566987	0		1
0.1	0.65359	0		1
0.54	0.688231	0		1
0.24	0.809474	0		1
0.435	0.107994	0		1
0.13	0.203257	0		1
0.165	0.610289	0		1
0.16	0.618949	0		1
0.15	0.618949	0		1
0.155	0.627609	0		1
0.165	0.627609	0		1
0.16	0.636269	0		1
0.15	0.636269	0		1
0.095	0.31584	0		1
0.645	0.627609	0		1
0.05	0.896077	0		1
0.83	0.0473721	0		1
0.855	0.367801	0		1
0.86	0.359141	0		1
0.77	0.601628	0		1
0.775	0.610289	0		1
0.785	0.610289	0		1
0.835	0.610289	0		1
0.27	0.480385	0		1
0.84	0.549667	0		1
0.845	0.541007	0		1
0.835	0.558327	0		1
0.66	0.237898	0		1
0.82	0.428423	0		1
0.68	0.809474	0		1
0.32	0.359141	0		1
0.6	0.948038	0		1
0.595	0.956699	0		1
0.095	0.437083	0		1
0.855	0.956699	0		1
0.865	0.800814	0		1
0.415	0.350481	0		1
0.105	0.0733528	0		1
0.065	0.211917	0		1
0.07	0.220577	0		1
0.665	0.783494	0		1
0.56	0.896077	0		1
0.305	0.107994	0		1
0.15	0.203257	0		1
0.855	0.679571	0		1
0.835	0.575648	0		1
0.8	0.0993336	0		1
0.615	0.298519	0		1
0.0400069	0.636273	0		1
0.035008	0.644934	0		1
0.13	0.376462	0		1
0.46	0.272539	0		1
0.645	0.714212	0		1
0.65	0.722872	0		1
0.275	0.454404	0		1
0.21	0.428423	0		1
0.11	0.220577	0		1
0.67	0.722872	0		1
0.655	0.592968	0		1
0.68	0.203257	0		1
0.645	0.64493	0		1
0.65	0.65359	0		1
0.66	0.65359	0		1
0.949998	0.376461	0		1
0.1	0.272539	0		1
0.365	0.0560323	0		1
0.92	0.3245	0		1
0.795	0.281199	0		1
0.785	0.281199	0		1
0.62	0.116654	0		1
0.73	0.566987	0		1
0.825	0.437083	0		1
0.79	0.393782	0		1
0.8	0.393782	0		1
0.585	0.956699	0		1
0.59	0.965359	0		1
0.6	0.965359	0		1
0.595	0.974019	0		1
0.605	0.974019	0		1
0.585	0.974019	0		1
0.95	0.289859	0		1
0.53	0.463064	0		1
0.73	0.65359	0		1
0.72	0.65359	0		1
0.66	0.67091	0		1
0.665	0.229237	0		1
0.964984	0.367792	0		1
0.974742	0.367931	0		1
0.41	0.740192	0		1
0.405	0.731532	0		1
0.395	0.731532	0		1
0.4	0.722872	0		1
0.41	0.722872	0		1
0.405	0.714212	0		1
0.395	0.714212	0		1
0.4	0.705551	0		1
0.42	0.601628	0		1
0.935	0.350481	0		1
0.47	0.428423	0		1
0.6	0.722872	0		1
0.595	0.714212	0		1
0.585	0.714212	0		1
0.59	0.705551	0		1
0.965001	0.159977	0		1
0.6	0.705551	0		1
0.595	0.696891	0		1
0.585	0.696891	0		1
0.59	0.688231	0		1
0.325	0.592968	0		1
0.32	0.584308	0		1
0.625	0.31584	0		1
0.325	0.246558	0		1
0.21	0.65359	0		1
0.215	0.64493	0		1
0.225	0.64493	0		1
0.22	0.636269	0		1
0.78	0.618949	0		1
0.3	0.151295	0		1
0.485	0.263878	0		1
0.48	0.255218	0		1
0.695	0.783494	0		1
0.295	0.177276	0		1
0.42	0.3245	0		1
0.41	0.3245	0		1
0.63	0.515026	0		1
0.6	0.688231	0		1
0.595	0.679571	0		1
0.585	0.679571	0		1
0.59	0.67091	0		1
0.0500012	0.913397	0		1
0.355	0.627609	0		1
0.365	0.627609	0		1
0.68	0.532346	0		1
0.3	0.636269	0		1
0.29	0.636269	0		1
0.34	0.618949	0		1
0.295	0.194596	0		1
0.21	0.636269	0		1
0.215	0.627609	0		1
0.225	0.627609	0		1
0.22	0.618949	0		1
0.23	0.618949	0		1
0.345	0.350481	0		1
0.34	0.341821	0		1
0.255	0.194596	0		1
0.625	0.246558	0		1
0.955	0.748853	0		1
0.705	0.0906733	0		1
0.57	0.255218	0		1
0.565	0.246558	0		1
0.555	0.246558	0		1
0.575	0.263878	0		1
0.355	0.107994	0		1
0.36	0.0993336	0		1
0.2	0.497705	0		1
0.195	0.489045	0		1
0.185	0.489045	0		1
0.19	0.480385	0		1
0.2	0.480385	0		1
0.405	0.679571	0		1
0.4	0.688231	0		1
0.725	0.0733528	0		1
0.715	0.0733528	0		1
0.2	0.705551	0		1
0.075	0.679571	0		1
0.08	0.688231	0		1
0.84	0.792154	0		1
0.135	0.696891	0		1
0.92	0.0646926	0		1
0.335	0.887417	0		1
0.275	0.835455	0		1
0.15	0.948038	0		1
0.385	0.558327	0		1
0.38	0.566987	0		1
0.585	0.64493	0		1
0.59	0.65359	0		1
0.6	0.65359	0		1
0.845	0.904737	0		1
0.485	0.783494	0		1
0.315	0.350481	0		1
0.32	0.341821	0		1
0.155	0.575648	0		1
0.165	0.575648	0		1
0.17	0.584308	0		1
0.6	0.67091	0		1
0.54	0.774833	0		1
0.535	0.783494	0		1
0.81	0.913397	0		1
0.805	0.904737	0		1
0.81	0.896077	0		1
0.8	0.896077	0		1
0.795	0.904737	0		1
0.285	0.159955	0		1
0.355	0.956699	0		1
0.36	0.965359	0		1
0.355	0.974019	0		1
0.365	0.974019	0		1
0.35	0.740192	0		1
0.345	0.731532	0		1
0.0500058	0.341823	0		1
0.91	0.826795	0		1
0.915	0.835455	0		1
0.925	0.835455	0		1
0.705	0.922058	0		1
0.7	0.913397	0		1
0.71	0.930718	0		1
0.325	0.281199	0		1
0.315	0.281199	0		1
0.335	0.281199	0		1
0.155	0.64493	0		1
0.165	0.64493	0		1
0.145	0.64493	0		1
0.06	0.203257	0		1
0.065	0.194596	0		1
0.92	0.151295	0		1
0.915	0.142635	0		1
0.560011	0.0473804	0		1
0.28	0.237898	0		1
0.84	0.722872	0		1
0.64	0.0646926	0		1
0.165	0.66225	0		1
0.94	0.792154	0		1
0.39	0.497705	0		1
0.9	0.566987	0		1
0.91	0.566987	0		1
0.05	0.133975	0		1
0.935	0.870096	0		1
0.94	0.878756	0		1
0.895	0.281199	0		1
0.9	0.272539	0		1
0.895	0.263878	0		1
0.905	0.263878	0		1
0.9	0.255218	0		1
0.91	0.255218	0		1
0.535	0.696891	0		1
0.085	0.627609	0		1
0.91	0.272539	0		1
0.65	0.480385	0		1
0.155	0.870096	0		1
0.495	0.939378	0		1
0.775	0.31584	0		1
0.77	0.3245	0		1
0.78	0.30718	0		1
0.775	0.33316	0		1
0.185	0.0733528	0		1
0.37	0.0473721	0		1
0.365	0.0387118	0		1
0.635	0.489045	0		1
0.935	0.852776	0		1
0.325	0.194596	0		1
0.225	0.852776	0		1
0.235	0.852776	0		1
0.215	0.852776	0		1
0.24	0.844115	0		1
0.245	0.852776	0		1
0.175	0.506366	0		1
0.17	0.515026	0		1
0.42	0.497705	0		1
0.46	0.809474	0		1
0.175	0.350481	0		1
0.765	0.956699	0		1
0.954999	0.454404	0		1
0.959998	0.463065	0		1
0.969998	0.463065	0		1
0.964999	0.471725	0		1
0.975	0.471725	0		1
0.97	0.480385	0		1
0.96	0.480385	0		1
0.965	0.489045	0		1
0.974806	0.489157	0		1
0.84	0.497705	0		1
0.915	0.558327	0		1
0.915	0.541007	0		1
0.795	0.194596	0		1
0.785	0.194596	0		1
0.78	0.203257	0		1
0.18	0.480385	0		1
0.34	0.896077	0		1
0.03	0.411103	0		1
0.105	0.956699	0		1
0.11	0.965359	0		1
0.305	0.211917	0		1
0.92	0.844115	0		1
0.7	0.30718	0		1
0.575	0.523686	0		1
0.0450093	0.350484	0		1
0.29	0.861436	0		1
0.915	0.592968	0		1
0.385	0.956699	0		1
0.38	0.965359	0		1
0.955	0.489045	0		1
0.95	0.480385	0		1
0.58	0.151295	0		1
0.97	0.757513	0		1
0.71	0.844115	0		1
0.72	0.844115	0		1
0.1	0.948038	0		1
0.105	0.939378	0		1
0.115	0.800814	0		1
0.105	0.800814	0		1
0.07	0.722872	0		1
0.075	0.731532	0		1
0.15	0.809474	0		1
0.145	0.194596	0		1
0.79	0.566987	0		1
0.13	0.809474	0		1
0.935	0.887417	0		1
0.215	0.281199	0		1
0.0450002	0.246558	0		1
0.915	0.125314	0		1
0.92	0.116654	0		1
0.22	0.445744	0		1
0.79	0.618949	0		1
0.735	0.714212	0		1
0.725	0.696891	0		1
0.72	0.688231	0		1
0.635	0.31584	0		1
0.175	0.0733528	0		1
0.92	0.237898	0		1
0.65	0.116654	0		1
0.66	0.116654	0		1
0.665	0.107994	0		1
0.67	0.116654	0		1
0.115	0.489045	0		1
0.65	0.30718	0		1
0.655	0.298519	0		1
0.69	0.497705	0		1
0.22	0.428423	0		1
0.91	0.203257	0		1
0.72	0.584308	0		1
0.715	0.575648	0		1
0.725	0.592968	0		1
0.18	0.133975	0		1
0.32	0.844115	0		1
0.715	0.298519	0		1
0.35	0.185936	0		1
0.36	0.203257	0		1
0.365	0.211917	0		1
0.165	0.246558	0		1
0.16	0.255218	0		1
0.2	0.168616	0		1
0.195	0.159955	0		1
0.465	0.31584	0		1
0.47	0.3245	0		1
0.455	0.281199	0		1
0.46	0.289859	0		1
0.195	0.904737	0		1
0.2	0.913397	0		1
0.345	0.177276	0		1
0.31	0.203257	0		1
0.155	0.281199	0		1
0.14	0.428423	0		1
0.964641	0.887624	0		1
0.974683	0.88617	0		1
0.79	0.636269	0		1
0.795	0.64493	0		1
0.095	0.367801	0		1
0.78	0.705551	0		1
0.475	0.558327	0		1
0.79	0.584308	0		1
0.275	0.229237	0		1
0.47	0.688231	0		1
0.465	0.696891	0		1
0.79	0.740192	0		1
0.105	0.33316	0		1
0.095	0.33316	0		1
0.445	0.592968	0		1
0.44	0.584308	0		1
0.475	0.66225	0		1
0.445	0.506366	0		1
0.45	0.515026	0		1
0.445	0.523686	0		1
0.455	0.523686	0		1
0.745	0.748853	0		1
0.74	0.757513	0		1
0.63	0.185936	0		1
0.895	0.714212	0		1
0.515	0.523686	0		1
0.815	0.766173	0		1
0.805	0.766173	0		1
0.675	0.107994	0		1
0.715	0.610289	0		1
0.71	0.618949	0		1
0.665	0.0733528	0		1
0.65	0.0646926	0		1
0.595	0.592968	0		1
0.0349851	0.471733	0		1
0.0449946	0.471728	0		1
0.0252099	0.471603	0		1
0.945	0.679571	0		1
0.78	0.982679	0		1
0.75	0.982679	0		1
0.46	0.774833	0		1
0.965074	0.69694	0		1
0.975164	0.697181	0		1
0.845	0.974019	0		1
0.855	0.974019	0		1
0.42	0.982679	0		1
0.475	0.731532	0		1
0.455	0.766173	0		1
0.0500187	0.982669	0		1
0.49	0.913397	0		1
0.245	0.0217779	0		1
0.135	0.0217779	0		1
0.815	0.0213913	0		1
0.785	0.0217779	0		1
0.755	0.0217779	0		1
0.945	0.0217779	0		1
0.925	0.0213913	0		1
0.905	0.0213913	0		1
0.885	0.0213913	0		1
0.865	0.0213913	0		1
0.734719	0.0215533	0		1
0.174719	0.0215533	0		1
0.195	0.0213913	0		1
0.224719	0.0215533	0		1
0.295	0.0213913	0		1
0.345	0.0213913	0		1
0.645	0.0213913	0		1
0.385	0.0213913	0		1
0.555176	0.0218878	0		1
0.584837	0.0214887	0		1
0.515	0.0213913	0		1
0.055003	0.0217796	0		1
0.075	0.0213913	0		1
0.095	0.0213913	0		1
0.97528	0.680022	0		1
0.979798	0.757629	0		1
0.974706	0.714042	0		1
0.02002	0.272468	0		1
0.975617	0.835984	0		1
0.975	0.541007	0		1
0.970447	0.549722	0		1
0.960074	0.549676	0		1
0.965087	0.558338	0		1
0.975	0.558327	0		1
0.970014	0.566989	0		1
0.960017	0.566989	0		1
0.965005	0.575648	0		1
0.974707	0.575819	0		1
0.969952	0.584336	0		1
0.959993	0.584313	0		1
0.964991	0.592974	0		1
0.0253125	0.644759	0		1
0.0300534	0.653562	0		1
0.025297	0.454233	0		1
0.0252577	0.367931	0		1
0.0300456	0.359161	0		1
0.974718	0.506528	0		1
0.975057	0.592846	0		1
0.970455	0.601338	0		1
0.960074	0.601581	0		1
0.965088	0.610232	0		1
0.975	0.610289	0		1
0.970015	0.618939	0		1
0.960017	0.618938	0		1
0.965002	0.627608	0		1
0.974755	0.62775	0		1
0.96996	0.636293	0		1
0.97473	0.333004	0		1
0.979685	0.324318	0		1
0.214953	0.0218049	0		1
0.164953	0.0218049	0		1
0.575243	0.0215778	0		1
0.045041	0.0216	0		1
0.724673	0.0224078	0		1
0.954719	0.0216178	0		1
0.144719	0.0216178	0		1
0.0201002	0.65356	0		1
0.0252685	0.6621	0		1
0.0203866	0.445572	0		1
0.98	0.515026	0		1
0.979612	0.44563	0		1
0.020254	0.134306	0		1
0.024468	0.124597	0		1
0.979926	0.134313	0		1
0.981349	0.428974	0		1
0.984383	0.142949	0		1
0.0202754	0.37592	0		1
0.018641	0.150857	0		1
0.0186326	0.619289	0		1
0.98154	0.462136	0		1
0.984694	0.472177	0		1
0.355	0.0213913	0		1
0.305	0.0213913	0		1
0.31	0.0300515	0		1
0.315	0.0217779	0		1
0.5252	0.0223713	0		1
0.655	0.0213913	0		1
0.375	0.0213913	0		1
0.855	0.0213913	0		1
0.505073	0.0216315	0		1
0.635073	0.0216315	0		1
0.125	0.0216083	0		1
0.0186348	0.359406	0		1
0.0187131	0.721922	0		1
0.025	0.714212	0		1
0.981307	0.27168	0		1
0.975	0.263878	0		1
0.964994	0.263875	0		1
0.969999	0.255218	0		1
0.979936	0.255016	0		1
0.974989	0.246653	0		1
0.981352	0.531559	0		1
0.98501	0.246127	0		1
0.0185438	0.480268	0		1
0.0186183	0.740135	0		1
0.0183144	0.429035	0		1
0.0152047	0.419713	0		1
0.981423	0.289888	0		1
0.979616	0.237622	0		1
0.983245	0.2281	0		1
0.973748	0.228914	0		1
0.97745	0.219918	0		1
0.985075	0.219544	0		1
0.980906	0.210898	0		1
0.219384	0.0143568	0		1
0.169384	0.0143568	0		1
0.949392	0.014363	0		1
0.580013	0.013859	0		1
0.835	0.0213913	0		1
0.139392	0.014363	0		1
0.729057	0.0146736	0		1
0.675	0.0213913	0		1
0.684927	0.0216315	0		1
0.05	0.012731	0		1
0.0185777	0.809627	0		1
0.025	0.818135	0		1
0.0350052	0.818132	0		1
0.0300009	0.826794	0		1
0.0202296	0.826927	0		1
0.0250384	0.835478	0		1
0.979316	0.740143	0		1
0.984517	0.732024	0		1
0.979335	0.809567	0		1
0.97418	0.800999	0		1
0.984325	0.817609	0		1
0.02	0.792154	0		1
0.0185944	0.879244	0		1
0.0200681	0.601818	0		1
0.0204141	0.306498	0		1
0.0199368	0.567035	0		1
0.979512	0.375986	0		1
0.979781	0.636339	0		1
0.974957	0.644945	0		1
0.984895	0.645005	0		1
0.980018	0.653843	0		1
0.984143	0.662719	0		1
0.0151678	0.835499	0		1
0.0198783	0.844292	0		1
0.0149259	0.853882	0		1
0.979773	0.186042	0		1
0.98	0.913397	0		1
0.975	0.922058	0		1
0.984877	0.904835	0		1
0.0198962	0.584343	0		1
0.02	0.255218	0		1
0.0249961	0.246557	0		1
0.015	0.246558	0		1
0.020185	0.238005	0		1
0.0149836	0.264107	0		1
0.984755	0.766007	0		1
0.0151469	0.523828	0		1
0.02	0.515026	0		1
0.0145594	0.505948	0		1
0.00970491	0.826161	0		1
0.00957151	0.273579	0		1
0.990517	0.756214	0		1
0.00969509	0.533332	0		1
0.00967757	0.236888	0		1
0.0245044	0.506197	0		1
0.0190569	0.497522	0		1
0.0348288	0.50644	0		1
0.0247216	0.489077	0		1
0.0250025	0.853011	0		1
0.0299869	0.844188	0		1
0.39	0.705551	0		1
0.39	0.757513	0		1
0.535	0.956699	0		1
0.395	0.800814	0		1
0.39	0.809474	0		1
0.545	0.939378	0		1
0.42	0.705551	0		1
0.415	0.852776	0		1
0.42	0.844115	0		1
0.43	0.844115	0		1
0.61	0.896077	0		1
0.615	0.887417	0		1
0.61	0.878756	0		1
0.62	0.878756	0		1
0.615	0.870096	0		1
0.625	0.870096	0		1
0.62	0.861436	0		1
0.63	0.861436	0		1
0.625	0.852776	0		1
0.635	0.852776	0		1
0.64	0.861436	0		1
0.63	0.844115	0		1
0.64	0.844115	0		1
0.635	0.835455	0		1
0.625	0.835455	0		1
0.63	0.826795	0		1
0.645	0.835455	0		1
0.62	0.826795	0		1
0.625	0.818135	0		1
0.63	0.878756	0		1
0.615	0.904737	0		1
0.635	0.818135	0		1
0.63	0.809474	0		1
0.62	0.809474	0		1
0.65	0.844115	0		1
0.395	0.887417	0		1
0.255	0.592968	0		1
0.25	0.601628	0		1
0.27	0.566987	0		1
0.265	0.575648	0		1
0.495	0.471725	0		1
0.525	0.419763	0		1
0.52	0.428423	0		1
0.575	0.575648	0		1
0.385	0.748853	0		1
0.29	0.532346	0		1
0.305	0.592968	0		1
0.3	0.601628	0		1
0.29	0.601628	0		1
0.29	0.618949	0		1
0.265	0.696891	0		1
0.505	0.506366	0		1
0.58	0.740192	0		1
0.335	0.541007	0		1
0.34	0.549667	0		1
0.33	0.549667	0		1
0.495	0.489045	0		1
0.979205	0.151071	0		1
0.14	0.411103	0		1
0.285	0.731532	0		1
0.32	0.463064	0		1
0.325	0.471725	0		1
0.315	0.454404	0		1
0.32	0.445744	0		1
0.28	0.722872	0		1
0.18	0.757513	0		1
0.285	0.748853	0		1
0.29	0.411103	0		1
0.295	0.419763	0		1
0.125	0.385122	0		1
0.4	0.809474	0		1
0.275	0.783494	0		1
0.72	0.896077	0		1
0.73	0.896077	0		1
0.71	0.896077	0		1
0.705	0.939378	0		1
0.705	0.887417	0		1
0.28	0.774833	0		1
0.105	0.385122	0		1
0.41	0.861436	0		1
0.58	0.67091	0		1
0.23	0.809474	0		1
0.27	0.376462	0		1
0.16	0.792154	0		1
0.095	0.385122	0		1
0.165	0.800814	0		1
0.79	0.896077	0		1
0.785	0.904737	0		1
0.78	0.896077	0		1
0.775	0.904737	0		1
0.78	0.913397	0		1
0.77	0.896077	0		1
0.765	0.904737	0		1
0.76	0.896077	0		1
0.755	0.904737	0		1
0.0350044	0.835471	0		1
0.75	0.896077	0		1
0.805	0.887417	0		1
0.4	0.896077	0		1
0.4	0.878756	0		1
0.605	0.627609	0		1
0.385	0.904737	0		1
0.375	0.904737	0		1
0.0350095	0.904732	0		1
0.02501	0.904731	0		1
0.0200076	0.913656	0		1
0.0150713	0.904911	0		1
0.0160713	0.922445	0		1
0.94	0.133975	0		1
0.935	0.125314	0		1
0.22	0.393782	0		1
0.525	0.541007	0		1
0.52	0.549667	0		1
0.57	0.584308	0		1
0.05	0.792154	0		1
0.055	0.783494	0		1
0.415	0.835455	0		1
0.385	0.714212	0		1
0.385	0.696891	0		1
0.0202344	0.896194	0		1
0.4	0.826795	0		1
0.71	0.237898	0		1
0.705	0.246558	0		1
0.695	0.246558	0		1
0.69	0.255218	0		1
0.07	0.861436	0		1
0.725	0.887417	0		1
0.58	0.566987	0		1
0.585	0.558327	0		1
0.585	0.66225	0		1
0.08	0.844115	0		1
0.17	0.376462	0		1
0.385	0.766173	0		1
0.39	0.774833	0		1
0.06	0.878756	0		1
0.395	0.783494	0		1
0.29	0.757513	0		1
0.85	0.844115	0		1
0.86	0.844115	0		1
0.595	0.558327	0		1
0.59	0.549667	0		1
0.33	0.532346	0		1
0.735	0.367801	0		1
0.74	0.376462	0		1
0.63	0.237898	0		1
0.345	0.523686	0		1
0.78	0.393782	0		1
0.175	0.385122	0		1
0.345	0.904737	0		1
0.455	0.575648	0		1
0.525	0.592968	0		1
0.53	0.584308	0		1
0.52	0.584308	0		1
0.525	0.575648	0		1
0.515	0.575648	0		1
0.52	0.566987	0		1
0.28	0.792154	0		1
0.775	0.402442	0		1
0.515	0.419763	0		1
0.53	0.411103	0		1
0.535	0.402442	0		1
0.115	0.0387118	0		1
0.065	0.766173	0		1
0.52	0.601628	0		1
0.26	0.705551	0		1
0.26	0.688231	0		1
0.265	0.679571	0		1
0.765	0.385122	0		1
0.835	0.852776	0		1
0.83	0.861436	0		1
0.04	0.982679	0		1
0.67	0.255218	0		1
0.105	0.0560323	0		1
0.715	0.350481	0		1
0.8	0.463064	0		1
0.7	0.896077	0		1
0.715	0.939378	0		1
0.7	0.948038	0		1
0.705	0.956699	0		1
0.7	0.965359	0		1
0.705	0.974019	0		1
0.695	0.974019	0		1
0.685	0.974019	0		1
0.68	0.982679	0		1
0.33	0.913397	0		1
0.625	0.887417	0		1
0.64	0.878756	0		1
0.815	0.281199	0		1
0.12	0.480385	0		1
0.815	0.263878	0		1
0.845	0.835455	0		1
0.0450011	0.904737	0		1
0.545	0.956699	0		1
0.41	0.497705	0		1
0.595	0.904737	0		1
0.585	0.904737	0		1
0.53	0.965359	0		1
0.525	0.974019	0		1
0.53	0.982679	0		1
0.515	0.974019	0		1
0.175	0.766173	0		1
0.64	0.411103	0		1
0.625	0.402442	0		1
0.615	0.402442	0		1
0.81	0.965359	0		1
0.145	0.731532	0		1
0.45	0.272539	0		1
0.215	0.385122	0		1
0.205	0.385122	0		1
0.105	0.835455	0		1
0.1	0.826795	0		1
0.09	0.826795	0		1
0.095	0.818135	0		1
0.105	0.818135	0		1
0.085	0.818135	0		1
0.09	0.809474	0		1
0.795	0.714212	0		1
0.44	0.497705	0		1
0.415	0.454404	0		1
0.815	0.974019	0		1
0.775	0.194596	0		1
0.78	0.185936	0		1
0.545	0.714212	0		1
0.805	0.714212	0		1
0.25	0.844115	0		1
0.255	0.852776	0		1
0.67	0.982679	0		1
0.96	0.497705	0		1
0.23	0.826795	0		1
0.57	0.913397	0		1
0.56	0.913397	0		1
0.555	0.922058	0		1
0.55	0.913397	0		1
0.545	0.922058	0		1
0.00866025	0.485	0		1
0.665	0.125314	0		1
0.675	0.125314	0		1
0.275	0.558327	0		1
0.969876	0.151279	0		1
0.13	0.982679	0		1
0.7	0.844115	0		1
0.385	0.454404	0		1
0.395	0.454404	0		1
0.375	0.454404	0		1
0.37	0.445744	0		1
0.365	0.454404	0		1
0.82	0.705551	0		1
0.165	0.229237	0		1
0.525	0.402442	0		1
0.095	0.679571	0		1
0.1	0.67091	0		1
0.475	0.939378	0		1
0.17	0.0993336	0		1
0.83	0.532346	0		1
0.83	0.688231	0		1
0.515	0.0906733	0		1
0.46	0.948038	0		1
0.03	0.896077	0		1
0.155	0.211917	0		1
0.37	0.0300515	0		1
0.235	0.627609	0		1
0.24	0.618949	0		1
0.545	0.696891	0		1
0.465	0.99134	0		1
0.00905125	0.465884	0		1
0.66	0.965359	0		1
0.71	0.532346	0		1
0.715	0.541007	0		1
0.69	0.826795	0		1
0.155	0.696891	0		1
0.165	0.783494	0		1
0.17	0.774833	0		1
0.105	0.852776	0		1
0.555	0.0906733	0		1
0.565	0.0906733	0		1
0.57	0.0993336	0		1
0.545	0.0906733	0		1
0.575	0.0906733	0		1
0.15	0.982679	0		1
0.65	0.982679	0		1
0.71	0.584308	0		1
0.26	0.601628	0		1
0.185	0.748853	0		1
0.38	0.826795	0		1
0.11	0.463064	0		1
0.63	0.982679	0		1
0.465	0.437083	0		1
0.455	0.437083	0		1
0.865	0.852776	0		1
0.32	0.030116	0		1
0.324719	0.0216285	0		1
0.319392	0.0143648	0		1
0.334673	0.0219753	0		1
0.91	0.133975	0		1
0.9	0.133975	0		1
0.715	0.696891	0		1
0.71	0.688231	0		1
0.705	0.696891	0		1
0.445	0.99134	0		1
0.22	0.740192	0		1
0.145	0.870096	0		1
0.0102382	0.445366	0		1
0.14	0.740192	0		1
0.145	0.748853	0		1
0.135	0.748853	0		1
0.435	0.454404	0		1
0.44	0.445744	0		1
0.445	0.454404	0		1
0.73	0.705551	0		1
0.45	0.463064	0		1
0.455	0.454404	0		1
0.3	0.411103	0		1
0.245	0.523686	0		1
0.39	0.463064	0		1
0.645	0.939378	0		1
0.65	0.930718	0		1
0.42	0.463064	0		1
0.85	0.67091	0		1
0.84	0.67091	0		1
0.53	0.532346	0		1
0.54	0.532346	0		1
0.545	0.523686	0		1
0.445	0.956699	0		1
0.76	0.913397	0		1
0.275	0.575648	0		1
0.135	0.402442	0		1
0.31	0.0820131	0		1
0.989801	0.515013	0		1
0.515017	0.00834843	0		1
0.58	0.133975	0		1
0.65	0.757513	0		1
0.56	0.237898	0		1
0.57	0.237898	0		1
0.0400071	0.133971	0		1
0.845	0.558327	0		1
0.845	0.800814	0		1
0.89	0.151295	0		1
0.095	0.870096	0		1
0.475	0.402442	0		1
0.485	0.402442	0		1
0.991284	0.535464	0		1
0.535327	0.00834305	0		1
0.540616	0.0156734	0		1
0.53	0.272539	0		1
0.745	0.731532	0		1
0.52	0.289859	0		1
0.885	0.748853	0		1
0.88	0.740192	0		1
0.64	0.705551	0		1
0.325	0.385122	0		1
0.32	0.376462	0		1
0.135	0.177276	0		1
0.465	0.402442	0		1
0.775	0.800814	0		1
0.765	0.800814	0		1
0.64	0.722872	0		1
0.645	0.731532	0		1
0.785	0.800814	0		1
0.265	0.0733528	0		1
0.26	0.0820131	0		1
0.27	0.0473721	0		1
0.135	0.454404	0		1
0.375	0.835455	0		1
0.265	0.0906733	0		1
0.255	0.0906733	0		1
0.964995	0.644932	0		1
0.64	0.688231	0		1
0.845	0.0906733	0		1
0.64	0.67091	0		1
0.335	0.107994	0		1
0.34	0.116654	0		1
0.91	0.705551	0		1
0.32	0.0993336	0		1
0.305	0.0906733	0		1
0.0700006	0.0473724	0		1
0.59	0.982679	0		1
0.23	0.393782	0		1
0.53	0.341821	0		1
0.39	0.0993336	0		1
0.415	0.107994	0		1
0.24	0.393782	0		1
0.325	0.0387225	0		1
0.32	0.0473738	0		1
0.325	0.0560326	0		1
0.16	0.688231	0		1
0.185	0.471725	0		1
0.09	0.445744	0		1
0.095	0.454404	0		1
0.465	0.107994	0		1
0.475	0.107994	0		1
0.61	0.965359	0		1
0.615	0.974019	0		1
0.18	0.774833	0		1
0.895	0.766173	0		1
0.9	0.774833	0		1
0.12	0.203257	0		1
0.395	0.818135	0		1
0.765	0.610289	0		1
0.915	0.714212	0		1
0.265	0.367801	0		1
0.991489	0.55475	0		1
0.981565	0.549755	0		1
0.795	0.887417	0		1
0.81	0.878756	0		1
0.82	0.878756	0		1
0.85	0.359141	0		1
0.855	0.350481	0		1
0.555024	0.00794824	0		1
0.265	0.541007	0		1
0.725	0.748853	0		1
0.105	0.159955	0		1
0.1	0.168616	0		1
0.11	0.151295	0		1
0.105	0.142635	0		1
0.78	0.411103	0		1
0.775	0.419763	0		1
0.78	0.428423	0		1
0.955003	0.627607	0		1
0.0450022	0.541008	0		1
0.31	0.359141	0		1
0.24	0.515026	0		1
0.245	0.506366	0		1
0.25	0.376462	0		1
0.18	0.3245	0		1
0.035	0.523686	0		1
0.505	0.99134	0		1
0.81	0.272539	0		1
0.81	0.255218	0		1
0.12	0.151295	0		1
0.48	0.982679	0		1
0.295	0.523686	0		1
0.36	0.445744	0		1
0.655	0.610289	0		1
0.64	0.65359	0		1
0.52	0.30718	0		1
0.8	0.255218	0		1
0.795	0.246558	0		1
0.805	0.246558	0		1
0.8	0.237898	0		1
0.085	0.610289	0		1
0.85	0.376462	0		1
0.33	0.393782	0		1
0.84	0.618949	0		1
0.85	0.618949	0		1
0.83	0.584308	0		1
0.125	0.194596	0		1
0.33	0.463064	0		1
0.115	0.385122	0		1
0.79	0.913397	0		1
0.42	0.359141	0		1
0.43	0.359141	0		1
0.91	0.757513	0		1
0.48	0.411103	0		1
0.325	0.922058	0		1
0.72	0.826795	0		1
0.395	0.107994	0		1
0.969954	0.359161	0		1
0.981408	0.359459	0		1
0.975	0.350481	0		1
0.905	0.246558	0		1
0.895	0.246558	0		1
0.0400102	0.653586	0		1
0.72	0.601628	0		1
0.17	0.601628	0		1
0.845	0.350481	0		1
0.13	0.393782	0		1
0.73	0.757513	0		1
0.735	0.766173	0		1
0.745	0.766173	0		1
0.74	0.774833	0		1
0.75	0.774833	0		1
0.745	0.783494	0		1
0.755	0.783494	0		1
0.755	0.766173	0		1
0.64	0.930718	0		1
0.55	0.722872	0		1
0.55	0.982679	0		1
0.53	0.566987	0		1
0.875	0.974019	0		1
0.865	0.974019	0		1
0.75	0.792154	0		1
0.58	0.255218	0		1
0.585	0.263878	0		1
0.38	0.0993336	0		1
0.545	0.766173	0		1
0.64	0.948038	0		1
0.25	0.532346	0		1
0.265	0.471725	0		1
0.26	0.480385	0		1
0.275	0.471725	0		1
0.00862304	0.0250645	0		1
0.0172771	0.0200752	0		1
0.0162879	0.0092116	0		1
0.0255675	0.0150301	0		1
0.0254529	0.0250317	0		1
0.0347052	0.0208531	0		1
0.285	0.766173	0		1
0.035006	0.714208	0		1
0.030001	0.705551	0		1
0.0203394	0.705445	0		1
0.0253255	0.697028	0		1
0.0350544	0.696914	0		1
0.0300633	0.688258	0		1
0.0184451	0.688931	0		1
0.0247514	0.679692	0		1
0.0158884	0.679852	0		1
0.0184385	0.670414	0		1
0.03	0.67091	0		1
0.15	0.722872	0		1
0.83	0.601628	0		1
0.865	0.99134	0		1
0.555	0.904737	0		1
0.00951544	0.863632	0		1
0.375	0.107994	0		1
0.53	0.549667	0		1
0.61	0.982679	0		1
0.565	0.974019	0		1
0.83	0.428423	0		1
0.825	0.419763	0		1
0.84	0.428423	0		1
0.83	0.411103	0		1
0.93	0.844115	0		1
0.425	0.367801	0		1
0.42	0.376462	0		1
0.43	0.376462	0		1
0.075	0.852776	0		1
0.2	0.428423	0		1
0.185	0.783494	0		1
0.15	0.705551	0		1
0.95494	0.887451	0		1
0.8	0.341821	0		1
0.97	0.0473721	0		1
0.975151	0.0560585	0		1
0.970025	0.0646969	0		1
0.979993	0.047454	0		1
0.98	0.0646926	0		1
0.975004	0.0733535	0		1
0.98499	0.0736473	0		1
0.979974	0.0820687	0		1
0.969996	0.0820225	0		1
0.974813	0.0905792	0		1
0.985036	0.0558429	0		1
0.990699	0.0461185	0		1
0.964968	0.0906592	0		1
0.969964	0.0993155	0		1
0.981381	0.0994898	0		1
0.975	0.107994	0		1
0.954995	0.090671	0		1
0.974791	0.0388453	0		1
0.969965	0.0300738	0		1
0.979271	0.0300586	0		1
0.975	0.0213913	0		1
0.984379	0.0226158	0		1
0.964667	0.0219772	0		1
0.33	0.757513	0		1
0.99123	0.494402	0		1
0.974959	0.00756519	0		1
0.175	0.904737	0		1
0.18	0.896077	0		1
0.095	0.159955	0		1
0.495	0.00827365	0		1
0.4902	0.0162945	0		1
0.480314	0.0162267	0		1
0.62	0.965359	0		1
0.954998	0.3678	0		1
0.885	0.99134	0		1
0.845	0.627609	0		1
0.855	0.627609	0		1
0.764719	0.0216178	0		1
0.759392	0.014363	0		1
0.990937	0.573835	0		1
0.989909	0.584551	0		1
0.52	0.0646926	0		1
0.51	0.0646926	0		1
0.505	0.0733528	0		1
0.5	0.0646926	0		1
0.895	0.731532	0		1
0.655	0.229237	0		1
0.825	0.125314	0		1
0.83	0.133975	0		1
0.82	0.133975	0		1
0.84	0.133975	0		1
0.00882272	0.884777	0		1
0.05	0.445744	0		1
0.055	0.454404	0		1
0.974947	0.31581	0		1
0.984737	0.315475	0		1
0.990271	0.324658	0		1
0.98	0.30718	0		1
0.465	0.714212	0		1
0.425	0.922058	0		1
0.43	0.913397	0		1
0.42	0.913397	0		1
0.6	0.618949	0		1
0.605	0.610289	0		1
0.845	0.939378	0		1
0.865	0.939378	0		1
0.77	0.203257	0		1
0.775	0.211917	0		1
0.72	0.0646926	0		1
0.135	0.437083	0		1
0.145	0.437083	0		1
0.83	0.618949	0		1
0.79	0.601628	0		1
0.29	0.930718	0		1
0.285	0.922058	0		1
0.275	0.922058	0		1
0.28	0.913397	0		1
0.27	0.913397	0		1
0.265	0.922058	0		1
0.26	0.913397	0		1
0.275	0.904737	0		1
0.295	0.922058	0		1
0.545	0.748853	0		1
0.365	0.922058	0		1
0.88	0.878756	0		1
0.87	0.878756	0		1
0.875	0.870096	0		1
0.865	0.870096	0		1
0.204998	0.0216094	0		1
0.855	0.107994	0		1
0.86	0.0993336	0		1
0.86	0.116654	0		1
0.865	0.107994	0		1
0.87	0.0993336	0		1
0.865	0.0906733	0		1
0.865	0.904737	0		1
0.87	0.896077	0		1
0.865	0.887417	0		1
0.425	0.956699	0		1
0.905	0.99134	0		1
0.72	0.740192	0		1
0.71	0.740192	0		1
0.81	0.948038	0		1
0.545	0.783494	0		1
0.54	0.792154	0		1
0.55	0.792154	0		1
0.545	0.800814	0		1
0.0450007	0.835458	0		1
0.84	0.532346	0		1
0.85	0.532346	0		1
0.73	0.0646926	0		1
0.74	0.0646926	0		1
0.745	0.0560323	0		1
0.75	0.0646926	0		1
0.755	0.0560323	0		1
0.085	0.835455	0		1
0.145	0.246558	0		1
0.19	0.792154	0		1
0.86	0.705551	0		1
0.415	0.99134	0		1
0.76	0.601628	0		1
0.455	0.402442	0		1
0.45	0.393782	0		1
0.315	0.385122	0		1
0.65	0.618949	0		1
0.775	0.125314	0		1
0.78	0.133975	0		1
0.79	0.133975	0		1
0.16	0.809474	0		1
0.915	0.679571	0		1
0.2	0.376462	0		1
0.08	0.497705	0		1
0.14	0.878756	0		1
0.135	0.887417	0		1
0.13	0.896077	0		1
0.14	0.861436	0		1
0.14	0.896077	0		1
0.39	0.878756	0		1
0.875	0.800814	0		1
0.835	0.679571	0		1
0.1	0.792154	0		1
0.63	0.3245	0		1
0.825	0.454404	0		1
0.815	0.31584	0		1
0.825	0.31584	0		1
0.815	0.125314	0		1
0.81	0.133975	0		1
0.8	0.133975	0		1
0.805	0.142635	0		1
0.105	0.592968	0		1
0.095	0.592968	0		1
0.61	0.30718	0		1
0.0650004	0.0216085	0		1
0.79	0.948038	0		1
0.835	0.939378	0		1
0.5	0.463064	0		1
0.505	0.454404	0		1
0.485	0.471725	0		1
0.895	0.125314	0		1
0.17	0.913397	0		1
0.415	0.731532	0		1
0.981414	0.619349	0		1
0.315	0.0560327	0		1
0.355	0.922058	0		1
0.36	0.913397	0		1
0.085	0.437083	0		1
0.35	0.774833	0		1
0.73	0.601628	0		1
0.974936	0.991377	0		1
0.979925	0.982723	0		1
0.990788	0.983712	0		1
0.985	0.974019	0		1
0.974987	0.973952	0		1
0.980301	0.965155	0		1
0.985328	0.955748	0		1
0.97533	0.956252	0		1
0.980381	0.947442	0		1
0.970429	0.947692	0		1
0.975539	0.939094	0		1
0.965539	0.938968	0		1
0.955288	0.939119	0		1
0.970136	0.965078	0		1
0.969975	0.982682	0		1
0.959996	0.98268	0		1
0.954999	0.99134	0		1
0.935	0.437083	0		1
0.93	0.428423	0		1
0.945	0.437083	0		1
0.19	0.930718	0		1
0.11	0.203257	0		1
0.795	0.454404	0		1
0.79	0.445744	0		1
0.355	0.870096	0		1
0.495	0.887417	0		1
0.5	0.896077	0		1
0.505	0.887417	0		1
0.51	0.878756	0		1
0.505	0.870096	0		1
0.515	0.870096	0		1
0.51	0.861436	0		1
0.505	0.852776	0		1
0.51	0.844115	0		1
0.925	0.748853	0		1
0.14	0.913397	0		1
0.855	0.541007	0		1
0.69	0.757513	0		1
0.605	0.298519	0		1
0.964994	0.107991	0		1
0.978843	0.117515	0		1
0.095	0.731532	0		1
0.09	0.740192	0		1
0.08	0.740192	0		1
0.0400102	0.705554	0		1
0.925	0.714212	0		1
0.57	0.0820131	0		1
0.585	0.0906733	0		1
0.78	0.272539	0		1
0.615	0.107994	0		1
0.81	0.636269	0		1
0.71	0.809474	0		1
0.55	0.896077	0		1
0.115	0.939378	0		1
0.605	0.956699	0		1
0.595	0.766173	0		1
0.6	0.774833	0		1
0.585	0.766173	0		1
0.58	0.757513	0		1
0.92	0.0993336	0		1
0.475	0.922058	0		1
0.905	0.64493	0		1
0.0550025	0.350482	0		1
0.395	0.99134	0		1
0.39	0.982679	0		1
0.38	0.982679	0		1
0.375	0.99134	0		1
0.165	0.33316	0		1
0.175	0.33316	0		1
0.025	0.610289	0		1
0.9	0.203257	0		1
0.855	0.125314	0		1
0.065	0.402442	0		1
0.0171961	0.0300286	0		1
0.0172768	0.0400048	0		1
0.00865297	0.0450008	0		1
0.0172291	0.0500009	0		1
0.0254891	0.0446967	0		1
0.00864381	0.0550003	0		1
0.0172196	0.0600002	0		1
0.0172174	0.0698506	0		1
0.0255555	0.0658828	0		1
0.00864308	0.0749751	0		1
0.0167325	0.0797543	0		1
0.0167644	0.0892788	0		1
0.00856757	0.0948798	0		1
0.0190512	0.0996266	0		1
0.0171823	0.110142	0		1
0.00859235	0.114919	0		1
0.45	0.861436	0		1
0.455	0.870096	0		1
0.45	0.878756	0		1
0.46	0.878756	0		1
0.46	0.861436	0		1
0.455	0.887417	0		1
0.445	0.887417	0		1
0.45	0.896077	0		1
0.465	0.887417	0		1
0.44	0.896077	0		1
0.445	0.904737	0		1
0.435	0.904737	0		1
0.435	0.887417	0		1
0.455	0.852776	0		1
0.465	0.852776	0		1
0.69	0.203257	0		1
0.815	0.714212	0		1
0.925	0.99134	0		1
0.74	0.948038	0		1
0.93	0.722872	0		1
0.07	0.480385	0		1
0.745	0.385122	0		1
0.085	0.0213913	0		1
0.991378	0.845073	0		1
0.983341	0.850116	0		1
0.982854	0.860019	0		1
0.991369	0.865003	0		1
0.982714	0.870004	0		1
0.982679	0.88	0		1
0.974519	0.865038	0		1
0.974629	0.87521	0		1
0.99134	0.885	0		1
0.58	0.705551	0		1
0.33	0.930718	0		1
0.315	0.922058	0		1
0.095	0.0733528	0		1
0.89	0.584308	0		1
0.085	0.0560323	0		1
0.095	0.0560323	0		1
0.11	0.0473721	0		1
0.0800001	0.0473721	0		1
0.385	0.939378	0		1
0.805	0.177276	0		1
0.54	0.463064	0		1
0.17	0.809474	0		1
0.875	0.679571	0		1
0.335	0.558327	0		1
0.325	0.558327	0		1
0.33	0.566987	0		1
0.32	0.566987	0		1
0.335	0.575648	0		1
0.775	0.783494	0		1
0.77	0.792154	0		1
0.56	0.792154	0		1
0.205	0.541007	0		1
0.605	0.939378	0		1
0.0650002	0.107994	0		1
0.075	0.107994	0		1
0.87	0.688231	0		1
0.055001	0.0906739	0		1
0.0650003	0.0906735	0		1
0.31	0.930718	0		1
0.62	0.3245	0		1
0.635	0.33316	0		1
0.1	0.532346	0		1
0.105	0.541007	0		1
0.09	0.532346	0		1
0.115	0.541007	0		1
0.11	0.549667	0		1
0.1	0.549667	0		1
0.105	0.0213913	0		1
0.115	0.0215998	0		1
0.655	0.66225	0		1
0.675	0.211917	0		1
0.695	0.125314	0		1
0.7	0.133975	0		1
0.69	0.133975	0		1
0.71	0.133975	0		1
0.695	0.142635	0		1
0.589991	0.0473791	0		1
0.579989	0.0473802	0		1
0.8	0.67091	0		1
0.79	0.67091	0		1
0.785	0.679571	0		1
0.0402433	0.0301142	0		1
0.835	0.506366	0		1
0.0650001	0.0560324	0		1
0.58	0.116654	0		1
0.575	0.125314	0		1
0.22	0.757513	0		1
0.055	0.592968	0		1
0.00860141	0.395046	0		1
0.0169079	0.399744	0		1
0.0184609	0.410277	0		1
0.0163084	0.390462	0		1
0.06	0.445744	0		1
0.06	0.463064	0		1
0.645	0.922058	0		1
0.655	0.922058	0		1
0.149953	0.0300893	0		1
0.154657	0.0220529	0		1
0.0400196	0.688239	0		1
0.66	0.289859	0		1
0.0252861	0.766338	0		1
0.0201105	0.775054	0		1
0.0186972	0.758362	0		1
0.11	0.0993336	0		1
0.115	0.0906733	0		1
0.12	0.0993336	0		1
0.125	0.0906733	0		1
0.115	0.107994	0		1
0.255	0.766173	0		1
0.835	0.194596	0		1
0.54	0.584308	0		1
0.865	0.541007	0		1
0.209992	0.0301568	0		1
0.964454	0.212128	0		1
0.41	0.359141	0		1
0.375	0.0560323	0		1
0.38	0.0473721	0		1
0.155	0.731532	0		1
0.365	0.489045	0		1
0.37	0.497705	0		1
0.36	0.497705	0		1
0.365	0.506366	0		1
0.355	0.506366	0		1
0.36	0.515026	0		1
0.39	0.722872	0		1
0.385	0.731532	0		1
0.94	0.359141	0		1
0.405	0.454404	0		1
0.58	0.688231	0		1
0.235	0.870096	0		1
0.91	0.3245	0		1
0.955	0.281199	0		1
0.94	0.67091	0		1
0.794719	0.0216178	0		1
0.789392	0.014363	0		1
0.955	0.177276	0		1
0.285	0.870096	0		1
0.09	0.584308	0		1
0.845	0.367801	0		1
0.62	0.844115	0		1
0.715	0.66225	0		1
0.71	0.67091	0		1
0.565	0.229237	0		1
0.93	0.0993336	0		1
0.01003	0.134771	0		1
0.929999	0.913397	0		1
0.925	0.904737	0		1
0.92	0.913397	0		1
0.915	0.904737	0		1
0.385	0.489045	0		1
0.355	0.99134	0		1
0.93	0.65359	0		1
0.45	0.948038	0		1
0.465	0.939378	0		1
0.435	0.956699	0		1
0.415	0.748853	0		1
0.09	0.30718	0		1
0.095	0.298519	0		1
0.905	0.00866025	0		1
0.805	0.818135	0		1
0.81	0.826795	0		1
0.8	0.826795	0		1
0.36	0.65359	0		1
0.991577	0.605049	0		1
0.98191	0.60067	0		1
0.235	0.835455	0		1
0.255	0.748853	0		1
0.865	0.956699	0		1
0.79	0.532346	0		1
0.785	0.523686	0		1
0.78	0.532346	0		1
0.775	0.523686	0		1
0.77	0.532346	0		1
0.765	0.523686	0		1
0.77	0.515026	0		1
0.76	0.515026	0		1
0.765	0.506366	0		1
0.755	0.506366	0		1
0.76	0.497705	0		1
0.75	0.497705	0		1
0.755	0.489045	0		1
0.745	0.489045	0		1
0.75	0.480385	0		1
0.74	0.480385	0		1
0.745	0.471725	0		1
0.735	0.471725	0		1
0.74	0.463064	0		1
0.73	0.463064	0		1
0.75	0.515026	0		1
0.75	0.463064	0		1
0.745	0.454404	0		1
0.76	0.480385	0		1
0.77	0.497705	0		1
0.765	0.489045	0		1
0.84	0.757513	0		1
0.845	0.766173	0		1
0.285	0.246558	0		1
0.964998	0.246702	0		1
0.925	0.33316	0		1
0.72	0.445744	0		1
0.725	0.454404	0		1
0.795	0.852776	0		1
0.0600002	0.0820132	0		1
0.0550027	0.956697	0		1
0.715	0.211917	0		1
0.72	0.220577	0		1
0.945	0.696891	0		1
0.715	0.419763	0		1
0.705	0.419763	0		1
0.7	0.411103	0		1
0.695	0.419763	0		1
0.125	0.541007	0		1
0.105	0.627609	0		1
0.195	0.367801	0		1
0.61	0.289859	0		1
0.83	0.463064	0		1
0.595	0.66225	0		1
0.00998163	0.375327	0		1
0.00866025	0.155	0		1
0.35	0.861436	0		1
0.36	0.861436	0		1
0.365	0.852776	0		1
0.365	0.870096	0		1
0.57	0.809474	0		1
0.565	0.818135	0		1
0.57	0.826795	0		1
0.56	0.826795	0		1
0.555	0.818135	0		1
0.565	0.835455	0		1
0.56	0.809474	0		1
0.345	0.558327	0		1
0.2	0.220577	0		1
0.865	0.00866025	0		1
0.815	0.64493	0		1
0.975047	0.419894	0		1
0.981487	0.410491	0		1
0.09	0.878756	0		1
0.1	0.878756	0		1
0.66	0.0993336	0		1
0.175	0.610289	0		1
0.175	0.592968	0		1
0.23	0.65359	0		1
0.235	0.64493	0		1
0.235	0.66225	0		1
0.23	0.67091	0		1
0.87	0.168616	0		1
0.88	0.168616	0		1
0.14	0.826795	0		1
0.77	0.185936	0		1
0.885	0.471725	0		1
0.89	0.463064	0		1
0.885	0.454404	0		1
0.9	0.463064	0		1
0.875	0.0213913	0		1
0.38	0.844115	0		1
0.184673	0.0219628	0		1
0.66	0.220577	0		1
0.225	0.575648	0		1
0.23	0.566987	0		1
0.285	0.229237	0		1
0.255	0.870096	0		1
0.265	0.870096	0		1
0.27	0.861436	0		1
0.26	0.861436	0		1
0.265	0.852776	0		1
0.27	0.844115	0		1
0.82	0.0473721	0		1
0.335	0.99134	0		1
0.67	0.65359	0		1
0.145	0.125314	0		1
0.155	0.125314	0		1
0.16	0.116654	0		1
0.165	0.125314	0		1
0.17	0.116654	0		1
0.285	0.541007	0		1
0.28	0.549667	0		1
0.775	0.887417	0		1
0.645	0.66225	0		1
0.295	0.99134	0		1
0.29	0.982679	0		1
0.28	0.982679	0		1
0.285	0.974019	0		1
0.275	0.974019	0		1
0.295	0.974019	0		1
0.27	0.982679	0		1
0.265	0.974019	0		1
0.28	0.965359	0		1
0.26	0.982679	0		1
0.255	0.974019	0		1
0.525	0.281199	0		1
0.93	0.480385	0		1
0.795	0.471725	0		1
0.805	0.471725	0		1
0.765	0.107994	0		1
0.604953	0.00849534	0		1
0.61	0.0173205	0		1
0.6202	0.0163405	0		1
0.59956	0.0160486	0		1
0.77	0.411103	0		1
0.945	0.125314	0		1
0.93	0.116654	0		1
0.445	0.748853	0		1
0.45	0.740192	0		1
0.79	0.0820131	0		1
0.964991	0.315835	0		1
0.925	0.00866025	0		1
0.105	0.229237	0		1
0.315	0.99134	0		1
0.31	0.982679	0		1
0.53	0.0646926	0		1
0.69	0.30718	0		1
0.685	0.298519	0		1
0.13	0.30718	0		1
0.55	0.255218	0		1
0.54	0.255218	0		1
0.545	0.246558	0		1
0.54	0.237898	0		1
0.58	0.549667	0		1
0.21	0.930718	0		1
0.215	0.922058	0		1
0.225	0.922058	0		1
0.22	0.913397	0		1
0.23	0.913397	0		1
0.235	0.922058	0		1
0.24	0.913397	0		1
0.225	0.904737	0		1
0.215	0.904737	0		1
0.245	0.922058	0		1
0.25	0.913397	0		1
0.245	0.904737	0		1
0.255	0.904737	0		1
0.205	0.922058	0		1
0.24	0.930718	0		1
0.355	0.489045	0		1
0.0150094	0.593514	0		1
0.0148221	0.575466	0		1
0.0250184	0.78353	0		1
0.015003	0.783788	0		1
0.115	0.99134	0		1
0.11	0.982679	0		1
0.1	0.982679	0		1
0.105	0.974019	0		1
0.095	0.99134	0		1
0.09	0.982679	0		1
0.105	0.454404	0		1
0.00866025	0.355	0		1
0.38	0.809474	0		1
0.245	0.0733528	0		1
0.991183	0.624819	0		1
0.16	0.826795	0		1
0.37	0.826795	0		1
0.989929	0.705367	0		1
0.91	0.411103	0		1
0.92	0.411103	0		1
0.52	0.67091	0		1
0.215	0.870096	0		1
0.205	0.870096	0		1
0.969955	0.341795	0		1
0.981303	0.341156	0		1
0.66	0.913397	0		1
0.165	0.922058	0		1
0.735	0.211917	0		1
0.645	0.852776	0		1
0.65	0.861436	0		1
0.905	0.922058	0		1
0.91	0.913397	0		1
0.9	0.913397	0		1
0.3	0.982679	0		1
0.305	0.974019	0		1
0.315	0.974019	0		1
0.525	0.31584	0		1
0.52	0.3245	0		1
0.875	0.263878	0		1
0.1	0.203257	0		1
0.835	0.229237	0		1
0.54	0.151295	0		1
0.535	0.159955	0		1
0.845	0.00866025	0		1
0.68	0.722872	0		1
0.225	0.0560323	0		1
0.235	0.0560323	0		1
0.425	0.592968	0		1
0.175	0.99134	0		1
0.17	0.982679	0		1
0.185	0.99134	0		1
0.19	0.982679	0		1
0.2	0.982679	0		1
0.205	0.99134	0		1
0.21	0.982679	0		1
0.205	0.974019	0		1
0.215	0.974019	0		1
0.22	0.982679	0		1
0.225	0.974019	0		1
0.22	0.965359	0		1
0.23	0.965359	0		1
0.235	0.974019	0		1
0.19	0.203257	0		1
0.185	0.194596	0		1
0.84	0.636269	0		1
0.86	0.497705	0		1
0.991766	0.684942	0		1
0.981689	0.689079	0		1
0.21	0.913397	0		1
0.885	0.00866025	0		1
0.465	0.835455	0		1
0.785	0.142635	0		1
0.775	0.142635	0		1
0.145	0.263878	0		1
0.155	0.263878	0		1
0.145	0.904737	0		1
0.975	0.194596	0		1
0.984778	0.194487	0		1
0.16	0.133975	0		1
0.3	0.480385	0		1
0.305	0.489045	0		1
0.3	0.497705	0		1
0.31	0.497705	0		1
0.315	0.489045	0		1
0.305	0.506366	0		1
0.295	0.506366	0		1
0.3	0.515026	0		1
0.05	0.3245	0		1
0.040007	0.722868	0		1
0.36	0.844115	0		1
0.605	0.419763	0		1
0.08	0.930718	0		1
0.09	0.930718	0		1
0.45	0.65359	0		1
0.29	0.65359	0		1
0.28	0.65359	0		1
0.275	0.66225	0		1
0.27	0.65359	0		1
0.265	0.66225	0		1
0.275	0.64493	0		1
0.26	0.65359	0		1
0.27	0.67091	0		1
0.555	0.887417	0		1
0.645	0.00866025	0		1
0.855	0.402442	0		1
0.86	0.393782	0		1
0.865	0.402442	0		1
0.87	0.411103	0		1
0.755	0.887417	0		1
0.525	0.956699	0		1
0.2	0.463064	0		1
0.205	0.471725	0		1
0.195	0.0906733	0		1
0.205	0.0906733	0		1
0.21	0.0993336	0		1
0.705	0.367801	0		1
0.695	0.367801	0		1
0.69	0.376462	0		1
0.685	0.367801	0		1
0.69	0.359141	0		1
0.68	0.376462	0		1
0.685	0.385122	0		1
0.55	0.185936	0		1
0.185	0.298519	0		1
0.19	0.30718	0		1
0.0550086	0.333163	0		1
0.545	0.64493	0		1
0.55	0.636269	0		1
0.485	0.107994	0		1
0.545	0.454404	0		1
0.405	0.33316	0		1
0.4	0.3245	0		1
0.405	0.31584	0		1
0.395	0.31584	0		1
0.4	0.30718	0		1
0.39	0.30718	0		1
0.39	0.3245	0		1
0.41	0.30718	0		1
0.405	0.298519	0		1
0.415	0.298519	0		1
0.21	0.237898	0		1
0.205	0.64493	0		1
0.665	0.610289	0		1
0.66	0.601628	0		1
0.185	0.142635	0		1
0.685	0.194596	0		1
0.875	0.402442	0		1
0.35	0.67091	0		1
0.245	0.627609	0		1
0.11	0.584308	0		1
0.065	0.575648	0		1
0.4	0.445744	0		1
0.765	0.350481	0		1
0.335	0.125314	0		1
0.125	0.107994	0		1
0.655	0.211917	0		1
0.41	0.341821	0		1
0.00862558	0.335	0		1
0.0167345	0.32977	0		1
0.0173205	0.32	0		1
0.00858093	0.315597	0		1
0.0186686	0.340813	0		1
0.885	0.367801	0		1
0.88	0.359141	0		1
0.685	0.904737	0		1
0.58	0.289859	0		1
0.575	0.281199	0		1
0.57	0.289859	0		1
0.635	0.870096	0		1
0.72	0.757513	0		1
0.785	0.385122	0		1
0.255	0.298519	0		1
0.26	0.30718	0		1
0.255	0.31584	0		1
0.265	0.31584	0		1
0.26	0.3245	0		1
0.25	0.3245	0		1
0.27	0.445744	0		1
0.26	0.445744	0		1
0.55	0.0820131	0		1
0.535	0.0906733	0		1
0.53	0.0993336	0		1
0.3	0.116654	0		1
0.905	0.835455	0		1
0.81	0.497705	0		1
0.765	0.471725	0		1
0.125	0.800814	0		1
0.285	0.0213913	0		1
0.275	0.0213913	0		1
0.27	0.0300515	0		1
0.765	0.298519	0		1
0.88	0.861436	0		1
0.885	0.870096	0		1
0.2	0.774833	0		1
0.61	0.774833	0		1
0.605	0.783494	0		1
0.595	0.783494	0		1
0.615	0.783494	0		1
0.61	0.792154	0		1
0.62	0.792154	0		1
0.625	0.783494	0		1
0.875	0.31584	0		1
0.46	0.636269	0		1
0.974513	0.402222	0		1
0.00861307	0.974918	0		1
0.0167624	0.969986	0		1
0.016642	0.960207	0		1
0.0169387	0.98006	0		1
0.0259093	0.974491	0		1
0.025056	0.985023	0		1
0.00854717	0.955034	0		1
0.0166744	0.950324	0		1
0.335	0.263878	0		1
0.991749	0.795024	0		1
0.725	0.125314	0		1
0.234673	0.0220314	0		1
0.345	0.506366	0		1
0.5	0.133975	0		1
0.49	0.133975	0		1
0.485	0.142635	0		1
0.495	0.125314	0		1
0.485	0.125314	0		1
0.00866025	0.295	0		1
0.0181991	0.289906	0		1
0.565	0.454404	0		1
0.965004	0.0733552	0		1
0.165	0.0733528	0		1
0.575	0.852776	0		1
0.235	0.99134	0		1
0.245	0.99134	0		1
0.24	0.982679	0		1
0.25	0.982679	0		1
0.245	0.974019	0		1
0.25	0.965359	0		1
0.155	0.0560323	0		1
0.165	0.0560323	0		1
0.935	0.471725	0		1
0.095	0.263878	0		1
0.055	0.818135	0		1
0.0450009	0.818134	0		1
0.61	0.480385	0		1
0.605	0.489045	0		1
0.185	0.385122	0		1
0.545	0.627609	0		1
0.55	0.618949	0		1
0.665	0.714212	0		1
0.765	0.0733528	0		1
0.62	0.0993336	0		1
0.57	0.497705	0		1
0.565	0.506366	0		1
0.555	0.506366	0		1
0.425	0.783494	0		1
0.42	0.792154	0		1
0.715	0.679571	0		1
0.705	0.679571	0		1
0.175	0.558327	0		1
0.485	0.385122	0		1
0.49	0.376462	0		1
0.485	0.367801	0		1
0.495	0.385122	0		1
0.5	0.376462	0		1
0.4	0.861436	0		1
0.91	0.861436	0		1
0.525	0.0387118	0		1
0.055	0.159955	0		1
0.06	0.151295	0		1
0.83	0.67091	0		1
0.835	0.66225	0		1
0.845	0.66225	0		1
0.085	0.31584	0		1
0.385	0.194596	0		1
0.395	0.194596	0		1
0.4	0.185936	0		1
0.405	0.194596	0		1
0.065	0.870096	0		1
0.545	0.731532	0		1
0.55	0.740192	0		1
0.4	0.792154	0		1
0.22	0.566987	0		1
0.135	0.489045	0		1
0.86	0.584308	0		1
0.705	0.00859582	0		1
0.709927	0.0170775	0		1
0.699707	0.0158329	0		1
0.735	0.142635	0		1
0.76	0.0473721	0		1
0.215	0.33316	0		1
0.25	0.359141	0		1
0.225	0.31584	0		1
0.23	0.3245	0		1
0.705	0.731532	0		1
0.855	0.575648	0		1
0.785	0.506366	0		1
0.775	0.506366	0		1
0.165	0.887417	0		1
0.505	0.194596	0		1
0.825	0.00866025	0		1
0.814988	0.00832197	0		1
0.175	0.159955	0		1
0.185	0.159955	0		1
0.18	0.168616	0		1
0.11	0.774833	0		1
0.115	0.766173	0		1
0.11	0.757513	0		1
0.12	0.757513	0		1
0.1	0.774833	0		1
0.695	0.263878	0		1
0.945	0.281199	0		1
0.655	0.731532	0		1
0.65	0.740192	0		1
0.64	0.740192	0		1
0.17	0.636269	0		1
0.0500032	0.307178	0		1
0.575	0.298519	0		1
0.74	0.0473721	0		1
0.13	0.774833	0		1
0.135	0.575648	0		1
0.14	0.757513	0		1
0.345	0.627609	0		1
0.32	0.688231	0		1
0.00862538	0.175	0		1
0.0187621	0.169335	0		1
0.0169917	0.180184	0		1
0.00859963	0.185031	0		1
0.0166284	0.190016	0		1
0.0165922	0.199982	0		1
0.00853886	0.204997	0		1
0.01665	0.209578	0		1
0.00862686	0.215002	0		1
0.0186868	0.22032	0		1
0.93	0.255218	0		1
0.685	0.766173	0		1
0.195	0.419763	0		1
0.35	0.809474	0		1
0.345	0.800814	0		1
0.895	0.385122	0		1
0.845	0.437083	0		1
0.885	0.506366	0		1
0.115	0.229237	0		1
0.845	0.385122	0		1
0.325	0.402442	0		1
0.335	0.402442	0		1
0.34	0.411103	0		1
0.345	0.402442	0		1
0.175	0.419763	0		1
0.18	0.428423	0		1
0.535	0.142635	0		1
0.35	0.549667	0		1
0.915	0.31584	0		1
0.165	0.0906733	0		1
0.175	0.64493	0		1
0.28	0.515026	0		1
0.29	0.272539	0		1
0.295	0.263878	0		1
0.685	0.00844329	0		1
0.4	0.982679	0		1
0.254719	0.0216178	0		1
0.249392	0.014363	0		1
0.264673	0.0219735	0		1
0.275	0.99134	0		1
0.05	0.272539	0		1
0.67	0.618949	0		1
0.3	0.289859	0		1
0.305	0.281199	0		1
0.57	0.3245	0		1
0.67	0.688231	0		1
0.82	0.185936	0		1
0.835	0.870096	0		1
0.68	0.341821	0		1
0.69	0.341821	0		1
0.695	0.350481	0		1
0.895	0.437083	0		1
0.885	0.437083	0		1
0.88	0.428423	0		1
0.495	0.177276	0		1
0.07	0.411103	0		1
0.66	0.185936	0		1
0.86	0.757513	0		1
0.735	0.592968	0		1
0.11	0.826795	0		1
0.11	0.844115	0		1
0.11	0.861436	0		1
0.755	0.454404	0		1
0.745	0.437083	0		1
0.195	0.281199	0		1
0.2	0.289859	0		1
0.89	0.0820131	0		1
0.35	0.133975	0		1
0.42	0.757513	0		1
0.41	0.878756	0		1
0.41	0.0300515	0		1
0.405	0.0213913	0		1
0.415	0.0213913	0		1
0.425	0.0213913	0		1
0.43	0.566987	0		1
0.29	0.185936	0		1
0.845	0.177276	0		1
0.645	0.523686	0		1
0.785	0.0906733	0		1
0.295	0.350481	0		1
0.3	0.359141	0		1
0.455	0.0733528	0		1
0.46	0.0646926	0		1
0.47	0.0646926	0		1
0.45	0.0646926	0		1
0.44	0.0646926	0		1
0.36	0.705551	0		1
0.15	0.428423	0		1
0.08	0.618949	0		1
0.28	0.255218	0		1
0.575	0.454404	0		1
0.685	0.939378	0		1
0.055	0.281199	0		1
0.97924	0.480389	0		1
0.54	0.913397	0		1
0.455	0.904737	0		1
0.0550002	0.922058	0		1
0.91	0.549667	0		1
0.325	0.575648	0		1
0.315	0.575648	0		1
0.31	0.584308	0		1
0.505	0.0560323	0		1
0.49	0.0646926	0		1
0.905	0.402442	0		1
0.45	0.445744	0		1
0.215	0.99134	0		1
0.345	0.437083	0		1
0.35	0.428423	0		1
0.345	0.419763	0		1
0.355	0.419763	0		1
0.36	0.428423	0		1
0.335	0.419763	0		1
0.305	0.33316	0		1
0.575	0.471725	0		1
0.665	0.367801	0		1
0.665	0.00866025	0		1
0.29	0.774833	0		1
0.105	0.64493	0		1
0.56	0.463064	0		1
0.76	0.203257	0		1
0.205	0.107994	0		1
0.21	0.116654	0		1
0.92	0.30718	0		1
0.1	0.705551	0		1
0.675	0.592968	0		1
0.655	0.0906733	0		1
0.525	0.610289	0		1
0.175	0.679571	0		1
0.1	0.861436	0		1
0.305	0.298519	0		1
0.82	0.3245	0		1
0.67	0.0820131	0		1
0.505	0.818135	0		1
0.18	0.497705	0		1
0.64	0.636269	0		1
0.365	0.66225	0		1
0.37	0.67091	0		1
0.575	0.419763	0		1
0.57	0.411103	0		1
0.575	0.402442	0		1
0.565	0.402442	0		1
0.565	0.419763	0		1
0.61	0.65359	0		1
0.635	0.610289	0		1
0.165	0.714212	0		1
0.81	0.237898	0		1
0.205	0.714212	0		1
0.455	0.33316	0		1
0.13	0.0473721	0		1
0.735	0.679571	0		1
0.64	0.618949	0		1
0.55	0.688231	0		1
0.31	0.3245	0		1
0.755	0.246558	0		1
0.745	0.246558	0		1
0.75	0.255218	0		1
0.76	0.255218	0		1
0.265	0.454404	0		1
0.35	0.220577	0		1
0.815	0.922058	0		1
0.805	0.489045	0		1
0.46	0.030116	0		1
0.4652	0.0224249	0		1
0.455012	0.0217367	0		1
0.450002	0.0301199	0		1
0.445001	0.0216084	0		1
0.47	0.203257	0		1
0.46	0.203257	0		1
0.455	0.211917	0		1
0.45	0.203257	0		1
0.455	0.194596	0		1
0.445	0.194596	0		1
0.44	0.203257	0		1
0.435	0.194596	0		1
0.465	0.194596	0		1
0.75	0.861436	0		1
0.12	0.844115	0		1
0.405	0.0733528	0		1
0.4	0.0646926	0		1
0.41	0.0646926	0		1
0.39	0.0646926	0		1
0.395	0.0560323	0		1
0.385	0.0560323	0		1
0.175	0.437083	0		1
0.31	0.861436	0		1
0.665	0.575648	0		1
0.695	0.66225	0		1
0.405	0.64493	0		1
0.991456	0.785289	0		1
0.983875	0.790124	0		1
0.235	0.194596	0		1
0.575	0.33316	0		1
0.17	0.463064	0		1
0.625	0.281199	0		1
0.615	0.281199	0		1
0.62	0.289859	0		1
0.665	0.437083	0		1
0.66	0.445744	0		1
0.655	0.437083	0		1
0.665	0.454404	0		1
0.65	0.445744	0		1
0.715	0.125314	0		1
0.76	0.809474	0		1
0.09	0.705551	0		1
0.08	0.705551	0		1
0.085	0.696891	0		1
0.075	0.696891	0		1
0.725	0.385122	0		1
0.33	0.133975	0		1
0.355	0.0387118	0		1
0.49	0.151295	0		1
0.645	0.142635	0		1
0.64	0.133975	0		1
0.645	0.125314	0		1
0.0300303	0.237915	0		1
0.89	0.30718	0		1
0.43	0.0300515	0		1
0.50034	0.0303444	0		1
0.39	0.151295	0		1
0.395	0.142635	0		1
0.315	0.696891	0		1
0.855	0.610289	0		1
0.415	0.592968	0		1
0.315	0.766173	0		1
0.39	0.411103	0		1
0.395	0.419763	0		1
0.155	0.350481	0		1
0.165	0.350481	0		1
0.35	0.948038	0		1
0.575	0.956699	0		1
0.58	0.948038	0		1
0.285	0.107994	0		1
0.295	0.107994	0		1
0.3	0.0993336	0		1
0.37	0.618949	0		1
0.375	0.627609	0		1
0.385	0.627609	0		1
0.38	0.636269	0		1
0.37	0.636269	0		1
0.395	0.575648	0		1
0.865	0.281199	0		1
0.86	0.272539	0		1
0.445	0.298519	0		1
0.7	0.566987	0		1
0.58	0.463064	0		1
0.92	0.757513	0		1
0.84	0.809474	0		1
0.395	0.0213913	0		1
0.945	0.99134	0		1
0.875	0.437083	0		1
0.435	0.0733528	0		1
0.43	0.0646926	0		1
0.2	0.549667	0		1
0.54	0.566987	0		1
0.675	0.454404	0		1
0.62	0.168616	0		1
0.515	0.229237	0		1
0.505	0.229237	0		1
0.5	0.237898	0		1
0.51	0.220577	0		1
0.495	0.229237	0		1
0.19	0.844115	0		1
0.2	0.844115	0		1
0.835	0.592968	0		1
0.71	0.255218	0		1
0.375	0.385122	0		1
0.485	0.714212	0		1
0.865	0.66225	0		1
0.645	0.575648	0		1
0.0249425	0.575631	0		1
0.455	0.800814	0		1
0.905	0.818135	0		1
0.9	0.809474	0		1
0.935	0.489045	0		1
0.49	0.705551	0		1
0.31	0.566987	0		1
0.735	0.610289	0		1
0.44	0.878756	0		1
0.495	0.350481	0		1
0.37	0.30718	0		1
0.635	0.627609	0		1
0.465	0.263878	0		1
0.61	0.445744	0		1
0.81	0.376462	0		1
0.815	0.385122	0		1
0.805	0.385122	0		1
0.41	0.65359	0		1
0.665	0.852776	0		1
0.66	0.861436	0		1
0.14	0.0820131	0		1
0.705	0.229237	0		1
0.19	0.774833	0		1
0.115	0.592968	0		1
0.719972	0.0303352	0		1
0.76	0.584308	0		1
0.0249781	0.870182	0		1
0.565	0.887417	0		1
0.605	0.64493	0		1
0.395	0.385122	0		1
0.14	0.289859	0		1
0.365	0.350481	0		1
0.37	0.359141	0		1
0.245	0.159955	0		1
0.24	0.151295	0		1
0.37	0.0646926	0		1
0.41	0.151295	0		1
0.415	0.142635	0		1
0.425	0.142635	0		1
0.265	0.489045	0		1
0.04	0.67091	0		1
0.41	0.185936	0		1
0.415	0.194596	0		1
0.42	0.185936	0		1
0.425	0.194596	0		1
0.64	0.913397	0		1
0.495	0.211917	0		1
0.58	0.722872	0		1
0.335	0.298519	0		1
0.855	0.800814	0		1
0.23	0.515026	0		1
0.235	0.506366	0		1
0.25	0.497705	0		1
0.855	0.194596	0		1
0.375	0.263878	0		1
0.11	0.618949	0		1
0.33	0.601628	0		1
0.24	0.566987	0		1
0.245	0.575648	0		1
0.515	0.211917	0		1
0.09	0.168616	0		1
0.895	0.523686	0		1
0.06	0.792154	0		1
0.3	0.809474	0		1
0.22	0.411103	0		1
0.22	0.116654	0		1
0.73	0.185936	0		1
0.895	0.211917	0		1
0.895	0.194596	0		1
0.885	0.194596	0		1
0.155	0.506366	0		1
0.36	0.722872	0		1
0.355	0.714212	0		1
0.345	0.714212	0		1
0.25	0.0993336	0		1
0.64	0.566987	0		1
0.77	0.618949	0		1
0.305	0.714212	0		1
0.315	0.0733528	0		1
0.0349724	0.679597	0		1
0.785	0.33316	0		1
0.78	0.341821	0		1
0.045	0.800814	0		1
0.295	0.696891	0		1
0.23	0.740192	0		1
0.235	0.731532	0		1
0.815	0.523686	0		1
0.435	0.437083	0		1
0.325	0.107994	0		1
0.405	0.177276	0		1
0.66	0.722872	0		1
0.41	0.445744	0		1
0.74	0.566987	0		1
0.225	0.281199	0		1
0.075	0.99134	0		1
0.07	0.982679	0		1
0.1	0.255218	0		1
0.64	0.428423	0		1
0.425	0.523686	0		1
0.435	0.523686	0		1
0.385	0.610289	0		1
0.204999	0.0387294	0		1
0.89	0.133975	0		1
0.895	0.142635	0		1
0.815	0.350481	0		1
0.81	0.341821	0		1
0.82	0.341821	0		1
0.69	0.515026	0		1
0.77	0.428423	0		1
0.155	0.107994	0		1
0.725	0.419763	0		1
0.575	0.159955	0		1
0.25	0.480385	0		1
0.37	0.566987	0		1
0.88	0.445744	0		1
0.36	0.116654	0		1
0.33	0.341821	0		1
0.81	0.480385	0		1
0.15	0.411103	0		1
0.28	0.168616	0		1
0.435	0.281199	0		1
0.365	0.679571	0		1
0.225	0.350481	0		1
0.974638	0.125581	0		1
0.31	0.65359	0		1
0.925	0.107994	0		1
0.385	0.33316	0		1
0.905	0.367801	0		1
0.455	0.229237	0		1
0.89	0.757513	0		1
0.73	0.341821	0		1
0.725	0.350481	0		1
0.43	0.705551	0		1
0.695	0.0560323	0		1
0.425	0.107994	0		1
0.57	0.393782	0		1
0.38	0.393782	0		1
0.47	0.133975	0		1
0.42	0.0646926	0		1
0.44	0.532346	0		1
0.32	0.3245	0		1
0.73	0.497705	0		1
0.45	0.255218	0		1
0.205	0.627609	0		1
0.795	0.0560323	0		1
0.675	0.714212	0		1
0.675	0.402442	0		1
0.685	0.402442	0		1
0.64	0.393782	0		1
0.13	0.0993336	0		1
0.25	0.151295	0		1
0.315	0.887417	0		1
0.925	0.523686	0		1
0.135	0.246558	0		1
0.465	0.0560323	0		1
0.44	0.151295	0		1
0.445	0.142635	0		1
0.495	0.454404	0		1
0.5	0.445744	0		1
0.57	0.861436	0		1
0.565	0.852776	0		1
0.41	0.618949	0		1
0.365	0.246558	0		1
0.37	0.237898	0		1
0.365	0.229237	0		1
0.355	0.229237	0		1
0.0204286	0.636024	0		1
0.625	0.575648	0		1
0.63	0.566987	0		1
0.26	0.532346	0		1
0.85	0.151295	0		1
0.425	0.575648	0		1
0.36	0.792154	0		1
0.35	0.341821	0		1
0.345	0.33316	0		1
0.32	0.237898	0		1
0.960005	0.0646937	0		1
0.45	0.376462	0		1
0.445	0.385122	0		1
0.305	0.0733528	0		1
0.685	0.471725	0		1
0.675	0.471725	0		1
0.375	0.142635	0		1
0.42	0.237898	0		1
0.425	0.385122	0		1
0.435	0.385122	0		1
0.445	0.107994	0		1
0.44	0.0993336	0		1
0.455	0.107994	0		1
0.435	0.402442	0		1
0.625024	0.00826745	0		1
0.415	0.0733528	0		1
0.4	0.393782	0		1
0.145	0.523686	0		1
0.155	0.523686	0		1
0.11	0.930718	0		1
0.88	0.341821	0		1
0.875	0.350481	0		1
0.885	0.350481	0		1
0.1	0.497705	0		1
0.29	0.497705	0		1
0.4	0.237898	0		1
0.405	0.246558	0		1
0.145	0.66225	0		1
0.145	0.627609	0		1
0.745	0.229237	0		1
0.605	0.350481	0		1
0.62	0.393782	0		1
0.6	0.861436	0		1
0.415	0.263878	0		1
0.405	0.263878	0		1
0.875	0.419763	0		1
0.865	0.419763	0		1
0.295	0.541007	0		1
0.38	0.289859	0		1
0.385	0.263878	0		1
0.645	0.558327	0		1
0.48	0.0993336	0		1
0.335	0.66225	0		1
0.285	0.558327	0		1
0.615	0.0560323	0		1
0.62	0.0646926	0		1
0.475	0.367801	0		1
0.48	0.359141	0		1
0.475	0.350481	0		1
0.905	0.471725	0		1
0.45	0.618949	0		1
0.455	0.610289	0		1
0.925	0.419763	0		1
0.695	0.627609	0		1
0.705	0.627609	0		1
0.445	0.0560323	0		1
0.065	0.558327	0		1
0.055	0.558327	0		1
0.07	0.566987	0		1
0.695	0.610289	0		1
0.06	0.740192	0		1
0.52	0.220577	0		1
0.695	0.385122	0		1
0.46	0.151295	0		1
0.275	0.0733528	0		1
0.175	0.66225	0		1
0.43	0.428423	0		1
0.24	0.532346	0		1
0.035	0.748853	0		1
0.81	0.3245	0		1
0.14	0.393782	0		1
0.82	0.0820131	0		1
0.825	0.0906733	0		1
0.815	0.0906733	0		1
0.565	0.367801	0		1
0.71	0.515026	0		1
0.705	0.523686	0		1
0.11	0.65359	0		1
0.7	0.0646926	0		1
0.825	0.523686	0		1
0.36	0.757513	0		1
0.675	0.350481	0		1
0.64	0.480385	0		1
0.295	0.0906733	0		1
0.445	0.229237	0		1
0.425	0.177276	0		1
0.915	0.385122	0		1
0.57	0.601628	0		1
0.225	0.558327	0		1
0.215	0.558327	0		1
0.405	0.00866025	0		1
0.53	0.861436	0		1
0.535	0.870096	0		1
0.605	0.592968	0		1
0.025	0.748853	0		1
0.6	0.393782	0		1
0.27	0.359141	0		1
0.525	0.489045	0		1
0.085	0.454404	0		1
0.825	0.696891	0		1
0.645	0.696891	0		1
0.57	0.428423	0		1
0.49	0.601628	0		1
0.48	0.601628	0		1
0.385	0.367801	0		1
0.51	0.549667	0		1
0.515	0.558327	0		1
0.285	0.0560323	0		1
0.275	0.0560323	0		1
0.46	0.0993336	0		1
0.275	0.33316	0		1
0.475	0.610289	0		1
0.23	0.0473721	0		1
0.82	0.255218	0		1
0.71	0.549667	0		1
0.715	0.558327	0		1
0.505	0.246558	0		1
0.495	0.246558	0		1
0.215	0.575648	0		1
0.67	0.532346	0		1
0.949999	0.0820127	0		1
0.26	0.237898	0		1
0.992157	0.114641	0		1
0.485	0.748853	0		1
0.605	0.229237	0		1
0.595	0.31584	0		1
0.86	0.636269	0		1
0.480033	0.0307117	0		1
0.505	0.31584	0		1
0.605	0.471725	0		1
0.72	0.861436	0		1
0.37	0.65359	0		1
0.09	0.601628	0		1
0.99135	0.405082	0		1
0.885	0.31584	0		1
0.79	0.30718	0		1
0.785	0.298519	0		1
0.425	0.246558	0		1
0.0600014	0.324501	0		1
0.435	0.0215998	0		1
0.845	0.142635	0		1
0.32	0.497705	0		1
0.57	0.463064	0		1
0.635	0.523686	0		1
0.34	0.67091	0		1
0.3	0.220577	0		1
0.695	0.489045	0		1
0.75	0.168616	0		1
0.74	0.168616	0		1
0.645	0.0906733	0		1
0.135	0.610289	0		1
0.145	0.610289	0		1
0.14	0.618949	0		1
0.415	0.211917	0		1
0.53	0.930718	0		1
0.6	0.203257	0		1
0.245	0.31584	0		1
0.51	0.566987	0		1
0.7	0.792154	0		1
0.68	0.289859	0		1
0.415	0.246558	0		1
0.265	0.419763	0		1
0.445	0.731532	0		1
0.17	0.393782	0		1
0.45	0.792154	0		1
0.345	0.679571	0		1
0.225	0.159955	0		1
0.755	0.835455	0		1
0.75	0.844115	0		1
0.74	0.844115	0		1
0.735	0.835455	0		1
0.73	0.844115	0		1
0.78	0.376462	0		1
0.795	0.385122	0		1
0.81	0.393782	0		1
0.815	0.402442	0		1
0.445	0.922058	0		1
0.315	0.506366	0		1
0.485	0.298519	0		1
0.395	0.177276	0		1
0.765	0.64493	0		1
0.77	0.636269	0		1
0.52	0.272539	0		1
0.89	0.237898	0		1
0.555	0.852776	0		1
0.89	0.341821	0		1
0.35	0.359141	0		1
0.155	0.956699	0		1
0.665	0.887417	0		1
0.385	0.0906733	0		1
0.41	0.549667	0		1
0.405	0.541007	0		1
0.455	0.489045	0		1
0.415	0.610289	0		1
0.05	0.618949	0		1
0.305	0.956699	0		1
0.355	0.454404	0		1
0.515	0.904737	0		1
0.59	0.393782	0		1
0.185	0.523686	0		1
0.295	0.437083	0		1
0.305	0.437083	0		1
0.945	0.142635	0		1
0.0500023	0.37646	0		1
0.12	0.982679	0		1
0.675	0.870096	0		1
0.865	0.211917	0		1
0.855	0.211917	0		1
0.425	0.0560323	0		1
0.82	0.896077	0		1
0.655	0.783494	0		1
0.34	0.826795	0		1
0.925	0.610289	0		1
0.92	0.618949	0		1
0.325	0.211917	0		1
0.575	0.350481	0		1
0.575	0.974019	0		1
0.57	0.982679	0		1
0.38	0.359141	0		1
0.125	0.437083	0		1
0.615	0.367801	0		1
0.69	0.168616	0		1
0.49	0.618949	0		1
0.485	0.610289	0		1
0.295	0.125314	0		1
0.51	0.289859	0		1
0.51	0.740192	0		1
0.355	0.0906733	0		1
0.53	0.255218	0		1
0.74	0.792154	0		1
0.991298	0.345106	0		1
0.88	0.185936	0		1
0.355	0.159955	0		1
0.635	0.367801	0		1
0.155	0.142635	0		1
0.105	0.679571	0		1
0.805	0.922058	0		1
0.51	0.688231	0		1
0.16	0.480385	0		1
0.32	0.203257	0		1
0.605	0.31584	0		1
0.285	0.627609	0		1
0.385	0.00866025	0		1
0.00839295	0.945055	0		1
0.0167096	0.939173	0		1
0.395	0.211917	0		1
0.115	0.00866025	0		1
0.665	0.541007	0		1
0.465	0.177276	0		1
0.375	0.246558	0		1
0.37	0.168616	0		1
0.255	0.506366	0		1
0.12	0.532346	0		1
0.585	0.367801	0		1
0.595	0.367801	0		1
0.305	0.610289	0		1
0.565	0.159955	0		1
0.79	0.861436	0		1
0.735	0.385122	0		1
0.344988	0.00832197	0		1
0.991061	0.364748	0		1
0.42	0.618949	0		1
0.735	0.558327	0		1
0.89	0.532346	0		1
0.225	0.818135	0		1
0.225	0.800814	0		1
0.53	0.116654	0		1
0.525	0.107994	0		1
0.69	0.566987	0		1
0.565	0.575648	0		1
0.345	0.298519	0		1
0.865	0.523686	0		1
0.375	0.229237	0		1
0.355	0.281199	0		1
0.29	0.515026	0		1
0.36	0.463064	0		1
0.445	0.177276	0		1
0.99134	0.095	0		1
0.41	0.601628	0		1
0.61	0.515026	0		1
0.105	0.263878	0		1
0.54	0.168616	0		1
0.365	0.00866025	0		1
0.245	0.766173	0		1
0.625	0.558327	0		1
0.405	0.835455	0		1
0.950003	0.618947	0		1
0.37	0.896077	0		1
0.475	0.246558	0		1
0.515	0.610289	0		1
0.895	0.506366	0		1
0.69	0.913397	0		1
0.48	0.3245	0		1
0.475	0.33316	0		1
0.991413	0.385509	0		1
0.983806	0.39056	0		1
0.87	0.844115	0		1
0.86	0.566987	0		1
0.07	0.896077	0		1
0.595	0.350481	0		1
0.705	0.402442	0		1
0.00866025	0.615	0		1
0.895	0.922058	0		1
0.335	0.0733528	0		1
0.584997	0.0560348	0		1
0.265	0.99134	0		1
0.775	0.489045	0		1
0.88	0.0820131	0		1
0.885	0.0906733	0		1
0.875	0.0906733	0		1
0.615	0.471725	0		1
0.47	0.289859	0		1
0.875	0.107994	0		1
0.991236	0.275513	0		1
0.365	0.610289	0		1
0.57	0.549667	0		1
0.42	0.861436	0		1
0.675	0.64493	0		1
0.665	0.64493	0		1
0.00965414	0.775017	0		1
0.51	0.636269	0		1
0.52	0.636269	0		1
0.325	0.367801	0		1
0.925	0.887417	0		1
0.705	0.99134	0		1
0.315	0.298519	0		1
0.74	0.636269	0		1
0.29	0.428423	0		1
0.99134	0.295	0		1
0.76	0.67091	0		1
0.51	0.65359	0		1
0.39	0.584308	0		1
0.82	0.688231	0		1
0.23	0.982679	0		1
0.305	0.0387118	0		1
0.535	0.367801	0		1
0.990352	0.25499	0		1
0.415	0.64493	0		1
0.51	0.757513	0		1
0.32	0.549667	0		1
0.08	0.237898	0		1
0.62	0.532346	0		1
0.195	0.818135	0		1
0.75	0.3245	0		1
0.755	0.31584	0		1
0.165	0.558327	0		1
0.7	0.445744	0		1
0.115	0.558327	0		1
0.45	0.705551	0		1
0.445	0.696891	0		1
0.835	0.974019	0		1
0.83	0.982679	0		1
0.26	0.584308	0		1
0.4	0.255218	0		1
0.895	0.454404	0		1
0.435	0.350481	0		1
0.65	0.185936	0		1
0.99071	0.946165	0		1
0.235	0.714212	0		1
0.23	0.705551	0		1
0.235	0.696891	0		1
0.66	0.376462	0		1
0.665	0.385122	0		1
0.845	0.263878	0		1
0.465	0.506366	0		1
0.475	0.0733528	0		1
0.83	0.3245	0		1
0.19	0.428423	0		1
0.32	0.480385	0		1
0.085	0.922058	0		1
0.295	0.00866025	0		1
0.485	0.64493	0		1
0.585	0.523686	0		1
0.595	0.489045	0		1
0.07	0.67091	0		1
0.0102344	0.705278	0		1
0.525	0.887417	0		1
0.575	0.835455	0		1
0.825	0.0213913	0		1
0.305	0.125314	0		1
0.775	0.350481	0		1
0.445	0.679571	0		1
0.92	0.428423	0		1
0.55	0.826795	0		1
0.33	0.185936	0		1
0.67	0.67091	0		1
0.485	0.541007	0		1
0.74	0.359141	0		1
0.87	0.930718	0		1
0.315	0.0387246	0		1
0.00950213	0.654349	0		1
0.274988	0.00832197	0		1
0.15	0.255218	0		1
0.305	0.523686	0		1
0.1	0.428423	0		1
0.245	0.263878	0		1
0.185	0.575648	0		1
0.19	0.584308	0		1
0.18	0.393782	0		1
0.28	0.67091	0		1
0.6	0.3245	0		1
0.24	0.237898	0		1
0.235	0.229237	0		1
0.335	0.610289	0		1
0.43	0.826795	0		1
0.55	0.3245	0		1
0.24	0.3245	0		1
0.315	0.64493	0		1
0.76	0.618949	0		1
0.46	0.220577	0		1
0.29	0.393782	0		1
0.41	0.411103	0		1
0.405	0.419763	0		1
0.325	0.731532	0		1
0.0351813	0.939261	0		1
0.22	0.237898	0		1
0.285	0.211917	0		1
0.991172	0.174746	0		1
0.805	0.835455	0		1
0.36	0.0646926	0		1
0.665	0.506366	0		1
0.795	0.0906733	0		1
0.805	0.0906733	0		1
0.54	0.203257	0		1
0.875	0.454404	0		1
0.365	0.0906733	0		1
0.9	0.688231	0		1
0.265	0.142635	0		1
0.105	0.281199	0		1
0.185	0.731532	0		1
0.27	0.133975	0		1
0.055	0.402442	0		1
0.79	0.515026	0		1
0.655	0.33316	0		1
0.45	0.428423	0		1
0.21	0.532346	0		1
0.991386	0.925072	0		1
0.981706	0.93045	0		1
0.265	0.194596	0		1
0.26	0.185936	0		1
0.095	0.00866025	0		1
0.675	0.229237	0		1
0.774673	0.0220421	0		1
0.425	0.800814	0		1
0.135	0.66225	0		1
0.6	0.445744	0		1
0.165	0.592968	0		1
0.135	0.64493	0		1
0.56	0.203257	0		1
0.48	0.151295	0		1
0.165	0.852776	0		1
0.21	0.601628	0		1
0.22	0.601628	0		1
0.725	0.31584	0		1
0.335	0.159955	0		1
0.615	0.766173	0		1
0.145	0.558327	0		1
0.855	0.489045	0		1
0.44	0.913397	0		1
0.25	0.809474	0		1
0.245	0.800814	0		1
0.55	0.65359	0		1
0.545	0.66225	0		1
0.785	0.211917	0		1
0.52	0.65359	0		1
0.255	0.454404	0		1
0.645	0.263878	0		1
0.66	0.428423	0		1
0.615	0.437083	0		1
0.745	0.0733528	0		1
0.194977	0.00816624	0		1
0.775	0.177276	0		1
0.265	0.125314	0		1
0.56	0.861436	0		1
0.49	0.272539	0		1
0.43	0.151295	0		1
0.315	0.367801	0		1
0.99134	0.165	0		1
0.445	0.00866025	0		1
0.52	0.705551	0		1
0.33	0.0993336	0		1
0.675	0.31584	0		1
0.68	0.30718	0		1
0.00866025	0.745	0		1
0.485	0.679571	0		1
0.225	0.783494	0		1
0.44	0.636269	0		1
0.46	0.757513	0		1
0.515	0.783494	0		1
0.59	0.168616	0		1
0.44	0.359141	0		1
0.41	0.67091	0		1
0.94	0.289859	0		1
0.525	0.437083	0		1
0.515	0.437083	0		1
0.425	0.00866025	0		1
0.535	0.818135	0		1
0.53	0.151295	0		1
0.525	0.159955	0		1
0.895	0.0906733	0		1
0.795	0.125314	0		1
0.725	0.99134	0		1
0.75	0.411103	0		1
0.76	0.411103	0		1
0.31	0.0993336	0		1
0.41	0.0993336	0		1
0.425	0.904737	0		1
0.38	0.133975	0		1
0.83	0.445744	0		1
0.82	0.445744	0		1
0.265	0.766173	0		1
0.12	0.411103	0		1
0.964832	0.40244	0		1
0.435	0.541007	0		1
0.86	0.948038	0		1
0.395	0.66225	0		1
0.58	0.185936	0		1
0.315	0.679571	0		1
0.945	0.385122	0		1
0.950012	0.60162	0		1
0.94	0.376461	0		1
0.11	0.255218	0		1
0.65	0.255218	0		1
0.835	0.367801	0		1
0.51	0.722872	0		1
0.405	0.558327	0		1
0.4	0.549667	0		1
0.855	0.31584	0		1
0.08	0.220577	0		1
0.345	0.385122	0		1
0.31	0.151295	0		1
0.61	0.740192	0		1
0.605	0.731532	0		1
0.885	0.419763	0		1
0.991315	0.424901	0		1
0.989755	0.445345	0		1
0.775	0.229237	0		1
0.785	0.229237	0		1
0.6	0.809474	0		1
0.485	0.177276	0		1
0.2	0.861436	0		1
0.09	0.688231	0		1
0.73	0.774833	0		1
0.71	0.463064	0		1
0.37	0.584308	0		1
0.54	0.0993336	0		1
0.205	0.506366	0		1
0.55	0.497705	0		1
0.89	0.618949	0		1
0.345	0.592968	0		1
0.61	0.185936	0		1
0.255	0.33316	0		1
0.465	0.298519	0		1
0.365	0.64493	0		1
0.665	0.66225	0		1
0.095	0.558327	0		1
0.945	0.506366	0		1
0.0186134	0.549781	0		1
0.945	0.298519	0		1
0.00882776	0.725646	0		1
0.095	0.402442	0		1
0.36	0.168616	0		1
0.81	0.185936	0		1
0.755	0.125314	0		1
0.685	0.211917	0		1
0.6	0.151295	0		1
0.405	0.350481	0		1
0.385	0.818135	0		1
0.125	0.696891	0		1
0.795	0.437083	0		1
0.85	0.445744	0		1
0.83	0.151295	0		1
0.515	0.159955	0		1
0.21	0.203257	0		1
0.43	0.3245	0		1
0.755	0.33316	0		1
0.73	0.393782	0		1
0.65	0.341821	0		1
0.285	0.31584	0		1
0.18	0.0473721	0		1
0.51	0.913397	0		1
0.205	0.66225	0		1
0.49	0.341821	0		1
0.225	0.107994	0		1
0.255	0.575648	0		1
0.51	0.584308	0		1
0.485	0.575648	0		1
0.12	0.272539	0		1
0.35	0.636269	0		1
0.745	0.159955	0		1
0.535	0.263878	0		1
0.425	0.66225	0		1
0.495	0.800814	0		1
0.68	0.151295	0		1
0.475	0.523686	0		1
0.47	0.532346	0		1
0.8	0.549667	0		1
0.915	0.229237	0		1
0.0600005	0.307179	0		1
0.95	0.532346	0		1
0.575	0.66225	0		1
0.66	0.497705	0		1
0.735	0.904737	0		1
0.74	0.861436	0		1
0.515	0.64493	0		1
0.375	0.541007	0		1
0.305	0.818135	0		1
0.805	0.99134	0		1
0.715	0.281199	0		1
0.36	0.67091	0		1
0.495	0.835455	0		1
0.755	0.541007	0		1
0.545	0.367801	0		1
0.52	0.116654	0		1
0.57	0.203257	0		1
0.23	0.463064	0		1
0.365	0.419763	0		1
0.38	0.618949	0		1
0.26	0.722872	0		1
0.76	0.688231	0		1
0.77	0.688231	0		1
0.23	0.289859	0		1
0.475	0.298519	0		1
0.275	0.385122	0		1
0.72	0.480385	0		1
0.275	0.627609	0		1
0.745	0.107994	0		1
0.825	0.558327	0		1
0.225	0.263878	0		1
0.385	0.142635	0		1
0.14	0.237898	0		1
0.39	0.255218	0		1
0.845	0.229237	0		1
0.38	0.255218	0		1
0.69	0.0646926	0		1
0.955	0.471725	0		1
0.00993368	0.635387	0		1
0.19	0.705551	0		1
0.14	0.584308	0		1
0.11	0.133975	0		1
0.205	0.177276	0		1
0.2	0.185936	0		1
0.56	0.393782	0		1
0.56	0.133975	0		1
0.49	0.774833	0		1
0.71	0.0993336	0		1
0.215	0.142635	0		1
0.695	0.939378	0		1
0.855	0.99134	0		1
0.16	0.376462	0		1
0.025	0.281199	0		1
0.0500011	0.63627	0		1
0.61	0.722872	0		1
0.185	0.246558	0		1
0.975	0.298519	0		1
0.925	0.627609	0		1
0.3	0.584308	0		1
0.17	0.688231	0		1
0.87	0.809474	0		1
0.66	0.930718	0		1
0.625	0.142635	0		1
0.855	0.0560323	0		1
0.175	0.870096	0		1
0.62	0.255218	0		1
0.23	0.185936	0		1
0.81	0.0820131	0		1
0.525	0.800814	0		1
0.535	0.177276	0		1
0.00866025	0.805	0		1
0.41	0.255218	0		1
0.695	0.159955	0		1
0.445	0.541007	0		1
0.185	0.437083	0		1
0.83	0.515026	0		1
0.275	0.298519	0		1
0.095	0.471725	0		1
0.64	0.359141	0		1
0.3	0.428423	0		1
0.33	0.237898	0		1
0.205	0.558327	0		1
0.075	0.64493	0		1
0.46	0.393782	0		1
0.95484	0.211912	0		1
0.785	0.454404	0		1
0.78	0.445744	0		1
0.67	0.0473721	0		1
0.485	0.0560323	0		1
0.205	0.263878	0		1
0.81	0.65359	0		1
0.8	0.65359	0		1
0.31	0.376462	0		1
0.4	0.930718	0		1
0.655	0.159955	0		1
0.915	0.454404	0		1
0.905	0.454404	0		1
0.075	0.194596	0		1
0.25	0.566987	0		1
0.39	0.740192	0		1
0.255	0.159955	0		1
0.07	0.272539	0		1
0.83	0.809474	0		1
0.45	0.220577	0		1
0.265	0.281199	0		1
0.495	0.263878	0		1
0.63	0.203257	0		1
0.64	0.532346	0		1
0.285	0.402442	0		1
0.92	0.185936	0		1
0.29	0.896077	0		1
0.44	0.393782	0		1
0.59	0.878756	0		1
0.24	0.428423	0		1
0.305	0.454404	0		1
0.550011	0.0473805	0		1
0.94	0.3245	0		1
0.925	0.0733528	0		1
0.915	0.0733528	0		1
0.585	0.748853	0		1
0.55	0.67091	0		1
0.195	0.696891	0		1
0.555	0.835455	0		1
0.3	0.844115	0		1
0.29	0.151295	0		1
0.66	0.584308	0		1
0.2	0.65359	0		1
0.22	0.480385	0		1
0.26	0.411103	0		1
0.555	0.281199	0		1
0.245	0.125314	0		1
0.68966	0.0303444	0		1
0.935005	0.956693	0		1
0.42	0.740192	0		1
0.00866025	0.555	0		1
0.17	0.948038	0		1
0.665	0.922058	0		1
0.555	0.125314	0		1
0.585	0.922058	0		1
0.35	0.411103	0		1
0.235	0.33316	0		1
0.665	0.177276	0		1
0.2	0.67091	0		1
0.275	0.367801	0		1
0.91	0.774833	0		1
0.855	0.471725	0		1
0.22	0.688231	0		1
0.56	0.930718	0		1
0.285	0.385122	0		1
0.545	0.298519	0		1
0.59	0.0993336	0		1
0.41	0.982679	0		1
0.0600025	0.0473735	0		1
0.105	0.904737	0		1
0.865	0.610289	0		1
0.735	0.263878	0		1
0.755	0.471725	0		1
0.735	0.298519	0		1
0.885	0.64493	0		1
0.71	0.185936	0		1
0.895	0.0213913	0		1
0.795	0.766173	0		1
0.465281	0.00811577	0		1
0.36	0.948038	0		1
0.31	0.636269	0		1
0.9	0.0473721	0		1
0.94	0.411103	0		1
0.4	0.411103	0		1
0.885	0.558327	0		1
0.47	0.618949	0		1
0.00876246	0.754504	0		1
0.175	0.263878	0		1
0.205	0.437083	0		1
0.66	0.878756	0		1
0.65	0.878756	0		1
0.67	0.549667	0		1
0.24	0.601628	0		1
0.6	0.566987	0		1
0.655	0.177276	0		1
0.575	0.627609	0		1
0.24	0.0473721	0		1
0.22	0.359141	0		1
0.405	0.506366	0		1
0.87	0.220577	0		1
0.13	0.878756	0		1
0.86	0.237898	0		1
0.335	0.246558	0		1
0.77	0.861436	0		1
0.255	0.263878	0		1
0.15	0.30718	0		1
0.12	0.341821	0		1
0.55	0.237898	0		1
0.4	0.515026	0		1
0.365	0.575648	0		1
0.3	0.740192	0		1
0.105	0.298519	0		1
0.885	0.592968	0		1
0.16	0.185936	0		1
0.7	0.705551	0		1
0.745	0.281199	0		1
0.875	0.748853	0		1
0.635	0.454404	0		1
0.595	0.437083	0		1
0.41	0.792154	0		1
0.09	0.116654	0		1
0.68	0.757513	0		1
0.2	0.0646926	0		1
0.125	0.367801	0		1
0.15	0.532346	0		1
0.85	0.30718	0		1
0.91	0.497705	0		1
0.2	0.393782	0		1
0.934999	0.229237	0		1
0.72	0.0993336	0		1
0.925	0.922057	0		1
0.815	0.211917	0		1
0.665	0.956699	0		1
0.955012	0.541008	0		1
0.8	0.913397	0		1
0.61	0.497705	0		1
0.33	0.480385	0		1
0.0351602	0.107927	0		1
0.71	0.0820131	0		1
0.515	0.66225	0		1
0.61	0.116654	0		1
0.915	0.33316	0		1
0.505	0.939378	0		1
0.305	0.159955	0		1
0.61	0.030998	0		1
0.105	0.177276	0		1
0.165	0.211917	0		1
0.555	0.471725	0		1
0.705	0.64493	0		1
0.28	0.740192	0		1
0.79	0.0993336	0		1
0.095	0.177276	0		1
0.395	0.766173	0		1
0.065	0.159955	0		1
0.075	0.00866025	0		1
0.0400062	0.809471	0		1
0.19	0.341821	0		1
0.84	0.913397	0		1
0.085	0.592968	0		1
0.37	0.844115	0		1
0.979923	0.774699	0		1
0.615	0.31584	0		1
0.4	0.133975	0		1
0.595	0.211917	0		1
0.93	0.203257	0		1
0.33	0.255218	0		1
0.975	0.454404	0		1
0.835	0.437083	0		1
0.915	0.0213913	0		1
0.865	0.627609	0		1
0.45	0.532346	0		1
0.445	0.211917	0		1
0.88	0.0473721	0		1
0.125	0.0733528	0		1
0.43	0.948038	0		1
0.865	0.835455	0		1
0.135	0.627609	0		1
0.065	0.679571	0		1
0.58	0.913397	0		1
0.23	0.930718	0		1
0.895	0.350481	0		1
0.959979	0.151296	0		1
0.585	0.835455	0		1
0.58	0.826795	0		1
0.34	0.705551	0		1
0.555	0.33316	0		1
0.375	0.437083	0		1
0.93	0.826795	0		1
0.425	0.31584	0		1
0.805	0.281199	0		1
0.28	0.463064	0		1
0.765	0.679571	0		1
0.66	0.740192	0		1
0.954999	0.263878	0		1
0.32	0.757513	0		1
0.675	0.541007	0		1
0.615	0.506366	0		1
0.15	0.168616	0		1
0.945	0.766173	0		1
0.405	0.142635	0		1
0.15	0.185936	0		1
0.625	0.125314	0		1
0.025	0.437083	0		1
0.0352608	0.177161	0		1
0.145	0.939378	0		1
0.685	0.541007	0		1
0.08	0.809474	0		1
0.445	0.437083	0		1
0.385	0.575648	0		1
0.175	0.748853	0		1
0.63	0.930718	0		1
0.0296999	0.289867	0		1
0.78	0.515026	0		1
0.84	0.237898	0		1
0.969948	0.671001	0		1
0.565	0.107994	0		1
0.025	0.159955	0		1
0.48	0.861436	0		1
0.255	0.402442	0		1
0.23	0.636269	0		1
0.87	0.272539	0		1
0.905	0.783494	0		1
0.125	0.0387118	0		1
0.095	0.922058	0		1
0.65	0.0473721	0		1
0.14	0.3245	0		1
0.125	0.506366	0		1
0.82	0.532346	0		1
0.915	0.107994	0		1
0.075	0.610289	0		1
0.565	0.298519	0		1
0.63034	0.0303444	0		1
0.34	0.757513	0		1
0.615	0.125314	0		1
0.305	0.679571	0		1
0.959994	0.0820122	0		1
0.075	0.246558	0		1
0.55	0.289859	0		1
0.135	0.367801	0		1
0.28	0.826795	0		1
0.765	0.558327	0		1
0.345	0.263878	0		1
0.49	0.255218	0		1
0.7	0.861436	0		1
0.16	0.532346	0		1
0.67	0.809474	0		1
0.12	0.133975	0		1
0.08	0.133975	0		1
0.12	0.722872	0		1
0.07	0.151295	0		1
0.785	0.575648	0		1
0.535	0.610289	0		1
0.065	0.419763	0		1
0.895	0.66225	0		1
0.905	0.766173	0		1
0.0342541	0.072247	0		1
0.135	0.0733528	0		1
0.615	0.246558	0		1
0.89	0.826795	0		1
0.8	0.376462	0		1
0.1	0.359141	0		1
0.525	0.142635	0		1
0.61	0.948038	0		1
0.34	0.272539	0		1
0.185	0.835455	0		1
0.725	0.159955	0		1
0.52	0.757513	0		1
0.415	0.679571	0		1
0.37	0.463064	0		1
0.31	0.809474	0		1
0.725	0.679571	0		1
0.465	0.350481	0		1
0.055	0.766173	0		1
0.81	0.705551	0		1
0.33	0.584308	0		1
0.925	0.575648	0		1
0.165	0.766173	0		1
0.92	0.722872	0		1
0.505	0.523686	0		1
0.91	0.809474	0		1
0.585	0.402442	0		1
0.43	0.0993336	0		1
0.14	0.636269	0		1
0.215	0.107994	0		1
0.735	0.64493	0		1
0.925	0.402442	0		1
0.855	0.142635	0		1
0.33	0.878756	0		1
0.065	0.281199	0		1
0.975	0.523686	0		1
0.265	0.0387118	0		1
0.0600004	0.948038	0		1
0.515	0.679571	0		1
0.465	0.870096	0		1
0.855	0.904737	0		1
0.93	0.0473721	0		1
0.74	0.185936	0		1
0.665	0.592968	0		1
0.27	0.688231	0		1
0.26	0.757513	0		1
0.395	0.402442	0		1
0.935	0.835455	0		1
0.605	0.437083	0		1
0.335	0.731532	0		1
0.07	0.688231	0		1
0.12	0.220577	0		1
0.69	0.289859	0		1
0.065	0.714212	0		1
0.51	0.67091	0		1
0.13	0.341821	0		1
0.81	0.203257	0		1
0.55	0.428423	0		1
0.8	0.289859	0		1
0.215	0.437083	0		1
0.935	0.800814	0		1
0.63	0.584308	0		1
0.865	0.125314	0		1
0.56	0.549667	0		1
0.285	0.64493	0		1
0.8	0.774833	0		1
0.33	0.618949	0		1
0.31	0.792154	0		1
0.315	0.800814	0		1
0.95	0.428423	0		1
0.0450013	0.62761	0		1
0.61	0.0646926	0		1
0.615	0.0733528	0		1
0.935	0.107994	0		1
0.765	0.592968	0		1
0.665	0.679571	0		1
0.07	0.515026	0		1
0.335	0.471725	0		1
0.52	0.480385	0		1
0.0500056	0.20326	0		1
0.395	0.558327	0		1
0.745	0.0906733	0		1
0.53008	0.0306929	0		1
0.925	0.159955	0		1
0.625	0.194596	0		1
0.56	0.289859	0		1
0.535	0.471725	0		1
0.61	0.705551	0		1
0.79	0.688231	0		1
0.215	0.800814	0		1
0.545	0.835455	0		1
0.665	0.870096	0		1
0.18	0.532346	0		1
0.959968	0.844123	0		1
0.475	0.142635	0		1
0.045	0.592968	0		1
0.27	0.826795	0		1
0.5	0.948038	0		1
0.89	0.497705	0		1
0.735	0.956699	0		1
0.26	0.133975	0		1
0.255	0.142635	0		1
0.6	0.497705	0		1
0.945	0.33316	0		1
0.895	0.783494	0		1
0.1	0.393782	0		1
0.855	0.263878	0		1
0.735	0.177276	0		1
0.605	0.714212	0		1
0.075	0.229237	0		1
0.0650001	0.229237	0		1
0.745	0.922058	0		1
0.91	0.601628	0		1
0.565	0.33316	0		1
0.81	0.0993336	0		1
0.34	0.636269	0		1
0.335	0.627609	0		1
0.295	0.159955	0		1
0.959993	0.272535	0		1
0.195	0.956699	0		1
0.405	0.66225	0		1
0.555004	0.0560351	0		1
0.72	0.289859	0		1
0.275	0.766173	0		1
0.915	0.506366	0		1
0.2	0.722872	0		1
0.715	0.177276	0		1
0.335	0.714212	0		1
0.615	0.419763	0		1
0.61	0.411103	0		1
0.955	0.714212	0		1
0.415	0.66225	0		1
0.83	0.0993336	0		1
0.095	0.66225	0		1
0.86	0.220577	0		1
0.36	0.636269	0		1
0.535	0.800814	0		1
0.53	0.792154	0		1
0.58	0.965359	0		1
0.21	0.549667	0		1
0.085	0.800814	0		1
0.815	0.419763	0		1
0.85	0.549667	0		1
0.81	0.740192	0		1
0.805	0.748853	0		1
0.685	0.748853	0		1
0.275	0.0387118	0		1
0.09	0.428423	0		1
0.27	0.930718	0		1
0.825	0.610289	0		1
0.86	0.341821	0		1
0.115	0.748853	0		1
0.095	0.904737	0		1
0.77	0.948038	0		1
0.0600001	0.220577	0		1
0.65	0.584308	0		1
0.21	0.497705	0		1
0.415	0.31584	0		1
0.915	0.748853	0		1
0.58	0.636269	0		1
0.435	0.211917	0		1
0.27	0.0646926	0		1
0.17	0.566987	0		1
0.39	0.393782	0		1
0.0500017	0.653589	0		1
0.815	0.33316	0		1
0.755	0.922058	0		1
0.125	0.402442	0		1
0.26	0.0993336	0		1
0.91	0.515026	0		1
0.145	0.575648	0		1
0.195	0.0733528	0		1
0.215	0.0906733	0		1
0.325	0.956699	0		1
0.535	0.575648	0		1
0.25	0.185936	0		1
0.155	0.783494	0		1
0.645	0.887417	0		1
0.455	0.956699	0		1
0.72	0.705551	0		1
0.885	0.575648	0		1
0.305	0.64493	0		1
0.82	0.792154	0		1
0.125	0.731532	0		1
0.980089	0.826156	0		1
0.115	0.211917	0		1
0.375	0.575648	0		1
0.075	0.766173	0		1
0.12	0.376462	0		1
0.87	0.30718	0		1
0.13	0.688231	0		1
0.515	0.748853	0		1
0.0600004	0.376461	0		1
0.43	0.133975	0		1
0.865	0.489045	0		1
0.35	0.722872	0		1
0.905	0.887417	0		1
0.175	0.523686	0		1
0.775	0.281199	0		1
0.959892	0.0301907	0		1
0.56	0.411103	0		1
0.79	0.341821	0		1
0.14	0.948038	0		1
0.635	0.575648	0		1
0.07	0.185936	0		1
0.715	0.731532	0		1
0.12	0.930718	0		1
0.94	0.0473721	0		1
0.705	0.783494	0		1
0.325	0.766173	0		1
0.42	0.133975	0		1
0.31	0.688231	0		1
0.655	0.870096	0		1
0.75	0.809474	0		1
0.744673	0.0220314	0		1
0.11	0.913397	0		1
0.21	0.0820131	0		1
0.955	0.818135	0		1
0.28	0.636269	0		1
0.935	0.0216083	0		1
0.2	0.636269	0		1
0.67	0.220577	0		1
0.85	0.566987	0		1
0.345	0.281199	0		1
0.88	0.30718	0		1
0.84	0.0820131	0		1
0.85	0.722872	0		1
0.040545	0.064196	0		1
0.805	0.402442	0		1
0.515	0.107994	0		1
0.0600002	0.913397	0		1
0.48	0.133975	0		1
0.625	0.523686	0		1
0.38	0.376462	0		1
0.835	0.731532	0		1
0.95	0.740192	0		1
0.19	0.826795	0		1
0.195	0.731532	0		1
0.2	0.740192	0		1
0.215	0.350481	0		1
0.375	0.367801	0		1
0.93	0.792154	0		1
0.945	0.367801	0		1
0.57	0.844115	0		1
0.41	0.688231	0		1
0.57	0.341821	0		1
0.525	0.471725	0		1
0.48	0.774833	0		1
0.930002	0.948036	0		1
0.335	0.592968	0		1
0.74	0.65359	0		1
0.55	0.809474	0		1
0.62	0.515026	0		1
0.95	0.185936	0		1
0.0499909	0.48039	0		1
0.715	0.0906733	0		1
0.85	0.913397	0		1
0.295	0.64493	0		1
0.865	0.385122	0		1
0.22	0.549667	0		1
0.845	0.125314	0		1
0.055004	0.315838	0		1
0.175	0.575648	0		1
0.705	0.800814	0		1
0.715	0.800814	0		1
0.63	0.341821	0		1
0.385	0.385122	0		1
0.545	0.818135	0		1
0.14	0.688231	0		1
0.635	0.64493	0		1
0.709974	0.0305143	0		1
0.91	0.948038	0		1
0.87	0.359141	0		1
0.605	0.402442	0		1
0.195	0.714212	0		1
0.05	0.774833	0		1
0.125	0.887417	0		1
0.245	0.194596	0		1
0.715	0.974019	0		1
0.245	0.489045	0		1
0.11	0.272539	0		1
0.775	0.385122	0		1
0.84	0.948038	0		1
0.555	0.419763	0		1
0.89	0.948038	0		1
0.37	0.515026	0		1
0.25	0.133975	0		1
0.39	0.566987	0		1
0.61	0.428423	0		1
0.52	0.688231	0		1
0.85	0.341821	0		1
0.69	0.774833	0		1
0.0600016	0.965358	0		1
0.365	0.367801	0		1
0.36	0.359141	0		1
0.605	0.696891	0		1
0.78	0.826795	0		1
0.525	0.99134	0		1
0.81	0.151295	0		1
0.87	0.774833	0		1
0.355	0.350481	0		1
0.1	0.463064	0		1
0.415	0.783494	0		1
0.05	0.411103	0		1
0.725	0.64493	0		1
0.435	0.142635	0		1
0.78	0.220577	0		1
0.77	0.549667	0		1
0.235	0.558327	0		1
0.26	0.930718	0		1
0.24	0.203257	0		1
0.89	0.566987	0		1
0.27	0.463064	0		1
0.525	0.696891	0		1
0.954997	0.159959	0		1
0.959995	0.168622	0		1
0.69	0.532346	0		1
0.195	0.922058	0		1
0.6	0.878756	0		1
0.245	0.0560323	0		1
0.14	0.65359	0		1
0.545	0.229237	0		1
0.22	0.341821	0		1
0.165	0.956699	0		1
0.29	0.740192	0		1
0.39	0.549667	0		1
0.305	0.696891	0		1
0.29	0.168616	0		1
0.979423	0.58433	0		1
0.981229	0.56787	0		1
0.7	0.774833	0		1
0.34	0.722872	0		1
0.55	0.463064	0		1
0.525	0.783494	0		1
0.86	0.809474	0		1
0.945	0.177276	0		1
0.35	0.3245	0		1
0.355	0.731532	0		1
0.355	0.33316	0		1
0.285	0.177276	0		1
0.185	0.592968	0		1
0.405	0.107994	0		1
0.725	0.177276	0		1
0.785	0.627609	0		1
0.385	0.298519	0		1
0.18	0.584308	0		1
0.205	0.489045	0		1
0.0599958	0.497708	0		1
0.955	0.246582	0		1
0.405	0.939378	0		1
0.49	0.965359	0		1
0.555	0.523686	0		1
0.295	0.714212	0		1
0.83	0.566987	0		1
0.06	0.861436	0		1
0.845	0.281199	0		1
0.575	0.64493	0		1
0.925	0.350481	0		1
0.77	0.913397	0		1
0.0350554	0.66222	0		1
0.804673	0.0219735	0		1
0.86	0.30718	0		1
0.775	0.922058	0		1
0.785	0.922058	0		1
0.89	0.0993336	0		1
0.7	0.0820131	0		1
0.755	0.263878	0		1
0.065	0.696891	0		1
0.45	0.133975	0		1
0.345	0.974019	0		1
0.325	0.887417	0		1
0.735	0.159955	0		1
0.285	0.714212	0		1
0.960009	0.913394	0		1
0.145	0.956699	0		1
0.12	0.965359	0		1
0.815	0.887417	0		1
0.795	0.350481	0		1
0.06	0.185936	0		1
0.34	0.289859	0		1
0.97977	0.895973	0		1
0.825	0.575648	0		1
0.775	0.627609	0		1
0.915	0.159955	0		1
0.0700001	0.0820131	0		1
0.05	0.584308	0		1
0.32	0.792154	0		1
0.61	0.688231	0		1
0.115	0.471725	0		1
0.2	0.618949	0		1
0.855	0.229237	0		1
0.645	0.870096	0		1
0.1	0.913397	0		1
0.52	0.740192	0		1
0.255	0.956699	0		1
0.93	0.0646926	0		1
0.335	0.33316	0		1
0.34	0.3245	0		1
0.06	0.566987	0		1
0.255	0.489045	0		1
0.37	0.0993336	0		1
0.0650008	0.956698	0		1
0.825	0.592968	0		1
0.89	0.913397	0		1
0.42	0.722872	0		1
0.54	0.359141	0		1
0.95	0.549667	0		1
0.145	0.696891	0		1
0.31	0.289859	0		1
0.935	0.33316	0		1
0.4	0.289859	0		1
0.55	0.757513	0		1
0.915	0.263878	0		1
0.56	0.844115	0		1
0.06	0.272539	0		1
0.265	0.835455	0		1
0.635	0.66225	0		1
0.15	0.566987	0		1
0.33	0.289859	0		1
0.825	0.402442	0		1
0.54	0.809474	0		1
0.385	0.31584	0		1
0.965192	0.922047	0		1
0.395	0.974019	0		1
0.47538	0.00822519	0		1
0.96	0.809474	0		1
0.570042	0.0301003	0		1
0.9	0.826795	0		1
0.17	0.618949	0		1
0.3	0.705551	0		1
0.335	0.0560324	0		1
0.3	0.185936	0		1
0.235	0.0733528	0		1
0.245	0.211917	0		1
0.255	0.922058	0		1
0.33	0.896077	0		1
0.36	0.740192	0		1
0.969509	0.844745	0		1
0.981439	0.722026	0		1
0.93	0.359141	0		1
0.15	0.65359	0		1
0.515	0.31584	0		1
0.24	0.0646926	0		1
0.48	0.116654	0		1
0.215	0.610289	0		1
0.21	0.618949	0		1
0.89	0.359141	0		1
0.515	0.298519	0		1
0.82	0.411103	0		1
0.525	0.350481	0		1
0.095	0.783494	0		1
0.385	0.541007	0		1
0.959989	0.359143	0		1
0.0450047	0.64493	0		1
0.325	0.33316	0		1
0.72	0.133975	0		1
0.595	0.263878	0		1
0.07	0.237898	0		1
0.045001	0.558328	0		1
0.225	0.33316	0		1
0.74	0.445744	0		1
0.455	0.142635	0		1
0.89	0.445744	0		1
0.06	0.774833	0		1
0.07	0.844115	0		1
0.885	0.298519	0		1
0.41	0.289859	0		1
0.915	0.281199	0		1
0.31	0.272539	0		1
0.955008	0.558328	0		1
0.58	0.65359	0		1
0.32	0.289859	0		1
0.949999	0.584309	0		1
0.0550002	0.367801	0		1
0.315	0.33316	0		1
0.545	0.679571	0		1
0.85	0.220577	0		1
0.565368	0.022066	0		1
0.565002	0.0560342	0		1
0.89	0.289859	0		1
0.9	0.289859	0		1
0.705	0.0733528	0		1
0.44	0.376462	0		1
0.16	0.566987	0		1
0.525	0.33316	0		1
0.435	0.367801	0		1
0.545	0.610289	0		1
0.0550009	0.194597	0		1
0.325	0.800814	0		1
0.33	0.0646926	0		1
0.38	0.3245	0		1
0.16	0.65359	0		1
0.305	0.350481	0		1
0.785	0.246558	0		1
0.845	0.731532	0		1
0.96	0.740192	0		1
0.605	0.679571	0		1
0.165	0.523686	0		1
0.625	0.0733528	0		1
0.38	0.30718	0		1
0.855	0.523686	0		1
0.85	0.480385	0		1
0.31	0.341821	0		1
0.175	0.627609	0		1
0.31	0.445744	0		1
0.355	0.748853	0		1
0.55	0.705551	0		1
0.905	0.281199	0		1
0.83	0.289859	0		1
0.91	0.151295	0		1
0.79	0.428423	0		1
0.959998	0.255246	0		1
0.395	0.298519	0		1
0.13	0.0820131	0		1
0.86	0.532346	0		1
0.0750001	0.0906734	0		1
0.3	0.272539	0		1
0.07	0.740192	0		1
0.52	0.463064	0		1
0.88	0.0993336	0		1
0.055	0.263878	0		1
0.73	0.168616	0		1
0.635	0.679571	0		1
0.365	0.956699	0		1
0.515	0.33316	0		1
0.235	0.610289	0		1
0.11	0.289859	0		1
0.57	0.0473721	0		1
0.465	0.142635	0		1
0.25	0.0820131	0		1
0.91	0.618949	0		1
0.775	0.298519	0		1
0.845	0.211917	0		1
0.225	0.610289	0		1
0.145	0.852776	0		1
0.86	0.618949	0		1
0.86	0.0820131	0		1
0.37	0.861436	0		1
0.085	0.731532	0		1
0.635	0.696891	0		1
0.76	0.3245	0		1
0.9	0.515026	0		1
0.964863	0.800845	0		1
0.38	0.532346	0		1
0.715	0.818135	0		1
0.52	0.168616	0		1
0.959993	0.636273	0		1
0.79	0.289859	0		1
0.9	0.376462	0		1
0.63	0.0646926	0		1
0.605	0.870096	0		1
0.935	0.783494	0		1
0.95	0.566987	0		1
0.855	0.0906733	0		1
0.09	0.549667	0		1
0.82	0.289859	0		1
0.845	0.489045	0		1
0.59	0.255218	0		1
0.515	0.731532	0		1
0.245	0.142635	0		1
0.365	0.107994	0		1
0.0550043	0.211919	0		1
0.69	0.151295	0		1
0.705	0.142635	0		1
0.565	0.281199	0		1
0.625	0.506366	0		1
0.77	0.30718	0		1
0.35	0.757513	0		1
0.3	0.255218	0		1
0.92	0.272539	0		1
0.61	0.67091	0		1
0.955002	0.575649	0		1
0.635	0.714212	0		1
0.725	0.835455	0		1
0.715	0.0560323	0		1
0.06	0.341821	0		1
0.765	0.33316	0		1
0.0700003	0.0993337	0		1
0.765	0.31584	0		1
0.515	0.454404	0		1
0.91	0.393782	0		1
0.79	0.237898	0		1
0.745	0.956699	0		1
0.85	0.896077	0		1
0.905	0.506366	0		1
0.06	0.411103	0		1
0.57	0.272539	0		1
0.35	0.116654	0		1
0.095	0.541007	0		1
0.34	0.393782	0		1
0.1	0.0820131	0		1
0.675	0.800814	0		1
0.055	0.575648	0		1
0.555	0.800814	0		1
0.685	0.350481	0		1
0.275	0.31584	0		1
0.27	0.3245	0		1
0.895	0.367801	0		1
0.735	0.0733528	0		1
0.63	0.497705	0		1
0.53	0.168616	0		1
0.245	0.610289	0		1
0.305	0.419763	0		1
0.855	0.385122	0		1
0.29	0.255218	0		1
0.89	0.722872	0		1
0.375	0.523686	0		1
0.955	0.506366	0		1
0.905	0.385122	0		1
0.09	0.0473721	0		1
0.53	0.705551	0		1
0.695	0.852776	0		1
0.635	0.731532	0		1
0.845	0.714212	0		1
0.635	0.0560323	0		1
0.959994	0.653587	0		1
0.53	0.185936	0		1
0.955033	0.610268	0		1
0.725	0.818135	0		1
0.2	0.0820131	0		1
0.945	0.783494	0		1
0.71	0.341821	0		1
0.93	0.411103	0		1
0.55	0.774833	0		1
0.235	0.142635	0		1
0.675	0.818135	0		1
0.39	0.948038	0		1
0.075	0.627609	0		1
0.915	0.246558	0		1
0.93	0.341821	0		1
0.92	0.255218	0		1
0.195	0.835455	0		1
0.64	0.497705	0		1
0.16	0.515026	0		1
0.835	0.489045	0		1
0.46	0.463064	0		1
0.969392	0.792657	0		1
0.695	0.835455	0		1
0.865	0.350481	0		1
0.21	0.844115	0		1
0.895	0.904737	0		1
0.949999	0.63627	0		1
0.575	0.246558	0		1
0.085	0.385122	0		1
0.85	0.948038	0		1
0.29	0.965359	0		1
0.52	0.722872	0		1
0.71	0.0646926	0		1
0.7	0.359141	0		1
0.9	0.844115	0		1
0.1	0.289859	0		1
0.58	0.272539	0		1
0.645	0.489045	0		1
0.755	0.385122	0		1
0.09	0.289859	0		1
0.345	0.125314	0		1
0.0600005	0.359141	0		1
0.53	0.393782	0		1
0.655	0.489045	0		1
0.835	0.800814	0		1
0.27	0.549667	0		1
0.635	0.748853	0		1
0.66	0.792154	0		1
0.0550004	0.541007	0		1
0.82	0.497705	0		1
0.905	0.575648	0		1
0.16	0.965359	0		1
0.835	0.0906733	0		1
0.895	0.575648	0		1
0.665	0.974019	0		1
0.66	0.774833	0		1
0.645	0.0560323	0		1
0.29	0.237898	0		1
0.23	0.151295	0		1
0.605	0.66225	0		1
0.61	0.861436	0		1
0.969958	0.653614	0		1
0.77	0.341821	0		1
0.685	0.818135	0		1
0.105	0.922058	0		1
0.05	0.878756	0		1
0.1	0.0646926	0		1
0.645	0.748853	0		1
0.935	0.419763	0		1
0.355	0.402442	0		1
0.915	0.402442	0		1
0.085	0.107994	0		1
0.32	0.965359	0		1
0.09	0.376462	0		1
0.235	0.679571	0		1
0.13	0.151295	0		1
0.395	0.939378	0		1
0.895	0.956699	0		1
0.645	0.766173	0		1
0.245	0.0906733	0		1
0.955012	0.592961	0		1
0.085	0.298519	0		1
0.76	0.376462	0		1
0.205	0.835455	0		1
0.255	0.541007	0		1
0.13	0.168616	0		1
0.85	0.203257	0		1
0.19	0.0820131	0		1
0.925	0.0560323	0		1
0.32	0.982679	0		1
0.58	0.237898	0		1
0.865	0.679571	0		1
0.54	0.185936	0		1
0.969921	0.497751	0		1
0.08	0.532346	0		1
0.73	0.359141	0		1
0.165	0.506366	0		1
0.18	0.463064	0		1
0.37	0.965359	0		1
0.905	0.904737	0		1
0.685	0.835455	0		1
0.22	0.151295	0		1
0.695	0.887417	0		1
0.59	0.272539	0		1
0.91	0.896077	0		1
0.205	0.852776	0		1
0.96	0.757513	0		1
0.08	0.636269	0		1
0.95	0.774833	0		1
0.91	0.844115	0		1
0.955	0.766173	0		1
0.755	0.956699	0		1
0.525	0.714212	0		1
0.17	0.65359	0		1
0.195	0.471725	0		1
0.86	0.67091	0		1
0.32	0.0646926	0		1
0.73	0.151295	0		1
0.615	0.852776	0		1
0.085	0.523686	0		1
0.575	0.229237	0		1
0.66	0.480385	0		1
0.115	0.142635	0		1
0.83	0.792154	0		1
0.795	0.229237	0		1
0.18	0.0820131	0		1
0.94	0.428423	0		1
0.785	0.437083	0		1
0.82	0.861436	0		1
0.85	0.705551	0		1
0.735	0.454404	0		1
0.78	0.289859	0		1
0.84	0.185936	0		1
0.535	0.350481	0		1
0.09	0.359141	0		1
0.545	0.194596	0		1
0.845	0.194596	0		1
0.915	0.523686	0		1
0.17	0.497705	0		1
0.86	0.896077	0		1
0.21	0.151295	0		1
0.4	0.463064	0		1
0.145	0.177276	0		1
0.83	0.497705	0		1
0.355	0.766173	0		1
0.755	0.800814	0		1
0.17	0.67091	0		1
0.045	0.419763	0		1
0.84	0.566987	0		1
0.59	0.151295	0		1
0.0400074	0.532344	0		1
0.54	0.705551	0		1
0.555	0.194596	0		1
0.835	0.835455	0		1
0.175	0.489045	0		1
0.574997	0.0387186	0		1
0.92	0.532346	0		1
0.36	0.774833	0		1
0.645	0.956699	0		1
0.09	0.636269	0		1
0.725	0.142635	0		1
0.2	0.151295	0		1
0.27	0.30718	0		1
0.08	0.515026	0		1
0.73	0.220577	0		1
0.965	0.748853	0		1
0.0500016	0.549668	0		1
0.92	0.0473721	0		1
0.83	0.185936	0		1
0.12	0.0820131	0		1
0.91	0.0473721	0		1
0.09	0.341821	0		1
0.57	0.359141	0		1
0.565	0.194596	0		1
0.21	0.861436	0		1
0.355	0.783494	0		1
0.915	0.852776	0		1
0.655	0.956699	0		1
0.0449802	0.523707	0		1
0.17	0.480385	0		1
0.1	0.636269	0		1
0.925	0.541007	0		1
0.954999	0.437084	0		1
0.35	0.792154	0		1
0.265	0.298519	0		1
0.395	0.956699	0		1
0.56	0.359141	0		1
0.715	0.229237	0		1
0.61	0.844115	0		1
0.55	0.359141	0		1
0.21	0.480385	0		1
0.7	0.255218	0		1
0.925	0.852776	0		1
0.855	0.696891	0		1
0.355	0.437083	0		1
0.59	0.133975	0		1
0.11	0.636269	0		1
0.925	0.558327	0		1
0.365	0.437083	0		1
0.825	0.852776	0		1
0.92	0.566987	0		1
0.34	0.792154	0		1
0.0600001	0.237898	0		1
0.825	0.177276	0		1
0.475	0.437083	0		1
0.26	0.289859	0		1
0.43	0.463064	0		1
0.949998	0.445745	0		1
0.11	0.0820131	0		1
0.895	0.0560323	0		1
0.15	0.861436	0		1
0.86	0.965359	0		1
0.48	0.428423	0		1
0.57	0.185936	0		1
0.175	0.471725	0		1
0.0550002	0.246558	0		1
0.22	0.861436	0		1
0.94499	0.87009	0		1
0.76	0.948038	0		1
0.915	0.575648	0		1
0.58	0.359141	0		1
0.92	0.549667	0		1
0.475	0.419763	0		1
0.135	0.194596	0		1
0.615	0.835455	0		1
0.84	0.844115	0		1
0.6	0.359141	0		1
0.665	0.263878	0		1
0.945	0.454404	0		1
0.285	0.610289	0		1
0.89	0.0473721	0		1
0.16	0.861436	0		1
0.0500001	0.255218	0		1
0.14	0.203257	0		1
0.59	0.359141	0		1
0.905	0.956699	0		1
0.255	0.281199	0		1
0.61	0.359141	0		1
0.23	0.861436	0		1
0.974651	0.74898	0		1
0.1	0.930718	0		1
0.465	0.454404	0		1
0.145	0.211917	0		1
0.695	0.956699	0		1
0.04	0.411103	0		1
0.55	0.948038	0		1
0.125	0.159955	0		1
0.93	0.861436	0		1
0.935001	0.974018	0		1
0.08	0.116654	0		1
0.575	0.177276	0		1
0.25	0.272539	0		1
0.335	0.800814	0		1
0.62	0.359141	0		1
0.68	0.255218	0		1
0.565	0.125314	0		1
0.775	0.99134	0		1
0.805	0.194596	0		1
0.0500025	0.359142	0		1
0.94	0.896077	0		1
0.61	0.826795	0		1
0.86	0.878756	0		1
0.585	0.142635	0		1
0.835	0.783494	0		1
0.95	0.463065	0		1
0.86	0.688231	0		1
0.63	0.359141	0		1
0.954997	0.142635	0		1
0.94499	0.887422	0		1
0.24	0.861436	0		1
0.54	0.930718	0		1
0.55	0.930718	0		1
0.645	0.33316	0		1
0.815	0.956699	0		1
0.155	0.714212	0		1
0.875	0.0560323	0		1
0.36	0.185936	0		1
0.16	0.220577	0		1
0.635	0.350481	0		1
0.49	0.411103	0		1
0.095	0.939378	0		1
0.105	0.66225	0		1
0.0400126	0.359143	0		1
0.12	0.0300515	0		1
0.24	0.272539	0		1
0.145	0.714212	0		1
0.495	0.402442	0		1
0.355	0.194596	0		1
0.075	0.125314	0		1
0.685	0.142635	0		1
0.58	0.168616	0		1
0.09	0.948038	0		1
0.25	0.861436	0		1
0.615	0.818135	0		1
0.0351915	0.402535	0		1
0.65	0.237898	0		1
0.49	0.393782	0		1
0.21	0.272539	0		1
0.175	0.229237	0		1
0.655	0.766173	0		1
0.67	0.792154	0		1
0.0450012	0.142634	0		1
0.11	0.67091	0		1
0.0350196	0.350488	0		1
0.635	0.229237	0		1
0.62	0.237898	0		1
0.745	0.904737	0		1
0.75	0.913397	0		1
0.505	0.385122	0		1
0.775	0.0560323	0		1
0.87	0.0473721	0		1
0.13	0.740192	0		1
0.095	0.956699	0		1
0.585	0.159955	0		1
0.51	0.376462	0		1
0.17	0.237898	0		1
0.87	0.861436	0		1
0.47	0.878756	0		1
0.74	0.896077	0		1
0.98126	0.498439	0		1
0.86	0.0473721	0		1
0.915	0.956699	0		1
0.025	0.350481	0		1
0.92	0.896077	0		1
0.06	0.896077	0		1
0.945	0.471725	0		1
0.23	0.272539	0		1
0.8	0.185936	0		1
0.939998	0.861435	0		1
0.315	0.437083	0		1
0.79	0.185936	0		1
0.785	0.177276	0		1
0.0399962	0.255218	0		1
0.86	0.861436	0		1
0.205	0.281199	0		1
0.92	0.601628	0		1
0.52	0.515026	0		1
0.925	0.592968	0		1
0.49	0.497705	0		1
0.47	0.861436	0		1
0.51	0.428423	0		1
0.61	0.809474	0		1
0.435	0.835455	0		1
0.92	0.584308	0		1
0.78	0.0473721	0		1
0.0450016	0.125314	0		1
0.49	0.480385	0		1
0.07	0.133975	0		1
0.275	0.800814	0		1
0.035	0.24656	0		1
0.5	0.497705	0		1
0.775	0.956699	0		1
0.5	0.515026	0		1
0.93	0.896077	0		1
0.64	0.341821	0		1
0.08	0.826795	0		1
0.22	0.272539	0		1
0.175	0.887417	0		1
0.48	0.566987	0		1
0.43	0.185936	0		1
0.16	0.272539	0		1
0.34	0.809474	0		1
0.59	0.0820131	0		1
0.335	0.523686	0		1
0.94	0.480385	0		1
0.46	0.30718	0		1
0.0349201	0.12519	0		1
0.065	0.142635	0		1
0.64	0.3245	0		1
0.455	0.263878	0		1
0.47	0.255218	0		1
0.0349659	0.229245	0		1
0.79	0.0473721	0		1
0.43	0.203257	0		1
0.44	0.272539	0		1
0.26	0.67091	0		1
0.645	0.31584	0		1
0.205	0.298519	0		1
0.9	0.618949	0		1
0.915	0.610289	0		1
0.949976	0.878756	0		1
0.375	0.211917	0		1
0.6	0.549667	0		1
0.505	0.211917	0		1
0.47	0.844115	0		1
0.37	0.220577	0		1
0.025	0.229237	0		1
0.14	0.185936	0		1
0.5	0.220577	0		1
0.385	0.783494	0		1
0.595	0.0906733	0		1
0.85	0.0473721	0		1
0.49	0.237898	0		1
0.745	0.99134	0		1
0.64	0.30718	0		1
0.195	0.298519	0		1
0.030557	0.116124	0		1
0.765	0.211917	0		1
0.485	0.229237	0		1
0.485	0.246558	0		1
0.65	0.289859	0		1
0.215	0.471725	0		1
0.335	0.818135	0		1
0.185	0.887417	0		1
0.165	0.870096	0		1
0.805	0.0560323	0		1
0.465	0.575648	0		1
0.85	0.133975	0		1
0.325	0.852776	0		1
0.925001	0.956697	0		1
0.125	0.748853	0		1
0.195	0.385122	0		1
0.45	0.566987	0		1
0.47	0.826795	0		1
0.835	0.142635	0		1
0.9	0.65359	0		1
0.23	0.792154	0		1
0.22	0.463064	0		1
0.78	0.740192	0		1
0.785	0.956699	0		1
0.945	0.489045	0		1
0.645	0.298519	0		1
0.895	0.627609	0		1
0.445	0.575648	0		1
0.51	0.445744	0		1
0.19	0.896077	0		1
0.195	0.31584	0		1
0.68	0.0993336	0		1
0.465	0.818135	0		1
0.95	0.497705	0		1
0.665	0.298519	0		1
0.675	0.298519	0		1
0.695	0.31584	0		1
0.35	0.203257	0		1
0.095	0.800814	0		1
0.785	0.731532	0		1
0.72	0.30718	0		1
0.225	0.454404	0		1
0.0550002	0.142635	0		1
0.33	0.826795	0		1
0.46	0.445744	0		1
0.175	0.31584	0		1
0.07	0.705551	0		1
0.81	0.0473721	0		1
0.17	0.878756	0		1
0.48	0.480385	0		1
0.825	0.142635	0		1
0.705	0.31584	0		1
0.2	0.896077	0		1
0.405	0.870096	0		1
0.725	0.852776	0		1
0.23	0.445744	0		1
0.165	0.367801	0		1
0.315	0.852776	0		1
0.89	0.636269	0		1
0.1	0.809474	0		1
0.11	0.809474	0		1
0.455	0.818135	0		1
0.325	0.177276	0		1
0.205	0.904737	0		1
0.34	0.168616	0		1
0.17	0.359141	0		1
0.225	0.437083	0		1
0.32	0.185936	0		1
0.0550001	0.904737	0		1
0.315	0.194596	0		1
0.57	0.116654	0		1
0.715	0.852776	0		1
0.18	0.341821	0		1
0.17	0.341821	0		1
0.79	0.722872	0		1
0.825	0.0560323	0		1
0.335	0.177276	0		1
0.71	0.30718	0		1
0.305	0.194596	0		1
0.930002	0.965357	0		1
0.705	0.852776	0		1
0.45	0.809474	0		1
0.305	0.852776	0		1
0.075	0.714212	0		1
0.36	0.0300515	0		1
0.815	0.142635	0		1
0.895	0.64493	0		1
0.235	0.800814	0		1
0.91	0.65359	0		1
0.735	0.887417	0		1
0.39	0.0473721	0		1
0.325	0.835455	0		1
0.375	0.0387118	0		1
0.365	0.0213913	0		1
0.835	0.0560323	0		1
0.505	0.0906733	0		1
0.795	0.956699	0		1
0.83	0.878756	0		1
0.185	0.31584	0		1
0.475	0.679571	0		1
0.575	0.107994	0		1
0.93	0.67091	0		1
0.82	0.982679	0		1
0.08	0.722872	0		1
0.51	0.0820131	0		1
0.725	0.298519	0		1
0.79	0.65359	0		1
0.775	0.679571	0		1
0.175	0.246558	0		1
0.405	0.0560323	0		1
0.58	0.0993336	0		1
0.775	0.696891	0		1
0.685	0.263878	0		1
0.495	0.0733528	0		1
0.73	0.289859	0		1
0.92	0.65359	0		1
0.735	0.281199	0		1
0.795	0.66225	0		1
0.33	0.844115	0		1
0.61	0.913397	0		1
0.77	0.705551	0		1
0.46	0.688231	0		1
0.25	0.792154	0		1
0.22	0.896077	0		1
0.29	0.220577	0		1
0.795	0.142635	0		1
0.3	0.203257	0		1
0.295	0.211917	0		1
0.8	0.151295	0		1
0.295	0.870096	0		1
0.23	0.428423	0		1
0.78	0.67091	0		1
0.78	0.151295	0		1
0.77	0.151295	0		1
0.74	0.272539	0		1
0.125	0.766173	0		1
0.635	0.800814	0		1
0.48	0.0646926	0		1
0.26	0.792154	0		1
0.805	0.956699	0		1
0.23	0.896077	0		1
0.68	0.393782	0		1
0.225	0.419763	0		1
0.475	0.783494	0		1
0.465	0.783494	0		1
0.075	0.748853	0		1
0.745	0.263878	0		1
0.08	0.757513	0		1
0.64	0.809474	0		1
0.23	0.411103	0		1
0.835	0.281199	0		1
0.805	0.64493	0		1
0.47	0.65359	0		1
0.44	0.601628	0		1
0.85	0.272539	0		1
0.69	0.428423	0		1
0.79	0.826795	0		1
0.46	0.65359	0		1
0.765	0.142635	0		1
0.45	0.601628	0		1
0.225	0.402442	0		1
0.64	0.826795	0		1
0.925	0.66225	0		1
0.28	0.861436	0		1
0.7	0.428423	0		1
0.795	0.800814	0		1
0.77	0.133975	0		1
0.885	0.246558	0		1
0.235	0.904737	0		1
0.795	0.627609	0		1
0.795	0.818135	0		1
0.775	0.852776	0		1
0.89	0.255218	0		1
0.785	0.852776	0		1
0.795	0.835455	0		1
0.705	0.437083	0		1
0.79	0.809474	0		1
0.395	0.489045	0		1
0.27	0.792154	0		1
0.65	0.826795	0		1
0.71	0.445744	0		1
0.69	0.393782	0		1
0.745	0.852776	0		1
0.765	0.125314	0		1
0.4	0.497705	0		1
0.715	0.454404	0		1
0.69	0.411103	0		1
0.685	0.419763	0		1
0.51	0.982679	0		1
0.38	0.497705	0		1
0.415	0.489045	0		1
0.765	0.852776	0		1
0.165	0.281199	0		1
0.3	0.861436	0		1
0.67	0.376462	0		1
0.74	0.515026	0		1
0.79	0.844115	0		1
0.735	0.852776	0		1
0.675	0.367801	0		1
0.52	0.0993336	0		1
0.675	0.385122	0		1
0.885	0.263878	0		1
0.76	0.116654	0		1
0.265	0.64493	0		1
0.25	0.896077	0		1
0.295	0.610289	0		1
0.68	0.359141	0		1
0.505	0.367801	0		1
0.655	0.852776	0		1
0.43	0.497705	0		1
0.435	0.696891	0		1
0.695	0.402442	0		1
0.495	0.367801	0		1
0.8	0.566987	0		1
0.115	0.33316	0		1
0.655	0.835455	0		1
0.755	0.852776	0		1
0.265	0.904737	0		1
0.74	0.255218	0		1
0.44	0.185936	0		1
0.505	0.835455	0		1
0.445	0.489045	0		1
0.39	0.688231	0		1
0.49	0.359141	0		1
0.785	0.541007	0		1
0.35	0.515026	0		1
0.705	0.350481	0		1
0.59	0.792154	0		1
0.8	0.636269	0		1
0.6	0.792154	0		1
0.735	0.246558	0		1
0.71	0.913397	0		1
0.355	0.523686	0		1
0.775	0.541007	0		1
0.925	0.229237	0		1
0.45	0.185936	0		1
0.47	0.341821	0		1
0.8	0.584308	0		1
0.11	0.3245	0		1
0.74	0.237898	0		1
0.26	0.896077	0		1
0.765	0.541007	0		1
0.35	0.168616	0		1
0.48	0.341821	0		1
0.17	0.255218	0		1
0.465	0.541007	0		1
0.76	0.532346	0		1
0.795	0.575648	0		1
0.755	0.523686	0		1
0.72	0.930718	0		1
0.715	0.922058	0		1
0.59	0.774833	0		1
0.485	0.350481	0		1
0.27	0.220577	0		1
0.525	0.558327	0		1
0.46	0.185936	0		1
0.959612	0.87899	0		1
0.91	0.237898	0		1
0.355	0.177276	0		1
0.795	0.592968	0		1
0.355	0.211917	0		1
0.265	0.229237	0		1
0.42	0.203257	0		1
0.79	0.549667	0		1
0.755	0.0906733	0		1
0.41	0.203257	0		1
0.26	0.844115	0		1
0.92	0.220577	0		1
0.61	0.636269	0		1
0.58	0.774833	0		1
0.415	0.714212	0		1
0.4	0.203257	0		1
0.465	0.33316	0		1
0.36	0.220577	0		1
0.38	0.203257	0		1
0.8	0.618949	0		1
0.39	0.203257	0		1
0.795	0.610289	0		1
0.925	0.211917	0		1
0.8	0.601628	0		1
0.46	0.3245	0		1
0.885	0.177276	0		1
0.165	0.263878	0		1
0.745	0.506366	0		1
0.735	0.229237	0		1
0.745	0.523686	0		1
0.75	0.0993336	0		1
0.755	0.107994	0		1
0.12	0.809474	0		1
0.575	0.766173	0		1
0.28	0.896077	0		1
0.455	0.31584	0		1
0.795	0.558327	0		1
0.135	0.800814	0		1
0.88	0.151295	0		1
0.47	0.185936	0		1
0.48	0.185936	0		1
0.64	0.237898	0		1
0.455	0.298519	0		1
0.61	0.618949	0		1
0.89	0.168616	0		1
0.45	0.289859	0		1
0.405	0.696891	0		1
0.74	0.497705	0		1
0.445	0.281199	0		1
0.49	0.185936	0		1
0.575	0.748853	0		1
0.155	0.818135	0		1
0.495	0.194596	0		1
0.25	0.393782	0		1
0.92	0.203257	0		1
0.75	0.0820131	0		1
0.245	0.835455	0		1
0.065	0.783494	0		1
0.575	0.731532	0		1
0.72	0.463064	0		1
0.5	0.203257	0		1
0.915	0.194596	0		1
0.575	0.696891	0		1
0.73	0.480385	0		1
0.575	0.714212	0		1
0.735	0.489045	0		1
0.275	0.714212	0		1
0.905	0.194596	0		1
0.61	0.601628	0		1
0.575	0.679571	0		1
0.78	0.688231	0		1
0.725	0.471725	0		1
0.265	0.714212	0		1
0.9	0.185936	0		1
0.775	0.714212	0		1
0.76	0.792154	0		1
0.29	0.913397	0		1
0.465	0.679571	0		1
0.16	0.289859	0		1
0.74	0.705551	0		1
0.23	0.220577	0		1
0.28	0.220577	0		1
0.765	0.783494	0		1
0.15	0.289859	0		1
0.785	0.714212	0		1
0.59	0.601628	0		1
0.74	0.722872	0		1
0.76	0.774833	0		1
0.625	0.177276	0		1
0.225	0.229237	0		1
0.89	0.185936	0		1
0.66	0.255218	0		1
0.755	0.731532	0		1
0.75	0.740192	0		1
0.145	0.298519	0		1
0.255	0.229237	0		1
0.655	0.246558	0		1
0.925	0.125314	0		1
0.245	0.229237	0		1
0.545	0.402442	0		1
0.145	0.818135	0		1
0.3	0.913397	0		1
0.14	0.809474	0		1
0.92	0.133975	0		1
0.14	0.30718	0		1
0.305	0.922058	0		1
0.395	0.904737	0		1
0.635	0.177276	0		1
0.24	0.220577	0		1
0.905	0.142635	0		1
0.135	0.31584	0		1
0.765	0.766173	0		1
0.75	0.757513	0		1
0.885	0.159955	0		1
0.645	0.177276	0		1
0.125	0.33316	0		1
0.13	0.3245	0		1
0.755	0.0733528	0		1
0.055	0.887417	0		1
0.565	0.592968	0		1
0.695	0.696891	0		1
0.7	0.688231	0		1
0.38	0.913397	0		1
0.1	0.3245	0		1
0.585	0.541007	0		1
0.695	0.679571	0		1
0.76	0.0646926	0		1
0.040002	0.826797	0		1
0.755	0.748853	0		1
0.215	0.229237	0		1
0.365	0.904737	0		1
0.21	0.220577	0		1
0.32	0.913397	0		1
0.58	0.532346	0		1
0.595	0.541007	0		1
0.745	0.714212	0		1
0.765	0.0560323	0		1
0.205	0.211917	0		1
0.475	0.541007	0		1
0.715	0.64493	0		1
0.2	0.203257	0		1
0.195	0.194596	0		1
0.35	0.896077	0		1
0.335	0.904737	0		1
0.58	0.515026	0		1
0.48	0.549667	0		1
0.45	0.497705	0		1
0.085	0.33316	0		1
0.46	0.618949	0		1
0.615	0.229237	0		1
0.455	0.627609	0		1
0.43	0.584308	0		1
0.46	0.532346	0		1
0.455	0.506366	0		1
0.46	0.515026	0		1
0.46	0.601628	0		1
0.45	0.636269	0		1
0.19	0.168616	0		1
0.195	0.177276	0		1
0.485	0.558327	0		1
0.465	0.610289	0		1
0.455	0.64493	0		1
0.425	0.489045	0		1
0.465	0.523686	0		1
0.435	0.592968	0		1
0.435	0.575648	0		1
0.47	0.566987	0		1
0.71	0.636269	0		1
0.61	0.220577	0		1
0.605	0.211917	0		1
0.48	0.65359	0		1
0.715	0.627609	0		1
0.485	0.66225	0		1
0.48	0.67091	0		1
0.085	0.350481	0		1
0.61	0.203257	0		1
0.64	0.116654	0		1
0.7	0.618949	0		1
0.09	0.3245	0		1
0.24	0.376462	0		1
0.245	0.385122	0		1
0.615	0.194596	0		1
0.7	0.515026	0		1
0.72	0.532346	0		1
0.655	0.125314	0		1
0.285	0.904737	0		1
0.19	0.151295	0		1
0.685	0.489045	0		1
0.7	0.497705	0		1
0.255	0.367801	0		1
0.175	0.125314	0		1
0.19	0.133975	0		1
0.7	0.67091	0		1
0.185	0.125314	0		1
0.085	0.367801	0		1
0.68	0.480385	0		1
0.725	0.558327	0		1
0.695	0.523686	0		1
0.715	0.592968	0		1
0.67	0.133975	0		1
0.7	0.584308	0		1
0.62	0.185936	0		1
0.825	0.870096	0		1
0.84	0.0473721	0		1
0.19	0.740192	0		1
0.195	0.748853	0		1
0.21	0.740192	0		1
0.46	0.705551	0		1
0.215	0.748853	0		1
0.165	0.107994	0		1
0.105	0.506366	0		1
0.795	0.748853	0		1
0.68	0.133975	0		1
0.71	0.65359	0		1
0.16	0.0300515	0		1
0.11	0.497705	0		1
0.785	0.748853	0		1
0.695	0.904737	0		1
0.175	0.107994	0		1
0.165	0.0387118	0		1
0.17	0.0820131	0		1
0.17	0.0646926	0		1
0.23	0.722872	0		1
0.705	0.66225	0		1
0.12	0.497705	0		1
0.355	0.904737	0		1
0.17	0.0473721	0		1
0.665	0.471725	0		1
0.67	0.463064	0		1
0.705	0.610289	0		1
0.125	0.489045	0		1
0.655	0.454404	0		1
0.64	0.445744	0		1
0.8	0.757513	0		1
0.71	0.601628	0		1
0.65	0.168616	0		1
0.645	0.419763	0		1
0.65	0.411103	0		1
0.145	0.419763	0		1
0.15	0.445744	0		1
0.81	0.757513	0		1
0.645	0.159955	0		1
0.14	0.463064	0		1
0.635	0.402442	0		1
0.14	0.445744	0		1
0.45	0.688231	0		1
0.82	0.757513	0		1
0.13	0.463064	0		1
0.85	0.774833	0		1
0.825	0.766173	0		1
0.125	0.471725	0		1
0.13	0.757513	0		1
0.64	0.151295	0		1
0.555	0.402442	0		1
0.855	0.766173	0		1
0.835	0.766173	0		1
0.23	0.688231	0		1
0.41	0.826795	0		1
0.725	0.541007	0		1
0.72	0.549667	0		1
0.635	0.142635	0		1
0.865	0.766173	0		1
0.72	0.566987	0		1
0.71	0.566987	0		1
0.63	0.133975	0		1
0.84	0.774833	0		1
0.705	0.575648	0		1
0.87	0.757513	0		1
0.695	0.506366	0		1
0.635	0.125314	0		1
0.87	0.740192	0		1
0.845	0.0387118	0		1
0.395	0.696891	0		1
0.55	0.515026	0		1
0.57	0.515026	0		1
0.56	0.515026	0		1
0.54	0.393782	0		1
0.85	0.0300515	0		1
0.255	0.610289	0		1
0.27	0.584308	0		1
0.67	0.0993336	0		1
0.845	0.0213913	0		1
0.645	0.437083	0		1
0.6	0.601628	0		1
0.65	0.428423	0		1
0.875	0.731532	0		1
0.585	0.592968	0		1
0.37	0.913397	0		1
0.085	0.506366	0		1
0.705	0.904737	0		1
0.575	0.592968	0		1
0.075	0.506366	0		1
0.885	0.731532	0		1
0.525	0.523686	0		1
0.0649981	0.489046	0		1
0.069999	0.497706	0		1
0.51	0.515026	0		1
0.095	0.506366	0		1
0.685	0.125314	0		1
0.885	0.714212	0		1
0.059997	0.480386	0		1
0.68	0.116654	0		1
0.0549971	0.471726	0		1
0.54	0.515026	0		1
0.685	0.107994	0		1
0.52	0.982679	0		1
0.665	0.0906733	0		1
0.89	0.705551	0		1
0.66	0.0820131	0		1
0.655	0.0733528	0		1
0.9	0.705551	0		1
0.66	0.0646926	0		1
0.655	0.0560323	0		1
0.0499986	0.463065	0		1
0.0399964	0.463066	0		1
0.0300814	0.463017	0		1
0.535	0.99134	0		1
0.66	0.0473721	0		1
0.905	0.696891	0		1
0.425	0.835455	0		1
0.665	0.0387118	0		1
0.54	0.982679	0		1
0.555	0.99134	0		1
0.91	0.688231	0		1
0.66	0.0300515	0		1
0.56	0.982679	0		1
0.595	0.99134	0		1
0.92	0.688231	0		1
0.665	0.0213913	0		1
0.575	0.99134	0		1
0.925	0.679571	0		1
0.58	0.982679	0		1
0.605	0.800814	0		1
0.6	0.982679	0		1
0.615	0.99134	0		1
0.62	0.982679	0		1
0.675	0.99134	0		1
0.635	0.99134	0		1
0.64	0.982679	0		1
0.655	0.99134	0		1
0.66	0.982679	0		1
0.615	0.800814	0		1
0.535	0.523686	0		1
0.625	0.800814	0		1
0.605	0.904737	0		1
0.935	0.679571	0		1
0.41	0.705551	0		1
0.47	0.740192	0		1
0.94	0.688231	0		1
0.46	0.740192	0		1
0.685	0.99134	0		1
0.95	0.688231	0		1
0.955012	0.696899	0		1
0.960014	0.705561	0		1
0.97	0.705551	0		1
0.455	0.783494	0		1
0.69	0.982679	0		1
0.485	0.731532	0		1
0.505	0.904737	0		1
0.48	0.740192	0		1
0.45	0.757513	0		1
0.445	0.766173	0		1
0.455	0.748853	0		1
0.45	0.774833	0		1
0.48	0.722872	0		1
0.475	0.714212	0		1
0.47	0.705551	0		1
0.455	0.696891	0		1
0.495	0.904737	0		1
0.485	0.904737	0		1
0.74	0.982679	0		1
0.72	0.982679	0		1
0.48	0.792154	0		1
0.77	0.982679	0		1
0.485	0.800814	0		1
0.73	0.982679	0		1
0.71	0.982679	0		1
0.0188263	0.462162	0		1
0.49	0.809474	0		1
0.8	0.982679	0		1
0.755	0.99134	0		1
0.81	0.982679	0		1
0.79	0.982679	0		1
0.495	0.818135	0		1
0.785	0.99134	0		1
0.76	0.982679	0		1
0.5	0.826795	0		1
0.515	0.835455	0		1
0.7	0.982679	0		1
0.52	0.844115	0		1
0.515	0.887417	0		1
0.52	0.878756	0		1
0.515	0.852776	0		1
0.525	0.870096	0		1
0.51	0.896077	0		1
0.52	0.861436	0		1
0.48	0.913397	0		1
0.485	0.922058	0		1
0.48	0.930718	0		1
0.485	0.939378	0		1
0.49	0.948038	0		1
0.485	0.956699	0		1
0.48	0.965359	0		1
0.825	0.99134	0		1
0.835	0.99134	0		1
0.84	0.982679	0		1
0.475	0.974019	0		1
0.85	0.982679	0		1
0.47	0.982679	0		1
0.86	0.982679	0		1
0.46	0.982679	0		1
0.45	0.982679	0		1
0.44	0.982679	0		1
0.98	0.705551	0		1
0.43	0.982679	0		1
0.425	0.99134	0		1
0.87	0.982679	0		1
0.405	0.974019	0		1
0.88	0.982679	0		1
0.93	0.982679	0		1
0.39	0.965359	0		1
0.92	0.982679	0		1
0.89	0.982679	0		1
0.91	0.982679	0		1
0.9	0.982679	0		1
0.385	0.974019	0		1
0.375	0.974019	0		1
0.94	0.982679	0		1
0.965022	0.973951	0		1
0.955012	0.973994	0		1
0.950001	0.982675	0		1
0.37	0.982679	0		1
0.36	0.982679	0		1
0.35	0.982679	0		1
0.34	0.982679	0		1
0.33	0.982679	0		1
0.31	0.965359	0		1
0.285	0.956699	0		1
0.3	0.965359	0		1
0.275	0.956699	0		1
0.27	0.965359	0		1
0.26	0.965359	0		1
0.245	0.956699	0		1
0.24	0.965359	0		1
0.225	0.956699	0		1
0.2	0.965359	0		1
0.215	0.956699	0		1
0.195	0.974019	0		1
0.185	0.974019	0		1
0.21	0.965359	0		1
0.18	0.982679	0		1
0.165	0.974019	0		1
0.155	0.99134	0		1
0.135	0.99134	0		1
0.14	0.982679	0		1
0.115	0.974019	0		1
0.1	0.965359	0		1
0.16	0.982679	0		1
0.095	0.974019	0		1
0.0448479	0.991191	0		1
0.08	0.982679	0		1
0.085	0.974019	0		1
0.0650033	0.974017	0		1
0.0549778	0.991313	0		1
0.0600011	0.982676	0		1
0.0350033	0.85283	0		1
0.990382	0.134714	0		1
0.950037	0.930664	0		1
0.0253407	0.0348636	0		1
0.965281	0.956387	0		1
0.0200861	0.862027	0		1
0.974801	0.662245	0		1
0.0253976	0.921995	0		1
0.960441	0.930667	0		1
0.970644	0.930722	0		1
0.0299518	0.515253	0		1
0.990449	0.825361	0		1
0.0162505	0.119407	0		1
0.974296	0.853997	0		1
0.991705	0.465888	0		1
0.979115	0.67095	0		1
0.0244207	0.385652	0		1
0.975603	0.385714	0		1
0.991653	0.725832	0		1
0.0267215	0.0554673	0		1
0.0354516	0.973758	0		1
0.0253704	0.194877	0		1
0.00820187	0.984693	0		1
0.983886	0.840837	0		1
0.991076	0.0152623	0		1
0.0245641	0.315991	0		1
0.964445	0.229113	0		1
0.969633	0.237817	0		1
0.0251339	0.955762	0		1
0.00844928	0.684893	0		1
0.0256736	0.332541	0		1
0.00825702	0.42538	0		1
0.025775	0.177417	0		1
0.0246101	0.0758377	0		1
0.0257366	0.402359	0		1
0.983457	0.399841	0		1
0.0259098	0.107651	0		1
0.025802	0.212169	0		1
0.00816598	0.414264	0		1
0.980271	0.201743	0		1
0.0213738	0.930466	0		1
0.992163	0.225637	0		1
0.00842168	0.674714	0		1
0.983661	0.800812	0		1
0.0158832	0.35014	0		1
0.983965	0.350063	0		1
0.984485	0.678276	0		1
0.016179	0.609993	0		1
0.984248	0.610071	0		1
0.984108	0.419852	0		1
0.0160654	0.87	0		1
0.0159493	0.160021	0		1
0.9844	0.158283	0		1
0.983752	0.0900997	0		1
0.0163514	0.229953	0		1
0.0261227	0.0913215	0		1
0.0261264	0.938728	0		1
0.0162593	0.8002	0		1
0.984363	0.487729	0		1
0.0164816	0.540245	0		1
0.983941	0.540415	0		1
0.0162111	0.749552	0		1
0.983871	0.748362	0		1
0.016294	0.280378	0		1
0.983776	0.280492	0		1
0.983952	0.0382656	0		1
0.0163423	0.299208	0		1
0.983649	0.299326	0		1
0.0163025	0.73078	0		1
0.00747547	0.925142	0		1
0.984197	0.939969	0		1
0.0163389	0.559257	0		1
0.983812	0.559066	0		1
0.016346	0.470947	0		1
0.992899	0.025	0		1
0.0164345	0.81917	0		1
0.992932	0.735	0		1
0.983967	0.11017	0		1
0.992739	0.665114	0		1
0.992976	0.475	0		1
0.0160389	0.489611	0		1
0.983616	0.921186	0		1
0.993006	0.815	0		1
0.0165363	0.36864	0		1
0.983453	0.368671	0		1
0.016412	0.661177	0		1
0.0165971	0.628565	0		1
0.983518	0.628785	0		1
0.016491	0.888673	0		1
0.0166025	0.141633	0		1
0.983506	0.178582	0		1
0.992861	0.145125	0		1
0.968718	0.220602	0		1
0.0165681	0.438321	0		1
0.983294	0.438318	0		1
0.983645	0.88845	0		1
0.00680429	0.595	0		1
0.0166404	0.698115	0		1
0.983355	0.331746	0		1
0.00670126	0.854439	0		1
0.993243	0.075	0		1
0.993252	0.245	0		1
0.0067423	0.785	0		1
0.314886	0.00736269	0		1
0.244805	0.00714746	0		1
0.214885	0.00736136	0		1
0.495149	0.0229256	0		1
0.164804	0.00714642	0		1
0.545233	0.022863	0		1
0.570137	0.0144249	0		1
0.625149	0.0229332	0		1
0.134886	0.0073624	0		1
0.0429613	0.00738088	0		1
0.784805	0.00714746	0		1
0.724206	0.00767551	0		1
0.719264	0.0158859	0		1
0.754805	0.00714746	0		1
0.944886	0.0073624	0		1
0.959763	0.0145008	0		1
0.799764	0.0145002	0		1
0.769704	0.0144241	0		1
0.739648	0.0144633	0		1
0.694836	0.0228486	0		1
0.179763	0.0144866	0		1
0.229702	0.0144105	0		1
0.259764	0.0145002	0		1
0.329764	0.0145026	0		1
0.593629	0.0224349	0		1
0.589626	0.0146404	0		1
0.0570146	0.00724034	0		1
0.530237	0.01554	0		1
0.149701	0.0144259	0		1
0.470196	0.0156215	0		1
0.983355	0.507836	0		1
0.983348	0.52253	0		1
0.025	0.993301	0		1
0.025	0.00669873	0		1
0.993322	0.974887	0		1
0.993158	0.315168	0		1
0.0165983	0.767602	0		1
0.00667357	0.835	0		1
0.993143	0.194813	0		1
0.983449	0.262462	0		1
0.00666897	0.905	0		1
0.993331	0.905	0		1
0.993333	0.645	0		1
0.983644	0.591674	0		1
0.993246	0.765161	0		1
0.0166601	0.712574	0		1
0.983238	0.713194	0		1
0.983241	0.577281	0		1
0.016753	0.452681	0		1
0.983262	0.453201	0		1
0.00675435	0.524512	0		1
0.983193	0.126358	0		1
0.983659	0.698375	0		1
0.0164416	0.644119	0		1
0.993431	0.955401	0		1
0.00675595	0.245652	0		1
0.983822	0.781978	0		1
0.00636757	0.505	0		1
0.980061	0.0149199	0		1
0.969875	0.0146725	0		1
0.93	0.0150258	0		1
0.92	0.0150258	0		1
0.91	0.0150258	0		1
0.89	0.0150258	0		1
0.86	0.0150258	0		1
0.9	0.0150258	0		1
0.87	0.0150258	0		1
0.88	0.0150258	0		1
0.85	0.0150258	0		1
0.84	0.0150258	0		1
0.83	0.0150258	0		1
0.82	0.0150258	0		1
0.809871	0.0148155	0		1
0.705	0.023686	0		1
0.68	0.0150258	0		1
0.67	0.0150258	0		1
0.199984	0.0149439	0		1
0.189866	0.0147719	0		1
0.269871	0.0148155	0		1
0.3	0.0150258	0		1
0.29	0.0150258	0		1
0.279988	0.0149791	0		1
0.339871	0.0148162	0		1
0.349988	0.0149792	0		1
0.359998	0.015018	0		1
0.38	0.0150258	0		1
0.39	0.0150258	0		1
0.4	0.0150258	0		1
0.37	0.0150245	0		1
0.41	0.0150258	0		1
0.42	0.0150258	0		1
0.43	0.0150258	0		1
0.44	0.0150258	0		1
0.45	0.0150258	0		1
0.460115	0.0152642	0		1
0.66	0.0150258	0		1
0.560151	0.0148347	0		1
0.65	0.0150258	0		1
0.64	0.0150258	0		1
0.510015	0.0150097	0		1
0.520125	0.0151294	0		1
0.485163	0.0234109	0		1
0.615105	0.0236457	0		1
0.604669	0.0235073	0		1
0.119988	0.0150608	0		1
0.07	0.0150258	0		1
0.11	0.0150258	0		1
0.08	0.0150258	0		1
0.09	0.0150258	0		1
0.1	0.0150258	0		1
0.324807	0.0073184	0		1
0.254793	0.00728183	0		1
0.224735	0.00720985	0		1
0.174792	0.00727835	0		1
0.475151	0.023139	0		1
0.535275	0.0229568	0		1
0.584972	0.00653446	0		1
0.144736	0.00721363	0		1
0.794793	0.00728183	0		1
0.764723	0.00717751	0		1
0.734558	0.00732381	0		1
0.69	0.0150009	0		1
0.060127	0.0148381	0		1
0.954807	0.00731775	0		1
0.94	0.0150506	0		1
0.31	0.0150506	0		1
0.239668	0.0144768	0		1
0.21	0.0150506	0		1
0.779669	0.0144808	0		1
0.749659	0.0144856	0		1
0.714928	0.0235676	0		1
0.5	0.0150009	0		1
0.550052	0.0150649	0		1
0.63	0.0150009	0		1
0.159656	0.0144862	0		1
0.575038	0.00687098	0		1
0.13	0.0150506	0		1
0.991928	0.213993	0		1
0.00656532	0.26469	0		1
0.993492	0.0552646	0		1
0.967846	0.88	0		1
0.0320683	0.0300849	0		1
0.967762	0.860329	0		1
0.00631074	0.575126	0		1
0.00732051	0.00732051	0		1
0.992679	0.992679	0		1
0.00732051	0.992679	0		1
0.0411575	0.014531	0		1
0.99273	0.00726959	0		1
0.0160351	0.127333	0		1
0.0322949	0.981086	0		1
0.972523	0.213587	0		1
0.0325414	0.0488394	0		1
0.977371	0.394465	0		1
0.984073	0.833105	0		1
0.0158182	0.382625	0		1
0.98408	0.382633	0		1
0.0227943	0.205	0		1
0.0228735	0.115584	0		1
0.0230483	0.0841787	0		1
0.0228128	0.394449	0		1
0.0231073	0.945445	0		1
0.022709	0.185	0		1
0.0226843	0.325	0		1
0.0227785	0.96504	0		1
0.97733	0.845136	0		1
0.0138892	0.93044	0		1
0.0329497	0.0629896	0		1
0.0157555	0.312899	0		1
0.987094	0.810846	0		1
0.986929	0.479606	0		1
0.9869	0.739541	0		1
0.986833	0.0297239	0		1
0.986589	0.669893	0		1
0.986771	0.149987	0		1
0.986188	0.119473	0		1
0.976959	0.793938	0		1

Triangles
24135
450	7260	11466	1
450	11466	11705	1
5646	8282	10759	1
378	484	6989	1
5806	8442	9784	1
5228	6698	7877	1
443	6899	8005	1
505	6927	11585	1
460	6914	8132	1
506	6925	7230	1
5227	8450	10823	1
5223	7781	11609	1
8344	9536	9779	1
6245	8344	9779	1
373	483	6986	1
5227	8450	11591	1
402	6984	6991	1
505	6927	11647	1
5223	7781	11590	1
6698	7877	11588	1
8282	10759	11598	1
377	378	6989	1
5806	8442	11586	1
484	6989	11608	1
5646	8282	11584	1
443	6899	11643	1
5	6	7488	1
460	6914	11637	1
5228	6928	7877	1
9	6945	11666	1
9	6945	11683	1
8442	9784	11605	1
373	374	6986	1
506	6925	11627	1
500	7489	7491	1
7779	7781	11609	1
359	11585	11592	1
5	7488	11801	1
7776	9823	11587	1
427	6976	6980	1
6927	6928	11585	1
6925	7230	11634	1
6890	7297	11705	1
7776	9823	11824	1
427	6976	6978	1
6884	7491	7868	1
6914	8132	11598	1
483	6986	11617	1
8450	10823	11608	1
6899	8005	11605	1
6250	6849	6980	1
6250	6976	6980	1
6928	11585	11592	1
5242	11660	11758	1
9646	11686	11751	1
8042	11677	11734	1
8479	11679	11735	1
7288	11680	11739	1
7884	11685	11791	1
8336	11678	11783	1
18	11665	11774	1
21	11661	11770	1
26	11659	11769	1
29	11658	11768	1
36	11657	11767	1
5211	6991	6993	1
8448	8450	11591	1
4763	7772	11557	1
6890	7297	11647	1
8344	9536	11617	1
7781	7782	11590	1
450	7297	11705	1
6893	7931	11643	1
6849	6980	6986	1
6898	8004	11637	1
4714	5224	6993	1
6893	7931	11806	1
7260	11466	11627	1
537	6960	11620	1
537	6960	11825	1
7491	7868	11798	1
438	11685	11791	1
488	11678	11783	1
6941	11665	11774	1
6937	11661	11770	1
6936	11659	11769	1
8478	11658	11768	1
7287	11657	11767	1
7557	11660	11758	1
8603	11686	11751	1
559	11677	11734	1
424	11679	11735	1
416	11680	11739	1
7876	7877	11588	1
6898	8004	11812	1
6245	8344	11620	1
4714	5211	6993	1
5224	6925	6993	1
8442	8443	11586	1
500	7489	11690	1
705	709	8868	1
2445	7036	7682	1
2445	7682	8867	1
7883	7884	11303	1
2647	8356	11310	1
2334	8347	11309	1
766	771	7442	1
777	781	10766	1
2445	7036	7684	1
2163	7056	7058	1
7321	7461	8956	1
7321	7461	9989	1
783	788	10424	1
787	9087	9563	1
4860	7443	10010	1
788	790	7307	1
1912	9296	9592	1
1912	7063	9592	1
788	7307	10424	1
6301	9296	9592	1
7074	7080	9927	1
811	7078	9509	1
7078	7395	9627	1
811	7078	9627	1
691	698	7684	1
7395	8982	9627	1
6305	7074	9927	1
773	777	7059	1
3362	7080	9927	1
802	805	9632	1
777	7059	10766	1
5968	6771	11327	1
6159	8265	11275	1
2437	7906	11022	1
6882	7884	11303	1
2163	7058	7059	1
5551	8408	11278	1
698	2445	7684	1
6322	7248	8470	1
2342	7248	8470	1
5552	8400	11319	1
707	1190	11023	1
705	8867	8868	1
6308	9465	11315	1
6308	8356	11310	1
7684	10783	10882	1
773	2163	7059	1
8420	8421	11246	1
5347	9572	10970	1
6737	8347	11309	1
7571	8543	10946	1
5988	8184	11230	1
8619	8620	10942	1
1319	7597	8528	1
6771	7597	8528	1
3557	7054	7321	1
3557	7054	8828	1
3557	7321	8956	1
2585	2588	11283	1
7052	10775	10787	1
6337	7461	9989	1
4489	7052	10775	1
2826	8204	9254	1
8203	8204	9027	1
790	1912	7307	1
8622	8623	10923	1
1912	7063	7307	1
771	2163	7442	1
2163	7056	7442	1
2826	8204	9027	1
6665	7903	10925	1
2826	9254	9704	1
4103	9174	10807	1
5551	7395	8982	1
7057	9254	9704	1
6337	7065	7461	1
6337	7065	7443	1
6024	8852	10806	1
2795	2797	7203	1
7057	7442	9899	1
2797	7106	7203	1
7057	9704	9899	1
766	7442	9899	1
5392	7855	10720	1
6301	9296	9632	1
7065	7443	10010	1
5348	8523	8525	1
5349	8526	8692	1
4860	7074	7443	1
2581	2584	11263	1
5348	8525	8941	1
8525	8526	8941	1
6305	7074	7443	1
8692	8848	9094	1
5349	8526	8941	1
5349	8692	9094	1
811	9509	9632	1
5298	8848	9094	1
2795	3265	7203	1
5298	8620	8848	1
4489	7052	10783	1
3265	7203	7204	1
1303	9535	10889	1
783	787	10424	1
4489	10783	10882	1
787	9563	10424	1
1190	7189	11023	1
2577	2580	11236	1
7143	8363	9284	1
802	9296	9632	1
4353	8363	9284	1
7143	9049	9284	1
805	811	9632	1
6308	8356	11315	1
781	787	10766	1
3730	7143	9049	1
3730	7127	7143	1
2588	10465	10510	1
3362	7080	10465	1
5552	7184	11319	1
6029	7243	10714	1
3555	8543	10946	1
5475	7657	10848	1
3730	7127	9535	1
5762	7157	9790	1
5347	8524	10970	1
6913	7855	10720	1
7080	10465	10510	1
5762	7157	7823	1
787	9087	10766	1
6539	9174	10807	1
6024	8722	10806	1
2797	7106	7372	1
691	7684	10882	1
5298	8620	10942	1
5347	8524	8864	1
4868	8622	10923	1
5027	8265	11275	1
5348	8523	8864	1
6074	7372	7376	1
5407	7168	7822	1
4864	6028	10679	1
5238	7903	10925	1
3265	7204	7657	1
5913	6074	7376	1
7127	9535	10889	1
7306	10678	10877	1
5407	7168	7823	1
6771	8528	11327	1
1340	11336	11339	1
1160	7243	10714	1
5551	7395	11278	1
4366	4368	8864	1
7106	7372	10993	1
3266	7657	8000	1
6028	7254	10679	1
8059	8060	11279	1
6363	7301	10643	1
6062	7419	7763	1
1687	7419	7763	1
4335	7883	11303	1
1319	1320	11328	1
1325	3352	11331	1
2650	7822	10503	1
6761	8420	11246	1
2342	8819	11298	1
4602	5762	7823	1
7036	7684	10783	1
2867	7301	7303	1
2867	7303	7305	1
2798	7372	7376	1
352	402	7230	1
706	1164	7312	1
1164	7214	7312	1
702	706	7312	1
2261	4035	11268	1
7239	7241	9836	1
354	506	7260	1
8523	8524	8864	1
2647	8347	11310	1
2797	2798	7372	1
6642	7936	11010	1
2252	7237	7239	1
2437	7936	11022	1
2252	7239	9836	1
6977	8655	10786	1
714	718	7309	1
7168	7822	10503	1
7241	9161	9836	1
8505	8506	10771	1
5988	9527	11230	1
2892	3939	7689	1
2334	8470	11309	1
2867	7301	10643	1
8231	8232	10551	1
5523	7347	10522	1
4602	7168	7823	1
1340	5552	11339	1
6642	11010	11017	1
4149	10810	11095	1
718	2252	7309	1
2252	7237	7309	1
6074	7372	10993	1
5798	7280	10123	1
7280	8131	10123	1
7238	7914	10578	1
4853	10829	10836	1
703	707	11023	1
5392	7157	10720	1
3939	7378	7689	1
5068	8701	10835	1
3446	8462	8463	1
1242	7448	10659	1
4853	9174	10836	1
5068	8756	10825	1
5229	6837	7288	1
4401	8788	10553	1
4103	6024	10807	1
524	7778	7779	1
3751	7202	10811	1
3265	3266	7657	1
7302	8545	9775	1
3751	8852	10806	1
7241	7427	9082	1
5475	8363	10848	1
8701	10829	10835	1
7241	9082	9161	1
1164	7214	7914	1
3444	7427	9082	1
3793	4257	11124	1
4368	5348	8864	1
4808	8060	11279	1
5391	7157	7823	1
8543	9572	10970	1
2588	10510	11283	1
4366	5347	8864	1
2443	7213	11054	1
7335	7448	10716	1
5391	5407	7823	1
5475	7657	8000	1
7408	7424	10559	1
3939	7378	9275	1
455	7781	7782	1
5911	7347	10522	1
717	7936	11010	1
7821	7822	10431	1
7914	8272	8801	1
2868	8380	10733	1
353	506	7230	1
8619	8622	10942	1
8309	8310	8479	1
6578	8232	10551	1
357	505	7297	1
5186	8310	8479	1
6462	8674	9390	1
2171	10678	10877	1
5230	7285	7286	1
695	2443	11054	1
7903	8623	10923	1
5997	6757	10818	1
2342	7248	11298	1
8550	8551	9502	1
2868	10723	10733	1
4852	8551	9502	1
5230	7285	7377	1
6757	10818	10822	1
6028	6029	10714	1
7335	10716	10723	1
8195	10797	11115	1
784	789	8461	1
5766	10735	10752	1
8614	8754	10796	1
6666	7255	10917	1
6665	6666	10925	1
3552	7383	8984	1
351	352	402	1
5639	7356	8994	1
4856	8550	9502	1
694	2867	7305	1
524	7777	7778	1
7248	11298	11307	1
6416	7356	8994	1
7377	7378	9275	1
393	394	7777	1
692	694	7305	1
2892	4401	7689	1
2584	10571	11263	1
6416	6417	9983	1
3446	8461	8462	1
1303	6054	10889	1
469	7774	7775	1
391	392	7780	1
6016	7448	10659	1
7204	7657	10848	1
7369	8674	8969	1
6416	8994	9983	1
469	7773	7774	1
6016	7334	7348	1
352	353	7230	1
699	703	11251	1
4630	6016	7348	1
355	450	7260	1
7369	8674	9390	1
455	7780	7781	1
3464	8274	8649	1
7058	7059	10326	1
3547	7354	8950	1
4401	8788	8889	1
5407	7822	10431	1
8822	10101	10221	1
5360	7368	8798	1
7157	9790	10720	1
7382	7383	8984	1
4401	7689	10553	1
5382	7365	7366	1
6666	8650	10917	1
353	354	506	1
4864	4865	10679	1
2013	2151	7359	1
5229	5230	7288	1
7322	8788	8889	1
3547	7354	7355	1
4404	5360	8798	1
1210	1687	10878	1
6165	7280	10210	1
2652	7322	8889	1
6025	8506	10771	1
2652	7322	7369	1
5587	8508	10477	1
2652	7369	8969	1
5068	8701	10825	1
2580	10608	11236	1
5366	5368	10163	1
395	469	7773	1
8244	8245	10832	1
5385	7370	7824	1
4475	7385	8927	1
389	390	7783	1
6016	7334	7448	1
6024	8722	10807	1
8830	10811	11137	1
5385	5387	7824	1
7520	8894	8895	1
4475	7384	7385	1
4965	7424	10559	1
3751	7202	10806	1
6637	8046	10494	1
4856	8550	9623	1
4475	7384	8995	1
6457	7819	10412	1
2607	7580	7879	1
688	691	10882	1
4876	8825	10382	1
2298	2300	8897	1
2469	2471	7409	1
6518	7282	10641	1
2605	7382	8984	1
6424	8844	9849	1
2510	2527	10518	1
3684	7375	8844	1
6518	10641	10649	1
4808	11279	11282	1
7302	7303	8545	1
4853	10829	10835	1
5376	5378	8898	1
2650	7819	10503	1
2895	7370	7824	1
6752	8265	11280	1
6769	10902	10911	1
4909	7649	8888	1
5364	5366	7451	1
3446	8463	8552	1
4921	6679	10898	1
5521	5524	7441	1
3684	7375	9391	1
4259	5068	10835	1
395	396	7773	1
1242	10649	10659	1
7283	8545	9775	1
356	450	7297	1
6679	8668	10898	1
7360	8784	9990	1
7214	7914	8801	1
2605	7382	7692	1
7763	10905	10906	1
2527	7943	8390	1
7649	8888	9595	1
6539	9174	10836	1
6619	7757	10397	1
7597	11328	11333	1
6363	7312	10643	1
7306	8545	10877	1
4758	8655	10786	1
6752	11280	11282	1
3684	8844	9849	1
393	524	7777	1
8463	8549	8552	1
2348	3751	10811	1
6645	7329	10738	1
1136	7345	7437	1
7335	10723	10733	1
5460	7374	7479	1
1136	7345	7650	1
6433	7943	8390	1
355	356	450	1
7238	7309	10578	1
4630	7348	7648	1
2601	2605	7692	1
5366	7451	10163	1
5364	5460	7451	1
4863	8464	10411	1
3360	8249	10265	1
6642	7936	11022	1
5798	7280	10210	1
5222	7329	10738	1
4472	5350	7377	1
6159	8420	11275	1
5460	7374	7451	1
5230	7286	7288	1
6062	9724	10905	1
2086	2177	7519	1
7383	8131	10123	1
7243	10735	10752	1
391	455	7780	1
683	4489	10775	1
7359	7360	9990	1
7357	11331	11336	1
4472	5230	7377	1
1160	7243	10735	1
5056	9302	10960	1
7238	7914	8272	1
4353	8363	10848	1
9302	10957	10960	1
784	3446	8461	1
2151	3547	7359	1
7519	7520	8894	1
8377	8380	10733	1
8753	8754	10796	1
789	1136	8461	1
6123	8059	8199	1
5520	5521	7441	1
1190	11010	11017	1
7648	7649	9567	1
3547	7355	7359	1
7285	7377	9275	1
392	524	7780	1
4909	7649	9567	1
5186	8310	9858	1
6443	7484	8749	1
394	469	7777	1
354	355	7260	1
6443	7483	7484	1
1242	7448	10716	1
7303	7305	7306	1
2895	7370	7870	1
4071	7406	7408	1
484	8449	8450	1
389	523	7783	1
7356	9858	9968	1
8888	8895	9595	1
5520	7391	7441	1
2340	8297	9292	1
5057	6755	10724	1
4071	7406	7555	1
2654	3337	8260	1
4711	10782	10803	1
3464	5382	8274	1
6028	7254	10714	1
5639	7356	9968	1
2599	2601	7692	1
8462	8464	10411	1
8253	8258	9979	1
379	380	8449	1
7579	7580	7879	1
8057	8059	8199	1
5587	8274	8649	1
4246	7381	10534	1
2566	8896	8897	1
5520	7391	7716	1
5671	8296	9437	1
5382	7365	8798	1
7520	8895	10304	1
8310	9858	9968	1
2298	2566	8897	1
3337	8258	8260	1
5523	5923	10522	1
2207	7841	10399	1
5382	7366	8274	1
2340	9292	9624	1
396	7770	7773	1
4865	6425	10670	1
7348	7648	9567	1
4425	4427	7485	1
390	455	7783	1
5360	6462	9390	1
7385	8249	8927	1
2471	4071	7409	1
5923	5925	10683	1
7892	7893	8859	1
5852	8410	10281	1
3352	7357	11331	1
6543	8252	8253	1
5360	7368	9390	1
4404	5382	8798	1
6572	8825	10382	1
2597	2599	9969	1
2607	7580	7880	1
2566	8896	8898	1
4070	10412	10645	1
4532	7893	8859	1
6759	8195	9278	1
379	484	8449	1
6417	7354	9983	1
8762	10101	10221	1
8194	8195	9278	1
53	54	7556	1
54	403	7556	1
7384	8898	8995	1
357	358	505	1
5346	7571	8543	1
2340	8297	9437	1
4246	8231	10551	1
1687	7419	10878	1
8410	9292	9624	1
4752	4754	10383	1
4856	9623	10506	1
6301	9509	9632	1
7345	7346	7650	1
565	7487	7488	1
7840	7841	10399	1
8464	9623	10506	1
2171	7282	10641	1
8614	8754	10810	1
3337	8258	9979	1
6474	9758	10134	1
2446	7415	8521	1
1190	7189	11017	1
396	397	7770	1
2188	7445	7518	1
2446	7415	9362	1
5513	8057	8199	1
5378	7384	8898	1
8208	8246	9024	1
8520	8521	10314	1
3552	7383	10123	1
5376	8896	8898	1
2582	7757	10397	1
3638	7479	9075	1
4035	8408	11278	1
2188	7445	7901	1
2746	10870	11093	1
8462	8463	8464	1
2013	7359	9990	1
2237	7819	10412	1
2639	2641	7870	1
3453	7716	10007	1
4754	4756	9976	1
8463	8549	9623	1
4756	9932	9976	1
4953	8046	10494	1
4035	7418	11268	1
3444	8547	10631	1
7374	7479	9075	1
1164	7914	10578	1
3444	7427	10631	1
7427	10631	10635	1
398	493	7486	1
714	7309	10578	1
7354	8950	9983	1
4876	4877	7509	1
2051	8251	8277	1
2086	2188	7519	1
380	8447	8449	1
2527	7943	10518	1
2469	7409	9525	1
2578	8246	9024	1
2300	8897	9849	1
5587	8274	10477	1
6036	8245	10832	1
7385	8249	10265	1
6424	8897	9849	1
8296	8297	9437	1
7774	7775	7776	1
524	7779	7780	1
53	514	7556	1
7408	7409	10559	1
6457	7819	10503	1
7892	8275	8859	1
8888	8895	10304	1
2570	2654	8260	1
5350	7377	7378	1
5968	7054	11327	1
2051	3359	8251	1
4876	7509	10382	1
2183	8784	10516	1
6443	7483	7485	1
2446	9362	9576	1
7334	7335	7448	1
3555	8543	10970	1
3359	8257	8836	1
7983	8530	10426	1
7821	7824	10431	1
3561	4246	10534	1
6518	10649	10659	1
7487	7488	7489	1
2177	7519	8894	1
6543	8251	8252	1
356	357	7297	1
4427	6443	7485	1
7892	7894	8275	1
5640	8208	10083	1
4720	5380	7579	1
3359	8252	8257	1
7346	7650	9576	1
6543	8253	9979	1
2475	2477	8770	1
7486	7487	7768	1
455	7782	7783	1
2599	7692	9969	1
5238	7903	10923	1
565	7486	7487	1
4071	7408	7409	1
5380	7579	7580	1
6768	11075	11091	1
5368	7375	10163	1
380	381	8447	1
6171	7596	9105	1
6484	9314	10102	1
7487	7490	7768	1
7484	8822	10221	1
2639	2895	7870	1
5417	7522	9253	1
9317	10125	10407	1
1319	7597	11328	1
2475	7555	8770	1
702	7312	10643	1
4289	9901	10309	1
493	7486	7768	1
2230	8235	9851	1
4868	8622	10942	1
799	803	9576	1
6054	8668	10898	1
4724	6884	7868	1
6062	7763	10905	1
6122	11204	11205	1
7346	9362	9576	1
6562	8883	10122	1
6456	7445	7901	1
2627	7902	8623	1
5381	8762	10221	1
4425	7485	9758	1
6462	8673	8674	1
1985	2134	9437	1
399	400	565	1
6475	6747	9881	1
8483	8484	10230	1
2473	2475	7555	1
3707	7870	9636	1
399	565	7486	1
5518	7716	8160	1
2473	4071	7555	1
8235	8561	9851	1
469	7775	7777	1
7391	7716	10007	1
5598	8303	8673	1
2896	3949	7989	1
3916	4720	7579	1
4110	8194	9278	1
4877	5460	7509	1
5384	6844	7679	1
4300	4724	7868	1
7375	9391	10163	1
8410	9624	10281	1
2443	7213	11042	1
4110	7643	8863	1
791	1136	7650	1
7406	7407	7555	1
4298	4723	7899	1
435	8444	8445	1
7902	7903	8623	1
3360	8342	10265	1
8473	8474	10338	1
6475	7522	9656	1
5048	7596	9105	1
6456	7901	9452	1
5623	10166	10321	1
4490	10232	10334	1
7485	9758	10134	1
791	799	7650	1
2641	3707	7870	1
2051	8277	9452	1
1687	7762	7763	1
6462	8303	8673	1
5765	9314	10102	1
382	435	8444	1
435	8445	8446	1
4443	7907	8120	1
6881	7615	7899	1
2235	4449	10254	1
2640	2896	7989	1
2621	8516	10161	1
799	7650	9576	1
4846	4863	10506	1
8208	9024	10083	1
4172	4682	7658	1
6666	7255	10925	1
6843	6884	6945	1
7415	8521	10314	1
5518	5520	7716	1
6054	8667	8668	1
2774	6175	7804	1
2608	2611	7880	1
3360	8341	8342	1
6456	8277	9452	1
4863	8464	10506	1
1136	7437	8461	1
5460	7479	7509	1
411	7875	7876	1
7407	7555	8770	1
3454	3456	8459	1
4010	4630	7648	1
5388	6845	7806	1
5878	10283	10350	1
1173	1174	8421	1
3338	7579	7879	1
6040	7840	7841	1
3949	7843	7989	1
5417	7522	9656	1
1212	1687	7762	1
3911	4300	4301	1
8234	8235	9994	1
4720	5212	5213	1
2998	5057	10870	1
514	7556	7557	1
370	537	8281	1
4632	8201	8202	1
3707	3911	9636	1
4298	7899	8811	1
6627	8484	10230	1
4300	4301	4724	1
8299	8598	9351	1
8466	9253	9558	1
1162	1172	8184	1
5513	8056	8057	1
5524	10660	10824	1
4010	5590	7648	1
4723	6881	7899	1
5038	6040	7840	1
692	7305	10457	1
8608	8611	8615	1
2188	7518	7519	1
7360	8784	10516	1
8549	8550	9623	1
5906	7983	10426	1
4724	5194	6843	1
2893	3885	8355	1
6887	7883	7884	1
5728	7437	10411	1
411	7876	7877	1
4725	6887	7883	1
4632	8200	8201	1
2046	2048	9452	1
1173	1186	8421	1
4542	4546	8000	1
3916	4719	4720	1
2597	2602	9969	1
5194	5384	7679	1
4246	7381	10551	1
2607	2608	7880	1
361	411	7875	1
6475	9656	9881	1
4070	7890	7891	1
381	435	8447	1
4720	5213	5380	1
6036	10814	10832	1
397	493	7770	1
1343	5513	9120	1
2591	2593	7767	1
2050	2188	7901	1
1426	1736	8056	1
2823	7767	9317	1
2477	2481	8770	1
2610	2774	7804	1
6300	8204	9254	1
6541	8516	10161	1
3266	4542	8000	1
4883	5044	8131	1
5417	9253	9558	1
3338	3916	7579	1
1736	3356	8056	1
5699	8631	9550	1
2647	8355	8356	1
5194	6843	7679	1
363	526	8004	1
4301	4724	5194	1
5671	8996	10418	1
388	523	7931	1
3327	8667	8668	1
2048	2050	7901	1
5044	7280	8131	1
1172	5988	8184	1
1985	5671	9437	1
2382	2650	7819	1
7355	7359	7360	1
3456	4444	8459	1
5009	10125	10407	1
4754	9976	10383	1
3453	7716	8160	1
526	7875	7878	1
3949	4291	7843	1
2895	7821	7824	1
2604	2607	7879	1
3885	6158	8355	1
1317	8466	8624	1
2589	2591	2592	1
2627	7902	8745	1
5885	8474	10338	1
2017	4070	7890	1
2282	3360	8341	1
3581	10243	10312	1
4929	8598	9351	1
385	525	8005	1
2560	2627	8745	1
4833	4835	8272	1
7489	7490	7491	1
4464	8825	10409	1
8748	10015	10032	1
758	830	8120	1
1737	1739	7894	1
7779	7780	7781	1
8252	8253	8254	1
5386	5388	7806	1
397	398	493	1
369	370	8281	1
1737	7894	8275	1
7769	7771	7772	1
7446	7518	10307	1
2610	2611	7804	1
5513	8199	9120	1
7370	7870	9636	1
1119	3349	8018	1
8234	9994	10038	1
4211	9320	9775	1
8385	8386	9721	1
2134	2340	9437	1
2048	7901	9452	1
5212	5213	6865	1
5235	6833	8042	1
2606	2607	2608	1
382	383	8444	1
5852	8409	8410	1
1174	8421	11246	1
4369	4371	8605	1
4426	4632	8200	1
2585	2587	2588	1
7303	7306	8545	1
2324	8883	10122	1
4172	6175	7658	1
6484	8358	9166	1
4449	8134	10254	1
7890	7892	7894	1
1330	5552	8400	1
4110	7643	9278	1
803	2446	9576	1
4719	4720	5212	1
8526	8691	8692	1
3911	4282	4300	1
4348	4426	8200	1
2608	2609	2610	1
4661	6121	8099	1
365	460	8132	1
2604	2605	2606	1
2638	2895	7821	1
8259	10232	10288	1
525	8441	8442	1
5644	8208	8246	1
2753	8631	9550	1
2491	6476	8093	1
5194	5383	5384	1
2591	2592	2593	1
4464	8508	10477	1
5175	6927	9770	1
6823	6887	6941	1
6632	9901	10309	1
1281	1300	1301	1
419	8278	8279	1
8259	8260	10288	1
5390	6845	7854	1
731	758	8120	1
6075	8231	8232	1
830	4443	8120	1
2485	5518	8160	1
5635	8342	10053	1
2884	3933	8166	1
8633	10534	10651	1
3476	8525	8526	1
8379	8932	8933	1
3986	5736	8453	1
5386	6844	7806	1
2610	2648	2774	1
4637	4860	10010	1
5384	5386	6844	1
3356	8056	8057	1
4101	4216	8932	1
1301	6054	8667	1
5047	6075	8231	1
4724	6843	6884	1
2601	2603	2604	1
3789	4110	8863	1
8604	8605	8606	1
5635	8847	10053	1
2774	3057	4172	1
1281	1301	8667	1
483	8343	8344	1
7875	7876	7878	1
1269	3327	8667	1
4172	4173	4682	1
8747	8748	10032	1
4833	8272	8801	1
1317	8465	8466	1
2237	2382	7819	1
5750	8747	9767	1
5842	5845	8409	1
2382	2638	2650	1
2627	8621	8623	1
398	399	7486	1
1306	1308	8956	1
2604	2606	2607	1
7522	8453	9253	1
1281	1299	1300	1
2774	4172	6175	1
8339	8342	10053	1
717	721	7936	1
7305	7306	10457	1
384	525	8441	1
4335	6158	11308	1
8278	8279	8282	1
2650	7821	7822	1
6679	8668	10906	1
1247	1269	3327	1
2608	2610	2611	1
7775	7777	7778	1
2606	2609	8984	1
5384	5385	5386	1
6556	8516	10253	1
2592	2593	2594	1
4326	4725	7883	1
7891	7892	7893	1
4632	8202	8910	1
1269	1280	1281	1
2560	2562	8745	1
5845	5853	8409	1
5911	7347	10579	1
1300	1301	1302	1
5851	8803	9507	1
3443	9691	9806	1
3650	5762	8589	1
5671	8296	10418	1
4835	5333	8272	1
3453	6476	10007	1
3931	4298	8811	1
5392	7854	7855	1
8166	8167	8998	1
2594	2595	2596	1
3454	8093	8459	1
4709	5038	7840	1
2504	6484	8358	1
8746	8747	9767	1
2601	2604	2605	1
5598	8303	9110	1
1739	1955	7894	1
4725	6823	6887	1
1150	1162	8184	1
2606	2608	2609	1
2558	2627	8621	1
4371	5241	8605	1
1204	2065	8244	1
1304	1306	1307	1
8607	8608	8615	1
2437	7905	7906	1
2595	2596	2597	1
2636	2893	8355	1
2609	3552	8984	1
5346	8543	9572	1
1884	6159	8419	1
2593	2594	2595	1
2609	2610	2648	1
2017	2111	4070	1
1955	2017	7890	1
2587	2588	2589	1
7890	7891	7892	1
372	483	8343	1
5912	7843	7844	1
5044	6164	6165	1
2596	2597	2602	1
4883	5043	5044	1
2599	2600	2601	1
5590	7648	7649	1
1189	1221	8495	1
2583	2584	2585	1
362	526	7875	1
725	2437	7905	1
4013	4164	4165	1
952	1058	8261	1
1302	1303	1304	1
5710	6337	9989	1
3261	4012	4013	1
4164	5048	9105	1
7844	7989	10206	1
6470	9691	9806	1
4109	4110	8194	1
3742	8863	9516	1
5350	7378	7379	1
5390	5391	5392	1
4707	4709	5912	1
1388	1390	8720	1
3710	7983	8530	1
2823	3728	9317	1
1330	1331	8400	1
5386	5387	5388	1
5388	5390	6845	1
8865	8866	10127	1
7643	8863	9516	1
2893	3884	3885	1
1214	1884	8419	1
4012	4013	4164	1
5666	8251	8277	1
5390	5392	7854	1
8167	8998	9664	1
5834	5835	8407	1
368	419	8278	1
2380	2647	8347	1
3884	3885	4326	1
6476	8093	8459	1
5179	6822	8336	1
2638	2650	7821	1
5388	5389	5390	1
2682	2711	8299	1
1247	1268	1269	1
1313	1314	8465	1
387	443	7931	1
6637	7983	10494	1
825	826	8570	1
5363	7382	7383	1
2246	2334	2380	1
2648	2774	3057	1
4165	4883	5043	1
4260	4515	8607	1
1363	1426	8056	1
5750	9730	9767	1
2485	2486	8160	1
4709	5912	7840	1
5038	6022	6040	1
4377	5240	8511	1
538	8278	8282	1
360	361	411	1
1200	3676	8505	1
2581	2583	2584	1
3885	4326	4335	1
5636	8873	9135	1
4684	4714	5211	1
3476	8522	8525	1
2585	2586	2587	1
4546	4922	8000	1
4245	5047	8231	1
394	395	469	1
1326	3474	9124	1
3359	8251	8252	1
5724	8333	9733	1
7479	7509	10222	1
4229	4231	8562	1
4883	5363	8131	1
4326	4335	7883	1
5323	6752	8265	1
2645	3188	8385	1
4369	8602	8605	1
5644	5645	6619	1
3356	8057	8058	1
5363	7383	8131	1
1301	1302	1303	1
1308	3557	8956	1
1426	1735	1736	1
2544	2884	8166	1
6822	8477	8478	1
386	443	8005	1
2562	2564	9305	1
4983	8385	8386	1
725	731	7905	1
2207	10337	10399	1
3476	8526	8691	1
5848	5998	8292	1
4165	4882	4883	1
1324	3474	8633	1
364	460	8004	1
2110	2334	8470	1
2572	8333	9733	1
8806	9166	9407	1
2491	2492	8093	1
2224	4035	8408	1
5598	8672	8673	1
5640	5641	8208	1
6833	6882	6937	1
7905	7907	8120	1
390	391	455	1
5048	6771	7596	1
392	393	524	1
1343	1363	5513	1
5240	8511	8513	1
6042	8803	9507	1
5043	5044	6164	1
8201	8202	8203	1
721	725	2437	1
1314	1317	8465	1
4305	5639	9968	1
7484	8749	10221	1
6619	6705	7757	1
3197	8298	8299	1
4373	5241	8657	1
806	2446	8521	1
3188	4293	8385	1
731	7905	8120	1
1328	1329	1330	1
5641	5644	8208	1
5356	5475	8363	1
1998	1999	2109	1
1955	7890	7894	1
2589	2590	2591	1
2284	3360	8249	1
1736	1938	1939	1
2602	3260	3261	1
1316	1319	8528	1
2110	2246	2334	1
8659	8660	9515	1
3727	3929	9089	1
3057	4172	4173	1
5519	5520	5521	1
5708	8660	9515	1
1304	1305	1306	1
3356	8058	8819	1
6158	8355	8356	1
8743	8860	9584	1
1938	1939	1998	1
2603	2604	7879	1
4164	4795	5048	1
4291	4707	7843	1
6771	7596	7597	1
1212	1247	7762	1
2109	2110	2246	1
3452	5518	5519	1
5467	8235	8561	1
388	389	523	1
4293	4983	8385	1
1940	2150	8672	1
2150	4026	8672	1
758	768	830	1
1278	1343	9120	1
3718	8860	9584	1
1150	8183	8184	1
419	8279	8280	1
1306	1307	1308	1
3646	3955	8433	1
2675	8762	10101	1
1350	5587	8508	1
5523	5524	7347	1
1323	1324	1325	1
7843	7844	7989	1
2682	8299	9351	1
3647	4297	8533	1
4301	5194	5383	1
2334	2380	8347	1
5383	5384	5385	1
6159	8419	8420	1
1758	8764	8925	1
2380	2636	2647	1
1735	1736	1938	1
5835	5838	8407	1
3347	8244	8245	1
1325	1326	1328	1
1939	1998	1999	1
2597	2598	2599	1
362	363	526	1
5521	5522	5523	1
2696	3647	8533	1
2295	2361	8522	1
2500	2504	8358	1
4469	6666	8650	1
5641	5643	5644	1
5224	6808	6925	1
386	387	443	1
707	713	1190	1
5181	6822	8477	1
1134	1150	8183	1
4216	5088	8932	1
8441	8442	8443	1
4637	4859	4860	1
8393	8799	9065	1
4807	5506	8233	1
8873	8874	9158	1
1058	1081	8261	1
6470	7065	10010	1
1238	3602	8746	1
2600	2601	2603	1
3707	3910	3911	1
4297	8481	8533	1
1214	1277	1884	1
4965	7424	10512	1
1119	1125	8018	1
3261	4011	4012	1
2602	3261	9280	1
5624	8797	8952	1
5644	6619	8246	1
366	538	8132	1
1999	2109	2110	1
5234	5497	6834	1
917	3710	8530	1
3197	3973	8298	1
1329	1330	1331	1
2065	8505	8506	1
514	7557	7558	1
2483	2485	3452	1
5853	8409	8410	1
8847	9916	10053	1
2485	3452	5518	1
5222	6278	7329	1
2711	3197	8299	1
4864	4866	6028	1
3955	4762	8433	1
4428	4430	8910	1
7518	7519	7520	1
2230	8235	9994	1
2135	2224	8408	1
782	3446	8552	1
7283	9320	9775	1
4922	5355	5356	1
1326	1328	1329	1
4229	8562	8775	1
5497	7899	8811	1
5518	5519	5520	1
1388	1391	8720	1
2481	2483	9719	1
2491	3453	6476	1
1125	1134	2148	1
1322	1323	1324	1
8872	8873	9135	1
1162	1171	1172	1
4300	4763	7868	1
4503	5467	8561	1
1234	1276	9361	1
2527	2528	8390	1
2577	2579	2580	1
2489	2491	3453	1
4522	8338	8339	1
825	828	8570	1
1200	1202	8505	1
4922	5356	5475	1
3456	3457	3742	1
1081	1119	3349	1
5385	5386	5387	1
8466	8624	9558	1
4260	5071	8607	1
1210	1212	1687	1
363	364	8004	1
384	385	525	1
4096	9241	9376	1
778	782	8552	1
2361	8522	8523	1
8511	8512	8513	1
867	3440	8473	1
4165	5043	9105	1
5925	7408	7424	1
364	365	460	1
818	4473	8520	1
5624	5626	8797	1
5043	6171	9105	1
5044	6165	7280	1
6164	6171	7357	1
1331	1333	1334	1
4932	9166	9407	1
7368	8798	9366	1
5048	5968	6771	1
1904	5598	9110	1
4843	5615	8846	1
6470	9691	10010	1
1202	2065	8505	1
4713	5726	8481	1
1324	1325	1326	1
4659	4661	8099	1
3624	3736	8775	1
4346	4425	9758	1
8386	9721	9817	1
5840	5842	8409	1
1379	8593	8850	1
4348	4831	8200	1
5467	8233	8234	1
2193	2225	8875	1
4546	4921	4922	1
1212	1246	1247	1
1348	1350	8508	1
8058	8059	8060	1
3986	4352	8453	1
4346	4347	4348	1
5391	5392	7157	1
774	1392	8547	1
2557	8618	8619	1
1186	1214	8419	1
2562	8745	9305	1
4860	6026	7074	1
1186	8419	8421	1
6619	8246	10397	1
4762	5640	8433	1
4293	4703	4983	1
5842	5844	5845	1
5356	7127	7143	1
5736	8453	9253	1
1363	5513	8056	1
4839	8665	8666	1
6476	8459	9873	1
3454	3455	3456	1
3933	8166	8998	1
4326	4327	4725	1
5521	5523	5524	1
2594	3362	9446	1
2921	3997	8952	1
1172	1173	1174	1
1206	3347	8244	1
4638	8393	9065	1
5235	6157	6833	1
6474	8598	10134	1
806	809	8521	1
4101	4643	8932	1
4306	5497	8811	1
4360	4361	4362	1
4346	4348	4425	1
4707	5912	7843	1
695	699	2443	1
1204	1206	8244	1
4515	8607	8608	1
4306	5234	5497	1
5234	5235	8042	1
5241	8657	9025	1
2557	2558	8621	1
2503	3454	3455	1
2528	2534	2576	1
4363	4364	4365	1
6484	9166	10102	1
2679	7484	8822	1
4306	4307	5234	1
1206	1208	3347	1
2636	2647	8355	1
3931	3933	4298	1
4762	5215	5640	1
2303	2362	8901	1
4725	5196	6823	1
5645	6619	6705	1
4373	4375	8657	1
4445	4446	4864	1
6835	6881	6936	1
2435	2436	8899	1
5323	6123	6752	1
2496	2503	8806	1
4655	6115	8740	1
5845	5846	5847	1
1392	8547	8548	1
5497	6834	7615	1
383	384	8441	1
4723	5177	6835	1
6300	8200	8201	1
4661	4663	6121	1
824	1379	8593	1
1171	1172	1173	1
5844	5845	5846	1
4832	4833	8801	1
4843	4845	8846	1
381	382	435	1
1757	1758	8764	1
8463	8464	9623	1
2495	2503	3454	1
3929	4735	9089	1
1320	1322	1323	1
4362	5346	9572	1
2382	2383	2638	1
5323	6159	8265	1
5389	5390	5391	1
2884	3931	3933	1
3742	4444	4445	1
4707	4708	4709	1
6029	6031	7243	1
1290	1347	8892	1
2544	2545	8166	1
686	4474	9078	1
3728	4285	6013	1
1347	3600	8892	1
2237	2238	2382	1
2389	2557	8618	1
2534	2576	2577	1
4298	4299	4723	1
6300	8201	8204	1
369	419	8281	1
4503	4807	5467	1
4348	4425	4426	1
4173	4682	8909	1
5387	5388	5389	1
367	538	8278	1
2636	2637	2893	1
3455	3456	3457	1
5356	7143	8363	1
4498	9135	9519	1
2579	2580	2581	1
2893	2894	3884	1
4361	4362	4363	1
4426	4427	4428	1
8057	8058	8059	1
4343	4345	4346	1
1125	2148	8018	1
1269	1281	8667	1
2510	2526	2527	1
4831	6299	6300	1
1236	1238	8746	1
2504	2511	6484	1
4011	5710	9397	1
6116	8194	8195	1
4882	4883	5363	1
5846	5847	5848	1
820	822	8553	1
1963	2066	8920	1
4866	6028	6029	1
4047	9809	9831	1
1390	5623	8720	1
4026	8672	8673	1
4638	8391	8392	1
6425	7441	10660	1
1081	3349	8261	1
2593	7767	8496	1
2735	3585	8683	1
4923	5053	6475	1
4654	6115	6116	1
2435	2721	8899	1
2592	2594	3362	1
4428	4429	4430	1
4445	4864	4866	1
4754	4755	4756	1
366	367	538	1
1884	4439	5323	1
3789	4109	4110	1
4709	4710	5038	1
6115	6116	6770	1
378	379	484	1
1318	1319	1320	1
1320	1321	1322	1
1362	5587	8649	1
2884	2885	3931	1
1322	1324	8633	1
4807	5467	8233	1
5838	5840	5852	1
2591	2823	7767	1
2301	2362	8691	1
2740	5630	9100	1
387	388	7931	1
5638	9023	9046	1
4752	4753	4754	1
768	830	831	1
831	832	833	1
2046	2051	9452	1
4663	6121	6122	1
5177	5179	8336	1
2110	2342	8470	1
4362	4363	4364	1
5519	5521	5522	1
5522	5523	5923	1
5236	8512	8688	1
8883	8884	10160	1
5088	8377	8378	1
4245	4246	8231	1
4297	4713	8481	1
2526	2527	2528	1
5847	5848	5849	1
2545	8166	8167	1
4468	4469	8650	1
4831	6300	8200	1
5241	8606	9025	1
5241	8605	8606	1
2185	2235	4449	1
3933	4298	4299	1
2365	2544	2545	1
2405	2746	8599	1
2379	2629	8889	1
5047	6037	6075	1
5361	8308	8309	1
5630	9100	9125	1
361	362	7875	1
1313	3475	8465	1
383	8441	8444	1
4364	4365	4366	1
5028	5088	8377	1
5643	5644	5645	1
3728	6013	9317	1
3561	4245	4246	1
6157	6833	6882	1
822	8553	8593	1
2380	2381	2636	1
2638	2639	2895	1
686	689	9078	1
2621	4121	8516	1
4426	4428	4632	1
2528	2576	8390	1
5848	5849	8292	1
385	386	8005	1
2566	8898	8995	1
4377	4380	8511	1
1362	1402	8649	1
2964	4226	8885	1
5177	6835	8336	1
2596	2602	3260	1
5885	10290	10338	1
5179	5181	6822	1
1134	2148	8183	1
1757	2121	8764	1
3736	4229	8775	1
371	537	8343	1
8522	8523	8525	1
2225	8599	8875	1
3797	4636	4637	1
2174	2195	8872	1
4341	4342	4343	1
1736	1939	3356	1
5038	5052	6022	1
2486	2489	8160	1
2504	2505	2511	1
375	376	427	1
2544	2546	2884	1
8602	8603	8604	1
5838	5852	8407	1
1307	1308	1309	1
2673	2679	8822	1
4291	4706	4707	1
4013	4165	4882	1
4365	4366	4367	1
1277	1884	4439	1
4231	4501	8562	1
721	2437	7936	1
830	831	832	1
1758	1760	8925	1
2111	2113	2237	1
3932	3991	4306	1
3792	4638	8391	1
4367	4369	8602	1
4446	4864	4865	1
1310	1311	1312	1
1331	1332	1333	1
3260	3261	4011	1
4425	4426	4427	1
5840	5852	8409	1
8298	8299	8598	1
2299	2301	8691	1
4299	4723	5177	1
5590	7649	9595	1
7905	7906	7907	1
1308	1309	1310	1
3633	4508	8893	1
4713	4744	5726	1
372	373	483	1
4439	5323	6123	1
1312	1313	1314	1
2411	2618	8970	1
365	366	8132	1
2495	2496	2503	1
5842	5843	5844	1
3457	3789	8863	1
5370	7375	8844	1
5636	8873	9158	1
4803	4923	5053	1
830	832	4443	1
8293	8294	8295	1
798	1912	9296	1
1221	8495	9425	1
5849	8292	8293	1
2064	2183	8784	1
4299	5178	8998	1
5053	6475	6747	1
5664	5666	8277	1
4737	4751	4752	1
8912	9239	9555	1
5022	8743	8744	1
721	724	725	1
2557	8619	8621	1
1316	1318	1319	1
8893	9023	9046	1
4657	4659	6118	1
5181	5186	8477	1
5234	6834	8042	1
4795	5048	5968	1
5215	5640	5641	1
828	8483	8570	1
4390	5699	9550	1
1318	1320	1321	1
4366	4367	4368	1
371	372	8343	1
2921	3329	8952	1
4026	8673	8674	1
2489	2490	2491	1
2489	3453	8160	1
4994	6600	8826	1
5333	7237	7238	1
4352	4803	4923	1
2595	2597	2598	1
8253	8254	8255	1
813	818	8520	1
4371	4372	4373	1
2481	2482	2483	1
4091	4092	8588	1
1172	1174	5988	1
4982	6450	9208	1
1884	5323	6159	1
2193	2195	8875	1
2365	2366	2544	1
4345	4346	4347	1
368	369	419	1
2752	5022	9052	1
4012	4164	4795	1
725	728	731	1
2223	2260	8832	1
2432	2795	2797	1
5030	6576	8574	1
5683	6763	9178	1
370	371	537	1
4427	4428	4429	1
4659	6118	8099	1
6763	9178	9179	1
3475	3986	5736	1
4341	4343	6474	1
4735	5200	5872	1
4946	5657	8911	1
1309	1310	1311	1
4655	4657	8740	1
5355	5356	7127	1
1321	1322	1327	1
7365	8798	9366	1
2619	3633	8893	1
2013	2150	2151	1
867	876	8473	1
1202	1204	2065	1
4501	4503	8561	1
3789	3790	4109	1
2629	4401	8889	1
4347	4348	4831	1
3931	3932	8811	1
2362	8691	8692	1
4723	6835	6881	1
3933	4299	8998	1
4369	4370	4371	1
1214	1215	1277	1
1316	1317	1318	1
2017	2077	2111	1
2195	8872	8873	1
2040	2042	8836	1
2058	2146	8739	1
4921	4922	5355	1
5232	5361	8308	1
758	761	768	1
4464	10409	10477	1
5699	5701	8631	1
8602	8604	8605	1
820	4473	8553	1
4367	4368	4369	1
4340	4341	4342	1
5848	5850	5998	1
828	858	8483	1
1940	2013	2150	1
2233	2234	2378	1
2679	7483	7484	1
3457	3458	3789	1
2483	2484	2485	1
4307	5234	5235	1
1239	8751	8753	1
2500	2502	2504	1
3456	3742	4444	1
3650	4602	5762	1
4444	4445	4446	1
4807	5505	5506	1
731	732	758	1
927	939	9287	1
1904	1906	5598	1
2282	2284	3360	1
1271	1289	8659	1
4367	4726	8602	1
5232	5233	6836	1
8252	8254	8257	1
2492	2494	2495	1
2498	2500	8358	1
822	824	8593	1
1198	1200	3676	1
1955	2008	2017	1
2492	2495	8093	1
4654	4655	6115	1
1940	1941	2013	1
1337	7065	7461	1
2146	8739	8902	1
2641	3181	3707	1
5186	8477	8479	1
717	718	721	1
6755	10713	10724	1
2477	2480	2481	1
4521	6573	9113	1
2150	2151	2152	1
2289	2290	2291	1
936	3657	9301	1
2235	2236	2365	1
2362	8848	8901	1
1311	1312	1313	1
1939	3356	8819	1
2432	2797	2798	1
4429	4430	4431	1
1906	1940	8672	1
1314	1315	1316	1
1426	1427	1735	1
2295	2297	8522	1
876	886	887	1
917	924	3710	1
809	8520	8521	1
887	8473	8474	1
1247	3327	7762	1
1329	1331	1332	1
435	8446	8447	1
3973	4340	4341	1
2043	8741	8742	1
2185	2186	2235	1
4380	4869	5236	1
1363	1364	1426	1
2295	2296	2297	1
5240	8513	8514	1
2518	5022	8743	1
952	8261	9301	1
2378	2379	2628	1
2605	2606	8984	1
1332	1333	1336	1
2224	2261	4035	1
2291	2292	2293	1
4471	5231	8650	1
6033	7334	7335	1
4522	8339	8340	1
1174	5988	11247	1
858	3440	8483	1
4245	4247	5047	1
2284	2286	8249	1
4121	5056	6556	1
2151	2152	2233	1
2628	2629	2891	1
2885	3931	3932	1
703	706	707	1
2261	2431	2432	1
2595	2598	8496	1
4109	4111	4654	1
4361	4363	5242	1
4373	4374	4375	1
4657	6118	8740	1
5467	8234	8235	1
2284	2285	2286	1
2735	2990	8683	1
1324	1326	3474	1
2165	2174	8872	1
3440	8483	8484	1
4365	4726	9013	1
858	867	3440	1
707	710	713	1
732	762	9161	1
1343	1344	1363	1
5845	5847	5853	1
2728	2964	8885	1
4026	8674	8969	1
4368	4369	4370	1
5459	7322	8788	1
2286	2288	2289	1
4109	4654	8194	1
699	702	703	1
4216	4405	5028	1
689	693	9078	1
1276	8748	9361	1
1906	1907	1940	1
3710	3818	6637	1
6031	6032	6758	1
4501	4502	4503	1
1314	1316	1317	1
713	714	717	1
809	813	8520	1
2224	2260	2261	1
2379	2628	2629	1
5630	6769	9125	1
4096	4098	9376	1
813	817	818	1
1228	3605	8949	1
2183	2184	2185	1
5501	8866	10127	1
6029	6030	6031	1
2090	6612	8829	1
4923	6475	7522	1
5626	7301	7302	1
1186	1187	1214	1
1348	1366	8508	1
2471	2473	4071	1
5237	6839	8688	1
818	820	4473	1
5128	6564	9324	1
3329	3354	4009	1
6015	6017	6518	1
2293	2294	2295	1
3710	6637	7983	1
3938	3940	4304	1
1398	5623	8924	1
4371	4373	5241	1
4375	4377	5240	1
3991	4306	4307	1
5370	5372	8844	1
4173	4174	4899	1
4471	4472	5229	1
4726	8602	8603	1
5736	8465	8466	1
876	887	8473	1
2135	2223	2224	1
1425	3464	4404	1
4503	4806	4807	1
5232	6836	8308	1
1280	1281	1299	1
4370	4371	4372	1
4638	8392	8393	1
818	819	820	1
2892	3938	3939	1
5840	5841	5842	1
5847	5853	9042	1
695	696	699	1
1425	4915	9265	1
3938	3939	9220	1
5368	5370	7375	1
4304	4305	5232	1
1986	2135	8408	1
2234	2378	2379	1
2435	2720	2721	1
2629	2891	2892	1
4468	4470	4471	1
1210	1211	1212	1
3885	4335	6158	1
1322	1327	8633	1
2411	2413	8970	1
5177	5178	5179	1
8446	8447	8448	1
8448	8449	8450	1
8743	8744	8860	1
1906	5598	8672	1
2046	2047	2048	1
2152	2233	2234	1
1239	8751	8799	1
4342	4343	4345	1
2495	3454	8093	1
4468	4471	8650	1
789	791	1136	1
803	806	2446	1
2041	2043	8741	1
5057	5090	6755	1
701	705	8867	1
824	825	826	1
1999	2342	8819	1
2413	2993	8838	1
4654	6116	8194	1
2289	2291	2292	1
4304	5232	5233	1
4981	6562	9072	1
1327	3560	3561	1
5028	5362	6033	1
772	774	8547	1
2177	2320	2321	1
3298	4214	4467	1
4028	4946	8911	1
5184	6416	7356	1
7437	8461	8462	1
8393	8751	8799	1
4095	4096	4097	1
4899	4900	6743	1
5229	5231	6837	1
4372	4373	4374	1
4469	6665	6666	1
2721	3354	8899	1
5701	5702	5801	1
1963	2062	8920	1
2086	2146	2177	1
2891	2892	3938	1
4102	4216	4405	1
5236	5237	8688	1
2721	2921	3329	1
4471	5229	5231	1
4522	8340	8651	1
6906	7286	7287	1
1379	1380	1381	1
1999	2110	2342	1
8253	8255	8258	1
2350	3751	8852	1
2109	4532	8730	1
2628	2653	8993	1
5181	5182	5186	1
826	1379	1380	1
2486	2488	2489	1
3475	5736	8465	1
5237	5239	6839	1
4405	5028	5362	1
8443	8444	8445	1
1312	1314	1315	1
3636	4148	9131	1
1331	1334	8400	1
3997	5624	8952	1
4360	4362	5346	1
6637	6780	8046	1
1920	1986	5551	1
2297	2298	2299	1
2618	3648	8970	1
5236	8511	8512	1
3561	3562	4245	1
1416	1425	3464	1
2564	3298	9305	1
5028	6033	8377	1
5699	5700	5701	1
1150	1161	1162	1
8294	8295	8296	1
8377	8378	8380	1
778	1392	8552	1
2289	2292	8927	1
1134	1149	1150	1
2503	8806	9407	1
1119	1124	1125	1
1268	1269	1280	1
4467	4468	4469	1
820	821	822	1
821	822	823	1
2496	2498	8806	1
1125	1133	1134	1
4016	4017	4876	1
4375	5240	8657	1
1162	1170	1171	1
1366	3600	4016	1
4869	5236	5237	1
5233	6836	6904	1
1402	1416	8649	1
2260	2261	2431	1
3932	4306	8811	1
4375	4376	4377	1
5179	5180	5181	1
822	823	824	1
2293	2295	2361	1
2721	3329	3354	1
3602	8659	8660	1
2413	8838	8970	1
1379	1381	8850	1
2049	2050	2058	1
1189	1220	1221	1
2598	2599	2600	1
3973	4341	8298	1
4831	6298	6299	1
4865	10670	10679	1
2297	2299	3476	1
4832	5625	8801	1
1226	1228	8949	1
2044	2045	2046	1
4226	4955	8885	1
367	368	8278	1
2431	2432	2795	1
2546	2884	2885	1
3986	4351	4352	1
1382	2962	8758	1
1416	1417	1425	1
4121	6556	8516	1
4380	5236	8511	1
1380	1381	1382	1
4501	8561	8562	1
824	826	1379	1
2042	2045	8836	1
4472	5229	5230	1
5657	8912	9239	1
1347	1348	1366	1
3329	4009	4211	1
5847	5849	9042	1
819	820	821	1
782	784	3446	1
4214	4467	4468	1
1236	1276	8746	1
2045	2046	2051	1
4010	4629	4630	1
2064	2182	2183	1
2389	2556	2557	1
5849	8293	8294	1
1387	1388	1391	1
4832	5624	5625	1
8338	8339	8341	1
3298	4213	4214	1
4993	4994	8826	1
728	732	9161	1
4978	4981	9072	1
8621	8622	8623	1
2048	2049	2050	1
5231	6837	6903	1
1347	1366	3600	1
2498	8358	8806	1
4101	4102	4216	1
4363	4365	9013	1
5846	5848	5850	1
761	766	9899	1
2379	2652	8889	1
4365	4367	4726	1
2294	2295	2296	1
8257	10243	10312	1
1173	1175	1186	1
4305	5232	5361	1
7301	7302	7303	1
4877	5364	5460	1
5333	7238	8272	1
2047	2048	2049	1
2195	8873	8874	1
2292	2293	2294	1
2502	2504	2505	1
2628	2891	8993	1
2992	6024	8852	1
4364	4366	5347	1
1233	3796	8971	1
4836	4839	8666	1
5656	5657	9517	1
823	824	825	1
1238	1244	3602	1
2507	2510	10518	1
4753	4754	4755	1
1289	1290	8892	1
2286	2289	8927	1
2292	4475	8927	1
3354	4009	4010	1
3457	3742	8863	1
2225	2405	8599	1
2558	2560	2627	1
2050	2058	2086	1
2058	2086	2146	1
2494	2495	2496	1
3464	4404	5382	1
4624	5057	5090	1
4847	5596	8706	1
5624	5625	5626	1
5626	6363	7301	1
698	701	2445	1
924	3710	3818	1
2405	2745	2746	1
4755	4756	4757	1
6026	7074	7080	1
2040	2041	2042	1
2296	2297	2298	1
5838	5839	5840	1
8561	8562	9851	1
8660	9730	9767	1
8949	10283	10350	1
1381	1382	1383	1
2288	2289	2290	1
3940	4304	4305	1
8846	9985	10088	1
1391	2038	3581	1
2305	2389	8618	1
6474	8298	8598	1
8619	8621	8622	1
4231	4255	4501	1
5724	5733	8333	1
2564	3297	3298	1
1081	1118	1119	1
3676	8505	10771	1
1278	1282	1343	1
2227	2417	8829	1
2301	2303	2362	1
2345	2346	8830	1
8392	8393	8394	1
2042	2044	2045	1
4473	8520	10314	1
4879	5459	5655	1
1965	2064	8784	1
4009	4010	4629	1
4532	7893	10335	1
1198	3676	9573	1
4211	8797	8952	1
4352	4802	4803	1
2299	2300	2301	1
817	818	819	1
1290	1346	1347	1
2146	2177	2320	1
2990	2991	3793	1
3818	6637	6780	1
4097	4098	4099	1
4630	6015	6016	1
4841	5615	8665	1
1220	1221	1222	1
2490	2491	2492	1
2891	3938	3940	1
2998	4624	5057	1
4370	5348	8941	1
5047	5058	6037	1
2150	2152	4026	1
1402	1415	1416	1
1397	5687	9159	1
1907	1940	1941	1
1271	1288	1289	1
1386	1387	1388	1
1962	1963	2061	1
4100	4101	4102	1
9072	10116	10122	1
886	917	8530	1
2320	2321	2433	1
4098	4099	4100	1
4498	8764	9519	1
6977	6979	8655	1
8339	8341	8342	1
1234	1236	1276	1
1313	1686	3475	1
2223	2224	2260	1
3884	4326	4327	1
4875	6308	9465	1
2991	3793	3794	1
693	694	695	1
1304	1307	9535	1
2299	3476	8691	1
2571	2654	2735	1
3475	3985	3986	1
5071	6136	8607	1
1904	1905	1906	1
2745	2746	2998	1
4955	4956	5722	1
5372	6424	8844	1
826	8570	9211	1
3790	4109	4111	1
4017	4876	4877	1
6017	6518	7282	1
8618	8619	8620	1
4121	4157	5056	1
5724	5725	5733	1
6424	8896	8897	1
1350	1362	5587	1
4470	4471	4472	1
4955	5722	6531	1
1288	1289	1290	1
3793	3794	4091	1
4515	8608	8609	1
4095	4097	5063	1
8620	8848	8901	1
2174	2193	2195	1
2603	3338	7879	1
4094	4095	4096	1
4096	4097	4098	1
4431	5381	8749	1
5657	8911	8912	1
2350	2352	8852	1
4521	6572	6573	1
5071	6102	6136	1
6665	7902	7903	1
774	778	1392	1
1315	1316	8528	1
2121	2165	4498	1
2433	2435	2720	1
2556	2557	2558	1
6904	6905	6906	1
1902	4522	8651	1
4661	4662	4663	1
4226	4952	4955	1
4380	4868	4869	1
8201	8203	8204	1
8548	8550	8551	1
2348	2350	3751	1
2654	2735	2736	1
4282	4300	4763	1
4404	4915	5360	1
5596	10055	10062	1
816	1920	8982	1
1305	1306	1337	1
1387	1391	2037	1
1397	1398	1475	1
4847	4849	5596	1
4922	5475	8000	1
1759	1760	1962	1
2121	4498	8764	1
2321	2433	2435	1
4629	4630	6015	1
4751	4752	4753	1
5728	7345	7437	1
6573	9113	9311	1
1391	2037	2038	1
1425	4404	4915	1
2062	2191	2192	1
5626	7302	8797	1
7237	7238	7309	1
2246	2380	2381	1
5372	5374	6424	1
1244	3602	8659	1
2679	4929	7483	1
8394	8751	8752	1
1385	1386	1387	1
4374	4375	4376	1
5239	6839	6909	1
701	2445	8867	1
9197	9438	9508	1
1321	3560	8624	1
2294	4475	8995	1
2366	2544	2546	1
1920	5551	8982	1
3997	3998	4832	1
4092	4094	4095	1
5367	5368	5369	1
1310	3557	8828	1
2285	2286	2288	1
1366	4016	4464	1
3452	9713	9719	1
5733	6626	6628	1
767	772	3444	1
886	887	8530	1
917	918	924	1
1229	1889	9162	1
1390	1397	1398	1
2290	2291	3555	1
2389	2555	2556	1
2735	2736	2990	1
4909	8887	8888	1
5333	5334	7237	1
5497	7615	7899	1
1388	1389	1390	1
2038	2039	2040	1
2043	8742	9104	1
8608	8610	8611	1
1383	1384	1385	1
1476	1757	1758	1
1998	2109	4532	1
2090	2227	8829	1
2286	8249	8927	1
4214	4468	4470	1
4845	8706	8846	1
3297	3298	4213	1
2041	2042	2043	1
3605	8865	8866	1
5090	6755	6768	1
1246	1247	1268	1
2528	2533	2534	1
2593	2595	8496	1
4016	4876	8825	1
4508	8893	9046	1
5683	6762	6763	1
1384	1385	1386	1
2405	2406	2745	1
3772	6065	9597	1
3827	4666	5938	1
4390	4668	5699	1
4469	6485	6665	1
5067	6101	8756	1
7445	7446	7518	1
2990	3793	4257	1
5843	5844	5851	1
4519	5664	5665	1
4839	4841	8665	1
8884	10158	10160	1
2345	2570	2571	1
3455	3457	3458	1
4519	5665	9241	1
1244	1271	8659	1
1420	6063	9340	1
2518	2752	5022	1
1758	1759	1760	1
2348	2349	2350	1
5625	5626	6363	1
1289	8659	9515	1
2227	2416	2417	1
2236	2365	2366	1
4211	8797	9775	1
5505	5506	6322	1
3329	4211	8952	1
3458	3789	3790	1
4955	6531	8885	1
1299	1300	3443	1
1302	1304	1305	1
1398	1475	1476	1
2305	2388	2389	1
2621	2754	4121	1
4879	5655	9189	1
5286	7063	7064	1
1232	1234	9361	1
1415	1416	1417	1
2042	2043	2044	1
4376	4377	4379	1
2061	2062	2191	1
2321	2435	2436	1
1346	1347	1348	1
2234	2379	2652	1
3600	4016	4017	1
4111	4654	4655	1
5850	5998	5999	1
1398	1476	8924	1
1760	1962	1963	1
3997	4832	5624	1
4104	4106	4853	1
5387	7824	10431	1
5725	5733	6626	1
6562	6563	8883	1
1221	1223	9425	1
2298	2299	2300	1
933	2176	9514	1
1386	1388	1389	1
1739	1954	1955	1
4865	5541	6425	1
1424	1752	1904	1
2041	2324	8741	1
2050	2086	2188	1
2352	2992	8852	1
2417	2620	2621	1
6906	7285	7286	1
1390	1398	5623	1
1416	3464	8649	1
1476	1758	1759	1
1986	5551	8408	1
4216	5028	5088	1
5286	7064	9213	1
1220	1902	8651	1
44	546	8976	1
1939	1999	8819	1
4092	4095	8588	1
4099	4100	4101	1
5067	5068	8756	1
5237	5238	5239	1
2352	2413	2992	1
2378	2628	2653	1
5665	7445	7446	1
5923	5924	5925	1
4636	4637	4859	1
4735	5872	9089	1
5034	6471	8722	1
1228	1230	3605	1
1389	1390	1397	1
2044	2046	2047	1
3792	4605	8391	1
4841	4843	5615	1
4877	4878	5364	1
4629	6015	6017	1
2058	2216	8739	1
6299	7056	7057	1
2419	2518	8743	1
2673	2677	2679	1
2752	3827	9052	1
5362	6033	7334	1
1760	1963	2066	1
5071	6101	6102	1
5088	8378	8379	1
2349	2350	2351	1
3197	3972	3973	1
1244	1270	1271	1
1321	1327	3560	1
2301	2302	2303	1
2352	2411	2413	1
2998	3640	4624	1
8258	8259	8260	1
1380	1382	2962	1
4377	4379	4380	1
8752	8753	8754	1
1229	1231	9162	1
4708	4709	4710	1
4981	4993	6562	1
8608	8609	8610	1
2619	2984	2985	1
2993	4105	8838	1
4915	5360	6462	1
1382	1384	8758	1
2233	3547	8950	1
2303	2304	2305	1
6531	8885	9564	1
6562	9072	10122	1
1476	1759	8924	1
4363	5242	9013	1
4859	4860	6026	1
2151	2233	3547	1
5364	5365	5366	1
5656	9517	9519	1
1323	1325	3352	1
2351	2352	2411	1
4352	4923	8453	1
1208	1209	1210	1
2347	2348	2349	1
3636	4029	9131	1
2039	2040	2041	1
2225	2226	2405	1
5371	5372	5373	1
7378	7379	7689	1
8295	8296	10418	1
1382	1383	1384	1
3794	4091	4092	1
4956	5722	5723	1
2350	2351	2352	1
3562	4245	4247	1
7771	7773	7774	1
2571	2735	3585	1
4260	5067	5071	1
5851	6727	8803	1
2191	2345	2570	1
2992	4103	6024	1
2192	2345	2346	1
5590	8899	9595	1
683	685	4489	1
1237	1243	8799	1
1759	1962	4490	1
2346	2347	2348	1
2488	2489	2490	1
2618	2619	2984	1
4299	5177	5178	1
5067	5071	6101	1
5459	5655	8788	1
5844	5851	9507	1
1391	3581	8720	1
1905	1906	1907	1
2291	3555	9251	1
4092	4093	4094	1
4977	9072	10116	1
6017	7282	7283	1
2152	2234	8969	1
2667	2669	2675	1
4866	6029	6030	1
5835	5837	5838	1
4993	6562	6563	1
6032	6758	6759	1
6425	7391	7441	1
2191	2192	2345	1
2629	2892	4401	1
4259	4260	5067	1
5664	5665	6456	1
45	46	407	1
1381	1383	2834	1
2992	2993	4103	1
6030	6031	6032	1
867	868	876	1
4643	8932	8933	1
5722	5723	5724	1
1234	1235	1236	1
1301	1303	6054	1
2037	2038	2039	1
2234	2652	8969	1
1243	8799	9065	1
1326	1329	9124	1
5128	5805	6564	1
5367	5750	9730	1
1222	1223	1224	1
2192	2346	2347	1
2411	2412	2618	1
2581	2582	2583	1
4103	4104	9174	1
4341	6474	8298	1
1979	2090	6612	1
2618	2984	3648	1
3788	4217	9197	1
5841	5842	5843	1
2736	2990	2991	1
4361	5242	8658	1
5925	7406	7408	1
2184	2185	2186	1
2186	2235	2236	1
3772	4614	6065	1
4362	4364	9572	1
2165	4498	8872	1
2921	3696	3997	1
4099	4101	4643	1
5088	8379	8932	1
1224	1226	1273	1
1783	5671	8996	1
2993	4104	4105	1
4098	4100	4516	1
4803	5053	8774	1
5723	5724	5725	1
1224	1225	1226	1
4845	4847	8706	1
5043	6164	6171	1
1290	1345	1346	1
1424	1904	9110	1
2152	4026	8969	1
2720	2721	2921	1
2300	2301	2302	1
2990	4257	8683	1
1987	3792	4638	1
3791	5707	9136	1
4102	4405	4909	1
4259	5067	5068	1
5178	5179	5180	1
5368	5369	5370	1
2062	8919	8920	1
2484	2485	2486	1
2577	2578	2579	1
4710	5038	5052	1
1760	2066	8925	1
3827	5938	9052	1
7446	9241	9376	1
704	705	708	1
1963	2061	2062	1
2195	8874	8875	1
2993	4103	4104	1
3640	4624	6669	1
4933	5636	9158	1
5625	7214	8801	1
5641	5642	5643	1
1475	1476	1757	1
2146	2320	8902	1
2482	2483	2484	1
4106	4107	4259	1
5180	5181	5182	1
5366	5367	5368	1
1306	1337	8956	1
2570	2571	2654	1
1420	4119	6063	1
2711	3196	3197	1
4429	4431	8749	1
4659	4660	4661	1
4706	4707	4708	1
5370	5371	5372	1
1392	8548	8549	1
2558	2559	2560	1
5374	6424	8896	1
8751	8752	8753	1
701	704	705	1
5379	5635	8847	1
688	690	691	1
2292	2294	4475	1
4029	4934	6000	1
2413	2992	2993	1
2480	2481	2482	1
4173	4899	8909	1
4016	4464	8825	1
4164	4165	9105	1
4379	4380	4868	1
5630	6701	6769	1
1230	3605	8865	1
1757	2120	2121	1
2296	2298	2566	1
4093	4094	4519	1
828	829	858	1
4848	4863	9415	1
5968	5969	7054	1
876	877	886	1
2654	2736	3337	1
6905	6906	7285	1
4802	4803	5303	1
5372	5373	5374	1
6457	10412	10645	1
1271	1287	1288	1
2740	3768	5630	1
8393	8394	8751	1
2984	2985	4149	1
3998	4832	4833	1
2754	4121	4157	1
4104	4105	4106	1
6450	9208	9362	1
8303	9110	9265	1
1310	1312	8828	1
2564	2565	3297	1
708	709	711	1
3696	3997	3998	1
2351	2411	2412	1
771	773	2163	1
2302	2303	2304	1
4107	4259	4260	1
1236	1237	1238	1
2294	2296	8995	1
6485	6665	7902	1
1226	1227	1228	1
1230	1231	1232	1
1232	1233	1234	1
1276	8747	8748	1
2388	2389	2555	1
4952	4955	4956	1
5665	7446	9241	1
4017	4877	4878	1
5656	9135	9519	1
46	47	9381	1
809	812	813	1
1318	1321	8624	1
2891	3940	8993	1
3788	9197	9508	1
4869	5237	5238	1
3354	4010	5590	1
4351	4352	4802	1
5710	6305	6337	1
812	816	8982	1
803	805	806	1
1221	1222	1223	1
2671	2673	8822	1
4102	4909	8887	1
4105	4106	4107	1
1238	1243	1244	1
2619	2985	3633	1
1317	1318	8624	1
1330	1340	5552	1
4100	4102	8887	1
5365	5366	5367	1
5625	6363	7214	1
2121	2164	2165	1
2572	9670	9733	1
4467	4469	6485	1
4521	5597	6572	1
2174	2175	2193	1
2481	8770	9719	1
5052	6022	6023	1
5664	6456	8277	1
8333	9809	9831	1
8548	8549	8550	1
1366	4464	8508	1
2193	2194	2225	1
2412	2618	2619	1
5615	8846	9985	1
3916	3957	4719	1
3973	4339	4340	1
689	692	693	1
2745	2998	3640	1
4546	4920	4921	1
2177	2321	8894	1
4028	4029	4933	1
886	888	917	1
2345	2571	8830	1
2381	2636	2637	1
4370	4372	8941	1
4428	4632	8910	1
1276	8746	8747	1
1348	1349	1350	1
4011	5709	5710	1
4980	4982	9208	1
5196	6823	6913	1
705	708	709	1
2556	2558	2559	1
4835	4837	5333	1
4880	7368	9366	1
3560	3561	3562	1
6251	6977	10786	1
8419	8420	8421	1
1086	1087	1088	1
2320	2433	2434	1
3634	3636	4148	1
44	45	8976	1
2562	2563	2564	1
4327	4725	5196	1
4979	5357	5728	1
2347	2349	5638	1
4095	5063	8588	1
4247	5047	5058	1
5233	6904	6905	1
4878	5364	5365	1
1058	1080	1081	1
1389	1397	5687	1
2182	2183	2184	1
3735	4227	5730	1
2165	2173	2174	1
3797	4637	9691	1
4806	4807	5505	1
5683	6045	6762	1
5849	8294	9042	1
1206	1207	1208	1
1226	1273	8949	1
4994	6599	6600	1
5233	6905	9220	1
1738	1876	9525	1
2045	2051	3359	1
3299	3304	4879	1
3633	3635	4508	1
8665	8666	9651	1
700	701	704	1
2412	2619	8893	1
791	798	799	1
858	859	867	1
8256	10166	10321	1
1084	1085	1086	1
4107	4260	4515	1
4255	4501	4502	1
5376	5377	5378	1
929	936	3657	1
4946	5656	5657	1
1350	1361	1362	1
1386	1389	9156	1
4093	4519	4525	1
5066	6764	6765	1
711	712	715	1
813	816	817	1
2653	8993	8994	1
831	833	2826	1
2049	2058	2216	1
2293	2361	9251	1
5374	5375	5376	1
927	929	9287	1
1075	1076	1083	1
2047	2049	8990	1
4368	4370	5348	1
7509	10222	10382	1
1228	1229	1230	1
2507	2509	2510	1
4028	4933	4946	1
4372	4374	5349	1
5339	6538	6539	1
8610	8612	8613	1
42	43	9128	1
4498	8872	9135	1
4502	4503	4806	1
6542	9460	9756	1
691	697	698	1
698	700	701	1
1220	1222	8651	1
1225	1226	1227	1
1392	8549	8552	1
2304	2305	2388	1
4226	4951	4952	1
8610	8611	8612	1
1237	1239	8799	1
2297	3476	8522	1
2637	2893	2894	1
8612	8613	8614	1
1075	1083	1147	1
5034	5339	8722	1
5235	5294	6157	1
4879	4880	5459	1
43	44	546	1
5665	6456	7445	1
1223	1224	1225	1
1759	4490	8924	1
2560	2561	2562	1
2583	2585	2586	1
4029	6000	9131	1
5374	5376	8896	1
7487	7489	7490	1
799	802	803	1
1230	1232	8865	1
2066	8920	9239	1
3640	9100	9125	1
3792	4256	4605	1
3985	3986	4351	1
5459	5465	7322	1
5700	5701	5702	1
5715	5717	9786	1
8378	8380	8381	1
2226	2405	2406	1
2571	3585	8830	1
3633	3634	3635	1
1686	3475	3985	1
1311	1313	1686	1
6363	7214	7312	1
781	783	787	1
3768	5630	6701	1
2135	2222	2223	1
1419	9110	9265	1
3636	4028	4029	1
3646	8433	9484	1
4342	4345	5284	1
2416	2417	2620	1
5636	5656	9135	1
7239	7240	7241	1
709	711	712	1
1384	8758	9156	1
2559	2560	2561	1
2620	2621	2754	1
4526	5034	5339	1
1069	1075	9468	1
1402	1414	1415	1
5034	5066	6471	1
1091	3788	9064	1
1229	1230	1231	1
2049	2216	8990	1
8294	8296	8297	1
697	698	700	1
4915	8303	9265	1
5361	8309	8310	1
806	808	809	1
1227	1228	1229	1
1987	3791	3792	1
2062	2192	8919	1
925	927	939	1
1053	5669	9573	1
4304	5233	9220	1
5716	6301	9509	1
5725	6626	6627	1
2233	2378	8950	1
1307	3730	9535	1
4668	5699	5700	1
3932	3990	3991	1
928	2176	9281	1
1076	1083	1084	1
1362	1401	1402	1
2045	3359	8836	1
2505	2506	2507	1
3940	4305	5639	1
4029	4933	4934	1
4834	8666	9298	1
4848	4850	9415	1
1231	1233	3796	1
1346	1348	1349	1
2194	2225	2226	1
6471	6764	7202	1
1237	1238	1243	1
4666	5938	5939	1
5222	6277	6278	1
5378	5634	7384	1
4526	5339	6538	1
5058	6037	6731	1
5066	6471	6764	1
5878	8847	10350	1
1986	2134	2135	1
4525	6542	9460	1
4655	4656	4657	1
4657	4658	4659	1
782	783	784	1
1083	1084	1085	1
2120	2121	2164	1
1417	1418	1419	1
4837	5333	5334	1
15	16	9132	1
1235	1236	1237	1
2039	2041	2324	1
2303	2305	8901	1
5682	5683	6045	1
3998	4834	9298	1
4439	6123	8199	1
4841	4842	4843	1
5707	9136	9447	1
8254	8255	8256	1
1345	9136	9447	1
4427	4429	6443	1
4836	4838	4839	1
4225	4953	9031	1
5839	5840	5841	1
1233	1234	1235	1
2720	2921	3696	1
4956	5723	5885	1
684	686	4474	1
2164	2165	2173	1
3634	3635	3636	1
1231	1232	1233	1
1233	1235	8971	1
1270	1271	1287	1
2510	2525	2526	1
3635	3636	4028	1
4833	4834	4835	1
4993	6563	8826	1
772	3444	8547	1
789	790	791	1
8255	8258	8259	1
40	41	9168	1
45	407	8976	1
3304	4879	4880	1
3794	4092	4093	1
4605	5936	5997	1
5373	5375	5501	1
5666	6543	8251	1
419	8280	8281	1
825	827	828	1
1270	1287	1987	1
4703	5221	5222	1
1385	10158	10219	1
4217	5034	5066	1
2555	2567	7374	1
1235	1237	1239	1
2985	3633	3634	1
4847	4848	4849	1
784	788	789	1
1475	1757	2120	1
1204	1205	1206	1
1243	1244	1270	1
1288	1290	1345	1
4978	4980	4981	1
2320	2434	8902	1
5377	5379	5878	1
774	777	778	1
3791	4256	5707	1
5373	5374	5375	1
4981	4982	4993	1
1171	1173	1175	1
2175	2193	2194	1
2559	2561	3638	1
1384	1386	9156	1
5362	7334	7348	1
7240	7241	7427	1
8441	8443	8444	1
1090	1091	1092	1
1308	1310	3557	1
1920	1985	1986	1
4843	4844	4845	1
4982	4993	4994	1
4866	6030	9516	1
2302	2304	3684	1
3600	4017	9393	1
778	781	782	1
936	952	9301	1
1898	3788	4217	1
2985	4149	9039	1
4376	4379	5298	1
1735	1938	8275	1
2511	6484	9314	1
2561	2562	2563	1
3196	3197	3972	1
2362	8692	8848	1
5357	5728	7345	1
43	546	9128	1
2609	2648	3552	1
4845	4846	4847	1
1084	1086	1087	1
1085	1086	5682	1
2563	2564	2565	1
1417	1425	9265	1
2436	8894	8895	1
4157	4158	5126	1
5379	5878	8847	1
5708	9393	9515	1
711	715	1242	1
1752	1904	1905	1
4519	4525	5664	1
4850	4978	4979	1
4933	4934	9158	1
5501	10015	10127	1
5369	5370	5371	1
790	798	1912	1
1085	5683	9178	1
4470	4472	5350	1
41	42	461	1
2556	2559	9075	1
3600	8892	9393	1
1783	1985	5671	1
1086	1088	9064	1
1088	1090	1091	1
3300	4403	4521	1
4880	5459	5465	1
1332	1336	5610	1
2565	3297	3299	1
4217	4526	5034	1
4839	4840	4841	1
1287	1987	3791	1
4217	5066	9197	1
2351	2412	9023	1
3638	7479	10222	1
3648	8970	9587	1
1174	11246	11247	1
4933	4946	5636	1
925	939	9007	1
1091	1898	3788	1
3297	4213	9189	1
4923	7522	8453	1
768	831	9704	1
1222	1224	9335	1
6531	9564	9670	1
2173	2175	2572	1
2991	9460	9756	1
6417	6419	7354	1
6563	8883	8884	1
8340	8651	9335	1
772	773	774	1
5239	6909	7255	1
6136	8607	8615	1
1381	2834	8850	1
2361	8524	9251	1
1389	5687	9156	1
1415	1417	1418	1
3972	3973	4339	1
5936	5997	6756	1
6251	6976	6977	1
2173	2174	2175	1
3742	4445	9516	1
5303	6338	7106	1
1239	8753	8971	1
2559	3638	9075	1
4293	4702	4703	1
4977	4978	9072	1
4988	6632	6633	1
3602	8746	9767	1
2388	2555	2567	1
3735	5730	9614	1
4344	5713	9047	1
4543	4545	5834	1
4762	5214	5215	1
5184	5185	6416	1
5367	5369	5750	1
5597	7365	7366	1
1227	1229	1889	1
5465	7322	7369	1
6278	6893	6894	1
1419	1424	9110	1
2677	2679	4929	1
4174	4899	4900	1
4756	4757	10639	1
4849	4850	4977	1
5666	6542	6543	1
2565	3299	3300	1
685	686	688	1
3998	4833	4834	1
690	691	697	1
4446	4865	5541	1
1085	5682	5683	1
4803	5303	8774	1
3640	6669	9125	1
4017	4878	9393	1
2795	2796	3265	1
4834	4836	8666	1
2740	2964	3768	1
4946	5636	5656	1
5379	5634	5635	1
1349	1350	1361	1
2291	2293	9251	1
2964	4225	4226	1
3300	3304	4403	1
2361	8523	8524	1
3791	3792	4256	1
4100	4516	8887	1
4225	4226	4951	1
4256	4605	5936	1
5363	6453	7382	1
3938	4304	9220	1
5182	5183	5184	1
688	689	690	1
929	3657	9287	1
3304	4880	9366	1
5596	8706	10055	1
819	821	3704	1
926	928	9281	1
1088	1091	9064	1
7063	7064	7307	1
4094	4519	9241	1
700	704	2171	1
6538	9360	9589	1
4835	4836	4837	1
2406	2728	2740	1
2572	8333	9809	1
4878	5365	5708	1
5334	7237	7239	1
5997	6756	6757	1
6977	6978	6979	1
2296	2566	8995	1
4403	4521	5597	1
5722	5724	9733	1
3657	9287	9288	1
4104	4853	9174	1
4376	5298	9094	1
1223	1225	3658	1
3955	4761	4762	1
5362	7348	9567	1
6298	6299	7056	1
1083	1085	9178	1
5638	8919	9555	1
5837	5838	5839	1
3299	3300	3304	1
4508	8911	8912	1
4662	4663	4901	1
2230	9469	9851	1
493	7768	7769	1
1211	1212	1246	1
2406	2740	9100	1
3300	4521	9113	1
4737	4752	9901	1
2567	7374	7451	1
1231	3796	9162	1
1987	4638	9065	1
2496	2497	2498	1
4838	4840	4852	1
8920	9239	9555	1
2412	8893	9023	1
3196	3972	9047	1
4473	10314	10324	1
1202	1203	1204	1
1938	8275	8859	1
3635	4028	8911	1
1200	1201	1202	1
2207	7841	10508	1
4542	4544	4546	1
5377	5378	5379	1
5378	5379	5634	1
6017	7283	9320	1
1091	1092	1898	1
2526	2528	2533	1
2555	2556	9075	1
4836	4837	4838	1
1328	1330	1340	1
683	684	685	1
798	802	9296	1
2134	2222	2340	1
2555	7374	9075	1
39	40	544	1
3768	4225	9031	1
4842	4844	4856	1
8358	8806	9166	1
933	940	9514	1
2109	2246	8730	1
4951	4952	5906	1
5375	5376	5377	1
767	771	772	1
4344	5287	5713	1
4880	5465	7368	1
2565	3300	9113	1
4525	5664	5666	1
4011	4012	9397	1
2321	2436	8894	1
4403	5597	7365	1
1277	1278	9120	1
2563	2565	9113	1
4846	4848	4863	1
5639	8993	8994	1
1147	9178	9179	1
2120	2164	4047	1
3298	4467	9305	1
4467	6485	9305	1
4623	4972	10900	1
4844	4845	4846	1
2226	2406	2728	1
2492	2493	2494	1
2500	2501	2502	1
5716	5718	9509	1
46	407	9381	1
1401	1414	1420	1
2260	8832	9665	1
1941	1964	1965	1
2419	8743	9584	1
4980	4981	4982	1
3338	3339	3916	1
5640	8433	10083	1
1420	3639	4119	1
4623	4971	4972	1
2378	2653	8950	1
3057	4173	4174	1
3188	4292	4293	1
4526	6538	9360	1
3768	6701	9031	1
2590	2591	2823	1
4900	6743	7184	1
1215	1277	1278	1
4297	4712	4713	1
5853	9042	9292	1
3354	5590	8899	1
1198	1199	1200	1
2047	8990	9104	1
2534	2577	2578	1
4834	4835	4836	1
4875	5789	6308	1
5718	6336	7078	1
2300	2302	9849	1
5853	8410	9292	1
5615	8665	9868	1
8609	9295	9587	1
1187	1214	1215	1
4978	4979	4980	1
7518	7520	10307	1
1401	1402	1414	1
1898	4217	4526	1
5846	5850	9507	1
7437	8462	10411	1
6450	6599	7415	1
4744	6250	6251	1
4846	4847	4848	1
1124	1125	1133	1
1133	1134	1149	1
1361	1362	1401	1
1979	2021	2090	1
8912	9046	9555	1
1149	1150	1161	1
4221	4971	4976	1
4374	4376	9094	1
5736	8466	9253	1
6476	9873	10007	1
7407	9713	9719	1
1094	9360	9589	1
1419	1423	1424	1
3972	4344	9047	1
8447	8448	8449	1
4713	4743	4744	1
5287	5714	9592	1
8294	8297	9042	1
5634	7384	7385	1
2090	2091	2227	1
6485	7902	8745	1
38	39	9145	1
4094	4096	9241	1
4225	4951	4953	1
4405	5362	9567	1
41	461	9168	1
1414	1420	3639	1
2021	2091	3718	1
4516	10304	10307	1
4840	4841	4842	1
4850	4977	4978	1
5522	5923	5924	1
1227	1889	9134	1
2091	3718	9584	1
1118	1119	1124	1
2728	2740	2964	1
6032	6759	9278	1
4247	5417	9656	1
4757	4758	6728	1
5638	9046	9555	1
1364	1426	1427	1
2304	2388	9391	1
4994	6450	6599	1
5066	6765	9197	1
5182	5186	9858	1
2964	3768	4225	1
1961	2021	9313	1
3939	9220	9275	1
4374	5349	9094	1
4508	8912	9046	1
4347	4831	6298	1
1312	1315	8828	1
2433	2720	9297	1
3635	4508	8911	1
4157	5056	9302	1
1349	1361	3800	1
4842	4843	4844	1
5851	6025	6727	1
692	693	694	1
1417	1419	9265	1
2388	2567	9391	1
3634	4148	9039	1
4915	6462	8303	1
5127	5129	6104	1
5717	5718	6145	1
37	38	416	1
1876	2469	9525	1
1907	1941	1964	1
2754	4157	4158	1
2498	2499	2500	1
2720	3696	9297	1
4979	4980	5357	1
5240	8514	8657	1
5906	10390	10426	1
1068	1116	1198	1
2043	2044	9104	1
1223	3658	9425	1
3772	4613	4614	1
8259	10232	10334	1
6045	9438	9508	1
1083	1147	9178	1
2894	3650	8589	1
3452	5519	9713	1
4339	5286	9213	1
5286	5287	7063	1
5357	7345	7346	1
2696	8533	9856	1
3940	5639	8993	1
5714	5716	6301	1
6299	6300	9254	1
4878	5708	9393	1
5715	5716	5717	1
823	825	827	1
928	933	2176	1
1344	1363	1364	1
2227	2228	2416	1
924	3818	9007	1
1080	1081	1118	1
3624	8775	9469	1
4119	4221	4623	1
4339	4340	9213	1
1161	1162	1170	1
2579	2581	2582	1
4643	8933	8934	1
4982	4994	6450	1
1735	1737	8275	1
5541	6425	7391	1
6145	6336	7418	1
1222	8651	9335	1
2044	2047	9104	1
940	1053	5669	1
4009	4629	9320	1
877	886	888	1
1302	1305	9806	1
2587	2589	2590	1
3788	9064	9508	1
4340	4342	9086	1
8838	9295	9587	1
2436	8895	9595	1
3972	4339	4344	1
5733	6628	9831	1
1209	1210	1211	1
4372	5349	8941	1
4838	4839	4840	1
2021	3718	9313	1
3297	3299	9189	1
5708	8660	9730	1
762	767	9082	1
4364	5347	9572	1
5465	7368	9390	1
1175	1186	1187	1
2349	5638	9023	1
4515	8609	9295	1
8618	8620	8901	1
4757	10639	10652	1
5713	5714	5715	1
1086	5682	9064	1
7056	7057	7442	1
5713	5715	9612	1
8919	8920	9555	1
1225	3658	9134	1
1307	1309	3730	1
2508	5986	5987	1
4656	4657	4658	1
34	35	486	1
1053	1068	9573	1
918	924	925	1
4221	4623	4971	1
4525	5666	6542	1
5185	6416	6417	1
805	808	811	1
1349	3800	9118	1
1282	1343	1344	1
1414	1415	9416	1
2349	2351	9023	1
4660	4661	4662	1
4848	4849	4850	1
8514	8657	9025	1
859	867	868	1
2711	2712	3196	1
6419	7354	7355	1
8892	9393	9515	1
4658	4659	4660	1
3299	4879	9189	1
4795	5968	5969	1
5287	7063	9592	1
6299	7057	9254	1
1225	1227	9134	1
1329	1332	9124	1
1427	1735	1737	1
2347	5638	8919	1
2431	2795	2796	1
4009	4211	9320	1
4737	4750	4751	1
6485	8745	9305	1
689	690	692	1
3639	4119	4221	1
1092	1094	9360	1
1224	1273	9335	1
4344	5286	5287	1
2517	2751	2753	1
4624	5090	9270	1
827	828	829	1
2223	2396	8832	1
3736	4228	4229	1
2678	2681	2682	1
5334	7239	7240	1
5030	6575	6576	1
33	34	9256	1
686	688	689	1
888	917	918	1
14	15	447	1
762	766	767	1
1965	2063	2064	1
2064	2181	2182	1
2885	3932	3990	1
805	806	808	1
926	9281	9672	1
1075	1147	9468	1
1751	1961	1979	1
2436	8899	9595	1
32	33	557	1
5657	9239	9517	1
6030	7643	9516	1
2238	2382	2383	1
2477	2479	2480	1
4971	4976	6541	1
5939	6760	6761	1
6575	6577	6578	1
42	461	9128	1
1303	1304	9535	1
1424	1751	1752	1
2008	2017	2077	1
4231	4254	4255	1
50	51	9646	1
816	1783	1920	1
2673	2674	2677	1
4229	4230	4231	1
5714	5715	5716	1
6531	9670	9733	1
829	858	859	1
2603	2626	3338	1
1069	8719	9468	1
3985	4351	4353	1
4289	4736	4737	1
2113	2237	2238	1
3196	3771	9047	1
1418	1419	1423	1
1423	6537	9608	1
2682	2683	2711	1
6905	7285	9275	1
762	9082	9161	1
5284	9086	9087	1
2712	3771	3772	1
4105	8838	9295	1
4390	4667	4668	1
694	695	696	1
4802	5303	6338	1
1232	8865	9361	1
2674	2678	2680	1
3462	6458	6459	1
4345	4347	9598	1
4429	6443	8749	1
7064	9213	9563	1
4629	6017	9320	1
2419	2517	2518	1
4158	5127	5128	1
30	31	424	1
3458	3790	4932	1
8764	8925	9519	1
816	817	1783	1
1783	1920	1985	1
1941	2013	9990	1
4158	5126	5127	1
5465	7369	9390	1
5702	6131	6132	1
817	819	8996	1
3455	3458	9407	1
4473	8553	10324	1
4339	4344	5286	1
5850	5999	6042	1
2518	2751	2752	1
6417	6418	6419	1
40	544	9168	1
2366	2546	2916	1
2683	2712	9597	1
5716	5717	5718	1
812	813	816	1
5844	5846	9507	1
684	685	686	1
790	791	798	1
1243	1270	9065	1
3647	4296	4297	1
5878	10190	10283	1
2304	3684	9391	1
4307	5235	5294	1
5128	5129	5805	1
788	789	790	1
1235	1239	8971	1
3278	4389	4390	1
4972	10902	10911	1
2134	2135	2222	1
5180	5182	5183	1
5227	10808	10823	1
1954	1955	2008	1
2669	2670	2671	1
2670	2672	3769	1
3562	4247	5417	1
2681	2683	2684	1
4213	10252	10311	1
4614	5913	6074	1
5183	5184	5185	1
2192	2347	8919	1
2433	2434	9297	1
4347	6298	9598	1
4988	6633	9581	1
5718	6145	6336	1
3462	6459	9414	1
2091	2228	9584	1
2228	2418	2419	1
868	876	877	1
3827	4389	4666	1
5805	10099	10132	1
8775	9469	9851	1
798	799	802	1
2561	3638	9311	1
2475	2476	2477	1
2667	2668	2669	1
3918	4288	4289	1
1985	1986	2134	1
6298	7056	7058	1
7769	7770	7771	1
1414	3639	9416	1
2712	3196	3771	1
3696	3998	9298	1
27	28	488	1
773	774	777	1
4545	5834	5835	1
821	823	9464	1
2502	2505	2506	1
2752	3278	3827	1
4111	4655	4656	1
696	699	702	1
2683	2684	9597	1
5924	5925	7406	1
1418	1423	6537	1
781	782	783	1
771	772	773	1
4097	5063	9839	1
808	809	812	1
1345	9118	9447	1
2486	2487	2488	1
2985	3634	9039	1
827	829	5758	1
2288	2290	3760	1
2416	2620	9325	1
4342	5284	9086	1
1979	6612	9608	1
1361	3800	9340	1
2184	2186	2230	1
2494	2496	2497	1
1415	1418	9416	1
1205	1206	1207	1
1287	3791	9136	1
1401	1420	9340	1
5184	7356	9858	1
5215	5641	5642	1
6336	7078	7395	1
1277	4439	9120	1
2671	2672	2673	1
5850	6042	9507	1
823	827	9464	1
1207	1208	1209	1
39	544	9145	1
2503	3455	9407	1
6032	7643	9278	1
47	48	542	1
5836	6062	9724	1
5129	6104	6144	1
3304	4403	9366	1
5969	7054	7321	1
8297	9042	9292	1
24	25	432	1
6030	6032	7643	1
5185	6417	6418	1
9297	9298	9651	1
6450	7415	9362	1
2181	3624	3735	1
4624	6669	9270	1
2383	2638	2639	1
3718	8860	9923	1
1686	3985	9284	1
3181	3707	3910	1
5445	7943	7944	1
6418	6419	8134	1
817	1783	8996	1
2077	2111	2113	1
2091	2227	2228	1
2416	2418	9325	1
2872	3917	3918	1
5287	5713	5714	1
777	778	781	1
783	784	788	1
2666	2668	2734	1
5843	5851	6025	1
802	803	805	1
1898	4526	9360	1
4230	4254	4604	1
2021	2090	2091	1
2490	2492	2493	1
4098	4516	9376	1
2681	2682	2683	1
4227	4228	5910	1
2563	9113	9311	1
16	17	518	1
702	703	706	1
2534	2578	9024	1
1961	1979	2021	1
4613	4614	5913	1
2533	2534	9024	1
2506	2507	2509	1
2561	2563	9311	1
1961	9313	9316	1
1964	2063	4968	1
2473	2474	2475	1
4340	9086	9213	1
1092	1898	9360	1
3735	3736	4227	1
4502	4806	4808	1
1270	1987	9065	1
1311	1686	9049	1
1345	1346	9118	1
1938	1998	8859	1
1201	1202	1203	1
1201	1203	2105	1
4107	4515	9295	1
3771	3772	4613	1
38	416	9145	1
1211	1246	3697	1
6338	7106	7203	1
47	542	9381	1
4157	5126	9302	1
1309	1311	9049	1
1751	1752	1961	1
3910	3911	4282	1
819	3704	8996	1
2672	2673	2674	1
2674	2677	2678	1
4445	4866	9516	1
3990	3991	4875	1
4666	5939	6760	1
2418	2419	2517	1
4343	6474	9758	1
5836	6047	6062	1
5127	5128	5129	1
5718	7078	9509	1
2228	2416	2418	1
2175	2572	9670	1
2670	2671	2672	1
4882	5363	6453	1
1423	1424	1751	1
2796	3265	3266	1
4667	4668	6137	1
2509	2510	2525	1
4093	4525	9460	1
5700	5702	6131	1
3260	4011	5709	1
1423	1751	9608	1
826	1380	9211	1
831	2826	9704	1
6572	8825	10409	1
1397	1475	9159	1
2668	2669	2670	1
1337	7461	8956	1
2181	2182	3624	1
5389	5391	5407	1
22	23	559	1
761	762	766	1
859	868	2655	1
2260	2431	9665	1
3724	9681	9768	1
2517	2518	2751	1
2728	8885	9564	1
1203	1204	1205	1
2305	8618	8901	1
706	707	710	1
2483	3452	9719	1
3720	6463	7254	1
3458	4932	9407	1
4544	4546	4920	1
1964	1965	2063	1
2683	2711	2712	1
1116	1199	3709	1
2063	2064	2181	1
4755	4757	4758	1
5643	5645	5646	1
4389	4390	4667	1
2501	2502	9585	1
2620	2754	9324	1
4920	4921	6679	1
1171	1175	9681	1
4980	5357	9208	1
2434	9297	9651	1
4228	4229	4230	1
2678	2680	2681	1
1361	1401	9340	1
4254	4604	5027	1
5505	6322	7248	1
710	713	714	1
1380	2962	9211	1
3261	4013	9280	1
4656	4658	5765	1
2471	2472	2473	1
694	696	2867	1
31	32	9277	1
3624	3735	3736	1
5682	9064	9508	1
6250	6251	6976	1
4761	4762	5214	1
767	3444	9082	1
718	721	724	1
6576	6577	6696	1
714	717	718	1
3278	3827	4389	1
4105	4107	9295	1
6905	9220	9275	1
924	925	9007	1
2745	3640	9100	1
3736	4227	4228	1
2751	2752	3278	1
4305	5361	9968	1
4247	5058	9656	1
6338	7203	7204	1
1116	1198	1199	1
1199	1200	1201	1
4230	4231	4254	1
13	14	9326	1
724	725	728	1
2222	2223	2396	1
4751	4753	5227	1
48	49	9364	1
1170	3720	5752	1
1309	3730	9049	1
4743	4744	6250	1
8483	8570	10230	1
812	8982	9627	1
2194	2226	9564	1
2894	3884	8589	1
5752	6463	6723	1
827	5758	9464	1
4291	4705	4706	1
766	767	771	1
2678	2682	9351	1
5178	8998	9664	1
5839	5841	6036	1
877	888	4548	1
4012	4795	9397	1
5752	9681	9768	1
1346	1349	9118	1
5709	5710	6305	1
1279	1297	5911	1
2493	2494	9226	1
5221	5222	6277	1
1418	6537	9416	1
833	2826	9027	1
4221	4976	9711	1
6978	6979	6989	1
19	20	438	1
1300	3443	9806	1
6564	9324	9325	1
2666	2667	2668	1
3985	4353	9284	1
5936	6756	10724	1
2712	3772	9597	1
4901	5445	6433	1
3696	9297	9298	1
5714	6301	9592	1
2164	4047	9809	1
2226	2728	9564	1
2497	2498	2499	1
4702	4703	5221	1
1334	3726	8400	1
4842	4856	9502	1
5030	6574	6575	1
1289	8892	9515	1
2406	2745	9100	1
8631	10099	10132	1
4850	4979	9415	1
2484	2486	2487	1
4403	7365	9366	1
940	5669	9514	1
728	731	732	1
732	758	761	1
1288	1345	9136	1
6577	6696	7381	1
1876	2012	2469	1
4712	4713	4743	1
4013	4882	9280	1
1300	1302	9806	1
1332	5610	9124	1
2645	8385	9721	1
6765	9197	9438	1
23	24	9356	1
6298	7058	9598	1
8339	8340	10053	1
2469	2470	2471	1
6976	6977	6978	1
4158	5128	9324	1
4351	4353	9695	1
4292	4293	4702	1
6305	6337	7443	1
2594	2596	9446	1
4439	8199	9120	1
5178	5180	9664	1
8666	9298	9651	1
2525	2526	9484	1
34	486	9256	1
1068	1198	9573	1
2499	2500	2501	1
5383	5385	7370	1
3266	4541	4542	1
3443	3732	3797	1
3560	8624	9558	1
5762	8589	9790	1
5682	6045	9508	1
1337	6470	7065	1
1752	1905	9316	1
6277	6278	6893	1
936	940	952	1
2173	2572	9809	1
4296	4297	4712	1
1118	1124	5766	1
3648	9587	9739	1
4712	4743	9536	1
829	5758	9560	1
4668	5700	9459	1
8925	9517	9519	1
6575	6576	6577	1
4979	5728	9415	1
5835	5836	5837	1
7407	8770	9719	1
4882	6453	9280	1
12	13	550	1
2228	2419	9584	1
2754	4158	9324	1
952	1053	1058	1
925	926	927	1
1058	1068	1080	1
821	3704	9464	1
2494	2497	9226	1
5852	8407	10281	1
2182	2184	9469	1
4662	4901	5445	1
4444	8459	9873	1
929	933	936	1
1207	1209	1213	1
3797	4082	4636	1
927	928	929	1
1287	1288	9136	1
2120	4047	9159	1
2796	3266	4541	1
706	710	1164	1
2670	3769	9611	1
940	952	1053	1
2194	9564	9670	1
3990	4875	5788	1
33	557	9256	1
933	936	940	1
1751	1979	9608	1
2175	2194	9670	1
4875	5788	5789	1
2487	2488	3462	1
2488	2490	9414	1
2894	3441	3650	1
928	929	933	1
5788	5789	6664	1
3639	9416	9711	1
4545	5835	5836	1
4736	4737	4750	1
918	925	926	1
4541	4542	4543	1
732	761	762	1
7346	9208	9362	1
5175	5228	6927	1
9086	9213	9563	1
1068	1080	1116	1
2487	3462	4988	1
3949	4290	4291	1
1053	1058	1068	1
5789	6664	6737	1
1905	9316	9358	1
4343	4346	9758	1
5522	5924	9713	1
2182	3624	9469	1
4643	8934	9839	1
2736	2991	9756	1
3602	8660	9767	1
5200	6866	6867	1
3771	9047	9612	1
4743	6250	6849	1
1211	3697	9673	1
3720	5752	6463	1
3991	4875	9465	1
1161	1170	3720	1
2479	2480	2532	1
4602	5344	7168	1
4667	6137	9527	1
2620	9324	9325	1
5713	9047	9612	1
5836	5837	6047	1
3771	4613	9612	1
8838	8970	9587	1
2066	9239	9517	1
3650	4601	4602	1
4228	5910	9532	1
1133	1149	1160	1
2476	2477	2479	1
4405	4909	9567	1
2546	2885	9690	1
8739	9985	10088	1
2525	2696	3646	1
4543	4544	4545	1
6627	8484	10290	1
2674	2680	9501	1
4288	4289	4736	1
5445	6433	7943	1
6047	6062	7419	1
4666	6760	9526	1
718	724	2252	1
5715	9612	9786	1
4838	4852	9754	1
761	768	9899	1
5722	6531	9733	1
3718	9313	9923	1
4735	5199	5200	1
5130	5454	6784	1
926	927	928	1
1170	1171	9681	1
1278	1279	1282	1
4795	5969	9397	1
1905	1907	9358	1
5519	5522	9713	1
1475	2120	9159	1
6537	9416	9711	1
2431	2796	9665	1
6628	9831	10045	1
1246	1268	9793	1
2508	5987	9804	1
829	859	9560	1
1080	1118	9539	1
2066	8925	9517	1
4840	4852	9502	1
808	811	9627	1
3991	4307	9465	1
1964	4968	9358	1
2499	2501	2508	1
2984	4149	9982	1
5052	6023	6645	1
31	424	9277	1
4345	5284	9598	1
2991	3794	9460	1
2246	2381	8730	1
2570	8260	10288	1
4988	6458	6632	1
5357	7346	9208	1
2502	2506	9585	1
3917	3918	4288	1
5061	5454	6341	1
11	12	9722	1
2736	3337	9756	1
5334	7240	9754	1
2508	4986	5986	1
4708	4710	4711	1
5700	6131	9459	1
8706	8846	10088	1
2474	2475	2476	1
2526	2533	9484	1
8609	8610	9739	1
32	557	9277	1
4389	4666	9526	1
2501	2508	4986	1
4840	4842	9502	1
4082	5061	5130	1
808	812	9627	1
1686	9049	9284	1
5924	7406	7407	1
1175	1187	3724	1
4444	4446	9873	1
2063	4968	9614	1
4288	4736	4738	1
4542	4543	4544	1
2546	2916	9690	1
3362	9446	9927	1
2012	2470	4572	1
2184	2230	9469	1
2509	2525	2696	1
5214	6245	6960	1
8748	10015	10127	1
3278	4390	9550	1
3790	4932	9473	1
4743	6849	9536	1
3462	4988	6458	1
1998	4532	8859	1
4761	5214	6245	1
5180	5183	9664	1
5365	5708	9730	1
2472	2473	2474	1
1201	2105	9655	1
2479	2532	2645	1
4174	4900	5798	1
2063	2181	9614	1
3955	4296	4761	1
1752	1961	9316	1
2696	3646	3647	1
4656	5765	9473	1
1118	5766	9539	1
2672	2674	9501	1
6453	7382	7692	1
3646	3647	3955	1
1215	1278	1279	1
2181	3735	9614	1
2896	3948	3949	1
2490	2493	9414	1
1175	3724	9681	1
3443	3797	9691	1
5365	5367	9730	1
2751	2753	9550	1
3647	3955	4296	1
2672	3769	9501	1
4849	4977	10115	1
1116	3709	9539	1
4099	4643	9839	1
2525	3646	9484	1
2472	2474	2478	1
4667	9526	9527	1
4668	6137	9459	1
2645	2872	3188	1
4837	5334	9754	1
5061	6341	9828	1
5212	6865	6890	1
4292	4702	5806	1
1907	1964	9358	1
5635	8342	10265	1
9086	9087	9563	1
4684	4685	4714	1
4351	4802	9695	1
4660	4662	9679	1
3188	3917	4292	1
3884	4327	8589	1
2885	3990	9690	1
4389	4667	9526	1
2470	2471	2472	1
2488	3462	9414	1
5701	5801	10132	1
2677	4929	9351	1
868	2655	9588	1
2653	8950	9983	1
5454	6784	6785	1
4228	4230	9532	1
1268	1280	1298	1
2501	4986	9585	1
2532	2645	2872	1
2222	2340	9624	1
2872	3188	3917	1
3911	4301	9636	1
9316	9358	9922	1
2164	2173	9809	1
6538	6539	9810	1
2482	2484	9581	1
2637	2894	3441	1
1170	5752	9681	1
1737	1738	1739	1
5221	6277	6899	1
5445	7944	9679	1
8613	9739	9982	1
868	877	9588	1
1080	1116	9539	1
2012	2469	2470	1
3639	4221	9711	1
5058	6731	9881	1
5733	8333	9831	1
1279	1282	1297	1
3790	4111	9473	1
8609	9587	9739	1
4601	5344	5809	1
3441	4601	9741	1
1268	1298	9793	1
1344	1364	4965	1
2596	3260	9446	1
2677	2678	9351	1
4859	6026	6776	1
859	2655	9560	1
4230	4604	9532	1
5061	5130	5454	1
49	50	462	1
3732	4082	9674	1
3648	9739	9982	1
4082	4636	5061	1
1739	1876	1954	1
1965	8784	9990	1
1209	1211	9673	1
5371	10015	10032	1
877	4548	9588	1
2417	2621	10161	1
4307	5294	9465	1
3794	4093	9460	1
2434	8902	9868	1
918	926	9672	1
3929	4734	4735	1
6628	10045	10201	1
8610	8613	9739	1
2648	3552	9561	1
2586	10014	10295	1
14	447	9326	1
1385	1387	10158	1
2669	2675	10101	1
5373	5501	10015	1
5834	8407	10144	1
3560	3562	9558	1
5924	7407	9713	1
7844	10206	10337	1
2668	2670	9611	1
1305	6470	9806	1
4705	4706	5223	1
7770	7771	7773	1
5615	9868	9985	1
8551	10631	10635	1
23	559	9356	1
3260	5709	9446	1
15	447	9132	1
1427	1737	1738	1
4543	5834	10061	1
6866	6867	6914	1
2476	2479	9721	1
1273	9335	9916	1
7844	10337	10399	1
1876	1954	2012	1
3562	5417	9558	1
4545	5836	9724	1
24	432	9356	1
3441	3650	4601	1
5798	9561	10123	1
4290	4291	4705	1
8754	10810	11095	1
4837	4838	9754	1
4082	5130	9674	1
3720	7254	9714	1
8706	10055	10088	1
2302	3684	9849	1
8340	9335	9916	1
1738	1739	1876	1
3732	3797	4082	1
6459	9932	9976	1
5182	5184	9858	1
3990	5788	9690	1
4601	4602	5344	1
8990	10055	10062	1
2602	9280	9969	1
5726	8481	10342	1
2796	4541	9665	1
8484	10290	10338	1
8665	9651	9868	1
2751	3278	9550	1
4111	4656	9473	1
4802	6338	9695	1
1246	3697	9793	1
5199	5200	6866	1
1305	1337	6470	1
2666	2734	9978	1
2434	9651	9868	1
2600	2603	2626	1
2077	2113	2207	1
4174	5798	9561	1
6338	7204	9695	1
2186	2230	9994	1
1099	9003	9810	1
6645	7329	10782	1
5506	8233	10524	1
2517	2753	9997	1
4613	5913	9786	1
2668	2734	9611	1
4662	5445	9679	1
5058	9656	9881	1
5623	8924	10166	1
5752	6723	9768	1
768	9704	9899	1
1149	1161	9714	1
3918	4289	10309	1
4757	6728	10652	1
1209	1213	9673	1
1299	3443	3732	1
3552	9561	10123	1
9211	10230	10293	1
5344	5809	6457	1
2484	2487	9581	1
3057	4174	9561	1
48	542	9364	1
7329	10782	10803	1
13	550	9326	1
8562	8775	9851	1
8257	8836	10312	1
5199	6866	6898	1
8481	8533	10236	1
4714	4715	5224	1
4613	9612	9786	1
2324	8883	10160	1
2586	2587	10014	1
888	918	9672	1
4290	4705	5208	1
4683	4684	4685	1
1279	5911	9765	1
2639	2640	2641	1
6538	9589	9810	1
5056	6556	10959	1
1099	9589	9810	1
4446	5541	9873	1
8742	10062	10115	1
2366	2916	10038	1
4601	5809	9741	1
2418	9325	9997	1
3948	4290	9823	1
10	11	476	1
2487	4988	9581	1
5750	8747	10032	1
5885	8474	10390	1
4968	9358	9922	1
8167	9664	10141	1
1954	2008	9688	1
4327	5196	9790	1
4706	4708	9705	1
4097	4099	9839	1
4544	4545	9724	1
1149	1160	9714	1
7302	8797	9775	1
2012	4572	9688	1
6418	10141	10264	1
2671	8822	10101	1
2916	9690	9993	1
16	518	9132	1
1187	1215	9765	1
50	462	9646	1
2641	2896	3181	1
3948	3949	4290	1
2479	2645	9721	1
1383	2834	10219	1
5501	8866	10190	1
4976	9711	9939	1
2222	2396	9624	1
5506	6322	10562	1
2648	3057	9561	1
8865	9361	10127	1
1161	3720	9714	1
1962	4490	10232	1
4734	4735	5199	1
6541	8516	10253	1
8832	9665	10061	1
8742	9104	10062	1
4544	4920	9724	1
2235	2365	10254	1
3728	3929	4285	1
4289	4737	9901	1
2497	9226	9804	1
3605	8949	10283	1
9447	11075	11091	1
1199	3709	9655	1
4706	5223	9705	1
2383	2639	2640	1
1738	9525	9814	1
2753	9997	10099	1
2532	10026	10200	1
2497	2499	9804	1
6537	9711	9939	1
2381	2637	9824	1
2480	2532	10026	1
888	4548	9672	1
728	9161	9836	1
1364	1427	9814	1
5709	9446	9927	1
1954	2012	9688	1
4702	5221	9784	1
5371	5373	10015	1
2823	3727	3728	1
4761	6245	9779	1
9313	9922	9923	1
2640	2641	2896	1
9313	9316	9922	1
1187	3724	9765	1
4285	4734	5202	1
2896	3181	3948	1
4712	9536	9779	1
4752	9901	10383	1
49	462	9364	1
8866	10190	10283	1
5834	10061	10144	1
1199	1201	9655	1
4301	5383	9636	1
2499	2508	9804	1
8826	10218	10276	1
4702	5806	9784	1
2470	4572	9815	1
8739	8902	9985	1
2186	2236	9994	1
5710	9397	9989	1
1215	1279	9765	1
3441	9741	9824	1
6459	9414	9931	1
4292	5806	9771	1
5788	9690	9993	1
6458	6459	9976	1
5687	9159	10045	1
7483	7485	10134	1
4288	4738	9771	1
2493	9414	9931	1
2587	2590	10014	1
3957	4719	5175	1
3339	3916	3957	1
4708	4711	9705	1
5709	6305	9927	1
4296	4712	9779	1
4976	9939	10149	1
5377	5878	10190	1
2039	2324	10160	1
3917	4288	9771	1
2509	2696	9856	1
4636	4859	9828	1
2984	3648	9982	1
6575	6578	10168	1
3440	8473	10338	1
2493	9226	9931	1
2216	8990	10055	1
3917	4292	9771	1
2474	2478	9817	1
2653	8994	9983	1
1280	1299	9877	1
4636	5061	9828	1
6633	9581	10026	1
8884	10158	10219	1
2567	9391	10163	1
6542	6543	9979	1
6537	9608	9939	1
6612	9608	9939	1
3929	4285	4734	1
4296	4761	9779	1
2962	8758	10240	1
5224	6806	6808	1
52	53	514	1
2472	2478	9815	1
4683	4685	6174	1
2216	8739	10088	1
1364	4965	9814	1
2626	3338	3339	1
2482	9581	10026	1
2637	3441	9824	1
2470	2472	9815	1
8553	8593	10296	1
8990	9104	10062	1
5361	8310	9968	1
1941	1965	9990	1
2474	2476	9817	1
2590	2823	3727	1
3948	9823	10049	1
8758	9156	10201	1
5221	6899	9784	1
5383	7370	9636	1
8829	10149	10161	1
6564	9325	9997	1
9931	9932	10279	1
8233	8234	10441	1
2476	9721	9817	1
3726	8400	11319	1
5912	7840	10399	1
12	550	9722	1
2480	2482	10026	1
5541	7391	10007	1
3727	9089	10014	1
2191	2570	10288	1
5541	9873	10007	1
493	7769	7770	1
3727	3728	3929	1
1280	1298	9877	1
1427	1738	9814	1
5596	10062	10115	1
3910	4282	4739	1
2236	2366	10038	1
4715	6806	6807	1
6541	10149	10161	1
4290	5208	9823	1
4213	4214	10252	1
5350	7379	10252	1
2038	3581	10312	1
4685	4714	4715	1
2111	2237	10412	1
2598	8496	9820	1
4327	8589	9790	1
2381	8730	9824	1
2040	8836	10312	1
6459	9931	9932	1
4541	9665	10061	1
4637	9691	10010	1
5687	10045	10201	1
5730	9614	10108	1
2753	8631	10099	1
2872	3918	10200	1
5183	9664	10141	1
4047	9159	10045	1
6612	9939	10149	1
5185	6418	10141	1
8902	9868	9985	1
4859	6776	9828	1
5725	6627	10290	1
1299	3732	9877	1
2418	2517	9997	1
2506	2509	9856	1
4449	8134	10351	1
5788	6664	9993	1
5294	9465	11315	1
724	2252	9836	1
8758	10201	10240	1
4977	10115	10116	1
2598	2600	9820	1
5765	9473	10102	1
3732	9674	9877	1
6563	8826	10218	1
6564	9997	10099	1
5369	5371	10032	1
2626	3339	5009	1
4932	9473	10102	1
4470	5350	10252	1
2590	3727	10014	1
5655	9189	10311	1
8744	8860	10381	1
5375	5501	10190	1
3337	9756	9979	1
2506	9585	9856	1
4516	8887	10304	1
2533	9484	10083	1
8183	8184	11230	1
7379	10252	10311	1
2962	10240	10293	1
9089	10014	10295	1
5381	8749	10221	1
6578	8232	10627	1
8832	10061	10144	1
4719	5175	9770	1
5369	5750	10032	1
7767	9317	10407	1
5723	5885	10290	1
7520	10304	10307	1
6542	9756	9979	1
8167	10141	10264	1
2216	10055	10088	1
5623	8720	10321	1
6728	10652	10669	1
5284	9087	10326	1
5129	5805	10255	1
2236	9994	10038	1
4956	5885	10390	1
7446	9376	10307	1
4932	9166	10102	1
4715	5224	6806	1
4047	9831	10045	1
4541	4543	10061	1
9922	9923	10108	1
3638	9311	10222	1
2962	9211	10293	1
2533	9024	10083	1
4719	5212	9770	1
887	8530	10426	1
724	728	9836	1
6612	8829	10149	1
5805	6564	10099	1
2640	7989	10206	1
2592	3362	10465	1
4929	8598	10134	1
3957	5175	5176	1
4929	7483	10134	1
5655	8788	10553	1
4849	5596	10115	1
6453	9280	9969	1
7064	9563	10424	1
9087	10326	10766	1
8433	9484	10083	1
5701	8631	10132	1
4976	6541	10149	1
2545	10254	10264	1
6633	10026	10200	1
4968	9922	10108	1
3181	3948	10049	1
8741	10116	10122	1
5176	5228	6698	1
6679	10905	10906	1
4971	6541	10253	1
2669	2671	10101	1
6453	7692	9969	1
5634	5635	10265	1
5969	7321	9989	1
3181	3910	10049	1
2324	8741	10122	1
2834	10218	10219	1
5801	10132	10255	1
1387	2037	10158	1
8741	8742	10116	1
7	8	500	1
11	476	9722	1
8474	10390	10426	1
8295	10417	10418	1
2417	8829	10161	1
8481	10236	10342	1
8340	9916	10053	1
5175	5176	5228	1
5506	10524	10562	1
2600	2626	9820	1
8748	9361	10127	1
5183	5185	10141	1
6600	8826	10276	1
4968	9614	10108	1
4900	5798	10210	1
2396	8832	10144	1
5597	6572	10409	1
4532	8730	10335	1
6600	10276	10296	1
51	9646	10246	1
2037	2039	10160	1
8533	9856	10236	1
8407	10144	10281	1
5765	9314	10348	1
2567	7451	10163	1
6419	8134	10351	1
8255	8256	10334	1
2148	8183	11229	1
4490	8924	10166	1
2834	10218	10276	1
4658	5765	10348	1
5969	9397	9989	1
2578	8246	10397	1
5906	7983	10494	1
2626	5009	9820	1
2582	7757	10478	1
2734	9978	10168	1
6627	10230	10293	1
5212	6890	9770	1
9226	9931	10279	1
8744	10381	10446	1
5687	9156	10201	1
2037	10158	10160	1
8254	8256	10243	1
2545	8167	10264	1
8134	10254	10264	1
6574	6575	10168	1
7360	10351	10516	1
4449	10351	10516	1
8254	8257	10243	1
9585	9856	10236	1
2588	2589	10465	1
4900	7184	10210	1
2383	2640	10206	1
1383	1385	10219	1
3910	4739	10049	1
6013	9317	10125	1
4983	10738	10875	1
3704	8996	10418	1
2578	2579	10397	1
6573	9311	10222	1
4952	5906	10390	1
51	52	10246	1
2505	2507	10476	1
5910	10446	10495	1
5938	9052	10538	1
5375	5377	10190	1
6563	8884	10218	1
4660	9679	10348	1
8847	9916	10350	1
5938	5939	10577	1
5805	10132	10255	1
1962	2061	10232	1
2238	2383	10206	1
9679	10348	10472	1
5228	6927	6928	1
8553	10296	10324	1
8570	9211	10230	1
2532	2872	10200	1
4683	6174	10169	1
1273	9916	10350	1
4715	6807	10076	1
2183	2185	10516	1
6626	6628	10240	1
3349	8018	11220	1
6458	6632	10383	1
6628	10201	10240	1
8850	10276	10296	1
5022	9052	10495	1
514	7558	10246	1
4227	5910	10446	1
2916	10038	10441	1
4685	6174	10076	1
2365	2545	10254	1
690	692	10457	1
3605	8866	10283	1
2148	8018	11226	1
6574	9978	10168	1
5387	5389	10431	1
3581	8720	10321	1
5728	9415	10411	1
7381	10534	10651	1
2105	10797	11115	1
2113	2207	10337	1
4214	4470	10252	1
6047	10863	10931	1
4852	8551	10635	1
2061	10232	10288	1
5129	6144	10255	1
8593	8850	10296	1
8183	11229	11230	1
4971	4972	10253	1
6599	10314	10324	1
52	514	10246	1
4685	4715	10076	1
6626	10240	10293	1
6632	9901	10383	1
5939	10577	10598	1
4986	9585	10236	1
5723	5725	10290	1
6418	8134	10264	1
2396	10144	10281	1
2834	8850	10276	1
6573	10222	10382	1
5923	10522	10683	1
7058	9598	10326	1
8742	10115	10116	1
6599	7415	10314	1
1327	3561	10534	1
2061	2191	10288	1
6626	6627	10293	1
8256	10166	10334	1
4951	5906	10494	1
4844	4846	10506	1
5939	6761	10598	1
5634	7385	10265	1
2511	10472	10476	1
5987	9804	10279	1
6599	6600	10324	1
4213	9189	10311	1
5758	9464	10417	1
8887	8888	10304	1
4490	10166	10334	1
6632	6633	10309	1
2582	2583	10478	1
3918	10200	10309	1
8884	10218	10219	1
9226	9804	10279	1
2038	2040	10312	1
2396	9624	10281	1
7891	7893	10606	1
5758	10417	10599	1
5872	9089	10295	1
3440	8484	10338	1
8255	8259	10334	1
4986	10236	10342	1
6463	6723	10670	1
4516	9376	10307	1
7059	10326	10766	1
7355	7360	10351	1
1282	1297	10512	1
8496	9820	10407	1
8234	10038	10441	1
2113	2238	10337	1
6577	7381	10551	1
2238	10206	10337	1
6026	6776	10510	1
8233	10441	10524	1
4658	4660	10348	1
6419	7355	10351	1
2148	11226	11229	1
4986	5986	10342	1
1273	8949	10350	1
1344	4965	10512	1
7306	10457	10678	1
2077	2207	10508	1
5730	10108	10381	1
5284	9598	10326	1
5344	6457	10503	1
2008	9688	10508	1
4070	7891	10645	1
9923	10108	10381	1
6633	10200	10309	1
9314	10348	10472	1
1297	10512	10683	1
5938	10538	10577	1
4952	4956	10390	1
6572	6573	10382	1
3581	10243	10321	1
6600	10296	10324	1
9052	10495	10538	1
5009	9820	10407	1
8018	11220	11226	1
3474	9124	10616	1
7944	10472	10476	1
5912	7844	10399	1
4863	9415	10411	1
5998	8292	10642	1
6576	6696	10591	1
8730	9824	10335	1
9741	9824	10335	1
5597	7366	10409	1
8256	10243	10321	1
2111	4070	10412	1
710	714	10578	1
5998	5999	10673	1
2579	2582	10397	1
8292	8293	10621	1
7240	7427	10635	1
1336	5610	10575	1
8860	9923	10381	1
887	8474	10426	1
1298	11204	11205	1
2511	9314	10472	1
5610	10575	10591	1
6458	9976	10383	1
3704	9464	10417	1
8744	10446	10495	1
7767	8496	10407	1
8293	8295	10599	1
5730	10381	10446	1
7064	7307	10424	1
3474	10616	10651	1
7891	10606	10645	1
5389	5407	10431	1
5454	6785	10608	1
4227	5730	10446	1
9611	10627	10838	1
2589	2592	10465	1
8547	8548	10631	1
6015	6016	10659	1
6737	8347	11310	1
690	697	10457	1
2734	9611	10627	1
704	2171	10641	1
2505	2511	10476	1
3724	9768	10579	1
7366	8274	10477	1
7943	7944	10518	1
8295	10417	10599	1
9688	10508	10686	1
5999	10673	10688	1
6425	10660	10670	1
8292	10621	10642	1
711	1242	10649	1
2916	9993	10441	1
5801	11169	11197	1
5022	8744	10495	1
7379	7689	10553	1
6341	9828	10571	1
2583	2586	10478	1
4844	4856	10506	1
696	702	10643	1
4951	4953	10494	1
700	2171	10678	1
7366	10409	10477	1
3339	5009	10584	1
7944	9679	10472	1
5344	7168	10503	1
2185	4449	10516	1
5176	10584	10681	1
6026	7080	10510	1
3474	8633	10651	1
5911	9765	10579	1
2008	2077	10508	1
1282	1344	10512	1
5998	10642	10673	1
5009	10125	10584	1
5925	7424	10683	1
6696	10591	10616	1
3957	5176	10584	1
6040	7841	10686	1
2507	10476	10518	1
1297	5911	10522	1
7893	10335	10606	1
8293	10599	10621	1
2586	10295	10478	1
9525	9814	10559	1
4852	9754	10635	1
7409	9525	10559	1
9281	10688	10721	1
5646	10740	10759	1
6025	8506	10814	1
1327	8633	10534	1
6723	10660	10824	1
715	1242	10716	1
3704	10417	10418	1
6705	7757	10695	1
5910	9532	10538	1
8506	10814	10832	1
6031	6758	10752	1
4256	5936	10713	1
6033	8377	10733	1
4703	5222	10738	1
3676	9573	10734	1
9993	10441	10524	1
2584	2585	11283	1
8874	10822	11106	1
5910	10495	10538	1
6577	6578	10551	1
9741	10335	10606	1
6664	10524	10562	1
6664	9993	10524	1
5200	6867	10719	1
5726	10669	10769	1
6022	6040	10725	1
7424	10512	10683	1
5524	7441	10660	1
9281	9672	10688	1
6705	10695	10719	1
5655	10311	10553	1
9768	10579	10824	1
6022	6023	10784	1
7379	10311	10553	1
6036	8245	10863	1
9078	11054	11235	1
5645	5646	10740	1
1133	1160	10735	1
6664	6737	10562	1
1124	5766	10735	1
5196	9790	10720	1
6116	6770	10797	1
7202	10811	11137	1
4965	9814	10559	1
6040	10686	10725	1
8574	10575	10591	1
4257	10802	11124	1
710	1164	10578	1
4744	6251	10769	1
6576	8574	10591	1
8874	9158	10822	1
7944	10476	10518	1
6023	10784	10804	1
9532	10538	10577	1
6776	9828	10571	1
4604	10577	10598	1
4604	9532	10577	1
6471	7202	10806	1
5534	7052	10783	1
4285	5202	10731	1
7841	10508	10686	1
3724	9765	10579	1
5669	10734	10793	1
6278	6894	10803	1
4901	11071	11212	1
7254	9714	10714	1
2065	8244	10832	1
6578	10168	10627	1
2346	2348	10811	1
5339	8722	10807	1
6747	9881	10899	1
6054	10889	10898	1
4106	4259	10835	1
5758	9560	10599	1
4604	5027	10598	1
10125	10584	10681	1
5052	6645	10782	1
4710	4711	10782	1
8655	10808	10823	1
6728	10669	10769	1
4758	8655	10808	1
697	10457	10678	1
3339	3957	10584	1
6867	10719	10740	1
6045	9438	10802	1
5524	7347	10824	1
2580	2581	11263	1
6723	10660	10670	1
8753	8971	10796	1
6903	10917	10926	1
5454	6341	10608	1
4755	4758	10808	1
5843	6025	10814	1
4753	5227	10808	1
7255	10917	10926	1
8699	8701	10829	1
5841	6036	10814	1
6463	7254	10679	1
3327	8668	10906	1
5726	10342	10669	1
2576	2577	11236	1
7762	7763	10906	1
6696	10616	10651	1
4149	9982	10810	1
6075	8232	10838	1
5809	9741	10606	1
6645	10738	10875	1
9932	10279	10639	1
8613	8614	10810	1
2176	9281	10721	1
5610	9124	10616	1
9560	10599	10621	1
1208	1210	10878	1
10295	10478	10695	1
2655	9560	10621	1
4756	9932	10639	1
6022	10725	10784	1
2171	7282	10877	1
704	708	10641	1
5987	10639	10652	1
5809	10606	10645	1
708	10641	10649	1
7240	9754	10635	1
5056	10959	10960	1
6075	10838	10854	1
6677	11042	11251	1
5552	7184	11339	1
8548	8551	10631	1
6037	6731	10874	1
8232	10627	10838	1
6037	6075	10854	1
9514	10763	10793	1
5610	10591	10616	1
685	688	10882	1
696	2867	10643	1
2655	10621	10642	1
708	711	10649	1
5090	6768	10909	1
9438	10802	11131	1
5839	6036	10863	1
4711	9705	10833	1
2655	9588	10642	1
7347	10579	10824	1
5837	6047	10863	1
7757	10478	10695	1
2176	9514	10763	1
2681	2684	10888	1
6669	9270	10900	1
5809	6457	10645	1
6731	10874	10888	1
5986	5987	10652	1
6696	7381	10651	1
5057	10724	10870	1
4353	9695	10848	1
6539	9810	10836	1
2734	10168	10627	1
4921	5355	10898	1
4119	4623	10895	1
6063	10895	10909	1
9270	10895	10909	1
6015	6518	10659	1
2684	10888	10899	1
6063	9340	10897	1
4972	10900	10902	1
5176	6698	10681	1
5986	10652	10669	1
4869	5238	10923	1
5231	8650	10917	1
2176	10721	10763	1
6769	9125	10902	1
9588	10642	10673	1
697	700	10678	1
6556	10253	10911	1
5999	10688	10721	1
5987	10279	10639	1
6037	10854	10874	1
4548	9588	10673	1
6727	10734	10793	1
6698	10681	10731	1
5239	7255	10925	1
4920	9724	10905	1
6755	6768	11091	1
4548	10673	10688	1
8386	9817	10804	1
8046	10957	11170	1
6065	10963	10975	1
4572	9688	10686	1
4548	9672	10688	1
6025	6727	10771	1
8245	10863	10931	1
5872	10695	10719	1
4379	4868	10942	1
6013	10681	10731	1
4572	10686	10725	1
4256	5707	10713	1
9301	11178	11218	1
6759	8195	11115	1
5669	9514	10793	1
5986	10342	10669	1
2290	3760	10946	1
6065	9597	10963	1
4983	8386	10875	1
715	719	10716	1
8386	10804	10875	1
5196	6913	10720	1
5200	5872	10719	1
5766	9539	10941	1
6013	10125	10681	1
1160	9714	10714	1
6867	10740	10759	1
3555	9251	10970	1
6756	10870	11093	1
719	10716	10723	1
6756	10724	10870	1
5999	6042	10721	1
5936	10713	10724	1
8379	8933	11056	1
5053	8774	10975	1
6033	7335	10733	1
1124	1133	10735	1
6074	10982	10993	1
4703	4983	10738	1
5669	9573	10734	1
713	717	11010	1
2746	2998	10870	1
5645	6705	10740	1
5303	7106	10993	1
4285	6013	10731	1
4572	9815	10725	1
6031	7243	10752	1
9179	11069	11076	1
8060	11298	11307	1
5872	10295	10695	1
2746	8599	11093	1
6463	10670	10679	1
4614	6074	10982	1
6758	10752	10941	1
1297	10522	10683	1
3347	10878	10931	1
8933	8934	11085	1
6705	10719	10740	1
8803	10763	10793	1
6747	10899	10963	1
8934	11076	11085	1
6042	8803	10763	1
6867	6914	10759	1
4744	5726	10769	1
6042	10721	10763	1
8933	11056	11085	1
8774	10975	10982	1
6758	6759	11077	1
3676	10734	10771	1
6121	8099	11199	1
6121	6122	11205	1
1203	2105	11025	1
4710	5052	10782	1
5534	7036	10783	1
8588	11105	11113	1
4758	6728	10786	1
6757	10822	11106	1
5913	7376	11142	1
693	695	11054	1
6251	10769	10786	1
9815	10725	10784	1
5063	8588	11105	1
2478	9815	10784	1
4091	8588	11113	1
5130	6784	11047	1
2478	10784	10804	1
6770	10797	11025	1
3796	8971	10796	1
3793	4091	11124	1
6116	8195	10797	1
8599	8875	11106	1
4808	8060	11307	1
1147	9179	11076	1
6727	8803	10793	1
3585	8683	11134	1
6118	8099	11193	1
8378	8379	11045	1
6278	7329	10803	1
6118	8740	11183	1
6471	8722	10806	1
3585	11134	11137	1
6752	11279	11282	1
4605	5997	11107	1
6045	6762	10802	1
5339	6539	10807	1
5127	6104	11086	1
9118	9447	11075	1
6701	6769	10959	1
5717	6145	11142	1
4753	4755	10808	1
4091	11113	11124	1
2346	8830	10811	1
3585	8830	11137	1
4257	8683	11131	1
9003	10829	10836	1
8612	8614	11052	1
5841	5843	10814	1
8683	11131	11134	1
6121	11199	11205	1
4148	11098	11104	1
3344	8495	11138	1
2478	9817	10804	1
8099	11193	11199	1
8612	11052	11068	1
9131	11104	11109	1
1213	11167	11172	1
4934	6000	10818	1
8699	9003	10829	1
8611	8615	11088	1
4148	9039	11098	1
5063	9839	11069	1
8599	11093	11106	1
4149	9039	11095	1
6759	11077	11115	1
8613	9982	10810	1
4148	9131	11104	1
9039	11095	11098	1
6979	8655	10823	1
6000	9131	11109	1
4934	9158	10822	1
8379	11045	11056	1
8611	8612	11068	1
6000	11107	11109	1
6118	11183	11193	1
4711	10803	10833	1
3344	11138	11141	1
2065	8506	10832	1
6894	10803	10833	1
4106	4853	10835	1
4257	10802	11131	1
6136	8615	11128	1
8611	11068	11088	1
4934	10818	10822	1
7419	10878	10931	1
6723	9768	10824	1
6102	6136	11129	1
4953	8046	10957	1
6023	10804	10875	1
9003	9810	10836	1
5027	8265	11280	1
3769	9611	10838	1
6136	11128	11129	1
7418	11268	11269	1
3769	10838	10854	1
6758	10941	11077	1
9007	11094	11184	1
6102	11129	11138	1
9302	10957	11170	1
7204	9695	10848	1
6727	10734	10771	1
3769	9501	10854	1
5913	9786	11142	1
8615	11088	11128	1
5837	5839	10863	1
6115	8740	11172	1
3347	8245	10931	1
5766	10752	10941	1
7283	8545	10877	1
1207	1213	11167	1
1208	3347	10878	1
5702	6132	11169	1
9501	10854	10874	1
4663	6122	11071	1
685	4489	10882	1
6322	8470	11309	1
5063	11069	11105	1
7282	7283	10877	1
2680	9501	10874	1
6023	6645	10875	1
5355	7127	10889	1
2680	10874	10888	1
9287	9288	11187	1
6145	11142	11269	1
9270	10895	10900	1
2680	2681	10888	1
6768	10897	10909	1
703	11023	11251	1
6669	9125	10902	1
4119	6063	10895	1
6731	10888	10899	1
3800	9340	10897	1
6123	8059	11279	1
5090	9270	10909	1
3327	7762	10906	1
4623	10895	10900	1
4920	6679	10905	1
6731	9881	10899	1
6770	11025	11167	1
5126	11086	11170	1
3349	8261	11218	1
9288	11169	11197	1
6063	10897	10909	1
5231	6903	10917	1
4035	7418	11278	1
1340	11331	11336	1
4868	4869	10923	1
5238	5239	10925	1
6909	7255	10926	1
6784	11071	11212	1
6728	10769	10786	1
6433	11212	11267	1
7213	11054	11235	1
4972	10253	10911	1
6755	10713	11091	1
5707	10713	11091	1
3352	11328	11333	1
2105	10797	11025	1
3352	7357	11333	1
6047	7419	10931	1
8614	10796	11052	1
3818	9007	11094	1
3796	10796	11052	1
1298	9877	11204	1
8740	11172	11183	1
2684	10899	10963	1
2443	11042	11251	1
4379	5298	10942	1
3709	9539	10941	1
2290	3555	10946	1
3657	9301	11178	1
6747	10963	10975	1
9526	9527	11247	1
5997	10818	11107	1
5988	9527	11247	1
4953	9031	10957	1
3818	6780	11094	1
6701	9031	10960	1
9031	10957	10960	1
2261	2432	11268	1
6000	10818	11107	1
5801	10255	11197	1
2684	9597	10963	1
3800	10897	11075	1
6768	10897	11075	1
5213	6865	11404	1
8524	9251	10970	1
4254	5027	11280	1
4502	4808	11282	1
8774	10982	10993	1
6336	7418	11278	1
4335	11303	11308	1
5053	6747	10975	1
5213	5380	11403	1
7054	8828	11327	1
4614	6065	10982	1
6341	10608	11263	1
8058	8819	11298	1
6769	10911	10959	1
7596	7597	11333	1
4663	4901	11071	1
3709	10941	11077	1
6104	11094	11184	1
4899	8909	11304	1
6132	11178	11218	1
2580	10608	11263	1
6158	8356	11315	1
5303	8774	10993	1
6776	10571	11283	1
6065	10975	10982	1
5294	6157	11308	1
4806	4808	11307	1
5505	7248	11307	1
6556	10911	10959	1
5789	6737	11310	1
713	1190	11010	1
6780	11086	11170	1
2584	10571	11283	1
6433	8390	11267	1
6677	7189	11023	1
6164	7357	11336	1
8934	11069	11076	1
1203	1205	11025	1
1320	1323	11328	1
6171	7357	11333	1
699	2443	11251	1
1325	1328	11331	1
6743	11304	11313	1
8378	8381	11045	1
2172	8719	11056	1
5355	10889	10898	1
1315	8828	11327	1
5213	11403	11404	1
693	9078	11054	1
6669	10900	10902	1
9162	11052	11068	1
3796	9162	11052	1
5130	9674	11047	1
1889	9162	11068	1
8719	11056	11085	1
1889	11068	11088	1
8934	9839	11069	1
4474	9078	11235	1
3800	9118	11075	1
2172	11045	11056	1
1889	9134	11088	1
1147	9468	11076	1
6784	11047	11071	1
3709	9655	11077	1
5126	9302	11170	1
5126	5127	11086	1
8719	9468	11085	1
8394	11098	11104	1
6756	6757	11093	1
9468	11076	11085	1
8752	8754	11095	1
8392	11104	11109	1
8394	8752	11098	1
2798	11268	11269	1
8392	8394	11104	1
5707	9447	11091	1
4605	8391	11107	1
8752	11095	11098	1
6763	11105	11113	1
6322	10562	11309	1
6104	11086	11094	1
8391	8392	11109	1
6144	11184	11187	1
6743	7184	11319	1
6104	6144	11184	1
6763	9179	11105	1
8874	8875	11106	1
6761	8420	11275	1
8391	11107	11109	1
4901	6433	11212	1
2105	9655	11115	1
6762	6763	11113	1
9134	11088	11128	1
6761	10598	11275	1
6762	11113	11124	1
7184	10210	11339	1
6757	11093	11106	1
6701	10959	10960	1
9655	11077	11115	1
3658	9134	11128	1
3658	9425	11129	1
9288	11187	11197	1
3658	11128	11129	1
6764	11134	11137	1
9179	11069	11105	1
6765	9438	11131	1
6765	11131	11134	1
5717	9786	11142	1
1205	11025	11167	1
6764	6765	11134	1
6764	7202	11137	1
8495	9425	11138	1
6101	6102	11141	1
9425	11129	11138	1
3657	9288	11178	1
6101	11141	11149	1
6102	11138	11141	1
6122	11047	11071	1
6101	8756	11149	1
6770	11167	11172	1
6145	7418	11269	1
9674	11047	11204	1
6122	11047	11204	1
2576	8390	11267	1
7376	11142	11269	1
1205	1207	11167	1
5702	5801	11169	1
6115	6770	11172	1
6780	8046	11170	1
5380	7580	11402	1
6132	11169	11178	1
939	9007	11184	1
939	11184	11187	1
3349	11218	11220	1
939	9287	11187	1
1213	9673	11183	1
3697	9673	11193	1
9673	11183	11193	1
6780	11086	11094	1
3697	11193	11199	1
6762	10802	11124	1
3697	9793	11199	1
9793	11199	11205	1
1298	9793	11205	1
6144	10255	11197	1
9674	9877	11204	1
6785	11212	11267	1
6175	7658	11384	1
6784	6785	11212	1
1213	11172	11183	1
8261	9301	11218	1
6131	6132	11220	1
6165	11336	11339	1
6131	11220	11226	1
6131	9459	11226	1
6175	7804	11383	1
6137	9459	11229	1
9459	11226	11229	1
6137	9527	11230	1
6137	11229	11230	1
6785	10608	11236	1
6760	6761	11246	1
6760	9526	11247	1
6760	11246	11247	1
6165	10210	11339	1
2798	7376	11269	1
7804	11383	11389	1
2611	7804	11389	1
2432	2798	11268	1
6175	11383	11384	1
6341	10571	11263	1
6123	6752	11279	1
4254	4255	11280	1
4255	4502	11282	1
4255	11280	11282	1
6336	7395	11278	1
6776	10510	11283	1
6144	11187	11197	1
9288	11169	11178	1
8058	8060	11298	1
6157	6882	11303	1
2611	7880	11391	1
4899	6743	11304	1
5380	11402	11403	1
4806	5505	11307	1
5789	6308	11310	1
6158	11308	11315	1
5027	10598	11275	1
5294	11308	11315	1
3726	11313	11319	1
6171	7596	11333	1
6737	10562	11309	1
2611	11389	11391	1
1323	3352	11328	1
1315	8528	11327	1
1328	1340	11331	1
6164	6165	11336	1
6743	11313	11319	1
2576	11236	11267	1
6677	11023	11251	1
6132	11218	11220	1
6785	11236	11267	1
6174	11383	11389	1
6174	10169	11383	1
6157	11303	11308	1
6174	10076	11389	1
10169	11383	11384	1
6807	10076	11391	1
10076	11389	11391	1
7580	7880	11402	1
6806	6807	11403	1
6806	6808	11404	1
6806	11403	11404	1
6807	11402	11403	1
6807	11391	11402	1
7880	11391	11402	1
6865	11404	11466	1
6808	11404	11466	1
8279	8282	11584	1
7490	7768	11557	1
7769	7772	11557	1
4763	7772	11809	1
7768	7769	11557	1
523	7783	11566	1
5199	6898	11570	1
4734	5202	11570	1
7774	7776	11573	1
7771	7772	11573	1
4736	4738	11575	1
500	7491	11804	1
5214	6960	11579	1
5215	5642	11579	1
505	7297	11647	1
7782	7783	11566	1
5642	5643	11584	1
358	359	11585	1
4738	9771	11586	1
7775	7778	11587	1
5202	10731	11588	1
6928	7877	11592	1
9705	10833	11590	1
7776	11573	11824	1
4750	4751	11591	1
4734	5199	11570	1
8445	8446	11575	1
411	7877	11592	1
359	360	11592	1
7771	7774	11573	1
443	7931	11643	1
538	8282	11598	1
525	8442	11605	1
6979	6989	11608	1
4705	5208	11609	1
427	6980	11795	1
4736	4750	11575	1
7778	11587	11816	1
402	6991	11634	1
6914	10759	11598	1
523	7931	11806	1
6808	6925	11627	1
484	8450	11608	1
6849	6986	11617	1
6866	6914	11637	1
6277	6899	11643	1
427	6978	11712	1
4739	11573	11824	1
5214	5215	11579	1
6927	9770	11647	1
460	8004	11637	1
35	36	11657	1
28	29	11658	1
25	26	11659	1
5242	8658	11660	1
20	21	11661	1
17	18	11665	1
8	9	11666	1
6833	8042	11677	1
8477	8479	11679	1
6835	8336	11678	1
6887	7884	11685	1
9	10	11683	1
7286	7288	11680	1
9646	10246	11686	1
7	500	11690	1
7490	7491	11798	1
6865	11466	11705	1
5208	9823	11587	1
6894	10833	11815	1
37	416	11767	1
30	424	11768	1
27	488	11769	1
22	559	11770	1
4726	8603	11771	1
19	438	11774	1
6843	6945	11779	1
6881	6936	11784	1
6822	8478	11783	1
6906	7287	11782	1
7556	7557	11788	1
6823	6941	11793	1
6882	6937	11791	1
375	427	11795	1
6925	6993	11634	1
1	400	11801	1
1	5	11801	1
565	7488	11801	1
4282	4763	11809	1
537	8281	11825	1
9823	10049	11824	1
526	8004	11812	1
6899	9784	11605	1
5202	11570	11817	1
506	7260	11627	1
5643	5646	11584	1
483	8344	11617	1
6894	11566	11815	1
537	8343	11620	1
358	505	11585	1
5806	9771	11586	1
7775	7776	11587	1
5208	11587	11816	1
6698	10731	11588	1
4738	11575	11819	1
6960	11579	11825	1
8446	11575	11814	1
8343	8344	11620	1
5223	9705	11590	1
4751	5227	11591	1
7878	11570	11817	1
376	427	11712	1
360	411	11592	1
4750	11575	11814	1
402	7230	11634	1
538	8132	11598	1
525	8005	11605	1
6979	10823	11608	1
4705	5223	11609	1
6898	11570	11812	1
5642	11579	11820	1
6884	6945	11804	1
6849	9536	11617	1
8445	11575	11819	1
6245	6960	11620	1
8280	11579	11825	1
6	7488	11690	1
377	6989	11712	1
374	6986	11795	1
6808	11466	11627	1
6991	6993	11634	1
6866	6898	11637	1
7772	11573	11809	1
7878	11570	11812	1
4763	7868	11798	1
7287	11657	11782	1
7557	11660	11788	1
8478	11658	11783	1
6936	11659	11784	1
6941	11665	11793	1
6937	11661	11791	1
559	11677	11770	1
488	11678	11769	1
416	11680	11767	1
424	11679	11768	1
8603	11686	11771	1
6945	11683	11779	1
438	11685	11774	1
6980	6986	11795	1
6893	6894	11806	1
6277	6893	11643	1
376	377	11712	1
6884	7491	11804	1
6890	9770	11647	1
4763	11557	11798	1
8280	11579	11820	1
5642	11584	11820	1
35	486	11657	1
28	488	11658	1
25	432	11659	1
20	438	11661	1
17	518	11665	1
8	500	11666	1
6833	6937	11677	1
6835	6936	11678	1
8477	8478	11679	1
7286	7287	11680	1
10	476	11683	1
6887	6941	11685	1
7558	10246	11686	1
6	7	11690	1
7488	7489	11690	1
6865	6890	11705	1
6894	11566	11806	1
6978	6989	11712	1
4738	11586	11819	1
4739	11573	11809	1
486	11736	11782	1
432	11733	11784	1
518	11761	11793	1
476	11762	11779	1
7558	11758	11771	1
6837	7288	11739	1
8309	8479	11735	1
6837	6903	11740	1
6903	11740	11741	1
6837	11739	11740	1
6836	6904	11736	1
6836	8308	11737	1
8308	8309	11738	1
6836	11736	11737	1
8308	11737	11738	1
8309	11735	11738	1
10926	11741	11745	1
6834	7615	11733	1
6834	8042	11734	1
6834	11733	11734	1
5242	9013	11758	1
8512	8513	11746	1
8604	8606	11750	1
8512	8688	11744	1
6839	6909	11742	1
6839	8688	11743	1
8512	11744	11746	1
8513	8514	11747	1
6909	11742	11745	1
6839	11742	11743	1
8514	11747	11748	1
8688	11743	11744	1
8603	8604	11751	1
8514	9025	11748	1
8606	9025	11749	1
8513	11746	11747	1
8606	11749	11750	1
9025	11748	11749	1
8604	11750	11751	1
6903	10926	11741	1
6909	10926	11745	1
6913	7855	11761	1
7854	7855	11763	1
6845	7854	11766	1
7855	11761	11763	1
6845	7806	11765	1
7854	11763	11766	1
6844	7679	11762	1
6844	7806	11764	1
6845	11765	11766	1
7806	11764	11765	1
6844	11762	11764	1
559	9356	11734	1
432	9356	11733	1
424	9277	11735	1
486	9256	11736	1
9356	11733	11734	1
9256	11736	11737	1
557	9277	11738	1
557	9256	11737	1
9277	11735	11738	1
557	11737	11738	1
416	9145	11739	1
9145	11739	11740	1
544	9168	11741	1
544	9145	11740	1
544	11740	11741	1
9168	11741	11745	1
8976	11744	11746	1
461	9128	11742	1
9128	11742	11743	1
546	8976	11744	1
546	9128	11743	1
546	11743	11744	1
461	9168	11745	1
407	8976	11746	1
461	11742	11745	1
9381	11747	11748	1
407	9381	11747	1
407	11746	11747	1
542	9381	11748	1
9364	11749	11750	1
542	11748	11749	1
542	9364	11749	1
462	9364	11750	1
462	9646	11751	1
462	11750	11751	1
7557	7558	11758	1
518	9132	11761	1
447	9132	11763	1
9132	11761	11763	1
447	11763	11766	1
447	9326	11766	1
550	9326	11765	1
550	9722	11764	1
476	9722	11762	1
550	11764	11765	1
9326	11765	11766	1
9722	11762	11764	1
5202	11588	11817	1
6904	11736	11782	1
7615	11733	11784	1
6913	11761	11793	1
7679	11762	11779	1
9013	11758	11771	1
36	37	11767	1
29	30	11768	1
26	27	11769	1
21	22	11770	1
4726	9013	11771	1
18	19	11774	1
6843	7679	11779	1
6882	7884	11791	1
6881	7615	11784	1
6904	6906	11782	1
6822	8336	11783	1
403	7556	11788	1
6823	6913	11793	1
374	375	11795	1
7490	11557	11798	1
4750	11591	11814	1
10833	11590	11815	1
400	565	11801	1
523	11566	11806	1
7778	7779	11816	1
5208	11609	11816	1
6945	11666	11804	1
4282	4739	11809	1
526	7878	11812	1
8446	8448	11814	1
7876	7878	11817	1
8443	8445	11819	1
8279	8280	11820	1
8279	11584	11820	1
4739	10049	11824	1
8280	8281	11825	1
8443	11586	11819	1
7782	11566	11815	1
7876	11588	11817	1
7782	11590	11815	1
8448	11591	11814	1
500	11666	11804	1
486	11657	11782	1
488	11658	11783	1
432	11659	11784	1
438	11661	11791	1
518	11665	11793	1
6937	11677	11770	1
6936	11678	11769	1
8478	11679	11768	1
7287	11680	11767	1
7558	11686	11771	1
6941	11685	11774	1
476	11683	11779	1
7779	11609	11816	1
402	6984	11714	1
5211	6990	6991	1
4684	5211	6992	1
6984	6990	6991	1
7682	7683	8867	1
709	1241	8868	1
7683	8867	8868	1
8203	9027	9063	1
6086	7906	11022	1
1897	10775	10787	1
8756	10820	10825	1
8380	8381	10745	1
7570	7571	10946	1
5381	8762	9137	1
2868	8380	10745	1
2675	7417	8762	1
5346	7571	8542	1
54	55	403	1
2667	2675	8761	1
4443	7907	7909	1
832	4443	8337	1
3760	7570	10946	1
8756	10820	11149	1
5535	7036	7682	1
2280	2282	8341	1
8202	8206	8910	1
4430	4790	8910	1
1168	1189	8495	1
4359	4360	4361	1
1333	1334	1335	1
8202	8203	8205	1
1060	2172	8719	1
2085	4522	8338	1
4430	4431	4432	1
832	833	834	1
2280	8338	8341	1
7906	7907	7908	1
684	4474	9250	1
1189	1219	1220	1
2282	2283	2284	1
1168	3344	8495	1
8698	8699	8701	1
5532	5534	7052	1
1902	2085	4522	1
2283	2284	2285	1
1334	1338	3726	1
1333	1336	8780	1
1219	1220	1902	1
4431	4433	5381	1
709	712	1241	1
712	715	716	1
715	716	719	1
1088	1089	1090	1
1060	1069	8719	1
1069	1070	1075	1
1090	1092	1093	1
1070	1075	1076	1
1092	1093	1094	1
1087	1088	1089	1
8699	9002	9003	1
5312	6677	7189	1
4359	4361	8658	1
5029	5030	8574	1
4171	4683	4684	1
5534	5535	7036	1
4360	5346	8542	1
833	835	9027	1
1099	9002	9003	1
682	683	684	1
2665	2666	2667	1
1094	1096	9589	1
1076	1084	9014	1
1084	1087	9014	1
4527	5030	6574	1
1096	1099	9589	1
2664	2666	9978	1
6574	9432	9978	1
4170	4683	10169	1
1336	10533	10575	1
722	2868	10723	1
5532	7052	10787	1
681	683	10775	1
6675	8574	10575	1
8698	8701	10825	1
7658	11380	11384	1
2288	3760	10928	1
719	722	10723	1
6043	6642	11017	1
6052	7213	11042	1
5897	6642	11022	1
2172	11040	11045	1
3344	8416	11141	1
6050	6677	11042	1
7189	9666	11017	1
8416	11141	11149	1
2285	2288	10928	1
3726	9794	11313	1
8381	11040	11045	1
6120	11304	11313	1
4474	11235	11242	1
6789	7213	11235	1
4682	7658	11377	1
8909	11299	11304	1
4682	8909	11386	1
5141	10169	11384	1
351	402	11714	1
6911	8658	11660	1
403	11756	11788	1
6911	11660	11788	1
4171	4684	6992	1
6983	6984	6990	1
5211	6990	6992	1
712	716	10777	1
1241	8868	10861	1
6086	7906	7908	1
8203	8205	9063	1
712	1241	10777	1
1897	7047	10787	1
2249	10820	11149	1
8381	10745	10751	1
3760	7570	10937	1
55	403	7324	1
3760	10928	10937	1
2665	2667	8761	1
7417	8762	9137	1
7569	7571	8542	1
2675	7417	8761	1
832	834	8337	1
4790	8206	8910	1
4443	7909	8337	1
5243	6911	8658	1
1152	3344	8416	1
7569	7570	7571	1
1334	1335	1338	1
4357	4359	4360	1
4359	5243	8658	1
4431	4432	4433	1
833	834	835	1
7907	7908	7909	1
1333	1335	8780	1
1168	1188	1189	1
4430	4432	4790	1
1152	1168	3344	1
8202	8205	8206	1
682	684	9250	1
2085	2221	8338	1
2280	2281	2282	1
3641	8698	8699	1
5535	5888	7682	1
2221	2280	8338	1
1188	1189	1219	1
6052	6789	7213	1
1087	1089	5855	1
4433	5381	9137	1
1096	1098	1099	1
1338	3726	9794	1
2281	2282	2283	1
719	720	722	1
716	719	720	1
1087	5855	9014	1
1098	1099	9002	1
1054	1060	2172	1
1070	1076	3630	1
5532	5533	5534	1
1089	1090	9111	1
1094	1095	1096	1
1061	1069	1070	1
1076	3630	9014	1
1093	1094	1095	1
3641	8699	9002	1
1060	1061	1069	1
722	726	2868	1
5029	6675	8574	1
4357	4360	8542	1
5897	6043	6642	1
681	682	683	1
1902	2084	2085	1
5888	7682	7683	1
1090	1093	9111	1
5312	6050	6677	1
5533	5534	5535	1
2283	2285	2287	1
1219	1902	2084	1
835	9027	9063	1
2664	2665	2666	1
4527	5029	5030	1
4527	6574	9432	1
4170	4171	4683	1
2664	9432	9978	1
5312	7189	9666	1
4170	5141	10169	1
1336	8780	10533	1
6675	10533	10575	1
726	2868	10745	1
2285	2287	10928	1
5141	11380	11384	1
7683	8868	10861	1
8381	10751	11040	1
5498	5532	10787	1
681	1897	10775	1
1054	2172	11040	1
8700	10820	10825	1
2249	8416	11149	1
8698	8700	10825	1
6043	9666	11017	1
5897	6086	11022	1
6050	6052	11042	1
4474	9250	11242	1
6789	11235	11242	1
4682	11377	11386	1
6120	11299	11304	1
6120	9794	11313	1
7658	11377	11380	1
8909	11299	11386	1
508	6984	11714	1
6911	11756	11788	1
350	351	11714	1
403	7324	11756	1
6888	9276	11710	2
561	6915	9445	2
549	6959	8121	2
555	9276	11710	2
492	7889	9654	2
6970	7508	11559	2
561	6915	11702	2
347	464	6988	2
430	6957	8124	2
491	7499	11583	2
502	6958	7578	2
549	8121	11650	2
492	7889	11693	2
468	6900	9187	2
563	6946	9554	2
464	9443	9618	2
422	6926	9369	2
414	7502	11596	2
6970	7508	11653	2
568	8328	8330	2
548	6961	8122	2
491	7499	11651	2
319	563	6985	2
430	8124	11656	2
516	7101	7102	2
6958	7578	11642	2
347	348	6988	2
468	6900	11640	2
414	7502	11639	2
464	6988	11613	2
445	7102	7115	2
402	6984	11714	2
568	8330	11689	2
440	6968	6969	2
318	319	6985	2
563	6946	11629	2
9443	9618	11625	2
422	6926	11622	2
8876	9522	11710	2
7501	7502	11596	2
6926	9369	11615	2
333	11583	11596	2
516	7101	7103	2
464	9443	11613	2
6961	8122	8710	2
508	6982	6983	2
440	6969	6970	2
6946	9554	11611	2
405	6975	8122	2
508	6983	6984	2
7888	8124	9205	2
7499	7501	11583	2
7495	9261	11702	2
548	8122	11800	2
516	7102	11697	2
405	6975	8121	2
6900	9187	11601	2
6975	8122	8710	2
555	9522	11710	2
7888	9205	11693	2
7508	11559	11604	2
563	6985	11629	2
568	8328	11576	2
502	6958	11604	2
4171	4684	6992	2
7501	11583	11596	2
549	6959	11601	2
7495	9261	11651	2
5211	6990	6991	2
6983	6990	11564	2
445	7102	11697	2
445	7115	11642	2
8876	9522	11640	2
6990	6992	11564	2
4171	4284	6992	2
6888	9276	11639	2
430	6957	11611	2
440	6968	11694	2
4684	5211	6992	2
7889	9654	11615	2
561	9261	11702	2
548	6961	11625	2
6915	9445	11622	2
6983	6984	6990	2
6969	6970	6994	2
496	8330	11807	2
492	9205	11693	2
9130	11594	11610	2
7101	7103	11561	2
496	8330	11689	2
5218	8329	11574	2
6984	6990	6991	2
5211	6990	6992	2
6951	6995	7091	2
4767	6994	11554	2
6994	6995	11554	2
4280	6995	7091	2
6951	6969	6995	2
6969	6994	6995	2
298	496	11548	2
8126	8128	11544	2
8075	8354	11530	2
8070	10467	11527	2
417	10526	11524	2
8476	10245	11506	2
6243	7235	9090	2
520	7235	9090	2
6242	8156	10509	2
6242	8156	10526	2
6817	7646	9635	2
5274	6817	9635	2
496	7166	11548	2
5258	6330	11043	2
6330	7002	8842	2
3176	7002	8842	2
6700	8128	11544	2
6330	8842	11043	2
1854	6996	7113	2
1851	1854	7113	2
1850	7911	7912	2
1847	1850	7912	2
1846	7040	9583	2
1843	1846	7040	2
3868	11458	11485	2
8804	8805	11549	2
8181	8182	11532	2
9234	11296	11456	2
287	441	11541	2
289	520	11542	2
1854	6996	7114	2
8169	8170	11539	2
5326	7066	7392	2
4771	5326	7066	2
7004	7112	11408	2
3134	3137	7005	2
8354	10216	11530	2
6361	9050	11444	2
7116	9171	11346	2
5342	7129	7131	2
6242	10526	11524	2
4183	10467	11527	2
7129	7131	10826	2
900	901	10511	2
5342	7129	9720	2
861	865	7277	2
865	7032	7277	2
1850	1851	7113	2
3556	8510	10886	2
5326	7116	7392	2
852	3583	7320	2
3583	7034	7320	2
1850	7113	7911	2
912	9244	11311	2
1846	1847	7912	2
1846	7912	9583	2
3138	7003	7004	2
1842	1843	7040	2
3138	7003	9202	2
7003	7075	9202	2
1842	6997	7128	2
1842	6997	7040	2
3117	3120	11195	2
3556	7075	9202	2
5146	10245	11506	2
260	7646	11504	2
893	8029	9787	2
3113	3116	11211	2
889	893	8029	2
905	908	9246	2
6513	11103	11435	2
4195	7131	8398	2
1855	1858	7114	2
4195	6999	8398	2
6286	6999	8398	2
3556	7075	10886	2
6286	6999	7066	2
7128	7129	9720	2
4771	6286	7066	2
4195	7131	10826	2
3120	3122	7094	2
6360	6361	10977	2
3139	7031	7095	2
5648	6321	8031	2
863	870	11367	2
913	916	8795	2
5265	6323	9245	2
6323	9244	9245	2
3139	7031	7094	2
7045	10666	11038	2
855	857	7044	2
3122	3139	7094	2
5406	7144	11232	2
6360	10976	10977	2
8218	8220	11036	2
7035	9238	11368	2
1854	1855	7114	2
7180	7449	11221	2
910	9504	11161	2
3120	7094	11195	2
4603	10968	11340	2
3134	3138	7005	2
949	9127	9511	2
949	7045	9127	2
3705	7042	7043	2
3705	7042	9542	2
7042	8541	9542	2
3116	7097	11211	2
5326	7116	11346	2
1082	8541	9542	2
1082	8540	8541	2
885	890	8221	2
949	7045	10666	2
906	7046	7160	2
1082	8540	8716	2
906	907	7160	2
7833	8540	8716	2
6323	9244	11311	2
4198	7833	8716	2
4198	7831	7833	2
6997	7128	9720	2
1155	7049	7051	2
906	7046	7161	2
5258	5932	11043	2
1155	7049	7137	2
7095	8510	10886	2
4787	7055	7060	2
5813	7055	7060	2
893	7256	8269	2
3348	7257	8269	2
861	863	7277	2
7256	7257	8269	2
890	898	8221	2
898	8219	8221	2
893	7256	9787	2
907	910	7160	2
889	896	8029	2
3348	7257	10423	2
3398	7132	7492	2
3396	3398	7132	2
5648	6289	8031	2
896	8028	8029	2
4197	8220	11036	2
852	854	7320	2
896	8028	8030	2
7196	7267	9844	2
7233	8062	8929	2
3583	7034	7233	2
3583	7233	8929	2
5813	7060	10194	2
836	838	10800	2
3421	7067	7152	2
5462	7079	7081	2
3138	7004	7005	2
3421	7067	7073	2
1148	5462	7081	2
5275	7162	9866	2
4783	7062	7132	2
4985	7112	11408	2
5932	9235	11043	2
3396	4783	7132	2
6289	8030	8031	2
4783	7062	10146	2
7220	7221	11099	2
904	10511	11345	2
865	7032	9238	2
5013	7910	10107	2
5265	6292	9245	2
6697	7144	11232	2
900	8031	10511	2
7908	7910	10107	2
6554	9886	10040	2
4793	7077	9151	2
855	3705	7044	2
3176	7002	11103	2
6086	7906	7908	2
6086	7908	10107	2
6328	7295	8794	2
5304	7095	7664	2
901	904	10511	2
2883	7110	8772	2
910	7160	11161	2
2539	2883	8772	2
3334	7295	8794	2
904	9246	11345	2
3137	7005	10779	2
908	9245	9246	2
904	905	9246	2
6515	6996	11361	2
6310	7180	11221	2
8089	11438	11451	2
3996	7278	9777	2
5479	8136	11140	2
3450	7634	11216	2
7061	7278	9777	2
6289	8028	8030	2
7041	8061	8923	2
851	8061	8062	2
851	8062	8929	2
7426	8207	9279	2
851	8061	8923	2
7031	7095	7664	2
3626	7041	8923	2
3290	3292	8438	2
3626	7041	7426	2
3626	7426	9279	2
3976	7061	7196	2
842	844	9225	2
912	8795	11311	2
6319	7077	9150	2
3976	7061	9777	2
6319	7224	9150	2
4793	7077	9150	2
4760	7099	7187	2
3980	6319	7224	2
7044	10666	11038	2
9127	9511	10040	2
3976	7196	9844	2
6673	7952	11145	2
7152	10785	11011	2
5275	7162	8222	2
1240	8207	9279	2
3399	3402	8557	2
912	913	8795	2
1240	8205	8207	2
916	8794	8795	2
4198	7831	9225	2
8203	8205	9063	2
6332	7099	7187	2
4760	6549	7187	2
1240	8205	9063	2
3139	7095	8510	2
8425	9973	10847	2
2915	6725	11121	2
7196	7267	7388	2
4197	8220	10040	2
8203	9027	9063	2
899	902	10812	2
1155	7051	9225	2
5462	7079	7266	2
6086	7906	11022	2
4787	7055	9717	2
7062	9717	10146	2
5877	9151	9911	2
6274	7115	7253	2
3398	7492	8557	2
3705	7043	7044	2
863	7277	11367	2
902	903	7161	2
5463	7266	7267	2
7207	7642	10792	2
2376	7158	10009	2
4781	5272	9866	2
2211	2376	10009	2
838	7137	10800	2
1897	10775	10787	2
1858	7114	11055	2
6332	7099	7253	2
3290	7299	8438	2
903	906	7161	2
857	7044	10666	2
3980	7224	7952	2
2254	2359	11146	2
4202	5696	9717	2
6195	11436	11438	2
4793	9151	9911	2
6321	8031	10511	2
1886	8049	10996	2
3421	7073	8557	2
7210	7211	9774	2
4027	7220	11099	2
2018	2087	8424	2
7126	7521	10286	2
7004	7005	11408	2
2913	7126	7642	2
4280	7091	7634	2
1838	1842	7128	2
7211	9774	9962	2
5463	7267	7388	2
6194	6195	11436	2
8424	8425	9973	2
1148	7081	7828	2
1837	1838	7128	2
898	8219	10812	2
838	840	7137	2
2714	7210	9774	2
4824	9346	10920	2
840	1155	7137	2
6311	7049	7137	2
5479	7655	7828	2
6361	10977	11444	2
3404	3406	7152	2
2913	7126	10286	2
4349	7121	7521	2
5462	5463	7266	2
3404	3421	7152	2
3116	3117	11195	2
7121	8395	10176	2
4349	7521	10286	2
3112	3113	11211	2
4349	7121	10176	2
6948	8360	9723	2
5591	8360	9723	2
2913	7642	10792	2
6423	9346	10920	2
6554	9127	10040	2
5932	9235	11334	2
2883	5591	8792	2
7100	7115	7253	2
3144	8191	10821	2
3154	8711	9050	2
5479	7655	11140	2
5591	8792	9723	2
7788	7798	10776	2
1890	7141	10800	2
3288	3290	7299	2
6361	8711	9050	2
8218	8221	11036	2
5131	6778	11255	2
4812	7266	7267	2
6818	11446	11453	2
4851	7130	8395	2
8220	9886	10040	2
7112	9171	11346	2
2359	2539	8772	2
2883	7110	8792	2
3112	7610	11376	2
6782	11296	11456	2
865	9238	11368	2
7162	8222	10812	2
2088	2119	10980	2
4851	8395	10176	2
3292	4603	8438	2
7081	7655	7828	2
6108	8049	8051	2
844	4198	9225	2
7055	9717	10146	2
7585	11454	11455	2
1890	7141	11058	2
7221	8051	11099	2
842	1155	9225	2
3398	3399	8557	2
7002	11103	11435	2
6108	8051	8052	2
902	7162	10812	2
3402	3421	8557	2
6320	9346	10955	2
4465	8515	11254	2
7787	9861	10754	2
6362	7667	10272	2
6320	10955	10971	2
8214	10990	11250	2
3148	3154	10914	2
6350	10761	11207	2
5300	5302	7952	2
6585	8646	8647	2
836	1890	10800	2
6585	8647	9872	2
4493	6320	10971	2
902	7161	7162	2
6420	7145	10849	2
6725	8307	11121	2
5604	8646	9427	2
7161	7162	9866	2
6585	8646	9427	2
7051	7831	9225	2
3334	7873	11297	2
2713	7667	10272	2
8219	8222	10812	2
7067	7152	11011	2
7099	7100	7253	2
7141	11058	11065	2
7145	10849	10860	2
1744	1974	9121	2
1974	7245	9121	2
5573	9504	11161	2
2145	8422	8426	2
7205	7206	8500	2
2145	8422	8423	2
3869	4409	7792	2
4493	10971	11011	2
5573	7060	11155	2
4781	5275	9866	2
5272	7046	9866	2
4851	7130	10502	2
6697	7144	11231	2
5406	7180	11232	2
6549	7187	10901	2
3610	7205	8500	2
1146	1157	7828	2
5573	11155	11161	2
6362	8426	10272	2
2376	7158	10285	2
6362	8422	8426	2
4409	7789	7792	2
4437	10360	10936	2
2119	2211	10009	2
297	298	11548	2
4197	9511	10040	2
7091	7634	11216	2
3984	7209	8500	2
4202	4787	9717	2
6133	7818	11194	2
2087	2145	8424	2
253	401	569	2
7073	7492	8557	2
7604	7607	11050	2
7206	7209	8500	2
5696	7062	9717	2
401	569	570	2
6549	10052	10901	2
3860	7252	7939	2
3116	7097	11195	2
1837	7128	7129	2
255	504	7259	2
6721	7738	10360	2
8047	8050	10729	2
2018	8424	9973	2
7503	8750	10181	2
4493	10785	11011	2
3984	7209	10893	2
3610	7205	8501	2
6241	8805	11549	2
4180	7247	7940	2
4812	7267	9844	2
5860	7798	10776	2
7449	7818	11221	2
5204	6332	7253	2
4590	7201	7298	2
6719	10871	10892	2
5204	6274	7253	2
6351	8191	10821	2
6108	8049	10996	2
5452	5453	11294	2
4603	8438	11340	2
885	8221	11036	2
1970	7607	11050	2
3869	3871	7792	2
7818	7845	11194	2
6721	7738	10339	2
3288	4590	7299	2
5341	6414	7380	2
6515	11135	11361	2
6103	6126	10985	2
4812	7266	9998	2
1501	1504	10739	2
6420	7145	10843	2
4440	9861	10754	2
569	570	7425	2
7252	7939	10000	2
6126	10985	10990	2
4236	6697	11231	2
7079	7266	9998	2
3154	8711	10914	2
5295	9238	9470	2
6786	10986	10992	2
898	899	10812	2
6010	8062	10482	2
5097	6786	10992	2
4465	10849	10860	2
4824	9346	10955	2
6414	7380	9543	2
7265	7524	10229	2
3860	7252	7940	2
5394	7116	7392	2
4824	10853	10920	2
449	7294	11500	2
4855	7794	9344	2
4590	7201	7904	2
7221	8050	8051	2
5614	7268	8501	2
897	900	8030	2
3460	7279	8137	2
6889	7502	7503	2
2359	8772	11146	2
6103	9257	11259	2
896	897	8030	2
4409	7789	7791	2
3980	7952	11145	2
1972	8113	10896	2
1890	8337	11058	2
257	449	7294	2
8126	9090	11544	2
7207	7210	10792	2
2908	8951	10550	2
5304	7095	10886	2
8425	10968	11340	2
5300	7224	7952	2
4975	7524	10229	2
3546	7504	7904	2
8111	8116	11001	2
5394	7392	9453	2
6889	7503	10181	2
520	7235	11542	2
1858	1860	11055	2
4143	5097	11244	2
5302	6673	7952	2
254	504	569	2
4409	7791	8536	2
5861	7265	7380	2
6311	7137	10800	2
2935	8568	10583	2
7404	8879	10521	2
8113	8189	10896	2
3406	7152	10785	2
7046	7161	9866	2
6673	7220	11145	2
1974	5604	9427	2
7233	8062	10482	2
5341	5861	7380	2
6388	7247	7940	2
7279	7358	8137	2
570	3825	7425	2
5861	7265	10229	2
1504	1744	9121	2
1974	7245	9427	2
1157	5479	7828	2
1825	7358	8137	2
7235	11542	11543	2
5394	7279	9453	2
1146	1148	7828	2
7201	7504	7904	2
252	253	401	2
1802	7923	10962	2
7910	11058	11065	2
7794	7795	9344	2
449	7259	11499	2
8647	9872	10189	2
7318	7939	10000	2
7503	8750	8789	2
5614	7268	8502	2
441	7274	11541	2
8182	8351	8353	2
6414	8568	9543	2
6328	8794	8795	2
4141	8181	11532	2
1971	8116	11001	2
5013	7910	11065	2
7211	9962	10871	2
6364	7205	8501	2
3460	7279	9453	2
6364	7268	8501	2
3334	7295	11297	2
3121	3123	9392	2
2983	7296	7659	2
4872	7482	8953	2
256	449	7259	2
2983	7296	7662	2
7791	7794	8536	2
7308	7482	8953	2
1825	7358	9727	2
253	254	569	2
2665	2667	8761	2
3923	8750	8789	2
504	569	7425	2
7606	8115	8117	2
1970	11050	11073	2
5411	7404	10521	2
254	255	504	2
10060	11293	11294	2
8116	8117	11037	2
8112	8113	10956	2
8182	8351	9219	2
4862	7308	8953	2
6292	9245	9246	2
6388	7252	7940	2
8075	8352	8353	2
1878	7333	8569	2
5877	9151	10853	2
8349	8351	9219	2
870	3348	11367	2
1825	8210	9727	2
1496	8558	8963	2
4862	7308	7416	2
2983	7659	9668	2
6421	8558	8963	2
5381	8762	9137	2
5295	7032	9238	2
1833	1837	10826	2
4587	6420	10849	2
5783	8170	11539	2
8112	10956	10973	2
7221	8050	10729	2
2119	10009	10980	2
5094	6135	11166	2
5614	8501	8617	2
1411	1508	8502	2
4862	7416	8760	2
7605	10131	10256	2
2726	2904	10325	2
8075	8353	8354	2
7060	10194	11155	2
2714	7210	10792	2
3840	7318	7941	2
3333	8136	11140	2
8007	8008	10359	2
8117	11037	11073	2
7587	7795	9344	2
3923	7885	8789	2
9151	10853	10920	2
1971	10973	11001	2
3861	4180	7940	2
3840	7318	7939	2
7659	7660	9668	2
3610	8501	8617	2
8074	8075	8352	2
900	8030	8031	2
503	7294	11501	2
7035	9238	9470	2
6640	8951	10550	2
3860	3861	7940	2
2904	8432	8471	2
6630	8432	8471	2
425	8074	8352	2
4855	7794	8536	2
7035	7320	11368	2
3923	3924	7885	2
6414	8568	10583	2
6603	8027	9332	2
3095	3097	7845	2
256	257	449	2
7416	8760	8761	2
7660	7661	10098	2
258	503	7294	2
2929	7459	8026	2
3546	8585	10711	2
1878	7333	8024	2
6767	8118	8189	2
1878	8502	8569	2
3153	10850	10865	2
3121	7588	9392	2
1726	1875	8024	2
2675	7417	8762	2
6426	7459	8026	2
3927	7497	7739	2
6311	7141	10800	2
2915	3984	11121	2
3119	3129	7588	2
7625	7941	9742	2
7295	11295	11297	2
4590	7298	7299	2
9283	10162	10167	2
1493	1496	10633	2
3153	8191	10850	2
3119	3121	7588	2
679	1897	10789	2
401	570	571	2
3406	3408	10785	2
5453	10060	11294	2
3144	7798	10821	2
5463	7388	7523	2
4115	8118	10139	2
7660	9668	10098	2
4238	4240	8009	2
7417	8762	9137	2
2904	8432	10325	2
1504	9121	10739	2
7788	9861	10776	2
6817	7646	11504	2
5585	7853	9441	2
7435	8529	9797	2
6435	7187	10901	2
255	256	7259	2
3927	3928	7739	2
6508	7687	9617	2
3702	7852	9233	2
3132	7793	7795	2
6706	7923	10962	2
5585	7852	7853	2
2665	8760	8761	2
3123	3132	9392	2
1726	1878	8024	2
5415	8008	10359	2
3839	4284	10615	2
6721	10360	10936	2
2950	3286	7904	2
2675	7417	8761	2
7073	7492	9945	2
2667	2675	8761	2
7605	7606	10256	2
1411	5614	8502	2
1508	1878	8502	2
6767	8118	10139	2
7787	7792	10754	2
7737	7738	10360	2
480	8178	8546	2
4284	7420	10615	2
258	259	503	2
6067	7073	9945	2
8008	8210	9727	2
3303	7449	7818	2
4006	8114	8119	2
306	307	9129	2
3345	7414	10485	2
6262	8943	10220	2
5585	7852	9233	2
3083	4006	8119	2
6010	7404	10482	2
1837	7129	10826	2
4024	7435	9018	2
1395	2983	7662	2
3840	7941	9742	2
3738	7850	10410	2
3132	7793	7796	2
4024	7435	9797	2
832	834	8337	2
3129	7586	7588	2
1393	1395	7662	2
3095	4244	7845	2
7294	11500	11501	2
425	8074	9191	2
3125	3127	7796	2
7459	8027	9332	2
480	8349	9219	2
7600	7601	7608	2
257	258	7294	2
3924	3927	7885	2
2931	8529	9797	2
3927	7497	7885	2
3340	7661	7663	2
5785	9435	10071	2
4985	7112	11346	2
7660	7661	7663	2
2929	7459	8027	2
6347	7126	7521	2
6055	7553	7554	2
3919	7457	9986	2
4486	7677	7924	2
1886	7923	10996	2
3125	3132	7796	2
8942	8943	10220	2
3702	7851	7852	2
3079	3081	9747	2
7848	7850	10410	2
3097	3303	7845	2
3087	9970	10131	2
3093	4244	7600	2
8271	10220	10414	2
7587	7795	9392	2
5457	6055	7553	2
312	313	7578	2
3170	7687	9617	2
265	457	7761	2
3129	3667	7586	2
4240	4410	8009	2
6603	8027	10167	2
7677	9018	9726	2
3303	7449	7817	2
2908	8471	10550	2
306	8331	9129	2
3822	9481	11227	2
7268	8502	8569	2
6286	8398	9687	2
1875	3563	8024	2
4238	7719	8009	2
6821	11458	11485	2
2699	3345	10485	2
314	315	7508	2
8095	8155	8156	2
6557	8853	10042	2
4024	9018	9726	2
2950	3546	7904	2
4244	7600	7608	2
2954	9986	10275	2
7606	8115	10256	2
3546	7504	10711	2
6678	10865	10894	2
5896	10107	10428	2
7610	7690	7691	2
2725	10250	10325	2
3149	6098	7690	2
4038	7493	8209	2
3081	3083	8119	2
5461	5562	8196	2
8065	8066	8154	2
5542	5795	9871	2
2725	8026	10250	2
6423	7077	10920	2
3099	3101	7817	2
2118	2144	8426	2
2118	2145	8426	2
4497	4949	10130	2
2899	3450	7634	2
7482	8879	10521	2
3286	4590	7904	2
8332	9129	9130	2
3928	4038	7739	2
1074	1123	7644	2
3675	4127	7625	2
3919	8750	10181	2
5262	7031	7664	2
3305	5463	7523	2
5415	8008	9727	2
280	480	8546	2
1373	1376	7998	2
7426	8207	9160	2
6345	6347	7521	2
3127	7796	8718	2
1074	5414	7644	2
7420	10587	10615	2
3099	3303	7817	2
3105	3149	7690	2
3111	3114	7825	2
834	1890	8337	2
7748	8905	10028	2
4486	7676	7677	2
7504	10711	10722	2
2933	9537	9892	2
4443	7907	7909	2
4765	4767	8736	2
3000	3073	7715	2
4384	5262	7664	2
948	1050	7873	2
8027	10162	10167	2
1296	2274	8034	2
3702	7851	7998	2
6719	7667	10871	2
3184	4280	7634	2
8127	8129	8130	2
3675	7625	9742	2
8206	8207	9160	2
8768	9470	9582	2
7888	8123	8124	2
6098	7690	7691	2
4642	6108	8052	2
1798	1886	8048	2
409	7646	9635	2
3132	7795	9392	2
1816	7719	8006	2
305	306	8331	2
8664	9762	10031	2
5772	6286	9687	2
7677	7924	9726	2
3073	4115	7715	2
3101	3104	7817	2
7605	9970	10131	2
5697	9396	9867	2
2210	2253	8944	2
4642	6590	8052	2
264	265	7761	2
2331	8905	10028	2
4127	5147	7625	2
4704	5554	7764	2
5461	7730	8196	2
8066	8070	8154	2
480	8178	9219	2
832	4443	8337	2
6349	7126	7642	2
1886	8048	8049	2
2725	2726	10325	2
5457	7553	7686	2
3110	3111	7825	2
5561	7686	8147	2
3067	10531	10556	2
8180	11533	11535	2
3336	8008	8210	2
8095	8154	8155	2
5554	6900	7764	2
8071	8480	9191	2
3091	3093	7600	2
5155	6239	10196	2
7784	7788	7797	2
6614	6616	10535	2
2274	6076	8034	2
5422	7550	9800	2
2910	9467	9626	2
6216	6217	6218	2
6216	7625	7941	2
3597	3682	7834	2
8007	8009	10359	2
2741	5561	8147	2
7719	8006	8007	2
570	571	572	2
7825	10448	10513	2
4115	7715	10139	2
281	282	8174	2
5422	5966	9800	2
3758	3845	7748	2
8071	8074	9191	2
6262	8943	10280	2
6218	6219	6220	2
307	472	9129	2
3757	6342	6343	2
5711	8954	8980	2
2899	3184	7634	2
3738	10376	10410	2
1394	5614	8617	2
5147	6215	6216	2
5275	8222	9285	2
292	293	8129	2
6345	7121	7521	2
5414	7523	7644	2
3673	3860	7939	2
6508	6509	7687	2
4790	8206	9160	2
934	947	9169	2
7388	7523	8732	2
3079	4008	9747	2
2612	5461	7730	2
3565	3756	3757	2
7788	7797	7798	2
1376	3702	7998	2
1050	5451	7873	2
6220	6221	6222	2
3127	3130	8718	2
3450	8360	11216	2
293	536	8129	2
7211	10871	10892	2
7457	9986	10275	2
6217	6218	6219	2
3682	7834	9842	2
5510	8089	9048	2
6219	6220	6221	2
3081	8119	9747	2
5582	5800	8732	2
4038	7493	7739	2
5627	8766	9289	2
6222	6223	6233	2
6342	7130	8395	2
5564	5566	8415	2
2019	2117	7737	2
4486	7676	8270	2
6658	7296	10647	2
276	425	9191	2
8106	8118	8189	2
4778	7830	7832	2
5337	6957	8123	2
1792	2158	7916	2
311	312	445	2
7298	7299	7300	2
4790	8206	8910	2
2697	5591	8359	2
6510	6511	7911	2
9231	9984	10305	2
6221	6222	6223	2
5353	6719	7667	2
8645	8646	8647	2
6067	9396	9945	2
1496	8558	10633	2
2902	8853	10042	2
8047	8048	8050	2
3379	3384	9299	2
3305	7523	7644	2
2117	7737	7738	2
6343	6344	6345	2
3667	3670	7586	2
433	8171	8172	2
8174	8175	8546	2
6233	6234	6235	2
8767	8768	9582	2
8180	8181	11533	2
2145	8423	8424	2
8351	8352	8353	2
5562	5565	8196	2
479	8067	8480	2
5147	6216	7625	2
2935	8951	10583	2
5566	6034	8415	2
4529	6613	8669	2
1489	1492	8765	2
449	11499	11500	2
3919	7457	10181	2
5653	8527	8782	2
1953	1978	7736	2
1978	7736	7737	2
3674	3862	9062	2
6516	8663	9164	2
3756	3757	6342	2
1123	1145	7644	2
5565	7663	8196	2
4277	4765	4767	2
3340	7663	8196	2
6215	6216	6217	2
5858	10114	10223	2
8350	8351	8352	2
522	7758	7759	2
1267	1296	8034	2
5509	7838	9321	2
1371	1373	7998	2
2072	3340	7661	2
5414	7523	8732	2
6957	8123	8124	2
8215	9886	10079	2
281	8174	8546	2
5565	5567	7663	2
4414	4416	8041	2
5561	5563	7686	2
1177	5479	8136	2
935	948	7873	2
6343	6345	7121	2
6216	6218	7941	2
305	497	8331	2
5295	8768	9470	2
3136	7784	7797	2
283	433	8171	2
3845	5049	7748	2
5455	7848	7849	2
532	8065	8154	2
2330	2612	7730	2
2910	9467	9610	2
262	409	7758	2
1492	7999	8765	2
8644	8645	8646	2
1815	10845	10951	2
4692	7720	7721	2
4414	5415	8041	2
2253	8271	8944	2
4187	5711	8954	2
519	8169	8170	2
8175	8178	8546	2
3184	3908	4280	2
425	8350	8352	2
3111	3112	3113	2
2697	2698	8359	2
3667	3669	3670	2
3604	8664	10031	2
1480	2166	8270	2
4926	5455	7848	2
1796	1798	8048	2
6516	9079	9164	2
5422	7550	10031	2
312	445	7578	2
3109	3110	3111	2
6510	7911	7912	2
7719	8007	8009	2
4716	6272	8209	2
5563	7553	7686	2
2168	4486	7924	2
6345	6346	6347	2
5411	7404	10482	2
3915	4190	7990	2
5647	9467	9626	2
2958	3919	9986	2
4730	5337	8123	2
2463	8975	9565	2
6218	7318	7941	2
479	8065	8066	2
8106	8108	8189	2
7207	7208	7210	2
2941	4854	9543	2
5415	8041	9727	2
2713	7667	10871	2
3872	4692	7720	2
5591	8359	8360	2
5795	6618	9871	2
2999	3000	7715	2
6508	7942	9617	2
3115	3116	3117	2
3109	3111	3112	2
4115	8105	8118	2
2463	8399	8975	2
1852	8527	8782	2
6218	6220	7318	2
277	425	8350	2
2716	2899	3450	2
3551	8564	8644	2
4760	5216	7099	2
285	519	8169	2
5785	8766	9289	2
2824	10485	10603	2
3673	3674	3860	2
6235	6388	6389	2
5721	6067	9396	2
2541	2646	7874	2
1919	8678	8679	2
3670	3671	3672	2
3156	3157	8372	2
5621	6655	8529	2
5856	7298	10748	2
3384	3392	9299	2
6269	6982	6988	2
536	8129	8130	2
1500	10718	10739	2
6512	7687	10226	2
4704	5206	7764	2
1805	3808	8861	2
3417	3418	9345	2
3113	3114	3115	2
4443	7909	8337	2
6260	6961	8710	2
5042	5966	7693	2
8067	8071	8480	2
1800	1886	7923	2
1296	1369	2274	2
3672	3673	3674	2
5800	7388	8732	2
6272	7493	8209	2
6511	6514	7911	2
1177	1195	8136	2
4949	8767	10130	2
6347	6349	7126	2
6950	6968	6985	2
266	457	7937	2
3757	6343	6344	2
3597	4778	7834	2
1371	7998	9138	2
6432	6631	9850	2
2457	3346	8376	2
3110	5036	7825	2
3674	3860	3861	2
8070	8154	8155	2
5711	6926	8980	2
1264	1267	3333	2
453	8125	8126	2
3861	3863	4180	2
3621	4265	8214	2
2539	2697	2883	2
2907	2910	9610	2
5785	8766	10071	2
1786	8142	8143	2
4008	8105	8106	2
6222	6233	6234	2
4038	4039	8209	2
2200	8168	8663	2
3551	4911	8644	2
522	7759	7760	2
8782	8783	10017	2
3168	8088	8089	2
3669	3670	3671	2
3863	4180	7755	2
6344	6345	6346	2
6516	8168	8663	2
4567	4760	6549	2
4235	8212	8213	2
6365	7206	7207	2
7851	7998	9138	2
1786	1788	8142	2
4384	4411	7664	2
3104	5405	7817	2
4778	7832	7834	2
8217	8222	9285	2
3113	3115	3116	2
3874	5169	7720	2
6347	6348	6349	2
3117	3118	3119	2
6613	6614	10345	2
3450	8359	8360	2
3152	4985	9290	2
1916	1919	8678	2
4432	4790	8472	2
6529	8540	8541	2
7100	7102	7115	2
947	1140	9169	2
3119	3120	3121	2
6950	6951	6968	2
3594	5785	9435	2
3303	7818	7845	2
4937	5631	7949	2
8577	8831	9495	2
1480	1481	8270	2
5338	6247	9723	2
4006	10131	10256	2
3671	3672	3673	2
6254	6959	8121	2
2210	2338	8944	2
261	409	7646	2
3118	3119	3129	2
5406	6098	7144	2
4716	5711	6271	2
3142	3153	8191	2
6468	9537	9892	2
8975	9565	9961	2
4567	4759	4760	2
4049	5509	9321	2
3104	3105	3149	2
273	479	8065	2
4729	7887	7888	2
4768	7887	7889	2
1375	1377	9342	2
1978	2019	7737	2
3121	3122	3123	2
6220	7318	10000	2
6307	7042	8541	2
1488	1489	8765	2
3147	3152	9290	2
3394	4783	9678	2
7050	8017	8468	2
1296	1356	1369	2
4499	8727	9223	2
2879	3930	9080	2
3861	3862	3863	2
5966	9800	10389	2
3165	3168	8088	2
3930	5553	9080	2
3172	3855	9048	2
1267	3333	8034	2
409	7758	8476	2
279	480	8349	2
3575	3579	8537	2
6365	7205	7206	2
7206	7207	7208	2
4411	4412	4413	2
1059	5582	8314	2
5564	5565	5566	2
3107	3108	3109	2
8202	8206	8910	2
5603	8997	9109	2
3568	3572	9184	2
5156	5157	7585	2
6349	6365	7642	2
1369	2274	2914	2
4949	8767	9582	2
9282	9283	10167	2
8989	8997	9109	2
1816	3663	7719	2
1814	1816	8006	2
1827	4243	8454	2
263	522	7758	2
3678	10211	10267	2
4391	5322	8468	2
6529	8539	8540	2
1790	1792	7916	2
433	8172	8173	2
3168	8089	9048	2
4911	8644	8645	2
4384	4410	4411	2
4430	4790	8910	2
1936	2096	8628	2
2741	2742	8147	2
287	288	441	2
6307	6529	8541	2
2439	2646	8271	2
8049	8050	8051	2
4494	4496	10081	2
7000	8133	9453	2
1826	3460	8137	2
2947	3546	8585	2
4727	4768	7887	2
270	417	8094	2
1370	1371	9138	2
5262	6293	7031	2
3863	3866	7755	2
4816	5575	8436	2
532	8094	8095	2
3162	3958	8509	2
1828	3460	8133	2
3103	3104	3105	2
5568	6658	7296	2
5566	5567	5568	2
8177	8179	8180	2
5618	5619	9018	2
269	417	8054	2
3120	3121	3122	2
2211	2254	2376	2
3839	4171	4284	2
280	281	8546	2
1894	3551	8564	2
3117	3119	3120	2
4778	7830	8017	2
3157	3160	8372	2
1805	1806	8861	2
1500	8963	10718	2
3651	8913	9330	2
2646	7874	10207	2
6655	8529	10449	2
4238	4239	4240	2
3135	7784	7785	2
2906	8262	9610	2
5562	5563	5564	2
261	262	409	2
5619	7435	9018	2
3407	3411	8773	2
7603	7604	7607	2
4575	10024	10196	2
1267	1284	1296	2
8108	8109	8112	2
2741	5461	5561	2
6239	6240	10488	2
1486	5480	8733	2
7050	7830	8017	2
6426	8026	10250	2
285	286	519	2
6342	6350	7130	2
4727	4729	7887	2
6053	6791	8809	2
6239	9073	10196	2
4418	7116	9171	2
5565	5566	5567	2
2658	4234	9085	2
5457	5458	6055	2
3563	3565	8023	2
1917	1936	8628	2
3101	3103	3104	2
4416	5393	8041	2
7208	7210	7211	2
3105	3106	3107	2
292	453	8129	2
2905	2908	8471	2
3663	4238	7719	2
3670	3672	5504	2
5123	9557	9738	2
2136	2200	8881	2
2914	2915	3984	2
7497	7498	7885	2
3133	3135	7784	2
4410	4411	4412	2
5568	6034	6658	2
2455	2458	8693	2
5564	6008	8415	2
2158	7916	10706	2
3091	4005	7600	2
6349	6364	6365	2
7416	7417	8761	2
8349	8350	8351	2
5049	6717	7748	2
6550	9474	9957	2
5049	6716	6717	2
4383	4384	5262	2
5216	7099	7100	2
309	310	516	2
8108	8112	8113	2
4414	4415	4416	2
5310	5575	8422	2
313	314	502	2
1145	1146	1148	2
2455	2456	8693	2
479	8066	8067	2
2453	2457	8376	2
7601	7602	7603	2
4432	4434	8472	2
3803	5457	7686	2
3111	3113	3114	2
1824	1827	8454	2
3097	3099	3303	2
3075	4115	8105	2
4382	8215	8216	2
3162	3163	8509	2
6613	8669	9647	2
6534	8028	8029	2
2568	2725	8026	2
6069	6070	6071	2
503	11501	11503	2
3694	3711	8823	2
6009	7041	8061	2
1264	1265	1267	2
2136	2229	8881	2
282	433	8174	2
3862	4855	9062	2
3619	3621	8214	2
884	893	8269	2
3093	3095	4244	2
5206	6254	6959	2
5631	7949	9439	2
7849	7852	7853	2
6254	6975	8121	2
5353	6362	7667	2
6293	7031	7094	2
2166	4486	8270	2
8576	8577	9495	2
8068	8069	8073	2
4243	8454	8455	2
267	531	7937	2
5337	6246	6957	2
263	264	522	2
3863	3864	3866	2
3149	5406	6098	2
8173	8175	8176	2
3870	3872	4692	2
6043	9666	9676	2
3711	4973	8823	2
5653	8782	8783	2
2019	2088	2117	2
3149	5405	5406	2
1123	1144	1145	2
6257	6260	8710	2
1807	1808	8625	2
3346	8376	9984	2
1952	3551	4437	2
8105	8106	8118	2
3960	5772	9329	2
3416	4382	8215	2
1823	1825	8137	2
5542	9299	9871	2
2999	3803	5456	2
7000	7392	9453	2
1803	1996	9594	2
4042	4187	4716	2
3122	3123	3124	2
4442	4967	9332	2
4926	6162	7848	2
8066	8067	8068	2
291	453	8125	2
1821	1822	1823	2
3123	3124	3125	2
282	283	433	2
4411	4413	5304	2
497	8326	8327	2
8628	8727	9223	2
3115	3117	3118	2
4008	8106	8107	2
5405	5406	7180	2
8048	8049	8050	2
4240	4383	4384	2
4730	5336	5337	2
3872	3874	7720	2
5132	6126	8323	2
3142	3144	8191	2
6947	6949	6950	2
3383	3608	8787	2
264	522	7761	2
1826	1827	1828	2
5627	5628	8766	2
5582	8314	8732	2
2274	2914	2915	2
3874	4272	5169	2
3606	8044	9004	2
5157	5511	6196	2
4518	8268	9051	2
1399	3702	9233	2
3577	4235	8212	2
3663	4237	4238	2
3133	3136	7784	2
6598	9530	10069	2
1051	1059	8314	2
1918	1937	8677	2
5203	6958	8736	2
5563	5564	6008	2
1407	1682	8143	2
1873	1894	8564	2
3156	8372	8373	2
2170	2210	2253	2
2612	2741	5461	2
4415	4416	4417	2
4191	4704	5206	2
6916	7494	7495	2
1399	1400	1408	2
1819	1820	1821	2
1823	1826	8137	2
2168	2169	2170	2
1334	1335	1338	2
2463	8399	9004	2
265	266	457	2
1050	1051	1059	2
2958	2960	3919	2
1357	1358	1370	2
3130	3135	8718	2
4817	5310	5353	2
5567	5568	7659	2
3077	4008	8105	2
3094	3096	9081	2
3573	3575	8537	2
1065	1074	5414	2
6435	10761	10901	2
3870	3871	3872	2
5711	6271	6926	2
2656	2658	9085	2
4055	9949	10153	2
1894	1952	3551	2
4704	5553	5554	2
5461	5561	5562	2
3417	6320	9345	2
5507	7482	8879	2
1806	1807	1808	2
453	8126	8127	2
2698	2716	8359	2
3565	3566	3756	2
1788	3341	8142	2
6290	6534	8028	2
1800	1802	7923	2
2697	2883	5591	2
6246	6247	6946	2
2699	3066	3345	2
8044	8399	9004	2
1376	1377	1399	2
1815	1817	1818	2
2643	2879	3335	2
4412	4413	4414	2
2879	3335	3930	2
3682	9435	10071	2
5310	6362	8422	2
5554	6275	6900	2
5310	5353	6362	2
1823	1824	1826	2
8942	8944	10220	2
2464	2549	9283	2
1804	1806	1807	2
2168	2170	7924	2
4774	5932	9267	2
1808	1810	1811	2
8212	8213	9255	2
4413	5304	8382	2
5451	5452	5453	2
4611	4727	4768	2
6554	9886	10079	2
3335	3930	4191	2
279	280	480	2
289	290	520	2
3073	3075	4115	2
3674	3861	3862	2
7784	7785	7788	2
3123	3125	3132	2
272	532	8065	2
3866	3867	3868	2
3077	3079	4008	2
948	1049	1050	2
3104	3149	5405	2
1812	1814	1815	2
290	520	8125	2
3083	3085	4006	2
5322	7050	8468	2
4857	9666	9676	2
5695	5697	9867	2
2166	2167	2168	2
6346	7333	8569	2
1788	1790	3341	2
6222	6234	10000	2
8111	8115	8116	2
268	531	8054	2
1145	1148	3305	2
1817	1818	1819	2
5575	8422	8423	2
1335	1338	1339	2
3824	4816	8436	2
3130	3133	3135	2
1820	1821	1822	2
4413	4414	4415	2
1338	1339	1357	2
1408	1409	1480	2
1822	1823	1824	2
3166	7942	8509	2
5456	5457	5458	2
6388	6389	7247	2
4787	5573	7060	2
6260	6263	6961	2
4759	4760	5216	2
1335	4987	8780	2
6429	6432	8914	2
274	479	8480	2
1798	1800	1886	2
5166	5168	5351	2
7736	7737	10360	2
8107	8108	8109	2
1792	1794	2158	2
6344	7333	8023	2
6346	6347	6348	2
3930	4191	4704	2
8126	8127	8128	2
6348	6349	6364	2
1810	1811	1812	2
1827	1828	1829	2
6602	6603	10084	2
3133	3134	3136	2
1370	1410	4222	2
2777	2999	3803	2
3105	3107	7690	2
1864	1915	9401	2
8067	8068	8069	2
3125	3126	3127	2
8106	8107	8108	2
6070	6071	6072	2
7499	7500	7501	2
1818	1819	1820	2
2933	9080	9892	2
267	268	531	2
1824	1826	1827	2
5561	5562	5563	2
6011	7426	9160	2
284	8169	8171	2
1796	8047	8048	2
6365	7207	7642	2
8373	9687	10124	2
276	277	425	2
3862	3863	3864	2
497	8327	8331	2
3799	4948	8989	2
1508	1726	1878	2
1744	1872	1974	2
3140	3141	3142	2
3563	3564	3565	2
3130	3131	3133	2
5800	7061	7196	2
1358	1370	1371	2
1059	5451	5452	2
1195	1263	1264	2
6234	6235	6388	2
4727	4728	4729	2
3346	9282	10084	2
1377	5793	9342	2
1872	1974	5604	2
8066	8068	8070	2
5480	7676	8733	2
1339	1357	1358	2
4039	4042	8209	2
5772	8373	9329	2
3336	8007	8008	2
4716	6271	6272	2
2161	9902	10109	2
3405	3407	8773	2
271	532	8094	2
1801	1803	9594	2
2939	2941	9543	2
3672	3674	9062	2
4042	4043	4187	2
1814	1815	1817	2
3868	3869	3870	2
2025	3587	8810	2
3979	6319	6423	2
3803	5456	5457	2
6318	9470	9582	2
9377	9942	9953	2
3089	3091	4005	2
1821	1823	1825	2
3127	3128	3130	2
6267	6268	6269	2
1480	1743	2166	2
497	8325	8326	2
273	274	479	2
3551	4437	4911	2
5562	5564	5565	2
1488	5480	5481	2
5481	5618	5619	2
3591	3599	9200	2
4765	5203	8736	2
3292	3294	4603	2
4780	6583	8587	2
3124	3125	3126	2
3140	3142	3144	2
4926	6161	6162	2
4240	4384	4410	2
6428	9037	9038	2
3381	3382	8834	2
4529	5172	6613	2
3131	3133	3134	2
4187	4716	5711	2
8423	8424	8425	2
1144	1145	1146	2
1828	1829	1830	2
3855	5510	9048	2
4417	5299	5325	2
5147	5274	6215	2
3136	3137	3140	2
1796	1797	1798	2
5480	5481	5618	2
2946	2948	9315	2
4416	4417	4418	2
5794	7550	9800	2
923	935	3334	2
1286	2685	8702	2
3824	4665	4816	2
1486	1488	5480	2
8115	8116	8117	2
1333	1334	1335	2
2439	2440	2541	2
3864	3866	3867	2
1828	1830	8133	2
7602	7603	7604	2
2357	2427	2824	2
5458	6055	6766	2
5157	5510	5511	2
3606	3993	8044	2
4665	4817	8307	2
3604	3763	4078	2
5281	7098	9173	2
3370	9030	9051	2
6271	6272	6915	2
3958	5607	8509	2
4078	5042	5422	2
5621	7435	8529	2
7850	10531	10556	2
4534	5275	9285	2
5325	7004	7112	2
6557	8262	10042	2
2088	2118	2119	2
5577	7265	7524	2
271	272	532	2
3379	4055	9299	2
1497	1500	8963	2
1830	1831	1832	2
2439	2541	2646	2
3142	3143	3153	2
8202	8203	8205	2
1049	1050	1051	2
3381	3386	8834	2
2119	2144	2211	2
8328	8329	8330	2
4239	4240	4383	2
4078	5040	5042	2
4782	5863	8793	2
5621	5622	6655	2
8072	8074	8075	2
3915	7990	9859	2
5013	10107	10428	2
6863	6864	6888	2
5618	7676	7677	2
1832	1834	4195	2
3563	8023	8024	2
3867	3868	3869	2
8179	8180	8181	2
1050	1059	5451	2
1148	3305	5462	2
5206	5207	6254	2
260	261	7646	2
5582	5799	5800	2
5042	5940	7693	2
5862	11534	11536	2
1829	1830	1831	2
2643	2644	2879	2
7758	7759	8476	2
4042	4716	8209	2
6162	7848	7850	2
3126	3127	3128	2
1358	1372	8903	2
1819	3336	8210	2
2541	2542	2643	2
520	8125	9090	2
1952	1953	7736	2
269	270	417	2
5290	10461	10520	2
1376	1399	3702	2
5042	5422	5966	2
6509	6511	6512	2
1377	1399	1400	2
1486	1487	1488	2
3667	3668	3669	2
4556	5270	9141	2
5325	7003	7004	2
6364	6365	7205	2
7849	7851	7852	2
5567	7659	7660	2
1991	2025	8810	2
4222	4926	5455	2
1408	1480	1743	2
3137	3140	3141	2
2169	2170	2210	2
4417	4418	9171	2
5613	8707	8715	2
3128	3130	3131	2
3872	3873	3874	2
5168	5442	9496	2
623	624	9009	2
6067	7067	7073	2
2253	2438	2439	2
2170	2253	2438	2
3108	3109	3110	2
5337	5338	6246	2
1831	1832	1833	2
2541	2643	7874	2
6532	8262	9610	2
8069	8071	8072	2
4433	4435	9137	2
4442	5443	9332	2
1743	2166	2167	2
3803	7686	8147	2
8175	8176	8177	2
3867	4409	8536	2
3151	3156	9329	2
5566	5568	6034	2
4665	4816	4817	2
6255	6975	8710	2
473	8804	8805	2
1812	1813	1814	2
3577	3847	4235	2
6290	6532	6533	2
1790	3341	7916	2
2958	2959	2960	2
5455	7851	9138	2
4816	4817	5310	2
6509	6512	7687	2
1916	1918	8678	2
2943	4854	5577	2
2947	2950	3546	2
3286	3288	4590	2
1802	1803	1804	2
2685	8702	8703	2
3461	4787	5573	2
935	3334	7873	2
1373	1375	1376	2
4237	4238	4239	2
678	3822	9480	2
884	889	893	2
4788	4789	6009	2
7833	8539	8540	2
2211	2212	2254	2
4430	4431	4432	2
4780	5266	8587	2
3821	8849	9399	2
5288	7081	7655	2
8676	8678	8679	2
5299	5325	7003	2
2254	2255	2359	2
1875	1995	3563	2
1833	1836	1837	2
2167	2168	2169	2
3305	5462	5463	2
6071	6072	6073	2
3099	3100	3101	2
3599	4960	9200	2
7496	7498	7499	2
3874	3875	4272	2
1800	1801	1802	2
3093	3094	3095	2
6254	6255	6975	2
4640	6069	6070	2
4496	4497	10130	2
5452	5582	5799	2
2899	2900	3184	2
1400	1408	1409	2
4789	6009	6010	2
1989	2023	8871	2
3164	3165	8088	2
6009	6010	8061	2
1862	4518	8831	2
3135	7785	7786	2
2960	2961	3923	2
1504	1505	1744	2
3150	3151	9329	2
4049	4494	5509	2
5651	6516	9079	2
2646	8271	10414	2
278	8349	8350	2
2023	9079	9164	2
2906	2907	9610	2
3129	3666	3667	2
4567	6549	8537	2
5619	5621	7435	2
6791	8809	8849	2
4431	4432	4433	2
1826	1828	3460	2
2949	9315	10059	2
6051	6053	8809	2
6072	9837	9890	2
4187	4188	8954	2
2716	2717	2899	2
1371	1372	1373	2
2944	2947	8585	2
5266	6325	8587	2
1838	1841	1842	2
1496	1497	8963	2
4434	4435	4436	2
6272	6915	6916	2
1798	1799	1800	2
833	834	835	2
4415	4417	5299	2
4432	4433	4434	2
8108	8113	8189	2
1375	1376	1377	2
2456	7838	8693	2
3163	3164	3165	2
4611	4612	4727	2
8849	9557	9738	2
908	9244	9245	2
1339	1358	8903	2
4436	4788	4789	2
5651	9079	9147	2
2205	2330	7730	2
2941	2943	4854	2
6346	6348	8569	2
832	833	834	2
2096	8628	9223	2
1817	1819	3336	2
3370	3372	9030	2
8205	8206	8207	2
1483	1486	8733	2
1845	1846	1847	2
2128	4523	9217	2
3101	3102	3103	2
4854	7380	9543	2
6276	6469	6863	2
3107	3109	7610	2
3712	4391	8468	2
4188	4610	4611	2
304	497	8325	2
3141	3142	3143	2
3161	3163	3164	2
836	837	838	2
3808	5734	8861	2
678	680	9480	2
834	835	836	2
5206	6959	7764	2
1804	1805	1806	2
3136	3140	7797	2
3148	3151	3154	2
624	627	9009	2
2253	2439	8271	2
6318	7034	7035	2
3392	3740	5542	2
1744	1745	1872	2
3157	3158	3159	2
3368	3369	8440	2
4069	5808	9228	2
8177	8178	8179	2
5588	8675	9503	2
1834	4195	6999	2
3155	3157	3158	2
4434	4788	8472	2
7299	7300	8438	2
1264	3333	8136	2
7676	8270	8733	2
4854	5577	7265	2
5609	6285	6508	2
1829	1831	8882	2
3165	3167	3168	2
3151	3154	3155	2
1894	1895	1952	2
283	284	8171	2
2072	2205	3340	2
1841	1842	1843	2
291	292	453	2
7785	7786	7787	2
1843	1845	1846	2
3378	3383	8787	2
3673	3840	7939	2
2568	2929	8026	2
6557	6558	8853	2
1836	1837	1838	2
6549	8537	10052	2
2019	2087	2088	2
3871	3872	3873	2
4234	5787	9085	2
5794	5795	5871	2
6319	6423	7077	2
4436	5507	8879	2
6070	9492	9837	2
2915	6076	6725	2
7494	7495	7496	2
3134	3136	3137	2
6285	6508	6509	2
7494	7497	7739	2
2539	2540	2697	2
277	278	8350	2
5719	5721	7895	2
5444	6428	9037	2
843	844	845	2
4049	4050	4494	2
837	838	839	2
3418	3979	9345	2
1357	1370	1410	2
835	836	837	2
1838	1840	1841	2
7206	7208	7209	2
5455	7849	7851	2
1409	1480	1481	2
1808	1809	1810	2
1833	1835	1836	2
3851	5613	8715	2
5619	5620	5621	2
6010	8061	8062	2
4222	4681	4926	2
1794	1795	1796	2
3417	4493	6320	2
4873	4949	4950	2
7908	7909	7910	2
2914	3984	8500	2
4005	7600	7601	2
4039	4041	4042	2
4190	5152	7990	2
5604	8644	8646	2
6289	6290	8028	2
4434	4436	4788	2
2657	2659	9321	2
4495	4496	4497	2
4816	5310	5575	2
1824	1839	8454	2
7907	7908	7909	2
1917	5650	8628	2
3960	4771	5772	2
2166	2168	4486	2
3412	3417	4493	2
1065	5414	8314	2
1830	1832	1834	2
3400	3414	3604	2
1978	2018	2019	2
2549	2550	2551	2
2880	2932	2933	2
5507	7308	7482	2
7895	9396	9867	2
3109	3112	7610	2
3924	3926	3927	2
1853	1854	1855	2
4041	4042	4043	2
5393	5394	7279	2
3085	3086	3087	2
5155	6238	6239	2
1831	1835	8882	2
2662	2676	4049	2
3144	7797	7798	2
3992	4626	9338	2
4391	5321	5322	2
5649	6290	6532	2
6551	8676	8679	2
2054	2072	7661	2
5554	5555	6275	2
5721	6066	6067	2
1333	1335	8780	2
839	840	841	2
2960	3923	8750	2
3400	3604	8664	2
5511	6196	6818	2
1895	1976	9816	2
1262	1286	8702	2
3677	5603	9108	2
2934	2953	2954	2
3855	5156	5157	2
3979	3980	6319	2
841	842	843	2
1918	8677	8678	2
284	285	8169	2
4627	5295	8768	2
7906	7907	7908	2
3968	5647	9626	2
3097	3098	3099	2
3169	3172	9048	2
7500	7501	7502	2
840	841	842	2
4587	5131	6420	2
3587	5588	8810	2
4581	6584	9260	2
8268	9030	9051	2
3172	3173	3174	2
6631	9333	9850	2
8372	8373	10124	2
2955	2957	2958	2
4433	4434	4435	2
7049	7050	7051	2
3608	5813	10174	2
847	848	849	2
2330	2520	2612	2
1808	1811	8625	2
1913	8576	9017	2
1952	4437	7736	2
849	850	852	2
2748	4465	8515	2
4494	4495	4496	2
6717	7748	8905	2
2359	2360	2539	2
4272	4273	5165	2
4435	5508	9137	2
4581	5402	6584	2
5302	6671	6673	2
1863	1864	9401	2
6358	6359	6360	2
2440	2541	2542	2
8109	8110	8111	2
3091	3092	3093	2
3928	4037	4038	2
8988	8989	9109	2
1497	1499	1500	2
6011	8472	9160	2
2453	2455	2457	2
4117	4640	9492	2
5628	6306	6307	2
4774	5258	5932	2
5799	5800	7061	2
2748	3056	4465	2
5338	6246	6247	2
1394	1411	5614	2
1858	1859	1860	2
1873	1893	1894	2
1851	1853	1854	2
3637	3799	8989	2
870	878	3348	2
3146	3147	3148	2
5168	5351	9496	2
4265	5094	5134	2
1493	1495	1496	2
3869	3870	3871	2
6354	6355	6356	2
7786	7787	7789	2
3095	3096	3097	2
648	651	9257	2
684	4474	9250	2
1409	1482	8437	2
3968	4773	5647	2
3993	4625	4627	2
2676	4049	4050	2
6533	6557	8262	2
3294	4603	8436	2
1483	1485	1486	2
1818	1820	3780	2
7498	7499	7500	2
856	861	865	2
1988	1989	8871	2
1857	1862	8831	2
5322	6311	7049	2
6290	6533	6534	2
5594	8576	9495	2
5649	6289	6290	2
7790	7796	8718	2
1843	1844	1845	2
3172	3174	3855	2
2461	2464	9283	2
4640	6044	6069	2
7830	7831	7832	2
2946	2949	9315	2
3146	3148	10914	2
838	839	840	2
845	846	847	2
6534	8029	9787	2
2999	5456	7715	2
7051	7830	7831	2
1953	1977	1978	2
3143	3145	3146	2
4430	4432	4790	2
5568	7296	7659	2
7786	7790	8718	2
852	853	854	2
1157	1177	5479	2
3106	3107	3108	2
3619	3820	8214	2
272	273	8065	2
3372	3373	3374	2
5620	5621	5622	2
1378	2449	4054	2
6509	6510	6511	2
1822	1824	1839	2
4790	8472	9160	2
5553	5554	5555	2
2028	8663	9164	2
8727	9942	9953	2
1847	1849	1850	2
2158	8047	10729	2
1489	1491	1492	2
3071	5780	9619	2
4234	5029	5787	2
848	1082	8716	2
1195	1264	8136	2
1335	1339	4987	2
3757	6344	8023	2
262	263	7758	2
6673	6674	7220	2
3695	8017	8468	2
7498	7885	8789	2
3174	3855	5156	2
6514	6515	6996	2
3386	3416	3603	2
6790	6791	6792	2
878	884	8269	2
3169	3171	3172	2
2960	3919	8750	2
4050	4494	4495	2
3096	4182	9081	2
4273	5165	5166	2
6558	6559	6560	2
7604	7605	7606	2
834	836	1890	2
4612	4727	4728	2
5609	6508	7942	2
5719	5720	5721	2
6533	6534	6535	2
8216	8218	8220	2
3418	3420	3979	2
4587	5122	5131	2
3392	5542	9299	2
6317	6318	7034	2
3822	9480	9481	2
1051	1064	1065	2
1814	1817	8006	2
8202	8205	8206	2
278	279	8349	2
1827	1829	4243	2
1970	7607	11123	2
3930	4704	5553	2
7832	7834	8539	2
6511	6513	6514	2
6532	6533	8262	2
1857	1858	1859	2
2274	2915	6076	2
4555	4556	4557	2
3651	4407	8913	2
1373	1374	1375	2
2936	2939	8568	2
4382	8217	9285	2
293	294	536	2
909	912	9244	2
1145	3305	7644	2
1849	1850	1851	2
3008	3821	8808	2
5157	6196	7585	2
6009	6011	7041	2
5603	8997	9653	2
682	684	9250	2
3554	4966	9524	2
3292	3293	3294	2
5547	8767	8768	2
651	4160	9257	2
5609	6284	6285	2
6352	6353	6354	2
3364	4518	9051	2
6320	9345	9346	2
4005	7601	7602	2
4574	4782	8793	2
2229	2414	8515	2
2438	2439	2440	2
2551	2568	2929	2
3579	4567	8537	2
4557	5627	5628	2
1831	1833	1835	2
3083	3084	3085	2
1481	8270	8733	2
2939	2940	2941	2
3087	3088	3089	2
1682	1786	8143	2
2542	2643	2644	2
3390	3391	3691	2
2457	2458	2459	2
532	8095	8154	2
1896	4947	6579	2
3056	4266	4587	2
3073	3074	3075	2
3107	7610	7690	2
4631	4640	6044	2
844	845	846	2
7034	7035	7320	2
6257	6259	6260	2
6533	6535	6557	2
3374	3381	3382	2
4203	4774	9267	2
4540	6583	9605	2
1988	2096	3611	2
8327	8331	8332	2
266	267	7937	2
4223	5883	5884	2
914	919	3461	2
5481	5619	5620	2
6432	6629	6631	2
934	3725	9169	2
2947	2948	2950	2
3382	3390	3391	2
3619	3620	3621	2
5607	5608	5609	2
6429	6431	6432	2
9036	9037	9038	2
3077	3078	3079	2
842	843	844	2
637	3851	8715	2
2643	3335	7874	2
3621	4203	4264	2
3855	5157	5510	2
4728	4729	4730	2
1792	1793	1794	2
4043	4187	4188	2
4973	6593	8823	2
5166	5167	5168	2
1851	1852	1853	2
2229	8515	8881	2
2662	2663	2676	2
5647	5648	5649	2
4556	4558	5270	2
1501	1503	1504	2
3414	3604	3763	2
4418	5394	7116	2
5262	5281	6293	2
6051	6052	6053	2
7832	7833	8539	2
843	3626	8923	2
3386	3603	8834	2
4435	4436	5507	2
1860	1861	1863	2
3590	3591	3592	2
4264	4265	5094	2
1352	2685	9426	2
2462	2547	9004	2
3416	3603	8215	2
4937	5594	7949	2
1834	6999	7000	2
1915	1916	1917	2
1919	8679	9439	2
3382	3391	9293	2
4554	4555	4556	2
3103	3105	3106	2
3460	8133	9453	2
6428	8914	9038	2
270	271	8094	2
2777	2778	2999	2
3075	3077	8105	2
4551	4552	4553	2
4627	5547	8768	2
3958	4785	5607	2
4729	7888	8123	2
4768	8954	8980	2
8125	8126	9090	2
1855	1857	1858	2
2824	8942	8943	2
3461	4202	4787	2
3821	8809	8849	2
4873	4950	5411	2
5628	6307	6528	2
2096	3612	9223	2
2748	3007	3056	2
1829	4243	8882	2
2961	3923	3924	2
3286	3287	3288	2
4418	5393	5394	2
1896	6579	6580	2
6864	6888	6889	2
1841	1843	1844	2
4960	6551	8675	2
5049	6699	6716	2
1853	1855	1856	2
3691	4044	4511	2
4436	4789	8879	2
4557	5628	6306	2
5734	10192	10257	2
3374	3382	3390	2
3611	3612	3613	2
4382	8216	8217	2
4789	6010	7404	2
1487	1488	1489	2
274	275	8480	2
1503	1504	1505	2
2455	2457	2458	2
4553	4554	4555	2
5480	5618	7676	2
846	847	848	2
2460	2462	2463	2
3587	3589	5588	2
3612	3613	3614	2
5697	6316	9945	2
6999	7000	7066	2
1375	1378	9342	2
1914	1915	1916	2
2612	2613	2741	2
3154	3155	9050	2
3589	3590	3591	2
4973	6592	6593	2
5442	6353	9496	2
5791	7201	7504	2
5795	6617	6618	2
6306	7042	7043	2
6161	6162	6185	2
6514	6996	7113	2
6551	8675	8676	2
2451	2453	8376	2
3169	3170	3171	2
919	3461	4202	2
1855	1856	1857	2
1859	1860	1861	2
1859	8577	8831	2
5322	7049	7050	2
1872	1873	8564	2
3593	9430	9677	2
3615	4031	6130	2
5353	6718	6719	2
3382	8834	9293	2
6306	6307	7042	2
2568	2569	2725	2
3461	5573	9504	2
3758	7748	10028	2
3875	4272	4273	2
2457	2459	3346	2
3366	3368	3370	2
3368	3370	3371	2
7500	7503	8789	2
3165	3166	3167	2
3363	5653	8527	2
4441	5444	9037	2
4553	9888	9938	2
3081	3082	3083	2
3155	3156	3157	2
948	1048	1049	2
1358	1371	1372	2
5134	6135	6788	2
294	536	8804	2
3340	7730	8196	2
3373	3374	3381	2
4547	4642	6590	2
1847	1848	1849	2
3171	3172	3173	2
3598	3695	8017	2
3770	9837	9890	2
5607	7942	8509	2
2210	2337	2338	2
6269	6270	6982	2
1862	3364	4518	2
2663	2665	8760	2
3621	4264	4265	2
4948	8989	8997	2
5507	5508	7308	2
4540	4780	6583	2
632	8707	8715	2
2551	2552	2568	2
4627	5261	5295	2
5261	5295	7032	2
2716	3450	8359	2
2953	2954	2955	2
4412	4414	5415	2
5132	6103	6126	2
6428	6429	8914	2
1065	1073	1074	2
2414	2747	2748	2
4959	6550	8439	2
1123	1143	1144	2
4518	8831	9495	2
3288	3289	3290	2
5402	6584	6585	2
1485	1486	1487	2
2657	7838	9321	2
3616	3617	3618	2
4411	5304	7664	2
1499	1500	1501	2
1369	2914	3610	2
2950	2951	3286	2
3000	3072	3073	2
5648	5649	6289	2
2932	2933	2934	2
1861	1863	1864	2
4044	4511	4937	2
6247	6948	9723	2
2096	3611	3612	2
2659	2661	2662	2
1505	1744	1745	2
1917	1918	1936	2
3008	3994	8808	2
3612	3614	3616	2
4872	7482	10521	2
6325	6326	6327	2
2644	2879	2880	2
3617	3619	3820	2
5795	5871	6617	2
923	934	935	2
3579	4193	4567	2
5131	6124	6778	2
640	642	643	2
5547	8045	8767	2
6916	7493	7494	2
3370	3371	3372	2
3597	3598	4778	2
4045	5934	9566	2
5444	6427	6428	2
6430	6431	8432	2
1372	1373	1374	2
1488	5481	8765	2
3173	3174	3175	2
3595	3597	3682	2
7787	7789	7792	2
8399	8974	8975	2
2662	4049	9321	2
3364	3366	9051	2
648	650	651	2
1374	1375	1378	2
2957	2958	2959	2
3713	3714	9491	2
6469	6863	6864	2
1140	4386	5719	2
1334	1338	3726	2
1495	1496	1497	2
1339	4987	8903	2
3613	3614	3615	2
5097	5983	6786	2
7853	10376	10410	2
3615	4030	4031	2
6052	6789	7213	2
2548	2549	2550	2
2941	2942	2943	2
679	681	1897	2
1915	1917	5650	2
3591	3592	3594	2
848	849	850	2
1790	1791	1792	2
2460	2461	2462	2
2935	2936	8568	2
3740	5542	5794	2
1936	1988	2096	2
2094	2136	2200	2
1864	1914	1915	2
3167	3168	3169	2
5799	7061	7278	2
7586	7587	7588	2
850	852	853	2
3390	3691	4044	2
1836	1838	1840	2
2128	3587	3588	2
2414	2748	8515	2
3670	5504	7586	2
3391	3691	4551	2
3617	3618	3619	2
5542	5794	5795	2
6583	9523	9605	2
268	269	8054	2
1059	5452	5582	2
1481	1483	8733	2
5618	7677	9018	2
1860	1863	1896	2
3808	5080	5734	2
4113	4143	5086	2
1916	1917	1918	2
3993	4627	5547	2
5040	5042	5940	2
6255	6257	8710	2
8067	8069	8071	2
1849	1851	1852	2
4037	4038	4039	2
4193	4567	4759	2
4041	4830	8946	2
7050	7051	7830	2
916	920	923	2
1856	1857	1862	2
1863	1896	4947	2
2029	2095	8680	2
2794	3992	9338	2
5628	6528	8766	2
3402	3404	3421	2
3606	3992	3993	2
4191	5206	5207	2
3854	4691	6194	2
2552	2568	2569	2
3408	3410	3412	2
4433	5381	9137	2
5080	5734	6310	2
295	296	473	2
1845	1847	1848	2
9282	10084	10167	2
8173	8174	8175	2
3110	3843	5036	2
3692	4959	6555	2
4552	4553	4554	2
5604	8564	8644	2
621	622	623	2
2458	2459	2460	2
3591	3594	3599	2
3618	3619	3620	2
634	637	8715	2
5321	5322	6311	2
1810	1812	1813	2
1914	1916	1919	2
8216	8217	8218	2
2028	2029	2094	2
3589	3591	9200	2
304	305	497	2
5650	8727	9942	2
3594	3692	5785	2
840	842	1155	2
624	626	627	2
3993	5547	8044	2
4788	6009	6011	2
5094	5134	6135	2
3376	3380	8661	2
3613	3615	4030	2
4030	5651	9147	2
5343	8398	9687	2
1333	1336	8780	2
4160	5132	6103	2
637	638	639	2
1491	1492	1493	2
2449	2451	9231	2
2095	2161	8680	2
2464	2548	2549	2
3175	9234	9235	2
4190	5151	5152	2
5720	5721	6066	2
6052	6053	6789	2
6356	6357	6358	2
300	301	568	2
2025	2128	3587	2
4555	4557	5627	2
878	3348	8269	2
1936	1937	1988	2
3590	3592	3593	2
3851	4271	5613	2
4031	6130	8936	2
4534	4781	5275	2
2453	2454	2455	2
2904	2905	8471	2
3007	3056	4266	2
3089	3090	3091	2
4203	4264	9267	2
5555	6275	6276	2
6602	9984	10305	2
2547	3606	9004	2
5270	5271	7045	2
2338	2339	2357	2
3587	3588	3589	2
3614	3616	3617	2
4854	7265	7380	2
6535	6557	6558	2
298	299	496	2
884	885	889	2
1794	1796	8047	2
854	855	856	2
3926	3927	3928	2
4937	5579	5594	2
2747	2748	3007	2
3391	4551	4552	2
4681	4926	6161	2
4858	6050	6051	2
6432	8914	9850	2
935	947	948	2
1864	1913	1914	2
2128	3588	4523	2
2949	9947	10059	2
1915	5650	9401	2
2449	4054	9231	2
4223	4224	5883	2
1937	1989	1990	2
4044	4937	5579	2
4987	8903	8904	2
5563	6008	7553	2
8218	8219	8221	2
2550	2551	2552	2
1338	3726	9794	2
3366	3370	9051	2
5787	6675	6676	2
6260	6261	6263	2
8675	8676	9503	2
1263	1264	1265	2
2451	2452	2453	2
2459	2460	2461	2
3009	4223	9077	2
4774	4775	5258	2
5405	7180	7449	2
3712	3714	4391	2
3161	3162	3163	2
3416	3971	4382	2
5966	7693	10581	2
8111	8114	8115	2
631	11446	11453	2
908	909	9244	2
1806	1808	1809	2
2547	2794	3606	2
4431	4433	5381	2
628	630	631	2
3420	3979	3980	2
2663	2676	8760	2
3163	3165	3166	2
3592	3593	3595	2
3845	4628	5049	2
2750	3009	9077	2
2943	5577	8585	2
8676	8677	8678	2
3608	5632	5813	2
4640	6070	9492	2
2462	2464	2547	2
2944	2946	2947	2
3075	3076	3077	2
3637	3798	3799	2
870	871	878	2
2456	2657	7838	2
2462	2463	9004	2
2750	9076	9077	2
3371	3372	3373	2
4416	4418	5393	2
4497	4873	4949	2
4441	5443	5444	2
7831	7832	7833	2
843	845	8923	2
1813	1814	1816	2
2547	2548	2794	2
3637	8988	8989	2
4773	5647	5648	2
6285	6509	6510	2
2794	3606	3992	2
2951	3287	9777	2
3106	3108	9647	2
3290	3291	3292	2
3873	3874	3875	2
5299	7003	7075	2
2934	2954	9537	2
3147	3148	3150	2
3372	3374	8928	2
3968	4331	4773	2
2905	2907	2908	2
3372	8928	9030	2
3599	4959	4960	2
6268	6269	6270	2
2936	2938	2939	2
3620	3621	4203	2
3695	3712	8468	2
4435	5507	5508	2
3157	3159	3160	2
4117	4631	4640	2
4960	6550	6551	2
6511	6512	6513	2
638	639	640	2
3992	3993	4625	2
5579	8928	9030	2
644	646	647	2
3140	3144	7797	2
5608	5609	6284	2
1856	3363	8527	2
4625	4627	5261	2
1803	1804	1805	2
3682	9842	10071	2
472	9129	9130	2
849	852	3583	2
4950	6317	6318	2
307	308	472	2
2959	2961	9745	2
3386	3387	3416	2
5271	6554	9127	2
1265	1267	1284	2
4264	5094	5095	2
4407	5403	5404	2
632	634	8715	2
1918	1936	1937	2
1857	1859	8831	2
5132	5133	8323	2
1074	1122	1123	2
1989	1990	1991	2
3394	3396	4783	2
3824	4664	4665	2
676	3822	9272	2
4959	6555	8439	2
837	839	1240	2
863	864	870	2
889	890	896	2
3763	4078	5040	2
6053	6790	6791	2
2025	2026	2128	2
2095	2160	2161	2
2698	2715	2716	2
2742	2776	2777	2
4045	4989	5934	2
5983	6786	6787	2
4967	6603	9332	2
913	915	916	2
1991	2024	2025	2
2959	2960	2961	2
3799	4143	4948	2
7949	8576	9017	2
295	473	8804	2
2742	2777	8147	2
3079	3080	3081	2
4858	6051	8808	2
6602	9984	10084	2
290	291	8125	2
1051	1065	8314	2
1861	1864	1913	2
3294	3823	3824	2
3995	4223	4224	2
4061	9914	10019	2
4959	4960	6550	2
646	647	648	2
3413	3417	3418	2
3616	3618	4499	2
4031	4492	6041	2
6070	6072	9837	2
1988	3611	8871	2
4495	4497	4872	2
6591	10024	10196	2
7786	7789	7790	2
2458	2460	9565	2
3389	3394	9678	2
844	846	4198	2
1799	1800	1801	2
1989	1991	2023	2
5168	5441	5442	2
3366	3367	3368	2
3412	3413	3417	2
3393	3395	9762	2
3590	3593	9430	2
4497	4872	4873	2
4782	5273	5863	2
303	304	8325	2
841	843	3626	2
847	849	8929	2
2939	8568	9543	2
3009	3995	4223	2
1840	1841	8966	2
2461	2462	2464	2
4950	5411	6317	2
5266	6324	6325	2
3160	3161	3162	2
6307	6528	6529	2
8975	9961	10081	2
847	851	8929	2
4973	4974	6592	2
672	676	9272	2
861	862	863	2
4559	4975	6587	2
453	8127	8129	2
856	857	861	2
1991	2023	2024	2
2415	2750	9076	2
5442	6352	6353	2
845	847	851	2
2229	2262	2414	2
3371	3373	9403	2
626	627	628	2
671	672	9272	2
2449	2450	2451	2
4511	4937	5631	2
4857	4858	5312	2
3599	3692	4959	2
3595	3596	3597	2
3994	4857	4858	2
4554	4556	4558	2
637	639	3851	2
3085	3087	10131	2
3615	6130	9372	2
5896	5897	6086	2
6559	6561	7256	2
8325	8326	8328	2
1937	1990	8677	2
2909	2911	2935	2
2414	2415	2747	2
2659	2662	9321	2
4224	5883	5894	2
2095	2136	2160	2
3122	3124	3139	2
4555	5627	9888	2
6529	8539	9842	2
5259	6330	6331	2
3663	4236	4237	2
2160	2229	2262	2
3159	3160	3161	2
910	911	9504	2
1795	1796	1797	2
1937	1988	1989	2
1872	5604	8564	2
2357	2358	2427	2
3141	3143	3145	2
2018	2019	2087	2
3151	3155	3156	2
3381	3385	3386	2
3588	3589	3590	2
6427	6428	6429	2
6709	11509	11514	2
5016	9255	9791	2
8217	8218	8219	2
4558	5270	5271	2
5414	8314	8732	2
630	631	632	2
848	850	1082	2
2254	2376	11146	2
3131	3134	3138	2
3596	3597	3598	2
4030	4031	4492	2
1977	1978	2018	2
3593	3595	3596	2
4773	6321	9630	2
1410	4222	4681	2
4266	4587	5122	2
2549	9283	10162	2
4407	5404	8913	2
6431	6630	8432	2
1801	1802	1803	2
6247	6946	6947	2
6316	7062	7132	2
846	848	8716	2
1377	1400	5793	2
5508	7308	7416	2
642	643	644	2
3124	3126	8510	2
3336	8006	8007	2
8849	9399	9557	2
4223	5884	9077	2
2569	2725	2726	2
1500	1501	10739	2
1859	1861	8577	2
3368	3371	8440	2
3616	4499	9223	2
4817	5353	6718	2
5029	5787	6675	2
6431	6432	6629	2
1913	8576	8577	2
2550	2552	3678	2
3364	3365	3366	2
650	651	652	2
2026	2028	2029	2
3171	3173	3176	2
4391	4392	5321	2
4496	8974	10081	2
5631	9474	9957	2
622	623	624	2
919	5695	7953	2
2452	2453	2454	2
3156	8373	9329	2
3713	4974	9491	2
4610	4611	4612	2
3148	3150	3151	2
5036	5037	6708	2
6559	6560	6561	2
2661	2662	2663	2
3712	3713	3714	2
5271	7045	9127	2
2726	2903	2904	2
631	632	8707	2
662	663	664	2
1745	1872	1873	2
3155	3158	9050	2
5336	5337	5338	2
6330	6331	7002	2
7785	7788	9861	2
3395	3397	8664	2
878	879	884	2
3126	3128	3556	2
682	1887	9250	2
5607	5609	7942	2
1893	1894	1895	2
6053	6789	6790	2
4556	4557	9141	2
652	3677	9108	2
1356	1394	8617	2
4044	5579	8928	2
5650	8628	8727	2
313	502	7578	2
3798	4113	6060	2
5312	6677	7189	2
6429	6430	6431	2
657	8988	9109	2
3373	3381	3385	2
3612	3616	9223	2
2023	8871	9079	2
3390	4044	8928	2
5651	5652	6516	2
2461	9282	9283	2
3376	3378	3380	2
3677	4160	4161	2
4189	5197	9300	2
6561	7256	7257	2
651	3677	4160	2
4789	7404	8879	2
846	4198	8716	2
2094	2095	2136	2
3096	3097	3098	2
3620	4203	4204	2
909	911	912	2
1797	1798	1799	2
2909	2935	8951	2
5029	5030	8574	2
4203	4204	4774	2
2087	2088	2118	2
2676	4050	4862	2
2946	2947	2948	2
4160	4161	5132	2
4775	5258	5259	2
5884	9077	9412	2
8045	8399	8974	2
618	621	9530	2
905	907	908	2
2879	2880	9080	2
2880	2933	9080	2
2908	2909	8951	2
3713	4973	4974	2
5603	9108	9109	2
897	899	900	2
3088	3089	3090	2
2118	2119	2144	2
6949	6950	6951	2
7498	7500	8789	2
3090	3091	3092	2
4271	6781	6782	2
4785	5607	5608	2
3553	4441	9037	2
3995	4857	9676	2
7032	7033	7277	2
2464	2547	2548	2
3294	3824	8436	2
1284	1296	1356	2
2415	2747	2749	2
6234	7252	10000	2
6317	7034	7233	2
3392	3393	3740	2
3740	5794	7550	2
5288	7079	7081	2
5321	6311	7141	2
2024	2026	2028	2
3378	3380	8787	2
5443	5444	6426	2
6514	7113	7911	2
4383	5262	5281	2
5086	5097	5983	2
1856	1862	3363	2
1914	1919	9017	2
5393	7358	8041	2
6535	6558	6559	2
6550	6551	9957	2
6674	7220	7221	2
1400	1409	8437	2
1743	2167	5585	2
3400	3401	3414	2
3714	4392	5012	2
2205	3340	7730	2
3168	3169	9048	2
3167	3169	3170	2
3711	3713	4973	2
657	658	8988	2
1893	1895	9816	2
680	682	1887	2
1788	1789	1790	2
3335	7874	9917	2
639	3851	3852	2
1378	2448	2449	2
2911	2935	2936	2
7000	7066	7392	2
275	276	9191	2
651	652	3677	2
1409	1481	1482	2
4383	5281	9173	2
2454	2455	2456	2
5894	5895	5896	2
335	336	9276	2
3594	3599	3692	2
3677	4161	5603	2
5122	5131	6124	2
1862	3363	3364	2
4693	6214	6659	2
1852	8781	8782	2
2460	2463	9565	2
2749	3008	3821	2
3374	3390	8928	2
7333	8023	8024	2
2169	2210	2337	2
2943	2944	8585	2
3799	4113	4143	2
2940	2941	2942	2
623	3854	9009	2
5696	6316	7062	2
3598	3694	3695	2
6263	6264	9443	2
661	663	3637	2
3651	4212	4407	2
4181	5859	9995	2
5443	6426	7459	2
3798	3799	4113	2
3994	3995	4857	2
4171	4683	4684	2
919	4202	5695	2
1481	1482	1483	2
2903	2904	2905	2
647	648	9257	2
2415	2749	2750	2
3592	3594	9435	2
6951	6968	6969	2
2160	2161	9411	2
2569	2726	2902	2
2750	3008	3009	2
5695	5696	5697	2
8326	8328	8329	2
663	3637	3798	2
2262	2415	9076	2
5579	8268	9030	2
679	680	681	2
1895	1952	1953	2
1990	1991	8810	2
2938	2939	2940	2
3618	4499	9477	2
2905	2906	2907	2
3695	3711	3712	2
4204	4774	4775	2
5403	5404	6640	2
6008	7553	7554	2
640	643	9370	2
2907	2908	2909	2
3375	9752	9949	2
4161	5132	5133	2
2029	2094	2095	2
5631	9439	9957	2
6513	6514	6515	2
677	678	679	2
1743	5585	9233	2
1786	1787	1788	2
3383	3388	3608	2
3391	4552	9293	2
9430	9677	10008	2
668	670	671	2
8783	10017	10153	2
661	662	663	2
2136	2160	2229	2
4050	4862	8953	2
2427	2428	2699	2
4967	6602	6603	2
8914	9038	9744	2
340	341	549	2
3598	4778	8017	2
1489	1490	1491	2
3971	4533	4534	2
4030	4492	5651	2
4631	6057	9607	2
6325	6327	9947	2
666	667	668	2
4558	5271	6553	2
853	854	855	2
3098	3099	3100	2
3387	3416	3971	2
3914	4189	9300	2
3094	3095	3096	2
3160	3332	8372	2
8853	10211	10267	2
2951	3286	3287	2
2024	2025	2026	2
8179	8181	8182	2
3553	3554	4441	2
6276	6468	6469	2
1487	1490	9036	2
3756	6342	6350	2
8217	8219	8222	2
4495	4872	8953	2
6318	7035	9470	2
676	678	3822	2
1372	1374	9692	2
3589	5588	9200	2
3738	7850	10531	2
849	3583	8929	2
2778	2999	3000	2
3287	3288	3289	2
3289	3290	3291	2
3851	3852	4271	2
621	623	3848	2
5443	7459	9332	2
3958	4784	4785	2
4858	5312	6050	2
6050	6051	6052	2
3384	3389	3392	2
6041	8936	8937	2
670	671	672	2
2726	2902	2903	2
3369	8440	8661	2
4031	6041	8936	2
4768	7889	8980	2
7550	9762	10031	2
8071	8072	8074	2
3126	3556	8510	2
3694	3695	3711	2
621	3848	9530	2
664	666	667	2
1484	1485	3553	2
3994	4858	8808	2
2942	2943	2944	2
3979	6423	9345	2
1493	1494	1495	2
3596	3598	3694	2
522	7760	7761	2
3008	3009	3994	2
5258	5259	6330	2
3078	3079	3080	2
342	343	405	2
661	3637	8988	2
3992	4625	4626	2
5271	6553	6554	2
5579	5594	8268	2
2144	2211	2212	2
3363	3364	3365	2
3367	3368	3369	2
8213	9255	9791	2
623	3848	3854	2
1487	1489	1490	2
1682	1785	1786	2
2934	2952	2953	2
3711	3712	3713	2
839	1240	9279	2
914	915	919	2
4631	6044	6057	2
6355	6356	6357	2
1821	1825	8210	2
3385	3386	3387	2
5547	8044	8045	2
4574	5729	8793	2
2880	2931	2932	2
2749	2750	3008	2
1485	1487	9036	2
3124	3139	8510	2
3166	7942	9617	2
6435	10761	11207	2
8179	8182	9219	2
8676	8677	9503	2
3852	4271	6781	2
4773	5648	6321	2
294	295	8804	2
2262	2414	2415	2
3692	5785	9289	2
2458	8693	9565	2
5029	6675	8574	2
1819	1821	8210	2
4050	4495	8953	2
4800	5288	7079	2
5594	7949	8576	2
1484	3553	3554	2
2914	3610	8500	2
6066	6067	7067	2
4534	4574	4781	2
5895	5896	5897	2
901	903	904	2
4492	5651	5652	2
3086	3087	3088	2
3291	3292	3293	2
4967	6601	6602	2
7693	10581	10594	2
5652	6516	8168	2
6431	6629	6630	2
3009	3994	3995	2
4204	4775	5760	2
2949	9947	10096	2
4000	4581	9260	2
6343	7121	8395	2
652	654	9108	2
1816	3662	3663	2
1830	1834	8133	2
2026	2128	9217	2
6262	10220	10414	2
2613	2741	2742	2
3714	4391	4392	2
6264	6266	6267	2
8914	9744	9850	2
338	339	468	2
5207	6254	6255	2
914	3461	9504	2
3405	3770	8773	2
3574	3577	8212	2
1490	9036	9038	2
3082	3083	3084	2
3554	4441	4442	2
5509	7838	9961	2
9076	9077	9412	2
3160	3162	3332	2
8331	8332	9129	2
3553	9036	9037	2
3588	3590	9430	2
6275	6276	8876	2
6359	6360	6361	2
654	657	9108	2
2450	2451	2452	2
5897	6043	6642	2
1817	3336	8006	2
2699	3065	3066	2
3100	3101	3102	2
4547	6590	9807	2
5627	9289	9888	2
2170	2438	7924	2
5261	7032	7033	2
1408	1743	9233	2
1482	1483	1484	2
6011	7041	7426	2
5086	5983	7145	2
5508	7417	9137	2
5588	8675	9200	2
3084	3085	3086	2
5800	7196	7388	2
681	682	683	2
6044	6057	6753	2
2659	2660	2661	2
3074	3075	3076	2
6427	6429	6430	2
672	674	676	2
2676	4862	8760	2
2338	8942	8944	2
2520	2612	2613	2
2948	2950	2951	2
4234	4527	5029	2
3393	3740	9762	2
1286	1352	2685	2
433	8173	8174	2
916	923	8794	2
1483	1484	1485	2
8044	8045	8399	2
1852	1853	8527	2
3397	3400	8664	2
5594	8268	9495	2
2749	3821	9399	2
3150	3960	9329	2
3554	4442	4966	2
1374	1378	2448	2
2550	3678	9337	2
2776	2777	2778	2
4518	8268	9495	2
4266	5122	5123	2
5504	7586	7587	2
1990	8810	9503	2
3574	3576	3577	2
1913	1914	9017	2
2456	2656	2657	2
2663	2664	2665	2
3867	3869	4409	2
6324	6325	6326	2
3377	3379	4055	2
5895	5897	6043	2
3365	3366	3367	2
1791	1792	1793	2
2747	2749	9399	2
3671	3673	3840	2
6555	9888	9938	2
1497	1498	1499	2
3571	3574	8212	2
911	912	913	2
1822	1839	9097	2
2903	2905	2906	2
3569	5016	9255	2
4557	6306	9141	2
6276	6863	8876	2
3147	3150	3152	2
3411	3415	4117	2
7500	7502	7503	2
6534	6535	9787	2
3163	3166	8509	2
3373	3385	9403	2
4413	4415	8382	2
4691	6194	6195	2
3174	3175	9234	2
5203	6274	6958	2
6306	7043	9141	2
907	909	910	2
3135	7786	8718	2
7496	7497	7498	2
4780	5265	5266	2
4966	4967	6601	2
1996	5079	9594	2
5312	6050	6677	2
1485	3553	9036	2
1841	1844	8966	2
4143	5086	5097	2
2955	2956	2957	2
833	835	9027	2
1793	1794	1795	2
2520	2613	9772	2
4441	4442	5443	2
6284	6997	7040	2
3617	3820	9372	2
4788	6011	8472	2
5172	6613	6614	2
5402	6585	9427	2
8107	8109	8110	2
2339	2357	2358	2
899	900	901	2
3066	3838	3839	2
3145	3146	3147	2
4581	5327	5402	2
3388	3608	5632	2
3714	5012	9491	2
8871	9079	9147	2
3363	3365	5653	2
4960	8675	9200	2
1501	1502	1503	2
3620	4204	9477	2
3960	3961	4771	2
4558	6553	9648	2
3080	3081	3082	2
5272	6315	7046	2
6423	9345	9346	2
911	913	914	2
3411	4117	9492	2
4947	6579	9377	2
2094	2200	8663	2
2028	2094	8663	2
2747	3007	9399	2
1399	1408	9233	2
4855	9062	9344	2
903	905	906	2
6510	7912	9583	2
680	681	682	2
2937	3205	3968	2
3394	3395	3396	2
903	904	905	2
5508	7416	7417	2
8903	8904	9692	2
674	676	677	2
1794	2158	8047	2
2212	2254	2255	2
915	919	7953	2
4224	5894	5895	2
4533	4574	5729	2
915	916	920	2
1491	1493	1494	2
3205	3968	4331	2
6592	9902	10109	2
7602	7604	7605	2
2907	2909	2910	2
4160	6103	9257	2
4331	4540	4779	2
4540	4779	4780	2
6261	6263	6264	2
8587	9947	10096	2
1502	1683	3651	2
4331	4773	9630	2
3564	3567	9974	2
6315	7046	7160	2
6326	6328	7295	2
3371	8440	9403	2
3576	3578	9859	2
4202	5695	5696	2
4559	4867	4975	2
2936	2937	2938	2
4729	4730	8123	2
3839	4170	4171	2
5608	6284	6997	2
855	856	857	2
862	863	864	2
4212	5341	5861	2
890	897	898	2
3397	3399	3400	2
5155	6237	6238	2
3092	3093	3094	2
4273	5166	5167	2
6284	6285	9583	2
2448	2449	2450	2
4392	5012	5013	2
2948	3996	9315	2
4779	5265	6292	2
1495	1497	1498	2
3128	3556	9202	2
2454	2456	2656	2
4078	5422	10031	2
3076	3077	3078	2
3375	3376	3377	2
5696	5697	6316	2
663	3798	9472	2
2451	8376	9231	2
2909	2910	2911	2
2337	2338	2339	2
3618	3620	9477	2
4784	5342	5343	2
1863	4947	9401	2
5402	7245	9427	2
6310	7180	11232	2
885	889	890	2
3928	4036	4037	2
1146	1156	1157	2
3376	3377	3378	2
4188	4609	4610	2
5444	6426	6427	2
5794	5871	9800	2
845	851	8923	2
4069	4794	5808	2
6272	6916	7493	2
1990	8677	9503	2
2660	4234	4527	2
2944	2945	2946	2
3614	3617	9372	2
1378	4054	9342	2
6352	6354	6355	2
839	841	9279	2
850	853	9542	2
1502	1503	1683	2
8175	8177	8178	2
853	855	3705	2
899	901	902	2
1499	1501	1502	2
2658	2660	4234	2
5393	7279	7358	2
1372	8903	9692	2
2440	2542	4024	2
658	661	8988	2
680	1887	9480	2
3389	3392	3393	2
2794	9337	9338	2
862	864	949	2
1049	1051	1064	2
5791	5856	7201	2
4190	4741	5151	2
5266	6323	6324	2
3162	3332	3958	2
3413	3418	3419	2
5308	6366	7158	2
6284	7040	9583	2
1972	10885	10896	2
5441	5442	6351	2
835	837	9063	2
3924	3925	3926	2
334	335	414	2
1502	3651	9330	2
676	677	678	2
2029	8680	9217	2
2911	2936	2937	2
3150	3152	3960	2
3341	8142	10653	2
4407	5341	5403	2
3106	8669	9647	2
7494	7496	7497	2
678	679	680	2
1144	1146	1156	2
3821	8808	8809	2
4574	4781	4782	2
2255	2359	2360	2
5151	5152	5257	2
3848	9530	10069	2
5343	7131	8398	2
3404	3405	3406	2
3383	3384	3388	2
1400	5793	8437	2
3378	3379	3383	2
4006	8114	10256	2
3405	3406	3407	2
907	908	909	2
4264	5095	9267	2
3387	3971	4533	2
6259	6260	6261	2
336	337	555	2
4043	4188	4609	2
3387	4533	9802	2
5588	8810	9503	2
6238	6239	6240	2
1140	5719	9169	2
3692	6555	9289	2
3862	3864	4855	2
6671	6673	6674	2
890	896	897	2
915	920	7953	2
1370	4222	9138	2
1505	1745	9454	2
3367	3369	3375	2
4867	5790	5791	2
682	683	684	2
1140	3739	4386	2
3072	3073	3074	2
1396	4792	4793	2
1789	1790	1791	2
3798	6060	9472	2
4782	5272	5273	2
8913	9330	10142	2
901	902	903	2
2657	2658	2659	2
3848	3854	4270	2
2661	2663	2664	2
2665	2666	2667	2
330	331	9261	2
5341	5403	6414	2
3577	3846	3847	2
3571	8212	9255	2
4018	4867	5790	2
3415	4118	4547	2
5481	5620	8765	2
913	914	915	2
5289	5300	7224	2
8679	9439	9957	2
5302	6670	6671	2
1412	2983	9668	2
3739	4386	4824	2
3128	3131	9202	2
934	935	947	2
2160	2262	9411	2
663	664	9472	2
2932	2934	2952	2
3403	3405	3770	2
3410	3412	3413	2
4442	4966	4967	2
4533	4534	4574	2
1995	3563	3564	2
2942	2944	2945	2
4000	4580	4581	2
3614	3615	9372	2
1064	1065	1073	2
2959	9260	9745	2
909	910	911	2
1285	4072	9336	2
2450	2452	4061	2
3399	3400	3401	2
5620	5622	7999	2
3384	3388	3389	2
2933	2934	9537	2
4642	5345	6108	2
897	898	899	2
6655	10449	10544	2
3407	3409	3411	2
4575	5154	5155	2
3367	3375	9752	2
4386	5719	5720	2
4784	4785	5342	2
871	879	4197	2
3377	3378	3379	2
275	8480	9191	2
864	870	871	2
879	884	885	2
2358	2427	2428	2
2438	2440	9726	2
871	878	879	2
2945	2946	2949	2
5608	6997	9720	2
4551	4553	9938	2
4730	5297	5336	2
327	328	422	2
2948	2951	3996	2
7785	7787	9861	2
2656	2657	2658	2
1919	9017	9439	2
1953	1976	1977	2
3118	3129	3666	2
3380	10148	10251	2
2360	2539	2540	2
3408	3409	3410	2
657	9108	9109	2
4792	4793	9150	2
2953	2955	2956	2
3379	3383	3384	2
6255	6256	6257	2
4161	5603	9653	2
1853	1856	8527	2
615	617	881	2
850	1082	9542	2
864	949	9511	2
336	555	9276	2
835	9027	9063	2
920	923	934	2
6348	6364	7268	2
4609	5308	5540	2
853	3705	9542	2
857	861	862	2
4117	4118	4631	2
3205	4331	4540	2
6342	6343	8395	2
3418	3419	3420	2
3287	3289	3976	2
3389	3393	3394	2
4771	5772	6286	2
4950	6318	9582	2
5167	5168	5441	2
3102	4181	4529	2
3725	7895	9169	2
3293	3294	3823	2
4185	5173	5858	2
8215	8216	9886	2
639	640	9370	2
1357	1410	9794	2
7791	7793	7794	2
2644	2880	2931	2
4641	5345	6035	2
4212	4407	5341	2
331	332	491	2
3385	3387	9802	2
3399	3401	3402	2
7834	8539	9842	2
911	914	9504	2
2961	3924	3925	2
3847	4185	4186	2
947	948	1048	2
5327	5402	7245	2
2167	5585	9441	2
2548	2794	9337	2
3396	3397	3398	2
3691	4551	9937	2
2548	2550	9337	2
3395	3396	3397	2
4989	5934	6007	2
5790	5791	5856	2
1873	1892	1893	2
4118	4547	4641	2
920	934	3725	2
1683	3651	4212	2
3074	4131	9941	2
1338	1357	9794	2
5780	5781	5782	2
326	327	9369	2
3413	3419	9918	2
5760	9377	9953	2
4628	5049	6699	2
4609	5540	8946	2
329	330	561	2
1892	4018	4559	2
8440	8661	10033	2
5338	8792	9723	2
5442	6351	6352	2
3763	5040	5041	2
5272	5273	6315	2
905	906	907	2
3071	4184	5780	2
1356	1369	8617	2
5620	7999	8765	2
1834	7000	8133	2
2540	2697	2698	2
3402	3403	3404	2
3369	3375	3376	2
2026	2029	9217	2
2957	2959	9260	2
3854	6194	9009	2
3593	3596	9677	2
2658	2659	2660	2
1805	1996	3808	2
3411	8773	9492	2
4118	4641	9607	2
3397	3398	3399	2
4547	4641	4642	2
1048	1140	3739	2
2951	3996	9777	2
6264	6267	9443	2
4664	4800	4984	2
5345	6035	6706	2
8110	8111	8114	2
3864	3867	8536	2
4792	4794	5289	2
6324	6326	6328	2
2957	4000	9260	2
6007	6421	8558	2
1995	3564	9974	2
2937	2938	3205	2
323	324	9205	2
2357	2824	8942	2
6257	6258	6259	2
2961	3925	9745	2
3568	3570	3572	2
1374	2448	9692	2
4039	4040	4041	2
5281	6293	7097	2
1745	1892	9454	2
5780	5782	10145	2
2262	9076	9411	2
4781	4782	5272	2
837	1240	9063	2
5265	5266	6323	2
1849	1852	8781	2
2664	2665	2666	2
1073	1074	1122	2
1785	1786	1787	2
2072	2204	2205	2
6469	6864	7457	2
3854	4270	4691	2
4527	5030	6574	2
2956	2957	4000	2
3575	3578	3579	2
3925	9745	9872	2
3844	4274	4575	2
4691	6195	9373	2
4118	4631	9607	2
6316	7132	7492	2
7789	7790	7791	2
1996	5078	5079	2
3914	3915	4189	2
4204	5760	9477	2
1787	1788	1789	2
3289	3291	9844	2
5458	6766	6767	2
2459	2461	9282	2
4551	9937	9938	2
4222	5455	9138	2
4018	4559	4867	2
3395	8664	9762	2
5290	5300	5301	2
8693	9565	9961	2
3588	4523	9430	2
3173	3175	8842	2
1495	1498	9333	2
3393	3394	3395	2
3409	3411	3415	2
3567	3569	5016	2
3131	3138	9202	2
3287	3976	9777	2
3603	8834	10003	2
3926	3928	4036	2
4779	4780	5265	2
5257	6232	6820	2
2205	2329	2330	2
5163	5164	6812	2
3152	3960	3961	2
4527	5029	5030	2
2167	2169	9441	2
3118	3666	9577	2
5567	7660	7663	2
321	322	430	2
1122	1123	1143	2
4691	5163	9373	2
6550	8439	9474	2
1892	1893	4018	2
3415	4117	4118	2
4270	5163	5164	2
5163	6812	6819	2
5299	7075	8382	2
3611	8871	9147	2
1820	3780	9097	2
3579	3914	4193	2
3873	3875	4440	2
5555	6276	6468	2
1484	3554	9524	2
1745	1873	1892	2
1861	1913	8577	2
4553	4555	9888	2
3152	3961	4985	2
3291	4812	9844	2
324	325	492	2
335	414	9276	2
3332	3958	4784	2
4237	4239	4679	2
639	3852	9370	2
5632	5813	7055	2
7949	9017	9439	2
3094	4183	9081	2
2450	4061	9812	2
3613	4030	9147	2
2330	2519	2520	2
4045	4580	4989	2
4127	5145	5147	2
4580	4581	5327	2
5289	7224	9150	2
1195	1261	1263	2
5152	5257	6232	2
3145	3147	9290	2
5288	6722	7655	2
339	468	9187	2
1494	1495	9333	2
5734	8861	10192	2
3388	3389	9678	2
5327	7245	7246	2
6357	6358	6359	2
4037	4039	4040	2
330	561	9261	2
1356	1393	1394	2
2910	2911	9626	2
2952	2953	9566	2
4331	4779	9630	2
1157	1176	1177	2
1177	1194	1195	2
3074	3076	4131	2
3115	3118	9577	2
7493	7494	7739	2
615	881	9478	2
3380	8661	10148	2
5697	9396	9945	2
1976	1977	2089	2
4989	6007	6421	2
3291	3293	4812	2
5343	9687	10124	2
3576	3577	3846	2
4609	4610	5308	2
2715	2716	2717	2
7790	7791	7793	2
1285	1351	4072	2
2338	2357	8942	2
4185	4186	5173	2
4417	5325	9171	2
5509	9961	10081	2
5342	5343	7131	2
617	618	9530	2
3669	3675	9742	2
4800	4984	5288	2
5772	8373	9687	2
2087	2118	2145	2
6051	8808	8809	2
6603	10084	10167	2
319	320	563	2
4186	5173	5174	2
6266	6267	6268	2
8110	8114	8119	2
4499	9477	9953	2
9076	9411	9412	2
3694	8823	9677	2
3102	4529	8669	2
4641	6035	9607	2
2339	2358	3738	2
2717	2899	2900	2
3369	3376	8661	2
2956	4000	4045	2
2158	10706	10729	2
2360	2540	9774	2
3611	3613	9147	2
3565	3757	8023	2
3365	3367	9752	2
1895	1953	1976	2
3401	3402	3403	2
3407	3408	3409	2
3915	4189	4190	2
3823	3824	4664	2
3174	5156	9234	2
3604	4078	10031	2
6344	6346	7333	2
4193	4759	5617	2
617	881	6598	2
3173	3176	8842	2
6817	11503	11504	2
4069	4792	4794	2
2440	4024	9726	2
4181	5171	5859	2
1410	4681	6120	2
920	3725	7953	2
8913	10142	10262	2
1813	1816	3662	2
4266	5123	9557	2
6614	6615	6616	2
1791	1793	1971	2
1806	1809	8861	2
2713	9962	10871	2
2945	9523	10096	2
5808	9228	10058	2
1682	1784	1785	2
3103	3106	8669	2
841	3626	9279	2
4529	5171	5172	2
4499	8727	9953	2
4794	5289	5290	2
1406	1681	2514	2
4000	4045	4580	2
3846	3847	4185	2
6532	9467	9610	2
6535	6559	9787	2
5405	7449	7817	2
7790	7793	7796	2
3406	3407	3408	2
4728	4730	5297	2
1797	1799	1970	2
947	1048	1140	2
2775	3865	6591	2
3341	7916	10675	2
1407	8143	9426	2
1765	1994	2054	2
3662	3663	4236	2
1498	1499	9330	2
3672	5504	9062	2
4041	4043	8946	2
5036	6708	10448	2
6220	6222	10000	2
2054	2071	2072	2
4523	9217	9776	2
6579	9835	10066	2
1972	8113	10956	2
4984	5288	6722	2
5259	9835	10066	2
4008	8107	9747	2
2929	8027	10162	2
6234	6388	7252	2
327	422	9369	2
3403	3404	3405	2
5301	6670	6672	2
7793	7794	7795	2
5721	7895	9396	2
3844	4575	10024	2
5300	5301	5302	2
2552	3678	10211	2
2742	2775	2776	2
1499	1502	9330	2
1680	9668	10098	2
3995	4224	9676	2
6593	8823	10008	2
4270	4691	5163	2
3000	3071	3072	2
5207	6255	6256	2
5289	5290	5300	2
1490	9038	9744	2
6256	6257	6258	2
5325	7112	9171	2
5653	8783	9752	2
338	468	9522	2
3569	3571	9255	2
4181	4529	5171	2
3365	5653	9752	2
1803	1805	1996	2
3419	9918	10237	2
1286	1351	1352	2
4830	6720	6721	2
2428	2699	3065	2
3205	4540	9605	2
4511	5631	9474	2
8178	8179	9219	2
6579	9377	9835	2
5856	7201	7298	2
6258	6259	6262	2
664	667	9472	2
3096	3098	4182	2
3578	3915	9859	2
6528	6529	9842	2
3086	3088	4145	2
4554	4558	9648	2
6553	9648	10003	2
1176	1194	9832	2
4189	4190	4741	2
8773	9492	9837	2
3409	3410	9807	2
1351	1406	9548	2
1351	4072	9548	2
2169	2337	9441	2
3875	4440	9785	2
3564	3565	3566	2
4040	4041	4830	2
1352	1406	1407	2
1406	2514	9548	2
6584	9260	9745	2
7245	7246	9121	2
2459	3346	9282	2
3114	3115	9577	2
3578	3914	3915	2
2777	3803	8147	2
3080	3082	4141	2
2204	2329	2331	2
3419	3420	4027	2
4741	5151	5218	2
2520	3653	9772	2
6366	7158	10009	2
6264	6265	6266	2
4552	4554	9648	2
4552	9293	9648	2
5327	7246	9955	2
1407	1681	1682	2
1395	1412	2983	2
4641	4642	5345	2
1785	1787	1972	2
3823	4664	4800	2
4966	9524	9992	2
3065	3066	3838	2
7110	7111	8772	2
2660	4527	9432	2
1490	1491	9744	2
6947	6948	6949	2
2660	2661	9432	2
9840	10097	10285	2
2938	2940	9605	2
4527	6574	9432	2
5154	5155	6237	2
7990	10114	10223	2
1809	1810	9855	2
5553	9080	9892	2
6270	6982	6983	2
1813	3662	9855	2
3914	4193	9300	2
3971	4534	9285	2
4189	4741	5197	2
5859	6236	6242	2
4043	4609	8946	2
3961	4771	5326	2
4494	5509	10081	2
5167	5441	5860	2
2023	2024	9164	2
316	317	440	2
5257	6820	7166	2
6261	6264	6265	2
6593	9776	10008	2
4817	6718	8307	2
5504	7587	9344	2
7358	8041	9727	2
3409	3415	9807	2
3668	3669	3675	2
1503	1683	10012	2
1996	3808	5078	2
3971	4382	9285	2
5895	6043	9676	2
5301	5302	6670	2
6237	6243	7235	2
2448	2450	9812	2
4161	5133	9653	2
2613	2742	2775	2
3808	5078	5080	2
3758	3844	3845	2
5078	5080	6133	2
2906	8262	10042	2
4949	4950	9582	2
324	492	9205	2
3007	4266	9557	2
3770	9889	9890	2
331	491	9261	2
3844	3845	4274	2
4184	5781	5862	2
5163	6819	9373	2
2775	2776	3865	2
5308	5540	6366	2
5308	7158	9840	2
4236	6589	6697	2
5883	5884	10273	2
2938	3205	9605	2
3838	3839	4170	2
6348	7268	8569	2
8095	8156	10526	2
1412	1680	9668	2
2778	3000	3071	2
2940	9523	9605	2
1494	9744	9850	2
2071	2072	2204	2
2613	2775	9772	2
2204	2205	2329	2
4185	5858	10223	2
3167	3170	9617	2
3596	3694	9677	2
1176	9832	10058	2
4533	5729	9802	2
1156	1157	1176	2
5649	6532	9467	2
1064	1073	5877	2
339	340	9187	2
1848	1849	8781	2
4779	6292	9630	2
6265	6266	7414	2
6285	6510	9583	2
337	338	9522	2
1681	1682	1784	2
2452	4061	9914	2
1262	1285	1286	2
3845	4274	4628	2
6618	9871	10153	2
2452	2454	9914	2
1263	1265	5807	2
2454	2656	9914	2
1176	1177	1194	2
1261	1285	9336	2
1892	4559	9454	2
4027	7220	11145	2
6316	7492	9945	2
6555	9289	9888	2
3691	4511	9937	2
2438	7924	9726	2
3575	3576	3578	2
5883	10273	10365	2
5650	9401	9942	2
6357	6359	6678	2
1976	9816	10005	2
1194	1195	1261	2
3764	4128	5920	2
3092	3094	4183	2
4625	4626	9660	2
1396	4069	4792	2
3571	3573	3574	2
2329	2330	2519	2
5781	5782	5783	2
3574	3575	3576	2
4415	5299	8382	2
1352	1407	9426	2
3100	3102	4181	2
344	345	548	2
5261	7033	9660	2
3071	3072	4184	2
1194	1261	1262	2
1994	2054	2071	2
1351	1352	1406	2
2212	2255	2713	2
3335	4191	9917	2
3578	3579	3914	2
3102	3103	8669	2
1285	1286	1351	2
3666	3667	3668	2
2661	2664	9432	2
3865	6591	9073	2
7853	9441	10376	2
1406	1407	1681	2
3725	7895	9867	2
4170	4171	4683	2
5695	7953	9867	2
2161	8680	10109	2
4611	4768	8954	2
5173	5858	6241	2
1810	1813	9855	2
2954	9537	10275	2
4184	5780	5781	2
4040	4830	6720	2
320	563	9554	2
5884	9412	10147	2
3007	9399	9557	2
6658	10647	10668	2
3576	3846	9859	2
2911	2937	9626	2
1820	1822	9097	2
3108	3110	3843	2
3377	4055	9949	2
5170	6197	6821	2
2024	2028	9164	2
8783	9752	9949	2
3375	3377	9949	2
9085	9914	10019	2
4559	6587	9454	2
329	561	9445	2
2519	3653	3758	2
6238	6240	7274	2
1048	3739	9371	2
3662	4236	6589	2
4792	5289	9150	2
2953	2956	9566	2
1410	6120	9794	2
2519	2520	3653	2
923	3334	8794	2
1143	1396	4069	2
2540	2698	2714	2
2428	3065	3067	2
4775	5760	9835	2
3345	10587	10615	2
345	346	9618	2
5154	6237	6243	2
5760	9377	9835	2
3603	10003	10079	2
4188	4611	8954	2
4775	5259	9835	2
6589	10192	10257	2
1482	8437	9524	2
1393	1394	1395	2
2656	9085	9914	2
4054	9231	10305	2
2937	3968	9626	2
4224	5895	9676	2
8680	9217	9776	2
6583	9523	10096	2
1977	2018	9973	2
2778	3071	9619	2
3415	4547	9807	2
3653	3758	3844	2
4191	5207	9917	2
3569	3570	3571	2
4628	6699	6700	2
2664	9432	9978	2
6559	7256	9787	2
5859	6242	10509	2
1261	1262	1285	2
340	549	9187	2
5647	5649	9467	2
6618	10017	10153	2
6327	9947	10059	2
4274	4575	5154	2
3864	4855	8536	2
1394	1395	1411	2
2955	2958	9986	2
4036	4037	9875	2
3385	9403	9802	2
1284	1356	1393	2
3346	9984	10084	2
6551	8679	9957	2
5297	5336	7110	2
2540	2714	9774	2
1994	1995	9637	2
5297	7110	7111	2
1494	9333	9850	2
6325	8587	9947	2
1122	1143	1396	2
8823	9677	10008	2
3568	3569	3570	2
5216	7100	7101	2
1482	1484	9524	2
1875	1994	1995	2
3567	3568	3569	2
337	555	9522	2
409	8476	9635	2
4693	5170	6214	2
1412	1508	1680	2
2956	4045	9566	2
3573	3574	3575	2
3838	4170	5141	2
4785	5608	9720	2
1765	1875	1994	2
3570	3571	3573	2
5336	5338	8792	2
1491	1494	9744	2
5813	10174	10194	2
6268	6270	7420	2
4612	4728	10097	2
4625	5261	9660	2
3603	8215	10079	2
5456	5458	10139	2
1508	1680	1726	2
5760	9477	9953	2
7602	7605	9970	2
8216	8220	9886	2
1680	1726	1765	2
3184	3185	3908	2
4212	5861	10090	2
4857	5312	9666	2
4784	5343	10124	2
6247	6947	6948	2
5719	7895	9169	2
2942	2945	9523	2
5273	5863	10194	2
1680	1765	10098	2
2329	2519	10028	2
4575	5155	10196	2
6864	7457	10181	2
5780	9619	10145	2
9293	9648	10003	2
1369	3610	8617	2
4037	4040	9875	2
4239	4383	9173	2
1411	1412	1508	2
1726	1765	1875	2
1156	9228	10058	2
3345	7414	10587	2
1505	9454	10012	2
1994	2071	9637	2
3566	3567	3568	2
6558	6560	10267	2
5207	6256	9917	2
3388	5632	9678	2
5171	5859	6236	2
5172	6614	6615	2
5860	7798	10821	2
3662	6589	9855	2
1683	10012	10090	2
5883	5894	10365	2
617	6598	9530	2
3289	3976	9844	2
8439	9937	9938	2
2900	3184	3185	2
5504	9062	9344	2
1503	1505	10012	2
6359	6361	8711	2
2775	6591	9772	2
5145	5147	5274	2
3770	8773	9837	2
1395	1411	1412	2
2664	2666	9978	2
3570	3573	10052	2
6584	6585	9872	2
6327	10059	10060	2
8783	9949	10153	2
1064	5877	9371	2
2329	2331	10028	2
3108	3843	9647	2
2698	2714	2715	2
5920	10448	10513	2
6555	8439	9938	2
7838	8693	9961	2
8661	10033	10148	2
3403	3770	9889	2
3566	3568	9184	2
5787	6676	10019	2
6949	6951	7091	2
1393	7662	10356	2
6778	10795	11255	2
3401	3414	9889	2
6197	6821	11457	2
4612	9840	10097	2
5037	6708	6709	2
5281	7097	7098	2
8437	9524	9992	2
3843	5036	5037	2
2940	2942	9523	2
3595	3682	9435	2
4055	9871	10153	2
1498	9333	10142	2
326	9369	9654	2
871	4197	9511	2
5632	7055	10146	2
3570	3572	10052	2
6584	9745	9872	2
6791	8849	9738	2
5404	6640	10313	2
864	871	9511	2
2945	2949	10096	2
1893	4018	9816	2
2144	8426	10272	2
2448	9692	9812	2
4054	9342	10239	2
6791	6792	9738	2
6574	9432	9978	2
3166	3167	9617	2
2954	2955	9986	2
3573	8537	10052	2
6359	6678	8711	2
3592	3595	9435	2
3087	3089	9970	2
8702	8703	10453	2
2161	9411	9902	2
8703	10453	10520	2
5016	9791	10214	2
3401	3403	9889	2
4728	5297	10097	2
4193	5617	9300	2
3740	7550	9762	2
6072	6073	10310	2
8439	9474	9937	2
8680	9776	10109	2
3170	7687	10226	2
5793	8437	9992	2
4974	6592	10147	2
6631	9333	10142	2
7158	9840	10285	2
5259	6331	10066	2
3567	5016	9974	2
3566	3756	9184	2
7100	7101	7102	2
3293	4812	9998	2
5041	10208	10310	2
2542	4024	9797	2
8787	10174	10251	2
3564	3566	3567	2
2715	2717	2913	2
4947	9377	9942	2
1848	8781	10159	2
4966	6601	9992	2
3065	3067	9898	2
5894	5896	10428	2
6631	10142	10262	2
5458	6767	10139	2
6553	6554	10079	2
9338	10266	10355	2
8834	9293	10003	2
4523	9776	10008	2
1976	2089	10005	2
3065	3838	9898	2
570	572	3825	2
3838	5141	9898	2
3293	3823	9998	2
4040	6720	9875	2
2204	2331	10037	2
4511	9474	9937	2
6553	10003	10079	2
4800	7079	9998	2
320	321	9554	2
6583	8587	10096	2
6430	10250	10325	2
3875	4273	9785	2
6590	9807	9918	2
2644	2931	9797	2
4785	5342	9720	2
1144	1156	9228	2
4523	9430	10008	2
5312	7189	9666	2
6133	7818	11221	2
1261	1263	9336	2
4054	10239	10305	2
1073	5877	9911	2
2360	9774	9962	2
6617	6618	10159	2
8376	9231	9984	2
8781	8782	10017	2
1156	1176	10058	2
3669	3671	9742	2
2776	2778	9619	2
2551	2929	10162	2
8793	10148	10251	2
6579	6580	10066	2
8974	8975	10081	2
1977	2089	9973	2
346	347	464	2
6126	10990	11250	2
2903	2906	10042	2
7587	7588	9392	2
5896	6086	10107	2
7874	9917	10207	2
1143	4069	9228	2
2902	2903	10042	2
1262	8702	9832	2
4626	10347	10355	2
3114	7825	10513	2
5336	7110	8792	2
328	329	9445	2
8904	9692	9812	2
5274	6215	6817	2
9411	9412	9902	2
4783	9678	10146	2
2519	3758	10028	2
2902	8853	10211	2
4947	9401	9942	2
1048	1049	9371	2
6259	6262	10280	2
4239	4679	9173	2
5540	8946	10339	2
3763	5041	10208	2
8440	9403	10033	2
2542	2644	9797	2
1396	4793	9911	2
6587	9454	10012	2
7848	7849	10410	2
5790	5856	10005	2
4055	9299	9871	2
3170	3171	10226	2
5553	5555	9892	2
1995	9637	9974	2
572	574	10172	2
1844	1845	10258	2
4128	5145	5146	2
6590	8052	10237	2
5787	9085	10019	2
1811	8625	10890	2
2646	10207	10414	2
2255	2360	9962	2
6528	9842	10071	2
3823	4800	9998	2
5205	6332	6435	2
4830	6721	10339	2
1194	1262	9832	2
5167	5860	9785	2
3668	3675	3764	2
1848	10159	10258	2
2255	2713	9962	2
4277	4278	4765	2
4273	5167	9785	2
1835	10594	10612	2
6590	9918	10237	2
4766	5204	5205	2
3926	4036	10189	2
314	502	7508	2
4131	11535	11538	2
8114	8115	10256	2
4018	5790	9816	2
6528	8766	10071	2
5734	6310	10257	2
9337	9338	10266	2
3084	3086	10216	2
2549	2551	10162	2
3675	3764	4127	2
3410	3413	9918	2
1049	1064	9371	2
4274	4628	10197	2
6864	6889	10181	2
4496	8974	10130	2
8703	10461	10520	2
3756	6350	9184	2
3764	4127	4128	2
4989	6421	9955	2
3085	4006	10131	2
6587	10012	10090	2
5632	9678	10146	2
6592	9902	10147	2
345	548	9618	2
4005	7602	9970	2
6592	6593	10109	2
5729	9802	10033	2
5863	10174	10251	2
3908	3909	4277	2
5404	8913	10262	2
6593	9776	10109	2
1683	4212	10090	2
325	326	9654	2
2776	3865	9619	2
8781	10017	10159	2
3608	8787	10174	2
6426	6427	10250	2
1844	10258	10327	2
8045	8767	10130	2
1143	1144	9228	2
4580	5327	9955	2
3725	7953	9867	2
1263	5807	9336	2
6261	6265	10280	2
6617	10159	10258	2
4872	4873	10521	2
6558	8853	10267	2
9403	9802	10033	2
4765	4766	5203	2
8045	8974	10130	2
1498	9330	10142	2
4975	6587	10229	2
6601	9992	10239	2
2569	2902	10211	2
3380	8787	10251	2
5793	9992	10239	2
5790	9816	10005	2
2900	3185	4349	2
1844	8966	10327	2
1073	1122	9911	2
4987	8780	10455	2
5456	7715	10139	2
328	422	9445	2
2339	3738	10376	2
7414	10485	10603	2
8476	9635	11506	2
4127	4128	5145	2
3865	9619	10145	2
2144	2212	10272	2
3909	4278	4851	2
6561	10347	10355	2
3419	4027	10237	2
6468	6469	10275	2
4061	9812	10319	2
4274	5154	10197	2
6591	9073	10196	2
2071	2204	10037	2
5297	7111	10097	2
3410	9807	9918	2
1845	1848	10258	2
4610	4612	9840	2
6589	6697	10257	2
8271	8944	10220	2
7916	10675	10706	2
2054	7661	10098	2
6468	9537	10275	2
5863	10174	10194	2
9889	9890	10208	2
4580	4989	9955	2
2088	2117	10980	2
3332	4784	10124	2
3185	3908	3909	2
3072	3074	9941	2
417	8094	10526	2
3414	3763	10208	2
3171	3176	10226	2
3764	5920	10171	2
5204	5205	6332	2
5729	8793	10148	2
3332	8372	10124	2
3666	9577	10171	2
4628	6700	10197	2
5164	6812	10977	2
5555	6468	9892	2
3414	9889	10208	2
4184	5862	9941	2
3086	4145	10216	2
8107	8110	9747	2
321	430	9554	2
3671	3840	9742	2
5934	10544	10596	2
3089	4005	9970	2
5613	11454	11455	2
5894	10365	10428	2
3678	9337	10266	2
6332	6435	7187	2
7759	8476	10245	2
8645	8647	10879	2
6640	8951	10583	2
1284	1393	10356	2
1765	2054	10098	2
8110	8119	9747	2
5863	8793	10251	2
6256	9917	10207	2
5793	9342	10239	2
6560	10266	10355	2
4610	5308	9840	2
6613	9647	10345	2
5884	10147	10273	2
3865	9073	10145	2
325	492	9654	2
3098	4182	9995	2
5171	5172	10191	2
9491	10273	10365	2
4766	5203	5204	2
5171	6236	10191	2
1122	1396	9911	2
6591	9772	10024	2
4410	8009	10359	2
6629	6631	10262	2
4626	9660	10347	2
4440	9861	10776	2
5729	10033	10148	2
3185	4349	10176	2
2117	10978	10980	2
2931	8529	10449	2
6259	6261	10280	2
346	464	9618	2
3341	10653	10675	2
4911	8645	10916	2
6430	8432	10325	2
4974	9491	10273	2
2552	2569	10211	2
3984	10893	11121	2
4437	4911	10936	2
3925	3926	10189	2
2427	2699	10485	2
349	350	508	2
2071	9637	10037	2
9412	9902	10147	2
4278	4765	4766	2
6601	10239	10305	2
6427	6430	10250	2
6601	6602	10305	2
3909	4277	4278	2
5411	6317	10482	2
3100	4181	9995	2
3846	4185	10223	2
2717	2900	10286	2
5041	10638	10689	2
4437	7736	10360	2
5152	6232	10114	2
6256	6258	10207	2
7990	9859	10223	2
5861	10090	10229	2
3925	9872	10189	2
2117	7738	10978	2
5154	6243	10197	2
4410	4412	10359	2
2212	2713	10272	2
5203	5204	6274	2
4830	8946	10339	2
7755	11486	11487	2
6676	10019	10319	2
2931	2932	10449	2
4170	4683	10169	2
7298	7300	10748	2
6618	10017	10159	2
2337	9441	10376	2
9890	10208	10310	2
5404	10262	10313	2
3848	4270	10069	2
3098	3100	9995	2
6469	7457	10275	2
6589	9855	10192	2
3666	3668	10171	2
3072	4184	9941	2
5152	7990	10114	2
6560	6561	10355	2
6560	10266	10267	2
8966	10327	10389	2
5172	6615	10191	2
4170	5141	10169	2
2900	4349	10286	2
1336	8780	10533	2
8068	8070	10467	2
574	2178	10172	2
6629	6630	10313	2
6587	10090	10229	2
6265	10280	10603	2
3153	10865	10894	2
2358	3738	10531	2
4626	9338	10355	2
9426	10542	10611	2
3846	9859	10223	2
8780	10455	10533	2
1265	5807	10356	2
3653	3844	10024	2
4974	10147	10273	2
2685	9426	10542	2
4911	10916	10936	2
4061	10019	10319	2
1809	9855	10192	2
5871	6617	10327	2
6072	9890	10310	2
6617	10258	10327	2
8904	9812	10319	2
3653	9772	10024	2
8112	10973	11001	2
3843	9647	10345	2
1265	1284	10356	2
1809	8861	10192	2
1492	1493	10633	2
9637	10037	10214	2
6630	8471	10550	2
572	3825	10172	2
6766	10885	10896	2
2717	2913	10286	2
4186	5174	10749	2
3668	3764	10171	2
5016	9974	10214	2
6351	8191	10850	2
8142	8143	10611	2
1336	10533	10575	2
3185	3909	10176	2
9637	9974	10214	2
6561	7257	10347	2
4794	5290	10520	2
4270	5164	10069	2
4243	8455	10620	2
8415	10794	10881	2
7111	10097	10285	2
5012	9491	10365	2
4141	11531	11532	2
5934	9566	10544	2
2337	2339	10376	2
8117	11050	11073	2
6629	10262	10313	2
6676	10319	10455	2
4412	5415	10359	2
3066	3839	10615	2
5966	10389	10581	2
3067	9898	10600	2
5301	6672	10461	2
3678	10266	10267	2
7033	9660	10423	2
7849	7853	10410	2
5036	7825	10448	2
8155	11525	11527	2
5403	6640	10583	2
8068	8073	10467	2
4128	5920	10622	2
5808	10453	10520	2
2428	3067	10531	2
6239	9073	10488	2
1971	8116	11037	2
7693	10594	10612	2
3871	7792	10754	2
6162	6185	10556	2
2685	8703	10542	2
3572	10052	10901	2
7524	10711	10722	2
6268	7420	10587	2
6258	10207	10414	2
4465	10860	11254	2
6655	10544	10596	2
2952	10449	10544	2
8904	10319	10455	2
6767	8189	10896	2
4766	5205	10502	2
5012	5013	10428	2
2824	8943	10603	2
4975	7524	10722	2
2331	8905	10501	2
6996	7114	11361	2
6055	6766	10862	2
9577	10171	10513	2
4984	11126	11191	2
9832	10058	10453	2
5871	9800	10389	2
8943	10280	10603	2
5012	10365	10428	2
8645	10879	10916	2
3909	4851	10176	2
5782	10145	10488	2
2932	2952	10449	2
5871	10327	10389	2
4987	8904	10455	2
6317	7233	10482	2
6258	6262	10414	2
7043	7044	11038	2
6614	10345	10535	2
5290	5301	10461	2
6035	10915	11026	2
5859	9995	10509	2
2427	2824	10485	2
2331	10037	10501	2
1835	1836	10594	2
5808	10058	10453	2
9660	10347	10423	2
4873	5411	10521	2
3114	9577	10513	2
531	8054	11523	2
417	8054	11524	2
8155	8156	11525	2
5791	7504	10722	2
6708	10448	10622	2
8072	8075	11530	2
6266	7414	10587	2
6098	7691	11314	2
5577	8585	10711	2
9073	10145	10488	2
857	862	10666	2
5174	11545	11547	2
5920	10171	10513	2
4794	5808	10520	2
6676	10455	10533	2
5040	5041	10638	2
9791	10214	10501	2
8070	8155	11527	2
3333	8034	11189	2
6672	10542	10611	2
3843	5037	10345	2
8966	10389	10581	2
2952	9566	10544	2
6675	6676	10533	2
3137	3141	10779	2
2358	2428	10531	2
8702	9832	10453	2
7257	10347	10423	2
8094	8095	10526	2
6640	10313	10550	2
3067	10556	10600	2
6675	10533	10575	2
4278	4851	10502	2
8455	10638	10689	2
6162	7850	10556	2
531	7937	11522	2
4867	4975	10722	2
1839	8454	10798	2
9791	10501	10677	2
4072	10668	10841	2
1840	10581	10594	2
681	683	10775	2
10037	10214	10501	2
8905	10501	10677	2
4182	9995	10509	2
1840	8966	10581	2
5920	10448	10622	2
457	7937	11521	2
1839	10798	10839	2
8558	10617	10633	2
4278	4766	10502	2
4145	11528	11529	2
8703	10461	10542	2
4072	9336	10668	2
6675	8574	10575	2
8073	11526	11528	2
3408	3412	10785	2
3847	4186	10728	2
6007	8558	10617	2
1832	1833	10826	2
5934	6007	10596	2
3572	9184	10761	2
677	679	10789	2
5403	6414	10583	2
5940	7693	10612	2
6266	6268	10587	2
6717	8905	10677	2
4113	6060	10843	2
8142	10611	10653	2
8455	10620	10638	2
5622	6655	10596	2
8073	10467	11526	2
6630	10313	10550	2
6265	7414	10603	2
1836	1840	10594	2
5807	10356	10647	2
6672	10461	10542	2
1811	1812	10845	2
667	9472	10795	2
3739	4824	10853	2
1492	7999	10633	2
7077	9151	10920	2
3056	4587	10849	2
3871	3873	10754	2
6421	8963	10718	2
7999	10617	10633	2
6716	10717	10728	2
5983	7145	10860	2
5441	5860	10821	2
5940	10612	10620	2
6007	10596	10617	2
1835	8882	10612	2
2514	10794	10881	2
6717	10677	10717	2
6185	10556	10600	2
4440	9785	10776	2
3066	3345	10615	2
4128	5146	10622	2
2714	2715	10792	2
8143	9426	10611	2
6716	6717	10717	2
6753	10845	10951	2
7658	11380	11384	2
3143	3146	10894	2
4243	8882	10620	2
7296	7662	10647	2
8625	10890	10915	2
5856	10005	10748	2
8054	11523	11524	2
6421	9955	10718	2
5622	7999	10617	2
1839	9097	10839	2
6725	8307	11126	2
4036	10189	10879	2
6706	7923	10996	2
1784	10840	10862	2
5622	10596	10617	2
8882	10612	10620	2
5037	6709	10535	2
5040	5940	10638	2
7662	10356	10647	2
6350	7130	11207	2
7604	7606	11050	2
5086	7145	10843	2
6073	10310	10689	2
5123	11078	11241	2
6008	7554	10794	2
6351	6352	10850	2
9097	10839	10876	2
3145	9290	10779	2
6670	6672	10653	2
8647	10189	10879	2
862	949	10666	2
1681	2514	10840	2
7208	7209	10892	2
6670	6671	10675	2
5304	8382	10886	2
5877	9371	10853	2
6057	6753	10890	2
531	11522	11523	2
6658	10668	10841	2
5807	9336	10668	2
9594	11123	11274	2
5652	10986	11253	2
3852	6781	10932	2
6240	11540	11546	2
7937	11521	11522	2
8213	9791	10677	2
5540	10339	10978	2
7601	7608	11165	2
7554	10840	10862	2
6044	6753	10924	2
5807	10647	10668	2
7246	10718	10739	2
5575	8423	10968	2
6671	6674	10706	2
6671	10675	10706	2
6674	10706	10729	2
8213	10677	10717	2
4603	8436	10968	2
4265	8214	10990	2
6670	10653	10675	2
6672	10611	10653	2
4186	10728	10749	2
6512	6513	11103	2
6035	9607	10915	2
7246	9955	10718	2
6232	11551	11553	2
4235	10717	10728	2
8423	8425	10968	2
5577	7524	10711	2
1802	1804	10962	2
6357	6678	10865	2
6678	8711	10914	2
8109	8111	11001	2
4235	8213	10717	2
6674	7221	10729	2
5940	10620	10638	2
4867	5791	10722	2
5037	10345	10535	2
6034	6658	10841	2
1787	1972	10956	2
3780	9097	10876	2
5041	10310	10689	2
6699	6716	10749	2
3175	9235	11043	2
1815	1818	10951	2
3780	10876	10924	2
7246	9121	10739	2
3158	11444	11452	2
5141	11380	11384	2
6060	10843	11255	2
3847	4235	10728	2
7278	11293	11294	2
4492	5652	10986	2
6241	11549	11550	2
7603	11165	11274	2
1791	1971	10973	2
7738	10339	10978	2
3412	4493	10785	2
3873	4440	10754	2
6043	6642	11017	2
6052	7213	11042	2
3141	3145	10779	2
6034	8415	10881	2
2089	10005	10748	2
5270	7045	11038	2
4386	4824	10955	2
5345	6706	10996	2
1860	1896	11055	2
5897	6642	11022	2
7043	9141	11038	2
671	11234	11248	2
1784	1785	10885	2
8454	8455	10798	2
681	1897	10775	2
6350	9184	10761	2
6034	10841	10881	2
4665	8307	11126	2
8625	10915	11026	2
5860	9785	10776	2
5321	7141	11065	2
6060	9472	10795	2
6008	8415	10794	2
1807	10962	11026	2
6135	10932	11166	2
1799	1970	11123	2
4392	5013	11065	2
1793	1971	11037	2
879	885	11036	2
6050	6677	11042	2
7189	9666	11017	2
6766	10862	10885	2
6753	10924	10951	2
1887	11243	11252	2
1785	1972	10885	2
1797	1970	11073	2
1681	1784	10840	2
2089	10748	10847	2
6055	7554	10862	2
5131	6420	11255	2
2715	2913	10792	2
7909	8337	11058	2
7300	10748	10847	2
6103	10985	11259	2
3996	7278	11293	2
5122	5123	11078	2
6355	10850	10865	2
3420	4027	11145	2
5441	6351	10821	2
4664	4984	11126	2
5164	10069	10976	2
6073	10798	10839	2
5453	10060	11295	2
5097	10992	11244	2
6716	10728	10749	2
1832	4195	10826	2
667	10795	11248	2
6073	10689	10798	2
5205	10502	11207	2
4113	5086	10843	2
4072	9548	10841	2
2514	10794	10840	2
6293	7097	11195	2
1812	1815	10845	2
3056	4465	10849	2
8455	10689	10798	2
3739	9371	10853	2
6352	6355	10850	2
6071	6073	10839	2
7608	11190	11194	2
5983	6787	10860	2
1801	9594	11123	2
6071	10839	10876	2
6355	6357	10865	2
6133	11190	11194	2
7130	10502	11207	2
2089	9973	10847	2
8936	8937	11237	2
8515	8881	11254	2
3176	10226	11103	2
4948	11244	11249	2
9548	10841	10881	2
1811	10845	10890	2
5273	10194	11155	2
6580	10066	11135	2
7554	10794	10840	2
7209	10892	10893	2
6069	6071	10876	2
2514	9548	10881	2
4036	9875	10879	2
6718	6719	10893	2
8051	8052	11099	2
6766	6767	10896	2
3146	10894	10914	2
5095	10954	11334	2
6753	10845	10890	2
7075	8382	10886	2
6069	10876	10924	2
6706	10962	11026	2
6130	8936	11239	2
6781	10954	11166	2
8937	11237	11249	2
3143	3153	10894	2
5453	11295	11297	2
5095	10954	11166	2
7208	7211	10892	2
2376	10285	11146	2
5078	5079	11190	2
6057	9607	10915	2
9875	10879	10916	2
3112	11211	11376	2
6788	11261	11262	2
6725	11126	11191	2
6678	10894	10914	2
7111	10285	11146	2
6720	9875	10916	2
8936	11237	11239	2
8052	10237	11099	2
6720	10916	10936	2
647	11259	11261	2
6948	8360	11216	2
6044	6069	10924	2
6135	6788	11262	2
3572	10761	10901	2
3852	9370	10932	2
4244	7845	11194	2
3348	10423	11367	2
2200	8881	11240	2
6720	6721	10936	2
5080	6133	11221	2
4679	9173	11219	2
4948	8997	11249	2
6420	10843	11255	2
1807	8625	11026	2
668	671	11248	2
7606	8117	11050	2
5094	5095	11166	2
4236	4237	11231	2
6948	6949	11216	2
1818	3780	10951	2
1784	10862	10885	2
6781	6782	10954	2
1887	9480	11252	2
6792	9738	11241	2
6786	10986	11253	2
644	647	11261	2
1787	1789	10956	2
9481	11078	11241	2
5720	10955	10971	2
6778	10795	11248	2
5575	8436	10968	2
9481	11078	11227	2
4386	5720	10955	2
6310	10257	11232	2
6598	10069	10976	2
6366	10978	10980	2
3820	11245	11250	2
1789	10956	10973	2
1804	1807	10962	2
6787	11240	11253	2
7607	11123	11274	2
5451	7873	11297	2
1789	1791	10973	2
3820	9372	11245	2
3780	10924	10951	2
5720	6066	10971	2
6366	10009	10980	2
6327	10060	11295	2
8425	10847	11340	2
6326	7295	11295	2
5540	6366	10978	2
5134	6788	10985	2
5156	9234	11296	2
6328	8795	11311	2
6786	6787	11253	2
4492	6041	10986	2
6041	10986	10992	2
6057	10890	10915	2
4143	4948	11244	2
647	9257	11259	2
4265	5134	10990	2
3820	8214	11250	2
4681	6120	11299	2
6616	11515	11520	2
6358	11461	11463	2
5345	6108	10996	2
6041	8937	10992	2
8109	8112	11001	2
5134	10985	10990	2
6354	6356	11467	2
10059	10060	11293	2
8881	11240	11254	2
4679	11231	11314	2
6358	6360	11461	2
854	7320	11368	2
6356	6358	11463	2
3726	9794	11313	2
6719	10892	10893	2
6324	6328	11311	2
6821	11457	11458	2
5164	10976	10977	2
6354	11467	11472	2
3996	9315	11293	2
6043	9666	11017	2
5079	11165	11274	2
6353	6354	11472	2
5897	6086	11022	2
5452	5799	11294	2
3333	11140	11189	2
6035	6706	11026	2
5095	9267	11334	2
6066	7067	11011	2
5270	9141	11038	2
6066	10971	11011	2
6353	11472	11475	2
6718	10893	11121	2
6120	11304	11313	2
6512	10226	11103	2
9272	11227	11234	2
879	4197	11036	2
3175	8842	11043	2
6050	6052	11042	2
1793	1795	11037	2
6353	9496	11475	2
4474	11235	11242	2
1896	6580	11055	2
7144	11231	11314	2
1795	11037	11073	2
4392	5321	11065	2
7909	7910	11058	2
1795	1797	11073	2
5122	6124	11078	2
4474	9250	11242	2
9250	11242	11243	2
1887	9250	11243	2
6292	9246	11345	2
6792	11241	11252	2
6292	9630	11345	2
3822	9272	11227	2
671	9272	11234	2
6076	11189	11191	2
3961	4985	11346	2
1799	1801	11123	2
4664	4665	11126	2
4027	10237	11099	2
6076	6725	11191	2
6513	6515	11435	2
7608	11165	11190	2
6356	11463	11467	2
6718	8307	11121	2
6076	8034	11189	2
6722	7655	11140	2
6331	10066	11135	2
3420	3980	11145	2
5079	11165	11190	2
7111	8772	11146	2
7603	7607	11274	2
854	856	11368	2
6580	11055	11361	2
5273	6315	11155	2
7114	11055	11361	2
9370	10932	11262	2
7601	7603	11165	2
6135	10932	11262	2
6195	11438	11451	2
6315	7160	11161	2
6781	10932	11166	2
6315	11155	11161	2
7033	10423	11367	2
6778	11234	11248	2
6722	11189	11191	2
4244	7608	11194	2
7691	11219	11314	2
6293	7094	11195	2
6792	11243	11252	2
4984	6722	11191	2
5078	6133	11190	2
7610	7691	11376	2
5205	6435	11207	2
7097	7098	11211	2
6124	11227	11234	2
8937	11244	11249	2
7098	9173	11219	2
6949	7091	11216	2
5080	6310	11221	2
6130	9372	11245	2
9290	10779	11408	2
4237	4679	11231	2
6789	11235	11242	2
2200	8168	11240	2
6788	11259	11261	2
6098	7144	11314	2
8168	11240	11253	2
6789	7213	11235	2
8323	11245	11250	2
6124	6778	11234	2
5123	9738	11241	2
6790	6792	11243	2
6126	8323	11250	2
6789	6790	11242	2
6790	11242	11243	2
8997	9653	11249	2
5133	8323	11239	2
5141	9898	11380	2
667	668	11248	2
9653	11237	11249	2
643	11261	11262	2
6697	10257	11232	2
5133	9653	11237	2
9480	9481	11252	2
5652	8168	11253	2
643	644	11261	2
643	9370	11262	2
3158	9050	11444	2
5133	11237	11239	2
3158	3159	11452	2
7005	10779	11408	2
6196	6818	11453	2
6321	10511	11345	2
6787	11240	11254	2
5079	9594	11274	2
4682	11377	11386	2
4682	7658	11377	2
5156	7585	11296	2
6326	6327	11295	2
9234	9235	11456	2
5799	7278	11294	2
4681	6161	11299	2
8909	11299	11304	2
6120	11299	11304	2
5451	5453	11297	2
9315	10059	11293	2
4682	8909	11386	2
9481	11241	11252	2
6323	6324	11311	2
4679	11219	11314	2
6060	10795	11255	2
6120	9794	11313	2
6722	11140	11189	2
6787	10860	11254	2
5932	9267	11334	2
7300	10847	11340	2
7300	8438	11340	2
6124	11078	11227	2
7658	11377	11380	2
8937	10992	11244	2
6321	9630	11345	2
6788	10985	11259	2
3961	5326	11346	2
7098	11219	11376	2
5510	8089	11438	2
7691	11219	11376	2
6161	11299	11386	2
6130	11239	11245	2
8909	11299	11386	2
8323	11239	11245	2
7033	7277	11367	2
6580	11135	11361	2
856	865	11368	2
6185	11377	11386	2
6331	11135	11435	2
6515	11135	11435	2
7585	11296	11455	2
6161	6185	11386	2
5141	10169	11384	2
6389	11488	11489	2
6185	10600	11377	2
9898	10600	11380	2
10600	11377	11380	2
628	631	11446	2
4271	6782	11455	2
6194	9009	11448	2
3868	3870	11458	2
3159	3161	11450	2
5613	8707	11454	2
504	7259	11497	2
6659	11488	11489	2
10954	11334	11456	2
4180	7755	11487	2
4985	9290	11408	2
6389	7247	11488	2
7098	11211	11376	2
3866	3868	11485	2
5170	6821	11486	2
6598	10976	11461	2
6360	10976	11461	2
6214	11486	11487	2
6659	9919	11489	2
9235	11334	11456	2
6782	11296	11455	2
6331	7002	11435	2
5511	11436	11438	2
5511	6818	11436	2
5510	5511	11438	2
6214	6659	11488	2
6818	11446	11448	2
8088	8089	11451	2
3164	8088	11449	2
3159	11450	11452	2
8088	11449	11451	2
503	11503	11504	2
6196	7585	11454	2
6215	6817	11503	2
6812	11444	11452	2
6812	10977	11444	2
259	260	11504	2
6708	6709	11509	2
5274	9635	11506	2
5145	5274	11506	2
6194	11436	11448	2
4692	7721	11457	2
296	297	11552	2
7759	7760	11514	2
457	7761	11520	2
6616	10535	11515	2
10245	11509	11514	2
8182	8353	11532	2
5146	10245	11509	2
6700	8128	11545	2
441	11542	11543	2
5783	8170	11540	2
6241	8805	11551	2
5146	10622	11509	2
8069	8072	11529	2
3088	4145	11528	2
6243	9090	11544	2
3092	4183	11526	2
8156	10509	11525	2
7760	11515	11520	2
4182	10509	11525	2
441	7274	11543	2
8176	11534	11536	2
4183	10467	11526	2
6812	6819	11452	2
627	628	11446	2
3084	10216	11531	2
6195	9373	11451	2
627	9009	11448	2
6819	9373	11449	2
3161	3164	11450	2
3082	4141	11531	2
8176	8177	11538	2
627	11446	11448	2
4271	5613	11455	2
631	8707	11453	2
9373	11449	11451	2
8354	10216	11531	2
8128	11545	11547	2
8073	11528	11529	2
4141	8181	11533	2
8172	8173	11536	2
3870	4692	11458	2
8354	11531	11532	2
5782	5783	11540	2
8180	11535	11538	2
8169	8171	11539	2
3080	4141	11533	2
3076	4131	11535	2
5781	5862	11537	2
288	289	11542	2
286	287	11541	2
6237	7235	11543	2
6240	10488	11540	2
5862	9941	11534	2
6821	11485	11486	2
6699	6700	11545	2
6238	7274	11543	2
8170	11540	11546	2
881	11461	11463	2
8127	8130	11547	2
881	6598	11461	2
8130	11549	11550	2
881	9478	11463	2
6818	11436	11448	2
4180	7247	11487	2
8172	11536	11537	2
6782	10954	11456	2
5862	11536	11537	2
6243	10197	11544	2
3853	11467	11472	2
3853	9478	11467	2
9478	11463	11467	2
536	8804	11549	2
5858	6241	11551	2
6232	10114	11551	2
5174	10749	11545	2
3866	7755	11485	2
5170	6214	11486	2
4692	11457	11458	2
8805	11551	11553	2
6235	6389	11490	2
6389	11489	11490	2
6223	11495	11497	2
5173	6241	11550	2
6233	6235	11491	2
2178	9919	11489	2
6819	11450	11452	2
6235	11490	11491	2
2178	10172	11490	2
2178	11489	11490	2
6223	6233	11495	2
10172	11490	11491	2
3825	10172	11491	2
6819	11449	11450	2
3164	11449	11450	2
7425	11495	11497	2
7259	11497	11499	2
6196	11453	11454	2
6214	11487	11488	2
3825	7425	11495	2
504	7425	11497	2
6233	11491	11495	2
3825	11491	11495	2
6221	6223	11499	2
6221	11499	11500	2
6219	6221	11500	2
6219	11500	11501	2
8707	11453	11454	2
6217	6219	11501	2
6217	11501	11503	2
6215	6217	11503	2
259	503	11504	2
7755	11485	11486	2
5145	5146	11506	2
7760	11514	11515	2
6708	10622	11509	2
457	11520	11521	2
7247	11487	11488	2
7759	10245	11514	2
6709	10535	11515	2
7760	7761	11520	2
6615	6616	11521	2
6615	10191	11522	2
6615	11521	11522	2
10191	11522	11523	2
6236	10191	11523	2
6236	6242	11524	2
6236	11523	11524	2
9081	11525	11527	2
4182	9081	11525	2
8072	11529	11530	2
3090	3092	11526	2
4183	9081	11527	2
3090	11526	11528	2
3088	3090	11528	2
8069	8073	11529	2
4145	10216	11530	2
3082	3084	11531	2
8353	8354	11532	2
5783	11537	11539	2
8172	11537	11539	2
519	11541	11546	2
3078	11533	11535	2
8176	11534	11538	2
4131	9941	11534	2
3078	3080	11533	2
3076	3078	11535	2
8173	8176	11536	2
8177	8180	11538	2
5781	5783	11537	2
8171	8172	11539	2
6223	11497	11499	2
7274	11541	11546	2
5782	10488	11540	2
288	441	11542	2
286	519	11541	2
519	8170	11546	2
6237	6238	11543	2
5173	5174	11550	2
6700	10197	11544	2
297	11548	11552	2
6240	7274	11546	2
6699	10749	11545	2
8130	11547	11550	2
8127	8128	11547	2
536	8130	11549	2
6820	7166	11548	2
296	473	11552	2
473	8805	11553	2
5858	10114	11551	2
473	11552	11553	2
6232	6820	11553	2
6820	11552	11553	2
6709	11514	11515	2
6616	11520	11521	2
4145	11529	11530	2
4131	11534	11538	2
5174	11547	11550	2
6820	11548	11552	2
4280	6995	11554	2
4277	4767	11554	2
3908	4280	11554	2
3908	4277	11554	2
8332	11582	11818	2
8327	8332	11582	2
6970	6994	11559	2
4767	6994	11559	2
9130	11594	11823	2
4284	6992	11564	2
5216	7101	11561	2
4759	5617	11561	2
6270	6983	11564	2
4284	7420	11564	2
4767	8736	11559	2
5151	5218	11574	2
5257	7166	11574	2
302	303	11576	2
8325	8328	11576	2
8124	9205	11656	2
491	9261	11651	2
4759	5216	11561	2
516	7103	11623	2
6270	7420	11564	2
508	6982	11707	2
4741	5218	11582	2
332	333	11583	2
440	6970	11653	2
333	334	11596	2
496	7166	11807	2
5151	5257	11574	2
5197	11582	11818	2
508	6984	11714	2
445	7578	11642	2
5197	9300	11610	2
6246	6946	11611	2
5218	8329	11821	2
6269	6988	11613	2
6267	9443	11613	2
405	8121	11650	2
303	8325	11576	2
6926	8980	11615	2
405	8122	11800	2
6271	6926	11622	2
309	516	11623	2
308	472	11623	2
6263	9443	11625	2
468	9522	11640	2
6946	6947	11629	2
6950	6985	11629	2
6889	7502	11639	2
472	9130	11823	2
6275	6900	11640	2
6274	6958	11642	2
414	9276	11639	2
342	405	11650	2
341	549	11650	2
7496	7499	11651	2
315	7508	11653	2
316	440	11653	2
322	430	11656	2
323	9205	11656	2
300	568	11689	2
299	496	11689	2
7887	7889	11693	2
317	440	11694	2
311	445	11697	2
310	516	11697	2
6900	7764	11601	2
6915	6916	11702	2
6863	6888	11710	2
351	402	11714	2
350	508	11714	2
343	405	11800	2
344	548	11800	2
4	301	11803	2
4	302	11803	2
6958	8736	11604	2
8326	8329	11821	2
4741	5197	11582	2
548	9618	11625	2
332	491	11583	2
422	9445	11622	2
349	508	11707	2
5617	11594	11610	2
6959	7764	11601	2
9369	9654	11615	2
8736	11559	11604	2
318	6985	11694	2
430	9554	11611	2
5617	11561	11594	2
334	414	11596	2
549	9187	11601	2
502	7508	11604	2
5617	9300	11610	2
6246	6957	11611	2
6267	6269	11613	2
7889	8980	11615	2
7103	11561	11594	2
6271	6915	11622	2
348	6988	11707	2
308	309	11623	2
6263	6961	11625	2
6947	6950	11629	2
6968	6985	11694	2
6888	6889	11639	2
6275	8876	11640	2
6274	7115	11642	2
5218	11582	11821	2
341	342	11650	2
348	349	11707	2
7495	7496	11651	2
315	316	11653	2
322	323	11656	2
299	300	11689	2
7887	7888	11693	2
317	318	11694	2
310	311	11697	2
6916	7495	11702	2
8329	8330	11807	2
6982	6988	11707	2
6863	8876	11710	2
350	351	11714	2
302	11576	11803	2
472	11623	11823	2
343	344	11800	2
301	568	11803	2
7166	11574	11807	2
8329	11574	11807	2
8332	9130	11818	2
5197	11610	11818	2
8327	11582	11821	2
8326	8327	11821	2
568	11576	11803	2
9130	11610	11818	2
7103	11623	11823	2
7103	11594	11823	2
402	6984	6991	2
5211	6991	6993	2
9496	11053	11475	2
2437	7906	11022	2
1897	7047	10789	2
7052	10775	10787	2
8203	8204	9027	2
1897	7047	10787	2
6642	11010	11017	2
351	352	402	2
252	401	7421	2
6642	7936	11022	2
683	4489	10775	2
5166	5351	7727	2
1190	7189	11017	2
5165	5166	7727	2
4272	5165	7724	2
5381	8762	10221	2
5169	7720	7722	2
2443	7213	11042	2
4443	7907	8120	2
401	571	7421	2
4172	4682	7658	2
4272	5169	7724	2
7720	7721	7722	2
4632	8202	8910	2
571	572	573	2
4684	4714	5211	2
8201	8202	8203	2
2675	8762	10101	2
4428	4430	8910	2
1331	1333	1334	2
4173	4682	8909	2
831	832	833	2
7905	7906	7907	2
830	832	4443	2
5030	6576	8574	2
572	573	574	2
4429	4430	4431	2
1332	1333	1336	2
4431	5381	8749	2
634	636	637	2
615	616	617	2
618	620	621	2
2667	2669	2675	2
662	664	665	2
616	617	618	2
670	672	673	2
636	637	638	2
654	656	657	2
620	621	622	2
658	660	661	2
684	686	4474	2
642	644	645	2
652	653	654	2
656	657	658	2
640	641	642	2
666	668	669	2
648	649	650	2
644	645	646	2
672	673	674	2
646	648	649	2
660	661	662	2
683	684	685	2
626	628	629	2
664	665	666	2
628	629	630	2
650	652	653	2
668	669	670	2
632	633	634	2
4693	6659	9710	2
638	640	641	2
624	625	626	2
622	624	625	2
630	632	633	2
833	2826	9027	2
2666	2667	2668	2
1334	3726	8400	2
5030	6574	6575	2
1066	5170	6197	2
2666	2734	9978	2
4683	4684	4685	2
1066	4693	5170	2
574	576	2178	2
674	677	9846	2
613	615	9478	2
576	2178	9919	2
4683	6174	10169	2
6659	9710	9919	2
6574	9978	10168	2
613	3853	9478	2
1336	5610	10575	2
8574	10575	10591	2
6677	11042	11251	2
5351	9496	11053	2
677	9846	10789	2
7213	11054	11235	2
4899	8909	11304	2
6677	7189	11023	2
6743	11304	11313	2
4474	9078	11235	2
6175	7658	11384	2
3726	11313	11319	2
10169	11383	11384	2
6197	11447	11457	2
8573	11472	11475	2
3853	8573	11472	2
7721	11447	11457	2
4714	5211	6993	2
1191	11053	11475	2
4489	7052	10775	2
2826	8204	9027	2
1190	7189	11023	2
571	573	11021	2
352	402	7230	2
6642	7936	11010	2
2437	7936	11022	2
251	252	7421	2
2443	7213	11054	2
1190	11010	11017	2
8762	10101	10221	2
5351	7727	7728	2
5165	7724	7726	2
5165	7726	7727	2
5169	7722	7723	2
4632	8201	8202	2
571	7421	11021	2
4172	6175	7658	2
830	4443	8120	2
4172	4173	4682	2
2437	7905	7906	2
7905	7907	8120	2
5169	7723	7724	2
686	4474	9078	2
4428	4429	4430	2
830	831	832	2
1331	1332	1333	2
670	673	8991	2
665	666	9043	2
620	622	9224	2
573	574	575	2
638	641	9123	2
1331	1334	8400	2
626	629	9112	2
622	625	9224	2
613	614	615	2
8201	8203	8204	2
683	685	4489	2
574	575	576	2
4429	4431	8749	2
4173	4899	8909	2
4428	4632	8910	2
666	669	9043	2
660	662	9471	2
831	833	2826	2
614	615	616	2
656	658	659	2
673	674	675	2
658	659	660	2
1332	1336	5610	2
611	613	3853	2
654	655	656	2
634	635	636	2
669	670	8991	2
653	654	655	2
662	665	9471	2
618	619	620	2
625	626	9112	2
1066	6197	9466	2
616	618	619	2
5030	6575	6576	2
684	685	686	2
2667	2668	2669	2
633	634	635	2
2666	2668	2734	2
649	650	9206	2
650	653	9206	2
611	3853	8573	2
636	638	9123	2
641	642	9876	2
4684	4685	4714	2
583	4693	9710	2
642	645	9876	2
645	646	9216	2
2669	2675	10101	2
646	649	9216	2
629	630	9410	2
583	1066	4693	2
576	578	9919	2
630	633	9410	2
674	675	9846	2
4683	4685	6174	2
3726	8400	11319	2
5381	8749	10221	2
578	9710	9919	2
2734	9978	10168	2
6574	6575	10168	2
5610	10575	10591	2
5532	7052	10787	2
5498	7047	10787	2
9078	11054	11235	2
6576	8574	10591	2
2443	11042	11251	2
5351	7728	11053	2
9846	10789	11385	2
7047	10789	11385	2
6175	11383	11384	2
4899	6743	11304	2
6743	11313	11319	2
6677	11023	11251	2
6174	10169	11383	2
6197	9466	11447	2
7721	7722	11483	2
7721	11447	11483	2
1191	8573	11475	2
402	6991	11634	2
6991	6993	11634	2
463	6901	11568	3
463	6901	11706	3
423	6917	9199	3
404	7551	10756	3
543	7533	7534	3
415	8145	9116	3
564	6896	9420	3
487	6924	6930	3
6273	9303	9363	3
423	6917	11696	3
408	8022	9019	3
545	7453	9146	3
448	7541	9163	3
552	6929	9214	3
431	6935	11794	3
8022	9019	11589	3
485	7582	7584	3
431	6935	11593	3
543	7533	11654	3
107	499	7538	3
415	8145	11652	3
487	6924	11655	3
564	6896	11648	3
6273	9303	11644	3
431	8198	11593	3
125	11595	11794	3
7453	9146	11638	3
5677	6935	11593	3
448	7541	11631	3
6934	11595	11794	3
558	6971	8198	3
5677	6935	11808	3
6934	6935	11794	3
107	108	7538	3
487	6930	6931	3
485	7582	11692	3
6929	9214	11621	3
135	136	7583	3
552	6929	11618	3
6895	11555	11708	3
475	7531	7537	3
136	415	7583	3
7541	9163	11607	3
6892	9421	11706	3
6921	6924	9222	3
6885	6942	11669	3
6942	11668	11669	3
412	8084	11682	3
8084	11681	11682	3
431	8198	11695	3
475	7531	7533	3
545	7453	11599	3
499	7538	11619	3
6901	6902	11568	3
408	8022	11603	3
6921	9222	11696	3
6895	6897	11555	3
7528	7530	7537	3
4192	11580	11581	3
6932	11580	11646	3
8022	8324	11589	3
6273	9363	11606	3
7528	7531	7537	3
7548	11578	11715	3
517	11555	11708	3
566	11578	11715	3
6896	9420	11603	3
10299	11663	11753	3
512	11684	11757	3
5244	11681	11760	3
5250	11676	11730	3
10182	11673	11729	3
7549	11672	11716	3
5246	11664	11759	3
9328	11674	11785	3
10036	11675	11786	3
99	11671	11780	3
77	11668	11777	3
80	11670	11776	3
83	11667	11775	3
5251	11662	11772	3
6892	9421	11648	3
7530	7537	7538	3
6932	6933	11646	3
8145	9116	11599	3
463	9421	11706	3
558	6971	11644	3
558	8198	11695	3
543	7534	11607	3
465	6962	11638	3
7551	10756	11612	3
6930	6931	6932	3
6917	9199	11618	3
485	7584	11621	3
482	11674	11785	3
428	11675	11786	3
6938	11671	11780	3
6942	11668	11777	3
7565	11670	11776	3
7921	11667	11775	3
7338	11662	11772	3
511	11663	11753	3
6907	11684	11757	3
8084	11681	11760	3
8404	11676	11730	3
436	11673	11729	3
494	11672	11716	3
8083	11664	11759	3
6932	11580	11581	3
465	6962	11813	3
423	9222	11696	3
6931	6932	6933	3
6931	6933	6934	3
9008	11631	11832	3
6933	6934	6935	3
1241	9380	10861	3
739	741	9528	3
712	716	10777	3
7682	7683	8867	3
727	730	10479	3
2162	11188	11342	3
716	720	7154	3
716	7154	10777	3
5602	8858	11332	3
8638	8641	11320	3
2835	7037	7155	3
6740	7231	11273	3
3903	3978	9088	3
8890	8891	11284	3
5269	5819	7155	3
6329	7053	7234	3
6244	7053	7234	3
1891	8981	10095	3
4450	7105	8086	3
5602	7198	8917	3
6314	8981	9084	3
6309	7104	8086	3
6314	8981	10095	3
7104	7105	8086	3
7198	7199	8917	3
1891	7199	10095	3
1163	9084	9848	3
1891	7199	8917	3
6314	9084	9848	3
1163	8580	8845	3
1163	8580	9848	3
2835	7037	7154	3
720	2835	7154	3
8580	8581	8845	3
7155	7156	7244	3
5269	7037	7155	3
1241	8868	10861	3
709	1241	8868	3
727	7244	10479	3
7289	7290	11198	3
735	737	11365	3
2162	9528	11342	3
739	2162	9528	3
5278	6244	7234	3
741	8845	9528	3
5278	7234	9749	3
6730	8087	11186	3
730	735	10479	3
5761	8641	11320	3
5602	7198	11332	3
5819	7155	7156	3
7683	8867	8868	3
6084	7251	11032	3
2190	2325	7119	3
7156	7244	10479	3
712	1241	10777	3
2336	7117	7118	3
5771	7163	10103	3
6367	7139	7805	3
1555	7163	10103	3
2149	7138	7139	3
2149	6367	7139	3
3632	7169	8841	3
5771	7142	10103	3
6385	7169	8841	3
6152	8891	11284	3
4169	7231	11273	3
5771	7142	7153	3
7120	8427	10628	3
3044	7412	10564	3
4450	7105	8087	3
3044	7412	8818	3
5438	7142	7153	3
3903	3904	9088	3
1510	1512	9273	3
1509	7332	8813	3
1241	9380	10777	3
7411	7412	8818	3
3978	7104	9088	3
3037	3039	9570	3
5084	9483	11090	3
1967	2093	8731	3
3664	7411	8818	3
7717	7718	9569	3
3041	7170	7717	3
3041	7717	9569	3
6117	7332	8813	3
4206	7272	8301	3
5278	9749	10704	3
7119	7120	10628	3
7593	7594	10834	3
5313	7183	9757	3
6340	8305	8601	3
2325	7119	7120	3
4206	7272	8300	3
6340	8601	8827	3
4992	8302	9431	3
3331	8601	8827	3
7269	7272	8300	3
2162	11188	11365	3
4820	4821	10561	3
3302	7269	8300	3
2190	2336	7119	3
6309	7104	9088	3
3302	7269	7270	3
6340	8305	10486	3
6390	8406	11225	3
4820	7434	8586	3
5499	8731	10624	3
3031	3033	8078	3
6396	10691	10945	3
9249	9928	10987	3
3331	8079	8827	3
6635	7289	11198	3
2336	7118	7119	3
5584	7185	7422	3
5329	9349	10128	3
7433	7434	8586	3
3285	7185	7422	3
6415	8854	10809	3
5329	9423	10128	3
2287	7251	11032	3
4820	7434	10561	3
2336	7117	8731	3
3664	7411	8085	3
3904	9088	10704	3
8967	10416	11039	3
3904	9749	10704	3
5438	7153	7410	3
5276	6309	10704	3
2219	10443	11059	3
3280	4510	10983	3
5085	7455	7456	3
4992	8302	9153	3
1114	1131	8560	3
5584	7185	7423	3
2888	8053	10880	3
2149	7138	9273	3
2101	10864	11393	3
6163	7140	10741	3
2887	10746	10781	3
7410	7411	8085	3
4210	7433	8586	3
6367	10475	10519	3
4210	7423	7433	3
6385	8841	10532	3
7673	7675	10918	3
7163	10475	10519	3
3302	7270	7741	3
4210	7423	8999	3
6436	8053	10908	3
6163	7140	10742	3
2693	8159	9788	3
5085	7456	9069	3
6379	8159	9788	3
956	3629	11326	3
2835	7155	7244	3
5572	10601	11117	3
4906	7273	7741	3
8098	9045	10868	3
4874	6084	8301	3
2249	10820	11149	3
6395	7992	10601	3
6436	10908	10927	3
7577	10082	10844	3
3721	7594	10834	3
6447	10732	11185	3
3044	9570	10564	3
5492	10741	11130	3
4810	5358	9431	3
1510	5559	9273	3
7183	7422	9757	3
3039	3044	9570	3
8240	8491	10416	3
8087	8835	9895	3
7153	7410	8085	3
1512	2149	9273	3
3041	7170	8078	3
6387	10330	10377	3
7742	9634	10943	3
2888	10842	10880	3
3632	7169	10443	3
3037	9569	9570	3
2133	7325	7872	3
7120	10691	10945	3
4206	4874	8301	3
1967	5499	8731	3
6390	10746	10781	3
5499	7992	10624	3
6396	7167	10664	3
3285	7183	7422	3
5996	7325	7872	3
2093	2336	8731	3
4648	6739	11265	3
2693	8682	9788	3
2693	8682	9928	3
1555	7163	10519	3
723	727	7244	3
6387	7183	10377	3
2815	2817	7741	3
8240	8491	10470	3
7185	7423	8999	3
7859	7862	10385	3
6367	7805	10475	3
6396	7167	10691	3
7718	9569	9570	3
6415	8854	10842	3
6395	7992	10624	3
5918	6415	10809	3
7105	8087	11186	3
800	8097	9368	3
8097	8098	9368	3
7620	9195	10341	3
3033	3041	8078	3
2888	8053	10908	3
3031	3331	8078	3
6152	10558	11316	3
5313	7183	10377	3
1733	7618	7619	3
7197	11325	11326	3
8756	10820	10825	3
723	2835	7244	3
5559	9273	10532	3
4507	7621	9195	3
8638	8640	11320	3
8891	11316	11317	3
3629	7197	11326	3
5559	8841	10532	3
5779	7862	10385	3
6415	10842	10880	3
6739	8654	11265	3
7618	7766	9884	3
6738	9483	11090	3
3737	7766	9884	3
7273	7742	10943	3
7620	7621	9195	3
2243	10799	10827	3
3629	8858	11332	3
735	10479	11365	3
3645	7216	8035	3
4906	7273	7742	3
1458	1509	11127	3
7594	9349	10128	3
2887	8854	10809	3
3645	7216	7593	3
7593	8560	10834	3
6739	6740	11273	3
1071	1114	8560	3
6084	8302	11032	3
1120	11276	11284	3
1131	3645	8560	3
7270	7273	7741	3
1120	8890	11284	3
1120	9032	11276	3
7619	7620	9198	3
4821	5329	10561	3
8380	8381	10745	3
8381	10745	10751	3
3760	7570	10937	3
8301	8302	9431	3
6084	8301	8302	3
7620	9198	10341	3
3804	7977	8503	3
3703	8101	8102	3
4450	8087	9895	3
1248	3652	7929	3
3721	7594	10128	3
7654	8192	10958	3
3331	8078	8079	3
8157	8158	10263	3
7216	7217	8035	3
1733	7619	9198	3
7217	8035	9357	3
3652	7327	7929	3
1733	7618	9884	3
7570	7571	10946	3
4810	4992	9431	3
8581	8845	9528	3
5991	8053	10880	3
7231	7232	11288	3
55	403	7324	3
3760	10928	10937	3
6309	9088	10704	3
7976	7977	8503	3
5358	7272	9431	3
6083	7570	10937	3
7232	11288	11301	3
2817	3302	7741	3
5311	6385	10532	3
3052	7976	8503	3
3630	8158	10263	3
5412	7430	10269	3
2815	4906	7741	3
58	452	7337	3
7339	8076	9068	3
6730	8087	8835	3
3703	8101	9114	3
8098	9368	10868	3
8682	9928	10987	3
5198	7542	7735	3
6729	6730	11186	3
5329	9423	10561	3
1294	7339	9068	3
2147	8487	9448	3
5198	7542	7734	3
5943	9649	10607	3
6014	8487	9448	3
4912	5907	10274	3
5764	10080	10425	3
5316	5424	8079	3
2887	10781	10809	3
3649	7341	9111	3
1104	1106	8103	3
1272	1360	10557	3
452	7337	7338	3
5743	5745	9476	3
3804	7977	10282	3
7973	7974	10567	3
2129	9069	11000	3
3649	7341	8076	3
6729	11186	11192	3
6012	7861	10277	3
6729	7289	11192	3
7675	10120	10918	3
3649	8076	9068	3
7577	9026	10844	3
5855	7430	10269	3
4510	10177	10983	3
3806	7978	7980	3
8240	10416	11039	3
3703	8102	8103	3
4913	7452	7454	3
3782	7886	10837	3
3052	7976	9640	3
1248	1272	7929	3
7290	8813	11198	3
5276	5278	10704	3
6152	8891	11316	3
4275	7540	7734	3
2133	7325	10632	3
1767	1769	7460	3
59	452	7403	3
4507	7621	10358	3
7169	10443	11059	3
7638	9355	10420	3
5907	7560	10274	3
7432	7433	7434	3
4275	7539	7540	3
8494	8921	9419	3
2868	8380	10745	3
1509	7332	11127	3
4813	4828	7431	3
921	930	10020	3
5584	7423	7431	3
7540	7542	7734	3
3652	7327	9675	3
56	512	7324	3
9117	11114	11179	3
7859	7861	10385	3
5688	8226	8227	3
5493	6163	10741	3
7712	7714	10563	3
4319	7595	7637	3
1104	3703	8103	3
3459	7992	10601	3
5466	5792	10592	3
4275	7539	7543	3
7140	10741	11130	3
5346	7571	8542	3
6581	7595	7637	3
4913	7454	8144	3
7272	8301	9431	3
5198	7735	8833	3
1429	9357	10768	3
5792	6883	10248	3
3034	3036	8306	3
4931	5550	9540	3
54	55	403	3
1554	8494	8921	3
4517	7526	8815	3
2857	10047	10489	3
2206	10179	10451	3
7431	7432	7433	3
7569	7571	8542	3
1547	7513	7514	3
4447	10277	10597	3
8101	9114	9476	3
2543	7913	10064	3
1723	1782	9069	3
5395	8959	9936	3
4828	5584	7431	3
5436	5438	7410	3
1767	3680	7460	3
5190	5192	8406	3
3652	9675	10143	3
5892	5975	10570	3
57	512	7337	3
3806	7978	8306	3
55	56	7324	3
5779	7862	10384	3
5869	7526	8815	3
3351	7363	10047	3
7120	8427	10945	3
5681	7436	7925	3
7621	10358	10375	3
1294	7339	9476	3
7969	7971	9640	3
1547	7514	7516	3
3680	7401	7460	3
7117	8731	10624	3
5436	5439	7410	3
3030	3032	9192	3
7118	7119	10628	3
8139	8140	10507	3
5316	8079	8827	3
56	57	512	3
1679	2133	10632	3
1535	1537	7516	3
1462	1479	8812	3
2002	7373	10271	3
5424	7170	8079	3
8103	9675	10143	3
6447	6505	7573	3
1474	2825	10379	3
153	404	7551	3
3680	7401	7925	3
1437	2147	10640	3
2573	9972	10460	3
2398	8791	10023	3
5745	8101	9476	3
8959	9308	9551	3
7430	8157	10263	3
5114	7673	7674	3
4356	7569	8542	3
5973	9740	10667	3
7139	7805	9144	3
3351	10358	10375	3
4745	4746	8144	3
2825	7477	10379	3
2881	3190	7543	3
3630	8158	10346	3
1539	1542	7515	3
8039	9240	9580	3
5546	7639	7641	3
152	153	7551	3
5743	7339	9476	3
7974	7987	10567	3
6883	10248	10299	3
5738	8228	8267	3
8959	9308	9936	3
1272	7929	10557	3
1537	1547	7516	3
6012	7861	10385	3
6437	7436	7925	3
1769	7460	10112	3
8158	10306	10346	3
7861	8642	10277	3
5395	8958	8959	3
6505	7573	8043	3
8226	10080	10425	3
5681	7436	8460	3
1509	8812	8813	3
5114	7672	7673	3
58	59	452	3
6390	10746	11225	3
3190	4275	7543	3
5108	5110	7672	3
101	494	7552	3
3034	3806	8306	3
60	511	7403	3
7616	7618	7619	3
4813	7431	7432	3
5440	9061	10050	3
1456	1460	8779	3
4577	9240	9580	3
5464	6083	7568	3
937	2131	7743	3
4999	9355	10420	3
1535	7516	10241	3
5546	7639	8435	3
5738	8921	9419	3
7967	7978	7980	3
5469	7581	7584	3
5313	9757	9880	3
930	7743	10020	3
5015	9649	10607	3
5395	8958	9954	3
2002	7373	10306	3
5192	6390	8406	3
1479	7685	8812	3
5046	7668	7846	3
5686	10586	10750	3
152	513	7551	3
6487	9757	9880	3
3680	7925	9409	3
5108	5114	7672	3
5435	5437	10050	3
6565	7140	10742	3
6487	9880	10369	3
4894	4927	8955	3
5474	6530	9729	3
1547	7513	7515	3
5412	7341	10269	3
2886	7864	9190	3
7516	10241	10270	3
4315	4319	10396	3
5869	8815	9987	3
2398	10023	10199	3
8227	8228	8267	3
1106	8103	10143	3
5688	8227	8267	3
7713	8938	9268	3
5738	8228	8921	3
7535	8346	9803	3
938	943	8597	3
921	932	10020	3
6395	10601	11117	3
6530	7668	7846	3
5874	7922	10137	3
6479	7857	9450	3
57	58	7337	3
4941	7827	10154	3
4912	4913	10274	3
1554	8494	8690	3
7118	8705	10628	3
3036	3052	8306	3
1723	2129	9069	3
5464	7568	8096	3
1769	1771	10112	3
8225	8226	8227	3
3558	5421	8777	3
1782	5085	9069	3
5190	5546	8406	3
5550	6929	9540	3
4356	7568	7569	3
6493	8726	9060	3
7971	7976	9640	3
1539	1547	7515	3
6437	7401	7925	3
8490	8491	10416	3
6083	7568	7569	3
2250	8725	9060	3
4319	7595	10396	3
7654	7674	9386	3
5907	7560	10064	3
4931	5469	9540	3
4135	4137	9186	3
8493	8690	8824	3
4452	6396	10664	3
8467	9383	9829	3
5546	7641	8406	3
5907	7913	10064	3
1734	1951	7685	3
4063	4997	8002	3
3032	3806	9192	3
2251	8192	10958	3
5439	7410	7411	3
5817	9343	10016	3
5491	8043	8276	3
3343	8032	8033	3
4746	4913	8144	3
8284	8907	10094	3
8493	8494	8690	3
4116	5464	8096	3
5440	9061	10270	3
1462	1509	8812	3
930	937	7743	3
8284	8907	8908	3
1479	1734	7685	3
6493	8726	9059	3
8186	9343	10016	3
2002	10306	10346	3
7545	7549	10021	3
6517	10179	10261	3
5084	5085	11090	3
7965	7967	7980	3
3189	9761	9940	3
2374	2537	9406	3
4764	7527	7544	3
7363	10047	10489	3
932	10353	10568	3
5101	6068	8080	3
2862	9307	9308	3
5469	7581	8091	3
8957	8959	9551	3
60	61	511	3
5491	7573	8043	3
4333	5198	7734	3
4569	9383	9384	3
2010	2075	9709	3
4058	7713	9268	3
5099	5101	8080	3
946	10315	10403	3
5605	8457	9735	3
4745	6879	8144	3
943	8594	8597	3
2287	7251	10928	3
4461	6483	9404	3
6886	7549	10021	3
6530	7846	9729	3
2862	9308	9551	3
5688	8226	10080	3
6517	7913	10261	3
8725	8726	9060	3
4700	5201	8021	3
5118	7652	7653	3
2197	7857	9450	3
3900	3906	10157	3
7341	9111	10269	3
2845	4507	10358	3
7969	7978	9640	3
5681	7925	9409	3
8908	9748	10268	3
1435	2147	7826	3
95	528	7945	3
7863	7864	9190	3
3760	7570	10946	3
5675	7900	9568	3
2156	2209	8935	3
59	60	7403	3
9167	9553	10422	3
3664	8085	9389	3
4995	10323	10378	3
2398	8791	9266	3
2686	2693	8159	3
2272	2538	7930	3
6489	9769	9801	3
2131	4829	7743	3
2538	2882	7930	3
3351	7363	10375	3
8100	8101	8102	3
6492	6493	9059	3
5104	5106	9386	3
5770	8085	9389	3
2106	2240	9385	3
1460	1727	8779	3
5103	5118	7652	3
7526	10023	10199	3
2272	7754	7930	3
1450	6112	8032	3
3642	5605	9456	3
5046	7668	7847	3
102	566	7552	3
5117	7574	7575	3
1275	2803	9475	3
3437	4116	8096	3
5670	7139	9144	3
4283	4764	7527	3
1538	3693	8225	3
4997	5423	8002	3
2179	2265	7733	3
3030	3051	9192	3
7714	9891	10563	3
6517	10179	10451	3
931	938	8597	3
3920	4333	7734	3
6487	6488	10369	3
4455	9045	9874	3
102	103	566	3
5811	7616	7617	3
5425	5427	9395	3
7251	10928	10937	3
1542	7515	8457	3
5421	7765	8777	3
6489	9708	9801	3
1950	2015	7744	3
4818	7805	9144	3
4941	9715	10154	3
90	444	8019	3
5109	5395	9936	3
4700	5219	8021	3
2114	2272	7754	3
2862	8090	9307	3
3950	9006	9803	3
7673	7674	7675	3
4764	7545	10021	3
2266	2403	8434	3
1677	9769	9801	3
1055	2002	10271	3
5869	8955	9987	3
4894	7670	8955	3
5112	5117	7574	3
4569	9384	9458	3
3055	11005	11034	3
5311	7138	10532	3
3644	7669	9394	3
4314	4316	8734	3
6492	8291	9059	3
8038	8824	10284	3
7456	11000	11005	3
2250	9060	9061	3
7742	10799	10827	3
6112	8032	8033	3
2179	7733	8001	3
1070	3630	10346	3
4058	7712	7713	3
2404	7678	9126	3
8081	8082	8084	3
6570	7327	9675	3
4316	4722	8734	3
4927	5869	8955	3
7402	7460	10112	3
807	3632	10443	3
3550	4461	9404	3
3892	5675	9568	3
5116	5811	7616	3
2404	7678	7733	3
2015	7744	8368	3
1154	3645	8035	3
3306	3934	7863	3
4517	7526	10199	3
1433	1435	7826	3
2147	8487	10640	3
5741	7339	8076	3
4320	7639	8435	3
3906	7922	10157	3
4569	9383	9829	3
5855	7430	10263	3
4336	4337	9379	3
6486	7917	8469	3
4639	7995	7996	3
4135	4639	9186	3
2125	2179	8001	3
2265	2404	7733	3
4591	4593	8544	3
5201	8021	8022	3
4332	4450	8086	3
5110	7574	7672	3
2273	8077	8714	3
2524	4058	7712	3
6500	9378	9444	3
64	412	8081	3
3043	3047	8504	3
3904	9749	10136	3
6489	7744	9708	3
101	102	7552	3
92	530	8190	3
5530	8043	8276	3
5114	7674	9386	3
6500	8428	9378	3
5529	6125	7994	3
5745	5746	8100	3
1536	1538	8225	3
2209	5786	8935	3
412	8081	8084	3
5100	8519	9718	3
7423	7431	7433	3
5427	5430	9395	3
7412	10332	10564	3
3052	8306	9640	3
4639	7994	7995	3
5426	7170	7717	3
1982	2080	9259	3
3895	10075	10157	3
5115	5829	10082	3
1441	5548	8517	3
7535	7539	9803	3
4593	5905	8544	3
5468	6517	7913	3
96	528	8092	3
2403	2731	8434	3
2124	10278	10540	3
1456	8779	9117	3
2374	2543	9406	3
4913	7452	10274	3
7930	8835	9895	3
2016	2106	9385	3
2214	2397	8837	3
88	527	8164	3
2889	9740	10667	3
2116	2214	8837	3
2273	2467	8714	3
4194	7900	9568	3
943	945	8594	3
2133	7871	7872	3
3693	8225	8227	3
5440	9963	10270	3
1252	3459	7991	3
3182	3950	8886	3
3969	8582	8987	3
5000	9706	10077	3
94	95	7945	3
1727	7765	8778	3
2266	8286	8434	3
2863	3342	8090	3
5605	8457	9456	3
3806	7980	9192	3
2240	8507	9385	3
7402	9972	10460	3
8402	8403	8404	3
1549	1552	9310	3
4904	7430	8157	3
4889	7670	7671	3
5599	6486	8469	3
2529	9378	9444	3
2881	7543	9006	3
3906	7922	10137	3
2897	3950	9006	3
6825	7920	7921	3
5530	8043	10043	3
9060	9061	10050	3
7515	8457	9735	3
1951	4653	7685	3
3047	3053	8504	3
3643	4063	8002	3
1294	9114	9476	3
3580	10268	10419	3
4051	4887	9693	3
2390	10302	10329	3
4137	5087	9186	3
6125	7994	7995	3
1154	1166	8035	3
1865	4051	9693	3
8756	10820	11149	3
1446	1450	8032	3
5917	6825	7920	3
4963	9950	10110	3
4591	8139	8544	3
4192	7984	10170	3
6479	7799	9450	3
3950	8346	9803	3
6826	7564	7565	3
8790	8791	10023	3
1731	2133	7871	3
6479	7799	8266	3
3786	4192	10170	3
2015	2108	8368	3
1973	2082	7917	3
4764	7544	7545	3
2689	9249	9928	3
4733	6483	7560	3
8162	8467	9383	3
2727	7858	7859	3
9061	10241	10270	3
2102	9353	11373	3
3051	7979	9192	3
5745	8100	8101	3
74	540	8402	3
5315	5316	8827	3
8700	8769	8947	3
3040	3804	8503	3
2082	7917	8469	3
5583	7422	9757	3
966	968	8695	3
3436	4206	8300	3
5535	7036	7682	3
3204	3967	8250	3
7527	7528	7530	3
3934	4324	7863	3
8161	9518	9781	3
5191	6826	7564	3
5904	5909	9703	3
3459	7991	7992	3
7616	7617	7619	3
5482	6479	7857	3
2010	7917	9709	3
6083	7569	7570	3
90	91	8019	3
1525	1528	8724	3
1368	4447	8405	3
8724	8726	9827	3
2836	4942	8266	3
2819	3436	8300	3
1528	8724	8725	3
1532	5681	8460	3
3912	4283	4740	3
2189	2269	9327	3
3584	4052	7671	3
5528	7986	7987	3
1513	1516	8273	3
5483	5530	8276	3
3947	4276	9398	3
1780	1879	9071	3
5974	6830	8040	3
2240	2364	8507	3
3055	8159	11034	3
4480	4484	8091	3
9092	9667	9956	3
1532	1534	8460	3
2098	2727	7858	3
2056	3445	8369	3
4139	4250	8948	3
8037	8039	9240	3
2143	2264	9015	3
4484	5469	8091	3
3690	9625	9662	3
4938	8559	9028	3
4570	4591	8139	3
4167	6155	8696	3
5437	6493	10050	3
5469	7584	9540	3
2108	2355	8368	3
2280	2282	8341	3
5104	5118	9386	3
5746	5749	8100	3
2920	8161	9781	3
5527	5528	7986	3
2543	9406	10064	3
6501	7827	9908	3
8880	9026	9854	3
5243	6911	8658	3
8596	8597	10188	3
5413	5741	8076	3
4889	4891	7670	3
5466	7863	7864	3
2271	5786	9579	3
3950	8346	8886	3
540	8402	8404	3
1468	4447	8335	3
3027	8305	8601	3
100	101	494	3
68	459	8224	3
3645	7593	8560	3
4324	5245	5466	3
3342	8090	8519	3
6483	7560	10064	3
5474	7678	9729	3
1250	3459	8148	3
1115	1250	8148	3
2920	3268	8161	3
1946	8335	8642	3
5905	10402	10430	3
5483	5485	8276	3
5712	6151	9487	3
6919	9761	9940	3
5401	8494	9419	3
3468	3471	9433	3
4332	4798	8086	3
894	932	8311	3
2180	2266	8286	3
1879	2011	9071	3
3182	3912	8886	3
7574	7575	7576	3
6501	9908	10068	3
1548	8690	8824	3
5679	6971	8197	3
2143	4528	9015	3
3038	3040	8503	3
7170	8078	8079	3
2125	8001	8635	3
2535	2702	8428	3
4990	8938	9268	3
2849	3351	10047	3
4200	8578	8987	3
1152	3344	8416	3
4740	7527	7528	3
92	93	8190	3
8102	8103	9675	3
5017	8162	8163	3
3027	3029	8601	3
5188	5546	8435	3
5435	5440	10050	3
6703	8097	10869	3
4898	8821	9142	3
2080	4528	9259	3
7217	9357	10768	3
3204	5689	8250	3
4283	4740	7527	3
7531	7532	7533	3
6745	7886	10837	3
4324	5466	7863	3
3048	3049	9388	3
5786	8039	8935	3
6686	6689	8534	3
7569	7570	7571	3
1129	1152	8416	3
6012	10277	10597	3
3920	4332	4333	3
4942	6479	8266	3
4902	4904	8157	3
6313	7199	9951	3
5011	6663	8790	3
5993	6436	8053	3
8140	9853	10507	3
5315	6340	8827	3
5201	8324	9398	3
2368	8964	9520	3
2881	2882	3190	3
8192	8193	10965	3
7528	7529	7531	3
8582	10022	10105	3
3198	4201	9686	3
2371	2631	2813	3
5106	5114	9386	3
5277	5278	6244	3
2860	2863	8090	3
4116	4874	5464	3
2817	2818	2819	3
5118	7653	7654	3
1959	2056	8369	3
755	757	8858	3
2270	8077	8357	3
2897	3182	3950	3
6027	8821	9142	3
743	1163	8845	3
4453	4455	9045	3
5099	6087	8080	3
4748	7581	8091	3
3782	4089	7886	3
4140	4250	8236	3
4318	5188	8435	3
3179	10170	10333	3
4462	4924	8636	3
2248	2375	8972	3
2535	8428	9378	3
8726	9059	9827	3
3601	8036	8037	3
8578	8582	8987	3
4337	6291	9379	3
7766	10082	10844	3
2208	2270	8077	3
7529	7531	7532	3
3439	3942	4003	3
5100	5102	9718	3
64	65	8081	3
7670	7671	8571	3
1529	3680	9409	3
3306	7863	9190	3
3935	4583	8930	3
4482	4748	8091	3
4653	6729	7289	3
3920	4275	7734	3
6661	10362	10398	3
8345	8559	9028	3
3437	3439	8096	3
4139	5087	8948	3
4320	7637	7638	3
3942	4003	4004	3
5676	5679	8197	3
5112	5115	5117	3
5525	8036	8037	3
2631	2814	9190	3
2818	2819	2820	3
2819	2820	3436	3
3190	3191	3920	3
4619	5637	7846	3
1731	1949	7871	3
3902	3904	10136	3
3470	3472	8983	3
4003	4004	4356	3
1110	8769	8947	3
5529	7994	8820	3
1057	5572	8915	3
2813	2814	2815	3
4928	5011	8790	3
2081	2217	8656	3
3268	4232	8161	3
3584	7671	9252	3
4154	5576	9593	3
4333	4798	4799	3
5245	5466	5792	3
6244	6895	6897	3
7454	8144	8145	3
1748	3601	8036	3
4480	4482	8091	3
1511	1513	8273	3
7965	7979	7980	3
72	420	8475	3
2815	2816	2817	3
2819	3302	8300	3
5014	6588	9602	3
8284	8908	10268	3
1168	1189	8495	3
6570	8102	9675	3
74	75	8402	3
5685	8324	9398	3
3189	7918	8428	3
3436	3437	4116	3
3200	3202	8345	3
1441	1443	8517	3
1779	8322	9020	3
3463	8291	9058	3
4777	5309	8211	3
5974	6004	8040	3
4874	5464	6082	3
4798	4799	5276	3
7859	7860	7862	3
1550	3642	9456	3
88	89	8164	3
3778	5017	8162	3
7217	10767	10768	3
7858	7859	7860	3
1552	5525	9310	3
143	144	9019	3
3043	3804	8504	3
4250	8236	8237	3
6064	9367	9368	3
2369	6803	8572	3
4528	8361	8362	3
4594	5738	8267	3
3307	3935	8930	3
2820	3436	3437	3
94	458	7945	3
757	869	8858	3
2306	2516	8634	3
1256	1257	7799	3
91	530	8019	3
2816	2817	2818	3
3947	4294	9398	3
2219	8490	8491	3
6971	8197	8198	3
2197	7857	10043	3
6730	8835	9796	3
7543	9006	9803	3
4200	4776	8578	3
97	470	8092	3
4600	5764	10080	3
4232	5694	8161	3
5464	6082	6083	3
7536	7540	7541	3
1951	2055	4653	3
2702	3189	8428	3
4528	8361	9015	3
1137	8637	8638	3
3445	5658	8369	3
2840	3690	9625	3
3054	3282	8820	3
1722	3558	8777	3
2375	3473	8972	3
1257	7799	8266	3
5035	5985	8243	3
2269	5060	9327	3
1727	7765	8777	3
4004	4356	4357	3
5219	6279	6896	3
4116	4206	4874	3
5525	8037	8038	3
968	3582	8695	3
96	97	8092	3
5117	7575	7577	3
966	1137	8695	3
2631	2813	2814	3
8098	9045	9874	3
2114	2241	2272	3
7199	9951	10095	3
2814	2815	2816	3
3029	3331	8601	3
3644	7669	8002	3
6244	6897	7053	3
2813	2815	4906	3
1679	1731	2133	3
144	408	9019	3
2075	2206	9709	3
7402	9972	10112	3
5944	5972	9644	3
6082	6084	7251	3
8776	9864	9929	3
1557	5525	8036	3
535	8083	8900	3
3632	8840	8841	3
4924	6467	8636	3
748	1899	9140	3
1433	3328	7826	3
86	8417	8418	3
93	458	8190	3
1342	1368	8405	3
3776	8162	8467	3
1951	2009	2055	3
66	535	8900	3
1252	1254	7991	3
964	1137	8637	3
3282	4134	8820	3
65	535	8081	3
3912	4740	8886	3
1468	1741	8335	3
3191	3920	4332	3
2272	2377	2538	3
97	98	470	3
4359	4360	4361	3
2218	8469	8563	3
4336	5268	9379	3
89	444	8164	3
796	2219	8490	3
2372	2642	8357	3
3200	8345	8531	3
6466	9307	9308	3
5014	5937	6588	3
5991	5993	8053	3
4250	8238	8948	3
5549	6500	7918	3
2703	2811	8451	3
5004	9021	9022	3
5099	5100	5101	3
535	8081	8082	3
2825	7477	10464	3
5102	5103	5104	3
7671	8571	9252	3
2206	7985	9709	3
3472	9900	10068	3
866	1471	8840	3
6376	6379	9788	3
3967	5502	8250	3
93	94	458	3
1435	1437	2147	3
3439	3941	3942	3
1166	1185	9357	3
2009	2055	9796	3
5874	5876	10137	3
4799	5276	5277	3
5276	5277	5278	3
2387	2710	8531	3
3437	3438	3439	3
5824	5942	9736	3
1548	8824	9310	3
1553	5817	9629	3
4829	5583	6487	3
5110	5112	7574	3
5103	5104	5118	3
4357	4359	4360	3
1446	1447	1448	3
2130	5739	9669	3
5253	6636	9599	3
5201	8022	8324	3
3463	8291	9059	3
2123	2125	8635	3
5993	6019	6436	3
2055	4653	6729	3
5025	5970	7896	3
91	92	530	3
746	748	9140	3
5918	5989	6415	3
1437	1438	1439	3
5599	8469	8563	3
9343	10323	10378	3
745	747	9084	3
2377	2538	2700	3
2817	2819	3302	3
2529	4034	9444	3
4537	4577	8492	3
4242	6064	9367	3
1669	5686	9451	3
6682	6684	9521	3
7328	10464	10527	3
8724	8725	8726	3
89	90	444	3
1534	1540	8460	3
4509	5512	5684	3
6500	7918	8428	3
2882	3190	3191	3
5439	7411	7412	3
1072	1115	8148	3
5512	5684	6489	3
2147	7826	9448	3
6684	6687	9521	3
2387	8531	8685	3
1935	1982	9259	3
95	96	528	3
2538	2881	2882	3
1541	1543	8922	3
1441	1442	1443	3
951	1057	8915	3
5829	7766	10082	3
85	436	8418	3
2270	2372	8357	3
2098	2232	7858	3
6663	8790	8791	3
8594	8595	8596	3
1060	2172	8719	3
2355	4056	8368	3
1453	1456	1457	3
69	539	8224	3
2131	4828	4829	3
4653	7289	7290	3
5431	6448	9963	3
8288	8434	9798	3
1472	4476	9461	3
3189	7918	9940	3
3269	4820	8586	3
63	64	412	3
4804	5670	8648	3
1741	1946	8335	3
3601	8037	8039	3
4583	4585	5887	3
7544	7545	7546	3
3558	5084	5119	3
6695	7593	7594	3
8322	9020	10046	3
1669	1671	9451	3
5243	6842	6911	3
1447	1448	1449	3
2085	4522	8338	3
4168	5135	8652	3
2306	8634	8635	3
5670	7138	7139	3
1448	1449	1452	3
5103	6068	7652	3
2709	3198	9686	3
2078	2114	7754	3
87	88	527	3
6685	6686	8534	3
1166	8035	9357	3
5776	5779	9556	3
5488	5489	5490	3
7977	10282	10567	3
5112	5113	5115	3
2538	2700	2881	3
960	962	9353	3
1452	1453	1456	3
1606	3689	9041	3
2206	7985	10451	3
85	86	8418	3
747	8981	9084	3
4142	5529	8820	3
5008	6695	9349	3
5989	5990	5991	3
2703	2930	8451	3
7532	7533	7534	3
4066	4620	8632	3
1471	5559	8840	3
65	66	535	3
2011	2076	9748	3
139	140	9146	3
7534	7535	7536	3
1132	8776	9864	3
4359	5243	8658	3
4740	7528	7529	3
1443	1444	1446	3
3778	4087	5017	3
4294	5201	9398	3
2516	2806	8634	3
1946	1980	8642	3
3054	4142	8820	3
4056	4057	4509	3
4294	4700	5201	3
5110	5111	5112	3
4142	5527	5529	3
6567	9706	10077	3
1439	1441	5548	3
1449	1452	1453	3
2323	2836	8266	3
2730	3754	8485	3
4874	6082	6084	3
5499	7991	7992	3
794	8489	8490	3
5188	5190	5546	3
2841	2843	9193	3
2364	2841	8507	3
2836	2838	4942	3
1980	2098	2727	3
1458	1462	1509	3
3190	3920	4275	3
1435	1436	1437	3
1457	1460	1461	3
8090	8519	9307	3
6483	9404	9406	3
760	955	9248	3
5035	5578	8243	3
5101	5102	5103	3
6648	10302	10329	3
2843	2845	4507	3
776	2822	8967	3
4263	5099	5100	3
4317	4319	4320	3
1734	1943	1951	3
4943	5484	8497	3
5106	5108	5114	3
891	894	8311	3
3641	8697	8698	3
4332	4333	4798	3
1450	1454	6112	3
2156	2208	2209	3
5485	5487	5488	3
4320	7638	7639	3
84	85	436	3
8930	8931	9893	3
2154	2156	8935	3
3892	3954	5675	3
4167	6154	6155	3
4943	5482	5483	3
1439	1440	1441	3
7965	7966	7967	3
67	68	459	3
2847	2849	3351	3
6371	6378	8681	3
1431	1433	3328	3
3900	3902	3906	3
4594	4596	8267	3
5438	6492	7142	3
1731	1948	1949	3
5106	5107	5108	3
1254	1256	1885	3
6507	7452	7453	3
4356	4357	8542	3
5116	5829	7616	3
1885	1966	1967	3
2686	3055	8159	3
3548	9853	10444	3
4733	6506	7560	3
1103	3641	8697	3
1670	4167	8696	3
4087	5017	5018	3
3342	4262	4263	3
1256	1885	1966	3
1446	1448	8032	3
7536	7539	7540	3
1250	1252	3459	3
1461	1506	1507	3
1460	1461	1506	3
2814	2886	9190	3
3550	4276	4461	3
2368	10187	10303	3
6377	6380	6648	3
535	8082	8083	3
1251	3701	8776	3
4482	4745	4748	3
5503	6291	10401	3
3776	3778	8162	3
4052	4889	7671	3
75	481	8402	3
2863	2865	3342	3
2851	2853	2857	3
2241	2272	2377	3
2865	3342	4262	3
4722	6885	8734	3
4315	4317	4319	3
1433	1434	1435	3
4357	4358	4359	3
5219	6896	8021	3
4311	4313	5611	3
4456	4458	8427	3
5482	5483	5530	3
4891	4893	4894	3
2727	7859	7861	3
2355	3837	4056	3
5426	5427	5428	3
1548	1549	9310	3
1674	1676	3665	3
3550	3947	4276	3
4057	4509	4648	3
755	5602	8858	3
1722	1723	1782	3
78	79	428	3
2263	8571	9252	3
4253	6657	8968	3
6921	6922	6924	3
1541	3693	8922	3
1967	2092	2093	3
770	2822	8555	3
4733	5226	6506	3
5108	5109	5110	3
4942	4943	5482	3
2218	2276	8563	3
2400	2732	9152	3
4056	4509	5512	3
3436	4116	4206	3
5423	7669	8002	3
4798	5276	6309	3
2280	8338	8341	3
4358	4359	5243	3
1431	1432	1433	3
5424	5426	7170	3
5487	5488	5489	3
734	814	9221	3
5485	5488	8276	3
8579	8581	10022	3
68	69	8224	3
5430	6448	6491	3
8531	8685	9028	3
4140	4825	8236	3
4746	4912	4913	3
945	2651	8594	3
2055	6730	9796	3
3342	4263	8519	3
4595	5905	8456	3
6649	6651	6656	3
2865	2866	8367	3
69	70	539	3
5676	5677	8197	3
1748	2154	3601	3
2860	2862	8090	3
5474	6467	7678	3
6683	6685	6901	3
1152	1167	1168	3
2131	4813	4828	3
3786	3886	4192	3
4250	8237	8238	3
2208	2209	2270	3
3027	3028	3029	3
5490	5491	5492	3
132	133	9214	3
8238	8241	8242	3
5023	10867	10868	3
880	1472	9461	3
5820	10022	10105	3
8497	9625	9662	3
81	82	482	3
1098	1101	9002	3
1107	1110	8947	3
4600	4908	5764	3
2524	2708	7712	3
6048	6049	6703	3
3466	3468	9433	3
2710	3200	8531	3
5358	7269	7272	3
7969	7970	7971	3
3752	9753	9935	3
3607	3937	8843	3
4583	5887	8930	3
882	3447	9230	3
3754	8485	8632	3
5768	5769	5770	3
2190	2269	2325	3
955	3631	9248	3
1461	9092	9667	3
4089	4453	5023	3
4263	5098	5099	3
7532	7534	7535	3
7637	7638	10420	3
2702	2810	3189	3
5143	6739	6740	3
1444	1446	1450	3
5190	5191	5192	3
71	420	8556	3
2092	2093	2189	3
2270	2271	2372	3
4276	5685	9398	3
5072	6056	6114	3
1545	1554	8690	3
5675	5676	5677	3
8507	9193	9194	3
1443	1447	8517	3
1945	1997	9697	3
5550	6252	6929	3
1456	1457	1460	3
2271	2372	2373	3
5100	5101	5102	3
73	74	540	3
1113	1129	2249	3
2843	4507	9193	3
5482	5530	7857	3
7995	7996	7997	3
1506	1507	1722	3
3693	8227	8228	3
4634	4635	6048	3
740	742	8960	3
3060	4002	9354	3
4319	4320	7637	3
5277	6244	6895	3
4888	10330	10377	3
1771	1774	10112	3
786	794	8489	3
1559	1748	8036	3
5512	6489	7744	3
4829	6488	7743	3
1780	8906	9071	3
4263	5100	8519	3
5583	5584	7422	3
5316	5423	5424	3
2098	2099	2232	3
3754	4066	8632	3
3558	5119	5421	3
4538	4539	4570	3
7527	7530	7544	3
776	780	8967	3
1440	1441	1442	3
3445	3466	5658	3
4615	4616	9185	3
4997	5316	5423	3
5890	5892	7373	3
6377	6379	6380	3
2011	9071	9748	3
5977	9935	10067	3
1943	1951	2009	3
4232	5024	5694	3
4829	6487	6488	3
5489	5490	5493	3
7970	7971	7972	3
481	8402	8403	3
1443	1446	1447	3
5764	6437	7436	3
1129	2249	8416	3
4597	4599	5886	3
3837	4056	4057	3
1113	1128	1129	3
1129	1151	1152	3
1429	1430	1431	3
4539	4570	4571	3
5115	5116	5829	3
874	882	9230	3
1101	3641	9002	3
2241	2377	9601	3
2523	2524	2708	3
4648	5143	6739	3
6252	6253	6917	3
2524	2722	4058	3
8579	8580	8581	3
6742	7231	7232	3
1507	1722	1723	3
5792	10248	10592	3
5904	8361	8362	3
4003	4356	7568	3
5493	6138	6163	3
1110	1112	1113	3
4634	6048	6049	3
5059	5879	7167	3
1442	1443	1444	3
4620	9101	10067	3
1542	1544	8457	3
2156	2157	2208	3
3783	4462	4463	3
5792	6841	6883	3
8286	8288	8434	3
2276	2392	8563	3
5485	5486	5487	3
2841	8507	9193	3
5192	5914	6390	3
5887	8930	8931	3
2189	2190	2269	3
1448	1452	3343	3
5559	8840	8841	3
2686	2687	2693	3
4570	4990	8139	3
2154	2155	2156	3
2858	2860	2862	3
1168	1188	1189	3
4262	4263	5098	3
5676	5678	5679	3
75	76	481	3
2123	2124	2125	3
3028	3029	3030	3
7581	7582	7584	3
3177	3178	9571	3
5749	6570	8100	3
1189	1219	1220	3
2269	2325	5059	3
3744	4253	8968	3
4997	5315	5316	3
71	72	420	3
6649	6650	6651	3
8957	8958	8959	3
3199	4200	8987	3
4482	4483	4745	3
1778	1780	8906	3
2513	2724	9196	3
2838	4942	4943	3
4618	6001	8916	3
73	540	8475	3
3472	8983	9900	3
7290	8812	8813	3
2889	10646	10667	3
7477	7478	10379	3
1254	1255	1256	3
5018	5035	5578	3
2282	2283	2284	3
4620	5763	9101	3
3202	5689	8345	3
7574	7576	7672	3
734	736	9221	3
4577	8492	10284	3
5436	5437	5438	3
1766	1768	8816	3
3033	3034	3035	3
6155	6156	11196	3
4086	4898	9142	3
4818	9144	9462	3
5991	5992	5993	3
6685	6901	6902	3
2179	2180	2265	3
2516	2805	2806	3
4748	6879	6880	3
4925	5474	6530	3
5488	5490	5491	3
7539	7543	9803	3
3279	7185	8999	3
4480	4481	4482	3
9011	9126	9286	3
742	763	8960	3
1438	1439	1440	3
1722	1782	3558	3
1966	1967	2092	3
3892	3893	3954	3
2123	2306	8635	3
1137	8638	8640	3
2729	2730	3754	3
4891	4894	7670	3
2093	2189	2190	3
2513	9015	9196	3
4063	4996	4997	3
4902	4903	5889	3
5423	5424	5425	3
2402	2729	9011	3
2529	4033	4034	3
5430	6491	9395	3
2125	2126	2179	3
3754	3755	4066	3
2512	2723	8723	3
2402	2403	2729	3
1723	1882	2129	3
1946	1947	1980	3
2574	2686	3055	3
3937	4311	8843	3
4453	4454	4455	3
6530	6736	7668	3
8554	8685	9028	3
1559	1561	1748	3
2180	2265	2266	3
3279	3280	3285	3
5876	6273	6329	3
5892	5893	5975	3
2180	2395	8286	3
5059	5060	5879	3
5072	6114	9494	3
5483	5484	5485	3
1460	1506	1727	3
1885	1967	5499	3
5493	5494	6138	3
1436	1437	1438	3
5401	8493	8494	3
8238	8242	8948	3
1748	2153	2154	3
2806	3783	4462	3
5502	5503	6501	3
1152	1168	3344	3
3031	3032	3033	3
2402	2404	9011	3
4168	4677	8652	3
6154	6155	6156	3
6740	6742	7231	3
2372	2373	2523	3
4034	4478	4479	3
4457	4459	4634	3
2005	2123	2124	3
4136	8648	9462	3
1168	3344	8495	3
1185	1217	1429	3
5426	5428	7717	3
7967	7968	7969	3
1465	1474	2825	3
2129	2130	2574	3
3470	3471	3974	3
4089	5023	7886	3
3030	3031	3032	3
5823	5824	5941	3
67	459	8900	3
1109	1112	9309	3
2189	2197	9327	3
4154	4645	5576	3
8843	8964	9520	3
2371	2630	2631	3
5764	7436	10425	3
2011	2075	2076	3
3470	3974	8983	3
4034	4477	4478	3
6506	6507	7452	3
1250	1251	1252	3
3280	3285	6387	3
5996	7872	10692	3
87	527	8417	3
2197	9327	10043	3
2258	2387	8685	3
2805	2806	2807	3
2836	2837	2838	3
3886	3887	4194	3
4591	4592	4593	3
72	73	8475	3
894	921	932	3
4924	4925	5474	3
7540	7541	7542	3
3837	4268	9035	3
4639	7996	9186	3
1511	1512	1513	3
1782	3558	5084	3
8698	8699	8701	3
2201	2356	2695	3
2391	2392	2393	3
4599	4600	4907	3
5532	5534	7052	3
6378	8681	8682	3
1779	1780	1781	3
2208	2273	8077	3
4313	4314	4315	3
4537	4539	8492	3
6371	6373	8681	3
9193	9194	9195	3
4134	4135	4639	3
1252	1253	1254	3
3054	3281	3282	3
5253	5882	6636	3
5433	5435	5440	3
4894	4895	4927	3
5098	5099	6087	3
140	465	9146	3
794	796	8490	3
1776	1777	1778	3
2209	2270	2271	3
1465	1473	1474	3
1679	1730	1731	3
3582	8890	8891	3
4746	4747	4912	3
5491	5492	7573	3
5903	5904	5909	3
2404	9011	9126	3
3053	3054	4142	3
5875	5876	6273	3
6372	6373	6374	3
5430	5431	6448	3
1778	2573	8906	3
2730	2801	8485	3
2082	2218	8469	3
3040	3042	3043	3
5268	7037	7038	3
5993	5994	6019	3
2124	2125	2126	3
4138	4804	8648	3
4459	4634	4635	3
5432	5433	5434	3
7968	7969	7970	3
741	743	8845	3
1741	1945	1946	3
5527	6061	7986	3
786	793	794	3
796	801	2219	3
1453	1457	2057	3
1973	2010	7917	3
3967	4336	4337	3
4067	4615	4616	3
4748	6880	7581	3
8286	8287	8288	3
6373	6374	6375	3
7532	7535	8346	3
7670	8571	8955	3
975	977	9510	3
3029	3030	3031	3
4004	4358	8384	3
4294	4576	4700	3
4588	5580	5903	3
1184	1218	9033	3
2085	2221	8338	3
2263	8816	9987	3
2265	2266	2402	3
4615	4620	5763	3
8238	8239	8241	3
5580	5903	5904	3
2280	2281	2282	3
2467	2821	8714	3
3468	3470	3471	3
5679	5875	6971	3
1980	1981	2098	3
5413	7341	8076	3
4276	4732	5685	3
4616	4618	8916	3
3177	3936	9571	3
4537	4538	4539	3
4592	4594	5738	3
4891	4892	4893	3
2126	2179	2180	3
5035	5984	5985	3
5191	5192	5193	3
3941	3942	4321	3
4066	4615	4620	3
6880	7581	7582	3
7967	7969	7978	3
3641	8698	8699	3
4478	4480	4481	3
4594	4595	4596	3
1519	1520	1521	3
147	148	9421	3
2403	2729	2730	3
5535	5888	7682	3
5868	5869	7526	3
2537	9404	9406	3
2801	3659	3752	3
3043	3046	3047	3
3202	3204	5689	3
4333	4799	5198	3
4484	4931	5469	3
4992	9152	9153	3
5774	9107	9556	3
6918	6920	6921	3
5890	5891	5892	3
2116	2213	2214	3
2221	2280	8338	3
4311	5611	8843	3
2392	2529	4033	3
5428	5429	9455	3
5694	8161	9518	3
4928	5868	8790	3
5060	5879	6447	3
5637	9126	9286	3
2392	2393	2529	3
1867	2004	2005	3
1434	1435	1436	3
1966	2092	9450	3
6467	7678	7733	3
2005	2122	2123	3
2247	2374	2543	3
8697	8698	8700	3
3902	3903	3904	3
1513	1514	1515	3
2810	3189	9761	3
4818	4819	7805	3
964	966	1137	3
4066	4067	4615	3
4268	5612	9035	3
1511	4476	8273	3
2801	3752	8485	3
2806	2807	3783	3
3786	3787	3886	3
2573	8906	8907	3
2802	3659	3660	3
3466	3467	3468	3
4315	4316	4317	3
5712	6150	6151	3
1514	2149	6367	3
2276	2391	2392	3
4902	5889	8157	3
2730	2731	2801	3
2075	2115	2206	3
2373	2524	2722	3
4463	4924	4925	3
5102	5104	5105	3
815	860	866	3
1368	1468	4447	3
1727	8778	8779	3
2265	2402	2404	3
2840	3061	3690	3
4065	4902	4904	3
5219	5220	6279	3
5431	5433	9963	3
3038	3039	3040	3
3665	10632	10699	3
4002	4963	9354	3
1770	1772	9252	3
2247	2248	2374	3
4317	4320	8435	3
866	872	880	3
1463	1464	1465	3
4570	4571	4591	3
749	751	1891	3
1131	1154	3645	3
1672	1673	9546	3
2356	2369	8572	3
3445	3465	3466	3
3642	3643	3644	3
4004	4357	4358	3
6370	6371	6372	3
3034	3035	3036	3
4462	4463	4924	3
4823	5008	9349	3
5580	5904	8361	3
8335	8642	10277	3
2386	2709	9331	3
3199	3201	8987	3
3785	3786	3787	3
4825	6385	6386	3
4903	5889	5890	3
5087	11014	11044	3
6448	7513	7514	3
804	807	810	3
5423	5425	7669	3
1255	1256	1257	3
1776	1778	2573	3
1778	1779	1780	3
2323	2442	2836	3
3046	3047	3048	3
8594	8596	8597	3
1779	1781	9020	3
1902	2085	4522	3
2283	2284	2285	3
2373	2523	2524	3
2724	3059	3655	3
5484	8497	9242	3
5978	9101	10067	3
1543	1545	1554	3
5433	5434	5435	3
5530	7857	10043	3
5973	5974	6003	3
3028	3030	3051	3
3659	4064	9291	3
5424	5425	5426	3
2093	2190	2336	3
3438	3439	3941	3
5101	5103	6068	3
5268	5269	7037	3
5502	7827	8250	3
6371	6372	6373	3
2141	3445	3465	3
2266	2402	2403	3
4745	4748	6879	3
5429	5430	5431	3
1519	3463	9058	3
3046	3664	8818	3
3778	4086	4087	3
1781	1879	1973	3
5770	7153	8085	3
869	955	956	3
1519	1521	3463	3
807	815	3632	3
1768	2263	8816	3
1526	1766	8814	3
2126	2180	2395	3
5107	5108	5109	3
5119	5421	6090	3
8656	9020	10046	3
2369	2635	6803	3
2810	2811	3179	3
4033	4034	4477	3
4600	4907	4908	3
2116	3580	8837	3
3755	4066	4067	3
4453	5023	9045	3
6920	6921	6922	3
1777	1778	1779	3
4283	4302	4764	3
8345	8531	9028	3
1605	4531	9402	3
1342	2803	8405	3
6279	6280	6892	3
815	866	8840	3
1672	6153	9546	3
7973	7976	7977	3
807	810	815	3
5494	6138	6139	3
4597	4598	4599	3
6438	7401	7402	3
751	753	8917	3
1251	1252	1253	3
2010	2011	2075	3
2243	2370	2371	3
7754	7930	8835	3
962	8637	9353	3
1774	1775	1776	3
2917	2918	3279	3
3040	3043	3804	3
8578	8579	8582	3
1185	1429	9357	3
3047	3049	3053	3
4089	4452	4453	3
4828	4829	5583	3
753	5602	8917	3
1525	1526	1527	3
1780	1781	1879	3
4242	5400	6064	3
5679	5874	5875	3
743	745	1163	3
882	891	3447	3
1879	1973	2010	3
3200	3201	3202	3
4907	8283	8284	3
891	3447	8311	3
1543	1554	8922	3
4904	5412	7430	3
2392	4033	8563	3
4732	4733	5226	3
4940	6167	8807	3
972	974	1120	3
1557	1559	8036	3
3029	3031	3331	3
3900	3901	3902	3
4924	5474	6467	3
794	795	796	3
1275	1342	2803	3
1360	1422	1463	3
1360	1463	10557	3
5917	5918	5919	3
747	748	749	3
1773	1774	1775	3
2820	3437	3438	3
4086	4087	9142	3
4459	4460	9494	3
3033	3035	3041	3
4455	4456	4457	3
3468	3469	3470	3
3775	4810	4992	3
4928	5010	5011	3
770	776	2822	3
2209	2271	5786	3
2691	2917	2918	3
4616	8916	9185	3
869	3629	8858	3
4252	4935	5761	3
4895	4927	4928	3
5527	5529	6061	3
2122	2123	2306	3
3036	3038	3052	3
3047	3048	3049	3
2142	8554	8685	3
4599	5886	8283	3
5749	6569	6570	3
1167	1168	1188	3
1169	9553	10422	3
4507	9193	9195	3
1188	1189	1219	3
4064	4065	4902	3
5914	5915	5916	3
979	3805	8851	3
968	970	3582	3
7038	9379	9380	3
810	815	860	3
2213	2214	2247	3
3042	3043	3046	3
737	738	739	3
1057	1072	5572	3
2372	2523	2642	3
4479	4480	4484	3
860	866	872	3
1256	1966	7799	3
4478	4479	4480	3
796	797	801	3
2403	2730	2731	3
3967	4337	5502	3
4134	4639	7994	3
4927	4928	5868	3
2574	2575	2686	3
4615	5763	9185	3
4317	4318	8435	3
4635	6048	6754	3
5549	5550	5581	3
4052	4886	4888	3
4942	5482	6479	3
751	1891	8917	3
752	753	754	3
956	957	958	3
970	3582	8890	3
2838	4943	8497	3
1112	5931	9309	3
1432	1433	1434	3
2535	2536	2702	3
3049	3053	3054	3
3053	4142	5526	3
740	741	742	3
972	1120	8890	3
7972	7973	7974	3
1115	1132	1250	3
1515	1517	1555	3
2141	4938	8554	3
2537	2799	2800	3
3469	3470	3472	3
4064	4902	4903	3
4912	5468	5907	3
5072	5073	6056	3
1538	1541	3693	3
2367	2368	9520	3
2575	2686	2687	3
1107	1109	1110	3
5249	6944	9615	3
5874	5875	5876	3
1097	1294	9068	3
1512	1513	1514	3
1516	8273	9266	3
4618	5045	6001	3
1087	1089	5855	3
2860	2861	2863	3
7513	7515	9735	3
3660	4064	4065	3
1447	1449	3361	3
4596	4597	4598	3
4776	5291	8578	3
8906	8907	8908	3
2264	2513	9015	3
2811	3179	3180	3
4135	4136	4137	3
2702	2703	2810	3
4059	4537	4538	3
5975	10227	10570	3
720	722	723	3
1523	1524	1525	3
2115	2116	2213	3
5486	5487	5495	3
6150	6151	6152	3
2055	6729	6730	3
4087	5018	5026	3
5060	6447	6505	3
5429	5432	9455	3
937	941	2131	3
1525	1527	1528	3
3036	3037	3038	3
8638	8639	8641	3
945	951	2651	3
1474	1866	1867	3
3642	3644	5605	3
5770	5771	7153	3
1253	1254	1255	3
3180	3785	3786	3
4585	4586	5158	3
753	754	755	3
1507	1723	1882	3
1515	1516	1517	3
2806	4462	8634	3
3038	3052	8503	3
3937	4310	4311	3
4893	4894	4895	3
1534	1536	1540	3
2801	2802	3659	3
5111	5112	5113	3
8361	9015	9196	3
1103	1105	8697	3
748	749	750	3
757	760	869	3
1524	1525	1526	3
4138	4140	4804	3
5427	5429	5430	3
3947	4046	4294	3
5018	5026	5035	3
6565	9549	9825	3
723	726	727	3
749	1891	8981	3
962	964	8637	3
3831	4168	5135	3
4596	5688	8267	3
4825	6386	8236	3
8637	8638	8639	3
70	539	8556	3
866	880	1471	3
960	2102	9353	3
6333	7118	8705	3
1430	1431	1432	3
1536	1540	8225	3
6652	6653	7455	3
2130	2574	2575	3
4311	4312	4313	3
4618	4619	5045	3
4931	5549	5550	3
2004	2005	2122	3
5916	5917	5918	3
735	736	737	3
746	747	748	3
780	786	8489	3
1528	1531	8725	3
1550	1556	3642	3
4252	5761	9685	3
5045	6001	6002	3
3776	3777	3778	3
4232	4233	5024	3
4528	8362	9259	3
4903	5890	5891	3
5026	5035	5984	3
2733	3776	8467	3
5786	8039	9580	3
2092	2189	2197	3
3701	9643	9948	3
801	804	807	3
1095	1097	9068	3
1513	1515	1516	3
3655	4588	5580	3
4895	4928	5010	3
745	746	747	3
2221	2279	2280	3
2689	2690	2691	3
3201	3202	3203	3
3905	6634	9905	3
4052	4888	4889	3
4938	8559	9715	3
757	759	760	3
765	770	8555	3
1866	1867	2004	3
2081	8656	9020	3
3281	3987	3989	3
4893	5004	9021	3
4940	4963	4964	3
5400	6744	6745	3
5599	5600	6486	3
966	967	968	3
2733	3774	3776	3
753	755	5602	3
1521	1522	1523	3
1526	1527	1529	3
1527	1528	1530	3
5429	5431	5432	3
5976	5977	5978	3
1771	1773	1774	3
3039	3040	3042	3
2079	2142	8554	3
3897	3899	3900	3
4136	4138	8648	3
737	739	2162	3
1096	1098	1099	3
1182	1248	3652	3
4318	5187	5188	3
2056	2141	3445	3
941	2131	4813	3
1109	1110	1112	3
1128	1129	1151	3
1151	1152	1167	3
3282	3988	4134	3
5915	5916	5917	3
6467	7733	8001	3
869	956	3629	3
1552	1557	5525	3
2918	3279	3280	3
968	969	970	3
1517	1518	1519	3
1523	8724	9827	3
2082	2217	2218	3
3659	3660	4064	3
3787	3886	3887	3
4777	5693	8211	3
1510	1511	1512	3
2731	2801	2802	3
7432	10315	10403	3
955	956	957	3
2802	3660	3661	3
7638	7639	7640	3
1449	3361	8763	3
2248	2397	8972	3
1473	1474	1866	3
1529	1767	3680	3
2723	3060	8723	3
3032	3033	3034	3
4200	4201	4776	3
5550	5581	6252	3
1534	1535	1536	3
2248	2374	2375	3
3267	3269	8586	3
3467	3468	3469	3
4033	4477	5599	3
722	723	726	3
795	796	797	3
2851	2852	2853	3
4481	4482	4483	3
4592	4593	4594	3
5503	6501	10340	3
1113	2249	8769	3
1981	2098	2099	3
2306	2515	2516	3
1528	1530	1531	3
1219	1220	1902	3
4898	6712	8821	3
1973	2081	2082	3
5025	5908	7896	3
880	1471	1472	3
1775	1776	1777	3
5011	6661	6663	3
5502	6501	7827	3
5893	5975	5976	3
5977	5978	10067	3
9613	9805	9907	3
1197	5054	5055	3
5105	5106	5107	3
5484	5485	5486	3
738	739	740	3
3182	3183	3912	3
3285	6387	7183	3
4943	5483	5484	3
750	751	752	3
970	972	8890	3
1257	2323	8266	3
1945	1947	9697	3
2918	3280	4510	3
3204	3966	3967	3
4597	5886	8456	3
1472	1510	1511	3
3046	3048	3664	3
5192	5193	5914	3
5468	5867	6517	3
2724	3058	3059	3
4033	5599	8563	3
4324	5244	5245	3
5142	5143	8025	3
6687	6710	6711	3
1522	1523	1524	3
4549	6046	6565	3
5768	5770	9389	3
7037	7038	7154	3
741	742	743	3
1217	1429	1430	3
4827	5072	5073	3
1471	1472	1510	3
2281	2282	2283	3
2516	2804	2805	3
4457	4458	4459	3
4740	7529	8886	3
5741	5743	7339	3
3643	4062	4063	3
5776	5778	5779	3
950	3721	9422	3
957	958	959	3
2276	2390	2391	3
962	963	964	3
1132	1250	1251	3
1882	2129	2130	3
3644	5605	9394	3
4539	5401	8492	3
5104	5105	5106	3
1516	1517	1518	3
3549	3550	3947	3
4138	4139	4140	3
1101	1103	3641	3
3035	3036	3037	3
5193	5914	5915	3
2811	3784	8451	3
5023	7886	10867	3
5116	5810	5811	3
958	960	2102	3
1777	3679	8322	3
2214	2247	2248	3
3281	3282	3987	3
3988	4134	4135	3
4142	5526	5527	3
5427	5428	5429	3
6313	7198	7199	3
3202	3203	3204	3
4461	4732	4733	3
736	737	738	3
743	744	745	3
1664	3689	9436	3
1670	1672	4167	3
2356	2695	8572	3
5893	5976	5977	3
959	960	961	3
1422	3656	9731	3
1530	1532	5681	3
4242	5054	5400	3
5612	8566	9035	3
7653	7654	8192	3
7827	8250	10154	3
719	720	722	3
793	794	795	3
1530	1531	1532	3
1532	1533	1534	3
1165	1184	9033	3
1422	1463	1464	3
4595	4596	4597	3
5675	5677	7900	3
756	757	759	3
4599	4907	8283	3
1197	5055	9319	3
1464	1465	1473	3
2710	3199	3200	3
2855	2856	2858	3
2857	8957	8958	3
4539	4571	5401	3
4571	4591	4592	3
2853	2854	2855	3
4458	4826	8427	3
4460	5072	9494	3
8648	9144	9462	3
815	3632	8840	3
2729	3754	3755	3
3655	3744	4588	3
4538	4570	4990	3
6922	6924	6930	3
744	745	746	3
7401	7402	7460	3
961	962	963	3
964	965	966	3
1518	1519	1520	3
1666	1668	2097	3
4484	4930	4931	3
5269	5818	5819	3
6380	6649	6650	3
1096	1097	1098	3
2800	3548	3549	3
8237	8238	8239	3
4904	4905	5412	3
1097	1100	1294	3
2004	9549	9825	3
4060	9518	9781	3
709	712	1241	3
754	755	756	3
1137	8640	8695	3
4336	4338	5268	3
1740	1944	9512	3
2394	2535	2536	3
2723	3058	3060	3
3804	8504	10282	3
712	715	716	3
742	743	744	3
797	801	804	3
800	9367	9368	3
1772	3584	9252	3
2155	2156	2157	3
4938	8554	9028	3
5824	6828	9736	3
6369	6370	6371	3
715	716	719	3
1448	3343	8032	3
3465	4938	9715	3
755	756	757	3
1471	1510	5559	3
2141	3465	4938	3
2142	2258	8685	3
3744	4252	4253	3
4776	4777	5263	3
1088	1089	1090	3
1512	1514	2149	3
3037	3038	3039	3
4700	4701	5219	3
745	1163	9084	3
780	8489	8967	3
1254	1885	7991	3
1536	1537	1538	3
4616	4617	4618	3
4930	4931	5549	3
960	961	962	3
1561	1748	2153	3
1782	5084	5085	3
720	723	2835	3
1060	1069	8719	3
4337	5502	5503	3
4460	4827	5072	3
4893	4895	9021	3
6333	7117	7118	3
8559	9715	10154	3
3039	3042	3044	3
1520	1521	1522	3
1767	1768	1769	3
7653	8192	8193	3
2269	5059	5060	3
5401	8492	8493	3
7576	7672	7673	3
716	719	720	3
970	971	972	3
2723	2724	3058	3
2732	3775	9152	3
4595	4597	8456	3
5749	6568	6569	3
5142	8025	8566	3
2355	3835	3837	3
2367	2634	9520	3
3049	3054	3281	3
5435	5436	5437	3
1112	1113	1128	3
1980	2727	8642	3
3966	3967	4336	3
3978	5280	7104	3
1102	1104	3703	3
1885	5499	7991	3
2114	2239	2241	3
2722	4058	4059	3
2858	2859	2860	3
955	957	3631	3
2703	2810	2811	3
3954	5675	5676	3
5315	5317	6340	3
6571	7477	7478	3
1523	1525	8724	3
1668	1670	8696	3
5010	6660	6662	3
2264	2512	2513	3
3987	3989	4818	3
4358	5668	8384	3
751	752	753	3
1069	1070	1075	3
1087	5855	9014	3
1098	1099	9002	3
4067	4616	4617	3
4549	6565	9549	3
4167	6153	6154	3
6695	7594	9349	3
959	961	2083	3
2079	2080	2142	3
4064	4903	9291	3
4479	4484	4930	3
3060	4001	4002	3
4253	4936	6657	3
5746	5747	5748	3
1090	1092	1093	3
5188	5189	5190	3
4776	5263	5291	3
5010	5011	6660	3
974	975	976	3
1054	1060	2172	3
1110	1113	8769	3
5737	9699	9878	3
5413	5740	5741	3
1070	1076	3630	3
1093	1095	3649	3
1529	1766	1767	3
3199	3200	3201	3
4888	4889	4890	3
6167	6312	7197	3
6695	7216	7593	3
958	959	960	3
959	2083	8856	3
1769	1770	1771	3
5489	5493	5494	3
6004	6005	6006	3
6683	6684	6685	3
3201	3203	3969	3
4588	5903	6667	3
4804	5311	5670	3
726	727	729	3
2143	2258	2264	3
3053	5526	8504	3
1535	1536	1537	3
1538	1539	1541	3
4262	5098	6109	3
4777	5263	5309	3
5159	5248	6178	3
5434	5436	5439	3
6380	6648	6649	3
1102	3703	9114	3
2863	2864	2865	3
3889	3891	3892	3
5535	5854	5888	3
5549	5581	7918	3
2393	2394	2535	3
2800	3549	3550	3
6568	6571	7477	3
957	959	8856	3
4252	4253	4935	3
5532	5533	5534	3
739	740	741	3
2075	2076	2115	3
2807	3781	3782	3
5431	5432	5433	3
5891	5892	5893	3
4677	8652	8653	3
4276	4461	4732	3
5412	5413	7341	3
5468	5907	7913	3
4550	4998	5000	3
4939	4940	8807	3
141	142	9180	3
1472	1511	4476	3
2708	7712	7714	3
2729	3755	9011	3
2364	2633	2841	3
4477	5599	5600	3
5529	6061	6125	3
733	814	953	3
1935	1959	1982	3
1959	1982	2056	3
2513	2723	2724	3
4136	4137	4138	3
5942	5943	5944	3
8519	9307	9718	3
1772	1773	1865	3
2805	2807	3781	3
3201	3969	8987	3
5972	6830	9644	3
5992	5993	5994	3
2386	2387	2709	3
3989	4818	4819	3
6373	6376	8681	3
1089	1090	9111	3
1539	1541	1542	3
2375	2799	3473	3
2855	8957	9551	3
4927	5868	5869	3
4941	7827	9908	3
4536	4537	4577	3
2076	2115	2116	3
3191	4332	4450	3
4483	4745	4746	3
2387	2709	2710	3
4134	7994	8820	3
5484	5486	9242	3
5744	5746	5747	3
8163	9383	9384	3
133	485	9214	3
4617	4618	4619	3
4619	5046	7846	3
4137	4139	5087	3
4798	6309	8086	3
749	750	751	3
4593	4595	5905	3
5010	6662	9021	3
5918	5919	5989	3
1070	1075	1076	3
3032	3034	3806	3
4990	8140	8938	3
5581	6252	6253	3
144	145	408	3
1055	1061	2002	3
1092	1093	1094	3
1947	1980	1981	3
3059	3655	3744	3
4316	4317	4318	3
1087	1088	1089	3
1781	1973	2081	3
2442	2836	2837	3
2799	2800	3548	3
3775	4992	9152	3
3912	3913	4283	3
4059	4536	4537	3
760	869	955	3
1449	1453	8763	3
6385	6386	7169	3
1552	1553	1557	3
6373	6375	6376	3
7971	7973	7976	3
792	4242	9367	3
972	973	974	3
2157	2208	2273	3
2687	2688	2689	3
5829	7616	7618	3
2804	2805	9352	3
4935	4936	6160	3
963	964	965	3
1766	8814	8816	3
2279	2280	2281	3
3279	3285	7185	3
4619	5045	5046	3
7452	7453	7454	3
5943	5944	5971	3
2056	2079	2141	3
4963	9354	10110	3
742	744	763	3
738	740	3559	3
2217	2275	2277	3
3282	3987	3988	3
4458	4459	4460	3
5889	8157	8158	3
8699	9002	9003	3
2142	2143	2258	3
2799	3548	9853	3
3659	3752	9291	3
3837	4057	9035	3
5769	5771	7163	3
5917	5919	7920	3
3203	3204	3966	3
142	143	547	3
2083	8856	8857	3
1094	1095	1096	3
6049	6703	8097	3
6662	9021	9022	3
2401	2733	8467	3
3781	4090	9352	3
4057	4648	5142	3
4940	4964	6167	3
1272	1359	1360	3
4140	4804	4825	3
2691	2692	2917	3
2814	2816	2886	3
4090	9352	9408	3
4593	4594	4595	3
1531	1532	1533	3
6880	7582	7583	3
1524	1526	8814	3
2258	2386	2387	3
6569	7327	7328	3
1522	1524	4517	3
2963	3759	9479	3
5011	6660	6661	3
1775	1777	3679	3
2153	2154	2155	3
3198	4200	4201	3
4063	4995	4996	3
4268	5144	5612	3
4887	6369	6370	3
143	547	9019	3
1603	1605	4531	3
1674	1675	1676	3
2080	2143	4528	3
2843	2844	2845	3
1095	3649	9068	3
2080	2142	2143	3
2217	2218	2275	3
814	953	954	3
891	892	894	3
1879	2010	2011	3
2214	2248	2397	3
2263	8571	9987	3
3269	3734	4820	3
5109	5110	5111	3
6694	6695	7216	3
4337	5503	6291	3
4359	4361	8658	3
4483	4746	4747	3
1098	1100	1101	3
6369	6371	6378	3
1550	1551	1556	3
2536	2702	2703	3
2859	2860	2861	3
3465	3466	3467	3
4648	5142	5143	3
1671	1674	9451	3
2897	2898	3182	3
5437	5438	6492	3
1061	1069	1070	3
1777	1779	8322	3
1055	1060	1061	3
2391	2393	2394	3
2512	2513	2723	3
2849	2850	2851	3
3059	3744	4252	3
3752	8485	9935	3
3891	3892	3893	3
4454	4455	4456	3
4461	4733	6483	3
953	954	1054	3
4583	4584	4585	3
748	750	1899	3
2374	2375	2537	3
3942	4004	8384	3
740	3559	8960	3
1768	1769	1770	3
2218	2275	2276	3
2258	2264	2386	3
4617	5637	9286	3
4964	6167	6312	3
140	141	465	3
1479	1732	1734	3
6004	6831	8040	3
1076	3630	9014	3
1197	4242	5054	3
1676	1678	1679	3
5525	8038	9310	3
6588	9601	9602	3
4964	6312	6313	3
6918	6919	6920	3
770	775	776	3
965	966	967	3
1542	1543	1544	3
1771	1772	1773	3
2275	2276	2390	3
2845	2846	2847	3
1360	1421	1422	3
1458	1459	1462	3
4889	4890	4891	3
5017	8163	9167	3
977	3805	9510	3
3198	3199	4200	3
4046	4294	4576	3
1450	1451	1454	3
1453	2057	8763	3
2919	3267	4210	3
4455	4457	9874	3
4886	4887	6368	3
5425	5426	5427	3
7529	7532	8346	3
1473	1866	2022	3
5018	5578	9167	3
4536	4577	9580	3
752	754	4524	3
2917	3279	8999	3
1103	1104	1105	3
1531	1533	2250	3
2217	2277	8656	3
5113	5115	5116	3
1543	1544	1545	3
1770	1771	1772	3
1950	7744	9708	3
2076	2116	3580	3
3042	3044	8818	3
6376	6377	6379	3
951	2651	8915	3
7678	9126	9729	3
930	931	937	3
7973	7977	10567	3
4338	5268	5269	3
2264	2386	2512	3
5746	5748	5749	3
976	977	978	3
1093	1094	1095	3
1097	1098	1100	3
5829	7618	7766	3
1603	4531	9500	3
4314	4315	4316	3
5263	5309	6314	3
5311	5670	7138	3
5689	8345	8559	3
5994	6019	6168	3
872	880	9229	3
957	3631	8856	3
4722	6832	6885	3
5428	7718	9455	3
7546	7547	7548	3
814	954	4513	3
1182	1183	1248	3
5189	5190	5191	3
1982	2056	2079	3
2854	2855	2856	3
3467	3469	4941	3
4002	4939	4940	3
4596	4598	5688	3
4930	5549	6500	3
5941	5942	5943	3
6505	8043	10043	3
1982	2079	2080	3
5408	5712	6150	3
969	971	3801	3
2085	2220	2221	3
4478	4481	9600	3
975	976	977	3
1095	1096	1097	3
1462	1466	1479	3
2108	2244	2355	3
3058	3060	4001	3
1054	1055	1060	3
1545	1546	1548	3
3641	8699	9002	3
1518	1520	2398	3
138	139	545	3
2081	2082	2217	3
4137	4138	4139	3
4887	6368	6369	3
1111	1183	3686	3
2811	3180	3784	3
3897	3900	10157	3
4652	5498	5531	3
4799	5198	8833	3
5434	5435	5436	3
6741	6742	6800	3
804	810	3683	3
5074	6333	8705	3
760	9247	9248	3
872	873	874	3
5143	6740	6741	3
5498	5531	5532	3
2375	2537	2799	3
113	114	448	3
142	547	9180	3
752	4524	9106	3
921	922	930	3
1248	1249	1272	3
1526	1529	1766	3
3781	4088	4090	3
3782	4088	4089	3
786	792	793	3
874	875	882	3
894	895	921	3
1072	5572	8148	3
1533	1534	1535	3
5191	5193	7564	3
5488	5491	8276	3
5741	5742	5743	3
8162	8163	9383	3
4456	4457	4458	3
967	968	969	3
1060	1061	1069	3
1935	9259	9924	3
7617	7619	7620	3
754	4524	9119	3
3898	3907	4154	3
2079	2141	8554	3
2700	2701	2897	3
2709	2710	3198	3
5533	5535	5854	3
137	138	9116	3
1732	1733	9198	3
4201	4777	5693	3
5944	5971	5972	3
3988	4135	4136	3
6282	6682	6683	3
3781	3782	4088	3
954	1054	1055	3
1556	3642	3643	3
3268	3733	4232	3
5486	5496	9242	3
6569	6570	7327	3
965	967	1293	3
971	3801	9429	3
1865	3584	4051	3
2078	2106	2114	3
4312	4313	4314	3
128	129	9222	3
1664	1666	9436	3
1105	1106	1107	3
3048	3664	9389	3
5226	6506	6507	3
6740	6741	6742	3
765	769	770	3
4895	5010	9021	3
4925	6530	6736	3
7639	7640	7641	3
937	938	941	3
973	975	1138	3
1606	1664	3689	3
5742	5743	5744	3
756	759	764	3
1546	1549	1550	3
1671	1673	1674	3
2092	2197	9450	3
4310	4311	4312	3
5291	8578	8579	3
6005	6006	6166	3
139	545	9146	3
6312	6313	7198	3
6448	6491	7513	3
4804	4825	5311	3
1541	1542	1543	3
4821	4823	5329	3
136	137	415	3
734	735	736	3
3785	4248	9696	3
4825	5311	6385	3
1549	1550	1551	3
1557	1558	1559	3
4201	4776	4777	3
6376	8681	9788	3
6491	7513	9735	3
7638	7640	9355	3
776	779	780	3
942	944	946	3
1422	1464	3656	3
4065	4904	4905	3
4653	7290	7685	3
6685	6902	8534	3
2009	2016	2078	3
5534	5535	7036	3
5678	5679	5874	3
6375	6376	6377	3
8211	9950	10110	3
1100	1101	1102	3
5971	5972	5973	3
6437	6438	7401	3
971	972	973	3
973	974	975	3
3549	3947	4046	3
5990	5991	5992	3
754	756	9119	3
4002	4940	4963	3
4056	5512	8368	3
5821	5822	5823	3
969	970	971	3
1108	1111	1182	3
4905	5413	5740	3
969	3801	9232	3
4905	5412	5413	3
5818	5819	5820	3
8237	8239	8240	3
814	4513	9221	3
5054	5400	6744	3
975	1138	9510	3
1102	1103	1104	3
2122	2306	2515	3
2395	8286	8287	3
4903	5891	9291	3
2847	2848	2849	3
4452	4453	4454	3
3773	3774	9621	3
3784	5601	8451	3
1549	1551	1552	3
3934	4323	4324	3
4990	8139	8140	3
5774	5776	9556	3
1766	1767	1768	3
2841	2842	2843	3
7966	7967	7968	3
780	785	786	3
1521	1523	9827	3
4321	5251	9904	3
792	1197	4242	3
882	883	891	3
133	134	485	3
977	979	3805	3
3759	4485	9479	3
7535	7536	7539	3
2861	2863	2864	3
4001	4002	4939	3
4139	4140	4250	3
6280	6892	9734	3
722	726	2868	3
5740	5741	5742	3
3586	9107	9556	3
1104	1105	1106	3
1537	1538	1539	3
1773	1865	9413	3
4067	4617	9286	3
4253	4935	4936	3
4154	4155	4645	3
2099	2100	2101	3
5972	5973	5974	3
1563	8186	10016	3
2009	2078	9796	3
2251	10958	10961	3
2692	2917	2919	3
4088	4089	4452	3
5249	6943	6944	3
1537	1539	1547	3
3180	3784	3785	3
6467	8001	8636	3
145	408	9420	3
733	734	814	3
1604	1606	9041	3
2631	3306	9190	3
4571	5401	9419	3
6570	8100	8102	3
131	132	552	3
6650	6651	6652	3
6703	10869	10884	3
1667	1669	5686	3
3267	4210	8586	3
5187	5188	5189	3
1106	1107	1108	3
5291	8579	8580	3
3969	8582	10105	3
4477	4478	9600	3
4617	4619	5637	3
1553	1558	5817	3
2840	2963	3061	3
8037	8038	9240	3
727	729	730	3
1730	1731	1948	3
3954	5676	5678	3
2107	2242	2243	3
5512	7744	8368	3
3935	4325	4583	3
547	9180	9181	3
1454	1455	1458	3
1741	1944	1945	3
4360	5346	8542	3
6492	7142	8291	3
4576	4700	4701	3
4747	4912	5468	3
6281	6282	6681	3
4303	5195	5821	3
759	764	765	3
950	1056	3721	3
130	131	9199	3
1668	2097	8696	3
4828	5583	5584	3
5495	5496	6795	3
129	130	423	3
2710	3198	3199	3
3439	4003	8096	3
3966	4336	4338	3
4635	9494	9944	3
5611	8843	8964	3
944	950	9422	3
1882	2130	5739	3
66	67	8900	3
747	749	8981	3
6291	9379	9380	3
1359	1360	1421	3
5107	5109	9936	3
5226	6507	6962	3
2221	2278	2279	3
2919	4210	8999	3
3774	3776	3777	3
1770	2263	9252	3
4357	4360	8542	3
6651	6652	6653	3
1111	1182	1183	3
1183	1248	1249	3
1183	3686	9334	3
2731	8434	9798	3
3787	3887	3888	3
3888	3890	6079	3
4747	5468	5867	3
5616	6046	6119	3
9152	9153	9499	3
6333	6334	7117	3
1115	1130	1132	3
2536	2703	2930	3
3584	4051	4052	3
5073	5074	5075	3
793	795	800	3
2241	9601	9602	3
2273	2466	2467	3
2805	3781	9352	3
3061	3690	9578	3
4535	9033	9034	3
730	734	735	3
785	1197	9319	3
1447	3361	8517	3
1667	5686	9375	3
1734	1942	1943	3
3035	3041	9569	3
3060	8723	9354	3
4549	5616	6046	3
5769	5770	5771	3
6683	6901	9734	3
1430	1432	2251	3
8637	8639	9353	3
1108	1109	1111	3
1165	4535	9033	3
3777	3778	4086	3
769	775	2465	3
1605	1607	9402	3
2731	2802	9798	3
4827	5074	8705	3
729	730	733	3
1105	1107	8947	3
1531	2250	8725	3
4890	4891	4892	3
145	146	9420	3
1072	1114	1115	3
977	978	979	3
4701	5219	5220	3
5919	5989	5990	3
7971	7972	7973	3
3784	4248	5601	3
6003	6004	6005	3
126	127	487	3
1107	1108	1109	3
1607	1665	2341	3
1944	3813	9512	3
5743	5744	5745	3
5974	6003	6004	3
2689	2691	9249	3
114	115	9008	3
1253	1255	9643	3
5616	9352	9408	3
1461	1507	9667	3
1902	2084	2085	3
5024	5025	5908	3
4635	6754	9944	3
1544	1545	1546	3
3755	9011	9286	3
3773	4081	9621	3
70	71	8556	3
1672	4167	6153	3
4819	5768	5769	3
4201	5693	9686	3
1945	1946	1947	3
5876	6329	6523	3
1444	1450	1451	3
5605	9394	9735	3
5888	7682	7683	3
6119	10732	11185	3
1100	1294	9114	3
1768	1770	2263	3
4827	5073	5074	3
1101	1102	1103	3
3974	4652	8983	3
1185	1216	1217	3
4826	4827	8705	3
5025	5737	5970	3
2850	2851	2852	3
5854	9900	10068	3
6686	6688	6689	3
2515	2516	2804	3
5193	5915	9328	3
115	116	517	3
2377	2700	2701	3
6687	6711	9521	3
3889	3890	3891	3
1553	1557	1558	3
2688	2689	2690	3
8656	10046	10287	3
132	552	9214	3
1524	4517	8814	3
3893	3895	10075	3
1090	1093	9111	3
2861	2887	8854	3
5776	5777	5778	3
8287	10386	10408	3
860	872	873	3
4571	4592	9419	3
7327	7328	7929	3
5102	5105	9718	3
1546	1548	1549	3
5891	9291	9753	3
6004	6006	6831	3
1551	1552	1553	3
3049	3281	9388	3
3901	3902	3903	3
3465	3467	9715	3
4677	8653	8654	3
873	875	5767	3
2852	2853	2854	3
4811	5359	9783	3
6253	6918	6919	3
1249	1272	1359	3
1440	1442	3654	3
4458	4460	4826	3
4996	4997	5315	3
7922	10075	10157	3
1183	1249	9334	3
1444	1451	8880	3
3887	3888	3889	3
5026	5984	6027	3
8697	8700	8947	3
2651	8594	8595	3
5008	6694	6695	3
1342	1367	1368	3
5748	6568	6571	3
3831	3832	4168	3
1468	1740	1741	3
2917	2919	8999	3
3835	3837	4268	3
4318	4722	5187	3
4908	5764	6437	3
4722	5187	6832	3
1740	1742	9512	3
4598	4599	4600	3
2722	4059	4536	3
4087	5026	9142	3
1474	1867	10379	3
137	415	9116	3
1057	1071	1072	3
1257	2322	2323	3
1442	1444	8880	3
2575	2687	2688	3
3784	3785	4248	3
5533	5534	5535	3
785	792	1197	3
1467	1740	1742	3
3893	3894	3895	3
6334	6335	6395	3
2692	2919	2920	3
1674	3665	9451	3
1359	1421	1603	3
2101	2112	2201	3
3989	4819	5768	3
123	124	431	3
111	112	543	3
2386	2512	9331	3
4338	5269	5818	3
4892	4893	5004	3
5000	6581	6582	3
3744	4588	8968	3
5904	8362	9703	3
121	122	558	3
1218	1274	1275	3
4592	5738	9419	3
120	121	9303	3
2837	2839	2840	3
2919	2920	3267	3
2323	2441	2442	3
141	465	9180	3
873	874	875	3
4381	6634	6635	3
6046	6565	7140	3
6523	9749	10136	3
922	930	931	3
883	892	2052	3
4586	5158	5159	3
945	950	951	3
1099	9002	9003	3
2690	2691	2692	3
5891	5893	9753	3
5905	8456	10430	3
775	2465	9463	3
1772	1865	3584	3
1154	1165	1166	3
1251	1253	3701	3
3267	3268	3269	3
2515	2804	4549	3
2804	4549	5616	3
3755	4067	9286	3
4325	4583	4584	3
730	733	734	3
1093	3649	9111	3
1153	1165	4535	3
6687	6688	6710	3
119	120	9363	3
944	946	9422	3
4081	4811	5051	3
5744	5745	5746	3
5943	5971	9649	3
5433	5440	9963	3
4003	7568	8096	3
5437	6492	6493	3
5526	5527	5528	3
6581	6582	7595	3
5580	8361	9196	3
951	1056	1057	3
1673	1674	1675	3
2201	2245	2356	3
4233	5025	5737	3
3734	4820	4821	3
1132	1251	8776	3
1255	1257	2322	3
3683	10884	10910	3
7984	10170	10333	3
4459	4635	9494	3
5748	5749	6568	3
5143	6741	8025	3
6377	6648	10301	3
3936	4308	4309	3
6920	6922	7984	3
1665	2341	9375	3
4584	4585	4586	3
943	944	945	3
2802	3661	9798	3
967	969	9232	3
5915	5917	6825	3
5486	5495	5496	3
2356	2367	2369	3
4996	5315	5317	3
1112	1128	5931	3
3607	8843	9520	3
8288	9798	9907	3
931	937	938	3
1981	2099	2100	3
9706	10187	10303	3
883	891	892	3
3733	4232	4233	3
5637	7846	9729	3
1966	7799	9450	3
2244	2355	3835	3
2846	2847	2848	3
6280	6281	6282	3
1114	1130	1131	3
6253	6917	6918	3
4155	4671	4672	3
5074	5075	5076	3
5775	5777	5857	3
1341	1367	3708	3
1944	1997	3813	3
4887	6370	9693	3
5076	6334	6335	3
4051	4886	4887	3
2442	2837	2839	3
3888	3889	3890	3
4309	5249	6179	3
6486	7917	9709	3
738	3559	9498	3
2400	9152	9499	3
118	119	437	3
892	894	895	3
1056	1057	1071	3
4057	5142	9035	3
3759	3832	4485	3
5245	5792	6841	3
138	545	9116	3
1100	1102	9114	3
6694	7216	7217	3
872	874	9229	3
2283	2285	2287	3
4310	4312	5250	3
4645	4671	6077	3
5616	6119	9408	3
1368	1467	1468	3
5249	6179	6943	3
1131	1153	1154	3
2839	2840	2963	3
3660	3661	9633	3
1166	1184	1185	3
967	1293	9232	3
1421	1603	1604	3
2634	3177	3607	3
3042	3046	8818	3
4046	4576	4991	3
4517	8814	8815	3
2727	7861	8642	3
4062	4063	4995	3
5118	7654	9386	3
3734	4821	4822	3
2369	2634	2635	3
5600	6486	7985	3
2842	2843	2844	3
4823	5007	5008	3
1997	3814	4550	3
5105	5107	6466	3
5531	5532	5533	3
7754	8835	9796	3
2856	2858	2859	3
3899	3900	3901	3
4168	4169	4677	3
5428	7717	7718	3
1275	1341	1342	3
2242	2243	2370	3
3061	3759	3831	3
4898	5995	6712	3
5144	6639	6804	3
3832	4168	4169	3
5247	6838	6912	3
736	738	9498	3
2864	2865	2866	3
4302	4764	10021	3
5886	8456	10370	3
3896	4153	9593	3
1666	2097	9436	3
5017	5018	9167	3
1773	1775	9413	3
2363	2632	5014	3
5113	5116	5810	3
792	793	9367	3
2844	2845	2846	3
2920	3267	3268	3
4452	4454	6396	3
146	147	564	3
5421	6090	6748	3
1367	3708	9449	3
1436	1438	1445	3
8193	10965	10966	3
971	973	9429	3
1452	3343	9117	3
4233	5024	5025	3
3607	3936	3937	3
1603	1604	1605	3
4460	4826	4827	3
1219	1902	2084	3
2848	2849	2850	3
2839	3586	9107	3
4462	8634	8636	3
5778	5935	6012	3
6652	7455	7456	3
946	9422	9423	3
4262	6109	8367	3
1114	1115	1130	3
3693	8228	8922	3
4822	4823	5007	3
938	941	942	3
5494	6139	6172	3
7978	8306	9640	3
2732	3773	3775	3
3891	3893	3894	3
3894	3896	4153	3
769	770	775	3
1607	2341	9402	3
895	922	3706	3
1109	1111	9309	3
4155	4645	4671	3
2635	3177	3178	3
4051	4052	4886	3
5074	5076	6333	3
2709	9331	9686	3
2839	2963	3586	3
3897	3898	3899	3
2692	2920	9781	3
2804	5616	9352	3
764	765	769	3
779	780	785	3
875	882	883	3
1997	3813	3814	3
3048	9388	9389	3
950	951	1056	3
5014	5015	5937	3
5678	5874	7922	3
130	423	9199	3
1451	1454	1455	3
5060	6505	9327	3
759	760	9247	3
2100	2112	6567	3
4588	6667	8968	3
2084	2085	2220	3
2100	2101	2112	3
2239	2241	9602	3
775	776	779	3
3660	4065	9633	3
2322	2441	5773	3
1604	1605	1606	3
2157	2273	2466	3
4550	5000	10077	3
1467	1468	1740	3
4890	4892	5313	3
5243	5668	6842	3
5774	5775	5776	3
895	921	922	3
1216	1218	1274	3
3942	4321	8384	3
5915	6825	9328	3
4065	4905	9633	3
1545	1548	8690	3
9092	9093	9956	3
2245	2367	2368	3
2861	2864	2887	3
942	943	944	3
1184	1216	1218	3
756	764	9119	3
1740	1741	1944	3
1605	1606	1607	3
3936	4309	9571	3
4634	6049	9874	3
883	2052	9641	3
6049	8097	8098	3
1865	9413	9693	3
2322	2323	2441	3
2854	2856	2888	3
3907	4154	4155	3
2076	3580	9748	3
785	786	792	3
1997	4550	9697	3
3775	4081	4810	3
5268	7038	9379	3
2630	2631	3306	3
2963	3061	3759	3
2733	3773	3774	3
7290	7685	8812	3
746	9139	9140	3
938	942	943	3
1556	3643	4062	3
6282	6681	6682	3
944	945	950	3
1673	1675	1677	3
3059	4252	9685	3
1678	1679	1730	3
4652	5531	8983	3
1094	1096	9589	3
874	9229	9230	3
1076	1084	9014	3
2859	2861	8854	3
3905	4381	6634	3
4799	5277	8833	3
6491	9394	9395	3
1673	1677	9546	3
4316	4318	4722	3
2220	2221	2278	3
1670	1671	1672	3
5489	5494	9590	3
5142	8566	9035	3
2275	2390	10302	3
2112	2201	2245	3
3978	4381	5280	3
8493	8824	10284	3
3643	3644	8002	3
4358	5243	5668	3
4908	6437	6438	3
1560	1562	1563	3
1438	1440	9457	3
3777	4086	4897	3
5195	5821	5822	3
1071	1072	1114	3
1151	1167	1169	3
1732	1734	1942	3
4323	4325	9712	3
5992	6824	9264	3
2865	4262	8367	3
5076	6333	6334	3
8507	9194	9385	3
4671	4672	5330	3
6682	6683	6684	3
1665	1667	9375	3
1341	1342	1367	3
1668	1669	1670	3
4811	5358	5359	3
2633	2841	2842	3
3814	4550	4998	3
4584	4586	9799	3
2245	2356	2367	3
736	9221	9498	3
1218	1275	9475	3
2153	2155	4578	3
3937	4308	4310	3
1165	1166	1184	3
2401	2732	2733	3
4821	4822	4823	3
5109	5111	5395	3
5773	5774	5775	3
3774	3777	9529	3
4897	5995	5996	3
1675	1676	1678	3
750	752	9106	3
1559	1560	1561	3
3759	3831	3832	3
4268	4269	5144	3
2367	2369	2634	3
3936	3937	4308	3
1606	1607	1664	3
129	423	9222	3
3269	3733	3734	3
6688	6710	7223	3
2441	5773	5774	3
4586	5159	5247	3
4823	5329	9349	3
5737	5970	6014	3
131	552	9199	3
1153	1154	1165	3
2278	2279	2400	3
4086	4897	4898	3
1666	1667	1668	3
4233	5737	9699	3
1943	2009	2016	3
2688	2690	4060	3
2278	2400	2401	3
1084	1087	9014	3
2512	8723	9331	3
2130	2575	9669	3
5026	6027	9142	3
2634	3607	9520	3
2848	2850	2890	3
5248	6838	6908	3
5494	6172	9590	3
3035	3037	9569	3
1184	1185	1216	3
873	5767	9339	3
4081	4810	4811	3
779	785	9319	3
4308	4310	9615	3
5280	7104	7105	3
2370	2371	2630	3
6684	6685	6686	3
1664	1665	1666	3
1274	1275	1341	3
2108	2242	2244	3
5990	5992	6824	3
769	2465	9562	3
1188	1219	9458	3
5277	6895	8833	3
3831	5135	9578	3
1473	2022	9010	3
5189	5191	6826	3
1130	1131	1153	3
2004	2122	9549	3
4248	5601	6738	3
1367	1368	1467	3
4308	4309	5249	3
2963	3586	9479	3
3835	4268	4269	3
1096	1099	9589	3
3895	3896	3897	3
1866	2004	9825	3
1607	1664	1665	3
5220	6279	6280	3
1464	3656	9010	3
2799	3473	9853	3
5810	5811	7363	3
765	8555	9247	3
1944	1945	1997	3
5601	6738	10450	3
8038	8824	9310	3
4321	4322	5251	3
6686	6687	6688	3
8908	9071	9748	3
5421	6748	7765	3
3814	4998	4999	3
4897	4898	5995	3
6172	9590	9906	3
2634	2635	3177	3
5977	9753	9935	3
6523	7234	9749	3
3898	3899	3907	3
1464	1473	9010	3
5247	5248	6838	3
875	883	9641	3
4998	5000	6581	3
1507	1882	9667	3
2441	5774	9107	3
3058	3059	9685	3
4810	4811	5358	3
8497	9242	9662	3
4964	6313	9950	3
4034	4479	9444	3
5779	9556	10384	3
5358	5359	7269	3
5487	5495	9590	3
5942	5944	6829	3
3268	3269	3733	3
2400	2401	2732	3
5777	5778	5935	3
6684	6686	6687	3
2015	2107	2108	3
4269	5144	6639	3
5008	6693	6694	3
973	1138	9429	3
4308	5249	9615	3
5994	6168	6940	3
1253	3701	9643	3
1554	8921	8922	3
3177	3607	3936	3
3896	3898	9593	3
5995	5996	7325	3
764	9119	9562	3
810	3683	9339	3
5668	8384	9904	3
1950	2014	2015	3
2401	8467	9829	3
2724	3655	9196	3
2106	2114	2239	3
121	558	9303	3
974	1120	9032	3
5973	6003	9740	3
1455	1458	1459	3
5193	7564	9328	3
1665	1666	1667	3
764	769	9562	3
1105	8697	8947	3
1669	1670	1671	3
1466	1479	1732	3
4325	4584	5246	3
4577	9240	10284	3
4811	5051	9783	3
2107	2108	2242	3
5159	5247	5248	3
2441	2442	9107	3
5487	5489	9590	3
1459	1462	1466	3
793	800	9367	3
1440	3654	9457	3
1732	1942	9198	3
5822	5823	5824	3
1442	3654	8880	3
2363	5014	9602	3
8001	8635	8636	3
3773	3775	4081	3
1452	1456	9117	3
3896	3897	3898	3
5775	5776	5777	3
1667	1668	1669	3
2084	2220	4569	3
3774	9529	9621	3
759	765	9247	3
931	8597	10188	3
3654	8880	9026	3
4584	5246	9799	3
5786	9579	9580	3
1948	1950	2014	3
3894	3895	3896	3
6280	6282	9734	3
2732	2733	3773	3
6832	6885	6942	3
2846	3729	9547	3
1255	2322	9643	3
2014	2015	2107	3
5220	6280	6281	3
1558	1559	1560	3
3903	3905	3978	3
5944	6829	9644	3
8906	8908	9071	3
2239	2363	9602	3
3905	3978	4381	3
4323	4324	5244	3
1781	2081	9020	3
3466	5658	9433	3
3898	4154	9593	3
1730	1948	1950	3
1540	8225	8226	3
2800	3550	9404	3
1671	1672	1673	3
5824	5941	5942	3
3061	3831	9578	3
5902	8186	9343	3
2442	2839	9107	3
5007	5008	6693	3
2364	2632	2633	3
2844	2846	3729	3
1522	4517	10199	3
1775	3679	9413	3
4081	5051	9621	3
1544	8457	9456	3
3183	3913	10029	3
1219	2084	9458	3
3987	4818	9462	3
5972	5974	6830	3
2810	3179	9761	3
3934	3935	4323	3
6663	10398	10499	3
114	448	9008	3
5893	5977	9753	3
1866	2022	9825	3
1517	1519	9058	3
1421	1422	9731	3
2016	2078	2106	3
4905	5740	9633	3
5742	9613	9805	3
6636	9599	9943	3
2220	4569	9829	3
2240	2363	2364	3
5970	6014	8487	3
8814	8815	8816	3
1678	9708	9801	3
5670	8648	9144	3
4672	5330	6117	3
120	9303	9363	3
2220	2278	9829	3
3935	4323	4325	3
1466	1732	1733	3
119	437	9363	3
744	746	9139	3
6049	8098	9874	3
5578	9167	9553	3
892	2052	9683	3
750	1899	9106	3
3580	8837	10419	3
3733	4233	9699	3
3203	3969	9879	3
2633	2842	2889	3
4477	5600	9600	3
5773	9643	9948	3
3752	9291	9753	3
5253	5254	5882	3
2247	2543	10261	3
86	87	8417	3
5737	6014	9878	3
7529	8346	8886	3
6486	7985	9709	3
1774	1776	9972	3
3679	9413	10183	3
8291	9058	10103	3
3901	3903	3905	3
1517	1555	9058	3
2363	2364	2632	3
5359	7270	7271	3
3467	4941	9715	3
4822	9699	9878	3
2818	2820	9943	3
109	110	475	3
147	564	9421	3
1947	9531	9697	3
3679	10011	10183	3
8287	8288	10386	3
2632	5014	5015	3
6114	9494	9944	3
4813	7432	10315	3
5668	6842	6907	3
8634	8635	8636	3
4721	6827	6886	3
5637	9126	9729	3
1438	1445	9457	3
4325	5246	9712	3
1455	1459	3737	3
6006	6831	6910	3
2279	2400	9499	3
5247	6912	9799	3
1359	1603	9500	3
3307	3934	3935	3
6329	6523	7234	3
5195	5822	10041	3
4323	5244	9712	3
5503	10340	10401	3
3655	5580	9196	3
5330	6117	7332	3
6448	7514	9963	3
2701	2897	2898	3
2377	2701	9601	3
4457	4634	9874	3
5115	5117	10082	3
7270	7271	7273	3
1249	9334	9500	3
7617	7620	7621	3
3777	4897	9529	3
3469	4941	9908	3
148	149	463	3
880	9229	9461	3
974	976	9032	3
3183	3912	3913	3
5684	6489	9769	3
6491	9394	9735	3
875	5767	9641	3
5359	7271	9783	3
1558	5817	10016	3
3743	9863	10029	3
810	860	9339	3
2573	8907	10460	3
4930	6500	9444	3
5694	10298	10354	3
1130	1132	9864	3
3306	3307	3934	3
3785	3787	9696	3
146	564	9420	3
1948	1949	9634	3
922	931	10188	3
5359	7269	7270	3
2242	2244	9894	3
8485	8632	9935	3
2078	7754	9796	3
3661	9805	9907	3
5942	6829	9736	3
744	763	9139	3
4535	9864	9929	3
775	779	9463	3
1451	8880	9854	3
2543	7913	10261	3
4535	9034	9929	3
2898	3182	3183	3
2279	2281	9499	3
6374	10046	10287	3
1249	1359	9500	3
2239	2240	2363	3
5084	5119	9483	3
1111	3686	9309	3
5495	9590	9906	3
3941	4321	4322	3
8362	9259	9924	3
3438	3941	9599	3
2106	2239	2240	3
3988	4136	9462	3
4310	5250	9615	3
1169	10367	10422	3
2084	4569	9458	3
2630	3306	3307	3
4481	9600	9925	3
6661	6663	10398	3
5931	10438	10529	3
4538	4990	9268	3
115	517	9008	3
9194	9195	10341	3
5046	7847	10087	3
5309	8211	9951	3
6879	8144	8145	3
5821	5823	9863	3
3679	8322	10011	3
5159	6178	9792	3
2700	2881	9006	3
3889	3892	9568	3
5992	5994	9264	3
1560	1561	1562	3
9034	10193	10343	3
5531	5533	9900	3
2155	4578	9694	3
2322	5773	9643	3
4322	5252	5253	3
5000	6582	9706	3
5583	6487	9757	3
2898	3183	3743	3
3058	4001	9685	3
5263	5291	9848	3
3307	8930	9893	3
4513	9221	10227	3
2853	2857	8957	3
4576	4991	9891	3
1182	3652	10143	3
5252	5254	6840	3
4586	5247	9799	3
2122	2515	9549	3
5531	8983	9900	3
6841	6883	6939	3
1882	5739	9667	3
3733	3734	9699	3
8931	9893	9894	3
5425	7669	9395	3
2393	2529	9378	3
3787	3888	9696	3
112	543	9163	3
4897	5996	9529	3
5023	9045	10868	3
3469	3472	9908	3
5073	5075	9639	3
113	448	9163	3
148	463	9421	3
4303	4721	5195	3
7575	7577	10851	3
3472	9908	10068	3
4479	4930	9444	3
3729	10712	10747	3
1867	2005	10278	3
2370	2630	9893	3
2687	2689	9928	3
5821	9863	10029	3
2271	2373	9579	3
2515	4549	9549	3
1678	1730	9708	3
5263	6314	9848	3
2930	10234	10391	3
6281	10619	10644	3
4314	8734	10092	3
1546	1550	9456	3
2820	3438	9943	3
5291	8580	9848	3
2278	2401	9829	3
2849	2851	10047	3
5158	5159	9792	3
5432	9455	10332	3
4338	5818	9879	3
2918	4510	9249	3
2851	2857	10047	3
112	113	9163	3
2393	2535	9378	3
1106	1108	10143	3
3969	9879	10105	3
954	1055	10271	3
7142	8291	10103	3
9833	10193	10343	3
8362	9703	9924	3
860	873	9339	3
2837	2840	9625	3
5994	6940	9264	3
1421	1604	9731	3
8907	10094	10460	3
5045	5046	10087	3
5611	10396	10469	3
3888	6079	9696	3
5668	6907	9904	3
3901	3905	9905	3
5976	10623	10626	3
6282	6683	9734	3
8273	9266	10499	3
2057	9092	9093	3
3661	9633	9805	3
5111	5113	9954	3
2157	2466	9694	3
7545	7546	7547	3
5533	5854	9900	3
8632	9935	10067	3
4721	5195	6827	3
4312	4314	10092	3
5916	5918	10809	3
779	9319	9463	3
4321	8384	9904	3
2630	3307	9893	3
5073	6056	9639	3
6567	9531	10077	3
2390	2391	10289	3
3913	4283	4302	3
3734	4822	9699	3
3987	3988	9462	3
3989	5768	9388	3
2100	6567	9531	3
2155	2157	9694	3
2700	2897	9006	3
2722	4536	9579	3
4322	5251	5252	3
2882	7930	9895	3
2691	2918	9249	3
4155	4672	10205	3
5742	5744	9613	3
9455	10332	10564	3
3180	3786	10170	3
3191	4450	9895	3
6493	9060	10050	3
1947	1981	9531	3
5252	5253	5254	3
3203	3966	9879	3
9194	9385	10186	3
5693	9686	9870	3
1367	1467	9449	3
7478	10278	10379	3
1533	1535	10241	3
5876	6523	10137	3
3887	4194	9568	3
8681	8682	9788	3
5744	5747	9613	3
8140	8938	10444	3
1089	9111	10269	3
2283	2287	10051	3
8140	9853	10444	3
8139	8544	10507	3
8228	8921	8922	3
1527	1529	9409	3
4620	8632	10067	3
5113	5810	9954	3
3941	4322	9599	3
2838	8497	9625	3
2818	9943	10300	3
895	3706	9683	3
3966	4338	9879	3
5187	5189	10036	3
2245	2368	10187	3
4302	4721	10021	3
1459	3737	9884	3
5581	6253	9940	3
3913	4303	10029	3
5822	6828	10041	3
8815	8816	9987	3
9531	9697	10077	3
1776	2573	9972	3
6368	6369	10177	3
1467	1742	9449	3
1604	9041	9731	3
4046	4991	9650	3
7979	7980	9192	3
9185	10663	10671	3
892	895	9683	3
4536	9579	9580	3
8038	9240	10284	3
151	152	513	3
6827	6886	6938	3
5581	7918	9940	3
3281	3989	9388	3
1551	1553	9629	3
5822	5824	6828	3
4322	5253	9599	3
1434	1436	10120	3
2687	2693	9928	3
1948	2014	9634	3
1675	1678	9801	3
2154	3601	8935	3
2575	2688	9669	3
6253	6919	9940	3
6370	6372	10183	3
2281	2283	10051	3
3548	3549	9650	3
8571	8955	9987	3
5905	8544	10402	3
5976	5978	10623	3
2837	2838	9625	3
7669	9394	9395	3
5045	6002	10087	3
6649	6656	10329	3
4447	8405	10597	3
3661	9798	9907	3
5941	5943	10607	3
3701	8776	10164	3
2853	2855	8957	3
5189	6826	10036	3
3438	9599	9943	3
4963	4964	9950	3
1675	1677	9801	3
3183	3743	10029	3
6374	6375	10287	3
4302	4303	4721	3
5740	5742	9805	3
5158	9792	10493	3
8579	8582	10022	3
2690	2692	9781	3
1555	9058	10103	3
1530	5681	9409	3
4312	5250	10092	3
3601	8039	8935	3
2016	9385	10186	3
6483	9406	10064	3
1459	1466	9884	3
9153	9499	10051	3
9413	9693	10183	3
4886	4888	10330	3
6505	9327	10043	3
1521	3463	9827	3
1943	2016	10186	3
3580	9748	10268	3
2688	4060	9669	3
1544	1546	9456	3
4747	5867	9925	3
5111	5395	9954	3
2537	2800	9404	3
5739	9669	10212	3
5890	7373	10306	3
1561	1562	9920	3
5978	10609	10623	3
106	107	499	3
1506	1727	8777	3
1730	1950	9708	3
6648	6649	10329	3
6663	8791	10499	3
9600	9925	10231	3
5495	6795	9906	3
2281	9499	10051	3
4269	10320	10371	3
5818	9879	10105	3
7478	10278	10540	3
6372	6374	10011	3
4585	5158	10436	3
4822	5007	9878	3
8723	9354	9870	3
3890	3891	9732	3
2373	2722	9579	3
4481	4483	9925	3
2213	10179	10261	3
4313	4315	10396	3
3913	4302	4303	3
3686	10572	10589	3
6372	10011	10183	3
5740	9633	9805	3
3701	9948	10164	3
1506	1722	8777	3
7617	7621	10375	3
3463	9059	9827	3
2857	8958	10489	3
6634	9905	10205	3
6369	6378	10177	3
9331	9686	9870	3
2821	8714	10857	3
5739	9667	9956	3
2242	2370	9894	3
4303	5821	10029	3
5975	5976	10626	3
2115	2206	10179	3
2244	9894	10320	3
4576	4701	9891	3
7712	7713	10563	3
3887	3889	9568	3
4058	4059	9268	3
4672	10205	10331	3
6567	9706	10187	3
6313	9950	9951	3
5105	6466	9718	3
5889	8158	10306	3
4721	6886	10021	3
4062	4995	10323	3
2816	2886	10300	3
5818	5820	10105	3
6581	7637	10420	3
7713	10505	10563	3
8163	9167	10422	3
1466	1733	9884	3
1274	10966	10991	3
3894	4153	9732	3
2690	4060	9781	3
2882	3191	9895	3
6079	11067	11100	3
1061	1070	10346	3
1981	2100	9531	3
5773	5775	9948	3
9093	10298	10354	3
4483	4747	9925	3
5195	6827	10041	3
2821	10857	10866	3
1551	1556	9629	3
7713	8938	10505	3
2803	9475	10193	3
5867	9925	10231	3
1518	2398	9266	3
1108	1182	10143	3
5309	9951	10095	3
6506	7452	10274	3
9956	10212	10298	3
1520	2398	10199	3
2701	9601	10217	3
1556	4062	9629	3
1527	1530	9409	3
4598	4600	10080	3
1558	1560	10016	3
941	4813	10315	3
8723	9331	9870	3
1457	1461	9092	3
4060	9669	10212	3
5823	5941	10604	3
6466	9307	9718	3
3549	4046	9650	3
8489	8490	10416	3
6386	8236	10470	3
3447	10388	10400	3
6568	7477	10464	3
5768	9388	9389	3
5777	5935	9833	3
3813	3814	9903	3
2213	2247	10261	3
4908	6438	10094	3
932	8311	10353	3
1457	2057	9092	3
9461	10362	10398	3
3631	10974	11033	3
2846	2848	9547	3
3895	3897	10157	3
4510	9249	10987	3
7545	7547	7549	3
3721	9422	10128	3
6370	9693	10183	3
8283	8284	10268	3
4060	9518	10212	3
8487	10605	10640	3
5117	7577	10082	3
1436	1445	10120	3
5309	6314	10095	3
3459	8148	10601	3
3179	9761	10333	3
5892	7373	10570	3
1516	1518	9266	3
4892	5313	9880	3
5811	7617	10375	3
2858	2862	9551	3
5739	9956	10212	3
1942	1943	10186	3
2370	9893	9894	3
5492	7573	10732	3
4907	8284	10094	3
2855	2858	9551	3
8283	10268	10419	3
5187	6832	10036	3
3835	4269	10320	3
8322	10011	10046	3
9354	9870	10110	3
3902	3906	10136	3
2112	6567	10187	3
8776	9929	10164	3
922	3706	10188	3
3899	3901	9905	3
4531	9402	10650	3
1463	1465	10527	3
5855	9014	10263	3
1520	1522	10199	3
6375	6377	10301	3
6151	9487	10480	3
5868	8790	10023	3
8791	9266	10499	3
2083	8857	11019	3
7514	9963	10270	3
5775	5857	9948	3
6919	6920	10333	3
2886	10300	10349	3
4892	5004	9880	3
1560	1563	10016	3
5693	9870	10110	3
5600	7985	10231	3
7575	10851	10883	3
4550	9697	10077	3
1167	1169	10367	3
7576	7673	10918	3
4598	5688	10080	3
5021	10454	10474	3
7575	7576	10883	3
6636	9943	10300	3
2845	2847	10358	3
942	946	10315	3
8211	9950	9951	3
5004	9022	10369	3
5689	8250	10154	3
7595	10396	10469	3
2115	2213	10179	3
6657	8968	10474	3
3814	4999	9903	3
9194	10186	10341	3
3899	3907	9905	3
5777	5857	9833	3
4059	4538	9268	3
1089	5855	10269	3
2825	10464	10527	3
9422	9423	10128	3
2886	7864	10349	3
2848	2890	9547	3
1774	9972	10112	3
8544	10402	10507	3
5693	8211	10110	3
1515	1555	10519	3
5466	7864	10592	3
6569	7328	10464	3
7514	7516	10270	3
4907	4908	10094	3
6005	6166	10757	3
5434	5439	10332	3
1188	9458	10367	3
4886	6368	10330	3
2275	2277	10302	3
4672	6117	10331	3
5004	9880	10369	3
8958	9954	10489	3
8931	9894	10320	3
1130	1153	9864	3
3179	3180	10170	3
2701	2898	10217	3
5763	9185	10671	3
8492	8493	10284	3
5903	6667	10421	3
5919	5990	10182	3
946	9423	10403	3
5689	8559	10154	3
5548	8517	10569	3
5868	7526	10023	3
2803	8405	10554	3
3891	3894	9732	3
8456	10370	10430	3
9384	9458	10367	3
5769	7163	10475	3
5919	7920	10182	3
6634	10205	10331	3
1153	4535	9864	3
3630	9014	10263	3
1128	5931	10438	3
6736	10805	10813	3
5990	6824	10182	3
5601	8451	10452	3
2930	10234	10452	3
6125	10997	11008	3
4447	8335	10277	3
1514	6367	10519	3
2536	2930	10391	3
8972	10402	10430	3
801	807	10443	3
1218	9033	9475	3
6488	7743	10020	3
2816	2818	10300	3
3893	3954	10075	3
1169	9553	10438	3
6588	9601	10217	3
5439	7412	10332	3
932	10020	10568	3
9518	10212	10298	3
5978	9101	10609	3
3907	4155	10205	3
8931	10320	10371	3
6506	7560	10274	3
9384	10367	10422	3
5889	5890	10306	3
6438	10094	10460	3
4998	6581	10420	3
2112	2245	10187	3
1451	1455	9854	3
6466	9308	9936	3
9221	9498	10227	3
2005	2124	10278	3
8763	10523	10573	3
3907	9905	10205	3
6001	6002	10690	3
9033	9034	9475	3
8237	8240	10470	3
9022	10353	10568	3
5902	6690	10378	3
6657	10474	10480	3
6571	10408	10473	3
2391	2394	10289	3
5810	9954	10489	3
9402	10650	10687	3
3447	8311	10388	3
6001	8916	10674	3
6523	10136	10137	3
5678	7922	10075	3
6919	9761	10333	3
9732	11111	11143	3
2277	8656	10287	3
5694	9518	10298	3
9553	10438	10529	3
2057	8763	10523	3
9230	10362	10400	3
5857	9948	10164	3
5107	6466	9936	3
5024	5694	10354	3
6634	6635	10331	3
6660	10388	10400	3
8778	11156	11162	3
5600	9600	10231	3
1942	10186	10341	3
5528	10282	10567	3
6648	10301	10302	3
954	4513	10271	3
5778	6012	10385	3
6920	7984	10333	3
7325	10632	10699	3
5158	10436	10493	3
9562	10703	10715	3
5254	6840	10299	3
4463	10831	10858	3
5817	9343	10323	3
8916	9185	10663	3
2124	2126	10540	3
5763	9101	10657	3
8857	11019	11044	3
5748	6571	10408	3
2898	3743	10217	3
1151	1169	10438	3
8405	10554	10597	3
9463	10709	10791	3
4269	6639	10371	3
1455	3737	9854	3
1942	9198	10341	3
5854	5888	10340	3
5254	5882	10248	3
6582	9706	10303	3
2368	8964	10303	3
5601	10450	10452	3
5747	10386	10408	3
6656	10234	10391	3
9521	10701	10762	3
2390	10289	10329	3
5432	5434	10332	3
6661	10362	10400	3
8916	10663	10674	3
6636	10300	10349	3
9929	10164	10343	3
7432	7434	10403	3
5937	6588	10525	3
2153	4578	9920	3
7576	10883	10918	3
2244	3835	10320	3
6002	10690	10703	3
3361	10569	10573	3
5578	8243	10529	3
7456	9069	11000	3
6656	10289	10329	3
3280	6387	10983	3
1561	2153	9920	3
5611	8964	10469	3
2822	8967	11039	3
9101	10609	10657	3
6656	10289	10391	3
5882	6636	10349	3
9034	9929	10343	3
2394	10289	10391	3
5817	9629	10323	3
7652	10999	11016	3
4476	9461	10398	3
2397	8837	10370	3
3954	5678	10075	3
1867	10278	10379	3
9229	9461	10362	3
3473	8972	10402	3
2847	3351	10358	3
6667	10421	10454	3
7860	7862	10726	3
2325	7120	10691	3
3447	9230	10400	3
6688	7223	10530	3
3586	9479	10384	3
5887	8931	10371	3
6151	10480	10558	3
5854	10068	10340	3
941	942	10315	3
4890	5313	10377	3
6712	10586	10750	3
6571	7478	10473	3
1167	1188	10367	3
1061	2002	10346	3
6653	10234	10452	3
8595	11051	11063	3
2341	9402	10687	3
5024	5908	10354	3
6374	10011	10046	3
4995	4996	10456	3
8288	9907	10386	3
9034	9475	10193	3
6151	6152	10558	3
2822	8555	11031	3
6001	10674	10690	3
5937	10525	10604	3
9613	9907	10386	3
3665	9451	10586	3
6501	10068	10340	3
9229	9230	10362	3
6660	6661	10400	3
5778	5779	10385	3
4998	4999	10420	3
7373	10271	10570	3
4888	4890	10377	3
5888	10340	10401	3
5811	7363	10375	3
9093	9956	10298	3
5886	8283	10419	3
3586	9556	10384	3
5747	5748	10408	3
5767	10873	10938	3
9375	10727	10750	3
5254	10248	10299	3
8938	10444	10505	3
8287	10408	10473	3
6667	10454	10474	3
2394	2536	10391	3
3686	9309	10572	3
7714	10619	10644	3
5857	10164	10343	3
6693	10694	10764	3
3548	9650	10444	3
2250	9061	10241	3
4313	5611	10396	3
5902	9343	10378	3
6334	6395	10624	3
5888	7683	10401	3
6639	10371	10436	3
6662	9022	10353	3
1533	2250	10241	3
2341	10687	10727	3
2057	9093	10523	3
5903	5909	10421	3
1676	1679	10632	3
6653	7455	10450	3
5941	10604	10607	3
4906	7742	10799	3
2397	8972	10430	3
4476	10398	10499	3
801	2219	10443	3
4991	9650	10505	3
8595	8596	11051	3
8163	9384	10422	3
6375	10287	10301	3
2930	8451	10452	3
5526	5528	10282	3
6568	6569	10464	3
3906	10136	10137	3
6660	6662	10388	3
8243	10572	10589	3
5747	9613	10386	3
7436	8460	10425	3
5526	8504	10282	3
6335	11063	11072	3
8489	8967	10416	3
3473	10402	10507	3
4513	10271	10570	3
2219	8491	11059	3
5810	7363	10489	3
6438	7402	10460	3
1540	8226	10425	3
4585	5887	10436	3
9649	10646	10667	3
3328	7826	10764	3
5059	7167	10691	3
4062	9629	10323	3
4991	10505	10563	3
2277	10301	10302	3
6488	10020	10568	3
5857	9833	10343	3
6651	6656	10234	3
6651	6653	10234	3
1128	1151	10438	3
5763	10657	10671	3
1540	8460	10425	3
4995	10378	10456	3
2633	2889	10646	3
2277	10287	10301	3
5867	6517	10451	3
8236	8237	10470	3
4996	5317	10456	3
4826	8705	10628	3
6690	10378	10456	3
4819	7805	10475	3
5548	10605	10640	3
6639	6804	10493	3
1514	1515	10519	3
6690	10456	10580	3
2341	9375	10727	3
7478	10473	10540	3
5317	6340	10486	3
5021	9487	10480	3
5317	10456	10580	3
7714	9891	10619	3
4531	9500	10610	3
6291	9380	10861	3
7328	7929	10557	3
7985	10231	10451	3
3361	8763	10573	3
1437	1439	10640	3
6667	8968	10474	3
5021	10474	10480	3
6653	10450	10452	3
4819	5769	10475	3
8311	10353	10388	3
6657	10480	10558	3
2395	8287	10473	3
5887	10371	10436	3
5935	9833	10554	3
7896	10569	10573	3
6639	10436	10493	3
2523	2642	10665	3
4476	8273	10499	3
5490	5493	10741	3
6582	7595	10469	3
5220	6281	10619	3
3473	9853	10507	3
2397	10370	10430	3
5051	10692	10903	3
5908	10523	10573	3
7138	9273	10532	3
5867	10231	10451	3
2822	11031	11039	3
1463	10527	10557	3
7038	9380	10777	3
4088	4452	10664	3
6688	6689	10530	3
5015	9649	10646	3
5995	6712	10699	3
1465	2825	10527	3
9119	9562	10703	3
9863	10525	10604	3
5970	7896	10605	3
6166	10757	10828	3
6488	10369	10568	3
2632	5015	10646	3
5051	9621	10692	3
8077	8714	10801	3
4701	9891	10619	3
5970	8487	10605	3
9833	10193	10554	3
5055	9319	10709	3
5578	9553	10529	3
5528	7987	10567	3
2126	2395	10540	3
9650	10444	10505	3
2844	3729	10712	3
6662	10353	10388	3
722	2868	10723	3
2395	10473	10540	3
5532	7052	10787	3
5686	9375	10750	3
5886	10370	10419	3
5007	6693	10694	3
3743	9863	10525	3
4991	9891	10563	3
9093	10354	10523	3
5572	8915	11117	3
5971	5973	10667	3
4936	6657	10558	3
5931	9309	10572	3
6582	10303	10469	3
6014	9448	10694	3
6588	10217	10525	3
726	2868	10745	3
8243	10529	10572	3
8837	10370	10419	3
5985	8243	10589	3
6048	6754	10910	3
6694	7217	10767	3
6682	9521	10701	3
7742	9634	10827	3
2842	2889	10712	3
2889	9740	10712	3
8964	10303	10469	3
3361	8517	10569	3
4513	10227	10570	3
3743	10217	10525	3
2243	2371	10799	3
5686	9451	10586	3
5975	10227	10626	3
6739	8654	11273	3
3328	10767	10768	3
5882	10349	10592	3
733	953	10751	3
7864	10349	10592	3
9479	10384	10726	3
9498	10227	10626	3
9334	10589	10610	3
5996	9529	10692	3
6014	9878	10694	3
2813	4906	10799	3
5908	7896	10573	3
5935	10554	10597	3
9740	10712	10747	3
3686	9334	10589	3
5989	5991	10880	3
9423	10403	10561	3
5985	10589	10610	3
6160	8640	11317	3
2249	8769	10820	3
1429	1431	10768	3
5548	10569	10605	3
7862	10384	10726	3
2642	10701	10762	3
5914	5916	10781	3
953	10751	11040	3
6109	11097	11144	3
2014	9634	10827	3
6745	7886	10867	3
8698	8701	10825	3
5935	6012	10597	3
5015	5937	10607	3
7328	10527	10557	3
2864	2887	10746	3
6160	11316	11317	3
2859	8854	10842	3
5572	8148	10601	3
7718	9570	10564	3
5823	9863	10604	3
3559	10623	10626	3
5908	10354	10523	3
6565	9825	10742	3
7718	9455	10564	3
6334	7117	10624	3
8242	8948	11014	3
763	8960	10609	3
9334	9500	10610	3
9022	10369	10568	3
6003	6005	10747	3
2803	10193	10554	3
763	10609	10657	3
2107	2243	10827	3
2201	2695	10864	3
800	8097	10869	3
5400	6745	10867	3
3665	10586	10699	3
7434	10403	10561	3
2807	3782	10837	3
4826	8427	10628	3
5931	10529	10572	3
5492	10732	11130	3
3559	8960	10623	3
4463	4925	10831	3
1071	8560	10834	3
1676	3665	10632	3
6002	10703	10715	3
6736	7668	10805	3
6800	10864	11393	3
6746	9032	11277	3
8960	10609	10623	3
5055	10805	10813	3
3559	9498	10626	3
7847	10709	10791	3
5054	6744	10813	3
9140	10663	10671	3
3654	9026	10851	3
2465	9463	10791	3
804	3683	10884	3
795	800	10869	3
4701	5220	10619	3
2854	2888	10908	3
2708	7714	10644	3
7654	7674	10958	3
6281	6681	10644	3
2102	11325	11326	3
6712	10586	10699	3
5761	8641	11321	3
6160	8640	11320	3
1056	1071	10834	3
5937	10604	10607	3
9448	10694	10764	3
5984	5985	10650	3
7896	10569	10605	3
5882	10248	10592	3
6168	11360	11366	3
7577	9026	10851	3
2632	2633	10646	3
2856	2888	10842	3
5767	9339	10873	3
5317	10486	10580	3
6746	9032	11276	3
1899	9140	10663	3
2465	9562	10715	3
3328	10764	10767	3
763	9139	10657	3
1439	5548	10640	3
6703	10884	10910	3
6635	7289	11192	3
9662	11203	11324	3
4088	4090	10664	3
4939	11321	11371	3
3737	7766	10844	3
6082	6083	10937	3
5984	10650	10687	3
1899	10663	10674	3
3629	7197	11332	3
2523	2708	10665	3
4531	10610	10650	3
2325	5059	10691	3
1899	9106	10674	3
6447	7573	10732	3
9139	9140	10671	3
6744	10831	10858	3
5879	11180	11185	3
4169	7231	11288	3
5971	9649	10667	3
6386	10470	11059	3
6681	10644	10665	3
2708	10644	10665	3
4524	9106	10690	3
7668	7847	10805	3
5879	7167	11180	3
2285	2287	10928	3
2251	8192	10965	3
5984	6027	10687	3
2642	10665	10701	3
4454	6396	10945	3
9106	10674	10690	3
5879	6447	11185	3
2288	3760	10928	3
9529	9621	10692	3
4456	8427	10945	3
1430	2251	10965	3
2850	2890	10927	3
6027	10687	10727	3
8596	10188	10979	3
5995	7325	10699	3
2842	2844	10712	3
4524	9119	10703	3
3343	8033	11114	3
7872	10692	10903	3
7871	7872	10903	3
4524	10690	10703	3
6027	8821	10727	3
6681	6682	10701	3
3055	11000	11005	3
9139	10657	10671	3
1949	7871	10933	3
9319	9463	10709	3
6368	10330	10983	3
8821	10727	10750	3
6378	10177	10987	3
1432	2251	10961	3
7675	10958	10961	3
1434	10120	10961	3
1949	9634	10943	3
3631	8856	10974	3
7640	9355	11206	3
5007	9878	10694	3
719	722	10723	3
5330	11133	11202	3
7640	11206	11215	3
6002	10087	10715	3
1216	1274	10966	3
6754	10873	10938	3
3737	9854	10844	3
729	10745	10751	3
7675	10120	10961	3
4485	9479	10726	3
5490	5492	10741	3
5087	9186	11044	3
3729	9547	10757	3
726	729	10745	3
2022	9825	10742	3
7871	10903	10933	3
729	733	10751	3
6711	9521	10762	3
961	2083	11020	3
6138	6139	11257	3
1949	10933	10943	3
5985	10610	10650	3
4510	10177	10987	3
3783	10837	10858	3
8302	9153	11032	3
7683	8868	10861	3
1341	3708	10991	3
2465	10715	10791	3
2642	8357	10762	3
6138	6163	11238	3
8193	10966	10991	3
965	1293	10988	3
2129	2574	11000	3
6652	7456	11005	3
6139	11257	11258	3
7156	11188	11365	3
6387	10330	10983	3
6693	6694	10767	3
6712	8821	10750	3
8491	10470	11059	3
2864	2866	10746	3
6125	7995	10997	3
5119	6090	11100	3
7038	7154	10777	3
6156	11196	11203	3
8381	10751	11040	3
5498	5532	10787	3
2172	11040	11045	3
5914	6390	10781	3
1293	10997	11008	3
7652	7653	10999	3
6003	9740	10747	3
1431	3328	10768	3
8242	10974	11033	3
7826	9448	10764	3
3708	10999	11016	3
6138	11238	11257	3
2097	11177	11290	3
2890	10927	11292	3
7641	8406	11225	3
6077	11114	11179	3
6019	6168	11360	3
6689	10530	10756	3
7640	7641	11215	3
6005	10747	10757	3
6711	10762	10801	3
6379	8159	11034	3
3890	9732	11111	3
6379	6380	11034	3
8714	10801	10857	3
1054	2172	11040	3
9041	11258	11264	3
8077	8357	10801	3
2371	2813	10799	3
5916	10781	10809	3
3344	8416	11141	3
6745	10837	10858	3
8700	8769	10820	3
8555	9247	11027	3
8700	10820	10825	3
737	2162	11365	3
6291	10401	10861	3
7683	10401	10861	3
5054	5055	10813	3
8779	9117	11179	3
6738	9483	11067	3
4248	6738	11067	3
5055	10709	10805	3
6681	10665	10701	3
10087	10715	10791	3
3813	9903	11119	3
3783	4463	10858	3
2249	8416	11149	3
8857	11014	11044	3
6079	9696	11067	3
8357	10762	10801	3
7641	11215	11225	3
5085	7455	11090	3
1454	1458	11127	3
7847	10087	10791	3
5076	6335	11063	3
8416	11141	11149	3
8698	8700	10825	3
5135	9578	11330	3
9026	9854	10844	3
6744	10813	10831	3
2807	3783	10837	3
2014	2107	10827	3
9483	11067	11100	3
6046	6119	11130	3
4925	6736	10831	3
2856	2859	10842	3
5576	9593	11150	3
5098	6109	11097	3
5135	8652	11341	3
1056	3721	10834	3
9547	10757	10828	3
6800	11390	11393	3
7847	10709	10805	3
9153	10051	11032	3
3654	9457	10851	3
5135	11330	11341	3
2890	9547	10828	3
6744	6745	10858	3
6710	10857	10866	3
6710	7223	10866	3
6754	10873	10910	3
6064	10867	10868	3
6155	8696	11177	3
6064	9368	10868	3
7765	8778	11156	3
6710	6711	10857	3
8595	11063	11072	3
9457	10851	10883	3
8652	11341	11349	3
2651	8915	11072	3
5400	6064	10867	3
2101	2201	10864	3
8652	8653	11349	3
795	797	10869	3
3683	9339	10873	3
5989	6415	10880	3
6048	6703	10910	3
6693	10764	10767	3
4645	6077	11162	3
1445	9457	10883	3
8653	11349	11353	3
3729	10747	10757	3
2695	10864	11369	3
797	804	10884	3
4381	6635	11192	3
6090	11111	11143	3
6117	8813	11198	3
5576	11156	11162	3
797	10869	10884	3
4671	5330	11133	3
6754	9944	10938	3
9944	10938	10947	3
2852	2854	10908	3
5684	11265	11358	3
5051	9783	10903	3
6112	11127	11202	3
1445	10883	10918	3
6114	10947	10949	3
6803	8572	11397	3
2695	8572	11395	3
1138	11148	11160	3
9783	10903	10933	3
9242	9662	11203	3
7455	10450	11090	3
6804	11398	11400	3
2285	2288	10928	3
2850	2852	10927	3
6056	6114	10949	3
8572	11395	11397	3
2852	10908	10927	3
6803	11397	11398	3
4999	9355	11144	3
2052	10947	10949	3
9641	10938	10947	3
6114	9944	10947	3
6056	9639	10967	3
9903	11097	11144	3
6082	7251	10937	3
1445	10120	10918	3
2052	9641	10947	3
7271	9783	10933	3
4454	4456	10945	3
2052	9683	10949	3
5767	9641	10938	3
7271	7273	10943	3
9639	10967	10979	3
7271	10933	10943	3
8242	10974	11014	3
6119	10732	11130	3
6019	6436	11292	3
8241	11027	11033	3
6736	10813	10831	3
4090	10664	11180	3
4509	4648	11265	3
6056	10949	10967	3
6908	11413	11417	3
7674	7675	10958	3
6711	10801	10857	3
9769	11353	11358	3
7167	10664	11180	3
3708	10991	10999	3
1432	1434	10961	3
2695	11369	11395	3
1217	1430	10965	3
5496	6795	11196	3
8241	8242	11033	3
9041	9731	11258	3
4677	8654	11273	3
1216	1217	10966	3
8033	11133	11202	3
7995	7997	10997	3
9683	10949	10967	3
6117	10331	11198	3
3706	9683	10967	3
8856	8857	10974	3
976	9032	11277	3
8596	10979	11051	3
3832	4169	11288	3
2083	11019	11020	3
6368	10177	10983	3
6378	8682	10987	3
1217	10965	10966	3
5087	8948	11014	3
9232	11008	11013	3
6436	10927	11292	3
5408	6746	11276	3
1293	9232	11008	3
3801	9429	11018	3
8555	11027	11031	3
963	965	10988	3
6650	6652	11005	3
6061	11008	11013	3
9903	11097	11119	3
6068	7652	11016	3
1274	1341	10991	3
1293	10988	10997	3
2574	3055	11000	3
3801	9232	11013	3
3706	10967	10979	3
8640	8695	11317	3
9248	11027	11033	3
3708	9449	11016	3
6068	8080	11035	3
3582	8891	11317	3
7653	8193	10999	3
1138	9429	11148	3
6061	7986	11013	3
7997	10988	11020	3
8581	10022	11342	3
6650	11005	11034	3
3706	10188	10979	3
7996	7997	11019	3
6061	6125	11008	3
7974	11148	11160	3
963	10988	11020	3
6167	7197	11325	3
5761	9685	11321	3
3690	9578	11324	3
961	963	11020	3
6068	11016	11035	3
6087	8080	11120	3
3801	11013	11018	3
6910	11366	11370	3
4001	4939	11321	3
4935	6160	11320	3
8239	8241	11031	3
9247	9248	11027	3
8381	11040	11045	3
956	958	11326	3
6087	11119	11120	3
9449	11016	11035	3
2287	10051	11032	3
8581	9528	11342	3
7332	11127	11202	3
1742	9449	11035	3
7986	7987	11018	3
6312	7197	11332	3
6738	10450	11090	3
5075	11051	11063	3
2022	10742	11238	3
3631	9248	11033	3
8915	11072	11117	3
953	1054	11040	3
6380	6650	11034	3
4671	6077	11133	3
6748	11143	11150	3
7968	11136	11154	3
7996	11019	11044	3
5819	7156	11188	3
7986	11013	11018	3
6163	10742	11238	3
7996	9186	11044	3
5075	9639	11051	3
6795	11177	11290	3
8239	8240	11039	3
6156	11203	11324	3
8080	11035	11120	3
6386	7169	11059	3
4248	9696	11067	3
6090	6748	11143	3
3683	10873	10910	3
1742	11035	11120	3
5075	5076	11063	3
4936	10558	11316	3
7968	7970	11154	3
8239	11031	11039	3
7966	7968	11136	3
6090	11100	11111	3
2651	8595	11072	3
7860	11301	11387	3
3890	6079	11111	3
9792	11401	11406	3
6335	6395	11117	3
5098	6087	11097	3
3343	9117	11114	3
5119	9483	11100	3
6112	8033	11202	3
1742	9512	11120	3
8033	11114	11133	3
3813	9512	11119	3
7970	7972	11152	3
9512	11119	11120	3
4153	11143	11150	3
6046	7140	11130	3
5576	11150	11156	3
7972	7974	11160	3
1454	6112	11127	3
7974	7987	11148	3
7970	11152	11154	3
7972	11152	11160	3
8851	11136	11154	3
1677	9769	11353	3
4153	9593	11150	3
4153	9732	11143	3
3689	9041	11264	3
4999	9903	11144	3
3805	9510	11152	3
3689	11264	11270	3
3689	9436	11270	3
4645	5576	11162	3
6748	7765	11156	3
3805	8851	11154	3
9429	11018	11148	3
9510	11152	11160	3
3805	11152	11154	3
1138	9510	11160	3
7860	10726	11301	3
2097	9436	11290	3
6741	6800	11369	3
9355	11144	11206	3
9639	10979	11051	3
8641	11321	11371	3
6077	11162	11179	3
6006	6910	11366	3
9408	11180	11185	3
8193	10991	10999	3
4090	9408	11180	3
2097	8696	11177	3
7987	11018	11148	3
6139	11258	11264	3
6119	9408	11185	3
7997	10988	10997	3
8778	8779	11179	3
9436	11270	11290	3
8654	11265	11358	3
5280	7105	11186	3
5280	11186	11192	3
4381	5280	11192	3
2232	7858	11387	3
8241	11027	11031	3
6155	11177	11196	3
5496	9242	11203	3
5819	5820	11188	3
7997	11019	11020	3
8367	11206	11215	3
6109	8367	11206	3
8857	10974	11014	3
6335	11072	11117	3
6742	6800	11390	3
2866	8367	11215	3
5330	7332	11202	3
2099	2101	11393	3
6635	10331	11198	3
9578	11324	11330	3
5144	6804	11398	3
6087	11097	11119	3
2866	11215	11225	3
6795	11177	11196	3
7232	11301	11387	3
2635	3178	11400	3
6077	11114	11133	3
2022	9010	11238	3
2102	11325	11373	3
9010	11238	11257	3
6800	10864	11369	3
6079	11100	11111	3
3656	9731	11258	3
3656	9010	11257	3
3656	11257	11258	3
5684	9769	11358	3
9792	10493	11401	3
6139	6172	11264	3
4509	5684	11265	3
6109	11144	11206	3
6172	11264	11270	3
4309	6179	11409	3
5248	6908	11413	3
6748	11150	11156	3
6150	11276	11284	3
6172	9906	11270	3
4169	4677	11273	3
976	978	11277	3
5408	6150	11276	3
6150	6152	11284	3
5820	11188	11342	3
3832	4485	11288	3
4485	11288	11301	3
2866	10746	11225	3
8653	11353	11358	3
6795	9906	11290	3
9906	11270	11290	3
5496	11196	11203	3
4936	6160	11316	3
8778	11162	11179	3
3582	8695	11317	3
4935	5761	11320	3
8639	8641	11371	3
4001	9685	11321	3
8639	9353	11373	3
3690	9662	11324	3
6167	8807	11325	3
958	2102	11326	3
8639	11371	11373	3
6154	6156	11330	3
6312	7198	11332	3
6019	11292	11360	3
2232	11390	11393	3
6154	11330	11341	3
6153	6154	11341	3
4485	10726	11301	3
6153	11341	11349	3
2890	10828	11292	3
5820	10022	11342	3
6153	9546	11349	3
9546	11349	11353	3
1677	9546	11353	3
6168	11366	11370	3
6166	11360	11366	3
2232	11387	11390	3
6803	11398	11400	3
8653	8654	11358	3
3178	11400	11401	3
3178	11401	11406	3
6156	11324	11330	3
6006	6166	11366	3
6179	11413	11417	3
6178	9792	11406	3
6178	11406	11409	3
7156	10479	11365	3
6741	8025	11369	3
4939	8807	11371	3
6168	6940	11370	3
6179	11409	11413	3
8807	11371	11373	3
6166	10828	11360	3
8025	11369	11395	3
7858	7860	11387	3
6742	7232	11390	3
2099	2232	11393	3
8025	8566	11395	3
5612	8566	11397	3
8566	11395	11397	3
10828	11292	11360	3
5612	11397	11398	3
5144	5612	11398	3
2635	6803	11400	3
6804	10493	11401	3
3178	9571	11406	3
9571	11406	11409	3
4309	9571	11409	3
5248	6178	11413	3
6179	6943	11417	3
7232	11387	11390	3
8807	11325	11373	3
6804	11400	11401	3
6178	11409	11413	3
116	117	11555	3
116	517	11555	3
135	7583	11692	3
7735	11631	11832	3
149	150	11568	3
4732	5685	11571	3
5226	6962	11571	3
6930	6932	11581	3
415	7583	11652	3
6924	9222	11655	3
3886	4192	11580	3
6922	6930	11581	3
4192	7984	11581	3
475	7533	11654	3
8534	11612	11827	3
564	9421	11648	3
150	11568	11633	3
149	463	11568	3
547	9181	11589	3
558	9303	11644	3
4732	5226	11571	3
5677	8197	11593	3
7536	7541	11607	3
5685	11571	11810	3
6689	8534	11612	3
475	7537	11796	3
6252	6929	11618	3
7544	7546	11619	3
487	6931	11595	3
6929	9540	11621	3
7453	7454	11599	3
6902	11568	11633	3
106	499	11628	3
7530	7538	11619	3
7541	7542	11631	3
151	513	11633	3
7546	11619	11829	3
6507	7453	11638	3
104	105	11578	3
117	11555	11645	3
5875	6273	11644	3
118	437	11645	3
6897	11555	11645	3
6279	6896	11648	3
6880	7583	11652	3
6879	8145	11652	3
111	543	11654	3
110	475	11654	3
128	9222	11655	3
127	487	11655	3
465	9146	11638	3
6883	10299	11663	3
5251	5252	11662	3
5246	9799	11664	3
76	77	11668	3
82	83	11667	3
79	80	11670	3
98	99	11671	3
6886	7549	11672	3
7920	10182	11673	3
7564	9328	11674	3
5250	9615	11676	3
6832	10036	11675	3
512	7337	11684	3
5244	5245	11681	3
134	485	11692	3
122	558	11695	3
123	431	11695	3
6917	6918	11696	3
6901	9734	11706	3
7735	8833	11708	3
7053	11606	11831	3
8021	8022	11603	3
9181	11571	11810	3
3886	4194	11580	3
513	11612	11827	3
6922	7984	11581	3
6907	9904	11772	3
63	412	11773	3
84	436	11775	3
81	482	11776	3
78	428	11777	3
540	8404	11778	3
100	494	11780	3
452	7338	11789	3
6827	6938	11781	3
6825	7921	11785	3
6826	7565	11786	3
6885	8734	11787	3
61	511	11792	3
8083	8900	11790	3
124	125	11794	3
448	9008	11631	3
125	126	11595	3
109	475	11796	3
7582	7583	11692	3
465	9180	11813	3
6329	7053	11606	3
2	103	11805	3
2	104	11805	3
6273	6329	11606	3
5677	7900	11808	3
437	11606	11831	3
126	487	11595	3
485	9214	11621	3
7548	11578	11628	3
6896	8021	11603	3
105	11578	11628	3
547	9019	11589	3
552	9199	11618	3
513	7551	11612	3
7454	8145	11599	3
8197	8198	11593	3
4194	11580	11646	3
6931	6934	11595	3
499	11619	11829	3
543	9163	11607	3
545	9116	11599	3
408	9420	11603	3
437	9363	11606	3
7534	7536	11607	3
6962	11571	11813	3
6689	10756	11612	3
6252	6917	11618	3
7530	7544	11619	3
7584	9540	11621	3
108	7538	11796	3
105	106	11628	3
7542	7735	11631	3
150	151	11633	3
6507	6962	11638	3
9181	11571	11813	3
7537	7538	11796	3
7338	11662	11789	3
511	11663	11792	3
8083	11664	11790	3
7921	11667	11785	3
7565	11670	11786	3
6885	11669	11787	3
6938	11671	11781	3
494	11672	11780	3
436	11673	11775	3
482	11674	11776	3
428	11675	11777	3
8404	11676	11778	3
412	11682	11773	3
6907	11684	11772	3
5875	6971	11644	3
117	118	11645	3
4194	7900	11646	3
6279	6892	11648	3
6879	6880	11652	3
110	111	11654	3
127	128	11655	3
6911	8658	11660	3
5252	6840	11662	3
6883	6939	11663	3
6912	9799	11664	3
82	482	11667	3
481	8403	11669	3
76	481	11668	3
79	428	11670	3
481	11668	11669	3
98	470	11671	3
6886	6938	11672	3
7920	7921	11673	3
7564	7565	11674	3
6832	6942	11675	3
6944	9615	11676	3
7337	7338	11684	3
5245	6841	11681	3
6841	6939	11682	3
6841	11681	11682	3
134	135	11692	3
122	123	11695	3
6918	6921	11696	3
6892	9734	11706	3
6895	8833	11708	3
6933	6935	11808	3
6939	11773	11792	3
6912	11755	11790	3
6911	11756	11788	3
6840	11753	11789	3
8403	11730	11787	3
470	11717	11781	3
6944	11731	11778	3
6842	11756	11757	3
6842	6911	11756	3
6842	6907	11757	3
6840	10299	11753	3
8082	8084	11760	3
459	8224	11755	3
8082	8083	11759	3
539	8224	11754	3
8082	11759	11760	3
8224	11754	11755	3
539	8556	11752	3
527	8417	11727	3
420	8556	11732	3
8417	8418	11728	3
8418	11728	11729	3
8403	8404	11730	3
420	8475	11731	3
436	8418	11729	3
527	8164	11726	3
8417	11727	11728	3
539	11752	11754	3
527	11726	11727	3
420	11731	11732	3
494	7552	11716	3
566	7552	11715	3
444	8019	11721	3
444	8164	11725	3
8019	11721	11723	3
528	7945	11719	3
530	8190	11724	3
528	8092	11718	3
530	8019	11723	3
458	7945	11722	3
530	11723	11724	3
458	8190	11720	3
8190	11720	11724	3
470	8092	11717	3
458	11720	11722	3
528	11718	11719	3
7945	11719	11722	3
8092	11717	11718	3
7552	11715	11716	3
444	11721	11725	3
8556	11732	11752	3
8164	11725	11726	3
7547	7548	11715	3
7547	7549	11716	3
7547	11715	11716	3
6828	10041	11717	3
6831	11721	11723	3
6828	9736	11718	3
9736	11718	11719	3
6828	11717	11718	3
6830	8040	11724	3
6830	11720	11724	3
6831	6910	11721	3
6829	9736	11719	3
6830	9644	11720	3
6831	8040	11723	3
8040	11723	11724	3
9644	11720	11722	3
6829	11719	11722	3
6829	9644	11722	3
6910	11721	11725	3
6824	11728	11729	3
6824	9264	11728	3
6940	9264	11727	3
9264	11727	11728	3
6824	10182	11729	3
6940	11726	11727	3
5250	10092	11730	3
6943	6944	11731	3
403	7324	11756	3
7324	11756	11757	3
6943	11731	11732	3
512	7324	11757	3
511	7403	11753	3
6910	11370	11725	3
6838	6908	11754	3
6838	6912	11755	3
6838	11754	11755	3
9712	11759	11760	3
5246	9712	11759	3
5244	9712	11760	3
6940	11370	11726	3
6908	11752	11754	3
11370	11725	11726	3
6943	11417	11732	3
6908	11417	11752	3
11417	11732	11752	3
459	11755	11790	3
10041	11717	11781	3
10092	11730	11787	3
403	11756	11788	3
7403	11753	11789	3
8475	11731	11778	3
5251	9904	11772	3
62	63	11773	3
83	84	11775	3
77	78	11777	3
80	81	11776	3
540	8475	11778	3
99	100	11780	3
62	11773	11792	3
6827	10041	11781	3
6825	9328	11785	3
6826	10036	11786	3
452	7403	11789	3
8734	10092	11787	3
459	8900	11790	3
61	62	11792	3
124	431	11794	3
108	109	11796	3
7735	11708	11832	3
437	11645	11831	3
9181	11589	11810	3
103	566	11805	3
513	11633	11827	3
499	11628	11829	3
7546	7548	11829	3
5685	8324	11810	3
9180	9181	11813	3
6902	8534	11827	3
517	9008	11832	3
6897	7053	11831	3
566	11578	11805	3
104	11578	11805	3
8324	11589	11810	3
6933	11646	11808	3
6911	11660	11788	3
6840	11662	11789	3
6939	11663	11792	3
6912	11664	11790	3
482	11667	11785	3
8403	11669	11787	3
428	11670	11786	3
470	11671	11781	3
6938	11672	11780	3
7921	11673	11775	3
7565	11674	11776	3
6942	11675	11777	3
6944	11676	11778	3
7338	11684	11772	3
6939	11682	11773	3
7548	11628	11829	3
7900	11646	11808	3
6902	11633	11827	3
6897	11645	11831	3
517	11708	11832	3
404	10756	11687	3
705	709	8868	3
2445	7036	7682	3
2445	7682	8867	3
705	8867	8868	3
7571	8543	10946	3
7052	10775	10787	3
3045	8305	10486	3
5068	8756	10825	3
2868	8380	10733	3
2868	10723	10733	3
5680	10486	10580	3
5210	7223	10530	3
5068	8701	10825	3
153	154	404	3
6868	10530	10756	3
7223	10429	10866	3
54	403	7556	3
5346	7571	8543	3
4578	9176	9920	3
3051	7979	8414	3
1562	8458	9920	3
1563	1565	8186	3
2282	3360	8341	3
5658	8369	8370	3
3025	3027	8305	3
1189	1221	8495	3
979	981	8851	3
4522	8338	8339	3
3471	4487	9433	3
4360	4361	4362	3
4385	5902	6690	3
7964	7965	7966	3
2282	2284	3360	3
2284	2285	2286	3
3716	5902	8186	3
2467	2530	2821	3
4360	4362	5346	3
1189	1220	1221	3
5909	9703	9764	3
3471	3974	3975	3
8338	8339	8341	3
1933	1935	9924	3
4579	5408	5712	3
1959	2259	8369	3
1902	4522	8651	3
3026	3027	3028	3
2285	2286	2288	3
1220	1902	8651	3
4361	5242	8658	3
4652	5267	5498	3
1086	1087	1088	3
711	712	715	3
1075	1076	1083	3
8378	8380	8381	3
3974	4651	4652	3
709	711	712	3
978	979	980	3
1069	1075	9468	3
1076	1083	1084	3
1934	1935	1959	3
3028	3051	8413	3
1090	1091	1092	3
1084	1086	1087	3
1088	1090	1091	3
7963	7965	7979	3
5120	5408	6746	3
1094	9360	9589	3
1092	1094	9360	3
5658	8371	9433	3
1069	8719	9468	3
2288	2290	3760	3
5712	9306	9487	3
2466	2467	2468	3
1562	1563	1564	3
3435	5021	9487	3
1099	9003	9810	3
2466	9694	9946	3
1099	9589	9810	3
2027	9703	9924	3
5909	10387	10421	3
3741	5021	10454	3
4578	9694	10406	3
2821	9442	10866	3
4970	10421	10454	3
6690	7869	10580	3
5498	7047	10787	3
5534	7052	10783	3
8699	8701	10829	3
2290	3760	10946	3
715	719	10716	3
719	10716	10723	3
5534	7036	10783	3
3344	8495	11138	3
6746	11277	11357	3
8699	9003	10829	3
3344	11138	11141	3
978	6146	11277	3
7966	11116	11136	3
8378	8381	11045	3
2172	8719	11056	3
2172	11045	11056	3
985	8851	11136	3
6101	11141	11149	3
6101	8756	11149	3
5242	8658	11660	3
7557	11660	11788	3
403	7556	11788	3
5242	11660	11758	3
7557	11660	11758	3
404	7323	11687	3
2445	7036	7684	3
4489	7052	10775	3
1897	7047	10787	3
1897	10775	10787	3
4489	7052	10783	3
3555	8543	10946	3
5680	7869	10580	3
7036	7684	10783	3
6146	11277	11357	3
9442	10429	10866	3
3045	5680	10486	3
5068	8701	10835	3
8701	10829	10835	3
5210	7223	10429	3
5210	6868	10530	3
7335	10716	10723	3
154	404	7323	3
7335	10723	10733	3
8377	8380	10733	3
53	54	7556	3
8458	9176	9920	3
7963	7979	8414	3
1562	1564	8458	3
3360	8341	8342	3
5658	8370	8371	3
1565	3716	8186	3
981	985	8851	3
5346	8543	9572	3
2530	2821	9442	3
4579	5712	9306	3
2284	3360	8249	3
4362	5346	9572	3
4361	4362	4363	3
4487	8371	9433	3
3716	4385	5902	3
4385	6690	7869	3
1221	8495	9425	3
3025	3026	3027	3
4522	8339	8340	3
2284	2286	8249	3
4361	4363	5242	3
2286	2288	2289	3
701	705	8867	3
4522	8340	8651	3
3025	3045	8305	3
3974	3975	4651	3
8377	8378	8380	3
978	980	6146	3
3051	8413	8414	3
2288	2289	2290	3
1220	1221	1222	3
8339	8341	8342	3
701	2445	8867	3
5267	5498	7047	3
5067	6101	8756	3
3471	3975	4487	3
4579	5120	5408	3
5067	5068	8756	3
1934	1959	2259	3
7963	7964	7965	3
708	709	711	3
705	708	709	3
1084	1085	1086	3
1220	1222	8651	3
1075	1083	1147	3
1083	1084	1085	3
4651	4652	5267	3
711	715	1242	3
1086	1088	9064	3
1933	1934	1935	3
2259	8369	8370	3
1088	1091	9064	3
6538	9360	9589	3
3435	3741	5021	3
1091	1092	1898	3
979	980	981	3
3026	3028	8413	3
1563	1564	1565	3
1075	1147	9468	3
1092	1898	9360	3
2467	2468	2530	3
2466	2468	9946	3
4970	10387	10421	3
1933	2027	9924	3
6538	9589	9810	3
2027	9703	9764	3
3435	9306	9487	3
4578	9176	10406	3
5909	9764	10387	3
9694	9946	10406	3
3741	4970	10454	3
715	1242	10716	3
8378	8379	11045	3
9003	10829	10836	3
8379	11045	11056	3
9003	9810	10836	3
2290	3555	10946	3
7964	7966	11116	3
8719	11056	11085	3
985	11116	11136	3
8719	9468	11085	3
8495	9425	11138	3
6101	6102	11141	3
6102	11138	11141	3
5120	6746	11357	3
6868	10756	11687	3
7556	7557	11788	3
509	7566	10151	4
478	10260	11572	4
7566	10151	11704	4
6184	6846	8188	4
6870	6873	7951	4
478	10260	11703	4
510	6923	7336	4
178	426	6987	4
529	7688	8135	4
510	6923	11688	4
404	10756	11687	4
6851	6852	7397	4
7701	7703	9243	4
6852	6855	7397	4
6869	6870	7951	4
6184	6814	8188	4
554	6972	6974	4
6846	8188	11600	4
7701	9243	11711	4
7705	9323	11563	4
6773	7812	7814	4
533	6965	6966	4
6873	7951	11602	4
178	179	6987	4
7688	8135	11641	4
456	6963	6965	4
201	202	7697	4
454	6974	10202	4
6973	9323	11563	4
426	6987	11616	4
498	7698	7700	4
6773	7814	11797	4
477	6981	9728	4
202	7697	11802	4
533	6966	6967	4
498	7700	7701	4
7567	10150	11704	4
8138	11502	11703	4
4718	10259	11567	4
554	6974	11698	4
6953	10260	11572	4
529	7688	11602	4
6956	10006	11565	4
533	6965	11699	4
6891	7323	11688	4
6891	7323	11687	4
6851	7397	11614	4
456	6965	11699	4
4178	4698	11558	4
4281	7704	7706	4
10006	11565	11811	4
7705	9323	11624	4
454	6974	11698	4
4281	7706	7707	4
3322	3859	7707	4
7566	7567	11704	4
10259	11567	11822	4
7699	7708	11517	4
456	6963	11641	4
3945	11556	11562	4
3859	4281	7707	4
554	6972	11635	4
6923	7336	11614	4
454	10202	11649	4
478	8138	11703	4
509	10151	11626	4
5093	7813	7814	4
4698	7708	11558	4
7567	10150	11700	4
7700	7701	7702	4
8138	11502	11709	4
477	9728	11713	4
7699	7700	7708	4
4698	7708	11517	4
4178	4281	11558	4
3322	7707	11556	4
10244	11562	11563	4
7707	11556	11562	4
6966	6967	11560	4
7701	7702	7703	4
4281	7704	11558	4
7700	7702	7708	4
498	7698	11691	4
510	7323	11688	4
6973	10244	11563	4
7702	7703	7704	4
404	7323	11687	4
7703	7704	7705	4
6855	7397	11626	4
7704	7705	7706	4
7215	10935	11470	4
6207	6810	11462	4
9496	11053	11475	4
6201	6811	11459	4
8728	8729	11041	4
6283	7001	10682	4
4330	5150	7188	4
2789	7025	7181	4
4801	6294	7191	4
8150	8729	10034	4
3195	7006	7007	4
6294	7191	9746	4
2780	2782	7026	4
4770	7001	10682	4
4007	7192	7193	4
587	589	8535	4
5803	7006	11433	4
8150	8729	11041	4
4007	7192	8230	4
8150	10034	10213	4
7753	9603	11139	4
6287	7048	11147	4
2789	7025	7182	4
6225	11511	11513	4
2779	2789	7181	4
6521	8757	11153	4
573	575	7195	4
6526	7816	11151	4
6547	7915	11158	4
446	11511	11513	4
4007	7193	7195	4
9658	10034	10213	4
7182	9658	10213	4
7182	9658	9999	4
3224	7753	11139	4
7076	7125	9486	4
3244	7076	9486	4
3228	7048	11147	4
7125	9486	10292	4
1706	1707	11101	4
3195	7007	7181	4
6596	8583	10496	4
3232	8757	11153	4
2780	3195	7026	4
3195	7006	7026	4
4112	10969	11432	4
3236	7816	11151	4
1710	1711	11132	4
5260	5803	7190	4
5260	7190	7191	4
4801	5260	7191	4
6596	8583	8738	4
1903	7228	7507	4
6191	6998	7192	4
1706	8583	8738	4
3240	7915	11158	4
6294	7225	9746	4
6294	6295	7225	4
575	4007	7195	4
6295	7225	7226	4
6295	7226	7507	4
7226	7228	7507	4
6595	7125	8003	4
6595	6596	8003	4
6595	7125	10292	4
5150	6191	7188	4
6191	6998	7188	4
2789	7182	9999	4
6596	8003	10496	4
4796	7039	7123	4
6302	7039	7123	4
3272	7109	9155	4
7039	7109	9155	4
1903	7228	8535	4
3700	7229	8535	4
1706	8738	11101	4
4796	7039	9155	4
6302	6303	7123	4
6998	7192	8230	4
6303	7123	7124	4
1619	1621	10922	4
562	10935	11470	4
2779	3195	7181	4
6303	7124	7135	4
1625	1627	7072	4
1710	7096	11132	4
507	11021	11394	4
7229	10707	10708	4
6283	7188	10682	4
589	1903	8535	4
587	3700	8535	4
5267	10773	11385	4
4689	7177	7178	4
984	1045	11272	4
3700	7229	10707	4
4491	7171	10539	4
3295	3296	11082	4
7001	10707	10708	4
4330	7188	10682	4
4770	7001	10708	4
1764	7082	7084	4
1621	1623	7122	4
1608	7093	7398	4
4199	7087	7089	4
7022	11012	11048	4
7028	10969	10981	4
4199	7089	8229	4
1608	1609	7398	4
1883	10994	11012	4
7027	7028	10981	4
7022	7030	11048	4
1611	1613	8063	4
1888	7068	7070	4
4689	7175	7177	4
6170	9684	11356	4
5292	7400	10198	4
1749	8728	11041	4
4791	7071	7172	4
3850	4791	7172	4
1883	7027	10994	4
1761	7092	8229	4
7089	7092	8229	4
573	7195	11021	4
1761	7092	10755	4
8488	10930	11291	4
1621	7122	10922	4
3296	3850	7172	4
4791	7071	7173	4
3224	7753	11122	4
1623	1888	7122	4
1888	7068	7122	4
4208	5139	7316	4
2782	7026	10952	4
6193	7281	11424	4
6147	7262	8962	4
7317	11392	11431	4
1883	7027	10981	4
7072	7171	10539	4
1045	7262	8962	4
7022	10994	11012	4
1749	7030	11041	4
5803	7190	11433	4
1403	1405	7399	4
6810	10693	11462	4
1749	7030	11048	4
4689	7175	10680	4
4805	7107	7510	4
1026	1033	11168	4
4207	4805	7510	4
4120	8317	11060	4
7725	11482	11484	4
8317	11060	11062	4
4120	8317	11084	4
1608	7093	7399	4
7399	7400	10198	4
1191	11053	11475	4
3296	7172	11082	4
6811	10830	11459	4
7174	7175	10680	4
7728	11476	11478	4
7048	9603	11139	4
1897	7047	10789	4
1625	1888	7072	4
6287	8757	11147	4
4350	5305	7174	4
665	7150	9471	4
7148	7150	9471	4
7136	11213	11223	4
9103	11418	11420	4
6521	7816	11153	4
5003	7293	9682	4
6734	7291	10001	4
6187	7275	11427	4
5003	7291	7293	4
4378	7148	9471	4
5003	7291	10001	4
4378	7146	7148	4
6526	7915	11151	4
5139	7316	7317	4
406	11418	11420	4
1897	7047	10787	4
4378	7146	7159	4
1033	6734	7304	4
5352	7146	7159	4
5352	7159	8567	4
6734	7304	10001	4
4114	11060	11062	4
6490	11285	11351	4
3258	3262	10308	4
6547	7076	11158	4
1403	1608	7399	4
7011	7013	8289	4
7222	10491	11429	4
6190	7472	11410	4
6498	7511	11422	4
7108	8992	11087	4
1764	7082	7398	4
7136	8104	11213	4
551	11411	11414	4
6303	7135	9661	4
4500	7133	7134	4
4696	7200	7215	4
1764	7084	8063	4
4199	7087	8063	4
3258	8365	10308	4
1045	7262	11272	4
7472	11411	11414	4
1910	7135	9661	4
1627	7072	10539	4
4500	7133	7186	4
3255	3258	8365	4
6213	7200	7215	4
1888	7070	7072	4
4500	7134	9743	4
1405	7399	7400	4
1609	1764	7398	4
3228	7048	11139	4
1707	1710	11101	4
3045	8305	10486	4
3221	3224	11122	4
3254	8248	8364	4
1613	4199	8063	4
3251	3254	8248	4
5828	7475	10648	4
7006	7026	11433	4
1611	1764	8063	4
3232	8757	11147	4
5305	7174	7175	4
4688	5293	7178	4
571	573	11021	4
4688	4689	7178	4
7134	9182	9743	4
4805	7107	7315	4
7124	7136	8104	4
3250	8247	9347	4
1135	7349	7836	4
1711	1714	11132	4
7349	7350	7836	4
3247	3250	9347	4
4208	4805	7316	4
1714	7590	11157	4
3236	7816	11153	4
7752	11084	11102	4
7134	7284	9182	4
4120	11084	11102	4
4633	11064	11083	4
1135	7349	7353	4
4207	4354	7510	4
1077	1135	7353	4
7572	10427	11381	4
6142	6805	11375	4
2399	7284	9182	4
3240	7915	11151	4
3244	7076	11158	4
7752	7753	11122	4
4350	4791	7174	4
3242	9604	10297	4
1619	1761	10922	4
2259	11233	11363	4
5500	7173	9533	4
6397	9604	10297	4
5283	7070	11378	4
7009	7025	7181	4
6816	7475	10648	4
6749	7276	11287	4
1033	7304	11168	4
7071	7173	9533	4
7007	7009	7181	4
1181	1245	7186	4
7186	10590	10662	4
1761	10755	10922	4
7028	10969	11432	4
7151	8992	9043	4
4916	6078	10964	4
7150	7151	9043	4
5680	7869	10580	4
6422	7258	8592	4
5680	7869	9559	4
665	7150	9043	4
3238	7258	8592	4
4438	7869	9559	4
1245	4500	7186	4
3355	7164	10636	4
2030	11213	11222	4
7316	7317	11431	4
6080	7212	7219	4
4646	6080	7219	4
3254	3255	8365	4
3235	3238	10328	4
7025	7182	8289	4
5470	7249	7635	4
4397	7249	7635	4
7612	7614	10698	4
5470	7249	8965	4
2030	9258	11222	4
3238	7258	10328	4
7011	7025	8289	4
3254	8364	8365	4
2737	9684	11356	4
5352	8567	9819	4
7013	7016	8289	4
1710	7096	11101	4
3234	7218	7471	4
4809	5352	9819	4
5954	6449	10413	4
6797	10773	11385	4
3355	7164	10662	4
1714	7590	11132	4
4633	5283	11064	4
7400	10930	11291	4
3295	4395	11082	4
3262	4809	10308	4
4491	8285	11306	4
3231	3234	7471	4
7124	7135	7136	4
3448	7313	8389	4
3250	3251	8248	4
7016	8150	10213	4
4809	9819	10308	4
5948	6460	10492	4
6449	9813	10413	4
467	7281	11424	4
7164	7165	10636	4
7313	7314	8389	4
7016	8289	10213	4
5293	7178	7179	4
7314	8388	8389	4
5292	7400	10930	4
4491	7171	11306	4
6454	7954	9400	4
6146	11277	11357	4
3250	8247	8248	4
6147	10138	11286	4
5136	6802	11260	4
7314	7666	8387	4
8979	11157	11372	4
7752	11102	11122	4
6777	10944	10953	4
7314	8387	8388	4
3246	3247	9347	4
3811	9700	10614	4
7352	8431	10434	4
4696	7200	10710	4
4791	7173	7174	4
3355	10590	10662	4
2922	7250	7666	4
9442	10429	10866	4
3045	5680	10486	4
4394	7242	8985	4
7151	8992	11087	4
6191	6192	7192	4
3246	9347	9348	4
4690	5293	10491	4
2922	7250	9218	4
3230	8396	8397	4
2922	7666	8387	4
1032	3353	11181	4
7250	8985	9218	4
6078	7866	10964	4
251	252	7421	4
4394	8985	9218	4
7165	10565	10636	4
4394	7242	9841	4
9099	10352	10816	4
7468	11164	11171	4
1041	1042	11200	4
1714	1715	11157	4
3246	9348	9604	4
3227	3230	8397	4
6397	9348	9604	4
7344	8986	10361	4
6460	9096	10492	4
4646	7219	7800	4
6472	7351	10394	4
6401	7362	10344	4
7731	7898	10336	4
4690	7261	9700	4
4814	7614	10698	4
7195	11021	11394	4
6445	7636	7731	4
6081	6783	10872	4
5210	7223	10429	4
6445	7635	7636	4
1910	7135	10819	4
3230	3231	7471	4
4162	7276	11287	4
7364	8064	10238	4
4398	5732	7481	4
3242	8592	10297	4
3272	7109	11208	4
1077	1078	10998	4
5210	6868	10530	4
7212	10907	11173	4
4397	6445	7635	4
5732	7310	7481	4
2399	7284	10753	4
1692	7344	10361	4
5470	8965	9559	4
251	507	7421	4
7629	10710	10972	4
3442	7236	10459	4
3442	7236	10433	4
4399	5064	7559	4
5538	7954	9400	4
1662	8431	10434	4
1700	7364	10238	4
3215	4120	11060	4
6192	7192	7193	4
4438	5470	9559	4
7751	8317	11084	4
4690	7261	10491	4
7242	7800	9841	4
1688	7351	10394	4
7133	7186	10662	4
1696	7362	10344	4
6464	10528	10552	4
3230	7471	8396	4
4215	7470	9778	4
556	7275	11427	4
5293	7222	10491	4
3223	3226	10233	4
413	7222	11429	4
154	404	7323	4
3234	7218	10328	4
9056	9057	10395	4
1753	7264	10500	4
6449	10447	10500	4
5828	7954	10648	4
6422	8592	10297	4
1753	7264	10537	4
2399	8312	10753	4
6170	7342	8839	4
3226	7609	10233	4
1181	7186	10590	4
7070	7072	7171	4
2996	7413	9172	4
7623	7624	10576	4
5410	7342	8839	4
4398	4400	7481	4
5680	10486	10580	4
7093	7399	10198	4
7228	7229	8535	4
7261	9700	10614	4
5210	7223	10530	4
8962	11271	11286	4
6176	7367	7394	4
157	451	7336	4
252	401	7421	4
6875	7413	9172	4
3234	3235	10328	4
5305	7175	7176	4
4870	7731	9964	4
984	987	11272	4
5399	7367	7394	4
6480	7429	10091	4
7021	7027	10994	4
5952	5954	10413	4
5514	7389	9822	4
1259	3355	10636	4
6111	6777	10944	4
7467	7476	9115	4
6449	9813	10447	4
7440	8704	10224	4
6147	8962	11286	4
7636	7731	10336	4
413	11428	11429	4
6193	7387	7559	4
7745	10984	11061	4
5536	5538	7592	4
4144	7465	7467	4
6715	9057	10395	4
1753	10447	10500	4
6872	6875	10439	4
4699	10685	10912	4
4147	7463	9428	4
4144	7467	9115	4
5732	7310	7470	4
9575	10939	10950	4
5950	5952	10737	4
7219	7800	9841	4
5673	6775	10939	4
3264	7319	10180	4
2766	9975	10655	4
4133	7476	9115	4
3511	11209	11210	4
1704	7429	10091	4
2927	7440	10224	4
3226	3227	8397	4
7342	7343	9684	4
4147	7462	7463	4
7264	10459	10537	4
3220	3222	10445	4
5514	7447	9822	4
4126	5335	7800	4
4215	7470	7881	4
3622	7326	10504	4
1910	1911	10819	4
5538	7592	9400	4
3442	10459	10537	4
1708	8575	8721	4
4395	4633	11083	4
4048	7837	10415	4
7393	8786	9294	4
3802	8786	9294	4
7463	7465	9428	4
4144	7465	9428	4
4215	7881	8755	4
4870	4871	9964	4
5946	5948	10492	4
5606	10044	10585	4
2869	7331	8687	4
158	451	7396	4
5396	7624	10576	4
6442	7505	9971	4
556	11426	11427	4
6455	8759	10156	4
5732	7470	9778	4
4083	6668	7517	4
6464	7313	10552	4
4399	4408	7559	4
1026	1028	11168	4
5064	6193	7559	4
5139	7317	10173	4
155	510	7323	4
1042	7469	11200	4
6452	6496	7749	4
6434	8591	8721	4
5945	5946	10736	4
6862	6871	10517	4
451	7396	7397	4
6434	8575	8721	4
4032	7630	7632	4
4420	4696	10710	4
3951	10368	10463	4
6783	10855	10872	4
4408	7386	7749	4
4871	7330	10044	4
4896	5593	7651	4
2923	7505	9971	4
5500	7173	10680	4
7351	7352	10434	4
5593	7428	7651	4
153	154	404	4
6460	9096	10484	4
5166	5351	7727	4
6080	6081	10907	4
6170	7342	9684	4
2869	7331	8759	4
7086	10180	10184	4
1006	7393	7647	4
1006	7393	9294	4
2624	7447	9822	4
1591	9638	10357	4
1077	7353	10998	4
3226	7609	8397	4
3264	7319	9988	4
6465	10175	10203	4
6434	7651	8591	4
6401	7364	10344	4
156	510	7336	4
3753	7405	8290	4
3222	7480	10445	4
206	207	7711	4
7343	9684	11359	4
4870	7731	7898	4
3353	7340	11181	4
154	155	7323	4
2030	11213	11223	4
4126	4646	7800	4
3544	10366	10440	4
5293	7179	7222	4
7284	10753	10770	4
2773	9400	10466	4
6875	9172	10439	4
4147	7462	8290	4
4896	6434	7651	4
5410	5514	8839	4
4025	7438	7562	4
1003	1006	7647	4
4871	7330	9964	4
3622	7326	10515	4
6868	10530	10756	4
7842	10528	10702	4
6472	7344	10394	4
155	156	510	4
4805	7315	7316	4
7223	10429	10866	4
1002	1003	7647	4
5514	7389	8839	4
1627	1629	10539	4
6802	8940	11260	4
3264	10180	10184	4
4408	7386	7559	4
4025	7438	7598	4
1926	10819	11223	4
7362	8986	10361	4
5050	10352	10816	4
3448	7313	10552	4
5399	7394	7740	4
8458	9176	9920	4
6442	7598	9971	4
466	7472	11410	4
3622	10483	10504	4
5964	7326	10504	4
4505	4884	9760	4
5351	7727	7728	4
6111	9910	11159	4
7405	7462	8290	4
6496	7386	7749	4
495	7695	7709	4
6192	7193	7194	4
162	410	7567	4
2074	7622	7623	4
1692	7344	10394	4
3951	7361	10368	4
1591	9737	10357	4
1002	8735	9896	4
6751	7458	7694	4
4032	7632	7837	4
7413	10368	10463	4
6775	9575	10939	4
6620	8304	10249	4
5593	7428	8263	4
6704	9258	11233	4
4644	9054	9055	4
4749	10437	10498	4
5536	7592	9274	4
7084	7087	8063	4
4075	4077	9053	4
4261	5092	10654	4
7928	8374	8375	4
7340	11181	11182	4
4025	7562	8185	4
2624	7447	8686	4
7613	8312	8313	4
7429	8064	10238	4
5165	7724	7726	4
3493	8263	8482	4
4354	7473	8694	4
1365	1470	9544	4
3811	6403	10614	4
8431	10483	10504	4
5471	7562	7563	4
6465	7440	10203	4
1004	7694	8499	4
7258	10328	10588	4
5082	6177	7572	4
4074	7450	10395	4
3953	7525	10705	4
5335	7242	7800	4
157	158	451	4
3977	7444	9702	4
6403	7481	10595	4
4125	4674	9965	4
1662	8431	10483	4
7934	7935	8152	4
4083	7517	9869	4
6607	9122	9702	4
7361	10437	10498	4
3687	9374	10155	4
8011	8014	8016	4
1004	7694	8717	4
6704	9258	11222	4
495	7709	7710	4
5450	7881	8755	4
3687	9959	10155	4
1638	1753	10537	4
159	509	7396	4
1700	7364	10344	4
2758	3841	7629	4
5165	7726	7727	4
1696	7362	10361	4
7612	7624	10698	4
5471	7562	8185	4
3523	3525	7628	4
1193	1260	9304	4
3222	3223	10233	4
1179	1181	10590	4
7961	7963	8414	4
2760	3841	7680	4
5165	5166	7727	4
4112	8320	8321	4
6668	7517	10629	4
1688	7351	10434	4
1002	7647	9896	4
3753	7405	7627	4
6403	10595	10614	4
5446	5448	8759	4
6134	8104	9201	4
10073	10089	10242	4
2198	8146	9620	4
5517	7928	8374	4
4514	8411	10027	4
6442	7438	7598	4
6480	8575	10091	4
6451	7839	9830	4
6402	7856	8064	4
6536	10165	10204	4
206	495	7711	4
215	216	7506	4
6481	7856	8064	4
3977	7444	10185	4
3274	8694	9996	4
3536	3544	10086	4
4578	9176	9920	4
3308	5536	9274	4
7086	7444	10185	4
7732	9689	9967	4
6751	7694	8499	4
2869	8759	10156	4
5148	5149	7512	4
6680	9975	10655	4
3051	7979	8414	4
6451	6452	7749	4
5149	9102	9960	4
6610	7082	7398	4
207	7711	8689	4
6610	7093	7398	4
2554	2755	7681	4
7958	7961	9780	4
3700	9040	10707	4
4944	7390	9926	4
6794	7462	7463	4
1903	7507	7747	4
211	515	7626	4
5450	7881	7882	4
5416	7694	8717	4
7473	8694	9996	4
5539	5828	7954	4
156	157	7336	4
7809	7811	7813	4
2522	2707	7729	4
1470	1725	7665	4
4589	7934	8152	4
5418	8735	9896	4
4287	5210	10429	4
6481	6482	7856	4
9991	10363	10406	4
8869	8870	9359	4
5560	10528	10552	4
4272	5165	7724	4
2755	4419	7681	4
4074	9056	10395	4
6536	8786	10204	4
2031	7611	8313	4
553	7511	11422	4
6100	6794	7462	4
5305	7176	10100	4
2333	2624	8686	4
1597	1900	9012	4
190	541	7810	4
1258	1984	8737	4
2786	2788	7839	4
7108	7510	11087	4
1708	8575	10091	4
7740	7803	9845	4
4220	8304	10249	4
7963	7979	8414	4
7175	7176	7177	4
5471	7563	9012	4
7394	7740	9845	4
213	214	7561	4
5149	7512	9102	4
3953	4286	7525	4
2876	3068	7803	4
6586	7331	10481	4
2756	2758	7629	4
4919	6478	8264	4
2068	2198	8146	4
6451	7749	9830	4
2876	2878	7803	4
4505	4506	9760	4
8870	9070	9359	4
5081	5082	7572	4
1725	2318	7665	4
6641	9882	10063	4
3883	4083	9869	4
5586	8565	9865	4
4074	7450	10440	4
3951	7361	10437	4
4644	9053	9054	4
5690	7820	9680	4
3532	3542	10030	4
159	160	509	4
6402	7364	8064	4
1583	7820	9680	4
2035	2074	7623	4
5169	7720	7722	4
1571	1572	7898	4
7961	8414	9780	4
7330	10044	10585	4
4077	5039	9053	4
6454	7954	10648	4
1001	1004	8499	4
5826	6224	7474	4
6499	9102	9960	4
1193	7947	9304	4
3216	4048	7837	4
1470	7665	9544	4
6454	9400	10466	4
5169	7722	7723	4
2354	4025	7598	4
541	7810	7811	4
6140	9965	9966	4
210	515	7801	4
2812	7611	7612	4
2354	2408	7598	4
205	495	7695	4
2927	7440	10203	4
7632	7837	10415	4
5538	5539	7954	4
4786	5285	7589	4
6611	7444	9702	4
7611	7613	8313	4
6536	6732	10165	4
6021	7314	7666	4
2614	3005	7865	4
2760	2762	7680	4
4670	6799	9887	4
5593	8263	8482	4
158	159	7396	4
1295	1365	9544	4
6482	7856	9440	4
5536	5537	5538	4
6482	8055	9440	4
593	595	8223	4
1562	1564	8458	4
2772	3849	7802	4
7086	10184	10185	4
1993	3451	7645	4
5285	7589	7590	4
8709	8785	10025	4
2786	3357	7839	4
160	509	7566	4
161	162	7567	4
187	521	7807	4
7015	7016	8149	4
2421	5279	9533	4
6871	6872	10439	4
3970	5659	9417	4
1617	1761	8229	4
2033	2812	7611	4
3493	5586	8263	4
2781	4215	8755	4
3002	4129	7938	4
4506	8429	8800	4
1178	1193	7947	4
2707	2875	7729	4
3214	4048	8010	4
6095	6097	7627	4
7809	7810	7811	4
2327	2384	2385	4
401	571	7421	4
5539	5826	5828	4
7505	8704	10224	4
1633	3442	10433	4
6461	7507	7747	4
3523	7628	8411	4
4919	7428	8264	4
1960	8315	8318	4
1562	8458	9920	4
2424	2773	7591	4
410	7950	7951	4
2307	2343	8020	4
3321	7932	9698	4
212	213	446	4
4606	5797	8538	4
1564	1567	8458	4
6793	11201	11217	4
7628	8411	10027	4
6502	9852	10126	4
2203	2384	7622	4
3819	5418	8735	4
1984	3192	8737	4
3526	3541	7732	4
1260	2444	9304	4
1648	9096	10484	4
3541	7732	8452	4
1572	1575	7898	4
1047	3477	7835	4
2420	2738	8532	4
3022	7956	9318	4
7390	9628	9789	4
2788	2792	7839	4
189	190	7810	4
5727	9029	9591	4
2705	2967	8862	4
553	11415	11422	4
593	7747	8223	4
6461	7747	8223	4
4123	4125	9965	4
5662	6134	9201	4
6445	7731	9964	4
2203	2326	2327	4
183	434	8334	4
8010	8011	8016	4
6871	9405	10517	4
1354	7988	9143	4
2203	2327	2384	4
2333	2522	8686	4
6607	6608	9702	4
3210	4053	9751	4
2430	2781	8755	4
3544	7746	10086	4
7612	7613	7614	4
1651	4112	8321	4
5654	7350	8643	4
5953	6540	9044	4
3062	3064	7981	4
1021	5515	8590	4
5828	7474	7475	4
7088	7319	10180	4
4075	4644	9053	4
163	410	7950	4
2424	2425	2426	4
3252	9981	10178	4
1563	1565	8186	4
161	7566	7567	4
5450	7882	8146	4
1704	7429	10238	4
1615	1617	8229	4
4918	5571	9977	4
5446	6455	8759	4
7932	7934	9698	4
2812	7612	7624	4
4387	5654	8643	4
2074	2203	7622	4
3977	9122	9702	4
4686	6809	7919	4
4053	8012	9751	4
2385	2423	2424	4
2307	2353	8020	4
6455	9544	10156	4
4073	4074	9056	4
571	7421	11021	4
1747	1870	7829	4
1158	1178	7947	4
3524	7732	9967	4
7811	7812	7814	4
5448	7331	8759	4
1595	1597	9012	4
1983	2059	8869	4
2127	2335	8185	4
4884	5964	9760	4
1651	1653	8321	4
192	454	7815	4
5672	5674	9067	4
4861	5354	8986	4
4914	5570	8704	4
7159	8567	9175	4
2423	2424	2773	4
1292	1354	7988	4
7015	7018	8149	4
4621	5032	9209	4
5328	8965	9559	4
5586	8264	9865	4
1000	1001	8499	4
2522	7729	8686	4
3525	3753	7628	4
5955	9044	10085	4
1956	2000	8383	4
4696	5314	7215	4
3983	6303	9661	4
1021	1022	8590	4
7732	8452	9689	4
7450	10366	10440	4
6502	6503	10126	4
4048	8010	8016	4
4209	5662	9885	4
2310	8713	9847	4
567	7696	7697	4
3802	8786	10204	4
4560	6597	9725	4
3222	7480	10233	4
2074	2202	2203	4
2385	2424	2425	4
3064	7981	7982	4
5963	7450	10395	4
6611	7083	7444	4
2531	2705	8862	4
5515	5517	9838	4
1960	8318	8321	4
8712	8713	9847	4
8318	8320	8321	4
1015	9852	10072	4
2425	2426	2553	4
1598	1600	8708	4
3810	4019	9700	4
4420	4421	4694	4
2426	2553	2554	4
2554	2718	2719	4
7882	8146	9620	4
6597	9725	10078	4
173	534	8138	4
2614	2808	7865	4
2059	2827	8869	4
2327	2423	9274	4
3212	3214	8010	4
1900	5471	9012	4
6478	8264	9865	4
4589	7934	9698	4
6482	8055	9204	4
3308	3310	5536	4
6095	7627	10027	4
2035	2812	7623	4
2033	2035	2812	4
2521	2706	9766	4
5658	8370	8371	4
2031	2033	7611	4
4694	4696	5314	4
1158	7946	7947	4
595	1258	8223	4
5571	8709	9977	4
3002	3004	7938	4
3815	5703	9215	4
1141	1158	7946	4
577	4007	8230	4
3220	4032	10445	4
2756	3842	7629	4
1960	8315	9341	4
1957	2031	8313	4
1870	7829	7842	4
2770	2772	7802	4
3216	3218	7837	4
1968	4491	8285	4
3510	3513	8486	4
6405	6408	7609	4
6408	6409	8396	4
4073	4644	9056	4
1724	1877	8713	4
4621	5870	9209	4
5667	9091	9913	4
2420	2421	8532	4
3271	3274	7897	4
7016	8149	8150	4
2554	2719	2755	4
1577	1578	9183	4
2755	2756	3842	4
4606	5033	8538	4
4420	4694	4696	4
687	9070	10235	4
4674	6140	9965	4
4272	5169	7724	4
4687	5162	9782	4
5756	6404	7480	4
5731	8315	9341	4
3829	4944	9926	4
2424	2426	7591	4
5319	6339	8364	4
7088	7090	7319	4
3516	3518	8165	4
3880	4176	7993	4
3681	4466	8662	4
6526	6527	7915	4
2783	4215	9778	4
4393	5331	9841	4
2530	2704	9442	4
3514	3516	8855	4
7200	10710	10972	4
4647	5096	9818	4
2314	9628	9789	4
4419	4421	10104	4
1565	3716	8186	4
2353	7745	8020	4
2426	2554	7681	4
4019	4690	9700	4
6794	7463	7464	4
495	7710	7711	4
7696	7697	7698	4
6608	6610	6611	4
2719	2755	2756	4
4797	8104	9201	4
3745	5006	9755	4
7720	7721	7722	4
1047	1062	7835	4
606	608	9382	4
6622	9755	9869	4
7083	7084	7085	4
5517	8374	9838	4
212	446	7626	4
213	446	7561	4
981	985	8851	4
1022	1025	8590	4
2335	4025	8185	4
2756	2757	2758	4
4957	4958	5446	4
5137	5305	10100	4
541	7811	7812	4
2318	4957	7665	4
5658	8369	8370	4
211	212	7626	4
3849	7802	9921	4
4786	5705	7589	4
2878	3879	7803	4
2422	9545	9620	4
204	205	7695	4
3429	3431	8518	4
2384	9862	10078	4
6597	9862	10078	4
191	192	7815	4
5826	5828	7474	4
1708	1709	8721	4
2553	2554	2718	4
3527	3753	8290	4
659	7159	9175	4
4644	9055	9056	4
1956	2007	8383	4
1258	8223	8737	4
577	579	8230	4
4267	5416	8717	4
209	210	7801	4
6081	6140	6783	4
594	4512	8978	4
2353	2407	7745	4
1922	3451	7842	4
5081	5340	7572	4
5399	6180	7367	4
2828	3959	8918	4
4695	6815	9236	4
3816	5672	9066	4
3527	3529	8290	4
6106	6107	7599	4
605	11476	11478	4
4466	5473	8662	4
7696	7698	7699	4
3486	3488	8565	4
3516	8165	8855	4
5537	5538	5539	4
6409	6412	8396	4
3357	7839	9830	4
1660	3970	9417	4
6440	6536	8786	4
204	567	7695	4
4589	8151	8152	4
171	418	8187	4
3542	9044	10030	4
2761	3977	10185	4
4196	9622	9746	4
608	1139	9382	4
210	211	515	4
2762	2764	3070	4
5958	7264	10500	4
5571	8709	10025	4
3025	3027	8305	4
5833	7263	9000	4
4048	8016	10415	4
6799	9645	9887	4
7611	7612	7613	4
5570	7440	8704	4
2138	10427	11381	4
188	442	7807	4
208	471	8689	4
4334	6607	6608	4
3256	4152	9663	4
571	572	573	4
214	215	501	4
581	5698	9040	4
3481	3484	8626	4
2758	2759	2760	4
2996	7413	10463	4
5319	6381	8364	4
5148	6182	7512	4
5306	7165	8488	4
7083	7085	7086	4
4861	5544	8986	4
3534	3536	10086	4
6477	8165	8855	4
5965	10574	10593	4
3513	4015	8486	4
166	456	8135	4
1180	1196	8687	4
2421	8532	9533	4
5797	6691	8538	4
4286	6772	7525	4
2828	2830	8918	4
5137	5138	6198	4
4080	7932	7933	4
1637	1749	8728	4
2758	2760	3841	4
7698	7699	7700	4
4914	5472	8704	4
6548	7125	8003	4
2738	3812	8532	4
8151	8152	8153	4
4014	6446	9513	4
6873	6874	7688	4
5314	9236	9237	4
6497	6499	7371	4
5731	7750	7751	4
673	5296	8991	4
5306	5921	7164	4
1600	5560	8708	4
2327	2385	2423	4
188	189	442	4
3879	3880	4175	4
5077	6181	7656	4
5039	6088	6113	4
1612	1614	9671	4
2875	3068	4422	4
6452	6494	6495	4
3514	3545	8855	4
1709	1712	8721	4
4608	5306	8488	4
7088	7089	7090	4
3731	4334	6607	4
567	7695	7696	4
4287	5209	5210	4
1724	5812	8713	4
7695	7696	7709	4
4647	5419	9818	4
5958	5960	7264	4
442	7807	7808	4
4958	5446	5447	4
6201	6203	6811	4
4688	4690	5293	4
6625	7071	7172	4
3187	4686	7919	4
3062	3833	7981	4
5595	8785	8878	4
7390	9789	9926	4
2812	7623	7624	4
5557	5833	9000	4
4175	5153	5399	4
7956	7958	9780	4
3314	4589	8151	4
2530	2821	9442	4
6473	8429	8800	4
1598	1754	8708	4
7723	7724	7725	4
7933	7934	7935	4
4678	5731	7750	4
3500	3503	9203	4
6490	8802	9148	4
189	442	7810	4
4423	4424	5081	4
4406	5398	9204	4
3766	4073	4074	4
979	981	8851	4
2035	2073	2074	4
1121	1141	3350	4
1650	1659	9096	4
8518	9029	9591	4
2994	9098	9099	4
203	204	567	4
186	187	521	4
3324	3326	4080	4
4419	7681	10104	4
5082	5410	6177	4
5962	5963	6714	4
5446	5447	5448	4
3493	3494	8482	4
1259	1260	1291	4
4350	5137	5305	4
7946	7947	7948	4
5659	9417	9418	4
160	161	7566	4
2423	7592	9274	4
5064	5065	6186	4
1192	1193	1259	4
1993	2070	7645	4
3238	3239	8592	4
187	188	7807	4
3486	4218	8565	4
207	208	8689	4
1622	1624	9016	4
5081	5083	5340	4
7627	7628	10027	4
594	596	8978	4
2521	2625	9766	4
5064	6186	6193	4
6540	9044	10030	4
4329	5148	5149	4
5279	7071	9533	4
173	174	8138	4
3484	4218	8626	4
5306	7164	7165	4
534	8187	8188	4
6452	6495	6496	4
2000	3723	8383	4
5982	6021	7666	4
3541	10113	10152	4
6622	7517	9869	4
2768	2770	3069	4
6408	7609	8397	4
164	529	7950	4
1622	2003	9016	4
5398	6482	9204	4
2704	3876	9442	4
7018	7030	8149	4
2987	2994	9098	4
1615	4199	8229	4
3004	4258	7938	4
2719	2757	8600	4
209	471	7801	4
3762	8684	9154	4
3357	3358	3836	4
1968	2067	8285	4
1291	1292	1353	4
7464	7465	7466	4
9157	10322	10336	4
2792	2793	3809	4
4129	4130	5069	4
3312	3314	8151	4
6339	8364	8365	4
1577	4871	9183	4
5039	5089	6088	4
4579	5712	9306	4
3810	3812	4019	4
5672	9066	9067	4
6110	6111	6777	4
3068	4422	4423	4
2070	2137	2139	4
2792	3809	6451	4
4218	8565	9865	4
2783	2784	2785	4
5448	6586	7331	4
2202	2203	2326	4
1178	1192	1193	4
2760	2761	2762	4
8014	8016	10073	4
183	184	434	4
3431	3434	8518	4
1009	3449	9212	4
442	7808	7809	4
5662	9201	9885	4
4422	4424	9980	4
2031	2032	2033	4
4355	5320	9207	4
5169	7723	7724	4
1193	1259	1260	4
4424	5081	5082	4
163	164	7950	4
5933	9099	9541	4
474	9322	9323	4
2070	2139	2140	4
2772	3296	3849	4
5209	5210	6868	4
2060	3963	9596	4
3192	3963	4801	4
4122	4123	5091	4
4695	5478	6815	4
1602	1747	7829	4
1403	1404	1608	4
5082	5409	5410	4
6394	6399	8141	4
2422	2738	2739	4
2615	2922	9218	4
4132	4241	9910	4
7085	7087	7088	4
7882	9545	9620	4
3842	4419	4420	4
1292	2444	7988	4
2649	5698	6283	4
6496	6497	6498	4
2770	3069	7802	4
2969	9485	9701	4
4565	4608	8488	4
5070	6038	6039	4
2033	2034	2035	4
4422	4423	4424	4
2757	2758	2759	4
2764	2765	2766	4
6606	9959	10155	4
7622	7623	10576	4
162	163	410	4
3020	4146	7955	4
6187	6189	7275	4
3833	3834	4122	4
6620	6621	8304	4
1881	8312	8313	4
2318	4166	4957	4
2615	2809	9218	4
1618	1620	9489	4
2719	2756	2757	4
2738	2739	3810	4
2831	4488	9750	4
1292	1353	1354	4
4385	4438	7869	4
4646	4674	6080	4
181	477	8629	4
1260	1291	1292	4
3509	3510	8486	4
1567	5633	8458	4
3812	4019	4020	4
3833	4122	4673	4
1762	1763	1968	4
6610	6611	7082	4
165	529	8135	4
1353	1354	1403	4
3809	6451	6452	4
591	1903	7747	4
6287	6288	8757	4
610	612	9552	4
1596	1599	9642	4
3826	6735	9838	4
1632	5667	9091	4
3488	3491	8565	4
2762	2763	2764	4
5447	5448	5449	4
2781	2782	2783	4
5410	6177	7342	4
164	165	529	4
2426	7591	7681	4
4399	4400	5064	4
1922	1993	3451	4
3274	7897	9996	4
5448	5449	6586	4
5812	8712	8713	4
2067	2068	2198	4
1609	1611	1764	4
2875	2876	3068	4
5354	7344	8986	4
6283	6998	7188	4
3836	4398	4399	4
6749	6750	7276	4
180	181	477	4
5515	5516	5517	4
5307	7147	7897	4
7390	9628	9822	4
4079	5574	9149	4
2198	2199	2267	4
3449	5735	9212	4
6412	7471	8396	4
1062	1077	1135	4
2319	2622	2623	4
2420	2422	2738	4
1993	2069	2070	4
3518	3521	8165	4
174	478	8138	4
6504	7856	9440	4
609	1191	8573	4
3849	3850	4179	4
1404	1608	1609	4
5556	8684	9154	4
1616	1618	8616	4
2649	6283	6998	4
3731	6607	8600	4
3766	3767	4073	4
2006	2127	8185	4
4267	5121	5136	4
5279	6625	7071	4
2267	2420	2422	4
3050	7249	9795	4
166	167	456	4
5148	5150	6182	4
3194	3965	8671	4
6097	6100	7405	4
2104	2257	5450	4
1000	4451	5124	4
6186	6193	7281	4
9216	9350	9707	4
591	593	7747	4
4179	4350	5137	4
3423	5727	9591	4
5069	5070	7756	4
5690	5692	7820	4
1983	8869	9359	4
2310	2312	9847	4
4020	4688	4689	4
5803	5804	7006	4
5006	6622	9755	4
6207	6209	6810	4
3471	4487	9433	4
6477	8366	8855	4
177	178	426	4
3494	3497	8482	4
2267	2268	2420	4
4561	4563	5292	4
5005	5006	6620	4
5153	5399	6180	4
8151	8153	9188	4
2068	2104	8146	4
1004	1005	8717	4
1578	1581	9183	4
3004	3187	4258	4
7811	7813	7814	4
3745	5005	5006	4
1588	1591	9638	4
3480	3481	8626	4
5005	6620	8712	4
2623	2694	3062	4
5595	8785	8926	4
3193	4196	9622	4
2430	2780	2781	4
2808	2809	4132	4
168	169	533	4
190	191	541	4
5124	5125	6749	4
1629	1636	1762	4
1575	4870	7898	4
3062	3063	3833	4
3270	3271	7897	4
4130	5069	5070	4
4205	8567	9175	4
2766	2767	2768	4
3296	3849	3850	4
4670	6798	6799	4
2718	2912	3731	4
3503	8055	9203	4
6521	6522	7816	4
2067	2198	2199	4
3836	4399	4408	4
1968	1969	2067	4
1969	2067	2068	4
3001	4129	4130	4
9133	9659	9763	4
182	183	8334	4
1354	1403	1404	4
5517	7927	7928	4
5950	5951	5952	4
172	173	534	4
2318	3829	4166	4
3017	3050	9795	4
4175	5399	7740	4
2878	3878	3879	4
2759	2760	2761	4
3963	4801	5260	4
1702	1703	8583	4
581	582	9040	4
4957	5446	6455	4
6203	6204	6205	4
5515	8590	9838	4
6473	7351	7352	4
3069	7802	10404	4
4286	5225	6772	4
7961	7962	7963	4
2808	4132	4241	4
2782	2783	2784	4
1617	1619	1761	4
7956	9318	9780	4
4801	4910	6294	4
2785	2786	3357	4
1623	1625	1888	4
3318	3320	3321	4
2738	3810	3812	4
1196	2869	8687	4
1653	1960	8321	4
6100	6793	6794	4
3826	8590	9838	4
1870	1922	7842	4
3424	5595	8926	4
1283	1355	9743	4
2762	3070	7680	4
1141	3350	7946	4
575	577	4007	4
1762	1968	4491	4
998	4451	8802	4
3809	6452	6494	4
7935	8152	10536	4
5070	5933	6038	4
6107	6439	6440	4
2793	3194	8671	4
3063	3833	3834	4
2139	2231	2319	4
4487	8371	9433	4
4123	4124	4125	4
2060	2132	9596	4
174	175	478	4
1613	1615	4199	4
2994	9099	9541	4
2694	3062	3064	4
998	1000	4451	4
1922	1992	1993	4
5574	8771	9149	4
998	999	1000	4
7512	9102	9103	4
2923	7505	10224	4
3426	3478	8926	4
3536	3538	3544	4
3001	3002	4129	4
4466	4914	5472	4
4608	4815	5306	4
6187	6188	6189	4
6502	9852	10072	4
1037	1038	1039	4
4520	4884	4885	4
4400	5064	5065	4
4451	6490	8802	4
5340	6176	6796	4
7147	7149	9996	4
170	171	418	4
7014	7017	7926	4
1030	1032	3353	4
1754	1900	1923	4
3716	4385	5902	4
2407	3006	7745	4
5946	5947	5948	4
8334	8629	8630	4
172	534	8187	4
3716	3999	4385	4
3526	3528	3541	4
4398	4399	4400	4
4385	5902	6690	4
6608	6609	6610	4
3545	4402	8366	4
5629	9609	9977	4
6177	7342	7343	4
1005	1007	1008	4
5705	7096	7589	4
1035	1037	1038	4
6611	7082	7083	4
2707	2874	2875	4
1062	1063	1077	4
1595	1596	1597	4
4022	5592	8584	4
1620	2003	9489	4
4125	4646	4674	4
1575	1577	4870	4
4175	4176	5153	4
5958	5959	5960	4
205	206	495	4
2781	2783	4215	4
1597	1598	1754	4
3883	3922	4083	4
1763	1968	1969	4
5033	5574	5965	4
2268	2420	2421	4
3326	3952	3953	4
5962	7236	10459	4
2965	3745	5005	4
1044	1047	3477	4
2053	2127	2187	4
5032	6726	9209	4
1016	1018	1019	4
1020	1021	1022	4
2623	3062	3063	4
5963	6714	6715	4
1011	1014	1015	4
5002	6094	6095	4
6734	6735	7291	4
3536	3537	3538	4
4267	5136	5416	4
7958	7959	7960	4
1871	1922	1992	4
7960	7961	7962	4
9216	9350	9490	4
1924	3422	9170	4
1022	1024	1025	4
3538	3539	3766	4
4945	6169	6170	4
4328	4329	4330	4
6853	10228	10291	4
6875	6876	7413	4
1596	1597	1598	4
4166	4957	4958	4
4419	4420	4421	4
3765	5690	9680	4
5124	6749	6751	4
1609	1610	1611	4
4032	7630	10445	4
4423	5081	5083	4
3273	3276	9155	4
7956	7957	7958	4
999	1000	1001	4
6607	8600	9122	4
2103	5751	9074	4
7428	8263	8264	4
1019	1020	1021	4
1900	1923	2006	4
5956	5957	5958	4
6205	6206	6207	4
7964	7965	7966	4
1613	1614	1615	4
2614	2615	2808	4
3850	4179	4350	4
4385	6690	7869	4
6412	7218	7471	4
8785	8878	10025	4
3314	3316	4589	4
5019	5898	6641	4
670	673	8991	4
1870	1871	1922	4
4023	4466	4914	4
1021	4163	5515	4
1039	1041	1042	4
2788	2791	2792	4
6440	7393	8786	4
2127	2187	2307	4
3324	4080	7932	4
4287	4742	5209	4
2875	4422	7729	4
2739	3810	3811	4
4421	4694	4695	4
4132	4393	4649	4
3194	3964	3965	4
6097	6099	6100	4
1024	1025	1026	4
1025	1026	1033	4
1008	1009	3449	4
3017	3018	3019	4
4019	4020	4688	4
4083	4084	6668	4
1158	1159	1178	4
4079	5033	5574	4
6480	6481	7429	4
2319	10048	10316	4
5595	8878	9170	4
4023	5569	8401	4
3310	5536	5537	4
4649	6110	6111	4
5731	7751	8315	4
4514	5002	10027	4
6199	6200	6201	4
2770	2771	2772	4
2772	3295	3296	4
3530	3532	10030	4
1141	1142	1158	4
2615	2808	2809	4
4393	4649	5331	4
3829	4166	4669	4
1018	1019	1020	4
3490	3492	8945	4
581	2649	5698	4
1634	1637	8728	4
3025	3026	3027	4
2257	2430	8755	4
997	998	999	4
1602	5560	7829	4
1712	8591	8721	4
4406	5397	5398	4
1615	1616	1617	4
1747	1869	1870	4
4649	5331	6110	4
5980	5982	7250	4
7017	7020	7926	4
665	666	9043	4
3534	3535	3536	4
2785	3357	3358	4
5418	5419	5420	4
9269	9606	9912	4
2622	2623	2694	4
3274	3275	8694	4
3492	3495	8945	4
3508	3509	3510	4
6201	6202	6203	4
1600	1602	5560	4
2982	2988	9405	4
3480	4530	5629	4
7389	7390	9822	4
3731	3981	4334	4
6527	6547	7915	4
1062	1135	7835	4
2830	2901	8918	4
3509	9271	9897	4
1003	1004	1005	4
1691	1694	9909	4
2199	2267	2268	4
3879	7740	7803	4
5574	5965	5967	4
5516	6503	7927	4
7013	7015	7016	4
5162	6846	9782	4
1018	3815	9215	4
5096	5784	6085	4
6495	6496	6497	4
2187	2307	2343	4
2407	2616	3006	4
2761	2762	2763	4
3270	4809	5307	4
3309	3312	9188	4
4678	5264	7750	4
2768	2769	2770	4
6403	7310	7481	4
2410	2614	2615	4
5397	5398	6480	4
1001	1003	1004	4
3324	3325	3326	4
7958	7960	7961	4
2137	2139	2231	4
5952	5953	5954	4
995	997	998	4
1585	3681	4023	4
5418	5420	9896	4
5929	6713	10543	4
1690	9538	9930	4
3965	4328	4329	4
9055	9056	9057	4
1984	2060	3192	4
3019	3020	3021	4
1636	1762	1763	4
1729	1881	8312	4
3491	3492	3493	4
6142	6302	6304	4
1007	1008	1009	4
3490	3491	3492	4
1032	1034	1035	4
1975	6805	8979	4
1581	8401	8412	4
3358	3836	4398	4
4388	5039	5089	4
5472	6442	7505	4
3019	3021	8796	4
1000	5124	8499	4
2792	6451	7839	4
2187	2343	2344	4
3880	4175	4176	4
4504	6477	8165	4
1581	1582	8401	4
2995	2997	3001	4
572	573	574	4
4504	4505	4506	4
6297	6594	6595	4
1121	1126	1141	4
3879	4175	7740	4
4151	4676	8973	4
7352	8430	8431	4
6381	8247	8248	4
1592	1594	1595	4
1047	1052	1062	4
1588	1590	1591	4
1923	2006	2053	4
5947	8452	9689	4
2231	2319	2622	4
3503	3504	3505	4
3520	3521	3522	4
5945	5964	7326	4
6100	7405	7462	4
2784	2785	2786	4
8055	9203	9204	4
1694	10117	10209	4
2809	4132	4393	4
3819	4647	5418	4
6381	6382	8247	4
5096	6085	6724	4
8011	8012	8013	4
1611	1612	1613	4
2764	2766	9975	4
2006	2053	2127	4
3526	3527	3528	4
3964	3965	4328	4
5962	6714	7236	4
2757	8600	9122	4
5136	6801	6802	4
7465	7466	7467	4
3020	3021	3022	4
3262	3270	4809	4
3497	3498	3609	4
4329	4330	5148	4
5138	6198	6199	4
6504	9271	9440	4
6594	10178	10292	4
620	622	9224	4
3023	3024	3025	4
5516	5517	7927	4
2069	2070	2137	4
3975	4651	4680	4
2409	2410	2614	4
3192	4801	4910	4
1612	1613	1614	4
3504	3505	3506	4
989	991	2159	4
7467	7468	7476	4
1597	1754	1900	4
3494	3496	3497	4
1260	1292	2444	4
3321	3323	3324	4
3510	3512	3513	4
3688	4678	5731	4
5264	7752	7753	4
5952	10413	10737	4
6394	6397	6398	4
1618	8616	9489	4
1044	1046	1047	4
3257	4151	8973	4
3545	4015	4402	4
3015	3017	3018	4
4402	5589	8366	4
3681	4023	4466	4
3876	3943	4287	4
579	581	2649	4
3716	5902	8186	4
5125	6749	6750	4
1030	1031	1032	4
3502	3503	3504	4
2765	2766	2767	4
5296	7108	8991	4
6107	6440	6441	4
2070	2140	7645	4
3518	3520	3521	4
3497	3609	4021	4
4961	9659	9763	4
2343	2344	2409	4
3531	3533	9428	4
589	591	1903	4
4019	4688	4690	4
4797	7124	8104	4
5955	5956	5957	4
6522	6526	7816	4
3484	3486	4218	4
5331	6110	7212	4
8318	8319	8320	4
579	2649	8230	4
1024	1027	9505	4
4786	5704	5705	4
1014	1015	1016	4
1283	4500	9743	4
1923	3448	8389	4
3320	3321	3323	4
5589	6472	6473	4
6393	6394	8141	4
3023	3025	3026	4
6874	6875	6876	4
1869	1870	1871	4
2317	2333	2624	4
4669	4945	6169	4
4914	5569	5570	4
5586	8263	8264	4
7083	7086	7444	4
2407	2408	2616	4
2830	2832	2901	4
3011	3013	3014	4
3518	3519	3520	4
6862	6870	6871	4
4717	5255	5256	4
1629	1630	1636	4
5953	5955	9044	4
687	9606	9912	4
3521	3522	3540	4
5121	5735	6143	4
5472	7505	8704	4
6394	6398	6399	4
3478	3480	4530	4
5472	5473	6442	4
6623	11064	11083	4
7009	7011	7025	4
993	8802	9148	4
1005	1006	1007	4
1690	9909	9930	4
2073	2074	2202	4
3524	3526	7732	4
5544	7362	8986	4
6021	7313	7314	4
2344	2410	8387	4
3715	3716	3999	4
5705	6296	7096	4
7018	7022	7030	4
1599	3779	9642	4
5698	6283	7001	4
2467	2530	2821	4
4674	6080	6081	4
5070	6039	7756	4
6605	6606	7630	4
3513	3514	3545	4
4505	4520	4884	4
5320	6383	9207	4
1581	8412	9183	4
2793	3809	8671	4
4179	5137	5138	4
601	603	2447	4
3018	3019	3020	4
1178	1179	1192	4
1703	1706	8583	4
5953	5954	5955	4
1957	2001	2031	4
7724	7725	7726	4
3533	3534	3535	4
3609	4021	4406	4
4815	5306	5921	4
5136	5416	6801	4
5335	5881	7242	4
6498	7387	7511	4
1404	1609	1610	4
2791	2792	2793	4
6302	6304	7039	4
1180	8687	9586	4
3521	4504	8165	4
5516	6502	6503	4
6092	7349	7353	4
1008	3449	4267	4
1585	1586	3681	4
8011	8013	8014	4
573	574	575	4
1720	1975	8979	4
6207	6208	6209	4
1028	1029	1030	4
1969	2103	9074	4
2421	3330	5279	4
6411	6412	6413	4
3512	3513	3514	4
5409	5410	5514	4
7084	7085	7087	4
638	641	9123	4
1033	3826	6734	4
1619	1620	1621	4
3812	4020	5500	4
5756	6605	7480	4
3022	7955	7956	4
3500	3502	3503	4
6405	6406	6407	4
7352	8429	8430	4
208	209	471	4
3434	4969	8518	4
1592	1595	9737	4
2987	2989	2994	4
3449	4267	5121	4
4329	5149	8670	4
3021	3022	3023	4
3434	3741	4969	4
3513	3545	4015	4
4530	8709	8785	4
4885	5945	5946	4
5019	6641	9882	4
5264	7750	7752	4
5960	5961	5962	4
6472	6473	7351	4
3025	3045	8305	4
1026	1027	1028	4
3495	3496	8939	4
3974	3975	4651	4
7464	7466	7469	4
1610	1611	1612	4
2060	3192	3963	4
4506	6477	8800	4
999	1002	8735	4
2808	4241	7865	4
3532	3533	3534	4
1022	1023	1024	4
1590	1591	1592	4
5398	6480	6481	4
1135	7835	7836	4
3218	3220	4032	4
3628	4355	9207	4
3834	4122	4123	4
7932	7933	7934	4
3020	3022	7955	4
1035	1036	1037	4
2353	2354	2407	4
2617	2743	2744	4
2980	2982	2986	4
6091	7107	7315	4
595	597	1258	4
7386	7387	7559	4
3496	3497	3498	4
4466	5472	5473	4
6606	7630	7631	4
2912	3731	3981	4
5753	9374	10155	4
5909	9703	9764	4
3491	3493	5586	4
4015	4402	4861	4
4073	4075	4644	4
6878	6964	7361	4
1992	1993	2069	4
1621	1622	1623	4
4686	5161	6809	4
1567	1569	5633	4
3819	4150	4647	4
3015	3016	3017	4
3424	3426	8926	4
3506	3508	3509	4
1975	6142	6805	4
4125	4126	4646	4
197	198	9243	4
626	629	9112	4
4530	5629	8709	4
192	193	454	4
1575	1576	1577	4
982	984	1045	4
6382	6383	6384	4
2704	2870	3876	4
5033	5965	6692	4
1011	1013	1014	4
3471	3974	3975	4
3510	3511	3512	4
5660	6287	7048	4
3422	5595	9170	4
3878	3879	3880	4
4406	4896	5397	4
1478	1729	2399	4
6548	7076	7125	4
3956	5864	10039	4
2328	3309	9188	4
6406	9834	10013	4
7082	7083	7084	4
1711	1713	1714	4
1565	3715	3716	4
3503	3505	8055	4
5065	6186	6187	4
1009	1010	1011	4
2409	2614	3005	4
2780	2781	2782	4
6495	6497	6499	4
7149	7473	9996	4
1016	1017	1018	4
1933	1935	9924	4
7463	7464	7465	4
1623	1624	1625	4
978	980	6146	4
3496	3499	8939	4
5957	5958	5959	4
2354	2407	2408	4
3051	8413	8414	4
3276	4796	9155	4
6097	7405	7627	4
6545	10117	10209	4
1660	3688	3970	4
3223	3225	3226	4
4130	5070	5933	4
2335	2353	2354	4
2786	2787	2788	4
5690	5691	5692	4
1754	1923	3448	4
3506	3507	3508	4
4514	5001	5002	4
8316	8318	8319	4
622	625	9224	4
4945	7389	8839	4
2755	3842	4419	4
5006	6620	6621	4
609	610	611	4
3530	3531	3532	4
613	614	615	4
4579	5408	5712	4
7447	8686	9980	4
1001	1002	1003	4
1725	2308	2318	4
4694	5314	9236	4
6608	6611	9702	4
1258	1983	1984	4
3524	3525	3526	4
5419	6106	6779	4
3427	3428	9133	4
3522	3523	3524	4
4355	5319	5320	4
3515	3516	3517	4
6481	7429	8064	4
1595	9012	9737	4
7947	7948	9304	4
9505	9506	9759	4
2430	2779	2780	4
5473	6442	7438	4
6182	6190	7472	4
6392	6393	6394	4
6400	6422	6654	4
2827	2829	8348	4
191	541	7815	4
1577	4870	4871	4
1718	1719	1720	4
3491	5586	8565	4
611	612	613	4
4085	4718	9915	4
2344	2409	2410	4
3520	3523	8411	4
3231	3233	3234	4
3239	3241	3242	4
3488	3490	3491	4
6384	6392	6393	4
1614	1615	1616	4
3521	3540	4504	4
5982	7250	7666	4
609	611	8573	4
659	4378	7159	4
3024	3025	3045	4
3214	3216	4048	4
597	1258	1983	4
2763	2764	2765	4
3492	3493	3494	4
585	587	3700	4
2986	2987	9098	4
6381	8248	8364	4
634	636	637	4
1959	2259	8369	4
5307	7146	7147	4
1025	1033	3826	4
1041	1043	1044	4
3013	3014	3015	4
1578	1580	1581	4
1580	1581	1582	4
1718	1720	8979	4
2307	2335	2353	4
3026	3027	3028	4
4402	5354	5589	4
1643	1645	1883	4
2127	2307	2335	4
1721	1908	8877	4
3050	4397	7249	4
4504	4506	6477	4
1720	1721	1755	4
4678	4772	5264	4
3068	7803	9845	4
2767	2768	2769	4
1720	1755	1975	4
3497	4021	8482	4
4176	5153	5160	4
6735	7291	7292	4
3253	3256	9663	4
3500	3501	3502	4
1928	1930	2030	4
3723	5031	5476	4
4969	4970	6544	4
1729	2399	8312	4
1576	1577	1578	4
3434	3435	3741	4
3543	5556	9154	4
1900	2006	5471	4
4021	4406	4896	4
2829	4488	8348	4
3528	3529	3530	4
1039	1040	1041	4
5267	5498	7047	4
5307	5352	7146	4
3223	3224	3225	4
1594	1595	1596	4
3212	4053	8010	4
5544	6401	7362	4
605	606	607	4
1614	2215	9671	4
3210	3212	4053	4
3520	3522	3523	4
5570	5606	6465	4
1712	1713	8584	4
1984	2059	2060	4
3262	3263	3270	4
4397	6444	6445	4
4424	5082	5409	4
5331	7219	9841	4
6522	6524	6525	4
1627	1628	1629	4
4402	4861	5354	4
8315	8316	8318	4
1582	1584	1585	4
2068	2103	2104	4
2928	3010	3011	4
6519	9418	9538	4
3532	3534	3542	4
5320	6382	6383	4
171	172	8187	4
1078	1117	1121	4
3272	3273	9155	4
1653	1655	1960	4
3471	3975	4487	4
6382	6384	6391	4
1019	1021	4163	4
1755	1975	3983	4
2104	2256	2257	4
2257	2429	2430	4
3270	5307	7897	4
6288	6521	8757	4
4023	4914	5569	4
5832	5833	6147	4
5980	7250	8985	4
6249	6972	6973	4
7148	7149	7150	4
4579	5120	5408	4
575	576	577	4
4871	9183	10044	4
6735	7292	8374	4
4488	9263	9750	4
3807	4579	9306	4
6439	6440	7393	4
7751	8316	8317	4
3187	4258	7919	4
3283	4207	4354	4
3956	5831	5864	4
5705	5706	6296	4
2827	8348	8869	4
2973	10228	10291	4
4075	4076	4077	4
5662	5663	6134	4
3741	4969	4970	4
3011	3012	3013	4
6498	7386	7387	4
615	616	617	4
3498	3500	9203	4
4130	5933	9541	4
4241	7866	7867	4
4150	5096	5784	4
6183	6184	6813	4
3525	3526	3527	4
6398	6399	6400	4
3499	3500	3501	4
5002	5324	6094	4
1983	1984	2059	4
6473	7352	8429	4
1632	1634	5667	4
7087	7088	7089	4
3517	3518	3519	4
3765	4622	5690	4
3258	3259	3262	4
3498	3499	3500	4
3688	5731	9341	4
6209	6210	6211	4
5570	6465	7440	4
6872	6874	6875	4
1975	3983	6142	4
3504	3506	3507	4
3505	3506	9271	4
6522	6525	6526	4
656	659	9175	4
612	3687	9552	4
4438	5332	5470	4
4797	7123	7124	4
3275	3277	3283	4
1655	1656	1657	4
4166	4669	10121	4
1649	1651	4112	4
3508	3510	3511	4
7957	7958	7959	4
618	620	621	4
2132	2828	3959	4
3481	3483	3484	4
4251	5120	8817	4
4674	6081	6140	4
6095	6096	6097	4
3433	3434	3435	4
3486	3487	3488	4
3494	3495	3496	4
4958	5447	6141	4
3321	3324	7932	4
3478	4530	8926	4
5260	5802	5803	4
1713	1714	1715	4
2694	2737	8498	4
1699	1701	1702	4
2874	2875	2876	4
4718	9915	10259	4
4218	8626	9609	4
1926	1927	1928	4
3688	3970	4678	4
5354	5589	6472	4
5947	5948	5949	4
1009	1011	9212	4
1911	1925	1926	4
1634	5667	8728	4
3001	4130	9541	4
3021	3024	8796	4
3501	3502	3828	4
4861	5543	5544	4
3239	3242	8592	4
3529	3530	3531	4
3241	3242	3243	4
4209	5140	5662	4
1934	1959	2259	4
3527	3528	3529	4
995	996	997	4
1017	1018	3815	4
1617	1618	1619	4
2718	2719	8600	4
3021	3023	3024	4
3431	3432	3433	4
5948	5950	6460	4
3218	3219	3220	4
4451	5124	5125	4
5753	5754	5755	4
996	997	3819	4
1685	1689	1690	4
3283	3284	4207	4
3227	3229	3230	4
2924	2925	2926	4
7963	7964	7965	4
574	575	576	4
2649	6998	8230	4
3478	3479	3480	4
4520	9689	9967	4
997	3819	8735	4
3013	3015	3016	4
3537	3538	3539	4
6384	6391	6392	4
3241	3243	3244	4
3247	3249	3250	4
5961	5962	5963	4
5420	6107	6439	4
5955	5957	10085	4
1625	1626	1627	4
1928	1929	1930	4
2616	2617	2743	4
3543	4961	4962	4
5756	5757	6404	4
2053	8388	8389	4
2976	2978	2979	4
2994	2995	9541	4
541	7812	7815	4
4053	8011	8012	4
4079	4606	5033	4
1653	1654	1655	4
1703	1705	1706	4
3018	3020	4146	4
3999	4385	4438	4
3512	3514	3515	4
7962	7964	7975	4
3535	3536	3537	4
4015	4861	5543	4
1695	1697	1698	4
3426	3428	3478	4
3523	3524	3525	4
3531	4147	9428	4
1929	1930	1931	4
4809	5307	5352	4
4885	5946	5947	4
3271	3273	3274	4
4896	5397	6434	4
5328	5680	9559	4
2311	2314	9789	4
8012	8013	8015	4
3257	3258	3259	4
7147	7148	7149	4
3540	4505	4520	4
3259	3262	3263	4
165	166	8135	4
655	656	9175	4
3514	3515	3516	4
7751	8315	8316	4
3251	3253	3254	4
5659	5660	5661	4
1584	1585	1586	4
4652	5267	5498	4
9224	9834	10013	4
5544	5545	6401	4
6096	6097	6099	4
1932	1933	1934	4
1756	1909	1910	4
3427	3430	9133	4
5320	6381	6382	4
1715	1717	1718	4
2833	3206	3207	4
3487	3488	3489	4
3210	3211	3212	4
577	578	579	4
3212	3213	3214	4
3253	3254	3255	4
3506	3509	9271	4
6527	6545	6546	4
5589	6473	8800	4
6297	6595	6596	4
5660	5661	6287	4
1927	1928	1929	4
1691	1693	1694	4
4884	4885	5945	4
2198	2267	9620	4
2410	2615	2922	4
3214	3215	3216	4
3431	3433	3434	4
3519	4249	4514	4
601	602	603	4
5083	5340	6176	4
1709	1710	1711	4
2989	2994	2995	4
3016	3017	3050	4
5569	5570	5606	4
2926	2928	3010	4
4910	6294	6295	4
996	3819	4150	4
5926	5927	5929	4
607	608	609	4
3492	3494	3495	4
6393	8141	9707	4
1657	1660	3688	4
3545	8366	8855	4
4881	6403	7310	4
1583	7820	10002	4
1908	8877	8878	4
3516	3517	3518	4
1707	1709	1710	4
2067	2199	8285	4
2384	7622	9862	4
3816	4917	5672	4
1037	1039	1040	4
4152	5704	9663	4
6440	6441	6536	4
4251	4579	5120	4
6392	6394	6397	4
3024	5328	8796	4
3229	3230	3231	4
7631	7632	7633	4
662	664	665	4
3249	3250	3251	4
3256	4151	4152	4
3449	5121	5735	4
2809	4393	4394	4
3208	3209	3210	4
5951	5952	5953	4
6021	6464	7313	4
6527	6546	6547	4
616	617	618	4
666	669	9043	4
5754	5756	5757	4
4796	4797	7123	4
5706	6297	6594	4
670	672	673	4
1712	8584	8591	4
2059	2060	2132	4
3505	8055	9440	4
3807	4251	4579	4
3480	5629	8626	4
1695	1696	1697	4
1909	1910	1911	4
6383	9350	9490	4
6107	6441	7599	4
1637	1639	1749	4
3225	3227	3228	4
3239	3240	3241	4
3257	3259	8973	4
3531	3532	3533	4
3829	4669	4944	4
3983	6142	6302	4
6401	6402	7364	4
6405	6407	6408	4
636	637	638	4
660	662	9471	4
1616	2215	8616	4
3243	3245	3246	4
5354	6472	7344	4
5949	5950	5951	4
2139	2140	10048	4
4209	5139	5140	4
6858	6860	6861	4
607	609	1191	4
3519	4514	8411	4
4530	8785	8926	4
3220	3221	3222	4
1565	1566	3715	4
1909	1924	9170	4
2997	3001	3002	4
2744	2924	2925	4
3484	3485	3486	4
4021	5593	8482	4
588	589	590	4
1658	1660	1661	4
997	999	8735	4
3880	3881	7993	4
4387	4388	5062	4
4675	4786	5285	4
2344	8387	8388	4
2771	2772	3295	4
5419	5420	6106	4
5815	6851	6923	4
1931	1932	1933	4
4022	4918	4919	4
1003	1005	1006	4
4015	5543	8486	4
4918	4919	6478	4
3312	8151	9188	4
5921	5922	7133	4
654	656	657	4
7107	7108	7510	4
614	615	616	4
1573	3761	4079	4
3271	3272	3273	4
3850	4350	4791	4
1616	1617	1618	4
3488	3489	3490	4
5814	9485	9701	4
1027	3795	9505	4
3811	4881	6403	4
4488	9263	10065	4
1703	1704	1705	4
3483	3485	9154	4
3499	4159	8939	4
3540	4504	4505	4
7955	7956	7957	4
656	658	659	4
3284	4207	4208	4
3974	4651	4652	4
579	580	581	4
3251	3252	3253	4
4207	4208	4805	4
5062	6093	10118	4
991	992	993	4
6409	6410	6411	4
978	979	980	4
1969	2068	2103	4
6398	6400	6422	4
1657	1658	1660	4
6382	6391	8247	4
1705	1706	1707	4
604	3625	9912	4
620	621	622	4
2982	2986	2987	4
3761	5796	9652	4
6404	7480	10233	4
2744	2923	2924	4
3235	3236	3237	4
4151	4675	4676	4
1245	1283	4500	4
1651	1652	1653	4
3253	3255	3256	4
9382	10089	10242	4
603	604	605	4
658	660	661	4
1618	1619	1620	4
1649	1650	1651	4
1721	1755	1756	4
3323	3324	3325	4
7020	7021	7023	4
980	981	982	4
3213	3214	3215	4
1934	1935	1959	4
3216	3217	3218	4
3496	3498	3499	4
4205	5318	8567	4
1719	1720	1721	4
1929	1931	9165	4
3489	3490	3830	4
1622	1623	1624	4
2268	2421	3330	4
3317	3319	10070	4
4124	4125	4126	4
6621	6622	6702	4
608	609	610	4
5704	5705	5706	4
598	600	9070	4
673	675	5296	4
1697	1698	1699	4
655	3628	4205	4
2308	2318	3829	4
2831	2833	9750	4
4651	4652	5267	4
5592	7428	7651	4
1010	1011	1013	4
3529	4147	8290	4
3766	4074	10440	4
1628	1629	1630	4
1657	3688	9341	4
2522	2706	2707	4
4021	4896	5593	4
1020	1022	1023	4
1717	1718	1719	4
3028	3051	8413	4
578	579	580	4
3233	3234	3235	4
1925	1926	1927	4
3490	3830	8945	4
6606	7631	9959	4
1684	9418	9538	4
2833	3207	3208	4
5416	6801	7458	4
6548	6604	8003	4
6288	6520	6521	4
6409	6411	6412	4
1626	1627	1628	4
4251	4650	8817	4
5667	8728	8729	4
1592	1593	1594	4
1602	1746	1747	4
1624	4566	9016	4
3263	3270	3271	4
1716	4022	8584	4
3430	3431	3432	4
6094	6095	6096	4
1747	1868	1869	4
3276	4156	4796	4
5473	7438	7439	4
3422	3424	5595	4
5659	5661	9418	4
1007	1009	1010	4
673	674	675	4
658	659	660	4
991	2159	9148	4
1645	1646	1647	4
1656	1657	1658	4
592	593	594	4
642	644	645	4
4208	4209	5139	4
5982	6020	6021	4
6496	6498	7386	4
652	653	654	4
1924	1925	2020	4
3004	3186	3187	4
4884	5945	5964	4
8013	8014	9269	4
5569	8401	8412	4
653	655	3628	4
1701	1702	1703	4
4962	5557	5832	4
5397	6480	8575	4
659	660	4378	4
1661	1663	1684	4
2408	2616	2617	4
2553	2718	2912	4
5279	6623	6625	4
602	603	604	4
606	607	608	4
1011	1015	9212	4
3255	3257	3258	4
604	605	606	4
3424	3425	3426	4
3479	3480	3481	4
3504	3507	8627	4
1693	1694	1695	4
2739	3811	4881	4
3187	3946	4686	4
580	581	582	4
656	657	658	4
1636	1763	3719	4
1638	1639	1640	4
1877	2310	8713	4
1930	1931	1932	4
3219	3220	3221	4
3233	3235	3236	4
3273	3274	3275	4
7017	7019	7020	4
2788	2790	2791	4
3209	3211	9424	4
3249	3251	3252	4
3283	4354	8694	4
4022	4919	5592	4
4717	5256	10317	4
5661	6287	6288	4
6494	8670	8671	4
3235	3237	3238	4
3245	3246	3247	4
3502	3828	8627	4
3859	4178	4281	4
640	641	642	4
3313	3856	10093	4
3318	3321	9698	4
3433	3807	9306	4
3423	3425	9591	4
3970	4678	4772	4
4330	5148	5150	4
5209	6868	6891	4
611	613	3853	4
604	606	3625	4
1630	1632	9091	4
1933	1934	1935	4
2259	8369	8370	4
6547	6548	7076	4
2769	2770	2771	4
1663	1684	1685	4
1707	1708	1709	4
4334	6608	6609	4
6441	6536	6732	4
981	983	985	4
2784	2786	2787	4
3963	5260	5802	4
5784	6085	6128	4
6546	6548	6604	4
1624	1625	1626	4
2924	2926	2927	4
2926	2927	2928	4
594	595	596	4
1711	1712	1713	4
5019	5020	5898	4
666	668	669	4
576	577	578	4
1929	4219	9165	4
6296	6297	8738	4
610	611	612	4
612	613	614	4
1689	1690	1691	4
3425	3427	3429	4
194	195	554	4
1046	1047	1052	4
3247	3248	3249	4
3255	3256	3257	4
1911	1924	1925	4
7963	7965	7979	4
1927	1929	4219	4
2706	3717	9766	4
3256	3257	4151	4
1647	1648	1649	4
1654	1656	3622	4
3529	3531	4147	4
1658	1661	1662	4
3227	3228	3229	4
3627	5753	5754	4
648	649	650	4
1569	8771	9149	4
5120	5408	6746	4
590	591	592	4
3432	3433	3807	4
5089	6088	6089	4
1641	1642	1643	4
644	645	646	4
1566	1567	1568	4
1685	1688	1689	4
1923	2053	8389	4
2020	3423	5727	4
2335	2354	4025	4
2429	2430	2779	4
5077	6059	6181	4
5335	5880	5881	4
982	983	984	4
999	1001	1002	4
2787	2788	2790	4
3964	4328	4770	4
5866	6954	6955	4
6188	6189	7261	4
6412	6413	7218	4
992	994	1012	4
1620	1621	1622	4
1931	1933	2027	4
2000	3722	3723	4
3539	3766	3767	4
4205	4355	5318	4
672	673	674	4
7962	7963	7964	4
600	601	602	4
1716	1717	1750	4
6393	9350	9707	4
2103	2104	2256	4
2256	2257	2429	4
2779	2780	3195	4
3277	3283	3284	4
606	3625	9382	4
654	655	656	4
1755	3983	9661	4
634	635	636	4
3221	3223	3224	4
1568	1570	1571	4
669	670	8991	4
5545	6402	6504	4
7008	7009	7010	4
3193	3194	3962	4
5328	8796	8965	4
6404	6405	7609	4
993	994	995	4
3231	3232	3233	4
4249	4514	5001	4
7438	7439	7562	4
646	648	649	4
988	990	3698	4
2793	3193	3194	4
2978	2979	2980	4
3429	3430	3431	4
5543	5545	9897	4
6525	6526	6527	4
5557	5832	5833	4
1574	1575	1576	4
3225	3226	3227	4
669	8991	8992	4
1654	1655	1656	4
2694	3064	8498	4
3426	3427	3428	4
5096	6724	9818	4
3275	3283	8694	4
2928	3011	3012	4
4424	5409	9980	4
3284	4208	4209	4
5283	7068	7070	4
7291	7292	7293	4
608	610	1139	4
1655	1657	9341	4
4286	4731	5225	4
6099	6100	6793	4
620	3627	9224	4
1572	1574	1575	4
1927	4219	9227	4
4408	7749	9830	4
5661	6519	9418	4
8662	9638	10357	4
1598	1599	1600	4
1909	1911	1924	4
3275	3276	3277	4
3435	3741	5021	4
5948	5949	5950	4
1648	1650	9096	4
3499	3501	4159	4
1756	1908	1909	4
3767	4073	4075	4
5420	6106	6107	4
1713	1715	1716	4
3295	3982	4395	4
3833	4673	7981	4
5545	6401	6402	4
589	590	591	4
660	661	662	4
1646	1647	1648	4
1648	1649	1650	4
1958	5077	6058	4
6383	9207	9490	4
6520	6522	6524	4
1715	1716	1717	4
4387	5062	5654	4
5089	6089	6127	4
3024	3045	5328	4
3428	3478	3479	4
4772	5659	5660	4
587	588	589	4
653	654	655	4
3483	3484	3485	4
987	988	989	4
1908	8878	9170	4
6288	6519	6520	4
1043	1044	1046	4
1638	1640	1753	4
2312	2315	2965	4
4077	4388	5039	4
5319	5320	6381	4
5947	5949	8452	4
6295	6461	7507	4
626	628	629	4
6870	6871	6872	4
2995	3001	9541	4
1117	1121	1126	4
1721	1756	1908	4
1025	3826	8590	4
1713	1716	8584	4
3018	4146	9482	4
6439	7393	7647	4
4152	4786	5704	4
1034	1035	1036	4
4163	5515	5516	4
4151	4152	4675	4
633	635	3699	4
664	665	666	4
1691	1692	1693	4
628	629	630	4
1689	1691	1692	4
1701	1703	1704	4
5672	5673	5674	4
1596	1598	1599	4
2422	2739	9545	4
1040	1041	1043	4
1634	1635	1637	4
2827	2828	2829	4
4686	4687	5161	4
599	601	8977	4
979	980	981	4
5150	6182	6190	4
1014	1016	1017	4
3276	3277	4156	4
3482	3543	4961	4
5001	5002	5324	4
586	587	588	4
650	652	653	4
668	669	670	4
3628	9206	9207	4
3815	4916	5703	4
3817	4251	4650	4
989	990	991	4
1709	1711	1712	4
2759	2761	3977	4
3229	3231	3232	4
5954	5956	6449	4
610	1139	9552	4
5833	7262	7263	4
5898	5899	5900	4
1027	1028	1029	4
1719	1721	8877	4
1192	1259	3355	4
1650	1652	1659	4
3479	3481	3482	4
1716	1750	4022	4
3834	4123	4124	4
1024	1026	1027	4
3485	3486	3487	4
3485	3762	9154	4
3817	4650	6552	4
6546	6547	6548	4
3026	3028	8413	4
197	474	9243	4
614	3687	9374	4
1652	1653	1654	4
3826	6734	6735	4
3983	6302	6303	4
600	687	9070	4
2832	2833	3206	4
3237	3239	3240	4
6407	6409	6410	4
3807	3817	4251	4
7696	7699	7709	4
3209	3210	3211	4
1578	1579	1580	4
2343	8020	9574	4
3211	3212	3213	4
1635	1637	1638	4
4156	4796	4797	4
5398	6481	6482	4
662	665	9471	4
1663	1685	1688	4
3002	3003	3004	4
585	586	587	4
1052	1062	1063	4
3723	5476	8383	4
5661	6288	6519	4
7011	7012	7013	4
596	597	598	4
4772	5660	9603	4
2617	2744	2923	4
5754	5755	5756	4
1031	1032	1034	4
1566	3715	9157	4
2829	2831	4488	4
5557	5558	9000	4
4769	7226	7227	4
3221	3222	3223	4
1010	3802	9294	4
1924	2020	3422	4
2876	2877	2878	4
6402	6504	7856	4
7146	7147	7148	4
1353	1403	1405	4
3816	4916	4917	4
5881	5980	8985	4
1567	1568	1569	4
593	594	595	4
3422	3423	3424	4
595	596	597	4
2020	3422	3423	4
5833	6147	7262	4
2830	2831	2832	4
7017	7018	7019	4
1612	4448	9671	4
1650	1651	1652	4
2020	5727	9227	4
5660	7048	9603	4
241	242	553	4
618	619	620	4
5296	7107	7108	4
4772	5264	9603	4
5673	6774	6775	4
625	626	9112	4
1563	1564	1565	4
3217	3218	3219	4
3425	3426	3427	4
3812	5500	8532	4
992	1012	9497	4
1639	1640	1641	4
2878	3877	3878	4
588	590	1901	4
1127	6149	10004	4
3325	3326	3952	4
3209	3301	9424	4
4769	7225	7226	4
5755	5756	6605	4
632	633	634	4
1159	1178	1179	4
1697	1699	1700	4
1699	1700	1701	4
3483	3543	9154	4
3628	4205	4355	4
591	592	593	4
635	636	3623	4
1600	1601	1602	4
1643	1644	1645	4
3273	3275	3276	4
3981	4334	9095	4
4076	4077	4387	4
5138	6199	6200	4
7018	7019	7022	4
592	594	4512	4
2870	3876	3943	4
5592	8584	8591	4
6304	7039	7109	4
980	6146	8961	4
4693	6659	9710	4
6249	10195	10244	4
7013	7014	7015	4
3517	3519	4249	4
3543	4962	5556	4
2829	2830	2831	4
582	584	585	4
2006	5471	8185	4
1610	1612	4448	4
3237	3238	3239	4
4451	5125	6490	4
3810	3811	9700	4
2974	2975	2976	4
3883	3921	3922	4
5473	7439	8662	4
7090	7092	10743	4
3263	3271	3272	4
4076	4387	8643	4
5957	5959	7746	4
4355	5318	5319	4
9365	10432	10549	4
239	240	467	4
981	982	983	4
2132	2827	2828	4
2326	2327	9274	4
3245	3247	3248	4
1354	1404	9143	4
3489	3830	4162	4
638	640	641	4
5296	6091	7107	4
1012	9808	10129	4
3358	4398	5732	4
5804	7007	7008	4
6478	9609	9977	4
599	600	601	4
1693	1695	1696	4
3746	3748	3749	4
5225	6772	6773	4
4014	4397	6444	4
5804	7006	7007	4
1685	1690	9538	4
3533	3535	4144	4
4241	7867	9910	4
5964	8430	10504	4
196	197	474	4
3313	3315	10093	4
601	2447	8977	4
2410	2922	8387	4
612	614	3687	4
3943	4287	4742	4
3050	4014	4397	4
3432	3807	3817	4
8013	9269	9606	4
598	599	600	4
624	625	626	4
3207	3208	3209	4
3747	3750	5019	4
6422	6654	7258	4
7563	9012	9737	4
1586	1587	1588	4
5954	5955	5956	4
9206	9207	9490	4
1588	1589	1590	4
1705	1707	1708	4
2765	2767	3264	4
3817	6552	9005	4
600	602	687	4
991	993	9148	4
1066	6197	9466	4
616	618	619	4
1633	1635	3442	4
3753	7627	7628	4
3878	3881	9952	4
619	3627	5753	4
5866	6955	10364	4
3330	5279	6623	4
2059	2132	2827	4
2972	2974	2975	4
7089	7090	7092	4
1640	1641	1642	4
1142	1158	1159	4
3194	3962	3964	4
5797	6644	6691	4
5149	8670	9960	4
442	7809	7810	4
1624	1626	4566	4
1763	1969	9074	4
3509	8486	9897	4
3243	3244	3245	4
1404	1610	9143	4
1585	4023	8401	4
596	598	599	4
619	620	3627	4
2995	2996	2997	4
243	244	406	4
1564	1565	1566	4
4150	4647	5096	4
2199	8285	9177	4
5409	5514	7447	4
1029	1030	1031	4
1644	1645	1646	4
3428	9133	9659	4
3962	3964	9631	4
5757	6405	6406	4
2408	7598	9971	4
3318	3319	3320	4
4126	4954	5335	4
6096	6099	7340	4
7024	7027	7028	4
5667	8729	9913	4
5757	6406	9834	4
5658	8371	9433	4
6391	6392	9348	4
4910	6295	6461	4
7108	8991	8992	4
3427	3429	3430	4
1630	1631	1632	4
3016	3050	4014	4
3215	3217	4120	4
1661	1662	1663	4
3922	4083	4084	4
5864	5865	5866	4
235	236	413	4
669	8992	9043	4
994	995	996	4
2314	2316	2317	4
3533	4144	9428	4
6609	6610	7093	4
1570	1571	1572	4
7021	7024	7027	4
8412	9183	10044	4
1632	1633	1634	4
5959	5960	5961	4
6297	6596	8738	4
5802	5803	5804	4
5318	5319	6339	4
6525	6527	6545	4
1633	1634	1635	4
1063	1077	1078	4
3519	3520	8411	4
7015	7017	7018	4
990	992	9497	4
990	3698	9497	4
622	624	625	4
5569	5606	8412	4
6878	6963	6964	4
1355	1413	1428	4
1642	1643	1644	4
3485	3487	3762	4
6520	6521	6522	4
584	585	586	4
984	986	987	4
3215	3216	3217	4
3423	3424	3425	4
3525	3527	3753	4
3815	3816	4916	4
5951	5953	6540	4
1569	5633	8771	4
2828	2829	2830	4
2001	2031	2032	4
3767	4075	4076	4
3045	5328	5680	4
3963	5802	9596	4
3970	4772	5659	4
655	4205	9175	4
5881	5979	5980	4
6400	6654	10135	4
3537	3539	4133	4
5039	6113	9053	4
6211	6212	6213	4
1644	1646	1921	4
5556	5557	5558	4
6963	6964	6965	4
5256	10602	10676	4
3022	3023	9318	4
3749	3882	3883	4
1017	3816	9066	4
1582	1583	1584	4
2032	2033	2034	4
4152	4675	4786	4
6392	6397	9348	4
1610	4448	9143	4
2333	2521	2522	4
4053	8010	8011	4
6544	9029	10054	4
3498	3609	9203	4
4261	4279	5092	4
988	989	990	4
5759	7190	7191	4
228	229	421	4
3959	10140	10372	4
5706	6296	6297	4
4241	7865	7866	4
4608	4814	4815	4
992	993	994	4
630	632	633	4
4647	5418	5419	4
3761	4079	4606	4
3962	4769	9631	4
4393	4394	9841	4
4077	4387	4388	4
6540	10113	10152	4
3211	3213	4114	4
5797	6643	6644	4
6399	8141	9860	4
6964	6965	6966	4
3207	3209	3301	4
3481	3482	3483	4
3193	3962	4196	4
990	991	992	4
5065	6187	6188	4
5606	8412	10044	4
4606	5796	5797	4
5663	6105	6704	4
7630	7631	7632	4
2622	2694	2737	4
5077	6058	6059	4
1572	1573	1574	4
3482	3483	3543	4
5161	5162	6183	4
633	634	635	4
6093	10989	11003	4
1637	1638	1639	4
4085	4261	4279	4
1576	1578	1579	4
3528	3530	10152	4
983	984	986	4
3316	3317	3318	4
3952	3953	4286	4
3016	4014	9513	4
6190	6191	6192	4
675	6091	6797	4
3430	3432	9005	4
660	4378	9471	4
2034	2035	2073	4
3430	9005	9133	4
5150	6190	6191	4
4969	8518	9029	4
5900	5901	5926	4
237	238	556	4
5979	5980	5981	4
3316	4589	9698	4
1881	1957	8313	4
4395	4396	4633	4
5124	6751	8499	4
6444	6446	7330	4
6594	9981	10178	4
1614	1616	2215	4
4957	6455	7665	4
5140	5663	6105	4
5476	10613	10629	4
4159	8939	8940	4
3542	9044	10085	4
1580	1582	1583	4
5543	5544	5545	4
7226	7227	7228	4
1023	1024	9505	4
1126	1141	1142	4
1750	4918	5571	4
6544	10054	10074	4
7007	7008	7009	4
8141	9860	9876	4
7009	7010	7011	4
675	5296	6091	4
5929	5930	6713	4
4687	5161	5162	4
5629	8626	9609	4
641	9860	9876	4
1702	8583	10496	4
1584	1587	9680	4
4670	6148	6798	4
649	9206	9490	4
6208	6209	6210	4
1750	4022	4918	4
5691	5692	6018	4
1869	1871	1874	4
4124	4126	4954	4
4919	5592	7428	4
5397	6434	8575	4
5420	6439	9896	4
2257	5450	8755	4
2317	2332	2333	4
4249	5001	5003	4
6384	6393	9350	4
649	650	9206	4
1017	3815	3816	4
1428	1477	1478	4
7024	7028	7029	4
1584	1586	1587	4
3999	4438	5332	4
1428	9182	9743	4
2315	2966	9882	4
5712	9306	9487	4
588	1901	9083	4
2311	2313	2314	4
5140	5662	5663	4
3681	8662	9638	4
1010	1013	3802	4
1365	1469	1470	4
5324	6094	6733	4
2968	2970	2971	4
1582	1585	8401	4
2988	2989	9172	4
2965	2966	3745	4
1589	3765	4108	4
3765	4108	4622	4
5062	6092	6093	4
3749	3883	9869	4
1631	1632	1633	4
2757	2759	9122	4
1958	6058	9821	4
6455	7665	9544	4
232	233	489	4
6478	9609	9865	4
7310	7311	7470	4
230	231	560	4
986	987	988	4
3211	4114	9424	4
4423	5083	9845	4
5574	5967	8771	4
1655	1960	9341	4
2531	4068	8862	4
1594	1596	9642	4
1628	1630	1631	4
5673	5674	6774	4
5759	9622	9746	4
6858	6861	10393	4
4962	5556	5557	4
994	1012	9808	4
1590	1592	1593	4
4561	5292	9095	4
3982	4395	4396	4
7085	7086	10180	4
5654	6092	7349	4
214	501	7561	4
3502	3504	8627	4
4622	5690	5691	4
5796	5797	6643	4
1725	1877	2308	4
1925	1927	9227	4
1931	2027	9165	4
6586	10481	10560	4
7021	7023	7024	4
1601	1602	1746	4
1570	1572	1573	4
5755	6605	6606	4
7012	7013	7014	4
994	996	9808	4
1620	1622	2003	4
4014	6444	6446	4
1470	1724	1725	4
2707	2873	2874	4
3432	3817	9005	4
1564	1566	1567	4
3314	3315	3316	4
2267	2422	9620	4
4196	4769	7225	4
2831	2832	2833	4
3357	3836	9830	4
6408	8396	8397	4
5282	5283	7068	4
3017	3019	9795	4
5980	5981	5982	4
3330	6623	6624	4
5543	8486	9897	4
7292	8374	8375	4
3284	4209	9885	4
4132	4649	9910	4
2787	2790	4573	4
3522	3524	9967	4
5880	5881	5979	4
3609	4406	9204	4
3505	9271	9440	4
5592	7651	8591	4
2704	2705	2870	4
5324	6733	7304	4
2103	2256	5751	4
4954	5335	5880	4
2989	2995	2996	4
5020	5898	5899	4
5331	7212	7219	4
1196	1266	2869	4
2467	2468	2530	4
3625	9269	9912	4
650	653	9206	4
1684	1685	9538	4
2053	2187	8388	4
1355	1428	9743	4
6620	8712	10249	4
5556	5558	8684	4
2706	2707	2873	4
5757	6404	6405	4
6200	6201	6202	4
5927	5929	5930	4
2316	2317	2332	4
2332	2333	2521	4
2809	4394	9218	4
2997	3002	3003	4
5083	6176	7394	4
199	200	498	4
653	3628	9206	4
3761	4606	5796	4
8012	9263	9751	4
4084	4085	4261	4
1746	1747	1868	4
2791	2793	3193	4
3015	3018	9482	4
5589	8366	8800	4
6407	6408	6409	4
222	223	429	4
5927	5930	9728	4
5032	6647	6726	4
1079	1127	4670	4
7633	10073	10242	4
5416	7458	7694	4
580	582	583	4
1599	1600	1601	4
5881	7242	8985	4
6078	7866	10950	4
582	583	584	4
1045	8961	8962	4
2466	2467	2468	4
1562	1563	1564	4
6605	7630	10445	4
1573	1574	3761	4
1587	3765	9680	4
3795	9505	9506	4
4085	4279	4718	4
5922	7134	7284	4
6202	6203	6204	4
5500	8532	9533	4
225	226	490	4
7010	7011	7012	4
1877	2308	2309	4
1580	1583	10002	4
3192	4910	8737	4
635	3699	9365	4
1568	1569	1570	4
1127	4670	6148	4
1908	1909	9170	4
3965	8670	8671	4
5033	6692	8538	4
7311	7881	7882	4
2429	2779	2789	4
5674	9067	10204	4
611	3853	8573	4
1573	4079	9149	4
3317	3318	3319	4
5539	5825	5826	4
3982	4396	4582	4
4687	4749	9782	4
633	3699	9410	4
5961	5963	7450	4
182	8334	8629	4
4396	4633	5282	4
7019	7020	7021	4
5264	7753	9603	4
2199	2268	9177	4
220	221	562	4
6206	6207	6208	4
7311	7470	7881	4
1754	3448	8708	4
7149	7150	7151	4
4573	5759	7190	4
1127	6148	6149	4
584	1066	9466	4
2530	2531	2704	4
2332	2521	2625	4
1587	1588	1589	4
6874	6877	7688	4
580	583	9710	4
3962	4196	4769	4
5332	5470	7635	4
6020	6021	6464	4
6504	9271	9897	4
4694	4695	9236	4
5005	8712	9847	4
5282	7068	7069	4
6876	6877	6878	4
2771	3295	3982	4
2132	3959	9596	4
2783	2785	9778	4
2982	2987	2988	4
4633	5282	5283	4
4717	5217	5255	4
636	638	9123	4
3319	3320	3322	4
4769	7227	9631	4
6383	6384	9350	4
6878	7361	10368	4
1066	5170	6197	4
3068	4423	9845	4
1034	1036	1067	4
619	5753	9374	4
3922	4084	4085	4
231	232	9210	4
2521	2522	2706	4
5981	5982	6020	4
6212	6213	7200	4
2531	2704	2705	4
1014	1017	9066	4
1015	1016	10072	4
4163	5516	6502	4
5255	5256	6952	4
3003	3004	3186	4
4295	5217	5873	4
7227	7228	7229	4
6874	6876	6877	4
6860	6861	6862	4
2315	2965	2966	4
1027	1029	3795	4
2987	2988	2989	4
3882	3883	3921	4
1724	1725	1877	4
2873	6566	10057	4
6854	6856	6857	4
1877	2309	2310	4
1958	3685	5077	4
2069	2137	2138	4
4396	4582	9488	4
4917	5672	5673	4
4565	4607	4608	4
578	580	9710	4
2871	2968	2969	4
3956	5830	5831	4
584	586	9466	4
1587	1589	3765	4
4944	4945	7389	4
5691	6018	6707	4
1019	4163	10072	4
586	588	9083	4
7014	7015	7017	4
1043	1046	2196	4
3809	6494	8671	4
3723	4621	5031	4
6391	9347	9348	4
4731	6248	6249	4
3433	3435	9306	4
2466	2468	9946	4
7149	7151	7473	4
635	3623	9365	4
6714	10904	10913	4
2970	2971	2972	4
2706	2873	3717	4
2966	3745	3746	4
3323	3325	3945	4
5927	5928	9728	4
3722	4621	5870	4
5926	10545	10547	4
3746	3747	3748	4
6622	6702	7517	4
3005	9574	9575	4
6391	8247	9347	4
8012	8015	9263	4
1015	9212	9852	4
5864	5866	10247	4
2423	2773	7592	4
3219	3221	11122	4
2874	2876	2877	4
1579	1580	10002	4
4918	6478	9977	4
2989	2996	9172	4
6494	6495	9960	4
996	4150	9808	4
4108	4622	5050	4
5865	5866	6954	4
3208	3210	9751	4
3435	5021	9487	4
2468	2531	4068	4
6464	10528	10702	4
4916	4917	6078	4
3746	3749	9755	4
2718	3731	8600	4
5062	5654	6092	4
7008	10140	10372	4
7466	7467	7468	4
3252	3253	9663	4
6210	6211	6212	4
2027	9165	9764	4
2790	4573	5759	4
6184	6813	6814	4
3952	4286	4731	4
2980	2981	2982	4
4881	7310	7311	4
1478	2399	9182	4
1925	2020	9227	4
3944	4295	4717	4
3795	10944	10953	4
5921	7164	10662	4
4156	4797	9201	4
3877	3944	4295	4
592	4512	9262	4
1568	1571	9157	4
9176	10363	10406	4
5217	5873	6848	4
5654	7349	7350	4
4488	8348	10065	4
4177	4697	4699	4
6735	8374	9838	4
3014	3015	9482	4
6862	6869	6870	4
3877	3878	9952	4
2312	2313	2315	4
2877	2878	3877	4
1717	1750	9883	4
1179	1180	1181	4
2970	2972	2973	4
4279	5092	5093	4
1599	1601	3779	4
3750	5019	5020	4
4969	6544	9029	4
2968	2969	2970	4
1078	1079	1117	4
1477	1478	1728	4
7311	7882	9545	4
641	642	9876	4
8141	9707	9876	4
217	218	439	4
3315	3316	3317	4
2705	2871	2967	4
4954	5880	6638	4
4506	8429	9760	4
1413	1428	1477	4
1245	1266	1283	4
3019	8796	9795	4
5032	6646	6647	4
1063	1078	1079	4
3322	3858	3859	4
7591	7681	10104	4
1159	1180	9586	4
1868	1958	3685	4
3685	5077	7656	4
5831	5864	5865	4
5899	5900	5901	4
6399	6400	10111	4
1569	1570	9149	4
2871	2967	2968	4
5629	8709	9977	4
2313	2314	2316	4
6494	8670	9960	4
3482	4961	9659	4
4945	6170	8839	4
5083	7394	9845	4
2256	5751	9999	4
4815	5921	5922	4
6229	6230	6231	4
3719	9091	9913	4
3186	3187	3946	4
3218	4032	7837	4
5031	5032	6646	4
231	560	9210	4
583	4693	9710	4
1181	1196	1245	4
2315	9882	10063	4
7092	10743	10755	4
5751	9657	9658	4
6877	6878	6963	4
645	9216	9707	4
1880	1956	2007	4
1355	1365	1413	4
642	645	9876	4
1283	1295	1355	4
7729	8686	9980	4
2000	2001	3722	4
3003	3186	3951	4
3878	3880	3881	4
181	182	8629	4
4669	4944	4945	4
1159	1179	1180	4
1469	1470	1724	4
2326	2328	3308	4
3748	3749	3882	4
4166	4958	10121	4
5735	9212	9852	4
5162	6183	6184	4
5692	10487	10490	4
4621	5031	5032	4
7068	7069	7122	4
196	474	9322	4
3946	4686	4687	4
6495	6499	9960	4
687	9606	10235	4
1259	1291	10636	4
8977	11482	11484	4
4731	5225	6248	4
2978	2980	2981	4
5816	6852	6853	4
6872	6873	6874	4
1477	1728	4220	4
3859	4177	4178	4
5901	5926	5927	4
3609	9203	9204	4
2311	2312	2313	4
7563	9737	10357	4
596	599	8978	4
7439	7562	7563	4
2468	2530	2531	4
3921	3956	5830	4
5558	9000	9001	4
3312	3313	3314	4
1478	1728	1729	4
645	646	9216	4
1142	1159	9586	4
3749	9755	9869	4
6477	8366	8800	4
6226	6227	6228	4
6847	6981	6987	4
1746	1868	1958	4
1881	1956	1957	4
2773	7591	10466	4
5209	6891	9857	4
5832	6147	10138	4
5964	8430	9760	4
2912	4560	9725	4
641	9123	9860	4
3428	3479	9659	4
6861	6862	10517	4
5814	5815	5816	4
5930	6713	6847	4
6856	6857	6858	4
6594	6595	10292	4
1694	9909	10117	4
8013	8015	9606	4
1469	1724	5812	4
2309	2310	2311	4
3479	3482	9659	4
2871	2969	9485	4
1729	1880	1881	4
2877	3877	3944	4
1365	1413	1469	4
1719	8877	9883	4
4178	4697	4698	4
3252	9663	9981	4
232	489	9210	4
675	6797	9846	4
8348	8869	8870	4
1180	1181	1196	4
4970	10387	10421	4
1571	7898	10336	4
2310	2311	2312	4
5930	6847	6981	4
221	562	9493	4
5727	9227	10054	4
5926	5929	10547	4
9001	11285	11351	4
6204	6205	6206	4
649	9216	9490	4
590	1901	9262	4
1295	1355	1365	4
7249	8965	9795	4
646	649	9216	4
3946	4687	4749	4
5830	5831	6850	4
3722	3723	4621	4
8413	8414	9780	4
1013	1014	9066	4
2976	2977	2978	4
1266	1283	1295	4
5282	7069	9488	4
1566	1568	9157	4
3965	4329	8670	4
6148	6149	6173	4
1428	1478	9182	4
2966	3746	3747	4
4563	4564	4565	4
2974	2976	2977	4
7179	7222	11425	4
9005	9133	9763	4
5001	5003	10001	4
1079	1117	1127	4
1591	1592	9737	4
7147	7897	9996	4
2187	2344	8388	4
1196	1245	1266	4
3538	3544	10440	4
5751	9074	9657	4
1957	2000	2001	4
4396	5282	9488	4
3882	3921	3956	4
3981	4561	9095	4
3315	3317	3857	4
598	9070	9359	4
3747	3748	3750	4
590	592	9262	4
5703	9215	9759	4
3541	8452	10113	4
1583	1584	9680	4
5225	6248	10202	4
602	604	9912	4
3943	4742	5814	4
3699	10468	10549	4
2833	3208	9750	4
4334	6609	9095	4
3964	4770	9631	4
582	585	9040	4
2739	4881	9545	4
8015	9263	10065	4
5332	7635	7636	4
1126	1142	4568	4
5545	6504	9897	4
2972	2973	2974	4
6248	6249	6972	4
3858	3859	4177	4
2912	3981	4560	4
5006	6621	6622	4
5409	7447	9980	4
245	246	551	4
4607	4608	4814	4
4295	4717	5217	4
629	630	9410	4
2767	3264	9988	4
3319	3858	10070	4
1763	3719	9074	4
4196	7225	9746	4
1018	1020	9215	4
230	560	9387	4
583	1066	4693	4
3715	9157	10322	4
2256	2429	9999	4
2466	9694	9946	4
4561	4562	4563	4
2326	3308	9274	4
1717	1719	9883	4
5419	6779	9818	4
3748	3882	10039	4
1642	9813	10447	4
2705	2870	2871	4
5727	9029	10054	4
2769	2771	9933	4
6638	10048	10316	4
1570	1573	9149	4
6691	10634	10658	4
576	578	9919	4
3537	4133	9115	4
4742	5814	5815	4
1933	2027	9924	4
3836	4408	9830	4
5633	8458	9176	4
583	584	1066	4
645	9707	9876	4
6858	6859	6860	4
5865	6954	6956	4
2384	2385	10078	4
625	9224	10013	4
6870	6872	6873	4
1117	1127	10004	4
5930	6981	9728	4
1956	1957	2000	4
5901	5927	5928	4
1589	4108	9434	4
3981	4560	4561	4
2785	3358	9778	4
4123	5091	9965	4
995	998	8802	4
3802	9067	10204	4
4177	4178	4697	4
5754	5757	9834	4
636	3623	9123	4
1728	1729	1880	4
3319	3322	3858	4
3429	8518	9591	4
1930	2030	9258	4
1705	1708	10091	4
4564	4565	4607	4
3882	3956	10039	4
3745	3746	9755	4
6524	9909	9930	4
6852	6853	6854	4
2873	3717	6566	4
2743	11108	11110	4
4422	7729	9980	4
4560	4562	6597	4
8870	9070	10235	4
2425	9725	10078	4
4697	4699	6129	4
1636	3719	9091	4
2032	2034	2036	4
4163	6502	10072	4
3277	4156	9885	4
3311	3313	3856	4
7631	7633	9958	4
5318	8567	9819	4
3243	3246	9604	4
5162	6184	6846	4
1013	3802	9067	4
2139	2319	10048	4
4944	7389	7390	4
1413	1477	9826	4
1630	1636	9091	4
4218	9609	9865	4
6641	10063	10373	4
5815	5816	6851	4
6228	6229	6230	4
3358	5732	9778	4
5922	7133	7134	4
6113	9053	9054	4
3313	3314	3315	4
1689	1692	10394	4
1066	4693	5170	4
9165	9764	10074	4
1869	1874	9312	4
2771	3982	9933	4
2104	5450	8146	4
2317	2624	9628	4
5816	6851	6852	4
6856	6858	6859	4
1013	9066	9067	4
1750	5571	9883	4
1117	1126	10004	4
5759	7191	9746	4
8153	9188	10225	4
3425	3429	9591	4
1880	1881	1956	4
602	687	9912	4
6955	10364	10458	4
630	633	9410	4
5692	6018	10487	4
5900	5926	10545	4
3535	4144	9115	4
3309	3311	3312	4
2927	2928	10203	4
2759	3977	9122	4
4076	8643	10035	4
6519	9538	9930	4
674	675	9846	4
3308	3309	3310	4
4560	4561	4562	4
3063	10056	10316	4
4150	5784	9808	4
1477	4220	9826	4
5478	6815	6816	4
7636	10322	10336	4
4669	6169	10121	4
6852	6854	6855	4
3277	3284	9885	4
1930	1932	9258	4
3311	3312	3313	4
6860	6862	6869	4
585	3700	9040	4
1079	4670	9887	4
5751	9658	9999	4
1589	1590	9434	4
3982	4582	9933	4
3719	9074	9657	4
4562	4563	4564	4
3330	6624	9177	4
1046	2196	9645	4
6248	6972	6974	4
4881	7311	9545	4
2027	9703	9764	4
5784	9808	10129	4
4219	9165	10074	4
6204	6206	6680	4
6646	10684	10765	4
5957	7746	10085	4
1626	4566	9811	4
1016	1019	10072	4
1413	1469	9826	4
5137	6198	10100	4
5692	7820	10490	4
1142	4568	9586	4
4156	9201	9885	4
5255	6952	6953	4
6566	10057	10317	4
599	8977	8978	4
3515	3517	9682	4
5831	6850	10006	4
2870	2871	9485	4
1868	1869	9312	4
6149	10560	10700	4
1590	1593	9434	4
2309	2311	9789	4
4649	6111	9910	4
4421	5477	10104	4
1036	1067	10872	4
1695	1698	10209	4
4249	5003	9682	4
982	1045	8961	4
5898	5900	10442	4
215	501	7506	4
1601	3779	9821	4
3534	3542	10086	4
2981	2982	9405	4
3242	3243	9604	4
5091	9965	9966	4
5831	5865	10006	4
2773	7592	9400	4
4564	4607	5396	4
574	576	2178	4
1690	1691	9909	4
2202	2326	2328	4
2268	3330	9177	4
4219	9227	10054	4
3316	3318	9698	4
3244	3245	9486	4
3063	3834	10056	4
980	982	8961	4
1684	9417	9418	4
6854	6855	6856	4
1654	3622	10515	4
8413	9318	9780	4
5674	10165	10204	4
3245	3248	9486	4
993	995	8802	4
3435	9306	9487	4
4421	4695	5477	4
4961	9763	9773	4
6227	6228	6229	4
2385	2425	10078	4
6439	7647	9896	4
6552	9773	10138	4
1586	1588	9638	4
3945	10195	10244	4
6552	9005	9763	4
2761	2763	10185	4
1023	9505	9759	4
8014	9269	10089	4
5560	7829	10528	4
1868	3685	9312	4
2988	9405	10439	4
2032	2036	10018	4
2977	10374	10393	4
674	677	9846	4
3722	5870	10018	4
6552	9763	9773	4
1020	1023	9215	4
2408	2617	9971	4
3249	3252	10178	4
5735	9852	10126	4
2468	4068	9946	4
5001	5324	10001	4
8796	8965	9795	4
6400	10111	10135	4
1579	10002	10133	4
1008	4267	8717	4
4388	5062	10118	4
1704	1705	10091	4
614	616	9374	4
4520	4885	9689	4
5826	5827	6224	4
1660	1661	9417	4
3013	3016	9513	4
4742	5209	9857	4
2429	2789	9999	4
249	250	10119	4
2763	2765	10184	4
4731	6249	10195	4
1046	1052	9645	4
5804	7008	10140	4
2409	3005	9574	4
5138	6200	9921	4
8014	10073	10089	4
7350	8643	10582	4
3535	3537	9115	4
5796	9652	10133	4
5537	5539	5825	4
7218	10328	10588	4
2873	2874	10057	4
2314	2317	9628	4
3530	10030	10152	4
1586	3681	9638	4
5606	6465	10585	4
616	619	9374	4
7802	9921	10404	4
3012	3013	9513	4
4219	10054	10074	4
1005	1008	8717	4
6406	6407	10215	4
3026	8413	9318	4
2790	5759	9622	4
5832	9773	10138	4
5225	6773	10202	4
247	248	466	4
1579	9652	10133	4
2966	3747	9882	4
6638	10056	10316	4
1574	3761	9652	4
625	9112	10013	4
1658	1662	10483	4
2791	3193	9622	4
6399	9860	10111	4
6089	11004	11006	4
5340	6796	10427	4
1646	1648	10484	4
5929	10543	10547	4
2767	2769	9988	4
3248	10178	10292	4
2870	3943	9485	4
629	9410	10380	4
3317	3857	10070	4
5318	6339	9819	4
3943	5814	9485	4
5002	6095	10027	4
8877	9883	10025	4
7090	7319	10744	4
7085	7088	10180	4
4954	6638	10056	4
1469	5812	9826	4
3310	5537	10106	4
7631	9958	9959	4
5571	9883	10025	4
5965	5967	10574	4
3748	3750	10039	4
6398	6422	10297	4
4084	4261	10765	4
3023	3026	9318	4
3687	9552	9959	4
5139	5140	10173	4
2624	9628	9822	4
8877	8878	10025	4
2027	9703	9924	4
586	9083	9466	4
4622	5050	9934	4
3528	3541	10152	4
1644	1921	9813	4
2319	2623	10316	4
5802	5804	10140	4
2001	2032	10018	4
221	222	9493	4
3747	5019	9882	4
3858	4177	9616	4
3544	7746	10366	4
4961	4962	9773	4
2617	2923	9971	4
6545	6546	10318	4
4885	5947	9689	4
2328	3308	3309	4
3517	4249	9682	4
3501	3828	9716	4
2923	2924	10224	4
6088	11004	11024	4
3311	3856	10106	4
5956	6449	10500	4
578	9710	9919	4
6654	7258	10588	4
2036	10462	10536	4
4177	4699	9616	4
9946	9991	10406	4
3719	9657	9913	4
1635	1638	10537	4
2332	2625	10373	4
1693	1696	10361	4
2625	10373	10442	4
2343	2409	9574	4
3309	3310	3311	4
1576	1579	9652	4
3627	9224	9834	4
1139	9552	9958	4
4916	5703	10964	4
6225	6226	6227	4
229	230	9387	4
3069	10404	10548	4
6525	6545	10117	4
1746	1958	9821	4
1629	1762	10539	4
1698	10318	10392	4
8015	10065	10235	4
5324	7304	10001	4
1601	1746	9821	4
6733	11175	11224	4
1126	4568	10004	4
4124	4954	10056	4
6524	6525	10117	4
4962	5832	9773	4
3625	9269	10089	4
3834	4124	10056	4
9123	9860	10111	4
1661	1684	9417	4
1052	9645	9887	4
3858	9616	10070	4
6519	6520	9930	4
3699	9410	10468	4
5735	6143	10126	4
3248	3249	10178	4
2764	3070	9975	4
597	1983	9359	4
5866	10247	10364	4
3012	10175	10203	4
5865	6956	10006	4
1699	1702	10392	4
6249	6973	10244	4
5814	5816	9701	4
5830	9915	10259	4
9657	9658	10034	4
8015	9606	10235	4
6604	10318	10392	4
1631	1633	10433	4
4958	6141	10121	4
5140	6105	10173	4
6461	8223	8737	4
5691	6707	9934	4
2790	2791	9622	4
3767	4076	10035	4
6853	6854	10291	4
6871	9405	10439	4
6080	7212	10907	4
6248	6974	10202	4
4622	5691	9934	4
3501	4159	9716	4
5815	6923	9857	4
195	554	9322	4
3627	5754	9834	4
2312	2965	9847	4
4220	9826	10249	4
2140	10048	10435	4
1642	1644	9813	4
4970	6544	10387	4
2970	2973	10228	4
1007	1010	9294	4
7090	10743	10744	4
2978	2981	10294	4
8348	8870	10065	4
7331	8687	10481	4
4068	9946	9991	4
6964	6966	10498	4
195	196	9322	4
6714	7236	10913	4
6621	6702	10546	4
7988	11006	11029	4
6406	10013	10215	4
3315	3857	10093	4
2073	2202	10225	4
2765	3264	10184	4
3877	4295	9952	4
7614	10753	10770	4
5946	10492	10736	4
3750	5020	10247	4
2001	3722	10018	4
613	615	9478	4
3623	9365	10135	4
576	2178	9919	4
229	421	9387	4
5704	9663	9981	4
2924	2927	10224	4
1023	9215	9759	4
1756	1910	9661	4
3849	4179	9921	4
466	11405	11410	4
1694	1695	10209	4
6404	7609	10233	4
3921	5830	9915	4
222	429	9493	4
4295	5873	9952	4
1697	1700	10344	4
5951	6540	10113	4
5812	8712	10249	4
4220	8304	10471	4
5816	6853	9701	4
3623	9123	10111	4
4695	5477	5478	4
5967	8771	10363	4
3003	3951	10463	4
6520	6524	9930	4
4650	6552	10138	4
3876	4287	10429	4
5967	9991	10363	4
6715	9057	10887	4
1626	1628	9811	4
5706	6594	9981	4
8729	9913	10034	4
4910	6461	8737	4
4742	5815	9857	4
1628	1631	9811	4
5784	6128	10129	4
1006	1007	9294	4
2007	10471	10546	4
216	7506	9534	4
2769	9933	9988	4
5802	9596	10140	4
6407	6410	10215	4
1755	1756	9661	4
2928	3012	10203	4
9263	9750	9751	4
6540	10030	10152	4
2974	2977	10374	4
3959	8918	10372	4
6855	6856	10151	4
5909	10387	10421	4
216	217	9534	4
1574	1576	9652	4
6444	7330	9964	4
6088	6089	11004	4
2925	11092	11112	4
2623	3063	10316	4
6524	9909	10117	4
6659	9710	9919	4
3952	4731	10195	4
217	439	9534	4
3625	9382	10089	4
5674	6774	10165	4
3325	3952	10195	4
6857	10374	10393	4
5933	9099	10352	4
5864	10039	10247	4
6088	6113	11024	4
986	11028	11118	4
5704	5706	9981	4
6169	6170	11356	4
6715	10887	10904	4
597	598	9359	4
5537	5825	10106	4
2202	2328	10225	4
8153	10225	10462	4
3325	3945	10195	4
4179	5138	9921	4
3944	10057	10317	4
2763	10184	10185	4
507	10119	11394	4
2965	5005	9847	4
467	11423	11424	4
7613	8312	10753	4
6231	10685	10912	4
5812	9826	10249	4
3623	10111	10135	4
8429	8430	9760	4
2969	9701	10228	4
2328	9188	10225	4
6444	6445	9964	4
250	251	507	4
1701	1704	10238	4
5827	6225	6226	4
3451	7645	10630	4
6854	6857	10291	4
6860	6869	10150	4
5292	9095	10198	4
3540	4520	9967	4
5796	6643	10133	4
2140	10435	10566	4
3539	3767	10035	4
3310	3311	10106	4
1052	1063	9887	4
2138	11374	11381	4
6397	6398	10297	4
3539	4133	10035	4
5825	5826	5827	4
4388	5089	10118	4
3741	5021	10454	4
6856	6859	10151	4
1139	9382	10242	4
2309	9789	9926	4
2553	2912	9725	4
6545	10209	10318	4
2969	2970	10228	4
8304	10471	10546	4
5949	5951	10113	4
3522	3540	9967	4
1179	1192	10590	4
613	3853	9478	4
5949	8452	10113	4
1700	1701	10238	4
6859	6860	10150	4
1063	1079	9887	4
6714	6715	10904	4
5089	6127	10118	4
1728	4220	10471	4
6691	8538	10658	4
4400	7481	10595	4
3922	4085	9915	4
6413	10432	10549	4
6446	9513	10175	4
5880	6638	10435	4
6465	10175	10585	4
9552	9958	9959	4
3750	10039	10247	4
6861	10294	10393	4
1663	1688	10434	4
3959	9596	10140	4
2973	2974	10374	4
2975	2976	9843	4
3944	4717	10317	4
2425	2553	9725	4
1698	10209	10318	4
6113	9054	11049	4
6200	9921	10404	4
5965	6692	10593	4
5477	10104	10466	4
6546	6604	10318	4
2968	2971	10618	4
9843	10637	10656	4
5963	6715	10395	4
8153	10462	10536	4
5477	5478	6454	4
6411	10468	10549	4
5332	7636	10322	4
3248	9486	10292	4
9764	10074	10387	4
4487	11362	11392	4
3208	9750	9751	4
3538	3766	10440	4
5827	6224	6225	4
3999	5332	10322	4
6876	6878	10368	4
9112	10013	10215	4
4564	5396	10405	4
9098	9099	10816	4
6857	6858	10393	4
9657	9913	10034	4
2977	2978	10294	4
2976	2979	9843	4
3186	3951	10437	4
3542	10085	10086	4
7182	8289	10213	4
4578	9176	10406	4
1688	1689	10394	4
3448	8708	10552	4
2308	3829	9926	4
6638	10048	10435	4
2874	2877	10057	4
6339	8365	10308	4
3206	10625	10661	4
3921	3922	9915	4
7746	10085	10086	4
1291	1353	10565	4
5830	6850	10259	4
6113	11024	11049	4
1692	1693	10361	4
5255	6953	10260	4
2996	2997	10463	4
6853	9701	10228	4
2140	7645	10566	4
7014	7926	10555	4
5020	10247	10364	4
6078	10939	10950	4
6876	7413	10368	4
9642	10891	10919	4
6058	6059	10921	4
7935	10536	10541	4
3715	3999	10322	4
7633	9958	10242	4
6605	7480	10445	4
1640	1642	10447	4
2877	3944	10057	4
5020	5899	10364	4
5256	10317	10602	4
7173	7174	10680	4
6586	10560	10700	4
1698	1699	10392	4
9055	11015	11030	4
8687	9586	10481	4
7633	10073	10415	4
1652	1659	10515	4
1659	10515	10736	4
2073	10225	10462	4
1696	1697	10344	4
6641	10373	10442	4
8016	10073	10415	4
6149	10004	10560	4
629	9112	10380	4
7008	7010	10372	4
6654	10135	10432	4
250	507	10119	4
6604	8003	10496	4
5753	5755	10155	4
4562	6597	10405	4
5477	6454	10466	4
3762	11289	11355	4
5909	9764	10387	4
6597	9862	10405	4
8945	11266	11318	4
1571	9157	10336	4
6039	10859	10891	4
8870	10065	10235	4
4814	7614	10770	4
4578	9694	10406	4
7960	11079	11081	4
1656	3622	10483	4
5900	10442	10545	4
1295	9544	10156	4
2975	10634	10637	4
5933	6038	10352	4
6410	10215	10380	4
9112	10215	10380	4
5755	6606	10155	4
6128	11057	11066	4
4133	7476	10582	4
3012	9513	10175	4
3699	9365	10549	4
5898	6641	10442	4
7591	10104	10466	4
2034	2036	10462	4
6702	10613	10629	4
5396	10405	10576	4
2313	2315	10063	4
7632	7633	10415	4
6713	10602	10676	4
3451	7842	10702	4
4328	4330	10682	4
2901	8918	10497	4
4080	10696	10790	4
9410	10380	10468	4
2316	2332	10373	4
5959	7746	10366	4
6713	10543	10602	4
9694	9946	10406	4
2981	10294	10517	4
3301	10697	10730	4
2821	9442	10866	4
5959	5961	10366	4
1880	2007	10471	4
5960	5962	10459	4
6643	10487	10490	4
2308	2309	9926	4
5899	10364	10458	4
1640	1753	10447	4
2316	10063	10373	4
1266	2869	10156	4
6129	11518	11519	4
3946	4749	10437	4
10002	10133	10490	4
6544	10074	10387	4
6680	10548	10655	4
3326	3953	10696	4
2901	10497	10555	4
6038	6039	10859	4
5901	5928	10458	4
6199	11459	11464	4
8862	10574	10593	4
6339	9819	10308	4
6609	9095	10198	4
9055	9057	11030	4
5476	8383	10613	4
7020	7023	10661	4
4562	4564	10405	4
1266	1295	10156	4
1646	1921	10484	4
5340	7572	10427	4
6609	7093	10198	4
6796	10427	11388	4
2766	2768	10655	4
6446	10175	10585	4
5960	7264	10459	4
3741	4970	10454	4
6213	7215	11470	4
6081	10872	10907	4
1139	9958	10242	4
2832	3206	10625	4
7165	8488	11291	4
1874	11396	11399	4
2313	2316	10063	4
6861	10294	10517	4
5956	5958	10500	4
6643	6644	10487	4
5961	7450	10366	4
8430	8431	10504	4
3856	10514	10672	4
6643	10133	10490	4
5899	5901	10458	4
1921	9813	10413	4
1659	9096	10492	4
3876	9442	10429	4
6410	6411	10468	4
6200	6202	10404	4
5979	10435	10566	4
5633	8771	10363	4
2973	10291	10374	4
6964	7361	10498	4
3186	3946	10437	4
1656	1658	10483	4
9365	10135	10432	4
5217	6848	10260	4
5880	5979	10435	4
1652	1654	10515	4
2997	3003	10463	4
1631	9811	10433	4
2988	9172	10439	4
4568	9586	10481	4
1702	10392	10496	4
1662	1663	10434	4
6189	7261	10491	4
4395	11082	11083	4
4146	11057	11096	4
4970	10421	10454	4
3070	9975	10788	4
5217	5255	10260	4
3070	10788	10856	4
9054	9055	11015	4
6128	10129	11066	4
7938	10948	10995	4
2971	10618	10658	4
6604	10392	10496	4
2034	2073	10462	4
5950	6460	10737	4
225	490	10693	4
1728	1880	10471	4
5633	9176	10363	4
7525	10705	10817	4
8152	8153	10536	4
6621	8304	10546	4
5396	7624	10698	4
6226	10514	10672	4
7012	10497	10555	4
4020	5500	10680	4
6707	10774	10780	4
6692	10593	10618	4
2975	9843	10637	4
7010	7012	10497	4
2972	2975	10634	4
5945	7326	10736	4
6411	6413	10549	4
7829	7842	10528	4
6857	10291	10374	4
6690	7869	10580	4
7326	10515	10736	4
1635	3442	10537	4
2036	10018	10541	4
6647	6726	10705	4
2977	10294	10393	4
1067	10907	11173	4
2986	9098	10772	4
3856	10106	10514	4
3069	10548	10655	4
4400	5065	10595	4
6204	6680	10548	4
6413	7218	10588	4
7525	10817	11089	4
5031	6646	10684	4
3842	4420	10710	4
9862	10405	10576	4
6038	10352	10815	4
5560	8708	10552	4
2625	9766	10545	4
7439	7563	10357	4
7439	8662	10357	4
1762	4491	10539	4
9766	10545	10547	4
5698	9040	10707	4
5498	7047	10787	4
3717	6566	10543	4
3207	3301	10697	4
7836	11164	11171	4
7933	10760	10790	4
6202	10404	10548	4
3451	10630	10702	4
7820	10002	10490	4
4770	9631	10708	4
7227	7229	10708	4
5870	10018	10541	4
1353	1405	10565	4
7012	7014	10555	4
7645	10566	10630	4
7656	11412	11416	4
7469	11176	11200	4
3841	7680	10929	4
5449	6586	10700	4
6668	10684	10765	4
6410	10380	10468	4
2625	10442	10545	4
8918	10372	10497	4
6202	6204	10548	4
6180	7367	11407	4
6668	10629	10684	4
7010	10372	10497	4
6446	7330	10585	4
5979	5981	10566	4
3717	10543	10547	4
6691	10634	10637	4
2007	8383	10613	4
2036	10536	10541	4
7926	10555	10625	4
4108	5050	10815	4
6059	10921	10948	4
5922	7284	10770	4
8643	10035	10582	4
7024	7029	10730	4
2981	9405	10517	4
2967	8862	10593	4
5825	10106	10514	4
6039	10891	10919	4
7023	10661	10697	4
5092	10654	10817	4
1192	3355	10590	4
1911	1926	10819	4
3717	9766	10547	4
7926	10625	10661	4
5827	6226	10514	4
5478	6454	10648	4
4068	8862	10574	4
6775	10984	11061	4
4814	4815	10770	4
4133	10035	10582	4
1921	10484	10737	4
4607	5396	10698	4
4068	9991	10574	4
9054	11015	11049	4
4651	5267	10773	4
6413	10432	10588	4
2980	2986	10774	4
6702	10546	10613	4
6188	10595	10614	4
7343	11359	11374	4
5967	9991	10574	4
7622	9862	10576	4
6018	6707	10780	4
5050	10352	10815	4
7933	7935	10760	4
2971	10634	10658	4
2967	2968	10618	4
4699	9616	10912	4
5065	6188	10595	4
5825	5827	10514	4
6726	10696	10790	4
228	421	10830	4
9098	10772	10816	4
6038	10815	10859	4
5092	10817	11089	4
3841	7629	10972	4
3070	7680	10856	4
4568	10004	10560	4
1036	1037	10855	4
6018	10487	10656	4
6188	7261	10614	4
6702	7517	10629	4
4568	10481	10560	4
6796	11388	11396	4
5981	6020	10630	4
6460	10484	10737	4
2832	2901	10625	4
8498	11343	11350	4
6206	6680	10788	4
9933	9988	10744	4
6680	9975	10788	4
6211	6213	11468	4
1028	1030	11224	4
4261	10654	10765	4
5256	6952	10676	4
7023	10697	10730	4
7865	7866	10950	4
7293	9682	11209	4
6644	6691	10637	4
8817	11271	11286	4
5921	7133	10662	4
2971	2972	10634	4
5981	10566	10630	4
4129	7938	10948	4
6566	10317	10602	4
8940	11256	11260	4
3005	9575	10950	4
4565	8488	10930	4
6654	10432	10588	4
5478	6816	10648	4
6058	9821	10852	4
2901	10555	10625	4
1291	10565	10636	4
6092	6093	11009	4
224	225	10693	4
7319	9988	10744	4
6226	6228	10672	4
987	989	11347	4
2967	10593	10618	4
1042	7469	11201	4
7948	10989	11003	4
7179	11425	11439	4
7293	11209	11210	4
7020	7926	10661	4
2768	3069	10655	4
6180	11407	11412	4
3326	4080	10696	4
4020	4689	10680	4
5031	5476	10684	4
6646	6647	10654	4
3953	10696	10705	4
6644	10637	10656	4
6704	11233	11363	4
4354	7473	11087	4
7680	10856	10929	4
4084	6668	10765	4
6566	10543	10602	4
7745	8020	10984	4
4258	10934	10995	4
6726	10696	10705	4
6692	8538	10658	4
4080	7933	10790	4
6020	10630	10702	4
4328	4770	10682	4
6692	10618	10658	4
9616	10070	10846	4
3856	10093	10672	4
2007	10546	10613	4
6775	9575	10984	4
3206	3207	10697	4
7964	7975	11116	4
4699	6129	10685	4
4563	5292	10930	4
429	11471	11473	4
3841	10929	10972	4
5870	10541	10760	4
2787	4573	10952	4
1078	1121	10998	4
9843	10656	10780	4
2979	10774	10780	4
6713	6847	10676	4
6020	6464	10702	4
7866	7867	10964	4
2986	10772	10774	4
7935	10541	10760	4
7468	7476	11164	4
4354	7510	11087	4
6213	11468	11470	4
5314	7215	10935	4
7029	10730	10778	4
5698	7001	10707	4
7948	9304	11007	4
6732	10165	11002	4
9057	10887	11030	4
9209	10760	10790	4
1029	3795	10953	4
1594	9642	10891	4
7135	7136	10819	4
6149	6173	10700	4
1645	1883	10981	4
1067	10872	10907	4
4607	4814	10698	4
3353	7340	11175	4
4917	5673	10939	4
7227	9631	10708	4
6205	6207	11462	4
1038	11181	11182	4
3842	7629	10710	4
7023	7024	10730	4
6644	10487	10656	4
3206	10661	10697	4
6228	10672	10758	4
9488	10743	10755	4
1038	1039	11217	4
1649	4112	10969	4
5703	9759	10940	4
4582	10743	10744	4
2782	2784	10952	4
4582	9933	10744	4
7069	9488	10755	4
6093	11003	11009	4
4582	9488	10743	4
7030	8149	11041	4
5870	9209	10760	4
10093	10672	10758	4
6089	11006	11029	4
2979	2980	10774	4
5476	10629	10684	4
6228	6230	10758	4
3301	9424	10778	4
10100	11460	11465	4
1643	1883	11012	4
5267	7047	11385	4
6106	6779	11092	4
3350	7946	11003	4
4815	5922	10770	4
6623	6625	11083	4
3010	3011	11046	4
983	986	11028	4
7019	7021	10994	4
1639	1749	11048	4
7613	7614	10753	4
4651	4680	10773	4
6707	9934	10772	4
7589	7590	11132	4
6018	10656	10780	4
5351	9496	11053	4
1921	10413	10737	4
7988	9143	11006	4
4146	7955	11057	4
3213	3215	11060	4
6724	9818	11080	4
1012	10129	11074	4
9811	10433	10913	4
7176	11465	11477	4
1659	10492	10736	4
6208	10788	10856	4
6206	6208	10788	4
6732	11108	11110	4
988	3698	11118	4
677	9846	10789	4
6726	9209	10790	4
8316	8317	11062	4
7176	10100	11465	4
7236	10433	10913	4
2979	9843	10780	4
4162	7276	11289	4
3477	11176	11200	4
3857	10093	10758	4
3225	3228	11139	4
7750	7751	11084	4
6441	7599	11110	4
7993	11437	11440	4
3229	3232	11147	4
6110	7212	11173	4
6198	6199	11464	4
6746	11277	11357	4
6093	10118	10989	4
4108	9434	10815	4
2925	2926	11070	4
7136	10819	11223	4
6724	11046	11080	4
6183	6813	11441	4
6181	10934	10995	4
7599	11092	11112	4
5050	9934	10816	4
2196	11300	11305	4
7960	7962	11081	4
1593	10859	10891	4
6199	6201	11459	4
3241	3244	11158	4
9934	10772	10816	4
6039	7756	10919	4
227	228	10830	4
3477	7835	11171	4
3301	10730	10778	4
6296	7096	11101	4
7176	7177	11477	4
7975	11028	11118	4
5449	11337	11354	4
6707	10772	10774	4
6779	11070	11092	4
6208	6210	10856	4
7464	7469	11201	4
7590	11157	11372	4
3217	3219	11102	4
1034	1067	11163	4
3010	11046	11080	4
2616	2743	11108	4
3233	3236	11153	4
5069	7756	10921	4
9616	10846	10912	4
1715	1718	11157	4
3779	9821	10852	4
7069	10755	10922	4
1037	1040	10855	4
3350	11003	11009	4
2744	2925	11112	4
9574	9575	10984	4
6793	6794	11201	4
6059	10948	10995	4
6813	11441	11442	4
6230	10758	10846	4
6198	10100	11460	4
5285	11174	11372	4
6111	10944	11159	4
6802	8940	11266	4
6646	10654	10765	4
6805	11174	11375	4
1593	9434	10859	4
3698	11079	11081	4
4566	10904	10913	4
3857	10758	10846	4
1032	1035	11181	4
6094	6733	11175	4
490	11469	11474	4
6096	7340	11175	4
3779	10852	10919	4
4675	5285	11174	4
1593	1594	10891	4
3237	3240	11151	4
8973	11208	11379	4
1036	10855	10872	4
3857	10070	10846	4
2003	9016	10887	4
6210	10856	10929	4
5873	11442	11443	4
4566	9016	10904	4
3515	9682	11209	4
2925	11070	11092	4
9016	10887	10904	4
6173	11338	11344	4
7756	10852	10919	4
6128	11057	11096	4
9434	10815	10859	4
1042	11201	11217	4
6099	7340	11182	4
4566	9811	10913	4
3779	9642	10919	4
3511	3512	11209	4
6198	11460	11464	4
4258	7938	10995	4
3263	3272	11208	4
1041	1044	11200	4
6749	6751	11287	4
3259	8973	11208	4
3353	11175	11224	4
3507	11214	11281	4
7069	7122	10922	4
6210	6212	10929	4
6230	6231	10912	4
1926	1928	11223	4
5314	9237	10935	4
4112	8320	11432	4
9506	9759	10940	4
6799	11322	11329	4
3005	7865	10950	4
8320	11430	11432	4
1932	9258	11233	4
4258	7919	10934	4
7292	8375	11210	4
8319	8320	11430	4
5663	6704	11222	4
4129	5069	10948	4
4680	10773	11382	4
6647	10654	10817	4
4563	4565	10930	4
6058	10852	10921	4
1934	2259	11233	4
3795	9506	10944	4
6647	10705	10817	4
6143	10126	11228	4
4917	6078	10939	4
3014	11046	11125	4
7867	10940	10964	4
1029	1031	10953	4
7867	9910	11159	4
978	6146	11277	4
7948	10989	11007	4
507	7421	11021	4
8939	8940	11266	4
3495	8945	11266	4
2784	2787	10952	4
6212	10929	10972	4
6143	11256	11260	4
6490	9148	11285	4
1647	10969	10981	4
5069	10921	10948	4
1067	11163	11173	4
3487	3762	11289	4
5121	5136	11260	4
2003	10887	11030	4
1647	1649	10969	4
6230	10846	10912	4
1645	1647	10981	4
6140	9966	11300	4
6212	7200	10972	4
3010	11070	11080	4
7350	7836	11164	4
3350	10998	11009	4
5703	10940	10964	4
439	11493	11494	4
1121	3350	10998	4
7353	10998	11009	4
4146	9482	11096	4
6724	11046	11125	4
6772	7525	11089	4
2444	7988	11029	4
4650	10138	11286	4
7070	7171	11378	4
3489	4162	11289	4
3006	7745	11061	4
3698	11081	11118	4
7756	10852	10921	4
10129	11066	11074	4
1641	11012	11048	4
2444	11007	11029	4
7019	7022	10994	4
1641	1643	11012	4
8020	9574	10984	4
6059	6181	10995	4
9237	11492	11493	4
4448	11004	11006	4
6127	10118	10989	4
7946	7948	11003	4
8961	8962	11271	4
9671	11004	11024	4
9482	11096	11125	4
4448	9671	11004	4
9489	11015	11030	4
6779	11070	11080	4
6092	7353	11009	4
1043	2196	11305	4
7975	11028	11116	4
7959	7960	11079	4
983	985	11028	4
2215	9671	11024	4
2444	9304	11007	4
4448	9143	11006	4
8616	9489	11015	4
6089	6127	11029	4
5447	6141	11337	4
5283	11064	11378	4
8285	9177	11306	4
6802	11266	11318	4
4122	4673	11335	4
6127	11007	11029	4
6774	10165	11002	4
7959	11074	11079	4
7966	11116	11136	4
3006	11002	11061	4
6774	11002	11061	4
7981	7982	11344	4
5351	7728	11053	4
9506	10940	11159	4
7466	7469	11176	4
1639	1641	11048	4
2003	9489	11030	4
3014	9482	11125	4
7867	10940	11159	4
2743	2744	11112	4
2926	3010	11070	4
3011	3014	11046	4
8149	8150	11041	4
3213	4114	11060	4
2215	11024	11049	4
6623	6624	11064	4
8316	8319	11062	4
3507	3508	11214	4
7955	7957	11057	4
7964	7966	11116	4
6625	7172	11082	4
7957	7959	11066	4
6774	6775	11061	4
2215	8616	11049	4
7750	7752	11084	4
9000	9001	11348	4
8616	11015	11049	4
7725	7726	11484	4
7957	11057	11066	4
6815	6816	11496	4
6106	7599	11092	4
7194	10119	11394	4
7151	7473	11087	4
2616	3006	11108	4
985	11116	11136	4
1012	9497	11074	4
5092	5093	11089	4
7276	11289	11355	4
7350	10582	11164	4
7962	7975	11081	4
7599	11110	11112	4
5120	8817	11357	4
3698	9497	11079	4
6296	8738	11101	4
6141	11343	11350	4
5125	6490	11351	4
6148	6173	11338	4
9497	11074	11079	4
7193	7194	11394	4
6085	6128	11096	4
986	988	11118	4
6085	11096	11125	4
6441	6732	11110	4
3217	4120	11102	4
6085	6724	11125	4
6503	11228	11302	4
4159	8940	11256	4
3219	11102	11122	4
6779	9818	11080	4
985	8851	11136	4
3224	3225	11139	4
1031	10953	11163	4
6777	10953	11163	4
3508	3511	11214	4
5558	9001	11352	4
6193	7387	11424	4
6799	9645	11322	4
7096	7589	11132	4
6732	11002	11108	4
7466	7468	11176	4
6816	7475	11498	4
2622	2737	11359	4
8375	11214	11281	4
3228	3229	11147	4
1028	11168	11224	4
6169	10121	11350	4
2737	9684	11359	4
9237	10935	11492	4
1040	10855	11305	4
3232	3233	11153	4
3236	3237	11151	4
3240	3241	11158	4
3477	11171	11176	4
1718	8979	11157	4
6783	10855	11305	4
1038	11182	11217	4
6805	8979	11372	4
1031	1034	11163	4
6805	11174	11372	4
6733	7304	11168	4
7982	11337	11354	4
2137	2138	11374	4
3064	8498	11343	4
1035	1038	11181	4
6094	6096	11175	4
1030	3353	11224	4
6110	6777	11173	4
6177	7572	11381	4
6091	6797	11382	4
7835	7836	11171	4
4675	4676	11174	4
4159	9716	11256	4
6176	7367	11399	4
7109	11208	11379	4
1039	1042	11217	4
6099	6793	11182	4
6794	7464	11201	4
1044	3477	11200	4
9966	11300	11322	4
6142	6304	11375	4
6127	10989	11007	4
6304	7109	11379	4
6304	11375	11379	4
489	11439	11445	4
413	7222	11425	4
3975	4487	11392	4
7476	10582	11164	4
4673	11335	11338	4
7292	7293	11210	4
3512	3515	11209	4
3259	3263	11208	4
6134	8104	11213	4
6134	11213	11222	4
6798	6799	11329	4
2069	2138	11388	4
551	9103	11414	4
7927	11302	11312	4
9716	11228	11302	4
1871	1874	11396	4
1405	10565	11291	4
7959	11066	11074	4
7343	11374	11381	4
7928	8375	11281	4
6783	11300	11305	4
7458	11287	11323	4
7975	11081	11118	4
6503	7927	11302	4
2138	10427	11388	4
6816	11496	11498	4
7165	10565	11291	4
7927	7928	11312	4
5449	10700	11354	4
8375	11210	11214	4
6798	11329	11335	4
1928	2030	11223	4
1405	7400	11291	4
3006	11002	11108	4
406	7371	11415	4
5663	6134	11222	4
8319	11062	11421	4
2743	11110	11112	4
6503	10126	11228	4
6625	11082	11083	4
985	11028	11116	4
1932	1934	11233	4
6777	11163	11173	4
6797	10773	11382	4
987	11272	11347	4
556	7275	11428	4
7317	11362	11392	4
467	7281	11426	4
7982	11344	11354	4
7275	11428	11429	4
2259	8370	11363	4
6190	6192	11410	4
4573	10952	11433	4
7728	11053	11476	4
6143	11228	11256	4
7512	9103	11414	4
551	9103	11418	4
9966	11322	11329	4
7928	11281	11312	4
8370	11363	11364	4
7281	11426	11427	4
8370	8371	11364	4
9506	10944	11159	4
466	7472	11411	4
9102	9103	11420	4
5121	6143	11260	4
7371	11415	11422	4
4673	11338	11344	4
10934	11419	11434	4
4162	11287	11323	4
3495	8939	11266	4
406	7371	11420	4
7194	10119	11405	4
6751	7458	11287	4
6796	11396	11399	4
248	466	11405	4
9846	10789	11385	4
7047	10789	11385	4
249	10119	11405	4
2159	11347	11348	4
7262	7263	11272	4
3685	7656	11412	4
7194	11405	11410	4
246	551	11411	4
3507	8627	11281	4
6497	6498	11422	4
6146	8961	11271	4
243	406	11415	4
242	553	11415	4
6801	6802	11318	4
4650	8817	11286	4
6750	11352	11355	4
247	466	11411	4
7468	11171	11176	4
6801	7458	11323	4
9001	11351	11352	4
989	2159	11347	4
553	7511	11423	4
6801	11318	11323	4
244	406	11418	4
5153	5160	11416	4
7710	11518	11519	4
2159	9148	11285	4
4114	9424	11421	4
6750	7276	11355	4
3487	3489	11289	4
245	551	11418	4
6182	7472	11414	4
240	467	11423	4
3828	11302	11312	4
3064	7982	11343	4
8627	11281	11312	4
241	553	11423	4
6140	6783	11300	4
3511	11210	11214	4
1040	1043	11305	4
3828	8627	11312	4
8319	11421	11430	4
3828	9716	11302	4
6624	9177	11306	4
6186	6187	11427	4
6499	7371	11420	4
7474	7475	11505	4
235	413	11425	4
3830	8945	11318	4
239	467	11426	4
7511	11423	11424	4
9001	11285	11348	4
6180	11412	11416	4
238	556	11426	4
2196	9645	11322	4
3830	11318	11323	4
237	556	11428	4
236	413	11428	4
6224	7474	11507	4
8817	11271	11357	4
3830	4162	11323	4
4680	11392	11431	4
6189	10491	11429	4
6148	6798	11338	4
4122	5091	11335	4
5091	9966	11329	4
5447	5449	11337	4
7026	10952	11433	4
2737	8498	11356	4
7193	7195	11394	4
7263	11347	11348	4
6141	11337	11343	4
4487	8371	11362	4
6224	11507	11511	4
9716	11228	11256	4
5091	11329	11335	4
6809	7919	11434	4
4673	7981	11344	4
7177	7178	11445	4
7263	9000	11348	4
5125	6750	11351	4
4176	7993	11437	4
3762	8684	11355	4
2196	11300	11322	4
8684	11352	11355	4
6733	11168	11224	4
6141	10121	11350	4
5558	8684	11352	4
6793	11182	11217	4
5120	6746	11357	4
5161	6183	11440	4
233	489	11439	4
6624	11306	11378	4
7171	11306	11378	4
4114	11062	11421	4
6169	11350	11356	4
2231	2622	11359	4
7475	11498	11505	4
7474	11505	11507	4
6224	6225	11511	4
4680	11382	11431	4
6173	10700	11354	4
6798	11335	11338	4
5873	9952	11442	4
6105	11363	11364	4
6105	6704	11363	4
7317	10173	11362	4
2231	11359	11374	4
6105	10173	11364	4
8371	11362	11364	4
6146	11271	11357	4
5285	7590	11372	4
515	7626	11512	4
2159	11285	11348	4
446	7626	11513	4
2137	2231	11374	4
6181	10934	11419	4
515	7801	11510	4
6173	11344	11354	4
4676	11375	11379	4
6091	7315	11382	4
4676	8973	11379	4
515	11510	11512	4
6809	11437	11440	4
7626	11512	11513	4
6177	7343	11381	4
6750	11351	11352	4
6797	9846	11385	4
6813	11442	11443	4
1992	2069	11388	4
7982	11337	11343	4
3975	4680	11392	4
5160	11419	11434	4
10173	11362	11364	4
7263	11272	11347	4
7367	11399	11407	4
1992	11388	11396	4
1871	1992	11396	4
6176	6796	11399	4
6197	9466	11447	4
8498	11350	11356	4
6624	11064	11378	4
6203	6205	11474	4
7726	7727	11481	4
6209	6211	11471	4
248	249	11405	4
5160	11416	11419	4
471	11508	11516	4
223	429	11473	4
6192	7194	11410	4
1874	9312	11407	4
4676	11174	11375	4
246	247	11411	4
226	490	11469	4
607	1191	11476	4
603	605	11478	4
471	7801	11508	4
3685	9312	11412	4
5153	6180	11416	4
242	243	11415	4
6182	7512	11414	4
6181	7656	11419	4
9312	11407	11412	4
8977	8978	11482	4
244	245	11418	4
6499	9102	11420	4
224	10693	11473	4
7179	11439	11445	4
6497	7371	11422	4
227	10830	11469	4
6810	10693	11473	4
240	241	11423	4
6811	10830	11469	4
471	8689	11516	4
7387	7511	11424	4
234	235	11425	4
9424	10778	11421	4
6810	11471	11473	4
238	239	11426	4
6809	11434	11437	4
6186	7281	11427	4
1191	11053	11476	4
236	237	11428	4
6183	11440	11441	4
220	562	11492	4
7315	7316	11431	4
6189	7275	11429	4
7029	11430	11432	4
6811	11469	11474	4
218	439	11493	4
7028	7029	11432	4
6815	9236	11494	4
234	11425	11439	4
4573	7190	11433	4
5873	6848	11443	4
7801	11508	11510	4
7029	10778	11430	4
562	10935	11492	4
4176	5160	11437	4
10778	11421	11430	4
233	234	11439	4
5161	6809	11440	4
1874	11399	11407	4
3881	7993	11441	4
3881	11441	11442	4
7315	11382	11431	4
3881	9952	11442	4
7919	10934	11434	4
6813	6814	11443	4
9237	11493	11494	4
7656	11416	11419	4
7177	11445	11477	4
7178	7179	11445	4
7709	7710	11517	4
7726	11481	11484	4
4697	6129	11518	4
6205	11462	11474	4
7723	7725	11480	4
7725	11480	11482	4
5160	11434	11437	4
7722	7723	11479	4
7723	11479	11480	4
7722	11479	11483	4
7721	7722	11483	4
7993	11440	11441	4
9083	9466	11447	4
421	11459	11464	4
6197	11447	11457	4
6211	11468	11471	4
421	10830	11459	4
560	9387	11460	4
560	11460	11465	4
490	10693	11462	4
560	9210	11465	4
9083	11447	11483	4
421	9387	11464	4
9387	11460	11464	4
7721	11447	11483	4
223	224	11473	4
429	9493	11468	4
562	9493	11470	4
226	227	11469	4
6203	6811	11474	4
1191	8573	11475	4
8573	11472	11475	4
9210	11465	11477	4
3853	8573	11472	4
6209	6810	11471	4
9493	11468	11470	4
605	607	11476	4
489	9210	11477	4
603	2447	11478	4
7727	7728	11481	4
4512	8978	11482	4
1901	11479	11483	4
1901	9262	11479	4
4512	11480	11482	4
4512	9262	11480	4
1901	9083	11483	4
2447	8977	11484	4
9262	11479	11480	4
7710	11517	11518	4
7710	7711	11519	4
6815	11494	11496	4
489	11445	11477	4
219	220	11492	4
219	11492	11493	4
218	219	11493	4
9236	9237	11494	4
7728	11478	11481	4
2447	11478	11481	4
439	9534	11496	4
7721	11447	11457	4
9534	11496	11498	4
7506	9534	11498	4
490	11462	11474	4
2447	11481	11484	4
7506	11498	11505	4
7711	8689	11519	4
429	11468	11471	4
501	7506	11505	4
501	7561	11507	4
501	11505	11507	4
7561	11507	11511	4
446	7561	11511	4
6229	11510	11512	4
6229	6231	11510	4
6227	6229	11512	4
10685	11508	11516	4
6227	11512	11513	4
6225	6227	11513	4
6231	10685	11508	4
6848	11443	11502	4
7699	7709	11517	4
4697	4698	11518	4
439	11494	11496	4
6129	10685	11516	4
6231	11508	11510	4
6814	11443	11502	4
4698	11517	11518	4
8689	11516	11519	4
6129	11516	11519	4
6954	11597	11826	4
3945	10244	11562	4
3320	3322	11556	4
3323	3945	11556	4
3320	3323	11556	4
9782	11560	11569	4
6966	10498	11560	4
4749	9782	11560	4
185	186	11565	4
7809	7813	11567	4
477	6981	11701	4
7703	9243	11624	4
7706	11562	11563	4
7702	7704	11558	4
7706	7707	11562	4
7702	7708	11558	4
6967	11560	11569	4
4749	10498	11560	4
175	176	11572	4
521	7807	11577	4
176	11572	11630	4
7705	7706	11563	4
186	521	11565	4
434	11597	11826	4
533	6967	11632	4
7808	7809	11567	4
6954	6955	11597	4
6973	9323	11635	4
185	11565	11636	4
6846	9782	11569	4
175	478	11572	4
498	7701	11711	4
8334	8630	11597	4
8187	8188	11600	4
7950	7951	11602	4
6952	11616	11828	4
5093	7813	11799	4
6847	6987	11616	4
6952	10676	11616	4
6953	11572	11630	4
5093	7814	11797	4
7807	7808	11577	4
456	8135	11641	4
177	426	11630	4
6956	11565	11636	4
474	9323	11624	4
170	418	11632	4
169	533	11632	4
184	434	11636	4
6877	7688	11641	4
454	7815	11649	4
6868	10756	11687	4
6923	9857	11688	4
200	498	11691	4
521	11565	11811	4
193	454	11698	4
194	554	11698	4
168	533	11699	4
167	456	11699	4
6873	7688	11602	4
410	7567	11700	4
6848	10260	11703	4
6859	10151	11704	4
534	8138	11709	4
199	498	11711	4
198	9243	11711	4
554	9322	11635	4
477	8629	11713	4
5928	8630	11833	4
451	7397	11614	4
6772	6773	11797	4
5093	11089	11797	4
4279	5093	11799	4
567	7697	11802	4
3	202	11802	4
3	203	11802	4
5928	10458	11833	4
180	477	11701	4
509	7396	11626	4
11569	11600	11830	4
6846	11569	11600	4
6773	7812	11649	4
426	11616	11828	4
451	7336	11614	4
434	8334	11597	4
418	8187	11600	4
529	7950	11602	4
7396	7397	11626	4
6869	7951	11700	4
7808	11567	11822	4
418	11600	11830	4
6851	6923	11614	4
6814	8188	11709	4
6847	10676	11616	4
6850	10259	11822	4
201	7697	11691	4
474	9243	11624	4
9322	9323	11635	4
179	6987	11701	4
7703	7705	11624	4
6855	10151	11626	4
176	177	11630	4
169	170	11632	4
6972	6973	11635	4
5928	8630	11713	4
184	185	11636	4
6773	10202	11649	4
6877	6963	11641	4
6869	10150	11700	4
5928	9728	11713	4
6814	11502	11709	4
6850	10006	11811	4
7812	7815	11649	4
6850	11577	11822	4
179	180	11701	4
8630	11597	11833	4
6868	6891	11687	4
6891	9857	11688	4
200	201	11691	4
7697	7698	11691	4
193	194	11698	4
167	168	11699	4
410	7951	11700	4
6981	6987	11701	4
6848	11502	11703	4
6859	10150	11704	4
534	8188	11709	4
198	199	11711	4
7813	11567	11799	4
8629	8630	11713	4
6850	11577	11811	4
6772	11089	11797	4
4279	4718	11799	4
418	11632	11830	4
203	567	11802	4
434	11636	11826	4
426	11630	11828	4
4718	11567	11799	4
6952	6953	11828	4
521	11577	11811	4
6954	6956	11826	4
6955	10458	11833	4
6955	11597	11833	4
6967	11569	11830	4
7808	11577	11822	4
6953	11630	11828	4
6967	11632	11830	4
6956	11636	11826	4
404	7551	10756	4
1897	10775	10787	4
6340	8305	10486	4
252	253	401	4
679	1897	10789	4
401	570	571	4
153	404	7551	4
570	571	572	4
4692	7720	7721	4
3051	7979	9192	4
5904	5909	9703	4
3874	5169	7720	4
3027	8305	8601	4
5712	6151	9487	4
3468	3471	9433	4
1959	2056	8369	4
7965	7979	7980	4
3874	4272	5169	4
3445	5658	8369	4
5166	5168	5351	4
7965	7966	7967	4
3027	3028	3029	4
4272	4273	5165	4
5168	5351	9496	4
4273	5165	5166	4
3470	3471	3974	4
2467	2821	8714	4
3028	3030	3051	4
640	642	643	4
648	650	651	4
979	3805	8851	4
621	622	623	4
634	637	8715	4
624	626	627	4
637	638	639	4
628	630	631	4
638	639	640	4
644	646	647	4
632	634	8715	4
646	647	648	4
626	627	628	4
1935	1959	1982	4
630	631	632	4
642	643	644	4
650	651	652	4
622	623	624	4
662	663	664	4
618	621	9530	4
657	658	8988	4
5408	5712	6150	4
4693	6214	6659	4
4652	5498	5531	4
1935	9259	9924	4
668	670	671	4
661	662	663	4
666	667	668	4
670	671	672	4
664	666	667	4
1563	8186	10016	4
652	654	9108	4
654	657	9108	4
2273	2466	2467	4
672	674	676	4
977	978	979	4
3974	4652	8983	4
674	676	677	4
658	661	8988	4
615	617	881	4
1560	1562	1563	4
615	881	9478	4
617	618	9530	4
3466	5658	9433	4
5902	8186	9343	4
2155	4578	9694	4
5170	6197	6821	4
8362	9703	9924	4
4693	5170	6214	4
2157	2466	9694	4
6197	6821	11457	4
1561	1562	9920	4
572	574	10172	4
2821	10857	10866	4
5021	10454	10474	4
5902	6690	10378	4
574	2178	10172	4
2153	4578	9920	4
6667	10421	10454	4
6688	7223	10530	4
5903	5909	10421	4
6690	10456	10580	4
5021	9487	10480	4
677	679	10789	4
6746	9032	11277	4
5317	10486	10580	4
5498	5532	10787	4
6689	10530	10756	4
6710	7223	10866	4
5408	6746	11276	4
6353	11472	11475	4
6353	9496	11475	4
7966	7968	11136	4
8851	11136	11154	4
976	978	11277	4
6659	9919	11489	4
4692	7721	11457	4
3853	11467	11472	4
3853	9478	11467	4
2178	9919	11489	4
7551	10756	11612	4
7052	10775	10787	4
6340	8305	8601	4
253	401	569	4
401	569	570	4
152	153	7551	4
8186	9343	10016	4
7965	7967	7980	4
3030	3051	9192	4
2273	2467	8714	4
3872	4692	7720	4
2056	3445	8369	4
3027	3029	8601	4
3872	3874	7720	4
1935	1982	9259	4
5168	5442	9496	4
623	624	9009	4
3874	3875	4272	4
624	627	9009	4
3466	3468	9433	4
3445	3466	5658	4
648	651	9257	4
3028	3029	3030	4
3470	3974	8983	4
5903	5904	5909	4
3468	3470	3471	4
637	3851	8715	4
5166	5167	5168	4
5712	6150	6151	4
5442	6353	9496	4
3875	4272	4273	4
632	8707	8715	4
679	681	1897	4
672	676	9272	4
671	672	9272	4
637	639	3851	4
1959	1982	2056	4
631	632	8707	4
652	3677	9108	4
657	8988	9109	4
976	977	978	4
651	652	3677	4
661	663	3637	4
647	648	9257	4
5498	5531	5532	4
640	643	9370	4
677	678	679	4
621	623	3848	4
621	3848	9530	4
7966	7967	7968	4
977	979	3805	4
661	3637	8988	4
5904	8362	9703	4
4273	5166	5167	4
676	677	678	4
663	664	9472	4
2157	2273	2466	4
657	9108	9109	4
4652	5531	8983	4
639	640	9370	4
2153	2155	4578	4
6688	6710	7223	4
617	881	6598	4
664	667	9472	4
8362	9259	9924	4
1560	1561	1562	4
2155	2157	9694	4
617	6598	9530	4
7979	7980	9192	4
570	572	3825	4
2821	8714	10857	4
6151	9487	10480	4
1560	1563	10016	4
5903	6667	10421	4
1561	2153	9920	4
572	3825	10172	4
6667	10454	10474	4
5902	9343	10378	4
6690	10378	10456	4
5317	6340	10486	4
5317	10456	10580	4
5021	10474	10480	4
6688	6689	10530	4
5532	7052	10787	4
6746	9032	11276	4
681	1897	10775	4
6710	10857	10866	4
668	671	11248	4
644	647	11261	4
976	9032	11277	4
6821	11457	11458	4
6354	11467	11472	4
6353	6354	11472	4
7968	11136	11154	4
3805	8851	11154	4
667	668	11248	4
643	644	11261	4
5408	6150	11276	4
628	631	11446	4
6659	11488	11489	4
5170	6821	11486	4
6214	6659	11488	4
627	628	11446	4
881	9478	11463	4
9478	11463	11467	4
5170	6214	11486	4
4692	11457	11458	4
2178	10172	11490	4
2178	11489	11490	4
6689	10756	11612	4

End