MeshVersionFormatted 3

Dimension
3

Vertices
11833
0	0	0		1
1	0	0		1
1	1	0		1
0	1	0		1
0.01	0	0		1
0.02	0	0		1
0.03	0	0		1
0.04	0	0		1
0.05	0	0		1
0.06	0	0		1
0.07	0	0		1
0.08	0	0		1
0.09	0	0		1
0.1	0	0		1
0.11	0	0		1
0.12	0	0		1
0.13	0	0		1
0.14	0	0		1
0.15	0	0		1
0.16	0	0		1
0.17	0	0		1
0.18	0	0		1
0.19	0	0		1
0.2	0	0		1
0.21	0	0		1
0.22	0	0		1
0.23	0	0		1
0.24	0	0		1
0.25	0	0		1
0.26	0	0		1
0.27	0	0		1
0.28	0	0		1
0.29	0	0		1
0.3	0	0		1
0.31	0	0		1
0.32	0	0		1
0.33	0	0		1
0.34	0	0		1
0.35	0	0		1
0.36	0	0		1
0.37	0	0		1
0.38	0	0		1
0.39	0	0		1
0.4	0	0		1
0.41	0	0		1
0.42	0	0		1
0.43	0	0		1
0.44	0	0		1
0.45	0	0		1
0.46	0	0		1
0.47	0	0		1
0.48	0	0		1
0.49	0	0		1
0.5	0	0		1
0.51	0	0		1
0.52	0	0		1
0.53	0	0		1
0.54	0	0		1
0.55	0	0		1
0.56	0	0		1
0.57	0	0		1
0.58	0	0		1
0.59	0	0		1
0.6	0	0		1
0.61	0	0		1
0.62	0	0		1
0.63	0	0		1
0.64	0	0		1
0.65	0	0		1
0.66	0	0		1
0.67	0	0		1
0.68	0	0		1
0.69	0	0		1
0.7	0	0		1
0.71	0	0		1
0.72	0	0		1
0.73	0	0		1
0.74	0	0		1
0.75	0	0		1
0.76	0	0		1
0.77	0	0		1
0.78	0	0		1
0.79	0	0		1
0.8	0	0		1
0.81	0	0		1
0.82	0	0		1
0.83	0	0		1
0.84	0	0		1
0.85	0	0		1
0.86	0	0		1
0.87	0	0		1
0.88	0	0		1
0.89	0	0		1
0.9	0	0		1
0.91	0	0		1
0.92	0	0		1
0.93	0	0		1
0.94	0	0		1
0.95	0	0		1
0.96	0	0		1
0.97	0	0		1
0.98	0	0		1
0.99	0	0		1
1	0.01	0		1
1	0.02	0		1
1	0.03	0		1
1	0.04	0		1
1	0.05	0		1
1	0.06	0		1
1	0.07	0		1
1	0.08	0		1
1	0.09	0		1
1	0.1	0		1
1	0.11	0		1
1	0.12	0		1
1	0.13	0		1
1	0.14	0		1
1	0.15	0		1
1	0.16	0		1
1	0.17	0		1
1	0.18	0		1
1	0.19	0		1
1	0.2	0		1
1	0.21	0		1
1	0.22	0		1
1	0.23	0		1
1	0.24	0		1
1	0.25	0		1
1	0.26	0		1
1	0.27	0		1
1	0.28	0		1
1	0.29	0		1
1	0.3	0		1
1	0.31	0		1
1	0.32	0		1
1	0.33	0		1
1	0.34	0		1
1	0.35	0		1
1	0.36	0		1
1	0.37	0		1
1	0.38	0		1
1	0.39	0		1
1	0.4	0		1
1	0.41	0		1
1	0.42	0		1
1	0.43	0		1
1	0.44	0		1
1	0.45	0		1
1	0.46	0		1
1	0.47	0		1
1	0.48	0		1
1	0.49	0		1
1	0.5	0		1
1	0.51	0		1
1	0.52	0		1
1	0.53	0		1
1	0.54	0		1
1	0.55	0		1
1	0.56	0		1
1	0.57	0		1
1	0.58	0		1
1	0.59	0		1
1	0.6	0		1
1	0.61	0		1
1	0.62	0		1
1	0.63	0		1
1	0.64	0		1
1	0.65	0		1
1	0.66	0		1
1	0.67	0		1
1	0.68	0		1
1	0.69	0		1
1	0.7	0		1
1	0.71	0		1
1	0.72	0		1
1	0.73	0		1
1	0.74	0		1
1	0.75	0		1
1	0.76	0		1
1	0.77	0		1
1	0.78	0		1
1	0.79	0		1
1	0.8	0		1
1	0.81	0		1
1	0.82	0		1
1	0.83	0		1
1	0.84	0		1
1	0.85	0		1
1	0.86	0		1
1	0.87	0		1
1	0.88	0		1
1	0.89	0		1
1	0.9	0		1
1	0.91	0		1
1	0.92	0		1
1	0.93	0		1
1	0.94	0		1
1	0.95	0		1
1	0.96	0		1
1	0.97	0		1
1	0.98	0		1
1	0.99	0		1
0.99	1	0		1
0.98	1	0		1
0.97	1	0		1
0.96	1	0		1
0.95	1	0		1
0.94	1	0		1
0.93	1	0		1
0.92	1	0		1
0.91	1	0		1
0.9	1	0		1
0.89	1	0		1
0.88	1	0		1
0.87	1	0		1
0.86	1	0		1
0.85	1	0		1
0.84	1	0		1
0.83	1	0		1
0.82	1	0		1
0.81	1	0		1
0.8	1	0		1
0.79	1	0		1
0.78	1	0		1
0.77	1	0		1
0.76	1	0		1
0.75	1	0		1
0.74	1	0		1
0.73	1	0		1
0.72	1	0		1
0.71	1	0		1
0.7	1	0		1
0.69	1	0		1
0.68	1	0		1
0.67	1	0		1
0.66	1	0		1
0.65	1	0		1
0.64	1	0		1
0.63	1	0		1
0.62	1	0		1
0.61	1	0		1
0.6	1	0		1
0.59	1	0		1
0.58	1	0		1
0.57	1	0		1
0.56	1	0		1
0.55	1	0		1
0.54	1	0		1
0.53	1	0		1
0.52	1	0		1
0.51	1	0		1
0.5	1	0		1
0.49	1	0		1
0.48	1	0		1
0.47	1	0		1
0.46	1	0		1
0.45	1	0		1
0.44	1	0		1
0.43	1	0		1
0.42	1	0		1
0.41	1	0		1
0.4	1	0		1
0.39	1	0		1
0.38	1	0		1
0.37	1	0		1
0.36	1	0		1
0.35	1	0		1
0.34	1	0		1
0.33	1	0		1
0.32	1	0		1
0.31	1	0		1
0.3	1	0		1
0.29	1	0		1
0.28	1	0		1
0.27	1	0		1
0.26	1	0		1
0.25	1	0		1
0.24	1	0		1
0.23	1	0		1
0.22	1	0		1
0.21	1	0		1
0.2	1	0		1
0.19	1	0		1
0.18	1	0		1
0.17	1	0		1
0.16	1	0		1
0.15	1	0		1
0.14	1	0		1
0.13	1	0		1
0.12	1	0		1
0.11	1	0		1
0.1	1	0		1
0.09	1	0		1
0.08	1	0		1
0.07	1	0		1
0.06	1	0		1
0.05	1	0		1
0.04	1	0		1
0.03	1	0		1
0.02	1	0		1
0.01	1	0		1
0	0.99	0		1
0	0.98	0		1
0	0.97	0		1
0	0.96	0		1
0	0.95	0		1
0	0.94	0		1
0	0.93	0		1
0	0.92	0		1
0	0.91	0		1
0	0.9	0		1
0	0.89	0		1
0	0.88	0		1
0	0.87	0		1
0	0.86	0		1
0	0.85	0		1
0	0.84	0		1
0	0.83	0		1
0	0.82	0		1
0	0.81	0		1
0	0.8	0		1
0	0.79	0		1
0	0.78	0		1
0	0.77	0		1
0	0.76	0		1
0	0.75	0		1
0	0.74	0		1
0	0.73	0		1
0	0.72	0		1
0	0.71	0		1
0	0.7	0		1
0	0.69	0		1
0	0.68	0		1
0	0.67	0		1
0	0.66	0		1
0	0.65	0		1
0	0.64	0		1
0	0.63	0		1
0	0.62	0		1
0	0.61	0		1
0	0.6	0		1
0	0.59	0		1
0	0.58	0		1
0	0.57	0		1
0	0.56	0		1
0	0.55	0		1
0	0.54	0		1
0	0.53	0		1
0	0.52	0		1
0	0.51	0		1
0	0.5	0		1
0	0.49	0		1
0	0.48	0		1
0	0.47	0		1
0	0.46	0		1
0	0.45	0		1
0	0.44	0		1
0	0.43	0		1
0	0.42	0		1
0	0.41	0		1
0	0.4	0		1
0	0.39	0		1
0	0.38	0		1
0	0.37	0		1
0	0.36	0		1
0	0.35	0		1
0	0.34	0		1
0	0.33	0		1
0	0.32	0		1
0	0.31	0		1
0	0.3	0		1
0	0.29	0		1
0	0.28	0		1
0	0.27	0		1
0	0.26	0		1
0	0.25	0		1
0	0.24	0		1
0	0.23	0		1
0	0.22	0		1
0	0.21	0		1
0	0.2	0		1
0	0.19	0		1
0	0.18	0		1
0	0.17	0		1
0	0.16	0		1
0	0.15	0		1
0	0.14	0		1
0	0.13	0		1
0	0.12	0		1
0	0.11	0		1
0	0.1	0		1
0	0.09	0		1
0	0.08	0		1
0	0.07	0		1
0	0.06	0		1
0	0.05	0		1
0	0.04	0		1
0	0.03	0		1
0	0.02	0		1
0	0.01	0		1
0.495	0.99134	0		1
0.00921199	0.496188	0		1
0.505	0.00866025	0		1
0.990998	0.504175	0		1
0.00880562	0.584755	0		1
0.585	0.99134	0		1
0.415	0.00866025	0		1
0.99134	0.415	0		1
0.405	0.99134	0		1
0.991508	0.595292	0		1
0.00856331	0.404832	0		1
0.594719	0.00767077	0		1
0.665	0.99134	0		1
0.00866025	0.665	0		1
0.990786	0.335591	0		1
0.3348	0.00768029	0		1
0.325	0.99134	0		1
0.992471	0.674952	0		1
0.00866025	0.325	0		1
0.675	0.00866025	0		1
0.735	0.99134	0		1
0.00893717	0.735162	0		1
0.990993	0.265904	0		1
0.2648	0.00768029	0		1
0.255	0.99134	0		1
0.992029	0.745151	0		1
0.00889646	0.255147	0		1
0.744439	0.00713043	0		1
0.795	0.99134	0		1
0.00950426	0.793687	0		1
0.990121	0.203677	0		1
0.204927	0.00842004	0		1
0.195	0.99134	0		1
0.992559	0.805141	0		1
0.00866025	0.195	0		1
0.8048	0.00768029	0		1
0.992548	0.154914	0		1
0.154439	0.00713043	0		1
0.845	0.99134	0		1
0.00906498	0.84468	0		1
0.145	0.99134	0		1
0.99134	0.855	0		1
0.00897525	0.145508	0		1
0.855	0.00866025	0		1
0.0095501	0.895587	0		1
0.895	0.99134	0		1
0.105	0.00866025	0		1
0.991045	0.10469	0		1
0.455	0.99134	0		1
0.00901704	0.456073	0		1
0.99153	0.545055	0		1
0.545	0.00827365	0		1
0.105	0.99134	0		1
0.990467	0.895604	0		1
0.00866025	0.105	0		1
0.990455	0.635666	0		1
0.365	0.99134	0		1
0.895	0.00866025	0		1
0.635	0.00866025	0		1
0.00896121	0.36463	0		1
0.375	0.00866025	0		1
0.455	0.00866025	0		1
0.991017	0.456014	0		1
0.00866025	0.545	0		1
0.990064	0.375394	0		1
0.545	0.99134	0		1
0.625	0.99134	0		1
0.00896757	0.624569	0		1
0.00866025	0.065	0		1
0.934927	0.00842004	0		1
0.935	0.99134	0		1
0.00781564	0.934973	0		1
0.065	0.99134	0		1
0.991593	0.934995	0		1
0.991134	0.0648907	0		1
0.0650731	0.00842004	0		1
0.990487	0.774735	0		1
0.991027	0.71594	0		1
0.285	0.99134	0		1
0.225	0.99134	0		1
0.715	0.00866025	0		1
0.774439	0.00713043	0		1
0.00867939	0.284741	0		1
0.00868244	0.225463	0		1
0.99048	0.306041	0		1
0.304927	0.00842004	0		1
0.990563	0.236164	0		1
0.234439	0.00713043	0		1
0.695	0.99134	0		1
0.765	0.99134	0		1
0.00891246	0.694475	0		1
0.00900623	0.764113	0		1
0.00866025	0.035	0		1
0.9648	0.00768029	0		1
0.965	0.99134	0		1
0.0340688	0.990458	0		1
0.00866025	0.965	0		1
0.991115	0.965092	0		1
0.992319	0.035102	0		1
0.0342181	0.00919503	0		1
0.875	0.99134	0		1
0.00866025	0.875	0		1
0.435	0.99134	0		1
0.475	0.99134	0		1
0.00890113	0.434546	0		1
0.00894442	0.475222	0		1
0.515	0.99134	0		1
0.00885294	0.514978	0		1
0.991057	0.564347	0		1
0.990997	0.525842	0		1
0.5652	0.00768029	0		1
0.525281	0.00811577	0		1
0.992542	0.484815	0		1
0.485	0.00866025	0		1
0.915	0.99134	0		1
0.00919101	0.914415	0		1
0.992028	0.124381	0		1
0.124927	0.00842004	0		1
0.165	0.99134	0		1
0.125	0.99134	0		1
0.991653	0.835658	0		1
0.385	0.99134	0		1
0.00841488	0.124502	0		1
0.00866025	0.085	0		1
0.00845103	0.165	0		1
0.00840415	0.385444	0		1
0.835	0.00866025	0		1
0.915	0.00866025	0		1
0.99134	0.615	0		1
0.875	0.00866025	0		1
0.345	0.99134	0		1
0.305	0.99134	0		1
0.990843	0.654487	0		1
0.991514	0.694698	0		1
0.615	0.00866025	0		1
0.085	0.99134	0		1
0.00988949	0.305628	0		1
0.0084522	0.345	0		1
0.655	0.00866025	0		1
0.695	0.00827365	0		1
0.99134	0.875	0		1
0.435	0.00866025	0		1
0.990499	0.0836299	0		1
0.355	0.00866025	0		1
0.99134	0.355	0		1
0.395	0.00866025	0		1
0.991519	0.395	0		1
0.0092614	0.566014	0		1
0.0095046	0.603514	0		1
0.085	0.00866025	0		1
0.565	0.99134	0		1
0.99134	0.285	0		1
0.605	0.99134	0		1
0.990465	0.914196	0		1
0.00682919	0.644775	0		1
0.645	0.99134	0		1
0.285	0.00866025	0		1
0.990446	0.185529	0		1
0.1848	0.00768029	0		1
0.715	0.99134	0		1
0.00901376	0.716011	0		1
0.815	0.99134	0		1
0.00866025	0.815	0		1
0.991016	0.434403	0		1
0.00843696	0.0153868	0		1
0.984954	0.00765927	0		1
0.984613	0.991563	0		1
0.0159183	0.990943	0		1
0.485	0.99134	0		1
0.49	0.982679	0		1
0.5	0.982679	0		1
0.495	0.974019	0		1
0.505	0.974019	0		1
0.5	0.965359	0		1
0.51	0.965359	0		1
0.505	0.956699	0		1
0.515	0.956699	0		1
0.51	0.948038	0		1
0.52	0.948038	0		1
0.515	0.939378	0		1
0.525	0.939378	0		1
0.52	0.930718	0		1
0.51	0.930718	0		1
0.515	0.922058	0		1
0.525	0.922058	0		1
0.52	0.913397	0		1
0.53	0.913397	0		1
0.525	0.904737	0		1
0.535	0.904737	0		1
0.53	0.896077	0		1
0.54	0.896077	0		1
0.535	0.887417	0		1
0.545	0.887417	0		1
0.54	0.878756	0		1
0.55	0.878756	0		1
0.545	0.870096	0		1
0.555	0.870096	0		1
0.55	0.861436	0		1
0.54	0.861436	0		1
0.545	0.852776	0		1
0.535	0.852776	0		1
0.54	0.844115	0		1
0.53	0.844115	0		1
0.535	0.835455	0		1
0.525	0.835455	0		1
0.53	0.826795	0		1
0.52	0.826795	0		1
0.525	0.818135	0		1
0.515	0.818135	0		1
0.52	0.809474	0		1
0.51	0.809474	0		1
0.515	0.800814	0		1
0.505	0.800814	0		1
0.51	0.792154	0		1
0.5	0.792154	0		1
0.505	0.783494	0		1
0.495	0.783494	0		1
0.5	0.774833	0		1
0.51	0.774833	0		1
0.505	0.766173	0		1
0.495	0.766173	0		1
0.5	0.757513	0		1
0.49	0.757513	0		1
0.495	0.748853	0		1
0.505	0.748853	0		1
0.5	0.740192	0		1
0.49	0.740192	0		1
0.495	0.731532	0		1
0.505	0.731532	0		1
0.5	0.722872	0		1
0.49	0.722872	0		1
0.495	0.714212	0		1
0.505	0.714212	0		1
0.5	0.705551	0		1
0.51	0.705551	0		1
0.505	0.696891	0		1
0.495	0.696891	0		1
0.5	0.688231	0		1
0.49	0.688231	0		1
0.495	0.679571	0		1
0.505	0.679571	0		1
0.5	0.67091	0		1
0.49	0.67091	0		1
0.495	0.66225	0		1
0.505	0.66225	0		1
0.5	0.65359	0		1
0.49	0.65359	0		1
0.495	0.64493	0		1
0.505	0.64493	0		1
0.5	0.636269	0		1
0.49	0.636269	0		1
0.495	0.627609	0		1
0.505	0.627609	0		1
0.5	0.618949	0		1
0.51	0.618949	0		1
0.505	0.610289	0		1
0.495	0.610289	0		1
0.5	0.601628	0		1
0.51	0.601628	0		1
0.505	0.592968	0		1
0.495	0.592968	0		1
0.5	0.584308	0		1
0.49	0.584308	0		1
0.495	0.575648	0		1
0.505	0.575648	0		1
0.5	0.566987	0		1
0.49	0.566987	0		1
0.495	0.558327	0		1
0.505	0.558327	0		1
0.5	0.549667	0		1
0.49	0.549667	0		1
0.495	0.541007	0		1
0.505	0.541007	0		1
0.5	0.532346	0		1
0.51	0.532346	0		1
0.49	0.532346	0		1
0.495	0.523686	0		1
0.485	0.523686	0		1
0.49	0.515026	0		1
0.48	0.515026	0		1
0.485	0.506366	0		1
0.475	0.506366	0		1
0.48	0.497705	0		1
0.47	0.497705	0		1
0.475	0.489045	0		1
0.465	0.489045	0		1
0.55	0.844115	0		1
0.47	0.480385	0		1
0.46	0.480385	0		1
0.465	0.471725	0		1
0.475	0.471725	0		1
0.455	0.471725	0		1
0.45	0.480385	0		1
0.445	0.471725	0		1
0.44	0.480385	0		1
0.435	0.471725	0		1
0.47	0.463064	0		1
0.48	0.463064	0		1
0.43	0.480385	0		1
0.475	0.454404	0		1
0.485	0.454404	0		1
0.425	0.471725	0		1
0.42	0.480385	0		1
0.48	0.445744	0		1
0.49	0.445744	0		1
0.415	0.471725	0		1
0.41	0.480385	0		1
0.485	0.437083	0		1
0.495	0.437083	0		1
0.405	0.471725	0		1
0.49	0.428423	0		1
0.5	0.428423	0		1
0.4	0.480385	0		1
0.395	0.471725	0		1
0.495	0.419763	0		1
0.505	0.419763	0		1
0.39	0.480385	0		1
0.385	0.471725	0		1
0.5	0.411103	0		1
0.51	0.411103	0		1
0.38	0.480385	0		1
0.505	0.402442	0		1
0.515	0.402442	0		1
0.375	0.471725	0		1
0.37	0.480385	0		1
0.51	0.393782	0		1
0.52	0.393782	0		1
0.365	0.471725	0		1
0.515	0.385122	0		1
0.525	0.385122	0		1
0.36	0.480385	0		1
0.355	0.471725	0		1
0.52	0.376462	0		1
0.53	0.376462	0		1
0.535	0.385122	0		1
0.54	0.376462	0		1
0.545	0.385122	0		1
0.55	0.376462	0		1
0.555	0.385122	0		1
0.56	0.376462	0		1
0.565	0.385122	0		1
0.57	0.376462	0		1
0.575	0.385122	0		1
0.58	0.376462	0		1
0.585	0.385122	0		1
0.59	0.376462	0		1
0.595	0.385122	0		1
0.6	0.376462	0		1
0.605	0.385122	0		1
0.61	0.376462	0		1
0.615	0.385122	0		1
0.62	0.376462	0		1
0.625	0.385122	0		1
0.63	0.376462	0		1
0.635	0.385122	0		1
0.64	0.376462	0		1
0.645	0.385122	0		1
0.35	0.480385	0		1
0.65	0.376462	0		1
0.655	0.385122	0		1
0.345	0.471725	0		1
0.35	0.463064	0		1
0.575	0.367801	0		1
0.645	0.367801	0		1
0.655	0.367801	0		1
0.34	0.463064	0		1
0.345	0.454404	0		1
0.34	0.480385	0		1
0.65	0.359141	0		1
0.66	0.359141	0		1
0.335	0.454404	0		1
0.34	0.445744	0		1
0.33	0.445744	0		1
0.335	0.437083	0		1
0.655	0.350481	0		1
0.665	0.350481	0		1
0.325	0.437083	0		1
0.33	0.428423	0		1
0.66	0.341821	0		1
0.67	0.341821	0		1
0.32	0.428423	0		1
0.325	0.419763	0		1
0.315	0.419763	0		1
0.32	0.411103	0		1
0.665	0.33316	0		1
0.675	0.33316	0		1
0.31	0.428423	0		1
0.31	0.411103	0		1
0.315	0.402442	0		1
0.305	0.402442	0		1
0.31	0.393782	0		1
0.67	0.3245	0		1
0.68	0.3245	0		1
0.685	0.33316	0		1
0.69	0.3245	0		1
0.695	0.33316	0		1
0.7	0.3245	0		1
0.3	0.393782	0		1
0.305	0.385122	0		1
0.685	0.31584	0		1
0.705	0.33316	0		1
0.295	0.385122	0		1
0.3	0.376462	0		1
0.71	0.3245	0		1
0.29	0.376462	0		1
0.295	0.367801	0		1
0.715	0.33316	0		1
0.285	0.367801	0		1
0.29	0.359141	0		1
0.72	0.3245	0		1
0.28	0.376462	0		1
0.28	0.359141	0		1
0.285	0.350481	0		1
0.525	0.367801	0		1
0.725	0.33316	0		1
0.275	0.350481	0		1
0.28	0.341821	0		1
0.29	0.341821	0		1
0.285	0.33316	0		1
0.295	0.33316	0		1
0.29	0.3245	0		1
0.3	0.3245	0		1
0.295	0.31584	0		1
0.305	0.31584	0		1
0.3	0.30718	0		1
0.31	0.30718	0		1
0.29	0.30718	0		1
0.295	0.298519	0		1
0.285	0.298519	0		1
0.345	0.489045	0		1
0.335	0.489045	0		1
0.34	0.497705	0		1
0.33	0.497705	0		1
0.335	0.506366	0		1
0.325	0.506366	0		1
0.33	0.515026	0		1
0.32	0.515026	0		1
0.325	0.523686	0		1
0.315	0.523686	0		1
0.32	0.532346	0		1
0.31	0.532346	0		1
0.315	0.541007	0		1
0.305	0.541007	0		1
0.31	0.549667	0		1
0.3	0.549667	0		1
0.305	0.558327	0		1
0.295	0.558327	0		1
0.3	0.566987	0		1
0.29	0.566987	0		1
0.295	0.575648	0		1
0.29	0.549667	0		1
0.285	0.575648	0		1
0.29	0.584308	0		1
0.28	0.584308	0		1
0.285	0.592968	0		1
0.275	0.592968	0		1
0.28	0.601628	0		1
0.29	0.289859	0		1
0.28	0.289859	0		1
0.73	0.3245	0		1
0.27	0.601628	0		1
0.275	0.610289	0		1
0.265	0.610289	0		1
0.27	0.618949	0		1
0.265	0.592968	0		1
0.735	0.33316	0		1
0.285	0.281199	0		1
0.275	0.281199	0		1
0.65	0.393782	0		1
0.26	0.618949	0		1
0.265	0.627609	0		1
0.74	0.3245	0		1
0.735	0.31584	0		1
0.745	0.31584	0		1
0.74	0.30718	0		1
0.28	0.272539	0		1
0.27	0.272539	0		1
0.255	0.627609	0		1
0.26	0.636269	0		1
0.745	0.33316	0		1
0.49	0.792154	0		1
0.75	0.30718	0		1
0.745	0.298519	0		1
0.25	0.636269	0		1
0.255	0.64493	0		1
0.275	0.263878	0		1
0.285	0.263878	0		1
0.265	0.263878	0		1
0.245	0.64493	0		1
0.25	0.65359	0		1
0.755	0.298519	0		1
0.75	0.289859	0		1
0.24	0.636269	0		1
0.76	0.289859	0		1
0.755	0.281199	0		1
0.24	0.65359	0		1
0.245	0.66225	0		1
0.255	0.66225	0		1
0.25	0.67091	0		1
0.24	0.67091	0		1
0.245	0.679571	0		1
0.255	0.679571	0		1
0.25	0.688231	0		1
0.24	0.688231	0		1
0.245	0.696891	0		1
0.255	0.696891	0		1
0.25	0.705551	0		1
0.24	0.705551	0		1
0.245	0.714212	0		1
0.255	0.714212	0		1
0.25	0.722872	0		1
0.24	0.722872	0		1
0.245	0.731532	0		1
0.255	0.731532	0		1
0.25	0.740192	0		1
0.24	0.740192	0		1
0.27	0.255218	0		1
0.26	0.255218	0		1
0.26	0.740192	0		1
0.245	0.748853	0		1
0.765	0.281199	0		1
0.76	0.272539	0		1
0.235	0.748853	0		1
0.265	0.246558	0		1
0.255	0.246558	0		1
0.25	0.255218	0		1
0.245	0.246558	0		1
0.24	0.255218	0		1
0.235	0.246558	0		1
0.77	0.272539	0		1
0.765	0.263878	0		1
0.77	0.289859	0		1
0.23	0.255218	0		1
0.24	0.757513	0		1
0.23	0.757513	0		1
0.225	0.246558	0		1
0.775	0.263878	0		1
0.77	0.255218	0		1
0.25	0.237898	0		1
0.22	0.255218	0		1
0.78	0.255218	0		1
0.775	0.246558	0		1
0.765	0.246558	0		1
0.77	0.237898	0		1
0.76	0.237898	0		1
0.78	0.237898	0		1
0.235	0.766173	0		1
0.225	0.766173	0		1
0.28	0.618949	0		1
0.765	0.229237	0		1
0.755	0.229237	0		1
0.215	0.246558	0		1
0.515	0.367801	0		1
0.52	0.359141	0		1
0.66	0.393782	0		1
0.655	0.402442	0		1
0.665	0.402442	0		1
0.66	0.411103	0		1
0.67	0.411103	0		1
0.665	0.419763	0		1
0.675	0.419763	0		1
0.67	0.428423	0		1
0.68	0.428423	0		1
0.675	0.437083	0		1
0.685	0.437083	0		1
0.68	0.445744	0		1
0.69	0.445744	0		1
0.685	0.454404	0		1
0.695	0.454404	0		1
0.69	0.463064	0		1
0.7	0.463064	0		1
0.695	0.471725	0		1
0.705	0.471725	0		1
0.7	0.480385	0		1
0.71	0.480385	0		1
0.705	0.489045	0		1
0.715	0.489045	0		1
0.71	0.497705	0		1
0.72	0.497705	0		1
0.715	0.506366	0		1
0.725	0.506366	0		1
0.72	0.515026	0		1
0.73	0.515026	0		1
0.725	0.523686	0		1
0.735	0.506366	0		1
0.735	0.523686	0		1
0.73	0.532346	0		1
0.74	0.532346	0		1
0.735	0.541007	0		1
0.745	0.541007	0		1
0.74	0.549667	0		1
0.75	0.549667	0		1
0.745	0.558327	0		1
0.755	0.558327	0		1
0.75	0.566987	0		1
0.76	0.566987	0		1
0.755	0.575648	0		1
0.745	0.575648	0		1
0.75	0.584308	0		1
0.74	0.584308	0		1
0.745	0.592968	0		1
0.755	0.592968	0		1
0.75	0.601628	0		1
0.74	0.601628	0		1
0.745	0.610289	0		1
0.755	0.610289	0		1
0.75	0.618949	0		1
0.74	0.618949	0		1
0.745	0.627609	0		1
0.755	0.627609	0		1
0.75	0.636269	0		1
0.76	0.549667	0		1
0.76	0.636269	0		1
0.755	0.64493	0		1
0.745	0.64493	0		1
0.75	0.65359	0		1
0.76	0.65359	0		1
0.755	0.66225	0		1
0.745	0.66225	0		1
0.75	0.67091	0		1
0.74	0.67091	0		1
0.745	0.679571	0		1
0.755	0.679571	0		1
0.75	0.688231	0		1
0.74	0.688231	0		1
0.745	0.696891	0		1
0.755	0.696891	0		1
0.75	0.705551	0		1
0.76	0.705551	0		1
0.755	0.714212	0		1
0.765	0.714212	0		1
0.76	0.722872	0		1
0.735	0.696891	0		1
0.77	0.722872	0		1
0.765	0.731532	0		1
0.775	0.731532	0		1
0.77	0.740192	0		1
0.76	0.740192	0		1
0.765	0.748853	0		1
0.775	0.748853	0		1
0.77	0.757513	0		1
0.76	0.757513	0		1
0.78	0.757513	0		1
0.775	0.766173	0		1
0.715	0.523686	0		1
0.785	0.766173	0		1
0.78	0.774833	0		1
0.23	0.774833	0		1
0.22	0.774833	0		1
0.215	0.766173	0		1
0.21	0.774833	0		1
0.79	0.774833	0		1
0.21	0.255218	0		1
0.51	0.359141	0		1
0.515	0.350481	0		1
0.76	0.220577	0		1
0.75	0.220577	0		1
0.205	0.246558	0		1
0.205	0.766173	0		1
0.505	0.350481	0		1
0.51	0.341821	0		1
0.785	0.783494	0		1
0.795	0.783494	0		1
0.215	0.783494	0		1
0.205	0.783494	0		1
0.505	0.922058	0		1
0.78	0.722872	0		1
0.2	0.255218	0		1
0.5	0.341821	0		1
0.505	0.33316	0		1
0.755	0.211917	0		1
0.745	0.211917	0		1
0.21	0.792154	0		1
0.2	0.792154	0		1
0.495	0.33316	0		1
0.5	0.3245	0		1
0.79	0.792154	0		1
0.8	0.792154	0		1
0.805	0.783494	0		1
0.195	0.246558	0		1
0.2	0.237898	0		1
0.305	0.575648	0		1
0.49	0.3245	0		1
0.495	0.31584	0		1
0.485	0.31584	0		1
0.49	0.30718	0		1
0.5	0.30718	0		1
0.495	0.298519	0		1
0.505	0.298519	0		1
0.5	0.289859	0		1
0.49	0.289859	0		1
0.495	0.281199	0		1
0.505	0.281199	0		1
0.5	0.272539	0		1
0.51	0.272539	0		1
0.505	0.263878	0		1
0.515	0.263878	0		1
0.51	0.255218	0		1
0.5	0.255218	0		1
0.52	0.255218	0		1
0.515	0.246558	0		1
0.525	0.246558	0		1
0.52	0.237898	0		1
0.53	0.237898	0		1
0.525	0.229237	0		1
0.535	0.229237	0		1
0.53	0.220577	0		1
0.54	0.220577	0		1
0.535	0.211917	0		1
0.525	0.211917	0		1
0.545	0.211917	0		1
0.53	0.203257	0		1
0.52	0.203257	0		1
0.75	0.203257	0		1
0.74	0.203257	0		1
0.19	0.255218	0		1
0.81	0.792154	0		1
0.19	0.237898	0		1
0.195	0.229237	0		1
0.69	0.480385	0		1
0.805	0.800814	0		1
0.205	0.800814	0		1
0.195	0.800814	0		1
0.185	0.229237	0		1
0.19	0.220577	0		1
0.815	0.800814	0		1
0.815	0.783494	0		1
0.525	0.194596	0		1
0.515	0.194596	0		1
0.745	0.194596	0		1
0.755	0.194596	0		1
0.735	0.194596	0		1
0.18	0.220577	0		1
0.185	0.211917	0		1
0.78	0.792154	0		1
0.32	0.393782	0		1
0.67	0.445744	0		1
0.715	0.471725	0		1
0.53	0.809474	0		1
0.24	0.774833	0		1
0.81	0.809474	0		1
0.82	0.809474	0		1
0.2	0.809474	0		1
0.19	0.809474	0		1
0.185	0.800814	0		1
0.18	0.809474	0		1
0.485	0.33316	0		1
0.175	0.800814	0		1
0.175	0.211917	0		1
0.18	0.203257	0		1
0.52	0.185936	0		1
0.51	0.185936	0		1
0.75	0.185936	0		1
0.76	0.185936	0		1
0.325	0.541007	0		1
0.185	0.818135	0		1
0.175	0.818135	0		1
0.815	0.818135	0		1
0.825	0.818135	0		1
0.17	0.220577	0		1
0.17	0.203257	0		1
0.175	0.194596	0		1
0.58	0.393782	0		1
0.41	0.463064	0		1
0.755	0.177276	0		1
0.765	0.177276	0		1
0.515	0.177276	0		1
0.505	0.177276	0		1
0.525	0.177276	0		1
0.165	0.194596	0		1
0.17	0.185936	0		1
0.18	0.185936	0		1
0.175	0.177276	0		1
0.185	0.177276	0		1
0.165	0.177276	0		1
0.18	0.826795	0		1
0.17	0.826795	0		1
0.82	0.826795	0		1
0.83	0.826795	0		1
0.835	0.818135	0		1
0.84	0.826795	0		1
0.55	0.220577	0		1
0.555	0.211917	0		1
0.76	0.168616	0		1
0.77	0.168616	0		1
0.17	0.168616	0		1
0.16	0.168616	0		1
0.51	0.168616	0		1
0.5	0.168616	0		1
0.405	0.489045	0		1
0.51	0.826795	0		1
0.825	0.835455	0		1
0.815	0.835455	0		1
0.175	0.835455	0		1
0.165	0.835455	0		1
0.845	0.818135	0		1
0.66	0.3245	0		1
0.195	0.263878	0		1
0.185	0.263878	0		1
0.19	0.272539	0		1
0.18	0.272539	0		1
0.185	0.281199	0		1
0.175	0.281199	0		1
0.18	0.289859	0		1
0.17	0.289859	0		1
0.175	0.298519	0		1
0.165	0.298519	0		1
0.17	0.30718	0		1
0.16	0.30718	0		1
0.165	0.31584	0		1
0.155	0.31584	0		1
0.16	0.3245	0		1
0.155	0.298519	0		1
0.165	0.159955	0		1
0.155	0.159955	0		1
0.765	0.159955	0		1
0.775	0.159955	0		1
0.755	0.159955	0		1
0.505	0.159955	0		1
0.495	0.159955	0		1
0.49	0.168616	0		1
0.485	0.159955	0		1
0.48	0.168616	0		1
0.475	0.159955	0		1
0.47	0.168616	0		1
0.465	0.159955	0		1
0.46	0.168616	0		1
0.455	0.159955	0		1
0.45	0.168616	0		1
0.445	0.159955	0		1
0.44	0.168616	0		1
0.435	0.159955	0		1
0.43	0.168616	0		1
0.425	0.159955	0		1
0.42	0.168616	0		1
0.415	0.159955	0		1
0.41	0.168616	0		1
0.405	0.159955	0		1
0.415	0.177276	0		1
0.31	0.515026	0		1
0.505	0.437083	0		1
0.485	0.419763	0		1
0.4	0.168616	0		1
0.395	0.159955	0		1
0.85	0.826795	0		1
0.15	0.3245	0		1
0.155	0.33316	0		1
0.56	0.220577	0		1
0.565	0.211917	0		1
0.73	0.203257	0		1
0.725	0.194596	0		1
0.72	0.203257	0		1
0.715	0.194596	0		1
0.71	0.203257	0		1
0.705	0.194596	0		1
0.7	0.203257	0		1
0.695	0.194596	0		1
0.56	0.878756	0		1
0.82	0.844115	0		1
0.81	0.844115	0		1
0.17	0.844115	0		1
0.18	0.844115	0		1
0.16	0.844115	0		1
0.155	0.835455	0		1
0.15	0.844115	0		1
0.855	0.818135	0		1
0.145	0.835455	0		1
0.145	0.33316	0		1
0.15	0.341821	0		1
0.39	0.168616	0		1
0.385	0.159955	0		1
0.57	0.220577	0		1
0.47	0.151295	0		1
0.76	0.151295	0		1
0.75	0.151295	0		1
0.42	0.151295	0		1
0.16	0.151295	0		1
0.15	0.151295	0		1
0.145	0.159955	0		1
0.14	0.341821	0		1
0.145	0.350481	0		1
0.14	0.151295	0		1
0.86	0.826795	0		1
0.14	0.844115	0		1
0.175	0.852776	0		1
0.185	0.852776	0		1
0.38	0.168616	0		1
0.375	0.159955	0		1
0.38	0.151295	0		1
0.37	0.151295	0		1
0.815	0.852776	0		1
0.805	0.852776	0		1
0.695	0.437083	0		1
0.525	0.263878	0		1
0.865	0.818135	0		1
0.135	0.835455	0		1
0.135	0.159955	0		1
0.135	0.33316	0		1
0.135	0.350481	0		1
0.14	0.359141	0		1
0.15	0.359141	0		1
0.145	0.367801	0		1
0.155	0.367801	0		1
0.15	0.376462	0		1
0.14	0.376462	0		1
0.145	0.385122	0		1
0.155	0.385122	0		1
0.15	0.393782	0		1
0.16	0.393782	0		1
0.155	0.402442	0		1
0.165	0.402442	0		1
0.16	0.411103	0		1
0.17	0.411103	0		1
0.165	0.419763	0		1
0.155	0.419763	0		1
0.16	0.428423	0		1
0.17	0.428423	0		1
0.165	0.437083	0		1
0.155	0.437083	0		1
0.16	0.445744	0		1
0.17	0.445744	0		1
0.165	0.454404	0		1
0.155	0.454404	0		1
0.16	0.463064	0		1
0.15	0.463064	0		1
0.155	0.471725	0		1
0.175	0.454404	0		1
0.145	0.471725	0		1
0.15	0.480385	0		1
0.14	0.480385	0		1
0.145	0.489045	0		1
0.155	0.489045	0		1
0.15	0.497705	0		1
0.14	0.497705	0		1
0.145	0.506366	0		1
0.16	0.497705	0		1
0.135	0.385122	0		1
0.135	0.506366	0		1
0.14	0.515026	0		1
0.135	0.471725	0		1
0.755	0.142635	0		1
0.745	0.142635	0		1
0.145	0.142635	0		1
0.135	0.142635	0		1
0.365	0.159955	0		1
0.36	0.151295	0		1
0.365	0.142635	0		1
0.355	0.142635	0		1
0.35	0.151295	0		1
0.345	0.142635	0		1
0.18	0.861436	0		1
0.19	0.861436	0		1
0.81	0.861436	0		1
0.8	0.861436	0		1
0.87	0.826795	0		1
0.13	0.844115	0		1
0.13	0.515026	0		1
0.135	0.523686	0		1
0.575	0.211917	0		1
0.58	0.220577	0		1
0.34	0.151295	0		1
0.335	0.142635	0		1
0.14	0.133975	0		1
0.13	0.133975	0		1
0.875	0.818135	0		1
0.36	0.133975	0		1
0.75	0.133975	0		1
0.74	0.133975	0		1
0.125	0.835455	0		1
0.125	0.523686	0		1
0.13	0.532346	0		1
0.14	0.532346	0		1
0.135	0.541007	0		1
0.145	0.541007	0		1
0.14	0.549667	0		1
0.13	0.549667	0		1
0.135	0.558327	0		1
0.15	0.549667	0		1
0.315	0.31584	0		1
0.32	0.30718	0		1
0.325	0.31584	0		1
0.33	0.30718	0		1
0.335	0.31584	0		1
0.34	0.30718	0		1
0.345	0.31584	0		1
0.35	0.30718	0		1
0.355	0.31584	0		1
0.36	0.30718	0		1
0.355	0.298519	0		1
0.365	0.298519	0		1
0.365	0.31584	0		1
0.34	0.428423	0		1
0.135	0.852776	0		1
0.125	0.852776	0		1
0.13	0.861436	0		1
0.21	0.809474	0		1
0.36	0.289859	0		1
0.37	0.289859	0		1
0.125	0.558327	0		1
0.13	0.566987	0		1
0.33	0.151295	0		1
0.325	0.142635	0		1
0.805	0.870096	0		1
0.795	0.870096	0		1
0.815	0.870096	0		1
0.185	0.870096	0		1
0.195	0.870096	0		1
0.12	0.566987	0		1
0.125	0.575648	0		1
0.12	0.515026	0		1
0.12	0.861436	0		1
0.125	0.870096	0		1
0.88	0.826795	0		1
0.32	0.151295	0		1
0.315	0.142635	0		1
0.32	0.133975	0		1
0.31	0.133975	0		1
0.305	0.142635	0		1
0.3	0.133975	0		1
0.325	0.159955	0		1
0.585	0.211917	0		1
0.59	0.220577	0		1
0.295	0.142635	0		1
0.29	0.133975	0		1
0.315	0.125314	0		1
0.135	0.125314	0		1
0.125	0.125314	0		1
0.875	0.835455	0		1
0.78	0.168616	0		1
0.785	0.159955	0		1
0.79	0.168616	0		1
0.795	0.159955	0		1
0.8	0.168616	0		1
0.805	0.159955	0		1
0.81	0.168616	0		1
0.815	0.159955	0		1
0.82	0.168616	0		1
0.825	0.159955	0		1
0.83	0.168616	0		1
0.835	0.159955	0		1
0.84	0.168616	0		1
0.845	0.159955	0		1
0.85	0.168616	0		1
0.855	0.159955	0		1
0.82	0.151295	0		1
0.86	0.168616	0		1
0.855	0.177276	0		1
0.865	0.177276	0		1
0.86	0.185936	0		1
0.865	0.159955	0		1
0.86	0.151295	0		1
0.87	0.185936	0		1
0.865	0.194596	0		1
0.87	0.151295	0		1
0.865	0.142635	0		1
0.875	0.194596	0		1
0.87	0.203257	0		1
0.875	0.142635	0		1
0.87	0.133975	0		1
0.88	0.203257	0		1
0.875	0.211917	0		1
0.88	0.133975	0		1
0.585	0.229237	0		1
0.595	0.229237	0		1
0.59	0.237898	0		1
0.875	0.125314	0		1
0.745	0.125314	0		1
0.735	0.125314	0		1
0.885	0.818135	0		1
0.88	0.809474	0		1
0.74	0.341821	0		1
0.75	0.341821	0		1
0.6	0.237898	0		1
0.595	0.246558	0		1
0.365	0.281199	0		1
0.375	0.281199	0		1
0.885	0.835455	0		1
0.88	0.844115	0		1
0.885	0.125314	0		1
0.115	0.575648	0		1
0.12	0.584308	0		1
0.13	0.584308	0		1
0.125	0.592968	0		1
0.135	0.592968	0		1
0.13	0.601628	0		1
0.12	0.601628	0		1
0.125	0.610289	0		1
0.115	0.610289	0		1
0.12	0.618949	0		1
0.13	0.618949	0		1
0.125	0.627609	0		1
0.115	0.627609	0		1
0.12	0.636269	0		1
0.13	0.636269	0		1
0.125	0.64493	0		1
0.115	0.64493	0		1
0.12	0.65359	0		1
0.13	0.65359	0		1
0.125	0.66225	0		1
0.115	0.66225	0		1
0.12	0.67091	0		1
0.13	0.67091	0		1
0.125	0.679571	0		1
0.115	0.679571	0		1
0.12	0.688231	0		1
0.885	0.211917	0		1
0.88	0.220577	0		1
0.115	0.870096	0		1
0.885	0.142635	0		1
0.745	0.350481	0		1
0.755	0.350481	0		1
0.75	0.359141	0		1
0.76	0.359141	0		1
0.755	0.367801	0		1
0.765	0.367801	0		1
0.77	0.359141	0		1
0.775	0.367801	0		1
0.78	0.359141	0		1
0.785	0.367801	0		1
0.79	0.359141	0		1
0.795	0.367801	0		1
0.8	0.359141	0		1
0.805	0.367801	0		1
0.81	0.359141	0		1
0.815	0.367801	0		1
0.82	0.359141	0		1
0.825	0.367801	0		1
0.82	0.376462	0		1
0.83	0.359141	0		1
0.83	0.376462	0		1
0.825	0.385122	0		1
0.835	0.385122	0		1
0.83	0.393782	0		1
0.84	0.393782	0		1
0.835	0.402442	0		1
0.845	0.402442	0		1
0.84	0.411103	0		1
0.85	0.411103	0		1
0.845	0.419763	0		1
0.85	0.393782	0		1
0.855	0.419763	0		1
0.85	0.428423	0		1
0.86	0.428423	0		1
0.855	0.437083	0		1
0.865	0.437083	0		1
0.86	0.445744	0		1
0.835	0.419763	0		1
0.87	0.445744	0		1
0.865	0.454404	0		1
0.855	0.454404	0		1
0.86	0.463064	0		1
0.87	0.463064	0		1
0.865	0.471725	0		1
0.87	0.428423	0		1
0.77	0.376462	0		1
0.85	0.463064	0		1
0.875	0.471725	0		1
0.87	0.480385	0		1
0.88	0.480385	0		1
0.875	0.489045	0		1
0.885	0.489045	0		1
0.88	0.497705	0		1
0.87	0.497705	0		1
0.875	0.506366	0		1
0.865	0.506366	0		1
0.87	0.515026	0		1
0.88	0.515026	0		1
0.875	0.523686	0		1
0.885	0.523686	0		1
0.88	0.532346	0		1
0.87	0.532346	0		1
0.875	0.541007	0		1
0.885	0.541007	0		1
0.88	0.549667	0		1
0.87	0.549667	0		1
0.875	0.558327	0		1
0.865	0.558327	0		1
0.87	0.566987	0		1
0.88	0.566987	0		1
0.875	0.575648	0		1
0.865	0.575648	0		1
0.87	0.584308	0		1
0.88	0.584308	0		1
0.875	0.592968	0		1
0.865	0.592968	0		1
0.87	0.601628	0		1
0.88	0.601628	0		1
0.875	0.610289	0		1
0.885	0.610289	0		1
0.88	0.618949	0		1
0.87	0.618949	0		1
0.875	0.627609	0		1
0.885	0.627609	0		1
0.88	0.636269	0		1
0.87	0.636269	0		1
0.875	0.64493	0		1
0.865	0.64493	0		1
0.87	0.65359	0		1
0.88	0.65359	0		1
0.875	0.66225	0		1
0.885	0.66225	0		1
0.88	0.67091	0		1
0.58	0.203257	0		1
0.59	0.203257	0		1
0.585	0.194596	0		1
0.595	0.194596	0		1
0.59	0.185936	0		1
0.8	0.878756	0		1
0.79	0.878756	0		1
0.785	0.870096	0		1
0.78	0.878756	0		1
0.775	0.870096	0		1
0.77	0.878756	0		1
0.765	0.870096	0		1
0.76	0.878756	0		1
0.755	0.870096	0		1
0.75	0.878756	0		1
0.745	0.870096	0		1
0.74	0.878756	0		1
0.735	0.870096	0		1
0.73	0.878756	0		1
0.725	0.870096	0		1
0.72	0.878756	0		1
0.715	0.870096	0		1
0.71	0.878756	0		1
0.705	0.870096	0		1
0.7	0.878756	0		1
0.695	0.870096	0		1
0.69	0.878756	0		1
0.685	0.870096	0		1
0.69	0.861436	0		1
0.68	0.861436	0		1
0.685	0.852776	0		1
0.675	0.852776	0		1
0.68	0.844115	0		1
0.68	0.878756	0		1
0.67	0.844115	0		1
0.675	0.835455	0		1
0.665	0.835455	0		1
0.67	0.826795	0		1
0.66	0.826795	0		1
0.665	0.818135	0		1
0.655	0.818135	0		1
0.66	0.809474	0		1
0.65	0.809474	0		1
0.655	0.800814	0		1
0.645	0.800814	0		1
0.65	0.792154	0		1
0.64	0.792154	0		1
0.645	0.783494	0		1
0.635	0.783494	0		1
0.64	0.774833	0		1
0.63	0.774833	0		1
0.635	0.766173	0		1
0.625	0.766173	0		1
0.63	0.757513	0		1
0.62	0.757513	0		1
0.625	0.748853	0		1
0.65	0.774833	0		1
0.615	0.748853	0		1
0.62	0.740192	0		1
0.63	0.740192	0		1
0.625	0.731532	0		1
0.6	0.185936	0		1
0.595	0.177276	0		1
0.605	0.177276	0		1
0.6	0.168616	0		1
0.61	0.168616	0		1
0.605	0.159955	0		1
0.615	0.159955	0		1
0.61	0.151295	0		1
0.62	0.151295	0		1
0.615	0.142635	0		1
0.605	0.142635	0		1
0.61	0.133975	0		1
0.6	0.133975	0		1
0.62	0.133975	0		1
0.605	0.125314	0		1
0.595	0.125314	0		1
0.12	0.878756	0		1
0.19	0.878756	0		1
0.2	0.878756	0		1
0.135	0.679571	0		1
0.615	0.731532	0		1
0.62	0.722872	0		1
0.175	0.402442	0		1
0.17	0.3245	0		1
0.63	0.722872	0		1
0.625	0.714212	0		1
0.615	0.714212	0		1
0.62	0.705551	0		1
0.63	0.705551	0		1
0.625	0.696891	0		1
0.615	0.696891	0		1
0.62	0.688231	0		1
0.63	0.688231	0		1
0.625	0.679571	0		1
0.615	0.679571	0		1
0.62	0.67091	0		1
0.63	0.67091	0		1
0.625	0.66225	0		1
0.615	0.66225	0		1
0.62	0.65359	0		1
0.63	0.65359	0		1
0.625	0.64493	0		1
0.615	0.64493	0		1
0.62	0.636269	0		1
0.63	0.636269	0		1
0.625	0.627609	0		1
0.615	0.627609	0		1
0.62	0.618949	0		1
0.63	0.618949	0		1
0.625	0.610289	0		1
0.615	0.610289	0		1
0.62	0.601628	0		1
0.63	0.601628	0		1
0.625	0.592968	0		1
0.615	0.592968	0		1
0.62	0.584308	0		1
0.61	0.584308	0		1
0.615	0.575648	0		1
0.89	0.220577	0		1
0.885	0.229237	0		1
0.89	0.809474	0		1
0.885	0.800814	0		1
0.11	0.878756	0		1
0.89	0.203257	0		1
0.89	0.844115	0		1
0.885	0.852776	0		1
0.6	0.116654	0		1
0.59	0.116654	0		1
0.88	0.116654	0		1
0.87	0.116654	0		1
0.89	0.116654	0		1
0.13	0.116654	0		1
0.14	0.116654	0		1
0.12	0.116654	0		1
0.115	0.125314	0		1
0.11	0.116654	0		1
0.74	0.116654	0		1
0.73	0.116654	0		1
0.75	0.116654	0		1
0.11	0.566987	0		1
0.11	0.688231	0		1
0.115	0.696891	0		1
0.89	0.67091	0		1
0.885	0.679571	0		1
0.89	0.480385	0		1
0.66	0.844115	0		1
0.635	0.592968	0		1
0.285	0.142635	0		1
0.28	0.133975	0		1
0.68	0.826795	0		1
0.86	0.65359	0		1
0.605	0.575648	0		1
0.61	0.566987	0		1
0.37	0.272539	0		1
0.38	0.272539	0		1
0.385	0.281199	0		1
0.39	0.272539	0		1
0.745	0.887417	0		1
0.685	0.887417	0		1
0.675	0.887417	0		1
0.785	0.887417	0		1
0.115	0.887417	0		1
0.825	0.350481	0		1
0.835	0.350481	0		1
0.83	0.341821	0		1
0.84	0.341821	0		1
0.835	0.33316	0		1
0.845	0.33316	0		1
0.84	0.3245	0		1
0.85	0.3245	0		1
0.855	0.33316	0		1
0.86	0.3245	0		1
0.865	0.33316	0		1
0.87	0.3245	0		1
0.875	0.33316	0		1
0.88	0.3245	0		1
0.885	0.33316	0		1
0.89	0.3245	0		1
0.895	0.229237	0		1
0.27	0.341821	0		1
0.195	0.887417	0		1
0.205	0.887417	0		1
0.21	0.878756	0		1
0.215	0.887417	0		1
0.22	0.878756	0		1
0.225	0.887417	0		1
0.23	0.878756	0		1
0.235	0.887417	0		1
0.24	0.878756	0		1
0.245	0.887417	0		1
0.25	0.878756	0		1
0.255	0.887417	0		1
0.26	0.878756	0		1
0.265	0.887417	0		1
0.27	0.878756	0		1
0.275	0.887417	0		1
0.28	0.878756	0		1
0.285	0.887417	0		1
0.29	0.878756	0		1
0.295	0.887417	0		1
0.3	0.878756	0		1
0.305	0.887417	0		1
0.31	0.878756	0		1
0.305	0.870096	0		1
0.315	0.870096	0		1
0.32	0.878756	0		1
0.325	0.870096	0		1
0.32	0.861436	0		1
0.33	0.861436	0		1
0.335	0.870096	0		1
0.34	0.861436	0		1
0.335	0.852776	0		1
0.345	0.870096	0		1
0.345	0.852776	0		1
0.34	0.844115	0		1
0.35	0.844115	0		1
0.345	0.835455	0		1
0.355	0.835455	0		1
0.35	0.826795	0		1
0.36	0.826795	0		1
0.355	0.818135	0		1
0.365	0.835455	0		1
0.365	0.818135	0		1
0.36	0.809474	0		1
0.37	0.809474	0		1
0.365	0.800814	0		1
0.375	0.800814	0		1
0.37	0.792154	0		1
0.38	0.792154	0		1
0.375	0.783494	0		1
0.385	0.800814	0		1
0.365	0.783494	0		1
0.37	0.774833	0		1
0.38	0.774833	0		1
0.375	0.766173	0		1
0.345	0.818135	0		1
0.365	0.766173	0		1
0.37	0.757513	0		1
0.38	0.757513	0		1
0.375	0.748853	0		1
0.365	0.748853	0		1
0.37	0.740192	0		1
0.38	0.740192	0		1
0.375	0.731532	0		1
0.365	0.731532	0		1
0.37	0.722872	0		1
0.38	0.722872	0		1
0.375	0.714212	0		1
0.365	0.714212	0		1
0.37	0.705551	0		1
0.38	0.705551	0		1
0.375	0.696891	0		1
0.365	0.696891	0		1
0.37	0.688231	0		1
0.38	0.688231	0		1
0.375	0.679571	0		1
0.385	0.679571	0		1
0.38	0.67091	0		1
0.36	0.688231	0		1
0.39	0.67091	0		1
0.385	0.66225	0		1
0.845	0.31584	0		1
0.605	0.246558	0		1
0.6	0.255218	0		1
0.895	0.679571	0		1
0.89	0.688231	0		1
0.88	0.688231	0		1
0.885	0.696891	0		1
0.105	0.696891	0		1
0.11	0.705551	0		1
0.895	0.696891	0		1
0.105	0.887417	0		1
0.105	0.125314	0		1
0.895	0.800814	0		1
0.105	0.870096	0		1
0.895	0.33316	0		1
0.895	0.852776	0		1
0.89	0.861436	0		1
0.875	0.229237	0		1
0.645	0.818135	0		1
0.17	0.151295	0		1
0.705	0.211917	0		1
0.275	0.870096	0		1
0.47	0.515026	0		1
0.715	0.887417	0		1
0.455	0.177276	0		1
0.34	0.515026	0		1
0.61	0.393782	0		1
0.12	0.705551	0		1
0.115	0.714212	0		1
0.105	0.714212	0		1
0.11	0.722872	0		1
0.395	0.679571	0		1
0.495	0.506366	0		1
0.485	0.281199	0		1
0.605	0.367801	0		1
0.855	0.64493	0		1
0.52	0.896077	0		1
0.5	0.151295	0		1
0.545	0.904737	0		1
0.285	0.125314	0		1
0.275	0.125314	0		1
0.28	0.116654	0		1
0.27	0.116654	0		1
0.62	0.566987	0		1
0.615	0.558327	0		1
0.605	0.558327	0		1
0.61	0.549667	0		1
0.295	0.402442	0		1
0.375	0.66225	0		1
0.38	0.65359	0		1
0.39	0.65359	0		1
0.385	0.64493	0		1
0.395	0.64493	0		1
0.39	0.636269	0		1
0.375	0.64493	0		1
0.265	0.350481	0		1
0.665	0.800814	0		1
0.875	0.696891	0		1
0.85	0.65359	0		1
0.62	0.549667	0		1
0.615	0.541007	0		1
0.605	0.541007	0		1
0.61	0.532346	0		1
0.6	0.532346	0		1
0.605	0.523686	0		1
0.595	0.523686	0		1
0.6	0.515026	0		1
0.59	0.515026	0		1
0.595	0.506366	0		1
0.585	0.506366	0		1
0.59	0.497705	0		1
0.4	0.636269	0		1
0.395	0.627609	0		1
0.135	0.107994	0		1
0.145	0.107994	0		1
0.275	0.107994	0		1
0.265	0.107994	0		1
0.885	0.107994	0		1
0.895	0.107994	0		1
0.735	0.107994	0		1
0.725	0.107994	0		1
0.72	0.116654	0		1
0.715	0.107994	0		1
0.595	0.107994	0		1
0.585	0.107994	0		1
0.605	0.107994	0		1
0.9	0.116654	0		1
0.1	0.722872	0		1
0.105	0.731532	0		1
0.1	0.116654	0		1
0.105	0.107994	0		1
0.9	0.861436	0		1
0.895	0.870096	0		1
0.9	0.67091	0		1
0.58	0.497705	0		1
0.62	0.774833	0		1
0.275	0.142635	0		1
0.395	0.281199	0		1
0.4	0.272539	0		1
0.26	0.116654	0		1
0.255	0.107994	0		1
0.695	0.211917	0		1
0.7	0.220577	0		1
0.68	0.896077	0		1
0.67	0.896077	0		1
0.27	0.896077	0		1
0.24	0.896077	0		1
0.21	0.896077	0		1
0.9	0.3245	0		1
0.1	0.688231	0		1
0.6	0.584308	0		1
0.115	0.731532	0		1
0.11	0.740192	0		1
0.1	0.740192	0		1
0.28	0.151295	0		1
0.71	0.116654	0		1
0.705	0.107994	0		1
0.585	0.489045	0		1
0.565	0.870096	0		1
0.57	0.878756	0		1
0.26	0.341821	0		1
0.255	0.350481	0		1
0.385	0.177276	0		1
0.405	0.627609	0		1
0.4	0.618949	0		1
0.39	0.618949	0		1
0.395	0.610289	0		1
0.88	0.705551	0		1
0.87	0.705551	0		1
0.11	0.896077	0		1
0.1	0.896077	0		1
0.3	0.896077	0		1
0.73	0.0993336	0		1
0.14	0.0993336	0		1
0.15	0.0993336	0		1
0.905	0.870096	0		1
0.9	0.878756	0		1
0.52	0.341821	0		1
0.73	0.861436	0		1
0.61	0.255218	0		1
0.605	0.263878	0		1
0.845	0.64493	0		1
0.905	0.852776	0		1
0.095	0.107994	0		1
0.905	0.107994	0		1
0.905	0.33316	0		1
0.9	0.341821	0		1
0.095	0.125314	0		1
0.27	0.0993336	0		1
0.6	0.0993336	0		1
0.61	0.0993336	0		1
0.9	0.0993336	0		1
0.1	0.0993336	0		1
0.105	0.748853	0		1
0.095	0.748853	0		1
0.625	0.541007	0		1
0.27	0.151295	0		1
0.61	0.237898	0		1
0.405	0.610289	0		1
0.4	0.601628	0		1
0.39	0.601628	0		1
0.395	0.592968	0		1
0.605	0.506366	0		1
0.405	0.592968	0		1
0.4	0.584308	0		1
0.59	0.532346	0		1
0.89	0.878756	0		1
0.895	0.887417	0		1
0.885	0.887417	0		1
0.89	0.896077	0		1
0.88	0.896077	0		1
0.9	0.896077	0		1
0.36	0.3245	0		1
0.37	0.3245	0		1
0.365	0.33316	0		1
0.375	0.33316	0		1
0.37	0.341821	0		1
0.38	0.341821	0		1
0.375	0.350481	0		1
0.385	0.350481	0		1
0.39	0.341821	0		1
0.395	0.350481	0		1
0.39	0.359141	0		1
0.4	0.359141	0		1
0.395	0.367801	0		1
0.405	0.367801	0		1
0.4	0.341821	0		1
0.74	0.289859	0		1
0.84	0.65359	0		1
0.12	0.896077	0		1
0.91	0.116654	0		1
0.575	0.489045	0		1
0.86	0.203257	0		1
0.4	0.376462	0		1
0.575	0.870096	0		1
0.58	0.878756	0		1
0.405	0.281199	0		1
0.41	0.272539	0		1
0.25	0.116654	0		1
0.245	0.107994	0		1
0.19	0.289859	0		1
0.395	0.263878	0		1
0.675	0.904737	0		1
0.665	0.904737	0		1
0.875	0.714212	0		1
0.865	0.714212	0		1
0.115	0.904737	0		1
0.125	0.904737	0		1
0.885	0.904737	0		1
0.875	0.904737	0		1
0.91	0.341821	0		1
0.905	0.350481	0		1
0.09	0.0993336	0		1
0.91	0.0993336	0		1
0.58	0.480385	0		1
0.59	0.480385	0		1
0.895	0.31584	0		1
0.905	0.31584	0		1
0.68	0.411103	0		1
0.51	0.151295	0		1
0.505	0.142635	0		1
0.41	0.376462	0		1
0.1	0.757513	0		1
0.09	0.757513	0		1
0.12	0.740192	0		1
0.275	0.159955	0		1
0.265	0.159955	0		1
0.69	0.220577	0		1
0.695	0.229237	0		1
0.41	0.584308	0		1
0.405	0.575648	0		1
0.41	0.636269	0		1
0.615	0.177276	0		1
0.7	0.116654	0		1
0.695	0.107994	0		1
0.7	0.0993336	0		1
0.69	0.0993336	0		1
0.655	0.419763	0		1
0.66	0.896077	0		1
0.655	0.904737	0		1
0.17	0.272539	0		1
0.905	0.0906733	0		1
0.605	0.0906733	0		1
0.615	0.0906733	0		1
0.145	0.0906733	0		1
0.155	0.0906733	0		1
0.095	0.0906733	0		1
0.695	0.0906733	0		1
0.085	0.0906733	0		1
0.915	0.0906733	0		1
0.915	0.350481	0		1
0.91	0.359141	0		1
0.085	0.748853	0		1
0.095	0.766173	0		1
0.085	0.766173	0		1
0.36	0.272539	0		1
0.365	0.263878	0		1
0.615	0.263878	0		1
0.61	0.272539	0		1
0.6	0.272539	0		1
0.605	0.281199	0		1
0.595	0.281199	0		1
0.835	0.64493	0		1
0.385	0.592968	0		1
0.88	0.237898	0		1
0.87	0.237898	0		1
0.785	0.263878	0		1
0.585	0.870096	0		1
0.585	0.125314	0		1
0.25	0.341821	0		1
0.245	0.350481	0		1
0.415	0.575648	0		1
0.87	0.722872	0		1
0.88	0.722872	0		1
0.86	0.722872	0		1
0.855	0.714212	0		1
0.57	0.480385	0		1
0.585	0.471725	0		1
0.595	0.471725	0		1
0.09	0.774833	0		1
0.105	0.766173	0		1
0.405	0.385122	0		1
0.815	0.177276	0		1
0.195	0.211917	0		1
0.745	0.367801	0		1
0.28	0.0993336	0		1
0.275	0.0906733	0		1
0.285	0.0906733	0		1
0.895	0.489045	0		1
0.9	0.480385	0		1
0.905	0.489045	0		1
0.91	0.480385	0		1
0.915	0.489045	0		1
0.245	0.870096	0		1
0.73	0.549667	0		1
0.41	0.566987	0		1
0.4	0.566987	0		1
0.55	0.393782	0		1
0.325	0.454404	0		1
0.355	0.263878	0		1
0.36	0.255218	0		1
0.105	0.575648	0		1
0.1	0.566987	0		1
0.095	0.575648	0		1
0.09	0.566987	0		1
0.085	0.575648	0		1
0.47	0.445744	0		1
0.5	0.359141	0		1
0.35	0.255218	0		1
0.355	0.246558	0		1
0.345	0.246558	0		1
0.235	0.263878	0		1
0.415	0.385122	0		1
0.495	0.956699	0		1
0.6	0.289859	0		1
0.59	0.289859	0		1
0.24	0.116654	0		1
0.235	0.107994	0		1
0.24	0.0993336	0		1
0.23	0.0993336	0		1
0.235	0.0906733	0		1
0.225	0.0906733	0		1
0.83	0.65359	0		1
0.415	0.367801	0		1
0.685	0.229237	0		1
0.69	0.237898	0		1
0.415	0.281199	0		1
0.42	0.272539	0		1
0.35	0.237898	0		1
0.34	0.237898	0		1
0.36	0.237898	0		1
0.79	0.757513	0		1
0.68	0.220577	0		1
0.67	0.913397	0		1
0.68	0.913397	0		1
0.42	0.584308	0		1
0.685	0.0906733	0		1
0.88	0.913397	0		1
0.87	0.913397	0		1
0.12	0.913397	0		1
0.13	0.913397	0		1
0.92	0.341821	0		1
0.08	0.0993336	0		1
0.92	0.480385	0		1
0.915	0.471725	0		1
0.08	0.566987	0		1
0.08	0.774833	0		1
0.085	0.783494	0		1
0.92	0.359141	0		1
0.915	0.367801	0		1
0.76	0.861436	0		1
0.39	0.376462	0		1
0.9	0.30718	0		1
0.91	0.30718	0		1
0.7	0.341821	0		1
0.515	0.142635	0		1
0.51	0.133975	0		1
0.24	0.341821	0		1
0.235	0.350481	0		1
0.24	0.359141	0		1
0.345	0.229237	0		1
0.335	0.229237	0		1
0.27	0.168616	0		1
0.26	0.168616	0		1
0.42	0.566987	0		1
0.22	0.0993336	0		1
0.865	0.731532	0		1
0.69	0.116654	0		1
0.28	0.0820131	0		1
0.29	0.0820131	0		1
0.23	0.0820131	0		1
0.22	0.0820131	0		1
0.09	0.0820131	0		1
0.08	0.0820131	0		1
0.91	0.0820131	0		1
0.9	0.0820131	0		1
0.92	0.0820131	0		1
0.61	0.0820131	0		1
0.6	0.0820131	0		1
0.62	0.0820131	0		1
0.69	0.0820131	0		1
0.15	0.0820131	0		1
0.925	0.367801	0		1
0.92	0.376462	0		1
0.51	0.203257	0		1
0.82	0.393782	0		1
0.79	0.151295	0		1
0.38	0.463064	0		1
0.075	0.575648	0		1
0.075	0.783494	0		1
0.08	0.792154	0		1
0.65	0.896077	0		1
0.645	0.904737	0		1
0.59	0.463064	0		1
0.575	0.506366	0		1
0.23	0.359141	0		1
0.235	0.367801	0		1
0.415	0.558327	0		1
0.825	0.33316	0		1
0.6	0.463064	0		1
0.595	0.298519	0		1
0.585	0.298519	0		1
0.675	0.922058	0		1
0.685	0.922058	0		1
0.68	0.237898	0		1
0.925	0.471725	0		1
0.92	0.463064	0		1
0.925	0.0906733	0		1
0.925	0.489045	0		1
0.13	0.826795	0		1
0.905	0.298519	0		1
0.915	0.298519	0		1
0.895	0.298519	0		1
0.52	0.133975	0		1
0.515	0.125314	0		1
0.505	0.125314	0		1
0.51	0.116654	0		1
0.5	0.116654	0		1
0.505	0.107994	0		1
0.495	0.107994	0		1
0.5	0.0993336	0		1
0.49	0.0993336	0		1
0.51	0.0993336	0		1
0.495	0.0906733	0		1
0.485	0.0906733	0		1
0.49	0.0820131	0		1
0.48	0.0820131	0		1
0.475	0.0906733	0		1
0.47	0.0820131	0		1
0.465	0.0906733	0		1
0.46	0.0820131	0		1
0.455	0.0906733	0		1
0.45	0.0820131	0		1
0.445	0.0906733	0		1
0.44	0.0820131	0		1
0.435	0.0906733	0		1
0.43	0.0820131	0		1
0.425	0.0906733	0		1
0.42	0.0820131	0		1
0.415	0.0906733	0		1
0.41	0.0820131	0		1
0.62	0.272539	0		1
0.825	0.64493	0		1
0.89	0.792154	0		1
0.9	0.792154	0		1
0.905	0.800814	0		1
0.91	0.792154	0		1
0.915	0.800814	0		1
0.92	0.792154	0		1
0.915	0.783494	0		1
0.925	0.800814	0		1
0.925	0.783494	0		1
0.92	0.774833	0		1
0.88	0.792154	0		1
0.855	0.731532	0		1
0.41	0.393782	0		1
0.42	0.393782	0		1
0.7	0.185936	0		1
0.69	0.185936	0		1
0.36	0.341821	0		1
0.685	0.246558	0		1
0.875	0.922058	0		1
0.865	0.922058	0		1
0.885	0.922058	0		1
0.125	0.922058	0		1
0.135	0.922058	0		1
0.115	0.922058	0		1
0.93	0.774833	0		1
0.925	0.766173	0		1
0.16	0.0820131	0		1
0.83	0.636269	0		1
0.7	0.237898	0		1
0.085	0.558327	0		1
0.075	0.558327	0		1
0.08	0.549667	0		1
0.245	0.33316	0		1
0.585	0.177276	0		1
0.16	0.0993336	0		1
0.82	0.65359	0		1
0.825	0.66225	0		1
0.425	0.281199	0		1
0.43	0.272539	0		1
0.425	0.263878	0		1
0.435	0.263878	0		1
0.43	0.255218	0		1
0.44	0.255218	0		1
0.435	0.246558	0		1
0.445	0.246558	0		1
0.82	0.636269	0		1
0.825	0.627609	0		1
0.625	0.0906733	0		1
0.68	0.0820131	0		1
0.07	0.549667	0		1
0.075	0.541007	0		1
0.07	0.792154	0		1
0.075	0.800814	0		1
0.465	0.0733528	0		1
0.425	0.0733528	0		1
0.905	0.0733528	0		1
0.895	0.0733528	0		1
0.225	0.0733528	0		1
0.215	0.0733528	0		1
0.685	0.0733528	0		1
0.695	0.0733528	0		1
0.675	0.0733528	0		1
0.605	0.0733528	0		1
0.595	0.0733528	0		1
0.93	0.463064	0		1
0.925	0.454404	0		1
0.93	0.376462	0		1
0.925	0.385122	0		1
0.07	0.774833	0		1
0.93	0.0820131	0		1
0.285	0.0733528	0		1
0.295	0.0733528	0		1
0.155	0.0733528	0		1
0.145	0.0733528	0		1
0.085	0.0733528	0		1
0.075	0.0733528	0		1
0.86	0.913397	0		1
0.855	0.922058	0		1
0.595	0.454404	0		1
0.585	0.454404	0		1
0.405	0.0906733	0		1
0.4	0.0820131	0		1
0.91	0.289859	0		1
0.92	0.289859	0		1
0.925	0.298519	0		1
0.93	0.289859	0		1
0.925	0.281199	0		1
0.585	0.281199	0		1
0.23	0.341821	0		1
0.91	0.376462	0		1
0.785	0.350481	0		1
0.875	0.852776	0		1
0.525	0.125314	0		1
0.53	0.133975	0		1
0.59	0.30718	0		1
0.58	0.30718	0		1
0.6	0.30718	0		1
0.34	0.220577	0		1
0.33	0.220577	0		1
0.815	0.627609	0		1
0.82	0.618949	0		1
0.815	0.66225	0		1
0.82	0.67091	0		1
0.44	0.237898	0		1
0.43	0.237898	0		1
0.45	0.237898	0		1
0.425	0.558327	0		1
0.42	0.549667	0		1
0.265	0.177276	0		1
0.275	0.177276	0		1
0.255	0.177276	0		1
0.25	0.168616	0		1
0.68	0.930718	0		1
0.69	0.930718	0		1
0.67	0.930718	0		1
0.86	0.930718	0		1
0.85	0.930718	0		1
0.845	0.922058	0		1
0.84	0.930718	0		1
0.065	0.541007	0		1
0.07	0.532346	0		1
0.64	0.896077	0		1
0.635	0.904737	0		1
0.225	0.367801	0		1
0.23	0.376462	0		1
0.415	0.402442	0		1
0.405	0.402442	0		1
0.425	0.402442	0		1
0.43	0.393782	0		1
0.375	0.489045	0		1
0.08	0.584308	0		1
0.07	0.584308	0		1
0.075	0.592968	0		1
0.695	0.177276	0		1
0.685	0.177276	0		1
0.435	0.489045	0		1
0.8	0.844115	0		1
0.49	0.463064	0		1
0.305	0.367801	0		1
0.525	0.852776	0		1
0.155	0.541007	0		1
0.16	0.549667	0		1
0.165	0.541007	0		1
0.17	0.549667	0		1
0.175	0.541007	0		1
0.18	0.549667	0		1
0.185	0.541007	0		1
0.19	0.549667	0		1
0.195	0.541007	0		1
0.185	0.558327	0		1
0.195	0.558327	0		1
0.19	0.566987	0		1
0.2	0.566987	0		1
0.195	0.575648	0		1
0.205	0.575648	0		1
0.21	0.566987	0		1
0.2	0.584308	0		1
0.645	0.350481	0		1
0.92	0.497705	0		1
0.93	0.497705	0		1
0.925	0.506366	0		1
0.1	0.133975	0		1
0.09	0.133975	0		1
0.095	0.142635	0		1
0.085	0.142635	0		1
0.09	0.151295	0		1
0.08	0.151295	0		1
0.085	0.159955	0		1
0.075	0.159955	0		1
0.08	0.168616	0		1
0.075	0.142635	0		1
0.07	0.168616	0		1
0.075	0.177276	0		1
0.085	0.177276	0		1
0.08	0.185936	0		1
0.09	0.185936	0		1
0.085	0.194596	0		1
0.095	0.194596	0		1
0.09	0.203257	0		1
0.08	0.203257	0		1
0.085	0.211917	0		1
0.095	0.211917	0		1
0.09	0.220577	0		1
0.1	0.220577	0		1
0.095	0.229237	0		1
0.085	0.229237	0		1
0.09	0.237898	0		1
0.1	0.237898	0		1
0.095	0.246558	0		1
0.085	0.246558	0		1
0.09	0.255218	0		1
0.08	0.255218	0		1
0.085	0.263878	0		1
0.075	0.263878	0		1
0.08	0.272539	0		1
0.105	0.246558	0		1
0.09	0.272539	0		1
0.085	0.281199	0		1
0.075	0.281199	0		1
0.08	0.289859	0		1
0.07	0.255218	0		1
0.07	0.289859	0		1
0.075	0.298519	0		1
0.095	0.281199	0		1
0.605	0.454404	0		1
0.61	0.463064	0		1
0.18	0.878756	0		1
0.625	0.263878	0		1
0.63	0.272539	0		1
0.245	0.177276	0		1
0.24	0.168616	0		1
0.13	0.930718	0		1
0.14	0.930718	0		1
0.935	0.766173	0		1
0.93	0.757513	0		1
0.935	0.454404	0		1
0.93	0.445744	0		1
0.065	0.298519	0		1
0.07	0.30718	0		1
0.08	0.30718	0		1
0.075	0.31584	0		1
0.935	0.298519	0		1
0.935	0.506366	0		1
0.93	0.515026	0		1
0.065	0.177276	0		1
0.065	0.31584	0		1
0.07	0.3245	0		1
0.935	0.281199	0		1
0.93	0.272539	0		1
0.935	0.385122	0		1
0.935	0.0906733	0		1
0.065	0.800814	0		1
0.07	0.809474	0		1
0.065	0.592968	0		1
0.07	0.601628	0		1
0.935	0.367801	0		1
0.22	0.0646926	0		1
0.23	0.0646926	0		1
0.21	0.0646926	0		1
0.21	0.584308	0		1
0.205	0.592968	0		1
0.195	0.592968	0		1
0.2	0.601628	0		1
0.19	0.601628	0		1
0.195	0.610289	0		1
0.835	0.922058	0		1
0.83	0.930718	0		1
0.395	0.0906733	0		1
0.39	0.0820131	0		1
0.395	0.0733528	0		1
0.385	0.0733528	0		1
0.38	0.0820131	0		1
0.375	0.0733528	0		1
0.37	0.0820131	0		1
0.365	0.0733528	0		1
0.36	0.0820131	0		1
0.355	0.0733528	0		1
0.35	0.0820131	0		1
0.45	0.0993336	0		1
0.4	0.0993336	0		1
0.185	0.610289	0		1
0.19	0.618949	0		1
0.42	0.289859	0		1
0.43	0.289859	0		1
0.34	0.255218	0		1
0.87	0.341821	0		1
0.875	0.246558	0		1
0.865	0.246558	0		1
0.08	0.3245	0		1
0.075	0.33316	0		1
0.065	0.33316	0		1
0.07	0.341821	0		1
0.08	0.341821	0		1
0.075	0.350481	0		1
0.065	0.350481	0		1
0.07	0.359141	0		1
0.08	0.359141	0		1
0.075	0.367801	0		1
0.065	0.367801	0		1
0.07	0.376462	0		1
0.08	0.376462	0		1
0.075	0.385122	0		1
0.065	0.385122	0		1
0.07	0.393782	0		1
0.08	0.393782	0		1
0.075	0.402442	0		1
0.085	0.402442	0		1
0.08	0.411103	0		1
0.09	0.411103	0		1
0.085	0.419763	0		1
0.075	0.419763	0		1
0.08	0.428423	0		1
0.07	0.428423	0		1
0.075	0.437083	0		1
0.095	0.419763	0		1
0.065	0.437083	0		1
0.07	0.445744	0		1
0.08	0.445744	0		1
0.075	0.454404	0		1
0.065	0.454404	0		1
0.07	0.463064	0		1
0.08	0.463064	0		1
0.075	0.471725	0		1
0.065	0.471725	0		1
0.145	0.922058	0		1
0.15	0.930718	0		1
0.81	0.67091	0		1
0.815	0.679571	0		1
0.81	0.618949	0		1
0.815	0.610289	0		1
0.435	0.229237	0		1
0.425	0.229237	0		1
0.27	0.185936	0		1
0.28	0.185936	0		1
0.86	0.740192	0		1
0.85	0.740192	0		1
0.915	0.766173	0		1
0.94	0.774833	0		1
0.06	0.428423	0		1
0.38	0.0646926	0		1
0.29	0.0646926	0		1
0.3	0.0646926	0		1
0.6	0.0646926	0		1
0.59	0.0646926	0		1
0.9	0.0646926	0		1
0.89	0.0646926	0		1
0.68	0.0646926	0		1
0.67	0.0646926	0		1
0.15	0.0646926	0		1
0.14	0.0646926	0		1
0.08	0.0646926	0		1
0.07	0.0646926	0		1
0.065	0.0733528	0		1
0.06	0.0646926	0		1
0.94	0.463064	0		1
0.06	0.601628	0		1
0.065	0.610289	0		1
0.06	0.168616	0		1
0.06	0.584308	0		1
0.16	0.0646926	0		1
0.085	0.471725	0		1
0.53	0.948038	0		1
0.09	0.0646926	0		1
0.75	0.237898	0		1
0.3	0.0820131	0		1
0.28	0.0646926	0		1
0.425	0.298519	0		1
0.27	0.289859	0		1
0.19	0.532346	0		1
0.2	0.532346	0		1
0.195	0.523686	0		1
0.205	0.523686	0		1
0.2	0.515026	0		1
0.21	0.515026	0		1
0.215	0.523686	0		1
0.22	0.515026	0		1
0.215	0.506366	0		1
0.225	0.506366	0		1
0.22	0.497705	0		1
0.23	0.497705	0		1
0.225	0.489045	0		1
0.235	0.489045	0		1
0.23	0.480385	0		1
0.24	0.480385	0		1
0.235	0.471725	0		1
0.245	0.471725	0		1
0.24	0.463064	0		1
0.24	0.497705	0		1
0.225	0.523686	0		1
0.25	0.463064	0		1
0.245	0.454404	0		1
0.255	0.471725	0		1
0.235	0.454404	0		1
0.24	0.445744	0		1
0.25	0.445744	0		1
0.245	0.437083	0		1
0.235	0.437083	0		1
0.195	0.852776	0		1
0.87	0.255218	0		1
0.86	0.255218	0		1
0.855	0.246558	0		1
0.85	0.255218	0		1
0.845	0.246558	0		1
0.84	0.255218	0		1
0.835	0.246558	0		1
0.865	0.263878	0		1
0.855	0.748853	0		1
0.675	0.0906733	0		1
0.06	0.289859	0		1
0.06	0.809474	0		1
0.065	0.818135	0		1
0.06	0.532346	0		1
0.94	0.0820131	0		1
0.935	0.0733528	0		1
0.94	0.272539	0		1
0.935	0.263878	0		1
0.94	0.515026	0		1
0.935	0.523686	0		1
0.94	0.757513	0		1
0.935	0.748853	0		1
0.94	0.445744	0		1
0.59	0.445744	0		1
0.58	0.445744	0		1
0.255	0.437083	0		1
0.25	0.428423	0		1
0.09	0.792154	0		1
0.075	0.818135	0		1
0.07	0.826795	0		1
0.06	0.826795	0		1
0.065	0.835455	0		1
0.825	0.922058	0		1
0.82	0.930718	0		1
0.42	0.411103	0		1
0.43	0.411103	0		1
0.92	0.445744	0		1
0.615	0.454404	0		1
0.62	0.463064	0		1
0.18	0.618949	0		1
0.185	0.627609	0		1
0.705	0.125314	0		1
0.325	0.229237	0		1
0.585	0.31584	0		1
0.575	0.31584	0		1
0.57	0.30718	0		1
0.535	0.125314	0		1
0.54	0.133975	0		1
0.215	0.489045	0		1
0.435	0.298519	0		1
0.43	0.30718	0		1
0.865	0.748853	0		1
0.675	0.939378	0		1
0.665	0.939378	0		1
0.32	0.220577	0		1
0.155	0.922058	0		1
0.16	0.930718	0		1
0.805	0.610289	0		1
0.81	0.601628	0		1
0.335	0.211917	0		1
0.345	0.211917	0		1
0.43	0.549667	0		1
0.435	0.558327	0		1
0.425	0.541007	0		1
0.415	0.541007	0		1
0.235	0.177276	0		1
0.23	0.168616	0		1
0.24	0.185936	0		1
0.275	0.194596	0		1
0.825	0.939378	0		1
0.815	0.939378	0		1
0.81	0.930718	0		1
0.805	0.939378	0		1
0.8	0.930718	0		1
0.795	0.939378	0		1
0.79	0.930718	0		1
0.785	0.939378	0		1
0.78	0.930718	0		1
0.775	0.939378	0		1
0.77	0.930718	0		1
0.765	0.939378	0		1
0.76	0.930718	0		1
0.755	0.939378	0		1
0.75	0.930718	0		1
0.745	0.939378	0		1
0.74	0.930718	0		1
0.735	0.939378	0		1
0.855	0.939378	0		1
0.08	0.480385	0		1
0.155	0.939378	0		1
0.165	0.939378	0		1
0.17	0.930718	0		1
0.175	0.939378	0		1
0.63	0.896077	0		1
0.625	0.904737	0		1
0.63	0.913397	0		1
0.62	0.913397	0		1
0.625	0.922058	0		1
0.615	0.922058	0		1
0.62	0.930718	0		1
0.61	0.930718	0		1
0.605	0.922058	0		1
0.6	0.930718	0		1
0.635	0.887417	0		1
0.595	0.922058	0		1
0.59	0.930718	0		1
0.595	0.939378	0		1
0.585	0.939378	0		1
0.215	0.592968	0		1
0.22	0.376462	0		1
0.215	0.367801	0		1
0.225	0.385122	0		1
0.235	0.385122	0		1
0.93	0.393782	0		1
0.94	0.393782	0		1
0.565	0.31584	0		1
0.56	0.30718	0		1
0.74	0.151295	0		1
0.635	0.263878	0		1
0.64	0.272539	0		1
0.635	0.281199	0		1
0.645	0.281199	0		1
0.805	0.679571	0		1
0.81	0.688231	0		1
0.945	0.263878	0		1
0.94	0.255218	0		1
0.875	0.887417	0		1
0.585	0.0733528	0		1
0.58	0.0646926	0		1
0.575	0.0733528	0		1
0.57	0.0646926	0		1
0.565	0.0733528	0		1
0.56	0.0646926	0		1
0.555	0.0733528	0		1
0.55	0.0646926	0		1
0.94	0.497705	0		1
0.67	0.359141	0		1
0.06	0.393782	0		1
0.06	0.549667	0		1
0.585	0.246558	0		1
0.325	0.489045	0		1
0.58	0.861436	0		1
0.59	0.861436	0		1
0.585	0.852776	0		1
0.595	0.852776	0		1
0.59	0.844115	0		1
0.6	0.844115	0		1
0.595	0.835455	0		1
0.33	0.3245	0		1
0.52	0.411103	0		1
0.68	0.185936	0		1
0.675	0.177276	0		1
0.67	0.185936	0		1
0.68	0.168616	0		1
0.67	0.168616	0		1
0.885	0.0733528	0		1
0.88	0.0646926	0		1
0.875	0.0733528	0		1
0.87	0.0646926	0		1
0.865	0.0733528	0		1
0.86	0.0646926	0		1
0.855	0.0733528	0		1
0.85	0.0646926	0		1
0.845	0.0733528	0		1
0.84	0.0646926	0		1
0.835	0.0733528	0		1
0.83	0.0646926	0		1
0.825	0.0733528	0		1
0.82	0.0646926	0		1
0.815	0.0733528	0		1
0.81	0.0646926	0		1
0.83	0.0820131	0		1
0.805	0.0733528	0		1
0.8	0.0646926	0		1
0.795	0.0733528	0		1
0.79	0.0646926	0		1
0.8	0.0820131	0		1
0.785	0.0733528	0		1
0.78	0.0646926	0		1
0.775	0.0733528	0		1
0.77	0.0646926	0		1
0.44	0.463064	0		1
0.5	0.393782	0		1
0.85	0.809474	0		1
0.945	0.523686	0		1
0.94	0.532346	0		1
0.055	0.177276	0		1
0.945	0.748853	0		1
0.94	0.740192	0		1
0.93	0.740192	0		1
0.935	0.731532	0		1
0.945	0.731532	0		1
0.94	0.722872	0		1
0.055	0.610289	0		1
0.06	0.618949	0		1
0.945	0.0906733	0		1
0.94	0.0993336	0		1
0.055	0.800814	0		1
0.215	0.0560323	0		1
0.205	0.0560323	0		1
0.575	0.0560323	0		1
0.785	0.0560323	0		1
0.815	0.0560323	0		1
0.885	0.0560323	0		1
0.845	0.0560323	0		1
0.295	0.0560323	0		1
0.305	0.0560323	0		1
0.145	0.0560323	0		1
0.135	0.0560323	0		1
0.075	0.0560323	0		1
0.055	0.0733528	0		1
0.945	0.0733528	0		1
0.94	0.0646926	0		1
0.055	0.835455	0		1
0.06	0.844115	0		1
0.605	0.852776	0		1
0.195	0.627609	0		1
0.19	0.636269	0		1
0.18	0.636269	0		1
0.185	0.64493	0		1
0.195	0.64493	0		1
0.19	0.65359	0		1
0.18	0.65359	0		1
0.185	0.66225	0		1
0.195	0.66225	0		1
0.19	0.67091	0		1
0.83	0.913397	0		1
0.075	0.835455	0		1
0.12	0.826795	0		1
0.125	0.818135	0		1
0.205	0.0733528	0		1
0.83	0.255218	0		1
0.835	0.263878	0		1
0.825	0.246558	0		1
0.83	0.237898	0		1
0.425	0.419763	0		1
0.825	0.679571	0		1
0.82	0.601628	0		1
0.815	0.592968	0		1
0.805	0.592968	0		1
0.81	0.584308	0		1
0.82	0.584308	0		1
0.815	0.575648	0		1
0.18	0.601628	0		1
0.925	0.263878	0		1
0.07	0.618949	0		1
0.065	0.627609	0		1
0.055	0.627609	0		1
0.06	0.636269	0		1
0.18	0.67091	0		1
0.185	0.679571	0		1
0.195	0.679571	0		1
0.19	0.688231	0		1
0.18	0.688231	0		1
0.185	0.696891	0		1
0.175	0.696891	0		1
0.18	0.705551	0		1
0.17	0.705551	0		1
0.175	0.714212	0		1
0.185	0.714212	0		1
0.18	0.722872	0		1
0.17	0.722872	0		1
0.175	0.731532	0		1
0.19	0.722872	0		1
0.165	0.731532	0		1
0.17	0.740192	0		1
0.07	0.636269	0		1
0.065	0.64493	0		1
0.055	0.64493	0		1
0.06	0.65359	0		1
0.07	0.65359	0		1
0.065	0.66225	0		1
0.055	0.66225	0		1
0.06	0.67091	0		1
0.05	0.67091	0		1
0.055	0.679571	0		1
0.325	0.298519	0		1
0.675	0.159955	0		1
0.315	0.229237	0		1
0.92	0.809474	0		1
0.93	0.809474	0		1
0.93	0.532346	0		1
0.935	0.541007	0		1
0.945	0.541007	0		1
0.94	0.549667	0		1
0.93	0.549667	0		1
0.935	0.558327	0		1
0.945	0.558327	0		1
0.94	0.566987	0		1
0.93	0.566987	0		1
0.935	0.575648	0		1
0.945	0.575648	0		1
0.94	0.584308	0		1
0.93	0.584308	0		1
0.935	0.592968	0		1
0.945	0.592968	0		1
0.94	0.601628	0		1
0.135	0.870096	0		1
0.43	0.220577	0		1
0.42	0.220577	0		1
0.93	0.601628	0		1
0.935	0.610289	0		1
0.945	0.610289	0		1
0.94	0.618949	0		1
0.44	0.30718	0		1
0.435	0.31584	0		1
0.455	0.246558	0		1
0.46	0.237898	0		1
0.93	0.618949	0		1
0.935	0.627609	0		1
0.945	0.627609	0		1
0.94	0.636269	0		1
0.34	0.203257	0		1
0.18	0.930718	0		1
0.185	0.939378	0		1
0.93	0.636269	0		1
0.935	0.64493	0		1
0.945	0.64493	0		1
0.94	0.65359	0		1
0.805	0.66225	0		1
0.805	0.627609	0		1
0.44	0.549667	0		1
0.42	0.532346	0		1
0.41	0.532346	0		1
0.805	0.575648	0		1
0.81	0.566987	0		1
0.82	0.566987	0		1
0.815	0.558327	0		1
0.805	0.558327	0		1
0.81	0.549667	0		1
0.82	0.549667	0		1
0.815	0.541007	0		1
0.805	0.541007	0		1
0.81	0.532346	0		1
0.8	0.532346	0		1
0.805	0.523686	0		1
0.795	0.523686	0		1
0.8	0.515026	0		1
0.81	0.515026	0		1
0.805	0.506366	0		1
0.795	0.506366	0		1
0.8	0.497705	0		1
0.79	0.497705	0		1
0.795	0.489045	0		1
0.785	0.489045	0		1
0.79	0.480385	0		1
0.78	0.480385	0		1
0.785	0.471725	0		1
0.775	0.471725	0		1
0.78	0.463064	0		1
0.77	0.463064	0		1
0.775	0.454404	0		1
0.765	0.454404	0		1
0.77	0.445744	0		1
0.76	0.445744	0		1
0.79	0.463064	0		1
0.765	0.437083	0		1
0.755	0.437083	0		1
0.775	0.437083	0		1
0.815	0.506366	0		1
0.76	0.428423	0		1
0.75	0.428423	0		1
0.755	0.419763	0		1
0.745	0.419763	0		1
0.825	0.541007	0		1
0.78	0.497705	0		1
0.76	0.463064	0		1
0.74	0.428423	0		1
0.735	0.419763	0		1
0.88	0.255218	0		1
0.445	0.558327	0		1
0.09	0.480385	0		1
0.625	0.454404	0		1
0.63	0.463064	0		1
0.62	0.445744	0		1
0.665	0.159955	0		1
0.845	0.748853	0		1
0.84	0.740192	0		1
0.85	0.757513	0		1
0.065	0.523686	0		1
0.055	0.523686	0		1
0.075	0.523686	0		1
0.925	0.731532	0		1
0.75	0.948038	0		1
0.78	0.948038	0		1
0.18	0.948038	0		1
0.19	0.948038	0		1
0.195	0.939378	0		1
0.2	0.948038	0		1
0.205	0.939378	0		1
0.21	0.948038	0		1
0.215	0.939378	0		1
0.22	0.948038	0		1
0.225	0.939378	0		1
0.23	0.948038	0		1
0.235	0.939378	0		1
0.24	0.948038	0		1
0.245	0.939378	0		1
0.25	0.948038	0		1
0.255	0.939378	0		1
0.26	0.948038	0		1
0.265	0.939378	0		1
0.27	0.948038	0		1
0.275	0.939378	0		1
0.28	0.948038	0		1
0.285	0.939378	0		1
0.29	0.948038	0		1
0.295	0.939378	0		1
0.3	0.948038	0		1
0.305	0.939378	0		1
0.31	0.948038	0		1
0.315	0.939378	0		1
0.32	0.948038	0		1
0.325	0.939378	0		1
0.33	0.948038	0		1
0.335	0.939378	0		1
0.34	0.948038	0		1
0.345	0.939378	0		1
0.34	0.930718	0		1
0.35	0.930718	0		1
0.355	0.939378	0		1
0.36	0.930718	0		1
0.365	0.939378	0		1
0.37	0.930718	0		1
0.375	0.939378	0		1
0.38	0.930718	0		1
0.375	0.922058	0		1
0.385	0.922058	0		1
0.39	0.930718	0		1
0.395	0.922058	0		1
0.39	0.913397	0		1
0.4	0.913397	0		1
0.405	0.922058	0		1
0.41	0.913397	0		1
0.405	0.904737	0		1
0.415	0.904737	0		1
0.41	0.896077	0		1
0.42	0.896077	0		1
0.415	0.887417	0		1
0.425	0.887417	0		1
0.42	0.878756	0		1
0.43	0.878756	0		1
0.425	0.870096	0		1
0.415	0.922058	0		1
0.435	0.870096	0		1
0.43	0.861436	0		1
0.43	0.896077	0		1
0.44	0.861436	0		1
0.435	0.852776	0		1
0.445	0.870096	0		1
0.445	0.852776	0		1
0.44	0.844115	0		1
0.425	0.852776	0		1
0.405	0.887417	0		1
0.45	0.844115	0		1
0.445	0.835455	0		1
0.455	0.835455	0		1
0.45	0.826795	0		1
0.46	0.844115	0		1
0.44	0.826795	0		1
0.445	0.818135	0		1
0.435	0.818135	0		1
0.44	0.809474	0		1
0.345	0.922058	0		1
0.43	0.809474	0		1
0.435	0.800814	0		1
0.425	0.818135	0		1
0.46	0.826795	0		1
0.445	0.800814	0		1
0.44	0.792154	0		1
0.43	0.792154	0		1
0.435	0.783494	0		1
0.445	0.783494	0		1
0.44	0.774833	0		1
0.43	0.774833	0		1
0.435	0.766173	0		1
0.425	0.766173	0		1
0.43	0.757513	0		1
0.44	0.757513	0		1
0.435	0.748853	0		1
0.425	0.748853	0		1
0.43	0.740192	0		1
0.44	0.740192	0		1
0.435	0.731532	0		1
0.425	0.731532	0		1
0.43	0.722872	0		1
0.44	0.722872	0		1
0.435	0.714212	0		1
0.445	0.714212	0		1
0.44	0.705551	0		1
0.425	0.714212	0		1
0.675	0.0560323	0		1
0.665	0.0560323	0		1
0.95	0.255218	0		1
0.945	0.246558	0		1
0.05	0.0646926	0		1
0.95	0.0646926	0		1
0.945	0.0560323	0		1
0.05	0.844115	0		1
0.055	0.852776	0		1
0.95	0.65359	0		1
0.945	0.66225	0		1
0.05	0.168616	0		1
0.95	0.272539	0		1
0.95	0.0993336	0		1
0.945	0.107994	0		1
0.575	0.887417	0		1
0.58	0.930718	0		1
0.575	0.939378	0		1
0.62	0.896077	0		1
0.26	0.428423	0		1
0.265	0.437083	0		1
0.585	0.437083	0		1
0.575	0.437083	0		1
0.57	0.445744	0		1
0.565	0.437083	0		1
0.56	0.445744	0		1
0.555	0.437083	0		1
0.55	0.445744	0		1
0.2	0.688231	0		1
0.605	0.835455	0		1
0.6	0.826795	0		1
0.59	0.826795	0		1
0.595	0.818135	0		1
0.585	0.818135	0		1
0.59	0.809474	0		1
0.58	0.809474	0		1
0.585	0.800814	0		1
0.575	0.800814	0		1
0.58	0.792154	0		1
0.57	0.792154	0		1
0.575	0.783494	0		1
0.565	0.783494	0		1
0.57	0.774833	0		1
0.56	0.774833	0		1
0.565	0.766173	0		1
0.555	0.766173	0		1
0.56	0.757513	0		1
0.57	0.757513	0		1
0.565	0.748853	0		1
0.555	0.748853	0		1
0.56	0.740192	0		1
0.57	0.740192	0		1
0.565	0.731532	0		1
0.555	0.731532	0		1
0.56	0.722872	0		1
0.57	0.722872	0		1
0.565	0.714212	0		1
0.555	0.714212	0		1
0.56	0.705551	0		1
0.57	0.705551	0		1
0.565	0.696891	0		1
0.555	0.696891	0		1
0.56	0.688231	0		1
0.57	0.688231	0		1
0.565	0.679571	0		1
0.555	0.679571	0		1
0.56	0.67091	0		1
0.57	0.67091	0		1
0.565	0.66225	0		1
0.555	0.66225	0		1
0.56	0.65359	0		1
0.57	0.65359	0		1
0.565	0.64493	0		1
0.555	0.64493	0		1
0.56	0.636269	0		1
0.57	0.636269	0		1
0.565	0.627609	0		1
0.555	0.627609	0		1
0.56	0.618949	0		1
0.57	0.618949	0		1
0.565	0.610289	0		1
0.555	0.610289	0		1
0.56	0.601628	0		1
0.1	0.411103	0		1
0.105	0.419763	0		1
0.55	0.601628	0		1
0.555	0.592968	0		1
0.765	0.922058	0		1
0.21	0.376462	0		1
0.205	0.367801	0		1
0.82	0.237898	0		1
0.825	0.229237	0		1
0.815	0.229237	0		1
0.545	0.592968	0		1
0.55	0.584308	0		1
0.56	0.584308	0		1
0.555	0.575648	0		1
0.545	0.575648	0		1
0.55	0.566987	0		1
0.56	0.566987	0		1
0.555	0.558327	0		1
0.225	0.177276	0		1
0.825	0.263878	0		1
0.83	0.272539	0		1
0.74	0.411103	0		1
0.73	0.411103	0		1
0.545	0.558327	0		1
0.55	0.549667	0		1
0.82	0.272539	0		1
0.16	0.740192	0		1
0.165	0.748853	0		1
0.155	0.748853	0		1
0.16	0.757513	0		1
0.15	0.757513	0		1
0.155	0.766173	0		1
0.145	0.766173	0		1
0.15	0.774833	0		1
0.14	0.774833	0		1
0.73	0.930718	0		1
0.725	0.939378	0		1
0.345	0.0733528	0		1
0.35	0.0646926	0		1
0.34	0.0820131	0		1
0.345	0.0906733	0		1
0.605	0.818135	0		1
0.56	0.0820131	0		1
0.32	0.930718	0		1
0.335	0.0906733	0		1
0.18	0.792154	0		1
0.595	0.0560323	0		1
0.605	0.0560323	0		1
0.88	0.930718	0		1
0.89	0.930718	0		1
0.885	0.939378	0		1
0.895	0.939378	0		1
0.9	0.930718	0		1
0.905	0.939378	0		1
0.91	0.930718	0		1
0.915	0.939378	0		1
0.92	0.930718	0		1
0.925	0.939378	0		1
0.93	0.930718	0		1
0.935	0.939378	0		1
0.939989	0.930712	0		1
0.934998	0.922057	0		1
0.94505	0.939306	0		1
0.944987	0.92205	0		1
0.939998	0.913396	0		1
0.949997	0.913396	0		1
0.944999	0.904737	0		1
0.16	0.341821	0		1
0.795	0.177276	0		1
0.435	0.419763	0		1
0.695	0.922058	0		1
0.8	0.480385	0		1
0.42	0.774833	0		1
0.15	0.826795	0		1
0.225	0.748853	0		1
0.05	0.601628	0		1
0.355	0.852776	0		1
0.42	0.30718	0		1
0.055	0.437083	0		1
0.05	0.428423	0		1
0.135	0.904737	0		1
0.225	0.870096	0		1
0.78	0.0820131	0		1
0.875	0.177276	0		1
0.5	0.185936	0		1
0.05	0.532346	0		1
0.18	0.566987	0		1
0.18	0.30718	0		1
0.25	0.618949	0		1
0.205	0.229237	0		1
0.8	0.809474	0		1
0.85	0.0820131	0		1
0.145	0.454404	0		1
0.75	0.722872	0		1
0.44	0.411103	0		1
0.83	0.844115	0		1
0.15	0.116654	0		1
0.615	0.939378	0		1
0.625	0.939378	0		1
0.395	0.33316	0		1
0.49	0.116654	0		1
0.85	0.185936	0		1
0.09	0.393782	0		1
0.355	0.696891	0		1
0.35	0.688231	0		1
0.345	0.696891	0		1
0.34	0.688231	0		1
0.335	0.696891	0		1
0.33	0.688231	0		1
0.325	0.696891	0		1
0.335	0.679571	0		1
0.325	0.679571	0		1
0.33	0.67091	0		1
0.32	0.67091	0		1
0.325	0.66225	0		1
0.33	0.705551	0		1
0.32	0.705551	0		1
0.325	0.714212	0		1
0.315	0.714212	0		1
0.32	0.722872	0		1
0.31	0.705551	0		1
0.315	0.66225	0		1
0.32	0.65359	0		1
0.31	0.722872	0		1
0.315	0.731532	0		1
0.31	0.67091	0		1
0.305	0.66225	0		1
0.3	0.67091	0		1
0.305	0.731532	0		1
0.31	0.740192	0		1
0.33	0.65359	0		1
0.325	0.64493	0		1
0.32	0.740192	0		1
0.315	0.748853	0		1
0.305	0.748853	0		1
0.31	0.757513	0		1
0.3	0.757513	0		1
0.305	0.766173	0		1
0.295	0.766173	0		1
0.3	0.774833	0		1
0.31	0.774833	0		1
0.305	0.783494	0		1
0.295	0.783494	0		1
0.3	0.792154	0		1
0.29	0.792154	0		1
0.295	0.800814	0		1
0.285	0.800814	0		1
0.29	0.809474	0		1
0.28	0.809474	0		1
0.285	0.818135	0		1
0.275	0.818135	0		1
0.295	0.818135	0		1
0.27	0.809474	0		1
0.265	0.818135	0		1
0.315	0.783494	0		1
0.29	0.826795	0		1
0.295	0.66225	0		1
0.26	0.809474	0		1
0.255	0.818135	0		1
0.26	0.826795	0		1
0.25	0.826795	0		1
0.285	0.783494	0		1
0.63	0.549667	0		1
0.635	0.541007	0		1
0.64	0.549667	0		1
0.645	0.541007	0		1
0.65	0.549667	0		1
0.655	0.541007	0		1
0.66	0.549667	0		1
0.65	0.532346	0		1
0.66	0.532346	0		1
0.655	0.523686	0		1
0.665	0.523686	0		1
0.66	0.515026	0		1
0.65	0.515026	0		1
0.655	0.506366	0		1
0.545	0.0733528	0		1
0.54	0.0646926	0		1
0.545	0.0560323	0		1
0.535	0.0560323	0		1
0.295	0.281199	0		1
0.13	0.0646926	0		1
0.69	0.844115	0		1
0.13	0.359141	0		1
0.35	0.445744	0		1
0.565	0.489045	0		1
0.33	0.411103	0		1
0.76	0.30718	0		1
0.855	0.66225	0		1
0.735	0.627609	0		1
0.05	0.826795	0		1
0.865	0.696891	0		1
0.1	0.185936	0		1
0.105	0.211917	0		1
0.11	0.237898	0		1
0.115	0.246558	0		1
0.12	0.237898	0		1
0.125	0.246558	0		1
0.12	0.255218	0		1
0.725	0.211917	0		1
0.375	0.818135	0		1
0.265	0.731532	0		1
0.075	0.211917	0		1
0.79	0.376462	0		1
0.325	0.125314	0		1
0.56	0.480385	0		1
0.555	0.489045	0		1
0.55	0.480385	0		1
0.545	0.489045	0		1
0.54	0.480385	0		1
0.535	0.489045	0		1
0.54	0.497705	0		1
0.53	0.480385	0		1
0.92	0.393782	0		1
0.165	0.471725	0		1
0.18	0.411103	0		1
0.445	0.0733528	0		1
0.77	0.774833	0		1
0.655	0.558327	0		1
0.665	0.558327	0		1
0.66	0.566987	0		1
0.67	0.566987	0		1
0.675	0.558327	0		1
0.68	0.566987	0		1
0.675	0.575648	0		1
0.685	0.575648	0		1
0.68	0.584308	0		1
0.69	0.584308	0		1
0.685	0.592968	0		1
0.695	0.592968	0		1
0.69	0.601628	0		1
0.68	0.601628	0		1
0.685	0.610289	0		1
0.675	0.610289	0		1
0.68	0.618949	0		1
0.69	0.618949	0		1
0.685	0.627609	0		1
0.675	0.627609	0		1
0.68	0.636269	0		1
0.69	0.636269	0		1
0.685	0.64493	0		1
0.695	0.64493	0		1
0.69	0.65359	0		1
0.68	0.65359	0		1
0.685	0.66225	0		1
0.675	0.66225	0		1
0.68	0.67091	0		1
0.69	0.67091	0		1
0.685	0.679571	0		1
0.675	0.679571	0		1
0.68	0.688231	0		1
0.69	0.688231	0		1
0.685	0.696891	0		1
0.675	0.696891	0		1
0.68	0.705551	0		1
0.69	0.705551	0		1
0.685	0.714212	0		1
0.695	0.714212	0		1
0.69	0.722872	0		1
0.7	0.722872	0		1
0.695	0.731532	0		1
0.685	0.731532	0		1
0.69	0.740192	0		1
0.7	0.740192	0		1
0.695	0.748853	0		1
0.705	0.748853	0		1
0.7	0.757513	0		1
0.71	0.757513	0		1
0.705	0.766173	0		1
0.715	0.766173	0		1
0.71	0.774833	0		1
0.72	0.774833	0		1
0.715	0.783494	0		1
0.725	0.783494	0		1
0.72	0.792154	0		1
0.73	0.792154	0		1
0.725	0.800814	0		1
0.735	0.800814	0		1
0.73	0.809474	0		1
0.74	0.809474	0		1
0.68	0.740192	0		1
0.695	0.766173	0		1
0.71	0.792154	0		1
0.685	0.558327	0		1
0.72	0.809474	0		1
0.67	0.705551	0		1
0.16	0.722872	0		1
0.27	0.0820131	0		1
0.935	0.402442	0		1
0.945	0.402442	0		1
0.95	0.393782	0		1
0.095	0.714212	0		1
0.09	0.463064	0		1
0.14	0.601628	0		1
0.145	0.592968	0		1
0.485	0.0733528	0		1
0.415	0.870096	0		1
0.145	0.402442	0		1
0.9	0.220577	0		1
0.555	0.367801	0		1
0.18	0.445744	0		1
0.185	0.454404	0		1
0.19	0.445744	0		1
0.095	0.887417	0		1
0.09	0.896077	0		1
0.085	0.887417	0		1
0.08	0.896077	0		1
0.085	0.904737	0		1
0.075	0.904737	0		1
0.08	0.913397	0		1
0.07	0.913397	0		1
0.075	0.922058	0		1
0.065	0.904737	0		1
0.065	0.922058	0		1
0.07	0.930718	0		1
0.06	0.930718	0		1
0.065	0.939378	0		1
0.075	0.939378	0		1
0.055	0.939378	0		1
0.05	0.930718	0		1
0.9	0.359141	0		1
0.375	0.31584	0		1
0.68	0.463064	0		1
0.28	0.566987	0		1
0.835	0.31584	0		1
0.44	0.289859	0		1
0.685	0.159955	0		1
0.38	0.601628	0		1
0.375	0.592968	0		1
0.37	0.601628	0		1
0.365	0.592968	0		1
0.36	0.601628	0		1
0.355	0.592968	0		1
0.36	0.584308	0		1
0.35	0.601628	0		1
0.35	0.584308	0		1
0.355	0.575648	0		1
0.345	0.575648	0		1
0.35	0.566987	0		1
0.355	0.610289	0		1
0.37	0.133975	0		1
0.895	0.471725	0		1
0.4	0.151295	0		1
0.3	0.65359	0		1
0.32	0.774833	0		1
0.45	0.151295	0		1
0.22	0.584308	0		1
0.685	0.0560323	0		1
0.3	0.722872	0		1
0.67	0.636269	0		1
0.115	0.835455	0		1
0.415	0.627609	0		1
0.42	0.636269	0		1
0.425	0.627609	0		1
0.43	0.636269	0		1
0.435	0.627609	0		1
0.425	0.64493	0		1
0.435	0.64493	0		1
0.43	0.65359	0		1
0.44	0.65359	0		1
0.435	0.66225	0		1
0.445	0.66225	0		1
0.64	0.757513	0		1
0.515	0.696891	0		1
0.23	0.116654	0		1
0.54	0.826795	0		1
0.3	0.532346	0		1
0.515	0.766173	0		1
0.515	0.627609	0		1
0.645	0.402442	0		1
0.51	0.3245	0		1
0.67	0.393782	0		1
0.72	0.341821	0		1
0.415	0.229237	0		1
0.41	0.220577	0		1
0.405	0.229237	0		1
0.4	0.220577	0		1
0.485	0.592968	0		1
0.375	0.0906733	0		1
0.315	0.159955	0		1
0.33	0.203257	0		1
0.51	0.237898	0		1
0.845	0.454404	0		1
0.84	0.463064	0		1
0.835	0.454404	0		1
0.765	0.194596	0		1
0.055	0.298519	0		1
0.05	0.289859	0		1
0.44	0.220577	0		1
0.515	0.281199	0		1
0.125	0.0560323	0		1
0.14	0.67091	0		1
0.555	0.229237	0		1
0.135	0.939378	0		1
0.84	0.151295	0		1
0.625	0.471725	0		1
0.6	0.220577	0		1
0.23	0.237898	0		1
0.475	0.177276	0		1
0.555	0.31584	0		1
0.55	0.30718	0		1
0.555	0.298519	0		1
0.34	0.878756	0		1
0.35	0.878756	0		1
0.765	0.419763	0		1
0.595	0.142635	0		1
0.41	0.930718	0		1
0.42	0.930718	0		1
0.415	0.939378	0		1
0.425	0.939378	0		1
0.43	0.930718	0		1
0.435	0.939378	0		1
0.44	0.930718	0		1
0.445	0.939378	0		1
0.45	0.930718	0		1
0.42	0.948038	0		1
0.2	0.272539	0		1
0.485	0.627609	0		1
0.205	0.610289	0		1
0.865	0.31584	0		1
0.84	0.359141	0		1
0.86	0.601628	0		1
0.34	0.584308	0		1
0.715	0.31584	0		1
0.42	0.0993336	0		1
0.905	0.679571	0		1
0.55	0.203257	0		1
0.52	0.792154	0		1
0.61	0.757513	0		1
0.605	0.194596	0		1
0.66	0.168616	0		1
0.335	0.64493	0		1
0.345	0.610289	0		1
0.86	0.411103	0		1
0.36	0.566987	0		1
0.355	0.558327	0		1
0.415	0.419763	0		1
0.145	0.31584	0		1
0.75	0.532346	0		1
0.515	0.714212	0		1
0.535	0.922058	0		1
0.72	0.185936	0		1
0.12	0.549667	0		1
0.535	0.246558	0		1
0.28	0.3245	0		1
0.295	0.592968	0		1
0.75	0.272539	0		1
0.055	0.0560323	0		1
0.76	0.133975	0		1
0.18	0.255218	0		1
0.275	0.246558	0		1
0.365	0.558327	0		1
0.36	0.549667	0		1
0.37	0.549667	0		1
0.365	0.541007	0		1
0.86	0.515026	0		1
0.855	0.506366	0		1
0.95	0.757513	0		1
0.26	0.151295	0		1
0.67	0.878756	0		1
0.16	0.203257	0		1
0.77	0.220577	0		1
0.91	0.878756	0		1
0.915	0.870096	0		1
0.155	0.177276	0		1
0.25	0.757513	0		1
0.13	0.497705	0		1
0.055	0.385122	0		1
0.05	0.393782	0		1
0.865	0.0560323	0		1
0.165	0.385122	0		1
0.82	0.913397	0		1
0.125	0.350481	0		1
0.82	0.220577	0		1
0.81	0.220577	0		1
0.235	0.125314	0		1
0.225	0.125314	0		1
0.86	0.133975	0		1
0.085	0.541007	0		1
0.235	0.783494	0		1
0.325	0.748853	0		1
0.645	0.506366	0		1
0.13	0.237898	0		1
0.935	0.0560323	0		1
0.635	0.471725	0		1
0.925	0.818135	0		1
0.935	0.818135	0		1
0.94	0.809474	0		1
0.945	0.818135	0		1
0.94	0.826795	0		1
0.95	0.809474	0		1
0.445	0.263878	0		1
0.56	0.3245	0		1
0.715	0.748853	0		1
0.58	0.3245	0		1
0.59	0.3245	0		1
0.075	0.887417	0		1
0.08	0.878756	0		1
0.125	0.939378	0		1
0.67	0.151295	0		1
0.5	0.0820131	0		1
0.89	0.549667	0		1
0.695	0.575648	0		1
0.325	0.783494	0		1
0.41	0.948038	0		1
0.89	0.601628	0		1
0.735	0.818135	0		1
0.745	0.818135	0		1
0.31	0.220577	0		1
0.225	0.471725	0		1
0.305	0.800814	0		1
0.255	0.419763	0		1
0.245	0.419763	0		1
0.545	0.125314	0		1
0.55	0.133975	0		1
0.54	0.116654	0		1
0.545	0.142635	0		1
0.555	0.142635	0		1
0.55	0.151295	0		1
0.89	0.65359	0		1
0.335	0.835455	0		1
0.65	0.272539	0		1
0.655	0.281199	0		1
0.64	0.289859	0		1
0.935	0.246558	0		1
0.94	0.237898	0		1
0.95	0.237898	0		1
0.945	0.229237	0		1
0.48	0.289859	0		1
0.13	0.255218	0		1
0.125	0.263878	0		1
0.375	0.177276	0		1
0.38	0.185936	0		1
0.445	0.31584	0		1
0.44	0.3245	0		1
0.765	0.696891	0		1
0.435	0.177276	0		1
0.12	0.359141	0		1
0.48	0.584308	0		1
0.475	0.592968	0		1
0.345	0.159955	0		1
0.705	0.454404	0		1
0.765	0.627609	0		1
0.175	0.922058	0		1
0.75	0.445744	0		1
0.725	0.489045	0		1
0.77	0.480385	0		1
0.67	0.515026	0		1
0.31	0.896077	0		1
0.59	0.948038	0		1
0.67	0.948038	0		1
0.66	0.948038	0		1
0.68	0.948038	0		1
0.74	0.0993336	0		1
0.735	0.0906733	0		1
0.765	0.66225	0		1
0.77	0.65359	0		1
0.675	0.523686	0		1
0.27	0.237898	0		1
0.765	0.575648	0		1
0.445	0.64493	0		1
0.43	0.532346	0		1
0.48	0.532346	0		1
0.145	0.783494	0		1
0.135	0.783494	0		1
0.485	0.974019	0		1
0.73	0.688231	0		1
0.22	0.168616	0		1
0.7	0.65359	0		1
0.885	0.783494	0		1
0.7	0.601628	0		1
0.66	0.151295	0		1
0.665	0.142635	0		1
0.835	0.748853	0		1
0.83	0.740192	0		1
0.63	0.0820131	0		1
0.62	0.948038	0		1
0.635	0.0906733	0		1
0.06	0.515026	0		1
0.05	0.515026	0		1
0.44	0.948038	0		1
0.8	0.948038	0		1
0.82	0.948038	0		1
0.37	0.948038	0		1
0.13	0.948038	0		1
0.12	0.948038	0		1
0.07	0.948038	0		1
0.08	0.948038	0		1
0.485	0.766173	0		1
0.73	0.948038	0		1
0.72	0.948038	0		1
0.485	0.696891	0		1
0.48	0.688231	0		1
0.5	0.809474	0		1
0.48	0.757513	0		1
0.45	0.722872	0		1
0.9	0.948038	0		1
0.92	0.948038	0		1
0.940008	0.948026	0		1
0.950073	0.94796	0		1
0.455	0.939378	0		1
0.46	0.930718	0		1
0.455	0.922058	0		1
0.465	0.922058	0		1
0.46	0.913397	0		1
0.16	0.948038	0		1
0.47	0.913397	0		1
0.465	0.904737	0		1
0.475	0.904737	0		1
0.47	0.896077	0		1
0.48	0.896077	0		1
0.475	0.887417	0		1
0.485	0.887417	0		1
0.48	0.878756	0		1
0.49	0.878756	0		1
0.485	0.870096	0		1
0.95	0.515026	0		1
0.95	0.722872	0		1
0.945	0.714212	0		1
0.935	0.714212	0		1
0.94	0.705551	0		1
0.95	0.705551	0		1
0.95	0.826795	0		1
0.945	0.835455	0		1
0.14	0.0473721	0		1
0.15	0.0473721	0		1
0.95489	0.229174	0		1
0.949982	0.220567	0		1
0.939997	0.220575	0		1
0.944996	0.211915	0		1
0.935	0.211917	0		1
0.939999	0.203256	0		1
0.949999	0.203256	0		1
0.945	0.194596	0		1
0.935	0.194596	0		1
0.94	0.185936	0		1
0.93	0.185936	0		1
0.935	0.177276	0		1
0.925	0.177276	0		1
0.93	0.168616	0		1
0.94	0.168616	0		1
0.935	0.159955	0		1
0.945	0.159955	0		1
0.94	0.151295	0		1
0.95	0.151295	0		1
0.93	0.151295	0		1
0.95	0.168616	0		1
0.92	0.168616	0		1
0.0450004	0.852776	0		1
0.0500001	0.861436	0		1
0.045	0.0560323	0		1
0.05	0.0473721	0		1
0.955	0.0560323	0		1
0.95	0.0473721	0		1
0.045	0.939378	0		1
0.05	0.948038	0		1
0.045	0.437083	0		1
0.045	0.177276	0		1
0.05	0.185936	0		1
0.045	0.66225	0		1
0.955	0.107994	0		1
0.955	0.835455	0		1
0.95	0.844115	0		1
0.045	0.679571	0		1
0.05	0.688231	0		1
0.06	0.688231	0		1
0.055	0.696891	0		1
0.045	0.696891	0		1
0.05	0.705551	0		1
0.045	0.385122	0		1
0.045	0.610289	0		1
0.21	0.0473721	0		1
0.2	0.0473721	0		1
0.22	0.0473721	0		1
0.6	0.0473721	0		1
0.61	0.0473721	0		1
0.68	0.0473721	0		1
0.69	0.0473721	0		1
0.3	0.0473721	0		1
0.31	0.0473721	0		1
0.29	0.0473721	0		1
0.54	0.0473721	0		1
0.53	0.0473721	0		1
0.955	0.523686	0		1
0.955	0.731532	0		1
0.95506	0.922041	0		1
0.955	0.66225	0		1
0.955	0.402442	0		1
0.045	0.0733528	0		1
0.05	0.0820131	0		1
0.955	0.0733528	0		1
0.955	0.64493	0		1
0.954999	0.904737	0		1
0.95	0.896077	0		1
0.955	0.194596	0		1
0.045	0.298519	0		1
0.96	0.826795	0		1
0.04	0.428423	0		1
0.415	0.766173	0		1
0.595	0.870096	0		1
0.42	0.809474	0		1
0.415	0.818135	0		1
0.57	0.930718	0		1
0.585	0.887417	0		1
0.565	0.939378	0		1
0.57	0.948038	0		1
0.545	0.437083	0		1
0.54	0.445744	0		1
0.205	0.679571	0		1
0.56	0.428423	0		1
0.605	0.748853	0		1
0.29	0.67091	0		1
0.27	0.428423	0		1
0.275	0.437083	0		1
0.53	0.497705	0		1
0.535	0.506366	0		1
0.17	0.757513	0		1
0.795	0.922058	0		1
0.935	0.142635	0		1
0.245	0.818135	0		1
0.24	0.826795	0		1
0.825	0.904737	0		1
0.735	0.922058	0		1
0.595	0.575648	0		1
0.115	0.818135	0		1
0.185	0.402442	0		1
0.19	0.411103	0		1
0.735	0.402442	0		1
0.725	0.402442	0		1
0.745	0.402442	0		1
0.195	0.0560323	0		1
0.19	0.0473721	0		1
0.225	0.592968	0		1
0.23	0.584308	0		1
0.415	0.523686	0		1
0.405	0.523686	0		1
0.18	0.740192	0		1
0.42	0.428423	0		1
0.41	0.428423	0		1
0.85	0.515026	0		1
0.075	0.66225	0		1
0.63	0.445744	0		1
0.625	0.437083	0		1
0.525	0.0560323	0		1
0.52	0.0473721	0		1
0.28	0.930718	0		1
0.25	0.930718	0		1
0.52	0.965359	0		1
0.22	0.930718	0		1
0.445	0.419763	0		1
0.45	0.411103	0		1
0.11	0.411103	0		1
0.115	0.419763	0		1
0.11	0.428423	0		1
0.83	0.549667	0		1
0.665	0.696891	0		1
0.365	0.125314	0		1
0.375	0.125314	0		1
0.125	0.714212	0		1
0.675	0.956699	0		1
0.685	0.956699	0		1
0.665	0.627609	0		1
0.64	0.601628	0		1
0.855	0.592968	0		1
0.08	0.601628	0		1
0.835	0.627609	0		1
0.29	0.0993336	0		1
0.255	0.835455	0		1
0.395	0.229237	0		1
0.39	0.220577	0		1
0.43	0.618949	0		1
0.44	0.618949	0		1
0.555	0.783494	0		1
0.93	0.30718	0		1
0.94	0.30718	0		1
0.245	0.367801	0		1
0.06	0.705551	0		1
0.055	0.714212	0		1
0.045	0.714212	0		1
0.05	0.722872	0		1
0.06	0.722872	0		1
0.055	0.731532	0		1
0.045	0.731532	0		1
0.05	0.740192	0		1
0.34	0.65359	0		1
0.08	0.65359	0		1
0.95	0.411103	0		1
0.35	0.272539	0		1
0.565	0.800814	0		1
0.22	0.532346	0		1
0.23	0.532346	0		1
0.84	0.30718	0		1
0.83	0.30718	0		1
0.575	0.818135	0		1
0.155	0.558327	0		1
0.33	0.722872	0		1
0.63	0.0993336	0		1
0.64	0.0993336	0		1
0.925	0.437083	0		1
0.915	0.437083	0		1
0.85	0.237898	0		1
0.17	0.532346	0		1
0.845	0.471725	0		1
0.835	0.471725	0		1
0.545	0.31584	0		1
0.54	0.30718	0		1
0.585	0.33316	0		1
0.595	0.33316	0		1
0.92	0.515026	0		1
0.205	0.818135	0		1
0.105	0.0906733	0		1
0.1	0.151295	0		1
0.17	0.861436	0		1
0.74	0.826795	0		1
0.73	0.826795	0		1
0.75	0.826795	0		1
0.755	0.818135	0		1
0.76	0.826795	0		1
0.33	0.774833	0		1
0.895	0.541007	0		1
0.934999	0.904737	0		1
0.55	0.116654	0		1
0.115	0.350481	0		1
0.94	0.844115	0		1
0.945	0.852776	0		1
0.955	0.852776	0		1
0.56	0.151295	0		1
0.555	0.159955	0		1
0.66	0.272539	0		1
0.665	0.281199	0		1
0.655	0.263878	0		1
0.45	0.3245	0		1
0.445	0.33316	0		1
0.435	0.33316	0		1
0.44	0.341821	0		1
0.45	0.341821	0		1
0.445	0.350481	0		1
0.455	0.350481	0		1
0.45	0.359141	0		1
0.46	0.359141	0		1
0.455	0.367801	0		1
0.465	0.367801	0		1
0.46	0.376462	0		1
0.465	0.246558	0		1
0.47	0.237898	0		1
0.465	0.229237	0		1
0.475	0.229237	0		1
0.47	0.220577	0		1
0.895	0.610289	0		1
0.135	0.263878	0		1
0.14	0.255218	0		1
0.13	0.272539	0		1
0.63	0.792154	0		1
0.47	0.584308	0		1
0.595	0.800814	0		1
0.2	0.930718	0		1
0.535	0.0733528	0		1
0.3	0.826795	0		1
0.295	0.835455	0		1
0.32	0.168616	0		1
0.585	0.783494	0		1
0.285	0.194596	0		1
0.825	0.748853	0		1
0.82	0.740192	0		1
0.825	0.731532	0		1
0.815	0.731532	0		1
0.82	0.722872	0		1
0.415	0.956699	0		1
0.405	0.956699	0		1
0.925	0.64493	0		1
0.92	0.636269	0		1
0.205	0.956699	0		1
0.8	0.688231	0		1
0.745	0.800814	0		1
0.72	0.411103	0		1
0.715	0.402442	0		1
0.72	0.393782	0		1
0.71	0.393782	0		1
0.715	0.385122	0		1
0.705	0.385122	0		1
0.71	0.376462	0		1
0.235	0.956699	0		1
0.73	0.428423	0		1
0.465	0.592968	0		1
0.735	0.783494	0		1
0.265	0.956699	0		1
0.795	0.541007	0		1
0.725	0.766173	0		1
0.405	0.211917	0		1
0.425	0.211917	0		1
0.77	0.566987	0		1
0.575	0.610289	0		1
0.58	0.618949	0		1
0.925	0.194596	0		1
0.915	0.177276	0		1
0.91	0.168616	0		1
0.565	0.558327	0		1
0.28	0.203257	0		1
0.27	0.203257	0		1
0.7	0.636269	0		1
0.48	0.636269	0		1
0.475	0.627609	0		1
0.705	0.592968	0		1
0.735	0.66225	0		1
0.12	0.428423	0		1
0.115	0.437083	0		1
0.875	0.783494	0		1
0.625	0.159955	0		1
0.655	0.142635	0		1
0.66	0.133975	0		1
0.055	0.506366	0		1
0.0448919	0.506424	0		1
0.085	0.489045	0		1
0.095	0.489045	0		1
0.1	0.480385	0		1
0.93	0.705551	0		1
0.935	0.696891	0		1
0.945014	0.956684	0		1
0.955095	0.956598	0		1
0.725	0.956699	0		1
0.47	0.930718	0		1
0.335	0.956699	0		1
0.315	0.956699	0		1
0.295	0.956699	0		1
0.185	0.956699	0		1
0.075	0.956699	0		1
0.085	0.956699	0		1
0.04	0.740192	0		1
0.045	0.748853	0		1
0.04	0.948038	0		1
0.045	0.956699	0		1
0.04	0.601628	0		1
0.96	0.237898	0		1
0.04	0.930718	0		1
0.959607	0.22035	0		1
0.39	0.792154	0		1
0.575	0.922058	0		1
0.27	0.636269	0		1
0.315	0.558327	0		1
0.765	0.887417	0		1
0.58	0.428423	0		1
0.59	0.428423	0		1
0.27	0.740192	0		1
0.44	0.67091	0		1
0.43	0.67091	0		1
0.52	0.618949	0		1
0.54	0.0820131	0		1
0.54	0.549667	0		1
0.545	0.541007	0		1
0.555	0.541007	0		1
0.815	0.246558	0		1
0.44	0.428423	0		1
0.145	0.679571	0		1
0.34	0.0646926	0		1
0.345	0.0560323	0		1
0.635	0.922058	0		1
0.47	0.376462	0		1
0.475	0.281199	0		1
0.67	0.584308	0		1
0.615	0.523686	0		1
0.895	0.835455	0		1
0.31	0.168616	0		1
0.115	0.523686	0		1
0.4	0.532346	0		1
0.395	0.523686	0		1
0.305	0.229237	0		1
0.31	0.237898	0		1
0.23	0.133975	0		1
0.22	0.133975	0		1
0.215	0.125314	0		1
0.21	0.133975	0		1
0.205	0.125314	0		1
0.83	0.220577	0		1
0.825	0.211917	0		1
0.19	0.515026	0		1
0.085	0.939378	0		1
0.345	0.887417	0		1
0.355	0.887417	0		1
0.36	0.878756	0		1
0.365	0.887417	0		1
0.37	0.878756	0		1
0.795	0.679571	0		1
0.665	0.31584	0		1
0.355	0.800814	0		1
0.3	0.930718	0		1
0.195	0.454404	0		1
0.19	0.463064	0		1
0.2	0.445744	0		1
0.93	0.237898	0		1
0.705	0.714212	0		1
0.7	0.376462	0		1
0.68	0.515026	0		1
0.64	0.463064	0		1
0.645	0.471725	0		1
0.2	0.133975	0		1
0.195	0.125314	0		1
0.37	0.185936	0		1
0.45	0.30718	0		1
0.935	0.66225	0		1
0.48	0.220577	0		1
0.475	0.211917	0		1
0.95	0.861436	0		1
0.77	0.0820131	0		1
0.775	0.0906733	0		1
0.45	0.67091	0		1
0.455	0.66225	0		1
0.45	0.549667	0		1
0.73	0.618949	0		1
0.64	0.0820131	0		1
0.635	0.0733528	0		1
0.475	0.766173	0		1
0.475	0.696891	0		1
0.495	0.870096	0		1
0.49	0.861436	0		1
0.125	0.956699	0		1
0.96	0.0993336	0		1
0.96	0.393782	0		1
0.0400005	0.861436	0		1
0.0450001	0.870096	0		1
0.959631	0.861223	0		1
0.04	0.844115	0		1
0.96017	0.947882	0		1
0.0404236	0.0476166	0		1
0.96	0.0473721	0		1
0.0398738	0.515153	0		1
0.04	0.393782	0		1
0.96	0.896077	0		1
0.96	0.515026	0		1
0.04	0.185936	0		1
0.045	0.194596	0		1
0.04	0.0820131	0		1
0.045	0.0906733	0		1
0.04	0.168616	0		1
0.045	0.159955	0		1
0.96	0.411103	0		1
0.96	0.722872	0		1
0.04	0.289859	0		1
0.045	0.281199	0		1
0.215	0.0387118	0		1
0.225	0.0387118	0		1
0.0450706	0.0387526	0		1
0.0550118	0.0387186	0		1
0.955	0.0387118	0		1
0.945	0.0387118	0		1
0.295	0.0387118	0		1
0.285	0.0387118	0		1
0.195	0.0387118	0		1
0.185	0.0387118	0		1
0.685	0.0387118	0		1
0.675	0.0387118	0		1
0.695	0.0387118	0		1
0.7	0.0473721	0		1
0.705	0.0387118	0		1
0.71	0.0473721	0		1
0.715	0.0387118	0		1
0.72	0.0473721	0		1
0.725	0.0387118	0		1
0.73	0.0473721	0		1
0.735	0.0387118	0		1
0.725	0.0560323	0		1
0.735	0.0560323	0		1
0.535	0.0387118	0		1
0.545	0.0387118	0		1
0.605	0.0387118	0		1
0.595	0.0387118	0		1
0.615	0.0387118	0		1
0.145	0.0387118	0		1
0.135	0.0387118	0		1
0.56	0.948038	0		1
0.565	0.956699	0		1
0.555	0.956699	0		1
0.21	0.688231	0		1
0.95	0.116654	0		1
0.96	0.116654	0		1
0.815	0.904737	0		1
0.155	0.0387118	0		1
0.535	0.437083	0		1
0.53	0.445744	0		1
0.54	0.428423	0		1
0.28	0.428423	0		1
0.285	0.437083	0		1
0.28	0.445744	0		1
0.29	0.445744	0		1
0.285	0.454404	0		1
0.275	0.419763	0		1
0.295	0.454404	0		1
0.29	0.463064	0		1
0.3	0.463064	0		1
0.295	0.471725	0		1
0.065	0.852776	0		1
0.715	0.956699	0		1
0.195	0.402442	0		1
0.2	0.411103	0		1
0.19	0.393782	0		1
0.535	0.558327	0		1
0.525	0.627609	0		1
0.515	0.0560323	0		1
0.51	0.0473721	0		1
0.515	0.0387118	0		1
0.505	0.0387118	0		1
0.5	0.0473721	0		1
0.495	0.0387118	0		1
0.49	0.0473721	0		1
0.485	0.0387118	0		1
0.48	0.0473721	0		1
0.475	0.0387118	0		1
0.47	0.0473721	0		1
0.465	0.0387118	0		1
0.46	0.0473721	0		1
0.455	0.0387118	0		1
0.45	0.0473721	0		1
0.445	0.0387118	0		1
0.44	0.0473721	0		1
0.435	0.0387118	0		1
0.43	0.0473721	0		1
0.425	0.0387118	0		1
0.42	0.0473721	0		1
0.415	0.0387118	0		1
0.515	0.592968	0		1
0.41	0.0473721	0		1
0.405	0.0387118	0		1
0.925	0.142635	0		1
0.285	0.66225	0		1
0.375	0.887417	0		1
0.38	0.878756	0		1
0.845	0.506366	0		1
0.245	0.783494	0		1
0.765	0.818135	0		1
0.77	0.826795	0		1
0.215	0.177276	0		1
0.22	0.185936	0		1
0.355	0.541007	0		1
0.36	0.532346	0		1
0.805	0.696891	0		1
0.815	0.696891	0		1
0.725	0.922058	0		1
0.73	0.913397	0		1
0.835	0.541007	0		1
0.63	0.948038	0		1
0.625	0.956699	0		1
0.635	0.956699	0		1
0.31	0.0646926	0		1
0.66	0.705551	0		1
0.34	0.0993336	0		1
0.32	0.116654	0		1
0.465	0.385122	0		1
0.66	0.636269	0		1
0.15	0.67091	0		1
0.615	0.956699	0		1
0.46	0.896077	0		1
0.375	0.870096	0		1
0.385	0.870096	0		1
0.38	0.861436	0		1
0.39	0.861436	0		1
0.385	0.852776	0		1
0.395	0.852776	0		1
0.39	0.844115	0		1
0.4	0.844115	0		1
0.395	0.835455	0		1
0.83	0.948038	0		1
0.825	0.956699	0		1
0.835	0.956699	0		1
0.92	0.740192	0		1
0.915	0.731532	0		1
0.91	0.740192	0		1
0.285	0.471725	0		1
0.29	0.480385	0		1
0.28	0.480385	0		1
0.285	0.489045	0		1
0.275	0.489045	0		1
0.28	0.497705	0		1
0.27	0.497705	0		1
0.275	0.506366	0		1
0.265	0.506366	0		1
0.27	0.515026	0		1
0.26	0.515026	0		1
0.265	0.523686	0		1
0.09	0.722872	0		1
0.84	0.515026	0		1
0.165	0.142635	0		1
0.475	0.870096	0		1
0.15	0.601628	0		1
0.155	0.592968	0		1
0.35	0.497705	0		1
0.125	0.229237	0		1
0.135	0.229237	0		1
0.13	0.220577	0		1
0.73	0.133975	0		1
0.78	0.861436	0		1
0.24	0.0820131	0		1
0.94	0.116654	0		1
0.735	0.575648	0		1
0.67	0.272539	0		1
0.675	0.281199	0		1
0.68	0.272539	0		1
0.685	0.281199	0		1
0.69	0.272539	0		1
0.695	0.281199	0		1
0.7	0.272539	0		1
0.705	0.281199	0		1
0.71	0.272539	0		1
0.955	0.385122	0		1
0.63	0.289859	0		1
0.635	0.298519	0		1
0.355	0.125314	0		1
0.44	0.566987	0		1
0.85	0.601628	0		1
0.355	0.0560323	0		1
0.35	0.0473721	0		1
0.36	0.0473721	0		1
0.34	0.0473721	0		1
0.345	0.0387118	0		1
0.335	0.0387118	0		1
0.3	0.341821	0		1
0.46	0.497705	0		1
0.47	0.0993336	0		1
0.76	0.341821	0		1
0.935	0.31584	0		1
0.945	0.31584	0		1
0.95	0.30718	0		1
0.955	0.31584	0		1
0.95	0.3245	0		1
0.96	0.3245	0		1
0.955	0.33316	0		1
0.96	0.30718	0		1
0.675	0.142635	0		1
0.1	0.584308	0		1
0.545	0.506366	0		1
0.58	0.844115	0		1
0.485	0.489045	0		1
0.39	0.289859	0		1
0.69	0.896077	0		1
0.435	0.610289	0		1
0.265	0.800814	0		1
0.225	0.541007	0		1
0.235	0.541007	0		1
0.23	0.549667	0		1
0.24	0.549667	0		1
0.37	0.255218	0		1
0.42	0.65359	0		1
0.855	0.835455	0		1
0.2	0.116654	0		1
0.19	0.116654	0		1
0.195	0.107994	0		1
0.675	0.731532	0		1
0.67	0.740192	0		1
0.665	0.731532	0		1
0.87	0.0820131	0		1
0.41	0.237898	0		1
0.635	0.107994	0		1
0.84	0.272539	0		1
0.345	0.64493	0		1
0.53	0.878756	0		1
0.53	0.359141	0		1
0.71	0.722872	0		1
0.465	0.211917	0		1
0.445	0.367801	0		1
0.805	0.350481	0		1
0.355	0.679571	0		1
0.43	0.341821	0		1
0.675	0.748853	0		1
0.35	0.0993336	0		1
0.495	0.142635	0		1
0.38	0.584308	0		1
0.625	0.367801	0		1
0.425	0.33316	0		1
0.48	0.272539	0		1
0.195	0.506366	0		1
0.6	0.480385	0		1
0.345	0.956699	0		1
0.65	0.566987	0		1
0.575	0.194596	0		1
0.135	0.0906733	0		1
0.295	0.679571	0		1
0.285	0.679571	0		1
0.745	0.177276	0		1
0.91	0.445744	0		1
0.905	0.437083	0		1
0.91	0.428423	0		1
0.9	0.428423	0		1
0.205	0.696891	0		1
0.21	0.359141	0		1
0.2	0.359141	0		1
0.205	0.350481	0		1
0.195	0.350481	0		1
0.2	0.341821	0		1
0.19	0.359141	0		1
0.285	0.835455	0		1
0.26	0.272539	0		1
0.63	0.255218	0		1
0.725	0.0906733	0		1
0.33	0.636269	0		1
0.32	0.636269	0		1
0.325	0.627609	0		1
0.315	0.627609	0		1
0.32	0.618949	0		1
0.31	0.618949	0		1
0.315	0.610289	0		1
0.305	0.627609	0		1
0.13	0.705551	0		1
0.835	0.904737	0		1
0.83	0.896077	0		1
0.84	0.896077	0		1
0.835	0.887417	0		1
0.845	0.887417	0		1
0.84	0.878756	0		1
0.71	0.861436	0		1
0.045	0.922058	0		1
0.825	0.800814	0		1
0.52	0.151295	0		1
0.905	0.419763	0		1
0.895	0.419763	0		1
0.085	0.125314	0		1
0.6	0.913397	0		1
0.29	0.688231	0		1
0.135	0.956699	0		1
0.955	0.419763	0		1
0.9	0.445744	0		1
0.9	0.497705	0		1
0.675	0.506366	0		1
0.085	0.66225	0		1
0.08	0.67091	0		1
0.74	0.913397	0		1
0.62	0.0473721	0		1
0.625	0.0387118	0		1
0.63	0.0473721	0		1
0.635	0.0387118	0		1
0.455	0.558327	0		1
0.63	0.480385	0		1
0.915	0.922058	0		1
0.15	0.740192	0		1
0.9	0.411103	0		1
0.89	0.411103	0		1
0.895	0.402442	0		1
0.885	0.402442	0		1
0.89	0.393782	0		1
0.88	0.393782	0		1
0.885	0.385122	0		1
0.875	0.385122	0		1
0.88	0.376462	0		1
0.87	0.376462	0		1
0.12	0.0646926	0		1
0.115	0.0560323	0		1
0.135	0.766173	0		1
0.205	0.142635	0		1
0.375	0.194596	0		1
0.9	0.549667	0		1
0.85	0.878756	0		1
0.845	0.870096	0		1
0.055	0.748853	0		1
0.05	0.757513	0		1
0.04	0.757513	0		1
0.045	0.766173	0		1
0.25	0.411103	0		1
0.24	0.411103	0		1
0.59	0.341821	0		1
0.6	0.341821	0		1
0.605	0.33316	0		1
0.61	0.341821	0		1
0.615	0.33316	0		1
0.58	0.341821	0		1
0.92	0.878756	0		1
0.9	0.601628	0		1
0.315	0.177276	0		1
0.335	0.194596	0		1
0.235	0.592968	0		1
0.23	0.601628	0		1
0.24	0.584308	0		1
0.115	0.956699	0		1
0.455	0.419763	0		1
0.46	0.411103	0		1
0.305	0.835455	0		1
0.295	0.489045	0		1
0.72	0.913397	0		1
0.7	0.289859	0		1
0.71	0.289859	0		1
0.11	0.359141	0		1
0.115	0.367801	0		1
0.39	0.185936	0		1
0.71	0.411103	0		1
0.31	0.826795	0		1
0.29	0.844115	0		1
0.28	0.844115	0		1
0.47	0.359141	0		1
0.745	0.835455	0		1
0.905	0.177276	0		1
0.81	0.722872	0		1
0.775	0.575648	0		1
0.645	0.107994	0		1
0.795	0.696891	0		1
0.685	0.523686	0		1
0.525	0.506366	0		1
0.52	0.497705	0		1
0.905	0.125314	0		1
0.14	0.272539	0		1
0.135	0.281199	0		1
0.125	0.281199	0		1
0.13	0.289859	0		1
0.12	0.289859	0		1
0.125	0.298519	0		1
0.115	0.298519	0		1
0.12	0.30718	0		1
0.11	0.30718	0		1
0.115	0.31584	0		1
0.14	0.792154	0		1
0.13	0.792154	0		1
0.21	0.168616	0		1
0.21	0.185936	0		1
0.215	0.194596	0		1
0.88	0.774833	0		1
0.81	0.774833	0		1
0.9	0.168616	0		1
0.905	0.159955	0		1
0.83	0.757513	0		1
0.805	0.731532	0		1
0.585	0.610289	0		1
0.58	0.601628	0		1
0.65	0.133975	0		1
0.6	0.757513	0		1
0.36	0.896077	0		1
0.53	0.515026	0		1
0.11	0.515026	0		1
0.09	0.497705	0		1
0.049982	0.497715	0		1
0.0398708	0.497775	0		1
0.0449755	0.489058	0		1
0.95	0.67091	0		1
0.96	0.67091	0		1
0.68	0.965359	0		1
0.69	0.965359	0		1
0.67	0.965359	0		1
0.47	0.757513	0		1
0.49	0.896077	0		1
0.5	0.930718	0		1
0.83	0.965359	0		1
0.84	0.965359	0		1
0.82	0.965359	0		1
0.950018	0.96534	0		1
0.960036	0.965294	0		1
0.940005	0.965353	0		1
0.965	0.419763	0		1
0.96	0.428423	0		1
0.035	0.159955	0		1
0.04	0.151295	0		1
0.035	0.610289	0		1
0.0351871	0.0907814	0		1
0.0400312	0.0993516	0		1
0.0500052	0.0993366	0		1
0.0450061	0.107997	0		1
0.0550005	0.107994	0		1
0.0500011	0.116655	0		1
0.0400012	0.116655	0		1
0.035	0.281199	0		1
0.04	0.272539	0		1
0.0349191	0.489091	0		1
0.0399824	0.480395	0		1
0.035	0.731532	0		1
0.965	0.731532	0		1
0.964807	0.85282	0		1
0.035	0.437083	0		1
0.04	0.445744	0		1
0.95	0.0300515	0		1
0.73	0.0300515	0		1
0.22	0.0300515	0		1
0.0500137	0.0300595	0		1
0.14	0.0300515	0		1
0.47	0.0304381	0		1
0.035	0.766173	0		1
0.04	0.774833	0		1
0.03	0.774833	0		1
0.035	0.783494	0		1
0.965	0.904737	0		1
0.96493	0.385082	0		1
0.959988	0.376455	0		1
0.0350701	0.385082	0		1
0.0400117	0.376455	0		1
0.0350816	0.194643	0		1
0.0400136	0.203264	0		1
0.0306921	0.185751	0		1
0.0360663	0.0558617	0		1
0.965	0.0560323	0		1
0.0351282	0.956625	0		1
0.965	0.523686	0		1
0.03	0.272539	0		1
0.035	0.263878	0		1
0.965	0.33316	0		1
0.96	0.341821	0		1
0.95	0.341821	0		1
0.97	0.3245	0		1
0.964969	0.662232	0		1
0.0307288	0.203699	0		1
0.0351055	0.211979	0		1
0.0450198	0.211929	0		1
0.0400209	0.220589	0		1
0.05	0.220577	0		1
0.0450035	0.229239	0		1
0.0550006	0.229238	0		1
0.0500007	0.237898	0		1
0.0400007	0.237898	0		1
0.0350421	0.922033	0		1
0.040007	0.913393	0		1
0.035	0.298519	0		1
0.04	0.30718	0		1
0.0345611	0.039335	0		1
0.965	0.0387118	0		1
0.0350001	0.870096	0		1
0.04	0.878756	0		1
0.0300295	0.861454	0		1
0.03	0.757513	0		1
0.565	0.922058	0		1
0.555	0.939378	0		1
0.41	0.809474	0		1
0.595	0.748853	0		1
0.215	0.679571	0		1
0.435	0.679571	0		1
0.425	0.679571	0		1
0.585	0.419763	0		1
0.595	0.419763	0		1
0.34	0.566987	0		1
0.215	0.696891	0		1
0.21	0.705551	0		1
0.28	0.688231	0		1
0.285	0.696891	0		1
0.295	0.748853	0		1
0.41	0.774833	0		1
0.405	0.766173	0		1
0.59	0.618949	0		1
0.275	0.731532	0		1
0.275	0.523686	0		1
0.27	0.532346	0		1
0.285	0.506366	0		1
0.71	0.948038	0		1
0.215	0.818135	0		1
0.22	0.809474	0		1
0.21	0.826795	0		1
0.125	0.419763	0		1
0.57	0.566987	0		1
0.575	0.558327	0		1
0.955	0.125314	0		1
0.965	0.125314	0		1
0.15	0.792154	0		1
0.58	0.896077	0		1
0.205	0.402442	0		1
0.21	0.411103	0		1
0.72	0.376462	0		1
0.535	0.541007	0		1
0.185	0.107994	0		1
0.19	0.0993336	0		1
0.18	0.116654	0		1
0.54	0.601628	0		1
0.545	0.107994	0		1
0.555	0.107994	0		1
0.16	0.774833	0		1
0.79	0.255218	0		1
0.855	0.870096	0		1
0.85	0.861436	0		1
0.125	0.783494	0		1
0.12	0.792154	0		1
0.74	0.393782	0		1
0.75	0.393782	0		1
0.805	0.229237	0		1
0.8	0.220577	0		1
0.805	0.211917	0		1
0.795	0.211917	0		1
0.24	0.792154	0		1
0.715	0.367801	0		1
0.705	0.263878	0		1
0.715	0.263878	0		1
0.795	0.263878	0		1
0.79	0.272539	0		1
0.065	0.731532	0		1
0.305	0.471725	0		1
0.415	0.437083	0		1
0.405	0.437083	0		1
0.4	0.428423	0		1
0.395	0.437083	0		1
0.39	0.428423	0		1
0.385	0.437083	0		1
0.38	0.428423	0		1
0.385	0.419763	0		1
0.375	0.419763	0		1
0.38	0.411103	0		1
0.37	0.411103	0		1
0.375	0.402442	0		1
0.365	0.402442	0		1
0.37	0.393782	0		1
0.36	0.393782	0		1
0.365	0.385122	0		1
0.355	0.385122	0		1
0.36	0.376462	0		1
0.35	0.376462	0		1
0.055	0.870096	0		1
0.37	0.428423	0		1
0.48	0.237898	0		1
0.165	0.696891	0		1
0.45	0.913397	0		1
0.36	0.411103	0		1
0.41	0.515026	0		1
0.42	0.515026	0		1
0.105	0.367801	0		1
0.11	0.376462	0		1
0.655	0.696891	0		1
0.235	0.523686	0		1
0.35	0.393782	0		1
0.14	0.220577	0		1
0.135	0.211917	0		1
0.145	0.229237	0		1
0.135	0.714212	0		1
0.4	0.0473721	0		1
0.395	0.0387118	0		1
0.86	0.549667	0		1
0.855	0.558327	0		1
0.245	0.541007	0		1
0.25	0.549667	0		1
0.53	0.0820131	0		1
0.185	0.0560323	0		1
0.37	0.116654	0		1
0.38	0.116654	0		1
0.385	0.125314	0		1
0.33	0.0820131	0		1
0.325	0.0906733	0		1
0.655	0.939378	0		1
0.105	0.437083	0		1
0.11	0.445744	0		1
0.665	0.748853	0		1
0.67	0.757513	0		1
0.835	0.298519	0		1
0.845	0.298519	0		1
0.825	0.298519	0		1
0.82	0.30718	0		1
0.815	0.298519	0		1
0.81	0.30718	0		1
0.805	0.298519	0		1
0.8	0.30718	0		1
0.805	0.31584	0		1
0.795	0.31584	0		1
0.655	0.627609	0		1
0.565	0.142635	0		1
0.57	0.151295	0		1
0.105	0.489045	0		1
0.11	0.480385	0		1
0.105	0.31584	0		1
0.535	0.31584	0		1
0.54	0.3245	0		1
0.53	0.30718	0		1
0.535	0.298519	0		1
0.58	0.0820131	0		1
0.875	0.367801	0		1
0.865	0.367801	0		1
0.455	0.385122	0		1
0.57	0.896077	0		1
0.085	0.714212	0		1
0.955	0.350481	0		1
0.965	0.350481	0		1
0.845	0.592968	0		1
0.31	0.116654	0		1
0.775	0.66225	0		1
0.78	0.65359	0		1
0.645	0.592968	0		1
0.65	0.601628	0		1
0.185	0.350481	0		1
0.18	0.359141	0		1
0.185	0.367801	0		1
0.205	0.419763	0		1
0.625	0.298519	0		1
0.63	0.30718	0		1
0.105	0.523686	0		1
0.8	0.3245	0		1
0.79	0.3245	0		1
0.26	0.463064	0		1
0.955	0.298519	0		1
0.965	0.298519	0		1
0.115	0.263878	0		1
0.385	0.229237	0		1
0.38	0.220577	0		1
0.65	0.463064	0		1
0.655	0.471725	0		1
0.35	0.65359	0		1
0.565	0.471725	0		1
0.635	0.437083	0		1
0.63	0.428423	0		1
0.545	0.471725	0		1
0.675	0.194596	0		1
0.665	0.194596	0		1
0.89	0.774833	0		1
0.885	0.766173	0		1
0.39	0.237898	0		1
0.4	0.67091	0		1
0.47	0.601628	0		1
0.245	0.558327	0		1
0.255	0.558327	0		1
0.3	0.237898	0		1
0.305	0.246558	0		1
0.295	0.229237	0		1
0.83	0.722872	0		1
0.315	0.246558	0		1
0.31	0.255218	0		1
0.87	0.792154	0		1
0.865	0.783494	0		1
0.35	0.618949	0		1
0.36	0.618949	0		1
0.68	0.549667	0		1
0.69	0.549667	0		1
0.62	0.428423	0		1
0.625	0.419763	0		1
0.125	0.142635	0		1
0.15	0.584308	0		1
0.16	0.584308	0		1
0.255	0.125314	0		1
0.64	0.515026	0		1
0.635	0.506366	0		1
0.305	0.177276	0		1
0.31	0.185936	0		1
0.375	0.558327	0		1
0.38	0.549667	0		1
0.14	0.705551	0		1
0.3	0.168616	0		1
0.355	0.367801	0		1
0.345	0.367801	0		1
0.34	0.376462	0		1
0.335	0.367801	0		1
0.34	0.359141	0		1
0.33	0.359141	0		1
0.05	0.151295	0		1
0.145	0.800814	0		1
0.42	0.826795	0		1
0.065	0.263878	0		1
0.15	0.515026	0		1
0.07	0.203257	0		1
0.09	0.65359	0		1
0.915	0.419763	0		1
0.945	0.419763	0		1
0.535	0.107994	0		1
0.335	0.350481	0		1
0.325	0.350481	0		1
0.84	0.480385	0		1
0.83	0.480385	0		1
0.825	0.471725	0		1
0.73	0.0820131	0		1
0.74	0.0820131	0		1
0.72	0.0820131	0		1
0.715	0.714212	0		1
0.72	0.722872	0		1
0.71	0.705551	0		1
0.795	0.298519	0		1
0.915	0.818135	0		1
0.92	0.826795	0		1
0.8	0.203257	0		1
0.79	0.203257	0		1
0.055	0.419763	0		1
0.785	0.31584	0		1
0.78	0.3245	0		1
0.37	0.532346	0		1
0.365	0.523686	0		1
0.91	0.0646926	0		1
0.905	0.0560323	0		1
0.09	0.913397	0		1
0.545	0.159955	0		1
0.55	0.168616	0		1
0.945	0.800814	0		1
0.955	0.800814	0		1
0.65	0.497705	0		1
0.235	0.159955	0		1
0.67	0.289859	0		1
0.835	0.211917	0		1
0.83	0.203257	0		1
0.56	0.168616	0		1
0.195	0.142635	0		1
0.475	0.385122	0		1
0.185	0.506366	0		1
0.19	0.497705	0		1
0.925	0.870096	0		1
0.93	0.878756	0		1
0.905	0.541007	0		1
0.47	0.272539	0		1
0.555	0.177276	0		1
0.38	0.948038	0		1
0.375	0.956699	0		1
0.0600003	0.116654	0		1
0.765	0.835455	0		1
0.335	0.783494	0		1
0.33	0.792154	0		1
0.34	0.774833	0		1
0.12	0.445744	0		1
0.115	0.454404	0		1
0.62	0.341821	0		1
0.625	0.33316	0		1
0.205	0.454404	0		1
0.13	0.428423	0		1
0.11	0.948038	0		1
0.905	0.610289	0		1
0.56	0.116654	0		1
0.0550002	0.125314	0		1
0.215	0.419763	0		1
0.655	0.31584	0		1
0.65	0.3245	0		1
0.29	0.203257	0		1
0.345	0.194596	0		1
0.21	0.445744	0		1
0.675	0.246558	0		1
0.67	0.237898	0		1
0.105	0.350481	0		1
0.775	0.818135	0		1
0.46	0.341821	0		1
0.63	0.965359	0		1
0.64	0.965359	0		1
0.465	0.281199	0		1
0.485	0.211917	0		1
0.49	0.220577	0		1
0.915	0.64493	0		1
0.91	0.636269	0		1
0.48	0.203257	0		1
0.72	0.272539	0		1
0.725	0.263878	0		1
0.72	0.255218	0		1
0.73	0.255218	0		1
0.725	0.246558	0		1
0.91	0.67091	0		1
0.305	0.904737	0		1
0.295	0.904737	0		1
0.315	0.904737	0		1
0.905	0.731532	0		1
0.9	0.740192	0		1
0.91	0.722872	0		1
0.905	0.229237	0		1
0.9	0.237898	0		1
0.46	0.584308	0		1
0.7	0.393782	0		1
0.48	0.376462	0		1
0.775	0.835455	0		1
0.34	0.185936	0		1
0.815	0.748853	0		1
0.954939	0.870061	0		1
0.965331	0.870048	0		1
0.46	0.67091	0		1
0.455	0.679571	0		1
0.78	0.566987	0		1
0.455	0.592968	0		1
0.765	0.0906733	0		1
0.77	0.0993336	0		1
0.78	0.0993336	0		1
0.775	0.107994	0		1
0.785	0.107994	0		1
0.78	0.116654	0		1
0.79	0.116654	0		1
0.795	0.107994	0		1
0.8	0.116654	0		1
0.805	0.107994	0		1
0.81	0.116654	0		1
0.815	0.107994	0		1
0.82	0.116654	0		1
0.825	0.107994	0		1
0.83	0.116654	0		1
0.835	0.107994	0		1
0.805	0.125314	0		1
0.84	0.116654	0		1
0.845	0.107994	0		1
0.835	0.125314	0		1
0.785	0.125314	0		1
0.91	0.220577	0		1
0.685	0.506366	0		1
0.725	0.627609	0		1
0.46	0.549667	0		1
0.455	0.541007	0		1
0.73	0.584308	0		1
0.725	0.575648	0		1
0.275	0.211917	0		1
0.265	0.211917	0		1
0.26	0.203257	0		1
0.255	0.211917	0		1
0.11	0.341821	0		1
0.465	0.558327	0		1
0.47	0.636269	0		1
0.465	0.627609	0		1
0.465	0.66225	0		1
0.65	0.151295	0		1
0.72	0.618949	0		1
0.72	0.965359	0		1
0.73	0.965359	0		1
0.55	0.532346	0		1
0.56	0.532346	0		1
0.065	0.506366	0		1
0.65	0.0993336	0		1
0.655	0.107994	0		1
0.645	0.0733528	0		1
0.41	0.965359	0		1
0.4	0.965359	0		1
0.42	0.965359	0		1
0.56	0.965359	0		1
0.57	0.965359	0		1
0.55	0.965359	0		1
0.0400966	0.965303	0		1
0.0500161	0.96535	0		1
0.925	0.696891	0		1
0.13	0.965359	0		1
0.14	0.965359	0		1
0.455	0.714212	0		1
0.46	0.722872	0		1
0.64	0.0473721	0		1
0.645	0.0387118	0		1
0.93	0.688231	0		1
0.955	0.679571	0		1
0.965	0.679571	0		1
0.465	0.766173	0		1
0.47	0.774833	0		1
0.5	0.861436	0		1
0.495	0.852776	0		1
0.485	0.852776	0		1
0.49	0.844115	0		1
0.5	0.878756	0		1
0.495	0.922058	0		1
0.34	0.965359	0		1
0.35	0.965359	0		1
0.08	0.965359	0		1
0.09	0.965359	0		1
0.03	0.428423	0		1
0.035	0.419763	0		1
0.23	0.0300515	0		1
0.235	0.0387118	0		1
0.24	0.0300515	0		1
0.245	0.0387118	0		1
0.25	0.0300515	0		1
0.255	0.0387118	0		1
0.25	0.0473721	0		1
0.26	0.0473721	0		1
0.255	0.0560323	0		1
0.26	0.0300515	0		1
0.74	0.0300515	0		1
0.745	0.0387118	0		1
0.75	0.0300515	0		1
0.755	0.0387118	0		1
0.76	0.0300515	0		1
0.765	0.0387118	0		1
0.77	0.0300515	0		1
0.0600042	0.030054	0		1
0.94	0.0300515	0		1
0.13	0.0300515	0		1
0.0308552	0.947411	0		1
0.97	0.116654	0		1
0.0300837	0.376413	0		1
0.0350159	0.367792	0		1
0.97	0.411103	0		1
0.0306903	0.394026	0		1
0.03	0.878756	0		1
0.035	0.887417	0		1
0.045	0.887417	0		1
0.03	0.601628	0		1
0.035	0.592968	0		1
0.0308106	0.0826948	0		1
0.97	0.515026	0		1
0.965	0.506366	0		1
0.0298322	0.497712	0		1
0.03	0.445744	0		1
0.035	0.454404	0		1
0.0300984	0.307123	0		1
0.0351148	0.315774	0		1
0.0300503	0.913368	0		1
0.97	0.722872	0		1
0.030851	0.965324	0		1
0.97	0.428423	0		1
0.965	0.437083	0		1
0.03	0.151295	0		1
0.035	0.142635	0		1
0.0299406	0.0994792	0		1
0.0299284	0.480426	0		1
0.97	0.896077	0		1
0.969916	0.376413	0		1
0.0297402	0.220589	0		1
0.0245534	0.419579	0		1
0.34	0.0300515	0		1
0.33	0.0300515	0		1
0.35	0.0300515	0		1
0.29	0.0300515	0		1
0.3	0.0300515	0		1
0.19	0.0300515	0		1
0.18	0.0300515	0		1
0.4	0.0300515	0		1
0.39	0.0300515	0		1
0.385	0.0387118	0		1
0.38	0.0300515	0		1
0.42	0.0300515	0		1
0.44	0.0300515	0		1
0.490281	0.030596	0		1
0.51	0.0300515	0		1
0.599719	0.030596	0		1
0.589673	0.0303043	0		1
0.620281	0.030596	0		1
0.64	0.0300515	0		1
0.65	0.0300515	0		1
0.68	0.0300515	0		1
0.699719	0.030596	0		1
0.540281	0.0306002	0		1
0.550327	0.030305	0		1
0.555055	0.038754	0		1
0.560064	0.0301008	0		1
0.975	0.731532	0		1
0.97	0.740192	0		1
0.0450941	0.973965	0		1
0.43	0.688231	0		1
0.42	0.688231	0		1
0.59	0.896077	0		1
0.245	0.592968	0		1
0.385	0.887417	0		1
0.59	0.411103	0		1
0.59	0.757513	0		1
0.22	0.705551	0		1
0.215	0.714212	0		1
0.515	0.506366	0		1
0.53	0.428423	0		1
0.535	0.419763	0		1
0.3	0.618949	0		1
0.295	0.627609	0		1
0.275	0.696891	0		1
0.28	0.705551	0		1
0.415	0.974019	0		1
0.275	0.679571	0		1
0.96	0.133975	0		1
0.97	0.133975	0		1
0.965	0.142635	0		1
0.7	0.930718	0		1
0.93	0.133975	0		1
0.38	0.896077	0		1
0.725	0.904737	0		1
0.715	0.904737	0		1
0.3	0.445744	0		1
0.595	0.610289	0		1
0.285	0.419763	0		1
0.28	0.411103	0		1
0.155	0.800814	0		1
0.22	0.826795	0		1
0.215	0.835455	0		1
0.58	0.411103	0		1
0.825	0.887417	0		1
0.675	0.974019	0		1
0.175	0.0387118	0		1
0.25	0.584308	0		1
0.515	0.541007	0		1
0.045	0.783494	0		1
0.415	0.0560323	0		1
0.405	0.852776	0		1
0.225	0.835455	0		1
0.22	0.844115	0		1
0.23	0.844115	0		1
0.215	0.402442	0		1
0.395	0.870096	0		1
0.71	0.965359	0		1
0.84	0.861436	0		1
0.535	0.592968	0		1
0.06	0.757513	0		1
0.6	0.411103	0		1
0.115	0.783494	0		1
0.725	0.367801	0		1
0.415	0.506366	0		1
0.81	0.289859	0		1
0.825	0.974019	0		1
0.82	0.480385	0		1
0.815	0.471725	0		1
0.825	0.489045	0		1
0.53	0.618949	0		1
0.535	0.627609	0		1
0.53	0.636269	0		1
0.35	0.532346	0		1
0.345	0.541007	0		1
0.175	0.142635	0		1
0.725	0.714212	0		1
0.41	0.844115	0		1
0.405	0.818135	0		1
0.09	0.67091	0		1
0.82	0.515026	0		1
0.79	0.220577	0		1
0.895	0.159955	0		1
0.8	0.705551	0		1
0.845	0.523686	0		1
0.39	0.445744	0		1
0.38	0.445744	0		1
0.825	0.714212	0		1
0.04	0.792154	0		1
0.03	0.792154	0		1
0.035	0.800814	0		1
0.475	0.263878	0		1
0.9	0.722872	0		1
0.155	0.679571	0		1
0.4	0.774833	0		1
0.405	0.783494	0		1
0.11	0.0646926	0		1
0.285	0.852776	0		1
0.495	0.0560323	0		1
0.475	0.0560323	0		1
0.455	0.0560323	0		1
0.435	0.0560323	0		1
0.33	0.0473721	0		1
0.5	0.844115	0		1
0.53	0.601628	0		1
0.11	0.792154	0		1
0.65	0.705551	0		1
0.175	0.367801	0		1
0.18	0.376462	0		1
0.33	0.376462	0		1
0.55	0.0993336	0		1
0.56	0.0993336	0		1
0.315	0.107994	0		1
0.28	0.0300515	0		1
0.47	0.393782	0		1
0.1	0.445744	0		1
0.39	0.116654	0		1
0.395	0.125314	0		1
0.4	0.116654	0		1
0.405	0.125314	0		1
0.41	0.116654	0		1
0.415	0.125314	0		1
0.42	0.116654	0		1
0.425	0.125314	0		1
0.43	0.116654	0		1
0.435	0.125314	0		1
0.44	0.116654	0		1
0.445	0.125314	0		1
0.45	0.116654	0		1
0.455	0.125314	0		1
0.46	0.116654	0		1
0.465	0.125314	0		1
0.045	0.454404	0		1
0.26	0.497705	0		1
0.33	0.116654	0		1
0.0650027	0.0387133	0		1
0.0700012	0.0300522	0		1
0.0750006	0.0387122	0		1
0.0800003	0.0300517	0		1
0.0850002	0.0387119	0		1
0.0900001	0.0300516	0		1
0.095	0.0387118	0		1
0.1	0.0300516	0		1
0.105	0.0387118	0		1
0.11	0.0300516	0		1
0.385	0.835455	0		1
0.39	0.826795	0		1
0.82	0.0993336	0		1
0.855	0.887417	0		1
0.65	0.636269	0		1
0.655	0.64493	0		1
0.92	0.705551	0		1
0.66	0.30718	0		1
0.89	0.428423	0		1
0.085	0.679571	0		1
0.16	0.67091	0		1
0.155	0.66225	0		1
0.335	0.922058	0		1
0.34	0.913397	0		1
0.1	0.0473721	0		1
0.68	0.497705	0		1
0.905	0.748853	0		1
0.895	0.748853	0		1
0.26	0.549667	0		1
0.525	0.298519	0		1
0.53	0.289859	0		1
0.195	0.783494	0		1
0.375	0.852776	0		1
0.725	0.610289	0		1
0.195	0.437083	0		1
0.77	0.584308	0		1
0.78	0.584308	0		1
0.775	0.592968	0		1
0.905	0.211917	0		1
0.335	0.766173	0		1
0.82	0.463064	0		1
0.81	0.463064	0		1
0.815	0.454404	0		1
0.805	0.454404	0		1
0.81	0.445744	0		1
0.8	0.445744	0		1
0.805	0.437083	0		1
0.815	0.437083	0		1
0.81	0.428423	0		1
0.8	0.428423	0		1
0.805	0.419763	0		1
0.795	0.419763	0		1
0.8	0.411103	0		1
0.79	0.411103	0		1
0.795	0.402442	0		1
0.785	0.402442	0		1
0.785	0.419763	0		1
0.81	0.411103	0		1
0.48	0.844115	0		1
0.485	0.835455	0		1
0.16	0.601628	0		1
0.155	0.610289	0		1
0.1	0.30718	0		1
0.86	0.792154	0		1
0.855	0.783494	0		1
0.85	0.792154	0		1
0.845	0.783494	0		1
0.65	0.913397	0		1
0.21	0.757513	0		1
0.2	0.757513	0		1
0.205	0.748853	0		1
0.1	0.341821	0		1
0.11	0.532346	0		1
0.185	0.922058	0		1
0.18	0.913397	0		1
0.19	0.913397	0		1
0.32	0.0820131	0		1
0.385	0.107994	0		1
0.15	0.913397	0		1
0.17	0.792154	0		1
0.175	0.783494	0		1
0.525	0.0733528	0		1
0.315	0.0906733	0		1
0.584945	0.0387539	0		1
0.2	0.0993336	0		1
0.945	0.350481	0		1
0.97	0.30718	0		1
0.835	0.523686	0		1
0.85	0.636269	0		1
0.84	0.601628	0		1
0.845	0.610289	0		1
0.62	0.30718	0		1
0.19	0.376462	0		1
0.92	0.861436	0		1
0.845	0.956699	0		1
0.85	0.965359	0		1
0.165	0.818135	0		1
0.11	0.601628	0		1
0.105	0.610289	0		1
0.67	0.203257	0		1
0.66	0.203257	0		1
0.655	0.194596	0		1
0.65	0.203257	0		1
0.645	0.194596	0		1
0.64	0.203257	0		1
0.645	0.211917	0		1
0.635	0.211917	0		1
0.64	0.220577	0		1
0.65	0.220577	0		1
0.645	0.229237	0		1
0.63	0.220577	0		1
0.625	0.211917	0		1
0.635	0.194596	0		1
0.64	0.185936	0		1
0.2	0.0300515	0		1
0.51	0.497705	0		1
0.71	0.220577	0		1
0.69	0.948038	0		1
0.44	0.133975	0		1
0.535	0.454404	0		1
0.525	0.454404	0		1
0.435	0.922058	0		1
0.18	0.0993336	0		1
0.185	0.0906733	0		1
0.255	0.523686	0		1
0.25	0.515026	0		1
0.215	0.541007	0		1
0.455	0.731532	0		1
0.465	0.731532	0		1
0.625	0.107994	0		1
0.15	0.133975	0		1
0.9	0.757513	0		1
0.73	0.67091	0		1
0.725	0.66225	0		1
0.72	0.67091	0		1
0.105	0.194596	0		1
0.11	0.185936	0		1
0.115	0.194596	0		1
0.12	0.185936	0		1
0.115	0.177276	0		1
0.125	0.177276	0		1
0.13	0.185936	0		1
0.88	0.463064	0		1
0.735	0.437083	0		1
0.725	0.437083	0		1
0.73	0.445744	0		1
0.72	0.428423	0		1
0.665	0.211917	0		1
0.515	0.489045	0		1
0.505	0.489045	0		1
0.51	0.480385	0		1
0.5	0.480385	0		1
0.505	0.471725	0		1
0.875	0.939378	0		1
0.88	0.948038	0		1
0.87	0.948038	0		1
0.875	0.956699	0		1
0.065	0.748853	0		1
0.125	0.211917	0		1
0.33	0.740192	0		1
0.66	0.688231	0		1
0.65	0.688231	0		1
0.655	0.679571	0		1
0.75	0.0473721	0		1
0.235	0.575648	0		1
0.835	0.177276	0		1
0.96	0.289859	0		1
0.97	0.289859	0		1
0.26	0.359141	0		1
0.13	0.480385	0		1
0.04	0.618949	0		1
0.03	0.618949	0		1
0.035	0.627609	0		1
0.695	0.558327	0		1
0.7	0.549667	0		1
0.705	0.558327	0		1
0.735	0.350481	0		1
0.87	0.67091	0		1
0.16	0.913397	0		1
0.155	0.904737	0		1
0.165	0.904737	0		1
0.16	0.896077	0		1
0.15	0.896077	0		1
0.155	0.887417	0		1
0.145	0.887417	0		1
0.15	0.878756	0		1
0.85	0.584308	0		1
0.84	0.584308	0		1
0.64	0.584308	0		1
0.74	0.220577	0		1
0.27	0.722872	0		1
0.9	0.532346	0		1
0.12	0.774833	0		1
0.91	0.185936	0		1
0.16	0.705551	0		1
0.545	0.177276	0		1
0.345	0.66225	0		1
0.62	0.480385	0		1
0.965	0.281199	0		1
0.195	0.766173	0		1
0.8	0.272539	0		1
0.805	0.263878	0		1
0.105	0.558327	0		1
0.67	0.601628	0		1
0.34	0.133975	0		1
0.375	0.610289	0		1
0.655	0.714212	0		1
0.445	0.402442	0		1
0.05	0.809474	0		1
0.645	0.610289	0		1
0.66	0.618949	0		1
0.355	0.66225	0		1
0.635	0.558327	0		1
0.37	0.376462	0		1
0.345	0.107994	0		1
0.29	0.116654	0		1
0.925	0.31584	0		1
0.93	0.3245	0		1
0.925	0.246558	0		1
0.63	0.393782	0		1
0.48	0.618949	0		1
0.095	0.696891	0		1
0.84	0.445744	0		1
0.845	0.575648	0		1
0.41	0.757513	0		1
0.4	0.757513	0		1
0.405	0.748853	0		1
0.165	0.489045	0		1
0.705	0.0560323	0		1
0.65	0.0820131	0		1
0.48	0.705551	0		1
0.115	0.852776	0		1
0.385	0.402442	0		1
0.64	0.255218	0		1
0.0301509	0.930616	0		1
0.1	0.601628	0		1
0.095	0.610289	0		1
0.1	0.618949	0		1
0.09	0.618949	0		1
0.095	0.627609	0		1
0.375	0.298519	0		1
0.425	0.437083	0		1
0.42	0.445744	0		1
0.43	0.445744	0		1
0.325	0.610289	0		1
0.32	0.601628	0		1
0.655	0.575648	0		1
0.315	0.211917	0		1
0.355	0.64493	0		1
0.295	0.731532	0		1
0.89	0.515026	0		1
0.47	0.116654	0		1
0.475	0.125314	0		1
0.38	0.237898	0		1
0.61	0.3245	0		1
0.42	0.255218	0		1
0.28	0.0473721	0		1
0.0450191	0.315829	0		1
0.0400223	0.324487	0		1
0.0307013	0.32459	0		1
0.0352532	0.33325	0		1
0.0450459	0.333173	0		1
0.0400499	0.341838	0		1
0.03	0.341821	0		1
0.21	0.67091	0		1
0.22	0.67091	0		1
0.215	0.66225	0		1
0.4	0.65359	0		1
0.425	0.610289	0		1
0.43	0.601628	0		1
0.35	0.705551	0		1
0.77	0.809474	0		1
0.325	0.0733528	0		1
0.385	0.246558	0		1
0.395	0.246558	0		1
0.56	0.497705	0		1
0.6	0.740192	0		1
0.59	0.740192	0		1
0.595	0.731532	0		1
0.565	0.541007	0		1
0.57	0.532346	0		1
0.42	0.341821	0		1
0.425	0.350481	0		1
0.415	0.33316	0		1
0.67	0.861436	0		1
0.52	0.0300515	0		1
0.215	0.263878	0		1
0.73	0.376462	0		1
0.265	0.33316	0		1
0.775	0.64493	0		1
0.785	0.64493	0		1
0.78	0.636269	0		1
0.96	0.203257	0		1
0.965	0.194596	0		1
0.971088	0.204387	0		1
0.96	0.185936	0		1
0.97	0.185936	0		1
0.825	0.506366	0		1
0.84	0.376462	0		1
0.48	0.30718	0		1
0.475	0.31584	0		1
0.63	0.116654	0		1
0.969478	0.393989	0		1
0.595	0.159955	0		1
0.35	0.289859	0		1
0.87	0.393782	0		1
0.555	0.454404	0		1
0.895	0.592968	0		1
0.905	0.592968	0		1
0.9	0.584308	0		1
0.6	0.428423	0		1
0.84	0.220577	0		1
0.265	0.748853	0		1
0.275	0.748853	0		1
0.27	0.757513	0		1
0.535	0.939378	0		1
0.225	0.194596	0		1
0.22	0.203257	0		1
0.23	0.203257	0		1
0.225	0.211917	0		1
0.77	0.67091	0		1
0.585	0.627609	0		1
0.595	0.627609	0		1
0.59	0.636269	0		1
0.365	0.177276	0		1
0.39	0.133975	0		1
0.105	0.402442	0		1
0.115	0.402442	0		1
0.03	0.740192	0		1
0.67	0.497705	0		1
0.27	0.411103	0		1
0.275	0.402442	0		1
0.265	0.402442	0		1
0.27	0.393782	0		1
0.26	0.393782	0		1
0.265	0.385122	0		1
0.25	0.774833	0		1
0.255	0.783494	0		1
0.26	0.774833	0		1
0.32	0.255218	0		1
0.315	0.263878	0		1
0.325	0.263878	0		1
0.32	0.272539	0		1
0.045	0.263878	0		1
0.63	0.532346	0		1
0.335	0.385122	0		1
0.3	0.688231	0		1
0.24	0.133975	0		1
0.605	0.766173	0		1
0.635	0.939378	0		1
0.33	0.272539	0		1
0.32	0.896077	0		1
0.73	0.636269	0		1
0.185	0.419763	0		1
0.82	0.203257	0		1
0.88	0.411103	0		1
0.865	0.229237	0		1
0.54	0.289859	0		1
0.535	0.281199	0		1
0.545	0.281199	0		1
0.54	0.272539	0		1
0.55	0.272539	0		1
0.545	0.263878	0		1
0.555	0.263878	0		1
0.56	0.272539	0		1
0.565	0.263878	0		1
0.56	0.255218	0		1
0.41	0.133975	0		1
0.655	0.887417	0		1
0.155	0.194596	0		1
0.52	0.774833	0		1
0.525	0.766173	0		1
0.53	0.774833	0		1
0.535	0.766173	0		1
0.53	0.757513	0		1
0.28	0.30718	0		1
0.59	0.913397	0		1
0.42	0.67091	0		1
0.645	0.454404	0		1
0.12	0.0473721	0		1
0.585	0.350481	0		1
0.86	0.376462	0		1
0.115	0.281199	0		1
0.18	0.237898	0		1
0.73	0.30718	0		1
0.755	0.402442	0		1
0.76	0.393782	0		1
0.765	0.402442	0		1
0.77	0.393782	0		1
0.415	0.800814	0		1
0.705	0.177276	0		1
0.7	0.168616	0		1
0.71	0.168616	0		1
0.705	0.159955	0		1
0.715	0.159955	0		1
0.71	0.151295	0		1
0.7	0.151295	0		1
0.175	0.956699	0		1
0.18	0.965359	0		1
0.17	0.965359	0		1
0.175	0.974019	0		1
0.775	0.558327	0		1
0.34	0.601628	0		1
0.91	0.463064	0		1
0.18	0.515026	0		1
0.19	0.0646926	0		1
0.18	0.0646926	0		1
0.13	0.722872	0		1
0.14	0.722872	0		1
0.579936	0.0301007	0		1
0.14	0.566987	0		1
0.335	0.748853	0		1
0.34	0.740192	0		1
0.895	0.558327	0		1
0.905	0.558327	0		1
0.105	0.471725	0		1
0.19	0.757513	0		1
0.185	0.766173	0		1
0.235	0.211917	0		1
0.595	0.887417	0		1
0.6	0.896077	0		1
0.605	0.887417	0		1
0.25	0.203257	0		1
0.03	0.168616	0		1
0.155	0.852776	0		1
0.2	0.826795	0		1
0.115	0.0733528	0		1
0.84	0.0993336	0		1
0.85	0.0993336	0		1
0.895	0.818135	0		1
0.29	0.722872	0		1
0.96	0.532346	0		1
0.97	0.532346	0		1
0.965	0.541007	0		1
0.86	0.480385	0		1
0.545	0.419763	0		1
0.54	0.411103	0		1
0.55	0.411103	0		1
0.935	0.0387118	0		1
0.93	0.0300515	0		1
0.925	0.0387118	0		1
0.92	0.0300515	0		1
0.885	0.956699	0		1
0.88	0.965359	0		1
0.89	0.965359	0		1
0.87	0.965359	0		1
0.85	0.116654	0		1
0.965	0.835455	0		1
0.97	0.826795	0		1
0.695	0.541007	0		1
0.705	0.541007	0		1
0.21	0.341821	0		1
0.205	0.33316	0		1
0.195	0.33316	0		1
0.2	0.3245	0		1
0.21	0.3245	0		1
0.205	0.31584	0		1
0.215	0.31584	0		1
0.21	0.30718	0		1
0.22	0.30718	0		1
0.215	0.298519	0		1
0.225	0.298519	0		1
0.23	0.30718	0		1
0.235	0.298519	0		1
0.24	0.30718	0		1
0.245	0.298519	0		1
0.25	0.30718	0		1
0.24	0.289859	0		1
0.22	0.289859	0		1
0.22	0.3245	0		1
0.235	0.31584	0		1
0.515	0.471725	0		1
0.51	0.30718	0		1
0.135	0.731532	0		1
0.72	0.168616	0		1
0.07	0.965359	0		1
0.33	0.965359	0		1
0.475	0.852776	0		1
0.15	0.688231	0		1
0.19	0.965359	0		1
0.29	0.705551	0		1
0.965	0.818135	0		1
0.975	0.818135	0		1
0.97	0.809474	0		1
0.94	0.341821	0		1
0.795	0.33316	0		1
0.805	0.33316	0		1
0.915	0.887417	0		1
0.345	0.748853	0		1
0.0450023	0.3678	0		1
0.965	0.714212	0		1
0.965	0.177276	0		1
0.974742	0.177425	0		1
0.969957	0.16864	0		1
0.22	0.792154	0		1
0.46	0.133975	0		1
0.665	0.246558	0		1
0.835	0.714212	0		1
0.83	0.705551	0		1
0.56501	0.0387196	0		1
0.39	0.532346	0		1
0.395	0.541007	0		1
0.305	0.263878	0		1
0.89	0.376462	0		1
0.625	0.0560323	0		1
0.51	0.463064	0		1
0.53	0.3245	0		1
0.535	0.33316	0		1
0.545	0.33316	0		1
0.54	0.341821	0		1
0.55	0.341821	0		1
0.385	0.523686	0		1
0.39	0.515026	0		1
0.38	0.515026	0		1
0.385	0.506366	0		1
0.95	0.792154	0		1
0.96	0.792154	0		1
0.955	0.783494	0		1
0.965	0.783494	0		1
0.85	0.497705	0		1
0.625	0.489045	0		1
0.615	0.489045	0		1
0.9	0.393782	0		1
0.295	0.246558	0		1
0.95	0.359141	0		1
0.84	0.203257	0		1
0.62	0.497705	0		1
0.225	0.142635	0		1
0.14	0.168616	0		1
0.0600009	0.0993341	0		1
0.245	0.402442	0		1
0.775	0.0387118	0		1
0.78	0.0300515	0		1
0.785	0.0387118	0		1
0.79	0.0300515	0		1
0.795	0.0387118	0		1
0.8	0.0300515	0		1
0.4	0.948038	0		1
0.845	0.852776	0		1
0.855	0.852776	0		1
0.12	0.168616	0		1
0.11	0.168616	0		1
0.115	0.159955	0		1
0.96	0.774833	0		1
0.97	0.774833	0		1
0.975476	0.784468	0		1
0.965	0.766173	0		1
0.975	0.766173	0		1
0.535	0.194596	0		1
0.44	0.688231	0		1
0.915	0.627609	0		1
0.085	0.64493	0		1
0.72	0.151295	0		1
0.365	0.194596	0		1
0.915	0.0560323	0		1
0.215	0.159955	0		1
0.205	0.159955	0		1
0.345	0.783494	0		1
0.915	0.0387118	0		1
0.91	0.0300515	0		1
0.905	0.0387118	0		1
0.9	0.0300515	0		1
0.66	0.757513	0		1
0.665	0.766173	0		1
0.675	0.766173	0		1
0.67	0.774833	0		1
0.68	0.774833	0		1
0.675	0.783494	0		1
0.685	0.783494	0		1
0.68	0.792154	0		1
0.69	0.792154	0		1
0.685	0.800814	0		1
0.695	0.800814	0		1
0.69	0.809474	0		1
0.7	0.809474	0		1
0.695	0.818135	0		1
0.705	0.818135	0		1
0.7	0.826795	0		1
0.71	0.826795	0		1
0.705	0.835455	0		1
0.715	0.835455	0		1
0.655	0.748853	0		1
0.91	0.532346	0		1
0.345	0.766173	0		1
0.905	0.523686	0		1
0.135	0.419763	0		1
0.13	0.411103	0		1
0.825	0.194596	0		1
0.895	0.0387118	0		1
0.89	0.0300515	0		1
0.885	0.0387118	0		1
0.88	0.0300515	0		1
0.545	0.350481	0		1
0.555	0.350481	0		1
0.56	0.341821	0		1
0.565	0.350481	0		1
0.84	0.705551	0		1
0.835	0.696891	0		1
0.845	0.696891	0		1
0.84	0.688231	0		1
0.45	0.584308	0		1
0.565	0.177276	0		1
0.56	0.185936	0		1
0.06	0.255218	0		1
0.065	0.246558	0		1
0.19	0.185936	0		1
0.805	0.0387118	0		1
0.81	0.0300515	0		1
0.815	0.0387118	0		1
0.82	0.0300515	0		1
0.825	0.0387118	0		1
0.83	0.0300515	0		1
0.575	0.142635	0		1
0.57	0.133975	0		1
0.37	0.203257	0		1
0.25	0.289859	0		1
0.245	0.281199	0		1
0.385	0.211917	0		1
0.615	0.350481	0		1
0.625	0.350481	0		1
0.875	0.0387118	0		1
0.87	0.0300515	0		1
0.865	0.0387118	0		1
0.86	0.0300515	0		1
0.095	0.64493	0		1
0.17	0.896077	0		1
0.28	0.532346	0		1
0.275	0.541007	0		1
0.285	0.523686	0		1
0.715	0.142635	0		1
0.045	0.402442	0		1
0.815	0.194596	0		1
0.465	0.419763	0		1
0.47	0.411103	0		1
0.46	0.428423	0		1
0.91	0.584308	0		1
0.835	0.0387118	0		1
0.85	0.688231	0		1
0.845	0.679571	0		1
0.065	0.125314	0		1
0.06	0.133975	0		1
0.46	0.255218	0		1
0.21	0.289859	0		1
0.1	0.376462	0		1
0.57	0.168616	0		1
0.15	0.220577	0		1
0.155	0.229237	0		1
0.15	0.237898	0		1
0.16	0.237898	0		1
0.155	0.246558	0		1
0.48	0.393782	0		1
0.16	0.878756	0		1
0.295	0.852776	0		1
0.2	0.30718	0		1
0.215	0.454404	0		1
0.905	0.627609	0		1
0.9	0.636269	0		1
0.07	0.116654	0		1
0.445	0.610289	0		1
0.235	0.281199	0		1
0.395	0.506366	0		1
0.315	0.835455	0		1
0.47	0.30718	0		1
0.635	0.246558	0		1
0.19	0.3245	0		1
0.705	0.298519	0		1
0.695	0.298519	0		1
0.425	0.506366	0		1
0.43	0.515026	0		1
0.435	0.506366	0		1
0.44	0.515026	0		1
0.16	0.359141	0		1
0.185	0.904737	0		1
0.73	0.272539	0		1
0.31	0.844115	0		1
0.905	0.66225	0		1
0.915	0.66225	0		1
0.475	0.575648	0		1
0.715	0.437083	0		1
0.185	0.33316	0		1
0.33	0.168616	0		1
0.67	0.30718	0		1
0.235	0.419763	0		1
0.265	0.783494	0		1
0.27	0.774833	0		1
0.77	0.116654	0		1
0.32	0.826795	0		1
0.315	0.818135	0		1
0.325	0.818135	0		1
0.32	0.809474	0		1
0.33	0.809474	0		1
0.235	0.402442	0		1
0.21	0.463064	0		1
0.135	0.818135	0		1
0.895	0.177276	0		1
0.785	0.66225	0		1
0.929999	0.220577	0		1
0.8	0.722872	0		1
0.795	0.731532	0		1
0.52	0.0820131	0		1
0.515	0.0733528	0		1
0.525	0.0906733	0		1
0.785	0.558327	0		1
0.375	0.506366	0		1
0.76	0.0993336	0		1
0.77	0.844115	0		1
0.78	0.844115	0		1
0.915	0.211917	0		1
0.52	0.532346	0		1
0.78	0.809474	0		1
0.785	0.818135	0		1
0.73	0.722872	0		1
0.725	0.731532	0		1
0.735	0.731532	0		1
0.73	0.740192	0		1
0.35	0.913397	0		1
0.74	0.740192	0		1
0.735	0.748853	0		1
0.49	0.203257	0		1
0.485	0.194596	0		1
0.475	0.64493	0		1
0.26	0.220577	0		1
0.565	0.523686	0		1
0.785	0.592968	0		1
0.78	0.601628	0		1
0.275	0.852776	0		1
0.76	0.0820131	0		1
0.79	0.705551	0		1
0.785	0.696891	0		1
0.875	0.159955	0		1
0.76	0.844115	0		1
0.725	0.281199	0		1
0.145	0.281199	0		1
0.15	0.272539	0		1
0.9	0.151295	0		1
0.135	0.298519	0		1
0.645	0.246558	0		1
0.115	0.506366	0		1
0.125	0.31584	0		1
0.12	0.3245	0		1
0.17	0.133975	0		1
0.47	0.549667	0		1
0.71	0.428423	0		1
0.465	0.64493	0		1
0.785	0.835455	0		1
0.78	0.549667	0		1
0.945	0.974019	0		1
0.445	0.627609	0		1
0.215	0.211917	0		1
0.22	0.220577	0		1
0.31	0.913397	0		1
0.575	0.541007	0		1
0.47	0.67091	0		1
0.475	0.194596	0		1
0.205	0.194596	0		1
0.62	0.220577	0		1
0.615	0.211917	0		1
0.8	0.740192	0		1
0.86	0.774833	0		1
0.59	0.584308	0		1
0.72	0.636269	0		1
0.25	0.220577	0		1
0.255	0.385122	0		1
0.705	0.506366	0		1
0.7	0.532346	0		1
0.82	0.774833	0		1
0.825	0.783494	0		1
0.675	0.489045	0		1
0.665	0.489045	0		1
0.67	0.480385	0		1
0.63	0.151295	0		1
0.635	0.159955	0		1
0.63	0.168616	0		1
0.64	0.168616	0		1
0.17	0.0300515	0		1
0.16	0.0473721	0		1
0.18	0.151295	0		1
0.66	0.463064	0		1
0.1	0.515026	0		1
0.095	0.523686	0		1
0.625	0.229237	0		1
0.125	0.454404	0		1
0.12	0.463064	0		1
0.855	0.0387118	0		1
0.635	0.419763	0		1
0.84	0.0300515	0		1
0.875	0.766173	0		1
0.88	0.757513	0		1
0.13	0.445744	0		1
0.62	0.203257	0		1
0.83	0.774833	0		1
0.0549929	0.489049	0		1
0.075	0.489045	0		1
0.905	0.714212	0		1
0.89	0.740192	0		1
0.655	0.0387118	0		1
0.67	0.0300515	0		1
0.915	0.696891	0		1
0.92	0.67091	0		1
0.555	0.974019	0		1
0.96	0.688231	0		1
0.970447	0.688526	0		1
0.09	0.515026	0		1
0.635	0.974019	0		1
0.645	0.974019	0		1
0.65	0.965359	0		1
0.655	0.974019	0		1
0.545	0.974019	0		1
0.54	0.965359	0		1
0.535	0.974019	0		1
0.625	0.974019	0		1
0.475	0.748853	0		1
0.465	0.748853	0		1
0.47	0.722872	0		1
0.5	0.913397	0		1
0.725	0.974019	0		1
0.735	0.974019	0		1
0.74	0.965359	0		1
0.745	0.974019	0		1
0.75	0.965359	0		1
0.755	0.974019	0		1
0.76	0.965359	0		1
0.765	0.974019	0		1
0.77	0.965359	0		1
0.775	0.974019	0		1
0.78	0.965359	0		1
0.785	0.974019	0		1
0.79	0.965359	0		1
0.795	0.974019	0		1
0.8	0.965359	0		1
0.805	0.974019	0		1
0.49	0.930718	0		1
0.425	0.974019	0		1
0.43	0.965359	0		1
0.435	0.974019	0		1
0.44	0.965359	0		1
0.445	0.974019	0		1
0.45	0.965359	0		1
0.455	0.974019	0		1
0.46	0.965359	0		1
0.465	0.974019	0		1
0.885	0.974019	0		1
0.895	0.974019	0		1
0.9	0.965359	0		1
0.905	0.974019	0		1
0.91	0.965359	0		1
0.915	0.974019	0		1
0.92	0.965359	0		1
0.925	0.974019	0		1
0.0550184	0.974009	0		1
0.47	0.965359	0		1
0.465	0.956699	0		1
0.475	0.956699	0		1
0.335	0.974019	0		1
0.135	0.974019	0		1
0.145	0.974019	0		1
0.15	0.965359	0		1
0.155	0.974019	0		1
0.075	0.974019	0		1
0.325	0.974019	0		1
0.125	0.974019	0		1
0.975	0.142635	0		1
0.025	0.298519	0		1
0.0251879	0.800706	0		1
0.0300313	0.809456	0		1
0.975	0.904737	0		1
0.97	0.913397	0		1
0.0248606	0.26386	0		1
0.0299768	0.255215	0		1
0.974796	0.281081	0		1
0.969966	0.272519	0		1
0.025	0.592968	0		1
0.03	0.584308	0		1
0.04	0.584308	0		1
0.035	0.575648	0		1
0.045	0.575648	0		1
0.04	0.566987	0		1
0.03	0.566987	0		1
0.035	0.558327	0		1
0.05	0.566987	0		1
0.0252224	0.558455	0		1
0.0300371	0.549688	0		1
0.0400062	0.54967	0		1
0.0350072	0.541011	0		1
0.0252034	0.540898	0		1
0.0300351	0.532329	0		1
0.0202358	0.532212	0		1
0.025	0.523686	0		1
0.0252171	0.731407	0		1
0.0300362	0.722851	0		1
0.981395	0.16917	0		1
0.0252536	0.887563	0		1
0.0252475	0.627752	0		1
0.0300412	0.636293	0		1
0.0252552	0.142488	0		1
0.0300425	0.13395	0		1
0.974737	0.437236	0		1
0.969956	0.445769	0		1
0.959993	0.445748	0		1
0.964991	0.454409	0		1
0.54	0.948038	0		1
0.395	0.748853	0		1
0.4	0.740192	0		1
0.405	0.800814	0		1
0.585	0.731532	0		1
0.59	0.722872	0		1
0.225	0.66225	0		1
0.22	0.65359	0		1
0.52	0.445744	0		1
0.225	0.696891	0		1
0.39	0.896077	0		1
0.575	0.904737	0		1
0.565	0.904737	0		1
0.6	0.636269	0		1
0.595	0.64493	0		1
0.31	0.463064	0		1
0.315	0.471725	0		1
0.31	0.480385	0		1
0.28	0.393782	0		1
0.585	0.575648	0		1
0.59	0.566987	0		1
0.58	0.584308	0		1
0.11	0.393782	0		1
0.31	0.601628	0		1
0.315	0.592968	0		1
0.175	0.0560323	0		1
0.95	0.133975	0		1
0.325	0.904737	0		1
0.34	0.532346	0		1
0.63	0.411103	0		1
0.62	0.411103	0		1
0.595	0.402442	0		1
0.27	0.705551	0		1
0.28	0.757513	0		1
0.265	0.558327	0		1
0.26	0.566987	0		1
0.235	0.818135	0		1
0.255	0.800814	0		1
0.225	0.679571	0		1
0.175	0.0906733	0		1
0.225	0.714212	0		1
0.22	0.722872	0		1
0.21	0.722872	0		1
0.215	0.731532	0		1
0.205	0.731532	0		1
0.225	0.731532	0		1
0.975048	0.160059	0		1
0.425	0.696891	0		1
0.415	0.696891	0		1
0.04	0.896077	0		1
0.715	0.246558	0		1
0.72	0.237898	0		1
0.73	0.237898	0		1
0.26	0.376462	0		1
0.12	0.393782	0		1
0.21	0.393782	0		1
0.54	0.618949	0		1
0.815	0.489045	0		1
0.095	0.350481	0		1
0.07	0.878756	0		1
0.075	0.870096	0		1
0.085	0.870096	0		1
0.08	0.861436	0		1
0.09	0.861436	0		1
0.085	0.852776	0		1
0.095	0.852776	0		1
0.09	0.844115	0		1
0.065	0.887417	0		1
0.475	0.835455	0		1
0.48	0.826795	0		1
0.49	0.826795	0		1
0.485	0.818135	0		1
0.475	0.818135	0		1
0.48	0.809474	0		1
0.47	0.809474	0		1
0.475	0.800814	0		1
0.465	0.800814	0		1
0.47	0.792154	0		1
0.46	0.792154	0		1
0.105	0.783494	0		1
0.425	0.454404	0		1
0.1	0.844115	0		1
0.095	0.835455	0		1
0.07	0.757513	0		1
0.75	0.376462	0		1
0.84	0.289859	0		1
0.85	0.289859	0		1
0.855	0.298519	0		1
0.86	0.289859	0		1
0.865	0.298519	0		1
0.87	0.289859	0		1
0.875	0.298519	0		1
0.88	0.289859	0		1
0.875	0.281199	0		1
0.885	0.281199	0		1
0.855	0.281199	0		1
0.88	0.272539	0		1
0.89	0.272539	0		1
0.54	0.636269	0		1
0.535	0.64493	0		1
0.525	0.64493	0		1
0.53	0.65359	0		1
0.72	0.359141	0		1
0.71	0.359141	0		1
0.825	0.281199	0		1
0.47	0.948038	0		1
0.48	0.948038	0		1
0.77	0.0473721	0		1
0.54	0.65359	0		1
0.535	0.66225	0		1
0.525	0.66225	0		1
0.53	0.67091	0		1
0.725	0.229237	0		1
0.675	0.263878	0		1
0.54	0.67091	0		1
0.535	0.679571	0		1
0.525	0.679571	0		1
0.53	0.688231	0		1
0.645	0.679571	0		1
0.65	0.67091	0		1
0.65	0.948038	0		1
0.54	0.757513	0		1
0.535	0.748853	0		1
0.525	0.748853	0		1
0.53	0.740192	0		1
0.54	0.740192	0		1
0.535	0.731532	0		1
0.525	0.731532	0		1
0.53	0.722872	0		1
0.54	0.722872	0		1
0.535	0.714212	0		1
0.165	0.679571	0		1
0.8	0.0473721	0		1
0.265	0.0560323	0		1
0.26	0.0646926	0		1
0.25	0.0646926	0		1
0.255	0.0733528	0		1
0.46	0.566987	0		1
0.1	0.65359	0		1
0.54	0.688231	0		1
0.24	0.809474	0		1
0.435	0.107994	0		1
0.13	0.203257	0		1
0.165	0.610289	0		1
0.16	0.618949	0		1
0.15	0.618949	0		1
0.155	0.627609	0		1
0.165	0.627609	0		1
0.16	0.636269	0		1
0.15	0.636269	0		1
0.095	0.31584	0		1
0.645	0.627609	0		1
0.05	0.896077	0		1
0.83	0.0473721	0		1
0.855	0.367801	0		1
0.86	0.359141	0		1
0.77	0.601628	0		1
0.775	0.610289	0		1
0.785	0.610289	0		1
0.835	0.610289	0		1
0.27	0.480385	0		1
0.84	0.549667	0		1
0.845	0.541007	0		1
0.835	0.558327	0		1
0.66	0.237898	0		1
0.82	0.428423	0		1
0.68	0.809474	0		1
0.32	0.359141	0		1
0.6	0.948038	0		1
0.595	0.956699	0		1
0.095	0.437083	0		1
0.855	0.956699	0		1
0.865	0.800814	0		1
0.415	0.350481	0		1
0.105	0.0733528	0		1
0.065	0.211917	0		1
0.07	0.220577	0		1
0.665	0.783494	0		1
0.56	0.896077	0		1
0.305	0.107994	0		1
0.15	0.203257	0		1
0.855	0.679571	0		1
0.835	0.575648	0		1
0.8	0.0993336	0		1
0.615	0.298519	0		1
0.0400069	0.636273	0		1
0.035008	0.644934	0		1
0.13	0.376462	0		1
0.46	0.272539	0		1
0.645	0.714212	0		1
0.65	0.722872	0		1
0.275	0.454404	0		1
0.21	0.428423	0		1
0.11	0.220577	0		1
0.67	0.722872	0		1
0.655	0.592968	0		1
0.68	0.203257	0		1
0.645	0.64493	0		1
0.65	0.65359	0		1
0.66	0.65359	0		1
0.949998	0.376461	0		1
0.1	0.272539	0		1
0.365	0.0560323	0		1
0.92	0.3245	0		1
0.795	0.281199	0		1
0.785	0.281199	0		1
0.62	0.116654	0		1
0.73	0.566987	0		1
0.825	0.437083	0		1
0.79	0.393782	0		1
0.8	0.393782	0		1
0.585	0.956699	0		1
0.59	0.965359	0		1
0.6	0.965359	0		1
0.595	0.974019	0		1
0.605	0.974019	0		1
0.585	0.974019	0		1
0.95	0.289859	0		1
0.53	0.463064	0		1
0.73	0.65359	0		1
0.72	0.65359	0		1
0.66	0.67091	0		1
0.665	0.229237	0		1
0.964984	0.367792	0		1
0.974742	0.367931	0		1
0.41	0.740192	0		1
0.405	0.731532	0		1
0.395	0.731532	0		1
0.4	0.722872	0		1
0.41	0.722872	0		1
0.405	0.714212	0		1
0.395	0.714212	0		1
0.4	0.705551	0		1
0.42	0.601628	0		1
0.935	0.350481	0		1
0.47	0.428423	0		1
0.6	0.722872	0		1
0.595	0.714212	0		1
0.585	0.714212	0		1
0.59	0.705551	0		1
0.965001	0.159977	0		1
0.6	0.705551	0		1
0.595	0.696891	0		1
0.585	0.696891	0		1
0.59	0.688231	0		1
0.325	0.592968	0		1
0.32	0.584308	0		1
0.625	0.31584	0		1
0.325	0.246558	0		1
0.21	0.65359	0		1
0.215	0.64493	0		1
0.225	0.64493	0		1
0.22	0.636269	0		1
0.78	0.618949	0		1
0.3	0.151295	0		1
0.485	0.263878	0		1
0.48	0.255218	0		1
0.695	0.783494	0		1
0.295	0.177276	0		1
0.42	0.3245	0		1
0.41	0.3245	0		1
0.63	0.515026	0		1
0.6	0.688231	0		1
0.595	0.679571	0		1
0.585	0.679571	0		1
0.59	0.67091	0		1
0.0500012	0.913397	0		1
0.355	0.627609	0		1
0.365	0.627609	0		1
0.68	0.532346	0		1
0.3	0.636269	0		1
0.29	0.636269	0		1
0.34	0.618949	0		1
0.295	0.194596	0		1
0.21	0.636269	0		1
0.215	0.627609	0		1
0.225	0.627609	0		1
0.22	0.618949	0		1
0.23	0.618949	0		1
0.345	0.350481	0		1
0.34	0.341821	0		1
0.255	0.194596	0		1
0.625	0.246558	0		1
0.955	0.748853	0		1
0.705	0.0906733	0		1
0.57	0.255218	0		1
0.565	0.246558	0		1
0.555	0.246558	0		1
0.575	0.263878	0		1
0.355	0.107994	0		1
0.36	0.0993336	0		1
0.2	0.497705	0		1
0.195	0.489045	0		1
0.185	0.489045	0		1
0.19	0.480385	0		1
0.2	0.480385	0		1
0.405	0.679571	0		1
0.4	0.688231	0		1
0.725	0.0733528	0		1
0.715	0.0733528	0		1
0.2	0.705551	0		1
0.075	0.679571	0		1
0.08	0.688231	0		1
0.84	0.792154	0		1
0.135	0.696891	0		1
0.92	0.0646926	0		1
0.335	0.887417	0		1
0.275	0.835455	0		1
0.15	0.948038	0		1
0.385	0.558327	0		1
0.38	0.566987	0		1
0.585	0.64493	0		1
0.59	0.65359	0		1
0.6	0.65359	0		1
0.845	0.904737	0		1
0.485	0.783494	0		1
0.315	0.350481	0		1
0.32	0.341821	0		1
0.155	0.575648	0		1
0.165	0.575648	0		1
0.17	0.584308	0		1
0.6	0.67091	0		1
0.54	0.774833	0		1
0.535	0.783494	0		1
0.81	0.913397	0		1
0.805	0.904737	0		1
0.81	0.896077	0		1
0.8	0.896077	0		1
0.795	0.904737	0		1
0.285	0.159955	0		1
0.355	0.956699	0		1
0.36	0.965359	0		1
0.355	0.974019	0		1
0.365	0.974019	0		1
0.35	0.740192	0		1
0.345	0.731532	0		1
0.0500058	0.341823	0		1
0.91	0.826795	0		1
0.915	0.835455	0		1
0.925	0.835455	0		1
0.705	0.922058	0		1
0.7	0.913397	0		1
0.71	0.930718	0		1
0.325	0.281199	0		1
0.315	0.281199	0		1
0.335	0.281199	0		1
0.155	0.64493	0		1
0.165	0.64493	0		1
0.145	0.64493	0		1
0.06	0.203257	0		1
0.065	0.194596	0		1
0.92	0.151295	0		1
0.915	0.142635	0		1
0.560011	0.0473804	0		1
0.28	0.237898	0		1
0.84	0.722872	0		1
0.64	0.0646926	0		1
0.165	0.66225	0		1
0.94	0.792154	0		1
0.39	0.497705	0		1
0.9	0.566987	0		1
0.91	0.566987	0		1
0.05	0.133975	0		1
0.935	0.870096	0		1
0.94	0.878756	0		1
0.895	0.281199	0		1
0.9	0.272539	0		1
0.895	0.263878	0		1
0.905	0.263878	0		1
0.9	0.255218	0		1
0.91	0.255218	0		1
0.535	0.696891	0		1
0.085	0.627609	0		1
0.91	0.272539	0		1
0.65	0.480385	0		1
0.155	0.870096	0		1
0.495	0.939378	0		1
0.775	0.31584	0		1
0.77	0.3245	0		1
0.78	0.30718	0		1
0.775	0.33316	0		1
0.185	0.0733528	0		1
0.37	0.0473721	0		1
0.365	0.0387118	0		1
0.635	0.489045	0		1
0.935	0.852776	0		1
0.325	0.194596	0		1
0.225	0.852776	0		1
0.235	0.852776	0		1
0.215	0.852776	0		1
0.24	0.844115	0		1
0.245	0.852776	0		1
0.175	0.506366	0		1
0.17	0.515026	0		1
0.42	0.497705	0		1
0.46	0.809474	0		1
0.175	0.350481	0		1
0.765	0.956699	0		1
0.954999	0.454404	0		1
0.959998	0.463065	0		1
0.969998	0.463065	0		1
0.964999	0.471725	0		1
0.975	0.471725	0		1
0.97	0.480385	0		1
0.96	0.480385	0		1
0.965	0.489045	0		1
0.974806	0.489157	0		1
0.84	0.497705	0		1
0.915	0.558327	0		1
0.915	0.541007	0		1
0.795	0.194596	0		1
0.785	0.194596	0		1
0.78	0.203257	0		1
0.18	0.480385	0		1
0.34	0.896077	0		1
0.03	0.411103	0		1
0.105	0.956699	0		1
0.11	0.965359	0		1
0.305	0.211917	0		1
0.92	0.844115	0		1
0.7	0.30718	0		1
0.575	0.523686	0		1
0.0450093	0.350484	0		1
0.29	0.861436	0		1
0.915	0.592968	0		1
0.385	0.956699	0		1
0.38	0.965359	0		1
0.955	0.489045	0		1
0.95	0.480385	0		1
0.58	0.151295	0		1
0.97	0.757513	0		1
0.71	0.844115	0		1
0.72	0.844115	0		1
0.1	0.948038	0		1
0.105	0.939378	0		1
0.115	0.800814	0		1
0.105	0.800814	0		1
0.07	0.722872	0		1
0.075	0.731532	0		1
0.15	0.809474	0		1
0.145	0.194596	0		1
0.79	0.566987	0		1
0.13	0.809474	0		1
0.935	0.887417	0		1
0.215	0.281199	0		1
0.0450002	0.246558	0		1
0.915	0.125314	0		1
0.92	0.116654	0		1
0.22	0.445744	0		1
0.79	0.618949	0		1
0.735	0.714212	0		1
0.725	0.696891	0		1
0.72	0.688231	0		1
0.635	0.31584	0		1
0.175	0.0733528	0		1
0.92	0.237898	0		1
0.65	0.116654	0		1
0.66	0.116654	0		1
0.665	0.107994	0		1
0.67	0.116654	0		1
0.115	0.489045	0		1
0.65	0.30718	0		1
0.655	0.298519	0		1
0.69	0.497705	0		1
0.22	0.428423	0		1
0.91	0.203257	0		1
0.72	0.584308	0		1
0.715	0.575648	0		1
0.725	0.592968	0		1
0.18	0.133975	0		1
0.32	0.844115	0		1
0.715	0.298519	0		1
0.35	0.185936	0		1
0.36	0.203257	0		1
0.365	0.211917	0		1
0.165	0.246558	0		1
0.16	0.255218	0		1
0.2	0.168616	0		1
0.195	0.159955	0		1
0.465	0.31584	0		1
0.47	0.3245	0		1
0.455	0.281199	0		1
0.46	0.289859	0		1
0.195	0.904737	0		1
0.2	0.913397	0		1
0.345	0.177276	0		1
0.31	0.203257	0		1
0.155	0.281199	0		1
0.14	0.428423	0		1
0.964641	0.887624	0		1
0.974683	0.88617	0		1
0.79	0.636269	0		1
0.795	0.64493	0		1
0.095	0.367801	0		1
0.78	0.705551	0		1
0.475	0.558327	0		1
0.79	0.584308	0		1
0.275	0.229237	0		1
0.47	0.688231	0		1
0.465	0.696891	0		1
0.79	0.740192	0		1
0.105	0.33316	0		1
0.095	0.33316	0		1
0.445	0.592968	0		1
0.44	0.584308	0		1
0.475	0.66225	0		1
0.445	0.506366	0		1
0.45	0.515026	0		1
0.445	0.523686	0		1
0.455	0.523686	0		1
0.745	0.748853	0		1
0.74	0.757513	0		1
0.63	0.185936	0		1
0.895	0.714212	0		1
0.515	0.523686	0		1
0.815	0.766173	0		1
0.805	0.766173	0		1
0.675	0.107994	0		1
0.715	0.610289	0		1
0.71	0.618949	0		1
0.665	0.0733528	0		1
0.65	0.0646926	0		1
0.595	0.592968	0		1
0.0349851	0.471733	0		1
0.0449946	0.471728	0		1
0.0252099	0.471603	0		1
0.945	0.679571	0		1
0.78	0.982679	0		1
0.75	0.982679	0		1
0.46	0.774833	0		1
0.965074	0.69694	0		1
0.975164	0.697181	0		1
0.845	0.974019	0		1
0.855	0.974019	0		1
0.42	0.982679	0		1
0.475	0.731532	0		1
0.455	0.766173	0		1
0.0500187	0.982669	0		1
0.49	0.913397	0		1
0.245	0.0217779	0		1
0.135	0.0217779	0		1
0.815	0.0213913	0		1
0.785	0.0217779	0		1
0.755	0.0217779	0		1
0.945	0.0217779	0		1
0.925	0.0213913	0		1
0.905	0.0213913	0		1
0.885	0.0213913	0		1
0.865	0.0213913	0		1
0.734719	0.0215533	0		1
0.174719	0.0215533	0		1
0.195	0.0213913	0		1
0.224719	0.0215533	0		1
0.295	0.0213913	0		1
0.345	0.0213913	0		1
0.645	0.0213913	0		1
0.385	0.0213913	0		1
0.555176	0.0218878	0		1
0.584837	0.0214887	0		1
0.515	0.0213913	0		1
0.055003	0.0217796	0		1
0.075	0.0213913	0		1
0.095	0.0213913	0		1
0.97528	0.680022	0		1
0.979798	0.757629	0		1
0.974706	0.714042	0		1
0.02002	0.272468	0		1
0.975617	0.835984	0		1
0.975	0.541007	0		1
0.970447	0.549722	0		1
0.960074	0.549676	0		1
0.965087	0.558338	0		1
0.975	0.558327	0		1
0.970014	0.566989	0		1
0.960017	0.566989	0		1
0.965005	0.575648	0		1
0.974707	0.575819	0		1
0.969952	0.584336	0		1
0.959993	0.584313	0		1
0.964991	0.592974	0		1
0.0253125	0.644759	0		1
0.0300534	0.653562	0		1
0.025297	0.454233	0		1
0.0252577	0.367931	0		1
0.0300456	0.359161	0		1
0.974718	0.506528	0		1
0.975057	0.592846	0		1
0.970455	0.601338	0		1
0.960074	0.601581	0		1
0.965088	0.610232	0		1
0.975	0.610289	0		1
0.970015	0.618939	0		1
0.960017	0.618938	0		1
0.965002	0.627608	0		1
0.974755	0.62775	0		1
0.96996	0.636293	0		1
0.97473	0.333004	0		1
0.979685	0.324318	0		1
0.214953	0.0218049	0		1
0.164953	0.0218049	0		1
0.575243	0.0215778	0		1
0.045041	0.0216	0		1
0.724673	0.0224078	0		1
0.954719	0.0216178	0		1
0.144719	0.0216178	0		1
0.0201002	0.65356	0		1
0.0252685	0.6621	0		1
0.0203866	0.445572	0		1
0.98	0.515026	0		1
0.979612	0.44563	0		1
0.020254	0.134306	0		1
0.024468	0.124597	0		1
0.979926	0.134313	0		1
0.981349	0.428974	0		1
0.984383	0.142949	0		1
0.0202754	0.37592	0		1
0.018641	0.150857	0		1
0.0186326	0.619289	0		1
0.98154	0.462136	0		1
0.984694	0.472177	0		1
0.355	0.0213913	0		1
0.305	0.0213913	0		1
0.31	0.0300515	0		1
0.315	0.0217779	0		1
0.5252	0.0223713	0		1
0.655	0.0213913	0		1
0.375	0.0213913	0		1
0.855	0.0213913	0		1
0.505073	0.0216315	0		1
0.635073	0.0216315	0		1
0.125	0.0216083	0		1
0.0186348	0.359406	0		1
0.0187131	0.721922	0		1
0.025	0.714212	0		1
0.981307	0.27168	0		1
0.975	0.263878	0		1
0.964994	0.263875	0		1
0.969999	0.255218	0		1
0.979936	0.255016	0		1
0.974989	0.246653	0		1
0.981352	0.531559	0		1
0.98501	0.246127	0		1
0.0185438	0.480268	0		1
0.0186183	0.740135	0		1
0.0183144	0.429035	0		1
0.0152047	0.419713	0		1
0.981423	0.289888	0		1
0.979616	0.237622	0		1
0.983245	0.2281	0		1
0.973748	0.228914	0		1
0.97745	0.219918	0		1
0.985075	0.219544	0		1
0.980906	0.210898	0		1
0.219384	0.0143568	0		1
0.169384	0.0143568	0		1
0.949392	0.014363	0		1
0.580013	0.013859	0		1
0.835	0.0213913	0		1
0.139392	0.014363	0		1
0.729057	0.0146736	0		1
0.675	0.0213913	0		1
0.684927	0.0216315	0		1
0.05	0.012731	0		1
0.0185777	0.809627	0		1
0.025	0.818135	0		1
0.0350052	0.818132	0		1
0.0300009	0.826794	0		1
0.0202296	0.826927	0		1
0.0250384	0.835478	0		1
0.979316	0.740143	0		1
0.984517	0.732024	0		1
0.979335	0.809567	0		1
0.97418	0.800999	0		1
0.984325	0.817609	0		1
0.02	0.792154	0		1
0.0185944	0.879244	0		1
0.0200681	0.601818	0		1
0.0204141	0.306498	0		1
0.0199368	0.567035	0		1
0.979512	0.375986	0		1
0.979781	0.636339	0		1
0.974957	0.644945	0		1
0.984895	0.645005	0		1
0.980018	0.653843	0		1
0.984143	0.662719	0		1
0.0151678	0.835499	0		1
0.0198783	0.844292	0		1
0.0149259	0.853882	0		1
0.979773	0.186042	0		1
0.98	0.913397	0		1
0.975	0.922058	0		1
0.984877	0.904835	0		1
0.0198962	0.584343	0		1
0.02	0.255218	0		1
0.0249961	0.246557	0		1
0.015	0.246558	0		1
0.020185	0.238005	0		1
0.0149836	0.264107	0		1
0.984755	0.766007	0		1
0.0151469	0.523828	0		1
0.02	0.515026	0		1
0.0145594	0.505948	0		1
0.00970491	0.826161	0		1
0.00957151	0.273579	0		1
0.990517	0.756214	0		1
0.00969509	0.533332	0		1
0.00967757	0.236888	0		1
0.0245044	0.506197	0		1
0.0190569	0.497522	0		1
0.0348288	0.50644	0		1
0.0247216	0.489077	0		1
0.0250025	0.853011	0		1
0.0299869	0.844188	0		1
0.39	0.705551	0		1
0.39	0.757513	0		1
0.535	0.956699	0		1
0.395	0.800814	0		1
0.39	0.809474	0		1
0.545	0.939378	0		1
0.42	0.705551	0		1
0.415	0.852776	0		1
0.42	0.844115	0		1
0.43	0.844115	0		1
0.61	0.896077	0		1
0.615	0.887417	0		1
0.61	0.878756	0		1
0.62	0.878756	0		1
0.615	0.870096	0		1
0.625	0.870096	0		1
0.62	0.861436	0		1
0.63	0.861436	0		1
0.625	0.852776	0		1
0.635	0.852776	0		1
0.64	0.861436	0		1
0.63	0.844115	0		1
0.64	0.844115	0		1
0.635	0.835455	0		1
0.625	0.835455	0		1
0.63	0.826795	0		1
0.645	0.835455	0		1
0.62	0.826795	0		1
0.625	0.818135	0		1
0.63	0.878756	0		1
0.615	0.904737	0		1
0.635	0.818135	0		1
0.63	0.809474	0		1
0.62	0.809474	0		1
0.65	0.844115	0		1
0.395	0.887417	0		1
0.255	0.592968	0		1
0.25	0.601628	0		1
0.27	0.566987	0		1
0.265	0.575648	0		1
0.495	0.471725	0		1
0.525	0.419763	0		1
0.52	0.428423	0		1
0.575	0.575648	0		1
0.385	0.748853	0		1
0.29	0.532346	0		1
0.305	0.592968	0		1
0.3	0.601628	0		1
0.29	0.601628	0		1
0.29	0.618949	0		1
0.265	0.696891	0		1
0.505	0.506366	0		1
0.58	0.740192	0		1
0.335	0.541007	0		1
0.34	0.549667	0		1
0.33	0.549667	0		1
0.495	0.489045	0		1
0.979205	0.151071	0		1
0.14	0.411103	0		1
0.285	0.731532	0		1
0.32	0.463064	0		1
0.325	0.471725	0		1
0.315	0.454404	0		1
0.32	0.445744	0		1
0.28	0.722872	0		1
0.18	0.757513	0		1
0.285	0.748853	0		1
0.29	0.411103	0		1
0.295	0.419763	0		1
0.125	0.385122	0		1
0.4	0.809474	0		1
0.275	0.783494	0		1
0.72	0.896077	0		1
0.73	0.896077	0		1
0.71	0.896077	0		1
0.705	0.939378	0		1
0.705	0.887417	0		1
0.28	0.774833	0		1
0.105	0.385122	0		1
0.41	0.861436	0		1
0.58	0.67091	0		1
0.23	0.809474	0		1
0.27	0.376462	0		1
0.16	0.792154	0		1
0.095	0.385122	0		1
0.165	0.800814	0		1
0.79	0.896077	0		1
0.785	0.904737	0		1
0.78	0.896077	0		1
0.775	0.904737	0		1
0.78	0.913397	0		1
0.77	0.896077	0		1
0.765	0.904737	0		1
0.76	0.896077	0		1
0.755	0.904737	0		1
0.0350044	0.835471	0		1
0.75	0.896077	0		1
0.805	0.887417	0		1
0.4	0.896077	0		1
0.4	0.878756	0		1
0.605	0.627609	0		1
0.385	0.904737	0		1
0.375	0.904737	0		1
0.0350095	0.904732	0		1
0.02501	0.904731	0		1
0.0200076	0.913656	0		1
0.0150713	0.904911	0		1
0.0160713	0.922445	0		1
0.94	0.133975	0		1
0.935	0.125314	0		1
0.22	0.393782	0		1
0.525	0.541007	0		1
0.52	0.549667	0		1
0.57	0.584308	0		1
0.05	0.792154	0		1
0.055	0.783494	0		1
0.415	0.835455	0		1
0.385	0.714212	0		1
0.385	0.696891	0		1
0.0202344	0.896194	0		1
0.4	0.826795	0		1
0.71	0.237898	0		1
0.705	0.246558	0		1
0.695	0.246558	0		1
0.69	0.255218	0		1
0.07	0.861436	0		1
0.725	0.887417	0		1
0.58	0.566987	0		1
0.585	0.558327	0		1
0.585	0.66225	0		1
0.08	0.844115	0		1
0.17	0.376462	0		1
0.385	0.766173	0		1
0.39	0.774833	0		1
0.06	0.878756	0		1
0.395	0.783494	0		1
0.29	0.757513	0		1
0.85	0.844115	0		1
0.86	0.844115	0		1
0.595	0.558327	0		1
0.59	0.549667	0		1
0.33	0.532346	0		1
0.735	0.367801	0		1
0.74	0.376462	0		1
0.63	0.237898	0		1
0.345	0.523686	0		1
0.78	0.393782	0		1
0.175	0.385122	0		1
0.345	0.904737	0		1
0.455	0.575648	0		1
0.525	0.592968	0		1
0.53	0.584308	0		1
0.52	0.584308	0		1
0.525	0.575648	0		1
0.515	0.575648	0		1
0.52	0.566987	0		1
0.28	0.792154	0		1
0.775	0.402442	0		1
0.515	0.419763	0		1
0.53	0.411103	0		1
0.535	0.402442	0		1
0.115	0.0387118	0		1
0.065	0.766173	0		1
0.52	0.601628	0		1
0.26	0.705551	0		1
0.26	0.688231	0		1
0.265	0.679571	0		1
0.765	0.385122	0		1
0.835	0.852776	0		1
0.83	0.861436	0		1
0.04	0.982679	0		1
0.67	0.255218	0		1
0.105	0.0560323	0		1
0.715	0.350481	0		1
0.8	0.463064	0		1
0.7	0.896077	0		1
0.715	0.939378	0		1
0.7	0.948038	0		1
0.705	0.956699	0		1
0.7	0.965359	0		1
0.705	0.974019	0		1
0.695	0.974019	0		1
0.685	0.974019	0		1
0.68	0.982679	0		1
0.33	0.913397	0		1
0.625	0.887417	0		1
0.64	0.878756	0		1
0.815	0.281199	0		1
0.12	0.480385	0		1
0.815	0.263878	0		1
0.845	0.835455	0		1
0.0450011	0.904737	0		1
0.545	0.956699	0		1
0.41	0.497705	0		1
0.595	0.904737	0		1
0.585	0.904737	0		1
0.53	0.965359	0		1
0.525	0.974019	0		1
0.53	0.982679	0		1
0.515	0.974019	0		1
0.175	0.766173	0		1
0.64	0.411103	0		1
0.625	0.402442	0		1
0.615	0.402442	0		1
0.81	0.965359	0		1
0.145	0.731532	0		1
0.45	0.272539	0		1
0.215	0.385122	0		1
0.205	0.385122	0		1
0.105	0.835455	0		1
0.1	0.826795	0		1
0.09	0.826795	0		1
0.095	0.818135	0		1
0.105	0.818135	0		1
0.085	0.818135	0		1
0.09	0.809474	0		1
0.795	0.714212	0		1
0.44	0.497705	0		1
0.415	0.454404	0		1
0.815	0.974019	0		1
0.775	0.194596	0		1
0.78	0.185936	0		1
0.545	0.714212	0		1
0.805	0.714212	0		1
0.25	0.844115	0		1
0.255	0.852776	0		1
0.67	0.982679	0		1
0.96	0.497705	0		1
0.23	0.826795	0		1
0.57	0.913397	0		1
0.56	0.913397	0		1
0.555	0.922058	0		1
0.55	0.913397	0		1
0.545	0.922058	0		1
0.00866025	0.485	0		1
0.665	0.125314	0		1
0.675	0.125314	0		1
0.275	0.558327	0		1
0.969876	0.151279	0		1
0.13	0.982679	0		1
0.7	0.844115	0		1
0.385	0.454404	0		1
0.395	0.454404	0		1
0.375	0.454404	0		1
0.37	0.445744	0		1
0.365	0.454404	0		1
0.82	0.705551	0		1
0.165	0.229237	0		1
0.525	0.402442	0		1
0.095	0.679571	0		1
0.1	0.67091	0		1
0.475	0.939378	0		1
0.17	0.0993336	0		1
0.83	0.532346	0		1
0.83	0.688231	0		1
0.515	0.0906733	0		1
0.46	0.948038	0		1
0.03	0.896077	0		1
0.155	0.211917	0		1
0.37	0.0300515	0		1
0.235	0.627609	0		1
0.24	0.618949	0		1
0.545	0.696891	0		1
0.465	0.99134	0		1
0.00905125	0.465884	0		1
0.66	0.965359	0		1
0.71	0.532346	0		1
0.715	0.541007	0		1
0.69	0.826795	0		1
0.155	0.696891	0		1
0.165	0.783494	0		1
0.17	0.774833	0		1
0.105	0.852776	0		1
0.555	0.0906733	0		1
0.565	0.0906733	0		1
0.57	0.0993336	0		1
0.545	0.0906733	0		1
0.575	0.0906733	0		1
0.15	0.982679	0		1
0.65	0.982679	0		1
0.71	0.584308	0		1
0.26	0.601628	0		1
0.185	0.748853	0		1
0.38	0.826795	0		1
0.11	0.463064	0		1
0.63	0.982679	0		1
0.465	0.437083	0		1
0.455	0.437083	0		1
0.865	0.852776	0		1
0.32	0.030116	0		1
0.324719	0.0216285	0		1
0.319392	0.0143648	0		1
0.334673	0.0219753	0		1
0.91	0.133975	0		1
0.9	0.133975	0		1
0.715	0.696891	0		1
0.71	0.688231	0		1
0.705	0.696891	0		1
0.445	0.99134	0		1
0.22	0.740192	0		1
0.145	0.870096	0		1
0.0102382	0.445366	0		1
0.14	0.740192	0		1
0.145	0.748853	0		1
0.135	0.748853	0		1
0.435	0.454404	0		1
0.44	0.445744	0		1
0.445	0.454404	0		1
0.73	0.705551	0		1
0.45	0.463064	0		1
0.455	0.454404	0		1
0.3	0.411103	0		1
0.245	0.523686	0		1
0.39	0.463064	0		1
0.645	0.939378	0		1
0.65	0.930718	0		1
0.42	0.463064	0		1
0.85	0.67091	0		1
0.84	0.67091	0		1
0.53	0.532346	0		1
0.54	0.532346	0		1
0.545	0.523686	0		1
0.445	0.956699	0		1
0.76	0.913397	0		1
0.275	0.575648	0		1
0.135	0.402442	0		1
0.31	0.0820131	0		1
0.989801	0.515013	0		1
0.515017	0.00834843	0		1
0.58	0.133975	0		1
0.65	0.757513	0		1
0.56	0.237898	0		1
0.57	0.237898	0		1
0.0400071	0.133971	0		1
0.845	0.558327	0		1
0.845	0.800814	0		1
0.89	0.151295	0		1
0.095	0.870096	0		1
0.475	0.402442	0		1
0.485	0.402442	0		1
0.991284	0.535464	0		1
0.535327	0.00834305	0		1
0.540616	0.0156734	0		1
0.53	0.272539	0		1
0.745	0.731532	0		1
0.52	0.289859	0		1
0.885	0.748853	0		1
0.88	0.740192	0		1
0.64	0.705551	0		1
0.325	0.385122	0		1
0.32	0.376462	0		1
0.135	0.177276	0		1
0.465	0.402442	0		1
0.775	0.800814	0		1
0.765	0.800814	0		1
0.64	0.722872	0		1
0.645	0.731532	0		1
0.785	0.800814	0		1
0.265	0.0733528	0		1
0.26	0.0820131	0		1
0.27	0.0473721	0		1
0.135	0.454404	0		1
0.375	0.835455	0		1
0.265	0.0906733	0		1
0.255	0.0906733	0		1
0.964995	0.644932	0		1
0.64	0.688231	0		1
0.845	0.0906733	0		1
0.64	0.67091	0		1
0.335	0.107994	0		1
0.34	0.116654	0		1
0.91	0.705551	0		1
0.32	0.0993336	0		1
0.305	0.0906733	0		1
0.0700006	0.0473724	0		1
0.59	0.982679	0		1
0.23	0.393782	0		1
0.53	0.341821	0		1
0.39	0.0993336	0		1
0.415	0.107994	0		1
0.24	0.393782	0		1
0.325	0.0387225	0		1
0.32	0.0473738	0		1
0.325	0.0560326	0		1
0.16	0.688231	0		1
0.185	0.471725	0		1
0.09	0.445744	0		1
0.095	0.454404	0		1
0.465	0.107994	0		1
0.475	0.107994	0		1
0.61	0.965359	0		1
0.615	0.974019	0		1
0.18	0.774833	0		1
0.895	0.766173	0		1
0.9	0.774833	0		1
0.12	0.203257	0		1
0.395	0.818135	0		1
0.765	0.610289	0		1
0.915	0.714212	0		1
0.265	0.367801	0		1
0.991489	0.55475	0		1
0.981565	0.549755	0		1
0.795	0.887417	0		1
0.81	0.878756	0		1
0.82	0.878756	0		1
0.85	0.359141	0		1
0.855	0.350481	0		1
0.555024	0.00794824	0		1
0.265	0.541007	0		1
0.725	0.748853	0		1
0.105	0.159955	0		1
0.1	0.168616	0		1
0.11	0.151295	0		1
0.105	0.142635	0		1
0.78	0.411103	0		1
0.775	0.419763	0		1
0.78	0.428423	0		1
0.955003	0.627607	0		1
0.0450022	0.541008	0		1
0.31	0.359141	0		1
0.24	0.515026	0		1
0.245	0.506366	0		1
0.25	0.376462	0		1
0.18	0.3245	0		1
0.035	0.523686	0		1
0.505	0.99134	0		1
0.81	0.272539	0		1
0.81	0.255218	0		1
0.12	0.151295	0		1
0.48	0.982679	0		1
0.295	0.523686	0		1
0.36	0.445744	0		1
0.655	0.610289	0		1
0.64	0.65359	0		1
0.52	0.30718	0		1
0.8	0.255218	0		1
0.795	0.246558	0		1
0.805	0.246558	0		1
0.8	0.237898	0		1
0.085	0.610289	0		1
0.85	0.376462	0		1
0.33	0.393782	0		1
0.84	0.618949	0		1
0.85	0.618949	0		1
0.83	0.584308	0		1
0.125	0.194596	0		1
0.33	0.463064	0		1
0.115	0.385122	0		1
0.79	0.913397	0		1
0.42	0.359141	0		1
0.43	0.359141	0		1
0.91	0.757513	0		1
0.48	0.411103	0		1
0.325	0.922058	0		1
0.72	0.826795	0		1
0.395	0.107994	0		1
0.969954	0.359161	0		1
0.981408	0.359459	0		1
0.975	0.350481	0		1
0.905	0.246558	0		1
0.895	0.246558	0		1
0.0400102	0.653586	0		1
0.72	0.601628	0		1
0.17	0.601628	0		1
0.845	0.350481	0		1
0.13	0.393782	0		1
0.73	0.757513	0		1
0.735	0.766173	0		1
0.745	0.766173	0		1
0.74	0.774833	0		1
0.75	0.774833	0		1
0.745	0.783494	0		1
0.755	0.783494	0		1
0.755	0.766173	0		1
0.64	0.930718	0		1
0.55	0.722872	0		1
0.55	0.982679	0		1
0.53	0.566987	0		1
0.875	0.974019	0		1
0.865	0.974019	0		1
0.75	0.792154	0		1
0.58	0.255218	0		1
0.585	0.263878	0		1
0.38	0.0993336	0		1
0.545	0.766173	0		1
0.64	0.948038	0		1
0.25	0.532346	0		1
0.265	0.471725	0		1
0.26	0.480385	0		1
0.275	0.471725	0		1
0.00862304	0.0250645	0		1
0.0172771	0.0200752	0		1
0.0162879	0.0092116	0		1
0.0255675	0.0150301	0		1
0.0254529	0.0250317	0		1
0.0347052	0.0208531	0		1
0.285	0.766173	0		1
0.035006	0.714208	0		1
0.030001	0.705551	0		1
0.0203394	0.705445	0		1
0.0253255	0.697028	0		1
0.0350544	0.696914	0		1
0.0300633	0.688258	0		1
0.0184451	0.688931	0		1
0.0247514	0.679692	0		1
0.0158884	0.679852	0		1
0.0184385	0.670414	0		1
0.03	0.67091	0		1
0.15	0.722872	0		1
0.83	0.601628	0		1
0.865	0.99134	0		1
0.555	0.904737	0		1
0.00951544	0.863632	0		1
0.375	0.107994	0		1
0.53	0.549667	0		1
0.61	0.982679	0		1
0.565	0.974019	0		1
0.83	0.428423	0		1
0.825	0.419763	0		1
0.84	0.428423	0		1
0.83	0.411103	0		1
0.93	0.844115	0		1
0.425	0.367801	0		1
0.42	0.376462	0		1
0.43	0.376462	0		1
0.075	0.852776	0		1
0.2	0.428423	0		1
0.185	0.783494	0		1
0.15	0.705551	0		1
0.95494	0.887451	0		1
0.8	0.341821	0		1
0.97	0.0473721	0		1
0.975151	0.0560585	0		1
0.970025	0.0646969	0		1
0.979993	0.047454	0		1
0.98	0.0646926	0		1
0.975004	0.0733535	0		1
0.98499	0.0736473	0		1
0.979974	0.0820687	0		1
0.969996	0.0820225	0		1
0.974813	0.0905792	0		1
0.985036	0.0558429	0		1
0.990699	0.0461185	0		1
0.964968	0.0906592	0		1
0.969964	0.0993155	0		1
0.981381	0.0994898	0		1
0.975	0.107994	0		1
0.954995	0.090671	0		1
0.974791	0.0388453	0		1
0.969965	0.0300738	0		1
0.979271	0.0300586	0		1
0.975	0.0213913	0		1
0.984379	0.0226158	0		1
0.964667	0.0219772	0		1
0.33	0.757513	0		1
0.99123	0.494402	0		1
0.974959	0.00756519	0		1
0.175	0.904737	0		1
0.18	0.896077	0		1
0.095	0.159955	0		1
0.495	0.00827365	0		1
0.4902	0.0162945	0		1
0.480314	0.0162267	0		1
0.62	0.965359	0		1
0.954998	0.3678	0		1
0.885	0.99134	0		1
0.845	0.627609	0		1
0.855	0.627609	0		1
0.764719	0.0216178	0		1
0.759392	0.014363	0		1
0.990937	0.573835	0		1
0.989909	0.584551	0		1
0.52	0.0646926	0		1
0.51	0.0646926	0		1
0.505	0.0733528	0		1
0.5	0.0646926	0		1
0.895	0.731532	0		1
0.655	0.229237	0		1
0.825	0.125314	0		1
0.83	0.133975	0		1
0.82	0.133975	0		1
0.84	0.133975	0		1
0.00882272	0.884777	0		1
0.05	0.445744	0		1
0.055	0.454404	0		1
0.974947	0.31581	0		1
0.984737	0.315475	0		1
0.990271	0.324658	0		1
0.98	0.30718	0		1
0.465	0.714212	0		1
0.425	0.922058	0		1
0.43	0.913397	0		1
0.42	0.913397	0		1
0.6	0.618949	0		1
0.605	0.610289	0		1
0.845	0.939378	0		1
0.865	0.939378	0		1
0.77	0.203257	0		1
0.775	0.211917	0		1
0.72	0.0646926	0		1
0.135	0.437083	0		1
0.145	0.437083	0		1
0.83	0.618949	0		1
0.79	0.601628	0		1
0.29	0.930718	0		1
0.285	0.922058	0		1
0.275	0.922058	0		1
0.28	0.913397	0		1
0.27	0.913397	0		1
0.265	0.922058	0		1
0.26	0.913397	0		1
0.275	0.904737	0		1
0.295	0.922058	0		1
0.545	0.748853	0		1
0.365	0.922058	0		1
0.88	0.878756	0		1
0.87	0.878756	0		1
0.875	0.870096	0		1
0.865	0.870096	0		1
0.204998	0.0216094	0		1
0.855	0.107994	0		1
0.86	0.0993336	0		1
0.86	0.116654	0		1
0.865	0.107994	0		1
0.87	0.0993336	0		1
0.865	0.0906733	0		1
0.865	0.904737	0		1
0.87	0.896077	0		1
0.865	0.887417	0		1
0.425	0.956699	0		1
0.905	0.99134	0		1
0.72	0.740192	0		1
0.71	0.740192	0		1
0.81	0.948038	0		1
0.545	0.783494	0		1
0.54	0.792154	0		1
0.55	0.792154	0		1
0.545	0.800814	0		1
0.0450007	0.835458	0		1
0.84	0.532346	0		1
0.85	0.532346	0		1
0.73	0.0646926	0		1
0.74	0.0646926	0		1
0.745	0.0560323	0		1
0.75	0.0646926	0		1
0.755	0.0560323	0		1
0.085	0.835455	0		1
0.145	0.246558	0		1
0.19	0.792154	0		1
0.86	0.705551	0		1
0.415	0.99134	0		1
0.76	0.601628	0		1
0.455	0.402442	0		1
0.45	0.393782	0		1
0.315	0.385122	0		1
0.65	0.618949	0		1
0.775	0.125314	0		1
0.78	0.133975	0		1
0.79	0.133975	0		1
0.16	0.809474	0		1
0.915	0.679571	0		1
0.2	0.376462	0		1
0.08	0.497705	0		1
0.14	0.878756	0		1
0.135	0.887417	0		1
0.13	0.896077	0		1
0.14	0.861436	0		1
0.14	0.896077	0		1
0.39	0.878756	0		1
0.875	0.800814	0		1
0.835	0.679571	0		1
0.1	0.792154	0		1
0.63	0.3245	0		1
0.825	0.454404	0		1
0.815	0.31584	0		1
0.825	0.31584	0		1
0.815	0.125314	0		1
0.81	0.133975	0		1
0.8	0.133975	0		1
0.805	0.142635	0		1
0.105	0.592968	0		1
0.095	0.592968	0		1
0.61	0.30718	0		1
0.0650004	0.0216085	0		1
0.79	0.948038	0		1
0.835	0.939378	0		1
0.5	0.463064	0		1
0.505	0.454404	0		1
0.485	0.471725	0		1
0.895	0.125314	0		1
0.17	0.913397	0		1
0.415	0.731532	0		1
0.981414	0.619349	0		1
0.315	0.0560327	0		1
0.355	0.922058	0		1
0.36	0.913397	0		1
0.085	0.437083	0		1
0.35	0.774833	0		1
0.73	0.601628	0		1
0.974936	0.991377	0		1
0.979925	0.982723	0		1
0.990788	0.983712	0		1
0.985	0.974019	0		1
0.974987	0.973952	0		1
0.980301	0.965155	0		1
0.985328	0.955748	0		1
0.97533	0.956252	0		1
0.980381	0.947442	0		1
0.970429	0.947692	0		1
0.975539	0.939094	0		1
0.965539	0.938968	0		1
0.955288	0.939119	0		1
0.970136	0.965078	0		1
0.969975	0.982682	0		1
0.959996	0.98268	0		1
0.954999	0.99134	0		1
0.935	0.437083	0		1
0.93	0.428423	0		1
0.945	0.437083	0		1
0.19	0.930718	0		1
0.11	0.203257	0		1
0.795	0.454404	0		1
0.79	0.445744	0		1
0.355	0.870096	0		1
0.495	0.887417	0		1
0.5	0.896077	0		1
0.505	0.887417	0		1
0.51	0.878756	0		1
0.505	0.870096	0		1
0.515	0.870096	0		1
0.51	0.861436	0		1
0.505	0.852776	0		1
0.51	0.844115	0		1
0.925	0.748853	0		1
0.14	0.913397	0		1
0.855	0.541007	0		1
0.69	0.757513	0		1
0.605	0.298519	0		1
0.964994	0.107991	0		1
0.978843	0.117515	0		1
0.095	0.731532	0		1
0.09	0.740192	0		1
0.08	0.740192	0		1
0.0400102	0.705554	0		1
0.925	0.714212	0		1
0.57	0.0820131	0		1
0.585	0.0906733	0		1
0.78	0.272539	0		1
0.615	0.107994	0		1
0.81	0.636269	0		1
0.71	0.809474	0		1
0.55	0.896077	0		1
0.115	0.939378	0		1
0.605	0.956699	0		1
0.595	0.766173	0		1
0.6	0.774833	0		1
0.585	0.766173	0		1
0.58	0.757513	0		1
0.92	0.0993336	0		1
0.475	0.922058	0		1
0.905	0.64493	0		1
0.0550025	0.350482	0		1
0.395	0.99134	0		1
0.39	0.982679	0		1
0.38	0.982679	0		1
0.375	0.99134	0		1
0.165	0.33316	0		1
0.175	0.33316	0		1
0.025	0.610289	0		1
0.9	0.203257	0		1
0.855	0.125314	0		1
0.065	0.402442	0		1
0.0171961	0.0300286	0		1
0.0172768	0.0400048	0		1
0.00865297	0.0450008	0		1
0.0172291	0.0500009	0		1
0.0254891	0.0446967	0		1
0.00864381	0.0550003	0		1
0.0172196	0.0600002	0		1
0.0172174	0.0698506	0		1
0.0255555	0.0658828	0		1
0.00864308	0.0749751	0		1
0.0167325	0.0797543	0		1
0.0167644	0.0892788	0		1
0.00856757	0.0948798	0		1
0.0190512	0.0996266	0		1
0.0171823	0.110142	0		1
0.00859235	0.114919	0		1
0.45	0.861436	0		1
0.455	0.870096	0		1
0.45	0.878756	0		1
0.46	0.878756	0		1
0.46	0.861436	0		1
0.455	0.887417	0		1
0.445	0.887417	0		1
0.45	0.896077	0		1
0.465	0.887417	0		1
0.44	0.896077	0		1
0.445	0.904737	0		1
0.435	0.904737	0		1
0.435	0.887417	0		1
0.455	0.852776	0		1
0.465	0.852776	0		1
0.69	0.203257	0		1
0.815	0.714212	0		1
0.925	0.99134	0		1
0.74	0.948038	0		1
0.93	0.722872	0		1
0.07	0.480385	0		1
0.745	0.385122	0		1
0.085	0.0213913	0		1
0.991378	0.845073	0		1
0.983341	0.850116	0		1
0.982854	0.860019	0		1
0.991369	0.865003	0		1
0.982714	0.870004	0		1
0.982679	0.88	0		1
0.974519	0.865038	0		1
0.974629	0.87521	0		1
0.99134	0.885	0		1
0.58	0.705551	0		1
0.33	0.930718	0		1
0.315	0.922058	0		1
0.095	0.0733528	0		1
0.89	0.584308	0		1
0.085	0.0560323	0		1
0.095	0.0560323	0		1
0.11	0.0473721	0		1
0.0800001	0.0473721	0		1
0.385	0.939378	0		1
0.805	0.177276	0		1
0.54	0.463064	0		1
0.17	0.809474	0		1
0.875	0.679571	0		1
0.335	0.558327	0		1
0.325	0.558327	0		1
0.33	0.566987	0		1
0.32	0.566987	0		1
0.335	0.575648	0		1
0.775	0.783494	0		1
0.77	0.792154	0		1
0.56	0.792154	0		1
0.205	0.541007	0		1
0.605	0.939378	0		1
0.0650002	0.107994	0		1
0.075	0.107994	0		1
0.87	0.688231	0		1
0.055001	0.0906739	0		1
0.0650003	0.0906735	0		1
0.31	0.930718	0		1
0.62	0.3245	0		1
0.635	0.33316	0		1
0.1	0.532346	0		1
0.105	0.541007	0		1
0.09	0.532346	0		1
0.115	0.541007	0		1
0.11	0.549667	0		1
0.1	0.549667	0		1
0.105	0.0213913	0		1
0.115	0.0215998	0		1
0.655	0.66225	0		1
0.675	0.211917	0		1
0.695	0.125314	0		1
0.7	0.133975	0		1
0.69	0.133975	0		1
0.71	0.133975	0		1
0.695	0.142635	0		1
0.589991	0.0473791	0		1
0.579989	0.0473802	0		1
0.8	0.67091	0		1
0.79	0.67091	0		1
0.785	0.679571	0		1
0.0402433	0.0301142	0		1
0.835	0.506366	0		1
0.0650001	0.0560324	0		1
0.58	0.116654	0		1
0.575	0.125314	0		1
0.22	0.757513	0		1
0.055	0.592968	0		1
0.00860141	0.395046	0		1
0.0169079	0.399744	0		1
0.0184609	0.410277	0		1
0.0163084	0.390462	0		1
0.06	0.445744	0		1
0.06	0.463064	0		1
0.645	0.922058	0		1
0.655	0.922058	0		1
0.149953	0.0300893	0		1
0.154657	0.0220529	0		1
0.0400196	0.688239	0		1
0.66	0.289859	0		1
0.0252861	0.766338	0		1
0.0201105	0.775054	0		1
0.0186972	0.758362	0		1
0.11	0.0993336	0		1
0.115	0.0906733	0		1
0.12	0.0993336	0		1
0.125	0.0906733	0		1
0.115	0.107994	0		1
0.255	0.766173	0		1
0.835	0.194596	0		1
0.54	0.584308	0		1
0.865	0.541007	0		1
0.209992	0.0301568	0		1
0.964454	0.212128	0		1
0.41	0.359141	0		1
0.375	0.0560323	0		1
0.38	0.0473721	0		1
0.155	0.731532	0		1
0.365	0.489045	0		1
0.37	0.497705	0		1
0.36	0.497705	0		1
0.365	0.506366	0		1
0.355	0.506366	0		1
0.36	0.515026	0		1
0.39	0.722872	0		1
0.385	0.731532	0		1
0.94	0.359141	0		1
0.405	0.454404	0		1
0.58	0.688231	0		1
0.235	0.870096	0		1
0.91	0.3245	0		1
0.955	0.281199	0		1
0.94	0.67091	0		1
0.794719	0.0216178	0		1
0.789392	0.014363	0		1
0.955	0.177276	0		1
0.285	0.870096	0		1
0.09	0.584308	0		1
0.845	0.367801	0		1
0.62	0.844115	0		1
0.715	0.66225	0		1
0.71	0.67091	0		1
0.565	0.229237	0		1
0.93	0.0993336	0		1
0.01003	0.134771	0		1
0.929999	0.913397	0		1
0.925	0.904737	0		1
0.92	0.913397	0		1
0.915	0.904737	0		1
0.385	0.489045	0		1
0.355	0.99134	0		1
0.93	0.65359	0		1
0.45	0.948038	0		1
0.465	0.939378	0		1
0.435	0.956699	0		1
0.415	0.748853	0		1
0.09	0.30718	0		1
0.095	0.298519	0		1
0.905	0.00866025	0		1
0.805	0.818135	0		1
0.81	0.826795	0		1
0.8	0.826795	0		1
0.36	0.65359	0		1
0.991577	0.605049	0		1
0.98191	0.60067	0		1
0.235	0.835455	0		1
0.255	0.748853	0		1
0.865	0.956699	0		1
0.79	0.532346	0		1
0.785	0.523686	0		1
0.78	0.532346	0		1
0.775	0.523686	0		1
0.77	0.532346	0		1
0.765	0.523686	0		1
0.77	0.515026	0		1
0.76	0.515026	0		1
0.765	0.506366	0		1
0.755	0.506366	0		1
0.76	0.497705	0		1
0.75	0.497705	0		1
0.755	0.489045	0		1
0.745	0.489045	0		1
0.75	0.480385	0		1
0.74	0.480385	0		1
0.745	0.471725	0		1
0.735	0.471725	0		1
0.74	0.463064	0		1
0.73	0.463064	0		1
0.75	0.515026	0		1
0.75	0.463064	0		1
0.745	0.454404	0		1
0.76	0.480385	0		1
0.77	0.497705	0		1
0.765	0.489045	0		1
0.84	0.757513	0		1
0.845	0.766173	0		1
0.285	0.246558	0		1
0.964998	0.246702	0		1
0.925	0.33316	0		1
0.72	0.445744	0		1
0.725	0.454404	0		1
0.795	0.852776	0		1
0.0600002	0.0820132	0		1
0.0550027	0.956697	0		1
0.715	0.211917	0		1
0.72	0.220577	0		1
0.945	0.696891	0		1
0.715	0.419763	0		1
0.705	0.419763	0		1
0.7	0.411103	0		1
0.695	0.419763	0		1
0.125	0.541007	0		1
0.105	0.627609	0		1
0.195	0.367801	0		1
0.61	0.289859	0		1
0.83	0.463064	0		1
0.595	0.66225	0		1
0.00998163	0.375327	0		1
0.00866025	0.155	0		1
0.35	0.861436	0		1
0.36	0.861436	0		1
0.365	0.852776	0		1
0.365	0.870096	0		1
0.57	0.809474	0		1
0.565	0.818135	0		1
0.57	0.826795	0		1
0.56	0.826795	0		1
0.555	0.818135	0		1
0.565	0.835455	0		1
0.56	0.809474	0		1
0.345	0.558327	0		1
0.2	0.220577	0		1
0.865	0.00866025	0		1
0.815	0.64493	0		1
0.975047	0.419894	0		1
0.981487	0.410491	0		1
0.09	0.878756	0		1
0.1	0.878756	0		1
0.66	0.0993336	0		1
0.175	0.610289	0		1
0.175	0.592968	0		1
0.23	0.65359	0		1
0.235	0.64493	0		1
0.235	0.66225	0		1
0.23	0.67091	0		1
0.87	0.168616	0		1
0.88	0.168616	0		1
0.14	0.826795	0		1
0.77	0.185936	0		1
0.885	0.471725	0		1
0.89	0.463064	0		1
0.885	0.454404	0		1
0.9	0.463064	0		1
0.875	0.0213913	0		1
0.38	0.844115	0		1
0.184673	0.0219628	0		1
0.66	0.220577	0		1
0.225	0.575648	0		1
0.23	0.566987	0		1
0.285	0.229237	0		1
0.255	0.870096	0		1
0.265	0.870096	0		1
0.27	0.861436	0		1
0.26	0.861436	0		1
0.265	0.852776	0		1
0.27	0.844115	0		1
0.82	0.0473721	0		1
0.335	0.99134	0		1
0.67	0.65359	0		1
0.145	0.125314	0		1
0.155	0.125314	0		1
0.16	0.116654	0		1
0.165	0.125314	0		1
0.17	0.116654	0		1
0.285	0.541007	0		1
0.28	0.549667	0		1
0.775	0.887417	0		1
0.645	0.66225	0		1
0.295	0.99134	0		1
0.29	0.982679	0		1
0.28	0.982679	0		1
0.285	0.974019	0		1
0.275	0.974019	0		1
0.295	0.974019	0		1
0.27	0.982679	0		1
0.265	0.974019	0		1
0.28	0.965359	0		1
0.26	0.982679	0		1
0.255	0.974019	0		1
0.525	0.281199	0		1
0.93	0.480385	0		1
0.795	0.471725	0		1
0.805	0.471725	0		1
0.765	0.107994	0		1
0.604953	0.00849534	0		1
0.61	0.0173205	0		1
0.6202	0.0163405	0		1
0.59956	0.0160486	0		1
0.77	0.411103	0		1
0.945	0.125314	0		1
0.93	0.116654	0		1
0.445	0.748853	0		1
0.45	0.740192	0		1
0.79	0.0820131	0		1
0.964991	0.315835	0		1
0.925	0.00866025	0		1
0.105	0.229237	0		1
0.315	0.99134	0		1
0.31	0.982679	0		1
0.53	0.0646926	0		1
0.69	0.30718	0		1
0.685	0.298519	0		1
0.13	0.30718	0		1
0.55	0.255218	0		1
0.54	0.255218	0		1
0.545	0.246558	0		1
0.54	0.237898	0		1
0.58	0.549667	0		1
0.21	0.930718	0		1
0.215	0.922058	0		1
0.225	0.922058	0		1
0.22	0.913397	0		1
0.23	0.913397	0		1
0.235	0.922058	0		1
0.24	0.913397	0		1
0.225	0.904737	0		1
0.215	0.904737	0		1
0.245	0.922058	0		1
0.25	0.913397	0		1
0.245	0.904737	0		1
0.255	0.904737	0		1
0.205	0.922058	0		1
0.24	0.930718	0		1
0.355	0.489045	0		1
0.0150094	0.593514	0		1
0.0148221	0.575466	0		1
0.0250184	0.78353	0		1
0.015003	0.783788	0		1
0.115	0.99134	0		1
0.11	0.982679	0		1
0.1	0.982679	0		1
0.105	0.974019	0		1
0.095	0.99134	0		1
0.09	0.982679	0		1
0.105	0.454404	0		1
0.00866025	0.355	0		1
0.38	0.809474	0		1
0.245	0.0733528	0		1
0.991183	0.624819	0		1
0.16	0.826795	0		1
0.37	0.826795	0		1
0.989929	0.705367	0		1
0.91	0.411103	0		1
0.92	0.411103	0		1
0.52	0.67091	0		1
0.215	0.870096	0		1
0.205	0.870096	0		1
0.969955	0.341795	0		1
0.981303	0.341156	0		1
0.66	0.913397	0		1
0.165	0.922058	0		1
0.735	0.211917	0		1
0.645	0.852776	0		1
0.65	0.861436	0		1
0.905	0.922058	0		1
0.91	0.913397	0		1
0.9	0.913397	0		1
0.3	0.982679	0		1
0.305	0.974019	0		1
0.315	0.974019	0		1
0.525	0.31584	0		1
0.52	0.3245	0		1
0.875	0.263878	0		1
0.1	0.203257	0		1
0.835	0.229237	0		1
0.54	0.151295	0		1
0.535	0.159955	0		1
0.845	0.00866025	0		1
0.68	0.722872	0		1
0.225	0.0560323	0		1
0.235	0.0560323	0		1
0.425	0.592968	0		1
0.175	0.99134	0		1
0.17	0.982679	0		1
0.185	0.99134	0		1
0.19	0.982679	0		1
0.2	0.982679	0		1
0.205	0.99134	0		1
0.21	0.982679	0		1
0.205	0.974019	0		1
0.215	0.974019	0		1
0.22	0.982679	0		1
0.225	0.974019	0		1
0.22	0.965359	0		1
0.23	0.965359	0		1
0.235	0.974019	0		1
0.19	0.203257	0		1
0.185	0.194596	0		1
0.84	0.636269	0		1
0.86	0.497705	0		1
0.991766	0.684942	0		1
0.981689	0.689079	0		1
0.21	0.913397	0		1
0.885	0.00866025	0		1
0.465	0.835455	0		1
0.785	0.142635	0		1
0.775	0.142635	0		1
0.145	0.263878	0		1
0.155	0.263878	0		1
0.145	0.904737	0		1
0.975	0.194596	0		1
0.984778	0.194487	0		1
0.16	0.133975	0		1
0.3	0.480385	0		1
0.305	0.489045	0		1
0.3	0.497705	0		1
0.31	0.497705	0		1
0.315	0.489045	0		1
0.305	0.506366	0		1
0.295	0.506366	0		1
0.3	0.515026	0		1
0.05	0.3245	0		1
0.040007	0.722868	0		1
0.36	0.844115	0		1
0.605	0.419763	0		1
0.08	0.930718	0		1
0.09	0.930718	0		1
0.45	0.65359	0		1
0.29	0.65359	0		1
0.28	0.65359	0		1
0.275	0.66225	0		1
0.27	0.65359	0		1
0.265	0.66225	0		1
0.275	0.64493	0		1
0.26	0.65359	0		1
0.27	0.67091	0		1
0.555	0.887417	0		1
0.645	0.00866025	0		1
0.855	0.402442	0		1
0.86	0.393782	0		1
0.865	0.402442	0		1
0.87	0.411103	0		1
0.755	0.887417	0		1
0.525	0.956699	0		1
0.2	0.463064	0		1
0.205	0.471725	0		1
0.195	0.0906733	0		1
0.205	0.0906733	0		1
0.21	0.0993336	0		1
0.705	0.367801	0		1
0.695	0.367801	0		1
0.69	0.376462	0		1
0.685	0.367801	0		1
0.69	0.359141	0		1
0.68	0.376462	0		1
0.685	0.385122	0		1
0.55	0.185936	0		1
0.185	0.298519	0		1
0.19	0.30718	0		1
0.0550086	0.333163	0		1
0.545	0.64493	0		1
0.55	0.636269	0		1
0.485	0.107994	0		1
0.545	0.454404	0		1
0.405	0.33316	0		1
0.4	0.3245	0		1
0.405	0.31584	0		1
0.395	0.31584	0		1
0.4	0.30718	0		1
0.39	0.30718	0		1
0.39	0.3245	0		1
0.41	0.30718	0		1
0.405	0.298519	0		1
0.415	0.298519	0		1
0.21	0.237898	0		1
0.205	0.64493	0		1
0.665	0.610289	0		1
0.66	0.601628	0		1
0.185	0.142635	0		1
0.685	0.194596	0		1
0.875	0.402442	0		1
0.35	0.67091	0		1
0.245	0.627609	0		1
0.11	0.584308	0		1
0.065	0.575648	0		1
0.4	0.445744	0		1
0.765	0.350481	0		1
0.335	0.125314	0		1
0.125	0.107994	0		1
0.655	0.211917	0		1
0.41	0.341821	0		1
0.00862558	0.335	0		1
0.0167345	0.32977	0		1
0.0173205	0.32	0		1
0.00858093	0.315597	0		1
0.0186686	0.340813	0		1
0.885	0.367801	0		1
0.88	0.359141	0		1
0.685	0.904737	0		1
0.58	0.289859	0		1
0.575	0.281199	0		1
0.57	0.289859	0		1
0.635	0.870096	0		1
0.72	0.757513	0		1
0.785	0.385122	0		1
0.255	0.298519	0		1
0.26	0.30718	0		1
0.255	0.31584	0		1
0.265	0.31584	0		1
0.26	0.3245	0		1
0.25	0.3245	0		1
0.27	0.445744	0		1
0.26	0.445744	0		1
0.55	0.0820131	0		1
0.535	0.0906733	0		1
0.53	0.0993336	0		1
0.3	0.116654	0		1
0.905	0.835455	0		1
0.81	0.497705	0		1
0.765	0.471725	0		1
0.125	0.800814	0		1
0.285	0.0213913	0		1
0.275	0.0213913	0		1
0.27	0.0300515	0		1
0.765	0.298519	0		1
0.88	0.861436	0		1
0.885	0.870096	0		1
0.2	0.774833	0		1
0.61	0.774833	0		1
0.605	0.783494	0		1
0.595	0.783494	0		1
0.615	0.783494	0		1
0.61	0.792154	0		1
0.62	0.792154	0		1
0.625	0.783494	0		1
0.875	0.31584	0		1
0.46	0.636269	0		1
0.974513	0.402222	0		1
0.00861307	0.974918	0		1
0.0167624	0.969986	0		1
0.016642	0.960207	0		1
0.0169387	0.98006	0		1
0.0259093	0.974491	0		1
0.025056	0.985023	0		1
0.00854717	0.955034	0		1
0.0166744	0.950324	0		1
0.335	0.263878	0		1
0.991749	0.795024	0		1
0.725	0.125314	0		1
0.234673	0.0220314	0		1
0.345	0.506366	0		1
0.5	0.133975	0		1
0.49	0.133975	0		1
0.485	0.142635	0		1
0.495	0.125314	0		1
0.485	0.125314	0		1
0.00866025	0.295	0		1
0.0181991	0.289906	0		1
0.565	0.454404	0		1
0.965004	0.0733552	0		1
0.165	0.0733528	0		1
0.575	0.852776	0		1
0.235	0.99134	0		1
0.245	0.99134	0		1
0.24	0.982679	0		1
0.25	0.982679	0		1
0.245	0.974019	0		1
0.25	0.965359	0		1
0.155	0.0560323	0		1
0.165	0.0560323	0		1
0.935	0.471725	0		1
0.095	0.263878	0		1
0.055	0.818135	0		1
0.0450009	0.818134	0		1
0.61	0.480385	0		1
0.605	0.489045	0		1
0.185	0.385122	0		1
0.545	0.627609	0		1
0.55	0.618949	0		1
0.665	0.714212	0		1
0.765	0.0733528	0		1
0.62	0.0993336	0		1
0.57	0.497705	0		1
0.565	0.506366	0		1
0.555	0.506366	0		1
0.425	0.783494	0		1
0.42	0.792154	0		1
0.715	0.679571	0		1
0.705	0.679571	0		1
0.175	0.558327	0		1
0.485	0.385122	0		1
0.49	0.376462	0		1
0.485	0.367801	0		1
0.495	0.385122	0		1
0.5	0.376462	0		1
0.4	0.861436	0		1
0.91	0.861436	0		1
0.525	0.0387118	0		1
0.055	0.159955	0		1
0.06	0.151295	0		1
0.83	0.67091	0		1
0.835	0.66225	0		1
0.845	0.66225	0		1
0.085	0.31584	0		1
0.385	0.194596	0		1
0.395	0.194596	0		1
0.4	0.185936	0		1
0.405	0.194596	0		1
0.065	0.870096	0		1
0.545	0.731532	0		1
0.55	0.740192	0		1
0.4	0.792154	0		1
0.22	0.566987	0		1
0.135	0.489045	0		1
0.86	0.584308	0		1
0.705	0.00859582	0		1
0.709927	0.0170775	0		1
0.699707	0.0158329	0		1
0.735	0.142635	0		1
0.76	0.0473721	0		1
0.215	0.33316	0		1
0.25	0.359141	0		1
0.225	0.31584	0		1
0.23	0.3245	0		1
0.705	0.731532	0		1
0.855	0.575648	0		1
0.785	0.506366	0		1
0.775	0.506366	0		1
0.165	0.887417	0		1
0.505	0.194596	0		1
0.825	0.00866025	0		1
0.814988	0.00832197	0		1
0.175	0.159955	0		1
0.185	0.159955	0		1
0.18	0.168616	0		1
0.11	0.774833	0		1
0.115	0.766173	0		1
0.11	0.757513	0		1
0.12	0.757513	0		1
0.1	0.774833	0		1
0.695	0.263878	0		1
0.945	0.281199	0		1
0.655	0.731532	0		1
0.65	0.740192	0		1
0.64	0.740192	0		1
0.17	0.636269	0		1
0.0500032	0.307178	0		1
0.575	0.298519	0		1
0.74	0.0473721	0		1
0.13	0.774833	0		1
0.135	0.575648	0		1
0.14	0.757513	0		1
0.345	0.627609	0		1
0.32	0.688231	0		1
0.00862538	0.175	0		1
0.0187621	0.169335	0		1
0.0169917	0.180184	0		1
0.00859963	0.185031	0		1
0.0166284	0.190016	0		1
0.0165922	0.199982	0		1
0.00853886	0.204997	0		1
0.01665	0.209578	0		1
0.00862686	0.215002	0		1
0.0186868	0.22032	0		1
0.93	0.255218	0		1
0.685	0.766173	0		1
0.195	0.419763	0		1
0.35	0.809474	0		1
0.345	0.800814	0		1
0.895	0.385122	0		1
0.845	0.437083	0		1
0.885	0.506366	0		1
0.115	0.229237	0		1
0.845	0.385122	0		1
0.325	0.402442	0		1
0.335	0.402442	0		1
0.34	0.411103	0		1
0.345	0.402442	0		1
0.175	0.419763	0		1
0.18	0.428423	0		1
0.535	0.142635	0		1
0.35	0.549667	0		1
0.915	0.31584	0		1
0.165	0.0906733	0		1
0.175	0.64493	0		1
0.28	0.515026	0		1
0.29	0.272539	0		1
0.295	0.263878	0		1
0.685	0.00844329	0		1
0.4	0.982679	0		1
0.254719	0.0216178	0		1
0.249392	0.014363	0		1
0.264673	0.0219735	0		1
0.275	0.99134	0		1
0.05	0.272539	0		1
0.67	0.618949	0		1
0.3	0.289859	0		1
0.305	0.281199	0		1
0.57	0.3245	0		1
0.67	0.688231	0		1
0.82	0.185936	0		1
0.835	0.870096	0		1
0.68	0.341821	0		1
0.69	0.341821	0		1
0.695	0.350481	0		1
0.895	0.437083	0		1
0.885	0.437083	0		1
0.88	0.428423	0		1
0.495	0.177276	0		1
0.07	0.411103	0		1
0.66	0.185936	0		1
0.86	0.757513	0		1
0.735	0.592968	0		1
0.11	0.826795	0		1
0.11	0.844115	0		1
0.11	0.861436	0		1
0.755	0.454404	0		1
0.745	0.437083	0		1
0.195	0.281199	0		1
0.2	0.289859	0		1
0.89	0.0820131	0		1
0.35	0.133975	0		1
0.42	0.757513	0		1
0.41	0.878756	0		1
0.41	0.0300515	0		1
0.405	0.0213913	0		1
0.415	0.0213913	0		1
0.425	0.0213913	0		1
0.43	0.566987	0		1
0.29	0.185936	0		1
0.845	0.177276	0		1
0.645	0.523686	0		1
0.785	0.0906733	0		1
0.295	0.350481	0		1
0.3	0.359141	0		1
0.455	0.0733528	0		1
0.46	0.0646926	0		1
0.47	0.0646926	0		1
0.45	0.0646926	0		1
0.44	0.0646926	0		1
0.36	0.705551	0		1
0.15	0.428423	0		1
0.08	0.618949	0		1
0.28	0.255218	0		1
0.575	0.454404	0		1
0.685	0.939378	0		1
0.055	0.281199	0		1
0.97924	0.480389	0		1
0.54	0.913397	0		1
0.455	0.904737	0		1
0.0550002	0.922058	0		1
0.91	0.549667	0		1
0.325	0.575648	0		1
0.315	0.575648	0		1
0.31	0.584308	0		1
0.505	0.0560323	0		1
0.49	0.0646926	0		1
0.905	0.402442	0		1
0.45	0.445744	0		1
0.215	0.99134	0		1
0.345	0.437083	0		1
0.35	0.428423	0		1
0.345	0.419763	0		1
0.355	0.419763	0		1
0.36	0.428423	0		1
0.335	0.419763	0		1
0.305	0.33316	0		1
0.575	0.471725	0		1
0.665	0.367801	0		1
0.665	0.00866025	0		1
0.29	0.774833	0		1
0.105	0.64493	0		1
0.56	0.463064	0		1
0.76	0.203257	0		1
0.205	0.107994	0		1
0.21	0.116654	0		1
0.92	0.30718	0		1
0.1	0.705551	0		1
0.675	0.592968	0		1
0.655	0.0906733	0		1
0.525	0.610289	0		1
0.175	0.679571	0		1
0.1	0.861436	0		1
0.305	0.298519	0		1
0.82	0.3245	0		1
0.67	0.0820131	0		1
0.505	0.818135	0		1
0.18	0.497705	0		1
0.64	0.636269	0		1
0.365	0.66225	0		1
0.37	0.67091	0		1
0.575	0.419763	0		1
0.57	0.411103	0		1
0.575	0.402442	0		1
0.565	0.402442	0		1
0.565	0.419763	0		1
0.61	0.65359	0		1
0.635	0.610289	0		1
0.165	0.714212	0		1
0.81	0.237898	0		1
0.205	0.714212	0		1
0.455	0.33316	0		1
0.13	0.0473721	0		1
0.735	0.679571	0		1
0.64	0.618949	0		1
0.55	0.688231	0		1
0.31	0.3245	0		1
0.755	0.246558	0		1
0.745	0.246558	0		1
0.75	0.255218	0		1
0.76	0.255218	0		1
0.265	0.454404	0		1
0.35	0.220577	0		1
0.815	0.922058	0		1
0.805	0.489045	0		1
0.46	0.030116	0		1
0.4652	0.0224249	0		1
0.455012	0.0217367	0		1
0.450002	0.0301199	0		1
0.445001	0.0216084	0		1
0.47	0.203257	0		1
0.46	0.203257	0		1
0.455	0.211917	0		1
0.45	0.203257	0		1
0.455	0.194596	0		1
0.445	0.194596	0		1
0.44	0.203257	0		1
0.435	0.194596	0		1
0.465	0.194596	0		1
0.75	0.861436	0		1
0.12	0.844115	0		1
0.405	0.0733528	0		1
0.4	0.0646926	0		1
0.41	0.0646926	0		1
0.39	0.0646926	0		1
0.395	0.0560323	0		1
0.385	0.0560323	0		1
0.175	0.437083	0		1
0.31	0.861436	0		1
0.665	0.575648	0		1
0.695	0.66225	0		1
0.405	0.64493	0		1
0.991456	0.785289	0		1
0.983875	0.790124	0		1
0.235	0.194596	0		1
0.575	0.33316	0		1
0.17	0.463064	0		1
0.625	0.281199	0		1
0.615	0.281199	0		1
0.62	0.289859	0		1
0.665	0.437083	0		1
0.66	0.445744	0		1
0.655	0.437083	0		1
0.665	0.454404	0		1
0.65	0.445744	0		1
0.715	0.125314	0		1
0.76	0.809474	0		1
0.09	0.705551	0		1
0.08	0.705551	0		1
0.085	0.696891	0		1
0.075	0.696891	0		1
0.725	0.385122	0		1
0.33	0.133975	0		1
0.355	0.0387118	0		1
0.49	0.151295	0		1
0.645	0.142635	0		1
0.64	0.133975	0		1
0.645	0.125314	0		1
0.0300303	0.237915	0		1
0.89	0.30718	0		1
0.43	0.0300515	0		1
0.50034	0.0303444	0		1
0.39	0.151295	0		1
0.395	0.142635	0		1
0.315	0.696891	0		1
0.855	0.610289	0		1
0.415	0.592968	0		1
0.315	0.766173	0		1
0.39	0.411103	0		1
0.395	0.419763	0		1
0.155	0.350481	0		1
0.165	0.350481	0		1
0.35	0.948038	0		1
0.575	0.956699	0		1
0.58	0.948038	0		1
0.285	0.107994	0		1
0.295	0.107994	0		1
0.3	0.0993336	0		1
0.37	0.618949	0		1
0.375	0.627609	0		1
0.385	0.627609	0		1
0.38	0.636269	0		1
0.37	0.636269	0		1
0.395	0.575648	0		1
0.865	0.281199	0		1
0.86	0.272539	0		1
0.445	0.298519	0		1
0.7	0.566987	0		1
0.58	0.463064	0		1
0.92	0.757513	0		1
0.84	0.809474	0		1
0.395	0.0213913	0		1
0.945	0.99134	0		1
0.875	0.437083	0		1
0.435	0.0733528	0		1
0.43	0.0646926	0		1
0.2	0.549667	0		1
0.54	0.566987	0		1
0.675	0.454404	0		1
0.62	0.168616	0		1
0.515	0.229237	0		1
0.505	0.229237	0		1
0.5	0.237898	0		1
0.51	0.220577	0		1
0.495	0.229237	0		1
0.19	0.844115	0		1
0.2	0.844115	0		1
0.835	0.592968	0		1
0.71	0.255218	0		1
0.375	0.385122	0		1
0.485	0.714212	0		1
0.865	0.66225	0		1
0.645	0.575648	0		1
0.0249425	0.575631	0		1
0.455	0.800814	0		1
0.905	0.818135	0		1
0.9	0.809474	0		1
0.935	0.489045	0		1
0.49	0.705551	0		1
0.31	0.566987	0		1
0.735	0.610289	0		1
0.44	0.878756	0		1
0.495	0.350481	0		1
0.37	0.30718	0		1
0.635	0.627609	0		1
0.465	0.263878	0		1
0.61	0.445744	0		1
0.81	0.376462	0		1
0.815	0.385122	0		1
0.805	0.385122	0		1
0.41	0.65359	0		1
0.665	0.852776	0		1
0.66	0.861436	0		1
0.14	0.0820131	0		1
0.705	0.229237	0		1
0.19	0.774833	0		1
0.115	0.592968	0		1
0.719972	0.0303352	0		1
0.76	0.584308	0		1
0.0249781	0.870182	0		1
0.565	0.887417	0		1
0.605	0.64493	0		1
0.395	0.385122	0		1
0.14	0.289859	0		1
0.365	0.350481	0		1
0.37	0.359141	0		1
0.245	0.159955	0		1
0.24	0.151295	0		1
0.37	0.0646926	0		1
0.41	0.151295	0		1
0.415	0.142635	0		1
0.425	0.142635	0		1
0.265	0.489045	0		1
0.04	0.67091	0		1
0.41	0.185936	0		1
0.415	0.194596	0		1
0.42	0.185936	0		1
0.425	0.194596	0		1
0.64	0.913397	0		1
0.495	0.211917	0		1
0.58	0.722872	0		1
0.335	0.298519	0		1
0.855	0.800814	0		1
0.23	0.515026	0		1
0.235	0.506366	0		1
0.25	0.497705	0		1
0.855	0.194596	0		1
0.375	0.263878	0		1
0.11	0.618949	0		1
0.33	0.601628	0		1
0.24	0.566987	0		1
0.245	0.575648	0		1
0.515	0.211917	0		1
0.09	0.168616	0		1
0.895	0.523686	0		1
0.06	0.792154	0		1
0.3	0.809474	0		1
0.22	0.411103	0		1
0.22	0.116654	0		1
0.73	0.185936	0		1
0.895	0.211917	0		1
0.895	0.194596	0		1
0.885	0.194596	0		1
0.155	0.506366	0		1
0.36	0.722872	0		1
0.355	0.714212	0		1
0.345	0.714212	0		1
0.25	0.0993336	0		1
0.64	0.566987	0		1
0.77	0.618949	0		1
0.305	0.714212	0		1
0.315	0.0733528	0		1
0.0349724	0.679597	0		1
0.785	0.33316	0		1
0.78	0.341821	0		1
0.045	0.800814	0		1
0.295	0.696891	0		1
0.23	0.740192	0		1
0.235	0.731532	0		1
0.815	0.523686	0		1
0.435	0.437083	0		1
0.325	0.107994	0		1
0.405	0.177276	0		1
0.66	0.722872	0		1
0.41	0.445744	0		1
0.74	0.566987	0		1
0.225	0.281199	0		1
0.075	0.99134	0		1
0.07	0.982679	0		1
0.1	0.255218	0		1
0.64	0.428423	0		1
0.425	0.523686	0		1
0.435	0.523686	0		1
0.385	0.610289	0		1
0.204999	0.0387294	0		1
0.89	0.133975	0		1
0.895	0.142635	0		1
0.815	0.350481	0		1
0.81	0.341821	0		1
0.82	0.341821	0		1
0.69	0.515026	0		1
0.77	0.428423	0		1
0.155	0.107994	0		1
0.725	0.419763	0		1
0.575	0.159955	0		1
0.25	0.480385	0		1
0.37	0.566987	0		1
0.88	0.445744	0		1
0.36	0.116654	0		1
0.33	0.341821	0		1
0.81	0.480385	0		1
0.15	0.411103	0		1
0.28	0.168616	0		1
0.435	0.281199	0		1
0.365	0.679571	0		1
0.225	0.350481	0		1
0.974638	0.125581	0		1
0.31	0.65359	0		1
0.925	0.107994	0		1
0.385	0.33316	0		1
0.905	0.367801	0		1
0.455	0.229237	0		1
0.89	0.757513	0		1
0.73	0.341821	0		1
0.725	0.350481	0		1
0.43	0.705551	0		1
0.695	0.0560323	0		1
0.425	0.107994	0		1
0.57	0.393782	0		1
0.38	0.393782	0		1
0.47	0.133975	0		1
0.42	0.0646926	0		1
0.44	0.532346	0		1
0.32	0.3245	0		1
0.73	0.497705	0		1
0.45	0.255218	0		1
0.205	0.627609	0		1
0.795	0.0560323	0		1
0.675	0.714212	0		1
0.675	0.402442	0		1
0.685	0.402442	0		1
0.64	0.393782	0		1
0.13	0.0993336	0		1
0.25	0.151295	0		1
0.315	0.887417	0		1
0.925	0.523686	0		1
0.135	0.246558	0		1
0.465	0.0560323	0		1
0.44	0.151295	0		1
0.445	0.142635	0		1
0.495	0.454404	0		1
0.5	0.445744	0		1
0.57	0.861436	0		1
0.565	0.852776	0		1
0.41	0.618949	0		1
0.365	0.246558	0		1
0.37	0.237898	0		1
0.365	0.229237	0		1
0.355	0.229237	0		1
0.0204286	0.636024	0		1
0.625	0.575648	0		1
0.63	0.566987	0		1
0.26	0.532346	0		1
0.85	0.151295	0		1
0.425	0.575648	0		1
0.36	0.792154	0		1
0.35	0.341821	0		1
0.345	0.33316	0		1
0.32	0.237898	0		1
0.960005	0.0646937	0		1
0.45	0.376462	0		1
0.445	0.385122	0		1
0.305	0.0733528	0		1
0.685	0.471725	0		1
0.675	0.471725	0		1
0.375	0.142635	0		1
0.42	0.237898	0		1
0.425	0.385122	0		1
0.435	0.385122	0		1
0.445	0.107994	0		1
0.44	0.0993336	0		1
0.455	0.107994	0		1
0.435	0.402442	0		1
0.625024	0.00826745	0		1
0.415	0.0733528	0		1
0.4	0.393782	0		1
0.145	0.523686	0		1
0.155	0.523686	0		1
0.11	0.930718	0		1
0.88	0.341821	0		1
0.875	0.350481	0		1
0.885	0.350481	0		1
0.1	0.497705	0		1
0.29	0.497705	0		1
0.4	0.237898	0		1
0.405	0.246558	0		1
0.145	0.66225	0		1
0.145	0.627609	0		1
0.745	0.229237	0		1
0.605	0.350481	0		1
0.62	0.393782	0		1
0.6	0.861436	0		1
0.415	0.263878	0		1
0.405	0.263878	0		1
0.875	0.419763	0		1
0.865	0.419763	0		1
0.295	0.541007	0		1
0.38	0.289859	0		1
0.385	0.263878	0		1
0.645	0.558327	0		1
0.48	0.0993336	0		1
0.335	0.66225	0		1
0.285	0.558327	0		1
0.615	0.0560323	0		1
0.62	0.0646926	0		1
0.475	0.367801	0		1
0.48	0.359141	0		1
0.475	0.350481	0		1
0.905	0.471725	0		1
0.45	0.618949	0		1
0.455	0.610289	0		1
0.925	0.419763	0		1
0.695	0.627609	0		1
0.705	0.627609	0		1
0.445	0.0560323	0		1
0.065	0.558327	0		1
0.055	0.558327	0		1
0.07	0.566987	0		1
0.695	0.610289	0		1
0.06	0.740192	0		1
0.52	0.220577	0		1
0.695	0.385122	0		1
0.46	0.151295	0		1
0.275	0.0733528	0		1
0.175	0.66225	0		1
0.43	0.428423	0		1
0.24	0.532346	0		1
0.035	0.748853	0		1
0.81	0.3245	0		1
0.14	0.393782	0		1
0.82	0.0820131	0		1
0.825	0.0906733	0		1
0.815	0.0906733	0		1
0.565	0.367801	0		1
0.71	0.515026	0		1
0.705	0.523686	0		1
0.11	0.65359	0		1
0.7	0.0646926	0		1
0.825	0.523686	0		1
0.36	0.757513	0		1
0.675	0.350481	0		1
0.64	0.480385	0		1
0.295	0.0906733	0		1
0.445	0.229237	0		1
0.425	0.177276	0		1
0.915	0.385122	0		1
0.57	0.601628	0		1
0.225	0.558327	0		1
0.215	0.558327	0		1
0.405	0.00866025	0		1
0.53	0.861436	0		1
0.535	0.870096	0		1
0.605	0.592968	0		1
0.025	0.748853	0		1
0.6	0.393782	0		1
0.27	0.359141	0		1
0.525	0.489045	0		1
0.085	0.454404	0		1
0.825	0.696891	0		1
0.645	0.696891	0		1
0.57	0.428423	0		1
0.49	0.601628	0		1
0.48	0.601628	0		1
0.385	0.367801	0		1
0.51	0.549667	0		1
0.515	0.558327	0		1
0.285	0.0560323	0		1
0.275	0.0560323	0		1
0.46	0.0993336	0		1
0.275	0.33316	0		1
0.475	0.610289	0		1
0.23	0.0473721	0		1
0.82	0.255218	0		1
0.71	0.549667	0		1
0.715	0.558327	0		1
0.505	0.246558	0		1
0.495	0.246558	0		1
0.215	0.575648	0		1
0.67	0.532346	0		1
0.949999	0.0820127	0		1
0.26	0.237898	0		1
0.992157	0.114641	0		1
0.485	0.748853	0		1
0.605	0.229237	0		1
0.595	0.31584	0		1
0.86	0.636269	0		1
0.480033	0.0307117	0		1
0.505	0.31584	0		1
0.605	0.471725	0		1
0.72	0.861436	0		1
0.37	0.65359	0		1
0.09	0.601628	0		1
0.99135	0.405082	0		1
0.885	0.31584	0		1
0.79	0.30718	0		1
0.785	0.298519	0		1
0.425	0.246558	0		1
0.0600014	0.324501	0		1
0.435	0.0215998	0		1
0.845	0.142635	0		1
0.32	0.497705	0		1
0.57	0.463064	0		1
0.635	0.523686	0		1
0.34	0.67091	0		1
0.3	0.220577	0		1
0.695	0.489045	0		1
0.75	0.168616	0		1
0.74	0.168616	0		1
0.645	0.0906733	0		1
0.135	0.610289	0		1
0.145	0.610289	0		1
0.14	0.618949	0		1
0.415	0.211917	0		1
0.53	0.930718	0		1
0.6	0.203257	0		1
0.245	0.31584	0		1
0.51	0.566987	0		1
0.7	0.792154	0		1
0.68	0.289859	0		1
0.415	0.246558	0		1
0.265	0.419763	0		1
0.445	0.731532	0		1
0.17	0.393782	0		1
0.45	0.792154	0		1
0.345	0.679571	0		1
0.225	0.159955	0		1
0.755	0.835455	0		1
0.75	0.844115	0		1
0.74	0.844115	0		1
0.735	0.835455	0		1
0.73	0.844115	0		1
0.78	0.376462	0		1
0.795	0.385122	0		1
0.81	0.393782	0		1
0.815	0.402442	0		1
0.445	0.922058	0		1
0.315	0.506366	0		1
0.485	0.298519	0		1
0.395	0.177276	0		1
0.765	0.64493	0		1
0.77	0.636269	0		1
0.52	0.272539	0		1
0.89	0.237898	0		1
0.555	0.852776	0		1
0.89	0.341821	0		1
0.35	0.359141	0		1
0.155	0.956699	0		1
0.665	0.887417	0		1
0.385	0.0906733	0		1
0.41	0.549667	0		1
0.405	0.541007	0		1
0.455	0.489045	0		1
0.415	0.610289	0		1
0.05	0.618949	0		1
0.305	0.956699	0		1
0.355	0.454404	0		1
0.515	0.904737	0		1
0.59	0.393782	0		1
0.185	0.523686	0		1
0.295	0.437083	0		1
0.305	0.437083	0		1
0.945	0.142635	0		1
0.0500023	0.37646	0		1
0.12	0.982679	0		1
0.675	0.870096	0		1
0.865	0.211917	0		1
0.855	0.211917	0		1
0.425	0.0560323	0		1
0.82	0.896077	0		1
0.655	0.783494	0		1
0.34	0.826795	0		1
0.925	0.610289	0		1
0.92	0.618949	0		1
0.325	0.211917	0		1
0.575	0.350481	0		1
0.575	0.974019	0		1
0.57	0.982679	0		1
0.38	0.359141	0		1
0.125	0.437083	0		1
0.615	0.367801	0		1
0.69	0.168616	0		1
0.49	0.618949	0		1
0.485	0.610289	0		1
0.295	0.125314	0		1
0.51	0.289859	0		1
0.51	0.740192	0		1
0.355	0.0906733	0		1
0.53	0.255218	0		1
0.74	0.792154	0		1
0.991298	0.345106	0		1
0.88	0.185936	0		1
0.355	0.159955	0		1
0.635	0.367801	0		1
0.155	0.142635	0		1
0.105	0.679571	0		1
0.805	0.922058	0		1
0.51	0.688231	0		1
0.16	0.480385	0		1
0.32	0.203257	0		1
0.605	0.31584	0		1
0.285	0.627609	0		1
0.385	0.00866025	0		1
0.00839295	0.945055	0		1
0.0167096	0.939173	0		1
0.395	0.211917	0		1
0.115	0.00866025	0		1
0.665	0.541007	0		1
0.465	0.177276	0		1
0.375	0.246558	0		1
0.37	0.168616	0		1
0.255	0.506366	0		1
0.12	0.532346	0		1
0.585	0.367801	0		1
0.595	0.367801	0		1
0.305	0.610289	0		1
0.565	0.159955	0		1
0.79	0.861436	0		1
0.735	0.385122	0		1
0.344988	0.00832197	0		1
0.991061	0.364748	0		1
0.42	0.618949	0		1
0.735	0.558327	0		1
0.89	0.532346	0		1
0.225	0.818135	0		1
0.225	0.800814	0		1
0.53	0.116654	0		1
0.525	0.107994	0		1
0.69	0.566987	0		1
0.565	0.575648	0		1
0.345	0.298519	0		1
0.865	0.523686	0		1
0.375	0.229237	0		1
0.355	0.281199	0		1
0.29	0.515026	0		1
0.36	0.463064	0		1
0.445	0.177276	0		1
0.99134	0.095	0		1
0.41	0.601628	0		1
0.61	0.515026	0		1
0.105	0.263878	0		1
0.54	0.168616	0		1
0.365	0.00866025	0		1
0.245	0.766173	0		1
0.625	0.558327	0		1
0.405	0.835455	0		1
0.950003	0.618947	0		1
0.37	0.896077	0		1
0.475	0.246558	0		1
0.515	0.610289	0		1
0.895	0.506366	0		1
0.69	0.913397	0		1
0.48	0.3245	0		1
0.475	0.33316	0		1
0.991413	0.385509	0		1
0.983806	0.39056	0		1
0.87	0.844115	0		1
0.86	0.566987	0		1
0.07	0.896077	0		1
0.595	0.350481	0		1
0.705	0.402442	0		1
0.00866025	0.615	0		1
0.895	0.922058	0		1
0.335	0.0733528	0		1
0.584997	0.0560348	0		1
0.265	0.99134	0		1
0.775	0.489045	0		1
0.88	0.0820131	0		1
0.885	0.0906733	0		1
0.875	0.0906733	0		1
0.615	0.471725	0		1
0.47	0.289859	0		1
0.875	0.107994	0		1
0.991236	0.275513	0		1
0.365	0.610289	0		1
0.57	0.549667	0		1
0.42	0.861436	0		1
0.675	0.64493	0		1
0.665	0.64493	0		1
0.00965414	0.775017	0		1
0.51	0.636269	0		1
0.52	0.636269	0		1
0.325	0.367801	0		1
0.925	0.887417	0		1
0.705	0.99134	0		1
0.315	0.298519	0		1
0.74	0.636269	0		1
0.29	0.428423	0		1
0.99134	0.295	0		1
0.76	0.67091	0		1
0.51	0.65359	0		1
0.39	0.584308	0		1
0.82	0.688231	0		1
0.23	0.982679	0		1
0.305	0.0387118	0		1
0.535	0.367801	0		1
0.990352	0.25499	0		1
0.415	0.64493	0		1
0.51	0.757513	0		1
0.32	0.549667	0		1
0.08	0.237898	0		1
0.62	0.532346	0		1
0.195	0.818135	0		1
0.75	0.3245	0		1
0.755	0.31584	0		1
0.165	0.558327	0		1
0.7	0.445744	0		1
0.115	0.558327	0		1
0.45	0.705551	0		1
0.445	0.696891	0		1
0.835	0.974019	0		1
0.83	0.982679	0		1
0.26	0.584308	0		1
0.4	0.255218	0		1
0.895	0.454404	0		1
0.435	0.350481	0		1
0.65	0.185936	0		1
0.99071	0.946165	0		1
0.235	0.714212	0		1
0.23	0.705551	0		1
0.235	0.696891	0		1
0.66	0.376462	0		1
0.665	0.385122	0		1
0.845	0.263878	0		1
0.465	0.506366	0		1
0.475	0.0733528	0		1
0.83	0.3245	0		1
0.19	0.428423	0		1
0.32	0.480385	0		1
0.085	0.922058	0		1
0.295	0.00866025	0		1
0.485	0.64493	0		1
0.585	0.523686	0		1
0.595	0.489045	0		1
0.07	0.67091	0		1
0.0102344	0.705278	0		1
0.525	0.887417	0		1
0.575	0.835455	0		1
0.825	0.0213913	0		1
0.305	0.125314	0		1
0.775	0.350481	0		1
0.445	0.679571	0		1
0.92	0.428423	0		1
0.55	0.826795	0		1
0.33	0.185936	0		1
0.67	0.67091	0		1
0.485	0.541007	0		1
0.74	0.359141	0		1
0.87	0.930718	0		1
0.315	0.0387246	0		1
0.00950213	0.654349	0		1
0.274988	0.00832197	0		1
0.15	0.255218	0		1
0.305	0.523686	0		1
0.1	0.428423	0		1
0.245	0.263878	0		1
0.185	0.575648	0		1
0.19	0.584308	0		1
0.18	0.393782	0		1
0.28	0.67091	0		1
0.6	0.3245	0		1
0.24	0.237898	0		1
0.235	0.229237	0		1
0.335	0.610289	0		1
0.43	0.826795	0		1
0.55	0.3245	0		1
0.24	0.3245	0		1
0.315	0.64493	0		1
0.76	0.618949	0		1
0.46	0.220577	0		1
0.29	0.393782	0		1
0.41	0.411103	0		1
0.405	0.419763	0		1
0.325	0.731532	0		1
0.0351813	0.939261	0		1
0.22	0.237898	0		1
0.285	0.211917	0		1
0.991172	0.174746	0		1
0.805	0.835455	0		1
0.36	0.0646926	0		1
0.665	0.506366	0		1
0.795	0.0906733	0		1
0.805	0.0906733	0		1
0.54	0.203257	0		1
0.875	0.454404	0		1
0.365	0.0906733	0		1
0.9	0.688231	0		1
0.265	0.142635	0		1
0.105	0.281199	0		1
0.185	0.731532	0		1
0.27	0.133975	0		1
0.055	0.402442	0		1
0.79	0.515026	0		1
0.655	0.33316	0		1
0.45	0.428423	0		1
0.21	0.532346	0		1
0.991386	0.925072	0		1
0.981706	0.93045	0		1
0.265	0.194596	0		1
0.26	0.185936	0		1
0.095	0.00866025	0		1
0.675	0.229237	0		1
0.774673	0.0220421	0		1
0.425	0.800814	0		1
0.135	0.66225	0		1
0.6	0.445744	0		1
0.165	0.592968	0		1
0.135	0.64493	0		1
0.56	0.203257	0		1
0.48	0.151295	0		1
0.165	0.852776	0		1
0.21	0.601628	0		1
0.22	0.601628	0		1
0.725	0.31584	0		1
0.335	0.159955	0		1
0.615	0.766173	0		1
0.145	0.558327	0		1
0.855	0.489045	0		1
0.44	0.913397	0		1
0.25	0.809474	0		1
0.245	0.800814	0		1
0.55	0.65359	0		1
0.545	0.66225	0		1
0.785	0.211917	0		1
0.52	0.65359	0		1
0.255	0.454404	0		1
0.645	0.263878	0		1
0.66	0.428423	0		1
0.615	0.437083	0		1
0.745	0.0733528	0		1
0.194977	0.00816624	0		1
0.775	0.177276	0		1
0.265	0.125314	0		1
0.56	0.861436	0		1
0.49	0.272539	0		1
0.43	0.151295	0		1
0.315	0.367801	0		1
0.99134	0.165	0		1
0.445	0.00866025	0		1
0.52	0.705551	0		1
0.33	0.0993336	0		1
0.675	0.31584	0		1
0.68	0.30718	0		1
0.00866025	0.745	0		1
0.485	0.679571	0		1
0.225	0.783494	0		1
0.44	0.636269	0		1
0.46	0.757513	0		1
0.515	0.783494	0		1
0.59	0.168616	0		1
0.44	0.359141	0		1
0.41	0.67091	0		1
0.94	0.289859	0		1
0.525	0.437083	0		1
0.515	0.437083	0		1
0.425	0.00866025	0		1
0.535	0.818135	0		1
0.53	0.151295	0		1
0.525	0.159955	0		1
0.895	0.0906733	0		1
0.795	0.125314	0		1
0.725	0.99134	0		1
0.75	0.411103	0		1
0.76	0.411103	0		1
0.31	0.0993336	0		1
0.41	0.0993336	0		1
0.425	0.904737	0		1
0.38	0.133975	0		1
0.83	0.445744	0		1
0.82	0.445744	0		1
0.265	0.766173	0		1
0.12	0.411103	0		1
0.964832	0.40244	0		1
0.435	0.541007	0		1
0.86	0.948038	0		1
0.395	0.66225	0		1
0.58	0.185936	0		1
0.315	0.679571	0		1
0.945	0.385122	0		1
0.950012	0.60162	0		1
0.94	0.376461	0		1
0.11	0.255218	0		1
0.65	0.255218	0		1
0.835	0.367801	0		1
0.51	0.722872	0		1
0.405	0.558327	0		1
0.4	0.549667	0		1
0.855	0.31584	0		1
0.08	0.220577	0		1
0.345	0.385122	0		1
0.31	0.151295	0		1
0.61	0.740192	0		1
0.605	0.731532	0		1
0.885	0.419763	0		1
0.991315	0.424901	0		1
0.989755	0.445345	0		1
0.775	0.229237	0		1
0.785	0.229237	0		1
0.6	0.809474	0		1
0.485	0.177276	0		1
0.2	0.861436	0		1
0.09	0.688231	0		1
0.73	0.774833	0		1
0.71	0.463064	0		1
0.37	0.584308	0		1
0.54	0.0993336	0		1
0.205	0.506366	0		1
0.55	0.497705	0		1
0.89	0.618949	0		1
0.345	0.592968	0		1
0.61	0.185936	0		1
0.255	0.33316	0		1
0.465	0.298519	0		1
0.365	0.64493	0		1
0.665	0.66225	0		1
0.095	0.558327	0		1
0.945	0.506366	0		1
0.0186134	0.549781	0		1
0.945	0.298519	0		1
0.00882776	0.725646	0		1
0.095	0.402442	0		1
0.36	0.168616	0		1
0.81	0.185936	0		1
0.755	0.125314	0		1
0.685	0.211917	0		1
0.6	0.151295	0		1
0.405	0.350481	0		1
0.385	0.818135	0		1
0.125	0.696891	0		1
0.795	0.437083	0		1
0.85	0.445744	0		1
0.83	0.151295	0		1
0.515	0.159955	0		1
0.21	0.203257	0		1
0.43	0.3245	0		1
0.755	0.33316	0		1
0.73	0.393782	0		1
0.65	0.341821	0		1
0.285	0.31584	0		1
0.18	0.0473721	0		1
0.51	0.913397	0		1
0.205	0.66225	0		1
0.49	0.341821	0		1
0.225	0.107994	0		1
0.255	0.575648	0		1
0.51	0.584308	0		1
0.485	0.575648	0		1
0.12	0.272539	0		1
0.35	0.636269	0		1
0.745	0.159955	0		1
0.535	0.263878	0		1
0.425	0.66225	0		1
0.495	0.800814	0		1
0.68	0.151295	0		1
0.475	0.523686	0		1
0.47	0.532346	0		1
0.8	0.549667	0		1
0.915	0.229237	0		1
0.0600005	0.307179	0		1
0.95	0.532346	0		1
0.575	0.66225	0		1
0.66	0.497705	0		1
0.735	0.904737	0		1
0.74	0.861436	0		1
0.515	0.64493	0		1
0.375	0.541007	0		1
0.305	0.818135	0		1
0.805	0.99134	0		1
0.715	0.281199	0		1
0.36	0.67091	0		1
0.495	0.835455	0		1
0.755	0.541007	0		1
0.545	0.367801	0		1
0.52	0.116654	0		1
0.57	0.203257	0		1
0.23	0.463064	0		1
0.365	0.419763	0		1
0.38	0.618949	0		1
0.26	0.722872	0		1
0.76	0.688231	0		1
0.77	0.688231	0		1
0.23	0.289859	0		1
0.475	0.298519	0		1
0.275	0.385122	0		1
0.72	0.480385	0		1
0.275	0.627609	0		1
0.745	0.107994	0		1
0.825	0.558327	0		1
0.225	0.263878	0		1
0.385	0.142635	0		1
0.14	0.237898	0		1
0.39	0.255218	0		1
0.845	0.229237	0		1
0.38	0.255218	0		1
0.69	0.0646926	0		1
0.955	0.471725	0		1
0.00993368	0.635387	0		1
0.19	0.705551	0		1
0.14	0.584308	0		1
0.11	0.133975	0		1
0.205	0.177276	0		1
0.2	0.185936	0		1
0.56	0.393782	0		1
0.56	0.133975	0		1
0.49	0.774833	0		1
0.71	0.0993336	0		1
0.215	0.142635	0		1
0.695	0.939378	0		1
0.855	0.99134	0		1
0.16	0.376462	0		1
0.025	0.281199	0		1
0.0500011	0.63627	0		1
0.61	0.722872	0		1
0.185	0.246558	0		1
0.975	0.298519	0		1
0.925	0.627609	0		1
0.3	0.584308	0		1
0.17	0.688231	0		1
0.87	0.809474	0		1
0.66	0.930718	0		1
0.625	0.142635	0		1
0.855	0.0560323	0		1
0.175	0.870096	0		1
0.62	0.255218	0		1
0.23	0.185936	0		1
0.81	0.0820131	0		1
0.525	0.800814	0		1
0.535	0.177276	0		1
0.00866025	0.805	0		1
0.41	0.255218	0		1
0.695	0.159955	0		1
0.445	0.541007	0		1
0.185	0.437083	0		1
0.83	0.515026	0		1
0.275	0.298519	0		1
0.095	0.471725	0		1
0.64	0.359141	0		1
0.3	0.428423	0		1
0.33	0.237898	0		1
0.205	0.558327	0		1
0.075	0.64493	0		1
0.46	0.393782	0		1
0.95484	0.211912	0		1
0.785	0.454404	0		1
0.78	0.445744	0		1
0.67	0.0473721	0		1
0.485	0.0560323	0		1
0.205	0.263878	0		1
0.81	0.65359	0		1
0.8	0.65359	0		1
0.31	0.376462	0		1
0.4	0.930718	0		1
0.655	0.159955	0		1
0.915	0.454404	0		1
0.905	0.454404	0		1
0.075	0.194596	0		1
0.25	0.566987	0		1
0.39	0.740192	0		1
0.255	0.159955	0		1
0.07	0.272539	0		1
0.83	0.809474	0		1
0.45	0.220577	0		1
0.265	0.281199	0		1
0.495	0.263878	0		1
0.63	0.203257	0		1
0.64	0.532346	0		1
0.285	0.402442	0		1
0.92	0.185936	0		1
0.29	0.896077	0		1
0.44	0.393782	0		1
0.59	0.878756	0		1
0.24	0.428423	0		1
0.305	0.454404	0		1
0.550011	0.0473805	0		1
0.94	0.3245	0		1
0.925	0.0733528	0		1
0.915	0.0733528	0		1
0.585	0.748853	0		1
0.55	0.67091	0		1
0.195	0.696891	0		1
0.555	0.835455	0		1
0.3	0.844115	0		1
0.29	0.151295	0		1
0.66	0.584308	0		1
0.2	0.65359	0		1
0.22	0.480385	0		1
0.26	0.411103	0		1
0.555	0.281199	0		1
0.245	0.125314	0		1
0.68966	0.0303444	0		1
0.935005	0.956693	0		1
0.42	0.740192	0		1
0.00866025	0.555	0		1
0.17	0.948038	0		1
0.665	0.922058	0		1
0.555	0.125314	0		1
0.585	0.922058	0		1
0.35	0.411103	0		1
0.235	0.33316	0		1
0.665	0.177276	0		1
0.2	0.67091	0		1
0.275	0.367801	0		1
0.91	0.774833	0		1
0.855	0.471725	0		1
0.22	0.688231	0		1
0.56	0.930718	0		1
0.285	0.385122	0		1
0.545	0.298519	0		1
0.59	0.0993336	0		1
0.41	0.982679	0		1
0.0600025	0.0473735	0		1
0.105	0.904737	0		1
0.865	0.610289	0		1
0.735	0.263878	0		1
0.755	0.471725	0		1
0.735	0.298519	0		1
0.885	0.64493	0		1
0.71	0.185936	0		1
0.895	0.0213913	0		1
0.795	0.766173	0		1
0.465281	0.00811577	0		1
0.36	0.948038	0		1
0.31	0.636269	0		1
0.9	0.0473721	0		1
0.94	0.411103	0		1
0.4	0.411103	0		1
0.885	0.558327	0		1
0.47	0.618949	0		1
0.00876246	0.754504	0		1
0.175	0.263878	0		1
0.205	0.437083	0		1
0.66	0.878756	0		1
0.65	0.878756	0		1
0.67	0.549667	0		1
0.24	0.601628	0		1
0.6	0.566987	0		1
0.655	0.177276	0		1
0.575	0.627609	0		1
0.24	0.0473721	0		1
0.22	0.359141	0		1
0.405	0.506366	0		1
0.87	0.220577	0		1
0.13	0.878756	0		1
0.86	0.237898	0		1
0.335	0.246558	0		1
0.77	0.861436	0		1
0.255	0.263878	0		1
0.15	0.30718	0		1
0.12	0.341821	0		1
0.55	0.237898	0		1
0.4	0.515026	0		1
0.365	0.575648	0		1
0.3	0.740192	0		1
0.105	0.298519	0		1
0.885	0.592968	0		1
0.16	0.185936	0		1
0.7	0.705551	0		1
0.745	0.281199	0		1
0.875	0.748853	0		1
0.635	0.454404	0		1
0.595	0.437083	0		1
0.41	0.792154	0		1
0.09	0.116654	0		1
0.68	0.757513	0		1
0.2	0.0646926	0		1
0.125	0.367801	0		1
0.15	0.532346	0		1
0.85	0.30718	0		1
0.91	0.497705	0		1
0.2	0.393782	0		1
0.934999	0.229237	0		1
0.72	0.0993336	0		1
0.925	0.922057	0		1
0.815	0.211917	0		1
0.665	0.956699	0		1
0.955012	0.541008	0		1
0.8	0.913397	0		1
0.61	0.497705	0		1
0.33	0.480385	0		1
0.0351602	0.107927	0		1
0.71	0.0820131	0		1
0.515	0.66225	0		1
0.61	0.116654	0		1
0.915	0.33316	0		1
0.505	0.939378	0		1
0.305	0.159955	0		1
0.61	0.030998	0		1
0.105	0.177276	0		1
0.165	0.211917	0		1
0.555	0.471725	0		1
0.705	0.64493	0		1
0.28	0.740192	0		1
0.79	0.0993336	0		1
0.095	0.177276	0		1
0.395	0.766173	0		1
0.065	0.159955	0		1
0.075	0.00866025	0		1
0.0400062	0.809471	0		1
0.19	0.341821	0		1
0.84	0.913397	0		1
0.085	0.592968	0		1
0.37	0.844115	0		1
0.979923	0.774699	0		1
0.615	0.31584	0		1
0.4	0.133975	0		1
0.595	0.211917	0		1
0.93	0.203257	0		1
0.33	0.255218	0		1
0.975	0.454404	0		1
0.835	0.437083	0		1
0.915	0.0213913	0		1
0.865	0.627609	0		1
0.45	0.532346	0		1
0.445	0.211917	0		1
0.88	0.0473721	0		1
0.125	0.0733528	0		1
0.43	0.948038	0		1
0.865	0.835455	0		1
0.135	0.627609	0		1
0.065	0.679571	0		1
0.58	0.913397	0		1
0.23	0.930718	0		1
0.895	0.350481	0		1
0.959979	0.151296	0		1
0.585	0.835455	0		1
0.58	0.826795	0		1
0.34	0.705551	0		1
0.555	0.33316	0		1
0.375	0.437083	0		1
0.93	0.826795	0		1
0.425	0.31584	0		1
0.805	0.281199	0		1
0.28	0.463064	0		1
0.765	0.679571	0		1
0.66	0.740192	0		1
0.954999	0.263878	0		1
0.32	0.757513	0		1
0.675	0.541007	0		1
0.615	0.506366	0		1
0.15	0.168616	0		1
0.945	0.766173	0		1
0.405	0.142635	0		1
0.15	0.185936	0		1
0.625	0.125314	0		1
0.025	0.437083	0		1
0.0352608	0.177161	0		1
0.145	0.939378	0		1
0.685	0.541007	0		1
0.08	0.809474	0		1
0.445	0.437083	0		1
0.385	0.575648	0		1
0.175	0.748853	0		1
0.63	0.930718	0		1
0.0296999	0.289867	0		1
0.78	0.515026	0		1
0.84	0.237898	0		1
0.969948	0.671001	0		1
0.565	0.107994	0		1
0.025	0.159955	0		1
0.48	0.861436	0		1
0.255	0.402442	0		1
0.23	0.636269	0		1
0.87	0.272539	0		1
0.905	0.783494	0		1
0.125	0.0387118	0		1
0.095	0.922058	0		1
0.65	0.0473721	0		1
0.14	0.3245	0		1
0.125	0.506366	0		1
0.82	0.532346	0		1
0.915	0.107994	0		1
0.075	0.610289	0		1
0.565	0.298519	0		1
0.63034	0.0303444	0		1
0.34	0.757513	0		1
0.615	0.125314	0		1
0.305	0.679571	0		1
0.959994	0.0820122	0		1
0.075	0.246558	0		1
0.55	0.289859	0		1
0.135	0.367801	0		1
0.28	0.826795	0		1
0.765	0.558327	0		1
0.345	0.263878	0		1
0.49	0.255218	0		1
0.7	0.861436	0		1
0.16	0.532346	0		1
0.67	0.809474	0		1
0.12	0.133975	0		1
0.08	0.133975	0		1
0.12	0.722872	0		1
0.07	0.151295	0		1
0.785	0.575648	0		1
0.535	0.610289	0		1
0.065	0.419763	0		1
0.895	0.66225	0		1
0.905	0.766173	0		1
0.0342541	0.072247	0		1
0.135	0.0733528	0		1
0.615	0.246558	0		1
0.89	0.826795	0		1
0.8	0.376462	0		1
0.1	0.359141	0		1
0.525	0.142635	0		1
0.61	0.948038	0		1
0.34	0.272539	0		1
0.185	0.835455	0		1
0.725	0.159955	0		1
0.52	0.757513	0		1
0.415	0.679571	0		1
0.37	0.463064	0		1
0.31	0.809474	0		1
0.725	0.679571	0		1
0.465	0.350481	0		1
0.055	0.766173	0		1
0.81	0.705551	0		1
0.33	0.584308	0		1
0.925	0.575648	0		1
0.165	0.766173	0		1
0.92	0.722872	0		1
0.505	0.523686	0		1
0.91	0.809474	0		1
0.585	0.402442	0		1
0.43	0.0993336	0		1
0.14	0.636269	0		1
0.215	0.107994	0		1
0.735	0.64493	0		1
0.925	0.402442	0		1
0.855	0.142635	0		1
0.33	0.878756	0		1
0.065	0.281199	0		1
0.975	0.523686	0		1
0.265	0.0387118	0		1
0.0600004	0.948038	0		1
0.515	0.679571	0		1
0.465	0.870096	0		1
0.855	0.904737	0		1
0.93	0.0473721	0		1
0.74	0.185936	0		1
0.665	0.592968	0		1
0.27	0.688231	0		1
0.26	0.757513	0		1
0.395	0.402442	0		1
0.935	0.835455	0		1
0.605	0.437083	0		1
0.335	0.731532	0		1
0.07	0.688231	0		1
0.12	0.220577	0		1
0.69	0.289859	0		1
0.065	0.714212	0		1
0.51	0.67091	0		1
0.13	0.341821	0		1
0.81	0.203257	0		1
0.55	0.428423	0		1
0.8	0.289859	0		1
0.215	0.437083	0		1
0.935	0.800814	0		1
0.63	0.584308	0		1
0.865	0.125314	0		1
0.56	0.549667	0		1
0.285	0.64493	0		1
0.8	0.774833	0		1
0.33	0.618949	0		1
0.31	0.792154	0		1
0.315	0.800814	0		1
0.95	0.428423	0		1
0.0450013	0.62761	0		1
0.61	0.0646926	0		1
0.615	0.0733528	0		1
0.935	0.107994	0		1
0.765	0.592968	0		1
0.665	0.679571	0		1
0.07	0.515026	0		1
0.335	0.471725	0		1
0.52	0.480385	0		1
0.0500056	0.20326	0		1
0.395	0.558327	0		1
0.745	0.0906733	0		1
0.53008	0.0306929	0		1
0.925	0.159955	0		1
0.625	0.194596	0		1
0.56	0.289859	0		1
0.535	0.471725	0		1
0.61	0.705551	0		1
0.79	0.688231	0		1
0.215	0.800814	0		1
0.545	0.835455	0		1
0.665	0.870096	0		1
0.18	0.532346	0		1
0.959968	0.844123	0		1
0.475	0.142635	0		1
0.045	0.592968	0		1
0.27	0.826795	0		1
0.5	0.948038	0		1
0.89	0.497705	0		1
0.735	0.956699	0		1
0.26	0.133975	0		1
0.255	0.142635	0		1
0.6	0.497705	0		1
0.945	0.33316	0		1
0.895	0.783494	0		1
0.1	0.393782	0		1
0.855	0.263878	0		1
0.735	0.177276	0		1
0.605	0.714212	0		1
0.075	0.229237	0		1
0.0650001	0.229237	0		1
0.745	0.922058	0		1
0.91	0.601628	0		1
0.565	0.33316	0		1
0.81	0.0993336	0		1
0.34	0.636269	0		1
0.335	0.627609	0		1
0.295	0.159955	0		1
0.959993	0.272535	0		1
0.195	0.956699	0		1
0.405	0.66225	0		1
0.555004	0.0560351	0		1
0.72	0.289859	0		1
0.275	0.766173	0		1
0.915	0.506366	0		1
0.2	0.722872	0		1
0.715	0.177276	0		1
0.335	0.714212	0		1
0.615	0.419763	0		1
0.61	0.411103	0		1
0.955	0.714212	0		1
0.415	0.66225	0		1
0.83	0.0993336	0		1
0.095	0.66225	0		1
0.86	0.220577	0		1
0.36	0.636269	0		1
0.535	0.800814	0		1
0.53	0.792154	0		1
0.58	0.965359	0		1
0.21	0.549667	0		1
0.085	0.800814	0		1
0.815	0.419763	0		1
0.85	0.549667	0		1
0.81	0.740192	0		1
0.805	0.748853	0		1
0.685	0.748853	0		1
0.275	0.0387118	0		1
0.09	0.428423	0		1
0.27	0.930718	0		1
0.825	0.610289	0		1
0.86	0.341821	0		1
0.115	0.748853	0		1
0.095	0.904737	0		1
0.77	0.948038	0		1
0.0600001	0.220577	0		1
0.65	0.584308	0		1
0.21	0.497705	0		1
0.415	0.31584	0		1
0.915	0.748853	0		1
0.58	0.636269	0		1
0.435	0.211917	0		1
0.27	0.0646926	0		1
0.17	0.566987	0		1
0.39	0.393782	0		1
0.0500017	0.653589	0		1
0.815	0.33316	0		1
0.755	0.922058	0		1
0.125	0.402442	0		1
0.26	0.0993336	0		1
0.91	0.515026	0		1
0.145	0.575648	0		1
0.195	0.0733528	0		1
0.215	0.0906733	0		1
0.325	0.956699	0		1
0.535	0.575648	0		1
0.25	0.185936	0		1
0.155	0.783494	0		1
0.645	0.887417	0		1
0.455	0.956699	0		1
0.72	0.705551	0		1
0.885	0.575648	0		1
0.305	0.64493	0		1
0.82	0.792154	0		1
0.125	0.731532	0		1
0.980089	0.826156	0		1
0.115	0.211917	0		1
0.375	0.575648	0		1
0.075	0.766173	0		1
0.12	0.376462	0		1
0.87	0.30718	0		1
0.13	0.688231	0		1
0.515	0.748853	0		1
0.0600004	0.376461	0		1
0.43	0.133975	0		1
0.865	0.489045	0		1
0.35	0.722872	0		1
0.905	0.887417	0		1
0.175	0.523686	0		1
0.775	0.281199	0		1
0.959892	0.0301907	0		1
0.56	0.411103	0		1
0.79	0.341821	0		1
0.14	0.948038	0		1
0.635	0.575648	0		1
0.07	0.185936	0		1
0.715	0.731532	0		1
0.12	0.930718	0		1
0.94	0.0473721	0		1
0.705	0.783494	0		1
0.325	0.766173	0		1
0.42	0.133975	0		1
0.31	0.688231	0		1
0.655	0.870096	0		1
0.75	0.809474	0		1
0.744673	0.0220314	0		1
0.11	0.913397	0		1
0.21	0.0820131	0		1
0.955	0.818135	0		1
0.28	0.636269	0		1
0.935	0.0216083	0		1
0.2	0.636269	0		1
0.67	0.220577	0		1
0.85	0.566987	0		1
0.345	0.281199	0		1
0.88	0.30718	0		1
0.84	0.0820131	0		1
0.85	0.722872	0		1
0.040545	0.064196	0		1
0.805	0.402442	0		1
0.515	0.107994	0		1
0.0600002	0.913397	0		1
0.48	0.133975	0		1
0.625	0.523686	0		1
0.38	0.376462	0		1
0.835	0.731532	0		1
0.95	0.740192	0		1
0.19	0.826795	0		1
0.195	0.731532	0		1
0.2	0.740192	0		1
0.215	0.350481	0		1
0.375	0.367801	0		1
0.93	0.792154	0		1
0.945	0.367801	0		1
0.57	0.844115	0		1
0.41	0.688231	0		1
0.57	0.341821	0		1
0.525	0.471725	0		1
0.48	0.774833	0		1
0.930002	0.948036	0		1
0.335	0.592968	0		1
0.74	0.65359	0		1
0.55	0.809474	0		1
0.62	0.515026	0		1
0.95	0.185936	0		1
0.0499909	0.48039	0		1
0.715	0.0906733	0		1
0.85	0.913397	0		1
0.295	0.64493	0		1
0.865	0.385122	0		1
0.22	0.549667	0		1
0.845	0.125314	0		1
0.055004	0.315838	0		1
0.175	0.575648	0		1
0.705	0.800814	0		1
0.715	0.800814	0		1
0.63	0.341821	0		1
0.385	0.385122	0		1
0.545	0.818135	0		1
0.14	0.688231	0		1
0.635	0.64493	0		1
0.709974	0.0305143	0		1
0.91	0.948038	0		1
0.87	0.359141	0		1
0.605	0.402442	0		1
0.195	0.714212	0		1
0.05	0.774833	0		1
0.125	0.887417	0		1
0.245	0.194596	0		1
0.715	0.974019	0		1
0.245	0.489045	0		1
0.11	0.272539	0		1
0.775	0.385122	0		1
0.84	0.948038	0		1
0.555	0.419763	0		1
0.89	0.948038	0		1
0.37	0.515026	0		1
0.25	0.133975	0		1
0.39	0.566987	0		1
0.61	0.428423	0		1
0.52	0.688231	0		1
0.85	0.341821	0		1
0.69	0.774833	0		1
0.0600016	0.965358	0		1
0.365	0.367801	0		1
0.36	0.359141	0		1
0.605	0.696891	0		1
0.78	0.826795	0		1
0.525	0.99134	0		1
0.81	0.151295	0		1
0.87	0.774833	0		1
0.355	0.350481	0		1
0.1	0.463064	0		1
0.415	0.783494	0		1
0.05	0.411103	0		1
0.725	0.64493	0		1
0.435	0.142635	0		1
0.78	0.220577	0		1
0.77	0.549667	0		1
0.235	0.558327	0		1
0.26	0.930718	0		1
0.24	0.203257	0		1
0.89	0.566987	0		1
0.27	0.463064	0		1
0.525	0.696891	0		1
0.954997	0.159959	0		1
0.959995	0.168622	0		1
0.69	0.532346	0		1
0.195	0.922058	0		1
0.6	0.878756	0		1
0.245	0.0560323	0		1
0.14	0.65359	0		1
0.545	0.229237	0		1
0.22	0.341821	0		1
0.165	0.956699	0		1
0.29	0.740192	0		1
0.39	0.549667	0		1
0.305	0.696891	0		1
0.29	0.168616	0		1
0.979423	0.58433	0		1
0.981229	0.56787	0		1
0.7	0.774833	0		1
0.34	0.722872	0		1
0.55	0.463064	0		1
0.525	0.783494	0		1
0.86	0.809474	0		1
0.945	0.177276	0		1
0.35	0.3245	0		1
0.355	0.731532	0		1
0.355	0.33316	0		1
0.285	0.177276	0		1
0.185	0.592968	0		1
0.405	0.107994	0		1
0.725	0.177276	0		1
0.785	0.627609	0		1
0.385	0.298519	0		1
0.18	0.584308	0		1
0.205	0.489045	0		1
0.0599958	0.497708	0		1
0.955	0.246582	0		1
0.405	0.939378	0		1
0.49	0.965359	0		1
0.555	0.523686	0		1
0.295	0.714212	0		1
0.83	0.566987	0		1
0.06	0.861436	0		1
0.845	0.281199	0		1
0.575	0.64493	0		1
0.925	0.350481	0		1
0.77	0.913397	0		1
0.0350554	0.66222	0		1
0.804673	0.0219735	0		1
0.86	0.30718	0		1
0.775	0.922058	0		1
0.785	0.922058	0		1
0.89	0.0993336	0		1
0.7	0.0820131	0		1
0.755	0.263878	0		1
0.065	0.696891	0		1
0.45	0.133975	0		1
0.345	0.974019	0		1
0.325	0.887417	0		1
0.735	0.159955	0		1
0.285	0.714212	0		1
0.960009	0.913394	0		1
0.145	0.956699	0		1
0.12	0.965359	0		1
0.815	0.887417	0		1
0.795	0.350481	0		1
0.06	0.185936	0		1
0.34	0.289859	0		1
0.97977	0.895973	0		1
0.825	0.575648	0		1
0.775	0.627609	0		1
0.915	0.159955	0		1
0.0700001	0.0820131	0		1
0.05	0.584308	0		1
0.32	0.792154	0		1
0.61	0.688231	0		1
0.115	0.471725	0		1
0.2	0.618949	0		1
0.855	0.229237	0		1
0.645	0.870096	0		1
0.1	0.913397	0		1
0.52	0.740192	0		1
0.255	0.956699	0		1
0.93	0.0646926	0		1
0.335	0.33316	0		1
0.34	0.3245	0		1
0.06	0.566987	0		1
0.255	0.489045	0		1
0.37	0.0993336	0		1
0.0650008	0.956698	0		1
0.825	0.592968	0		1
0.89	0.913397	0		1
0.42	0.722872	0		1
0.54	0.359141	0		1
0.95	0.549667	0		1
0.145	0.696891	0		1
0.31	0.289859	0		1
0.935	0.33316	0		1
0.4	0.289859	0		1
0.55	0.757513	0		1
0.915	0.263878	0		1
0.56	0.844115	0		1
0.06	0.272539	0		1
0.265	0.835455	0		1
0.635	0.66225	0		1
0.15	0.566987	0		1
0.33	0.289859	0		1
0.825	0.402442	0		1
0.54	0.809474	0		1
0.385	0.31584	0		1
0.965192	0.922047	0		1
0.395	0.974019	0		1
0.47538	0.00822519	0		1
0.96	0.809474	0		1
0.570042	0.0301003	0		1
0.9	0.826795	0		1
0.17	0.618949	0		1
0.3	0.705551	0		1
0.335	0.0560324	0		1
0.3	0.185936	0		1
0.235	0.0733528	0		1
0.245	0.211917	0		1
0.255	0.922058	0		1
0.33	0.896077	0		1
0.36	0.740192	0		1
0.969509	0.844745	0		1
0.981439	0.722026	0		1
0.93	0.359141	0		1
0.15	0.65359	0		1
0.515	0.31584	0		1
0.24	0.0646926	0		1
0.48	0.116654	0		1
0.215	0.610289	0		1
0.21	0.618949	0		1
0.89	0.359141	0		1
0.515	0.298519	0		1
0.82	0.411103	0		1
0.525	0.350481	0		1
0.095	0.783494	0		1
0.385	0.541007	0		1
0.959989	0.359143	0		1
0.0450047	0.64493	0		1
0.325	0.33316	0		1
0.72	0.133975	0		1
0.595	0.263878	0		1
0.07	0.237898	0		1
0.045001	0.558328	0		1
0.225	0.33316	0		1
0.74	0.445744	0		1
0.455	0.142635	0		1
0.89	0.445744	0		1
0.06	0.774833	0		1
0.07	0.844115	0		1
0.885	0.298519	0		1
0.41	0.289859	0		1
0.915	0.281199	0		1
0.31	0.272539	0		1
0.955008	0.558328	0		1
0.58	0.65359	0		1
0.32	0.289859	0		1
0.949999	0.584309	0		1
0.0550002	0.367801	0		1
0.315	0.33316	0		1
0.545	0.679571	0		1
0.85	0.220577	0		1
0.565368	0.022066	0		1
0.565002	0.0560342	0		1
0.89	0.289859	0		1
0.9	0.289859	0		1
0.705	0.0733528	0		1
0.44	0.376462	0		1
0.16	0.566987	0		1
0.525	0.33316	0		1
0.435	0.367801	0		1
0.545	0.610289	0		1
0.0550009	0.194597	0		1
0.325	0.800814	0		1
0.33	0.0646926	0		1
0.38	0.3245	0		1
0.16	0.65359	0		1
0.305	0.350481	0		1
0.785	0.246558	0		1
0.845	0.731532	0		1
0.96	0.740192	0		1
0.605	0.679571	0		1
0.165	0.523686	0		1
0.625	0.0733528	0		1
0.38	0.30718	0		1
0.855	0.523686	0		1
0.85	0.480385	0		1
0.31	0.341821	0		1
0.175	0.627609	0		1
0.31	0.445744	0		1
0.355	0.748853	0		1
0.55	0.705551	0		1
0.905	0.281199	0		1
0.83	0.289859	0		1
0.91	0.151295	0		1
0.79	0.428423	0		1
0.959998	0.255246	0		1
0.395	0.298519	0		1
0.13	0.0820131	0		1
0.86	0.532346	0		1
0.0750001	0.0906734	0		1
0.3	0.272539	0		1
0.07	0.740192	0		1
0.52	0.463064	0		1
0.88	0.0993336	0		1
0.055	0.263878	0		1
0.73	0.168616	0		1
0.635	0.679571	0		1
0.365	0.956699	0		1
0.515	0.33316	0		1
0.235	0.610289	0		1
0.11	0.289859	0		1
0.57	0.0473721	0		1
0.465	0.142635	0		1
0.25	0.0820131	0		1
0.91	0.618949	0		1
0.775	0.298519	0		1
0.845	0.211917	0		1
0.225	0.610289	0		1
0.145	0.852776	0		1
0.86	0.618949	0		1
0.86	0.0820131	0		1
0.37	0.861436	0		1
0.085	0.731532	0		1
0.635	0.696891	0		1
0.76	0.3245	0		1
0.9	0.515026	0		1
0.964863	0.800845	0		1
0.38	0.532346	0		1
0.715	0.818135	0		1
0.52	0.168616	0		1
0.959993	0.636273	0		1
0.79	0.289859	0		1
0.9	0.376462	0		1
0.63	0.0646926	0		1
0.605	0.870096	0		1
0.935	0.783494	0		1
0.95	0.566987	0		1
0.855	0.0906733	0		1
0.09	0.549667	0		1
0.82	0.289859	0		1
0.845	0.489045	0		1
0.59	0.255218	0		1
0.515	0.731532	0		1
0.245	0.142635	0		1
0.365	0.107994	0		1
0.0550043	0.211919	0		1
0.69	0.151295	0		1
0.705	0.142635	0		1
0.565	0.281199	0		1
0.625	0.506366	0		1
0.77	0.30718	0		1
0.35	0.757513	0		1
0.3	0.255218	0		1
0.92	0.272539	0		1
0.61	0.67091	0		1
0.955002	0.575649	0		1
0.635	0.714212	0		1
0.725	0.835455	0		1
0.715	0.0560323	0		1
0.06	0.341821	0		1
0.765	0.33316	0		1
0.0700003	0.0993337	0		1
0.765	0.31584	0		1
0.515	0.454404	0		1
0.91	0.393782	0		1
0.79	0.237898	0		1
0.745	0.956699	0		1
0.85	0.896077	0		1
0.905	0.506366	0		1
0.06	0.411103	0		1
0.57	0.272539	0		1
0.35	0.116654	0		1
0.095	0.541007	0		1
0.34	0.393782	0		1
0.1	0.0820131	0		1
0.675	0.800814	0		1
0.055	0.575648	0		1
0.555	0.800814	0		1
0.685	0.350481	0		1
0.275	0.31584	0		1
0.27	0.3245	0		1
0.895	0.367801	0		1
0.735	0.0733528	0		1
0.63	0.497705	0		1
0.53	0.168616	0		1
0.245	0.610289	0		1
0.305	0.419763	0		1
0.855	0.385122	0		1
0.29	0.255218	0		1
0.89	0.722872	0		1
0.375	0.523686	0		1
0.955	0.506366	0		1
0.905	0.385122	0		1
0.09	0.0473721	0		1
0.53	0.705551	0		1
0.695	0.852776	0		1
0.635	0.731532	0		1
0.845	0.714212	0		1
0.635	0.0560323	0		1
0.959994	0.653587	0		1
0.53	0.185936	0		1
0.955033	0.610268	0		1
0.725	0.818135	0		1
0.2	0.0820131	0		1
0.945	0.783494	0		1
0.71	0.341821	0		1
0.93	0.411103	0		1
0.55	0.774833	0		1
0.235	0.142635	0		1
0.675	0.818135	0		1
0.39	0.948038	0		1
0.075	0.627609	0		1
0.915	0.246558	0		1
0.93	0.341821	0		1
0.92	0.255218	0		1
0.195	0.835455	0		1
0.64	0.497705	0		1
0.16	0.515026	0		1
0.835	0.489045	0		1
0.46	0.463064	0		1
0.969392	0.792657	0		1
0.695	0.835455	0		1
0.865	0.350481	0		1
0.21	0.844115	0		1
0.895	0.904737	0		1
0.949999	0.63627	0		1
0.575	0.246558	0		1
0.085	0.385122	0		1
0.85	0.948038	0		1
0.29	0.965359	0		1
0.52	0.722872	0		1
0.71	0.0646926	0		1
0.7	0.359141	0		1
0.9	0.844115	0		1
0.1	0.289859	0		1
0.58	0.272539	0		1
0.645	0.489045	0		1
0.755	0.385122	0		1
0.09	0.289859	0		1
0.345	0.125314	0		1
0.0600005	0.359141	0		1
0.53	0.393782	0		1
0.655	0.489045	0		1
0.835	0.800814	0		1
0.27	0.549667	0		1
0.635	0.748853	0		1
0.66	0.792154	0		1
0.0550004	0.541007	0		1
0.82	0.497705	0		1
0.905	0.575648	0		1
0.16	0.965359	0		1
0.835	0.0906733	0		1
0.895	0.575648	0		1
0.665	0.974019	0		1
0.66	0.774833	0		1
0.645	0.0560323	0		1
0.29	0.237898	0		1
0.23	0.151295	0		1
0.605	0.66225	0		1
0.61	0.861436	0		1
0.969958	0.653614	0		1
0.77	0.341821	0		1
0.685	0.818135	0		1
0.105	0.922058	0		1
0.05	0.878756	0		1
0.1	0.0646926	0		1
0.645	0.748853	0		1
0.935	0.419763	0		1
0.355	0.402442	0		1
0.915	0.402442	0		1
0.085	0.107994	0		1
0.32	0.965359	0		1
0.09	0.376462	0		1
0.235	0.679571	0		1
0.13	0.151295	0		1
0.395	0.939378	0		1
0.895	0.956699	0		1
0.645	0.766173	0		1
0.245	0.0906733	0		1
0.955012	0.592961	0		1
0.085	0.298519	0		1
0.76	0.376462	0		1
0.205	0.835455	0		1
0.255	0.541007	0		1
0.13	0.168616	0		1
0.85	0.203257	0		1
0.19	0.0820131	0		1
0.925	0.0560323	0		1
0.32	0.982679	0		1
0.58	0.237898	0		1
0.865	0.679571	0		1
0.54	0.185936	0		1
0.969921	0.497751	0		1
0.08	0.532346	0		1
0.73	0.359141	0		1
0.165	0.506366	0		1
0.18	0.463064	0		1
0.37	0.965359	0		1
0.905	0.904737	0		1
0.685	0.835455	0		1
0.22	0.151295	0		1
0.695	0.887417	0		1
0.59	0.272539	0		1
0.91	0.896077	0		1
0.205	0.852776	0		1
0.96	0.757513	0		1
0.08	0.636269	0		1
0.95	0.774833	0		1
0.91	0.844115	0		1
0.955	0.766173	0		1
0.755	0.956699	0		1
0.525	0.714212	0		1
0.17	0.65359	0		1
0.195	0.471725	0		1
0.86	0.67091	0		1
0.32	0.0646926	0		1
0.73	0.151295	0		1
0.615	0.852776	0		1
0.085	0.523686	0		1
0.575	0.229237	0		1
0.66	0.480385	0		1
0.115	0.142635	0		1
0.83	0.792154	0		1
0.795	0.229237	0		1
0.18	0.0820131	0		1
0.94	0.428423	0		1
0.785	0.437083	0		1
0.82	0.861436	0		1
0.85	0.705551	0		1
0.735	0.454404	0		1
0.78	0.289859	0		1
0.84	0.185936	0		1
0.535	0.350481	0		1
0.09	0.359141	0		1
0.545	0.194596	0		1
0.845	0.194596	0		1
0.915	0.523686	0		1
0.17	0.497705	0		1
0.86	0.896077	0		1
0.21	0.151295	0		1
0.4	0.463064	0		1
0.145	0.177276	0		1
0.83	0.497705	0		1
0.355	0.766173	0		1
0.755	0.800814	0		1
0.17	0.67091	0		1
0.045	0.419763	0		1
0.84	0.566987	0		1
0.59	0.151295	0		1
0.0400074	0.532344	0		1
0.54	0.705551	0		1
0.555	0.194596	0		1
0.835	0.835455	0		1
0.175	0.489045	0		1
0.574997	0.0387186	0		1
0.92	0.532346	0		1
0.36	0.774833	0		1
0.645	0.956699	0		1
0.09	0.636269	0		1
0.725	0.142635	0		1
0.2	0.151295	0		1
0.27	0.30718	0		1
0.08	0.515026	0		1
0.73	0.220577	0		1
0.965	0.748853	0		1
0.0500016	0.549668	0		1
0.92	0.0473721	0		1
0.83	0.185936	0		1
0.12	0.0820131	0		1
0.91	0.0473721	0		1
0.09	0.341821	0		1
0.57	0.359141	0		1
0.565	0.194596	0		1
0.21	0.861436	0		1
0.355	0.783494	0		1
0.915	0.852776	0		1
0.655	0.956699	0		1
0.0449802	0.523707	0		1
0.17	0.480385	0		1
0.1	0.636269	0		1
0.925	0.541007	0		1
0.954999	0.437084	0		1
0.35	0.792154	0		1
0.265	0.298519	0		1
0.395	0.956699	0		1
0.56	0.359141	0		1
0.715	0.229237	0		1
0.61	0.844115	0		1
0.55	0.359141	0		1
0.21	0.480385	0		1
0.7	0.255218	0		1
0.925	0.852776	0		1
0.855	0.696891	0		1
0.355	0.437083	0		1
0.59	0.133975	0		1
0.11	0.636269	0		1
0.925	0.558327	0		1
0.365	0.437083	0		1
0.825	0.852776	0		1
0.92	0.566987	0		1
0.34	0.792154	0		1
0.0600001	0.237898	0		1
0.825	0.177276	0		1
0.475	0.437083	0		1
0.26	0.289859	0		1
0.43	0.463064	0		1
0.949998	0.445745	0		1
0.11	0.0820131	0		1
0.895	0.0560323	0		1
0.15	0.861436	0		1
0.86	0.965359	0		1
0.48	0.428423	0		1
0.57	0.185936	0		1
0.175	0.471725	0		1
0.0550002	0.246558	0		1
0.22	0.861436	0		1
0.94499	0.87009	0		1
0.76	0.948038	0		1
0.915	0.575648	0		1
0.58	0.359141	0		1
0.92	0.549667	0		1
0.475	0.419763	0		1
0.135	0.194596	0		1
0.615	0.835455	0		1
0.84	0.844115	0		1
0.6	0.359141	0		1
0.665	0.263878	0		1
0.945	0.454404	0		1
0.285	0.610289	0		1
0.89	0.0473721	0		1
0.16	0.861436	0		1
0.0500001	0.255218	0		1
0.14	0.203257	0		1
0.59	0.359141	0		1
0.905	0.956699	0		1
0.255	0.281199	0		1
0.61	0.359141	0		1
0.23	0.861436	0		1
0.974651	0.74898	0		1
0.1	0.930718	0		1
0.465	0.454404	0		1
0.145	0.211917	0		1
0.695	0.956699	0		1
0.04	0.411103	0		1
0.55	0.948038	0		1
0.125	0.159955	0		1
0.93	0.861436	0		1
0.935001	0.974018	0		1
0.08	0.116654	0		1
0.575	0.177276	0		1
0.25	0.272539	0		1
0.335	0.800814	0		1
0.62	0.359141	0		1
0.68	0.255218	0		1
0.565	0.125314	0		1
0.775	0.99134	0		1
0.805	0.194596	0		1
0.0500025	0.359142	0		1
0.94	0.896077	0		1
0.61	0.826795	0		1
0.86	0.878756	0		1
0.585	0.142635	0		1
0.835	0.783494	0		1
0.95	0.463065	0		1
0.86	0.688231	0		1
0.63	0.359141	0		1
0.954997	0.142635	0		1
0.94499	0.887422	0		1
0.24	0.861436	0		1
0.54	0.930718	0		1
0.55	0.930718	0		1
0.645	0.33316	0		1
0.815	0.956699	0		1
0.155	0.714212	0		1
0.875	0.0560323	0		1
0.36	0.185936	0		1
0.16	0.220577	0		1
0.635	0.350481	0		1
0.49	0.411103	0		1
0.095	0.939378	0		1
0.105	0.66225	0		1
0.0400126	0.359143	0		1
0.12	0.0300515	0		1
0.24	0.272539	0		1
0.145	0.714212	0		1
0.495	0.402442	0		1
0.355	0.194596	0		1
0.075	0.125314	0		1
0.685	0.142635	0		1
0.58	0.168616	0		1
0.09	0.948038	0		1
0.25	0.861436	0		1
0.615	0.818135	0		1
0.0351915	0.402535	0		1
0.65	0.237898	0		1
0.49	0.393782	0		1
0.21	0.272539	0		1
0.175	0.229237	0		1
0.655	0.766173	0		1
0.67	0.792154	0		1
0.0450012	0.142634	0		1
0.11	0.67091	0		1
0.0350196	0.350488	0		1
0.635	0.229237	0		1
0.62	0.237898	0		1
0.745	0.904737	0		1
0.75	0.913397	0		1
0.505	0.385122	0		1
0.775	0.0560323	0		1
0.87	0.0473721	0		1
0.13	0.740192	0		1
0.095	0.956699	0		1
0.585	0.159955	0		1
0.51	0.376462	0		1
0.17	0.237898	0		1
0.87	0.861436	0		1
0.47	0.878756	0		1
0.74	0.896077	0		1
0.98126	0.498439	0		1
0.86	0.0473721	0		1
0.915	0.956699	0		1
0.025	0.350481	0		1
0.92	0.896077	0		1
0.06	0.896077	0		1
0.945	0.471725	0		1
0.23	0.272539	0		1
0.8	0.185936	0		1
0.939998	0.861435	0		1
0.315	0.437083	0		1
0.79	0.185936	0		1
0.785	0.177276	0		1
0.0399962	0.255218	0		1
0.86	0.861436	0		1
0.205	0.281199	0		1
0.92	0.601628	0		1
0.52	0.515026	0		1
0.925	0.592968	0		1
0.49	0.497705	0		1
0.47	0.861436	0		1
0.51	0.428423	0		1
0.61	0.809474	0		1
0.435	0.835455	0		1
0.92	0.584308	0		1
0.78	0.0473721	0		1
0.0450016	0.125314	0		1
0.49	0.480385	0		1
0.07	0.133975	0		1
0.275	0.800814	0		1
0.035	0.24656	0		1
0.5	0.497705	0		1
0.775	0.956699	0		1
0.5	0.515026	0		1
0.93	0.896077	0		1
0.64	0.341821	0		1
0.08	0.826795	0		1
0.22	0.272539	0		1
0.175	0.887417	0		1
0.48	0.566987	0		1
0.43	0.185936	0		1
0.16	0.272539	0		1
0.34	0.809474	0		1
0.59	0.0820131	0		1
0.335	0.523686	0		1
0.94	0.480385	0		1
0.46	0.30718	0		1
0.0349201	0.12519	0		1
0.065	0.142635	0		1
0.64	0.3245	0		1
0.455	0.263878	0		1
0.47	0.255218	0		1
0.0349659	0.229245	0		1
0.79	0.0473721	0		1
0.43	0.203257	0		1
0.44	0.272539	0		1
0.26	0.67091	0		1
0.645	0.31584	0		1
0.205	0.298519	0		1
0.9	0.618949	0		1
0.915	0.610289	0		1
0.949976	0.878756	0		1
0.375	0.211917	0		1
0.6	0.549667	0		1
0.505	0.211917	0		1
0.47	0.844115	0		1
0.37	0.220577	0		1
0.025	0.229237	0		1
0.14	0.185936	0		1
0.5	0.220577	0		1
0.385	0.783494	0		1
0.595	0.0906733	0		1
0.85	0.0473721	0		1
0.49	0.237898	0		1
0.745	0.99134	0		1
0.64	0.30718	0		1
0.195	0.298519	0		1
0.030557	0.116124	0		1
0.765	0.211917	0		1
0.485	0.229237	0		1
0.485	0.246558	0		1
0.65	0.289859	0		1
0.215	0.471725	0		1
0.335	0.818135	0		1
0.185	0.887417	0		1
0.165	0.870096	0		1
0.805	0.0560323	0		1
0.465	0.575648	0		1
0.85	0.133975	0		1
0.325	0.852776	0		1
0.925001	0.956697	0		1
0.125	0.748853	0		1
0.195	0.385122	0		1
0.45	0.566987	0		1
0.47	0.826795	0		1
0.835	0.142635	0		1
0.9	0.65359	0		1
0.23	0.792154	0		1
0.22	0.463064	0		1
0.78	0.740192	0		1
0.785	0.956699	0		1
0.945	0.489045	0		1
0.645	0.298519	0		1
0.895	0.627609	0		1
0.445	0.575648	0		1
0.51	0.445744	0		1
0.19	0.896077	0		1
0.195	0.31584	0		1
0.68	0.0993336	0		1
0.465	0.818135	0		1
0.95	0.497705	0		1
0.665	0.298519	0		1
0.675	0.298519	0		1
0.695	0.31584	0		1
0.35	0.203257	0		1
0.095	0.800814	0		1
0.785	0.731532	0		1
0.72	0.30718	0		1
0.225	0.454404	0		1
0.0550002	0.142635	0		1
0.33	0.826795	0		1
0.46	0.445744	0		1
0.175	0.31584	0		1
0.07	0.705551	0		1
0.81	0.0473721	0		1
0.17	0.878756	0		1
0.48	0.480385	0		1
0.825	0.142635	0		1
0.705	0.31584	0		1
0.2	0.896077	0		1
0.405	0.870096	0		1
0.725	0.852776	0		1
0.23	0.445744	0		1
0.165	0.367801	0		1
0.315	0.852776	0		1
0.89	0.636269	0		1
0.1	0.809474	0		1
0.11	0.809474	0		1
0.455	0.818135	0		1
0.325	0.177276	0		1
0.205	0.904737	0		1
0.34	0.168616	0		1
0.17	0.359141	0		1
0.225	0.437083	0		1
0.32	0.185936	0		1
0.0550001	0.904737	0		1
0.315	0.194596	0		1
0.57	0.116654	0		1
0.715	0.852776	0		1
0.18	0.341821	0		1
0.17	0.341821	0		1
0.79	0.722872	0		1
0.825	0.0560323	0		1
0.335	0.177276	0		1
0.71	0.30718	0		1
0.305	0.194596	0		1
0.930002	0.965357	0		1
0.705	0.852776	0		1
0.45	0.809474	0		1
0.305	0.852776	0		1
0.075	0.714212	0		1
0.36	0.0300515	0		1
0.815	0.142635	0		1
0.895	0.64493	0		1
0.235	0.800814	0		1
0.91	0.65359	0		1
0.735	0.887417	0		1
0.39	0.0473721	0		1
0.325	0.835455	0		1
0.375	0.0387118	0		1
0.365	0.0213913	0		1
0.835	0.0560323	0		1
0.505	0.0906733	0		1
0.795	0.956699	0		1
0.83	0.878756	0		1
0.185	0.31584	0		1
0.475	0.679571	0		1
0.575	0.107994	0		1
0.93	0.67091	0		1
0.82	0.982679	0		1
0.08	0.722872	0		1
0.51	0.0820131	0		1
0.725	0.298519	0		1
0.79	0.65359	0		1
0.775	0.679571	0		1
0.175	0.246558	0		1
0.405	0.0560323	0		1
0.58	0.0993336	0		1
0.775	0.696891	0		1
0.685	0.263878	0		1
0.495	0.0733528	0		1
0.73	0.289859	0		1
0.92	0.65359	0		1
0.735	0.281199	0		1
0.795	0.66225	0		1
0.33	0.844115	0		1
0.61	0.913397	0		1
0.77	0.705551	0		1
0.46	0.688231	0		1
0.25	0.792154	0		1
0.22	0.896077	0		1
0.29	0.220577	0		1
0.795	0.142635	0		1
0.3	0.203257	0		1
0.295	0.211917	0		1
0.8	0.151295	0		1
0.295	0.870096	0		1
0.23	0.428423	0		1
0.78	0.67091	0		1
0.78	0.151295	0		1
0.77	0.151295	0		1
0.74	0.272539	0		1
0.125	0.766173	0		1
0.635	0.800814	0		1
0.48	0.0646926	0		1
0.26	0.792154	0		1
0.805	0.956699	0		1
0.23	0.896077	0		1
0.68	0.393782	0		1
0.225	0.419763	0		1
0.475	0.783494	0		1
0.465	0.783494	0		1
0.075	0.748853	0		1
0.745	0.263878	0		1
0.08	0.757513	0		1
0.64	0.809474	0		1
0.23	0.411103	0		1
0.835	0.281199	0		1
0.805	0.64493	0		1
0.47	0.65359	0		1
0.44	0.601628	0		1
0.85	0.272539	0		1
0.69	0.428423	0		1
0.79	0.826795	0		1
0.46	0.65359	0		1
0.765	0.142635	0		1
0.45	0.601628	0		1
0.225	0.402442	0		1
0.64	0.826795	0		1
0.925	0.66225	0		1
0.28	0.861436	0		1
0.7	0.428423	0		1
0.795	0.800814	0		1
0.77	0.133975	0		1
0.885	0.246558	0		1
0.235	0.904737	0		1
0.795	0.627609	0		1
0.795	0.818135	0		1
0.775	0.852776	0		1
0.89	0.255218	0		1
0.785	0.852776	0		1
0.795	0.835455	0		1
0.705	0.437083	0		1
0.79	0.809474	0		1
0.395	0.489045	0		1
0.27	0.792154	0		1
0.65	0.826795	0		1
0.71	0.445744	0		1
0.69	0.393782	0		1
0.745	0.852776	0		1
0.765	0.125314	0		1
0.4	0.497705	0		1
0.715	0.454404	0		1
0.69	0.411103	0		1
0.685	0.419763	0		1
0.51	0.982679	0		1
0.38	0.497705	0		1
0.415	0.489045	0		1
0.765	0.852776	0		1
0.165	0.281199	0		1
0.3	0.861436	0		1
0.67	0.376462	0		1
0.74	0.515026	0		1
0.79	0.844115	0		1
0.735	0.852776	0		1
0.675	0.367801	0		1
0.52	0.0993336	0		1
0.675	0.385122	0		1
0.885	0.263878	0		1
0.76	0.116654	0		1
0.265	0.64493	0		1
0.25	0.896077	0		1
0.295	0.610289	0		1
0.68	0.359141	0		1
0.505	0.367801	0		1
0.655	0.852776	0		1
0.43	0.497705	0		1
0.435	0.696891	0		1
0.695	0.402442	0		1
0.495	0.367801	0		1
0.8	0.566987	0		1
0.115	0.33316	0		1
0.655	0.835455	0		1
0.755	0.852776	0		1
0.265	0.904737	0		1
0.74	0.255218	0		1
0.44	0.185936	0		1
0.505	0.835455	0		1
0.445	0.489045	0		1
0.39	0.688231	0		1
0.49	0.359141	0		1
0.785	0.541007	0		1
0.35	0.515026	0		1
0.705	0.350481	0		1
0.59	0.792154	0		1
0.8	0.636269	0		1
0.6	0.792154	0		1
0.735	0.246558	0		1
0.71	0.913397	0		1
0.355	0.523686	0		1
0.775	0.541007	0		1
0.925	0.229237	0		1
0.45	0.185936	0		1
0.47	0.341821	0		1
0.8	0.584308	0		1
0.11	0.3245	0		1
0.74	0.237898	0		1
0.26	0.896077	0		1
0.765	0.541007	0		1
0.35	0.168616	0		1
0.48	0.341821	0		1
0.17	0.255218	0		1
0.465	0.541007	0		1
0.76	0.532346	0		1
0.795	0.575648	0		1
0.755	0.523686	0		1
0.72	0.930718	0		1
0.715	0.922058	0		1
0.59	0.774833	0		1
0.485	0.350481	0		1
0.27	0.220577	0		1
0.525	0.558327	0		1
0.46	0.185936	0		1
0.959612	0.87899	0		1
0.91	0.237898	0		1
0.355	0.177276	0		1
0.795	0.592968	0		1
0.355	0.211917	0		1
0.265	0.229237	0		1
0.42	0.203257	0		1
0.79	0.549667	0		1
0.755	0.0906733	0		1
0.41	0.203257	0		1
0.26	0.844115	0		1
0.92	0.220577	0		1
0.61	0.636269	0		1
0.58	0.774833	0		1
0.415	0.714212	0		1
0.4	0.203257	0		1
0.465	0.33316	0		1
0.36	0.220577	0		1
0.38	0.203257	0		1
0.8	0.618949	0		1
0.39	0.203257	0		1
0.795	0.610289	0		1
0.925	0.211917	0		1
0.8	0.601628	0		1
0.46	0.3245	0		1
0.885	0.177276	0		1
0.165	0.263878	0		1
0.745	0.506366	0		1
0.735	0.229237	0		1
0.745	0.523686	0		1
0.75	0.0993336	0		1
0.755	0.107994	0		1
0.12	0.809474	0		1
0.575	0.766173	0		1
0.28	0.896077	0		1
0.455	0.31584	0		1
0.795	0.558327	0		1
0.135	0.800814	0		1
0.88	0.151295	0		1
0.47	0.185936	0		1
0.48	0.185936	0		1
0.64	0.237898	0		1
0.455	0.298519	0		1
0.61	0.618949	0		1
0.89	0.168616	0		1
0.45	0.289859	0		1
0.405	0.696891	0		1
0.74	0.497705	0		1
0.445	0.281199	0		1
0.49	0.185936	0		1
0.575	0.748853	0		1
0.155	0.818135	0		1
0.495	0.194596	0		1
0.25	0.393782	0		1
0.92	0.203257	0		1
0.75	0.0820131	0		1
0.245	0.835455	0		1
0.065	0.783494	0		1
0.575	0.731532	0		1
0.72	0.463064	0		1
0.5	0.203257	0		1
0.915	0.194596	0		1
0.575	0.696891	0		1
0.73	0.480385	0		1
0.575	0.714212	0		1
0.735	0.489045	0		1
0.275	0.714212	0		1
0.905	0.194596	0		1
0.61	0.601628	0		1
0.575	0.679571	0		1
0.78	0.688231	0		1
0.725	0.471725	0		1
0.265	0.714212	0		1
0.9	0.185936	0		1
0.775	0.714212	0		1
0.76	0.792154	0		1
0.29	0.913397	0		1
0.465	0.679571	0		1
0.16	0.289859	0		1
0.74	0.705551	0		1
0.23	0.220577	0		1
0.28	0.220577	0		1
0.765	0.783494	0		1
0.15	0.289859	0		1
0.785	0.714212	0		1
0.59	0.601628	0		1
0.74	0.722872	0		1
0.76	0.774833	0		1
0.625	0.177276	0		1
0.225	0.229237	0		1
0.89	0.185936	0		1
0.66	0.255218	0		1
0.755	0.731532	0		1
0.75	0.740192	0		1
0.145	0.298519	0		1
0.255	0.229237	0		1
0.655	0.246558	0		1
0.925	0.125314	0		1
0.245	0.229237	0		1
0.545	0.402442	0		1
0.145	0.818135	0		1
0.3	0.913397	0		1
0.14	0.809474	0		1
0.92	0.133975	0		1
0.14	0.30718	0		1
0.305	0.922058	0		1
0.395	0.904737	0		1
0.635	0.177276	0		1
0.24	0.220577	0		1
0.905	0.142635	0		1
0.135	0.31584	0		1
0.765	0.766173	0		1
0.75	0.757513	0		1
0.885	0.159955	0		1
0.645	0.177276	0		1
0.125	0.33316	0		1
0.13	0.3245	0		1
0.755	0.0733528	0		1
0.055	0.887417	0		1
0.565	0.592968	0		1
0.695	0.696891	0		1
0.7	0.688231	0		1
0.38	0.913397	0		1
0.1	0.3245	0		1
0.585	0.541007	0		1
0.695	0.679571	0		1
0.76	0.0646926	0		1
0.040002	0.826797	0		1
0.755	0.748853	0		1
0.215	0.229237	0		1
0.365	0.904737	0		1
0.21	0.220577	0		1
0.32	0.913397	0		1
0.58	0.532346	0		1
0.595	0.541007	0		1
0.745	0.714212	0		1
0.765	0.0560323	0		1
0.205	0.211917	0		1
0.475	0.541007	0		1
0.715	0.64493	0		1
0.2	0.203257	0		1
0.195	0.194596	0		1
0.35	0.896077	0		1
0.335	0.904737	0		1
0.58	0.515026	0		1
0.48	0.549667	0		1
0.45	0.497705	0		1
0.085	0.33316	0		1
0.46	0.618949	0		1
0.615	0.229237	0		1
0.455	0.627609	0		1
0.43	0.584308	0		1
0.46	0.532346	0		1
0.455	0.506366	0		1
0.46	0.515026	0		1
0.46	0.601628	0		1
0.45	0.636269	0		1
0.19	0.168616	0		1
0.195	0.177276	0		1
0.485	0.558327	0		1
0.465	0.610289	0		1
0.455	0.64493	0		1
0.425	0.489045	0		1
0.465	0.523686	0		1
0.435	0.592968	0		1
0.435	0.575648	0		1
0.47	0.566987	0		1
0.71	0.636269	0		1
0.61	0.220577	0		1
0.605	0.211917	0		1
0.48	0.65359	0		1
0.715	0.627609	0		1
0.485	0.66225	0		1
0.48	0.67091	0		1
0.085	0.350481	0		1
0.61	0.203257	0		1
0.64	0.116654	0		1
0.7	0.618949	0		1
0.09	0.3245	0		1
0.24	0.376462	0		1
0.245	0.385122	0		1
0.615	0.194596	0		1
0.7	0.515026	0		1
0.72	0.532346	0		1
0.655	0.125314	0		1
0.285	0.904737	0		1
0.19	0.151295	0		1
0.685	0.489045	0		1
0.7	0.497705	0		1
0.255	0.367801	0		1
0.175	0.125314	0		1
0.19	0.133975	0		1
0.7	0.67091	0		1
0.185	0.125314	0		1
0.085	0.367801	0		1
0.68	0.480385	0		1
0.725	0.558327	0		1
0.695	0.523686	0		1
0.715	0.592968	0		1
0.67	0.133975	0		1
0.7	0.584308	0		1
0.62	0.185936	0		1
0.825	0.870096	0		1
0.84	0.0473721	0		1
0.19	0.740192	0		1
0.195	0.748853	0		1
0.21	0.740192	0		1
0.46	0.705551	0		1
0.215	0.748853	0		1
0.165	0.107994	0		1
0.105	0.506366	0		1
0.795	0.748853	0		1
0.68	0.133975	0		1
0.71	0.65359	0		1
0.16	0.0300515	0		1
0.11	0.497705	0		1
0.785	0.748853	0		1
0.695	0.904737	0		1
0.175	0.107994	0		1
0.165	0.0387118	0		1
0.17	0.0820131	0		1
0.17	0.0646926	0		1
0.23	0.722872	0		1
0.705	0.66225	0		1
0.12	0.497705	0		1
0.355	0.904737	0		1
0.17	0.0473721	0		1
0.665	0.471725	0		1
0.67	0.463064	0		1
0.705	0.610289	0		1
0.125	0.489045	0		1
0.655	0.454404	0		1
0.64	0.445744	0		1
0.8	0.757513	0		1
0.71	0.601628	0		1
0.65	0.168616	0		1
0.645	0.419763	0		1
0.65	0.411103	0		1
0.145	0.419763	0		1
0.15	0.445744	0		1
0.81	0.757513	0		1
0.645	0.159955	0		1
0.14	0.463064	0		1
0.635	0.402442	0		1
0.14	0.445744	0		1
0.45	0.688231	0		1
0.82	0.757513	0		1
0.13	0.463064	0		1
0.85	0.774833	0		1
0.825	0.766173	0		1
0.125	0.471725	0		1
0.13	0.757513	0		1
0.64	0.151295	0		1
0.555	0.402442	0		1
0.855	0.766173	0		1
0.835	0.766173	0		1
0.23	0.688231	0		1
0.41	0.826795	0		1
0.725	0.541007	0		1
0.72	0.549667	0		1
0.635	0.142635	0		1
0.865	0.766173	0		1
0.72	0.566987	0		1
0.71	0.566987	0		1
0.63	0.133975	0		1
0.84	0.774833	0		1
0.705	0.575648	0		1
0.87	0.757513	0		1
0.695	0.506366	0		1
0.635	0.125314	0		1
0.87	0.740192	0		1
0.845	0.0387118	0		1
0.395	0.696891	0		1
0.55	0.515026	0		1
0.57	0.515026	0		1
0.56	0.515026	0		1
0.54	0.393782	0		1
0.85	0.0300515	0		1
0.255	0.610289	0		1
0.27	0.584308	0		1
0.67	0.0993336	0		1
0.845	0.0213913	0		1
0.645	0.437083	0		1
0.6	0.601628	0		1
0.65	0.428423	0		1
0.875	0.731532	0		1
0.585	0.592968	0		1
0.37	0.913397	0		1
0.085	0.506366	0		1
0.705	0.904737	0		1
0.575	0.592968	0		1
0.075	0.506366	0		1
0.885	0.731532	0		1
0.525	0.523686	0		1
0.0649981	0.489046	0		1
0.069999	0.497706	0		1
0.51	0.515026	0		1
0.095	0.506366	0		1
0.685	0.125314	0		1
0.885	0.714212	0		1
0.059997	0.480386	0		1
0.68	0.116654	0		1
0.0549971	0.471726	0		1
0.54	0.515026	0		1
0.685	0.107994	0		1
0.52	0.982679	0		1
0.665	0.0906733	0		1
0.89	0.705551	0		1
0.66	0.0820131	0		1
0.655	0.0733528	0		1
0.9	0.705551	0		1
0.66	0.0646926	0		1
0.655	0.0560323	0		1
0.0499986	0.463065	0		1
0.0399964	0.463066	0		1
0.0300814	0.463017	0		1
0.535	0.99134	0		1
0.66	0.0473721	0		1
0.905	0.696891	0		1
0.425	0.835455	0		1
0.665	0.0387118	0		1
0.54	0.982679	0		1
0.555	0.99134	0		1
0.91	0.688231	0		1
0.66	0.0300515	0		1
0.56	0.982679	0		1
0.595	0.99134	0		1
0.92	0.688231	0		1
0.665	0.0213913	0		1
0.575	0.99134	0		1
0.925	0.679571	0		1
0.58	0.982679	0		1
0.605	0.800814	0		1
0.6	0.982679	0		1
0.615	0.99134	0		1
0.62	0.982679	0		1
0.675	0.99134	0		1
0.635	0.99134	0		1
0.64	0.982679	0		1
0.655	0.99134	0		1
0.66	0.982679	0		1
0.615	0.800814	0		1
0.535	0.523686	0		1
0.625	0.800814	0		1
0.605	0.904737	0		1
0.935	0.679571	0		1
0.41	0.705551	0		1
0.47	0.740192	0		1
0.94	0.688231	0		1
0.46	0.740192	0		1
0.685	0.99134	0		1
0.95	0.688231	0		1
0.955012	0.696899	0		1
0.960014	0.705561	0		1
0.97	0.705551	0		1
0.455	0.783494	0		1
0.69	0.982679	0		1
0.485	0.731532	0		1
0.505	0.904737	0		1
0.48	0.740192	0		1
0.45	0.757513	0		1
0.445	0.766173	0		1
0.455	0.748853	0		1
0.45	0.774833	0		1
0.48	0.722872	0		1
0.475	0.714212	0		1
0.47	0.705551	0		1
0.455	0.696891	0		1
0.495	0.904737	0		1
0.485	0.904737	0		1
0.74	0.982679	0		1
0.72	0.982679	0		1
0.48	0.792154	0		1
0.77	0.982679	0		1
0.485	0.800814	0		1
0.73	0.982679	0		1
0.71	0.982679	0		1
0.0188263	0.462162	0		1
0.49	0.809474	0		1
0.8	0.982679	0		1
0.755	0.99134	0		1
0.81	0.982679	0		1
0.79	0.982679	0		1
0.495	0.818135	0		1
0.785	0.99134	0		1
0.76	0.982679	0		1
0.5	0.826795	0		1
0.515	0.835455	0		1
0.7	0.982679	0		1
0.52	0.844115	0		1
0.515	0.887417	0		1
0.52	0.878756	0		1
0.515	0.852776	0		1
0.525	0.870096	0		1
0.51	0.896077	0		1
0.52	0.861436	0		1
0.48	0.913397	0		1
0.485	0.922058	0		1
0.48	0.930718	0		1
0.485	0.939378	0		1
0.49	0.948038	0		1
0.485	0.956699	0		1
0.48	0.965359	0		1
0.825	0.99134	0		1
0.835	0.99134	0		1
0.84	0.982679	0		1
0.475	0.974019	0		1
0.85	0.982679	0		1
0.47	0.982679	0		1
0.86	0.982679	0		1
0.46	0.982679	0		1
0.45	0.982679	0		1
0.44	0.982679	0		1
0.98	0.705551	0		1
0.43	0.982679	0		1
0.425	0.99134	0		1
0.87	0.982679	0		1
0.405	0.974019	0		1
0.88	0.982679	0		1
0.93	0.982679	0		1
0.39	0.965359	0		1
0.92	0.982679	0		1
0.89	0.982679	0		1
0.91	0.982679	0		1
0.9	0.982679	0		1
0.385	0.974019	0		1
0.375	0.974019	0		1
0.94	0.982679	0		1
0.965022	0.973951	0		1
0.955012	0.973994	0		1
0.950001	0.982675	0		1
0.37	0.982679	0		1
0.36	0.982679	0		1
0.35	0.982679	0		1
0.34	0.982679	0		1
0.33	0.982679	0		1
0.31	0.965359	0		1
0.285	0.956699	0		1
0.3	0.965359	0		1
0.275	0.956699	0		1
0.27	0.965359	0		1
0.26	0.965359	0		1
0.245	0.956699	0		1
0.24	0.965359	0		1
0.225	0.956699	0		1
0.2	0.965359	0		1
0.215	0.956699	0		1
0.195	0.974019	0		1
0.185	0.974019	0		1
0.21	0.965359	0		1
0.18	0.982679	0		1
0.165	0.974019	0		1
0.155	0.99134	0		1
0.135	0.99134	0		1
0.14	0.982679	0		1
0.115	0.974019	0		1
0.1	0.965359	0		1
0.16	0.982679	0		1
0.095	0.974019	0		1
0.0448479	0.991191	0		1
0.08	0.982679	0		1
0.085	0.974019	0		1
0.0650033	0.974017	0		1
0.0549778	0.991313	0		1
0.0600011	0.982676	0		1
0.0350033	0.85283	0		1
0.990382	0.134714	0		1
0.950037	0.930664	0		1
0.0253407	0.0348636	0		1
0.965281	0.956387	0		1
0.0200861	0.862027	0		1
0.974801	0.662245	0		1
0.0253976	0.921995	0		1
0.960441	0.930667	0		1
0.970644	0.930722	0		1
0.0299518	0.515253	0		1
0.990449	0.825361	0		1
0.0162505	0.119407	0		1
0.974296	0.853997	0		1
0.991705	0.465888	0		1
0.979115	0.67095	0		1
0.0244207	0.385652	0		1
0.975603	0.385714	0		1
0.991653	0.725832	0		1
0.0267215	0.0554673	0		1
0.0354516	0.973758	0		1
0.0253704	0.194877	0		1
0.00820187	0.984693	0		1
0.983886	0.840837	0		1
0.991076	0.0152623	0		1
0.0245641	0.315991	0		1
0.964445	0.229113	0		1
0.969633	0.237817	0		1
0.0251339	0.955762	0		1
0.00844928	0.684893	0		1
0.0256736	0.332541	0		1
0.00825702	0.42538	0		1
0.025775	0.177417	0		1
0.0246101	0.0758377	0		1
0.0257366	0.402359	0		1
0.983457	0.399841	0		1
0.0259098	0.107651	0		1
0.025802	0.212169	0		1
0.00816598	0.414264	0		1
0.980271	0.201743	0		1
0.0213738	0.930466	0		1
0.992163	0.225637	0		1
0.00842168	0.674714	0		1
0.983661	0.800812	0		1
0.0158832	0.35014	0		1
0.983965	0.350063	0		1
0.984485	0.678276	0		1
0.016179	0.609993	0		1
0.984248	0.610071	0		1
0.984108	0.419852	0		1
0.0160654	0.87	0		1
0.0159493	0.160021	0		1
0.9844	0.158283	0		1
0.983752	0.0900997	0		1
0.0163514	0.229953	0		1
0.0261227	0.0913215	0		1
0.0261264	0.938728	0		1
0.0162593	0.8002	0		1
0.984363	0.487729	0		1
0.0164816	0.540245	0		1
0.983941	0.540415	0		1
0.0162111	0.749552	0		1
0.983871	0.748362	0		1
0.016294	0.280378	0		1
0.983776	0.280492	0		1
0.983952	0.0382656	0		1
0.0163423	0.299208	0		1
0.983649	0.299326	0		1
0.0163025	0.73078	0		1
0.00747547	0.925142	0		1
0.984197	0.939969	0		1
0.0163389	0.559257	0		1
0.983812	0.559066	0		1
0.016346	0.470947	0		1
0.992899	0.025	0		1
0.0164345	0.81917	0		1
0.992932	0.735	0		1
0.983967	0.11017	0		1
0.992739	0.665114	0		1
0.992976	0.475	0		1
0.0160389	0.489611	0		1
0.983616	0.921186	0		1
0.993006	0.815	0		1
0.0165363	0.36864	0		1
0.983453	0.368671	0		1
0.016412	0.661177	0		1
0.0165971	0.628565	0		1
0.983518	0.628785	0		1
0.016491	0.888673	0		1
0.0166025	0.141633	0		1
0.983506	0.178582	0		1
0.992861	0.145125	0		1
0.968718	0.220602	0		1
0.0165681	0.438321	0		1
0.983294	0.438318	0		1
0.983645	0.88845	0		1
0.00680429	0.595	0		1
0.0166404	0.698115	0		1
0.983355	0.331746	0		1
0.00670126	0.854439	0		1
0.993243	0.075	0		1
0.993252	0.245	0		1
0.0067423	0.785	0		1
0.314886	0.00736269	0		1
0.244805	0.00714746	0		1
0.214885	0.00736136	0		1
0.495149	0.0229256	0		1
0.164804	0.00714642	0		1
0.545233	0.022863	0		1
0.570137	0.0144249	0		1
0.625149	0.0229332	0		1
0.134886	0.0073624	0		1
0.0429613	0.00738088	0		1
0.784805	0.00714746	0		1
0.724206	0.00767551	0		1
0.719264	0.0158859	0		1
0.754805	0.00714746	0		1
0.944886	0.0073624	0		1
0.959763	0.0145008	0		1
0.799764	0.0145002	0		1
0.769704	0.0144241	0		1
0.739648	0.0144633	0		1
0.694836	0.0228486	0		1
0.179763	0.0144866	0		1
0.229702	0.0144105	0		1
0.259764	0.0145002	0		1
0.329764	0.0145026	0		1
0.593629	0.0224349	0		1
0.589626	0.0146404	0		1
0.0570146	0.00724034	0		1
0.530237	0.01554	0		1
0.149701	0.0144259	0		1
0.470196	0.0156215	0		1
0.983355	0.507836	0		1
0.983348	0.52253	0		1
0.025	0.993301	0		1
0.025	0.00669873	0		1
0.993322	0.974887	0		1
0.993158	0.315168	0		1
0.0165983	0.767602	0		1
0.00667357	0.835	0		1
0.993143	0.194813	0		1
0.983449	0.262462	0		1
0.00666897	0.905	0		1
0.993331	0.905	0		1
0.993333	0.645	0		1
0.983644	0.591674	0		1
0.993246	0.765161	0		1
0.0166601	0.712574	0		1
0.983238	0.713194	0		1
0.983241	0.577281	0		1
0.016753	0.452681	0		1
0.983262	0.453201	0		1
0.00675435	0.524512	0		1
0.983193	0.126358	0		1
0.983659	0.698375	0		1
0.0164416	0.644119	0		1
0.993431	0.955401	0		1
0.00675595	0.245652	0		1
0.983822	0.781978	0		1
0.00636757	0.505	0		1
0.980061	0.0149199	0		1
0.969875	0.0146725	0		1
0.93	0.0150258	0		1
0.92	0.0150258	0		1
0.91	0.0150258	0		1
0.89	0.0150258	0		1
0.86	0.0150258	0		1
0.9	0.0150258	0		1
0.87	0.0150258	0		1
0.88	0.0150258	0		1
0.85	0.0150258	0		1
0.84	0.0150258	0		1
0.83	0.0150258	0		1
0.82	0.0150258	0		1
0.809871	0.0148155	0		1
0.705	0.023686	0		1
0.68	0.0150258	0		1
0.67	0.0150258	0		1
0.199984	0.0149439	0		1
0.189866	0.0147719	0		1
0.269871	0.0148155	0		1
0.3	0.0150258	0		1
0.29	0.0150258	0		1
0.279988	0.0149791	0		1
0.339871	0.0148162	0		1
0.349988	0.0149792	0		1
0.359998	0.015018	0		1
0.38	0.0150258	0		1
0.39	0.0150258	0		1
0.4	0.0150258	0		1
0.37	0.0150245	0		1
0.41	0.0150258	0		1
0.42	0.0150258	0		1
0.43	0.0150258	0		1
0.44	0.0150258	0		1
0.45	0.0150258	0		1
0.460115	0.0152642	0		1
0.66	0.0150258	0		1
0.560151	0.0148347	0		1
0.65	0.0150258	0		1
0.64	0.0150258	0		1
0.510015	0.0150097	0		1
0.520125	0.0151294	0		1
0.485163	0.0234109	0		1
0.615105	0.0236457	0		1
0.604669	0.0235073	0		1
0.119988	0.0150608	0		1
0.07	0.0150258	0		1
0.11	0.0150258	0		1
0.08	0.0150258	0		1
0.09	0.0150258	0		1
0.1	0.0150258	0		1
0.324807	0.0073184	0		1
0.254793	0.00728183	0		1
0.224735	0.00720985	0		1
0.174792	0.00727835	0		1
0.475151	0.023139	0		1
0.535275	0.0229568	0		1
0.584972	0.00653446	0		1
0.144736	0.00721363	0		1
0.794793	0.00728183	0		1
0.764723	0.00717751	0		1
0.734558	0.00732381	0		1
0.69	0.0150009	0		1
0.060127	0.0148381	0		1
0.954807	0.00731775	0		1
0.94	0.0150506	0		1
0.31	0.0150506	0		1
0.239668	0.0144768	0		1
0.21	0.0150506	0		1
0.779669	0.0144808	0		1
0.749659	0.0144856	0		1
0.714928	0.0235676	0		1
0.5	0.0150009	0		1
0.550052	0.0150649	0		1
0.63	0.0150009	0		1
0.159656	0.0144862	0		1
0.575038	0.00687098	0		1
0.13	0.0150506	0		1
0.991928	0.213993	0		1
0.00656532	0.26469	0		1
0.993492	0.0552646	0		1
0.967846	0.88	0		1
0.0320683	0.0300849	0		1
0.967762	0.860329	0		1
0.00631074	0.575126	0		1
0.00732051	0.00732051	0		1
0.992679	0.992679	0		1
0.00732051	0.992679	0		1
0.0411575	0.014531	0		1
0.99273	0.00726959	0		1
0.0160351	0.127333	0		1
0.0322949	0.981086	0		1
0.972523	0.213587	0		1
0.0325414	0.0488394	0		1
0.977371	0.394465	0		1
0.984073	0.833105	0		1
0.0158182	0.382625	0		1
0.98408	0.382633	0		1
0.0227943	0.205	0		1
0.0228735	0.115584	0		1
0.0230483	0.0841787	0		1
0.0228128	0.394449	0		1
0.0231073	0.945445	0		1
0.022709	0.185	0		1
0.0226843	0.325	0		1
0.0227785	0.96504	0		1
0.97733	0.845136	0		1
0.0138892	0.93044	0		1
0.0329497	0.0629896	0		1
0.0157555	0.312899	0		1
0.987094	0.810846	0		1
0.986929	0.479606	0		1
0.9869	0.739541	0		1
0.986833	0.0297239	0		1
0.986589	0.669893	0		1
0.986771	0.149987	0		1
0.986188	0.119473	0		1
0.976959	0.793938	0		1

Triangles
25900
378	484	6989	1
5806	8442	9784	1
443	6899	8005	1
5227	8450	10823	1
5223	7781	11609	1
5227	8450	11591	1
5223	7781	11590	1
377	378	6989	1
5806	8442	11586	1
484	6989	11608	1
443	6899	11643	1
5	6	7488	1
9	6945	11666	1
9	6945	11683	1
8442	9784	11605	1
500	7489	7491	1
7779	7781	11609	1
5	7488	11801	1
7776	9823	11587	1
7776	9823	11824	1
6884	7491	7868	1
8450	10823	11608	1
6899	8005	11605	1
8042	11677	11734	1
7884	11685	11791	1
8336	11678	11783	1
18	11665	11774	1
21	11661	11770	1
26	11659	11769	1
29	11658	11768	1
8448	8450	11591	1
4763	7772	11557	1
7781	7782	11590	1
6893	7931	11643	1
6893	7931	11806	1
7491	7868	11798	1
438	11685	11791	1
488	11678	11783	1
6941	11665	11774	1
6937	11661	11770	1
6936	11659	11769	1
8478	11658	11768	1
559	11677	11734	1
8442	8443	11586	1
500	7489	11690	1
7883	7884	11303	1
2647	8356	11310	1
2334	8347	11309	1
6159	8265	11275	1
6882	7884	11303	1
6322	7248	8470	1
2342	7248	8470	1
6308	9465	11315	1
6308	8356	11310	1
8420	8421	11246	1
6737	8347	11309	1
5988	8184	11230	1
5392	7855	10720	1
6308	8356	11315	1
6029	7243	10714	1
5762	7157	9790	1
6913	7855	10720	1
5762	7157	7823	1
5027	8265	11275	1
5407	7168	7822	1
4864	6028	10679	1
5407	7168	7823	1
1160	7243	10714	1
6028	7254	10679	1
8059	8060	11279	1
4335	7883	11303	1
2650	7822	10503	1
6761	8420	11246	1
2342	8819	11298	1
4602	5762	7823	1
2647	8347	11310	1
6977	8655	10786	1
7168	7822	10503	1
5988	9527	11230	1
2334	8470	11309	1
5523	7347	10522	1
4602	7168	7823	1
5392	7157	10720	1
524	7778	7779	1
4808	8060	11279	1
5391	7157	7823	1
5391	5407	7823	1
7408	7424	10559	1
455	7781	7782	1
5911	7347	10522	1
7821	7822	10431	1
2342	7248	11298	1
6028	6029	10714	1
5766	10735	10752	1
524	7777	7778	1
7248	11298	11307	1
393	394	7777	1
469	7774	7775	1
391	392	7780	1
469	7773	7774	1
455	7780	7781	1
5407	7822	10431	1
7157	9790	10720	1
4864	4865	10679	1
395	469	7773	1
5385	7370	7824	1
389	390	7783	1
5385	5387	7824	1
4965	7424	10559	1
6457	7819	10412	1
2469	2471	7409	1
4808	11279	11282	1
2650	7819	10503	1
2895	7370	7824	1
6752	8265	11280	1
5521	5524	7441	1
395	396	7773	1
4758	8655	10786	1
6752	11280	11282	1
393	524	7777	1
6645	7329	10738	1
5222	7329	10738	1
6159	8420	11275	1
7243	10735	10752	1
391	455	7780	1
1160	7243	10735	1
6123	8059	8199	1
5520	5521	7441	1
392	524	7780	1
394	469	7777	1
2895	7370	7870	1
4071	7406	7408	1
484	8449	8450	1
389	523	7783	1
5520	7391	7441	1
4071	7406	7555	1
4711	10782	10803	1
6028	7254	10714	1
379	380	8449	1
8057	8059	8199	1
5520	7391	7716	1
5523	5923	10522	1
2207	7841	10399	1
396	7770	7773	1
4865	6425	10670	1
390	455	7783	1
2471	4071	7409	1
5923	5925	10683	1
7892	7893	8859	1
4070	10412	10645	1
4532	7893	8859	1
379	484	8449	1
4752	4754	10383	1
565	7487	7488	1
7840	7841	10399	1
396	397	7770	1
5513	8057	8199	1
2237	7819	10412	1
2639	2641	7870	1
3453	7716	10007	1
4754	4756	9976	1
4756	9932	9976	1
398	493	7486	1
380	8447	8449	1
2469	7409	9525	1
7774	7775	7776	1
524	7779	7780	1
7408	7409	10559	1
6457	7819	10503	1
7892	8275	8859	1
2183	8784	10516	1
7821	7824	10431	1
7487	7488	7489	1
7892	7894	8275	1
2475	2477	8770	1
7486	7487	7768	1
455	7782	7783	1
565	7486	7487	1
4071	7408	7409	1
380	381	8447	1
7487	7490	7768	1
2639	2895	7870	1
2475	7555	8770	1
4289	9901	10309	1
493	7486	7768	1
2230	8235	9851	1
4724	6884	7868	1
399	400	565	1
2473	2475	7555	1
3707	7870	9636	1
399	565	7486	1
5518	7716	8160	1
2473	4071	7555	1
8235	8561	9851	1
469	7775	7777	1
7391	7716	10007	1
2896	3949	7989	1
5384	6844	7679	1
4300	4724	7868	1
4110	7643	8863	1
7406	7407	7555	1
4298	4723	7899	1
435	8444	8445	1
2641	3707	7870	1
382	435	8444	1
435	8445	8446	1
6881	7615	7899	1
2235	4449	10254	1
2640	2896	7989	1
6843	6884	6945	1
5518	5520	7716	1
7407	7555	8770	1
3454	3456	8459	1
5388	6845	7806	1
1173	1174	8421	1
6040	7840	7841	1
3949	7843	7989	1
3911	4300	4301	1
8234	8235	9994	1
3707	3911	9636	1
4298	7899	8811	1
4300	4301	4724	1
1162	1172	8184	1
5513	8056	8057	1
5524	10660	10824	1
4723	6881	7899	1
5038	6040	7840	1
4724	5194	6843	1
2893	3885	8355	1
6887	7883	7884	1
4725	6887	7883	1
1173	1186	8421	1
5194	5384	7679	1
4070	7890	7891	1
381	435	8447	1
397	493	7770	1
1343	5513	9120	1
1426	1736	8056	1
2477	2481	8770	1
1736	3356	8056	1
5699	8631	9550	1
2647	8355	8356	1
5194	6843	7679	1
4301	4724	5194	1
388	523	7931	1
1172	5988	8184	1
2382	2650	7819	1
3456	4444	8459	1
4754	9976	10383	1
3453	7716	8160	1
3949	4291	7843	1
2895	7821	7824	1
3885	6158	8355	1
2017	4070	7890	1
385	525	8005	1
7489	7490	7491	1
1737	1739	7894	1
7779	7780	7781	1
5386	5388	7806	1
397	398	493	1
1737	7894	8275	1
7769	7771	7772	1
5513	8199	9120	1
7370	7870	9636	1
1119	3349	8018	1
8234	9994	10038	1
8385	8386	9721	1
5235	6833	8042	1
382	383	8444	1
1174	8421	11246	1
4449	8134	10254	1
7890	7892	7894	1
3911	4282	4300	1
2638	2895	7821	1
525	8441	8442	1
2753	8631	9550	1
2491	6476	8093	1
5194	5383	5384	1
6823	6887	6941	1
6632	9901	10309	1
5390	6845	7854	1
2485	5518	8160	1
2884	3933	8166	1
5386	6844	7806	1
5384	5386	6844	1
3356	8056	8057	1
4724	6843	6884	1
2237	2382	7819	1
2382	2638	2650	1
398	399	7486	1
384	525	8441	1
4335	6158	11308	1
2650	7821	7822	1
7775	7777	7778	1
5384	5385	5386	1
4326	4725	7883	1
7891	7892	7893	1
5911	7347	10579	1
3650	5762	8589	1
3453	6476	10007	1
3931	4298	8811	1
5392	7854	7855	1
8166	8167	8998	1
3454	8093	8459	1
4709	5038	7840	1
1739	1955	7894	1
4725	6823	6887	1
1150	1162	8184	1
2636	2893	8355	1
1884	6159	8419	1
2017	2111	4070	1
1955	2017	7890	1
7890	7891	7892	1
5912	7843	7844	1
952	1058	8261	1
7844	7989	10206	1
3742	8863	9516	1
5390	5391	5392	1
4707	4709	5912	1
5386	5387	5388	1
5388	5390	6845	1
7643	8863	9516	1
2893	3884	3885	1
1214	1884	8419	1
5390	5392	7854	1
8167	8998	9664	1
2380	2647	8347	1
3884	3885	4326	1
6476	8093	8459	1
5179	6822	8336	1
2638	2650	7821	1
5388	5389	5390	1
387	443	7931	1
2246	2334	2380	1
1363	1426	8056	1
2485	2486	8160	1
4709	5912	7840	1
5038	6022	6040	1
3885	4326	4335	1
394	395	469	1
4229	4231	8562	1
4326	4335	7883	1
5323	6752	8265	1
2645	3188	8385	1
3356	8057	8058	1
1426	1735	1736	1
2544	2884	8166	1
6822	8477	8478	1
386	443	8005	1
4983	8385	8386	1
2207	10337	10399	1
2110	2334	8470	1
2491	2492	8093	1
6833	6882	6937	1
390	391	455	1
392	393	524	1
1343	1363	5513	1
3188	4293	8385	1
1998	1999	2109	1
1955	7890	7894	1
1736	1938	1939	1
2110	2246	2334	1
5519	5520	5521	1
3356	8058	8819	1
6158	8355	8356	1
1938	1939	1998	1
4291	4707	7843	1
2109	2110	2246	1
3452	5518	5519	1
5467	8235	8561	1
388	389	523	1
4293	4983	8385	1
1278	1343	9120	1
1150	8183	8184	1
5523	5524	7347	1
7843	7844	7989	1
4301	5194	5383	1
2334	2380	8347	1
5383	5384	5385	1
6159	8419	8420	1
2380	2636	2647	1
1735	1736	1938	1
1939	1998	1999	1
5521	5522	5523	1
386	387	443	1
5181	6822	8477	1
1134	1150	8183	1
8441	8442	8443	1
4807	5506	8233	1
1058	1081	8261	1
3707	3910	3911	1
1214	1277	1884	1
4965	7424	10512	1
1119	1125	8018	1
1999	2109	2110	1
5234	5497	6834	1
2483	2485	3452	1
2485	3452	5518	1
5222	6278	7329	1
4864	4866	6028	1
2230	8235	9994	1
4229	8562	8775	1
5497	7899	8811	1
5518	5519	5520	1
2481	2483	9719	1
2491	3453	6476	1
1125	1134	2148	1
1162	1171	1172	1
4300	4763	7868	1
4503	5467	8561	1
2489	2491	3453	1
3456	3457	3742	1
1081	1119	3349	1
5385	5386	5387	1
384	385	525	1
5925	7408	7424	1
3624	3736	8775	1
8386	9721	9817	1
5467	8233	8234	1
8058	8059	8060	1
5391	5392	7157	1
1186	1214	8419	1
1186	8419	8421	1
4293	4703	4983	1
1363	5513	8056	1
6476	8459	9873	1
3454	3455	3456	1
3933	8166	8998	1
4326	4327	4725	1
5521	5523	5524	1
1172	1173	1174	1
5235	6157	6833	1
4306	5497	8811	1
4707	5912	7843	1
4306	5234	5497	1
5234	5235	8042	1
2503	3454	3455	1
4306	4307	5234	1
2636	2647	8355	1
3931	3933	4298	1
4725	5196	6823	1
4445	4446	4864	1
6835	6881	6936	1
5323	6123	6752	1
2496	2503	8806	1
5497	6834	7615	1
383	384	8441	1
4723	5177	6835	1
1171	1172	1173	1
381	382	435	1
2495	2503	3454	1
2382	2383	2638	1
5323	6159	8265	1
5389	5390	5391	1
2884	3931	3933	1
3742	4444	4445	1
4707	4708	4709	1
6029	6031	7243	1
2544	2545	8166	1
2237	2238	2382	1
4298	4299	4723	1
4503	4807	5467	1
5387	5388	5389	1
2636	2637	2893	1
3455	3456	3457	1
2893	2894	3884	1
8057	8058	8059	1
1125	2148	8018	1
4866	6028	6029	1
6425	7441	10660	1
1081	3349	8261	1
4445	4864	4866	1
4754	4755	4756	1
1884	4439	5323	1
4709	4710	5038	1
378	379	484	1
2884	2885	3931	1
4807	5467	8233	1
387	388	7931	1
4752	4753	4754	1
5177	5179	8336	1
2110	2342	8470	1
5519	5521	5522	1
5522	5523	5923	1
2545	8166	8167	1
2185	2235	4449	1
3933	4298	4299	1
2365	2544	2545	1
383	8441	8444	1
6157	6833	6882	1
2380	2381	2636	1
2638	2639	2895	1
385	386	8005	1
5177	6835	8336	1
5179	5181	6822	1
1134	2148	8183	1
3736	4229	8775	1
1736	1939	3356	1
5038	5052	6022	1
2486	2489	8160	1
2544	2546	2884	1
4291	4706	4707	1
1277	1884	4439	1
4231	4501	8562	1
2111	2113	2237	1
3932	3991	4306	1
4446	4864	4865	1
4299	4723	5177	1
4439	5323	6123	1
2495	2496	2503	1
3457	3789	8863	1
2064	2183	8784	1
4299	5178	8998	1
4737	4751	4752	1
5022	8743	8744	1
5234	6834	8042	1
4390	5699	9550	1
2489	2490	2491	1
2489	3453	8160	1
2481	2482	2483	1
1172	1174	5988	1
1884	5323	6159	1
2365	2366	2544	1
2752	5022	9052	1
4501	4503	8561	1
3931	3932	8811	1
4723	6835	6881	1
3933	4299	8998	1
1214	1215	1277	1
2017	2077	2111	1
5699	5701	8631	1
2483	2484	2485	1
4307	5234	5235	1
3456	3742	4444	1
3650	4602	5762	1
4444	4445	4446	1
4807	5505	5506	1
927	939	9287	1
2492	2494	2495	1
1955	2008	2017	1
2492	2495	8093	1
2641	3181	3707	1
2477	2480	2481	1
936	3657	9301	1
2235	2236	2365	1
1939	3356	8819	1
1426	1427	1735	1
435	8446	8447	1
2185	2186	2235	1
1363	1364	1426	1
2518	5022	8743	1
952	8261	9301	1
1174	5988	11247	1
2885	3931	3932	1
5467	8234	8235	1
1343	1344	1363	1
6031	6032	6758	1
4501	4502	4503	1
2183	2184	2185	1
6029	6030	6031	1
1186	1187	1214	1
2471	2473	4071	1
3991	4306	4307	1
4503	4806	4807	1
3885	4335	6158	1
5177	5178	5179	1
8446	8447	8448	1
8448	8449	8450	1
8743	8744	8860	1
2495	3454	8093	1
1999	2342	8819	1
5701	5702	5801	1
1999	2110	2342	1
2109	4532	8730	1
2486	2488	2489	1
8443	8444	8445	1
5699	5700	5701	1
1150	1161	1162	1
1134	1149	1150	1
1119	1124	1125	1
1125	1133	1134	1
1162	1170	1171	1
3932	4306	8811	1
5179	5180	5181	1
4865	10670	10679	1
2546	2884	2885	1
4501	8561	8562	1
2064	2182	2183	1
1173	1175	1186	1
4753	4754	4755	1
3457	3742	8863	1
2494	2495	2496	1
4755	4756	4757	1
8561	8562	9851	1
4231	4255	4501	1
1081	1118	1119	1
1278	1282	1343	1
4532	7893	10335	1
2490	2491	2492	1
6977	6979	8655	1
3884	4326	4327	1
4875	6308	9465	1
4282	4300	4763	1
4751	4752	4753	1
2246	2380	2381	1
2366	2544	2546	1
3452	9713	9719	1
5497	7615	7899	1
1998	2109	4532	1
3827	4666	5938	1
4390	4668	5699	1
3455	3457	3458	1
2518	2752	5022	1
2236	2365	2366	1
5505	5506	6322	1
5387	7824	10431	1
1739	1954	1955	1
4865	5541	6425	1
1939	1999	8819	1
5923	5924	5925	1
2419	2518	8743	1
2752	3827	9052	1
4708	4709	4710	1
7771	7773	7774	1
2488	2489	2490	1
4299	5177	5178	1
4866	6029	6030	1
6032	6758	6759	1
6425	7391	7441	1
6030	6031	6032	1
5925	7406	7408	1
2184	2185	2186	1
2186	2235	2236	1
5178	5179	5180	1
2484	2485	2486	1
4710	5038	5052	1
3827	5938	9052	1
2482	2483	2484	1
4706	4707	4708	1
2480	2481	2482	1
6457	10412	10645	1
2481	8770	9719	1
5052	6022	6023	1
2381	2636	2637	1
5196	6823	6913	1
6251	6977	10786	1
8419	8420	8421	1
4327	4725	5196	1
1058	1080	1081	1
2182	2183	2184	1
3735	4227	5730	1
4806	4807	5505	1
1738	1876	9525	1
4255	4501	4502	1
929	936	3657	1
927	929	9287	1
4502	4503	4806	1
2637	2893	2894	1
5235	5294	6157	1
7487	7489	7490	1
5700	5701	5702	1
4668	5699	5700	1
3932	3990	3991	1
4666	5938	5939	1
5222	6277	6278	1
15	16	9132	1
4439	6123	8199	1
4703	5221	5222	1
1171	1173	1175	1
8441	8443	8444	1
4866	6030	9516	1
936	952	9301	1
1735	1938	8275	1
1174	11246	11247	1
3742	4445	9516	1
4293	4702	4703	1
4988	6632	6633	1
3735	5730	9614	1
6278	6893	6894	1
4756	4757	10639	1
4446	4865	5541	1
929	3657	9287	1
6977	6978	6979	1
3657	9287	9288	1
2230	9469	9851	1
493	7768	7769	1
4737	4752	9901	1
2496	2497	2498	1
1938	8275	8859	1
2207	7841	10508	1
2109	2246	8730	1
1277	1278	9120	1
2492	2493	2494	1
3188	4292	4293	1
1215	1277	1278	1
4875	5789	6308	1
1187	1214	1215	1
1124	1125	1133	1
1133	1134	1149	1
1149	1150	1161	1
6476	9873	10007	1
7407	9713	9719	1
8447	8448	8449	1
5522	5923	5924	1
1118	1119	1124	1
4757	4758	6728	1
1364	1426	1427	1
1876	2469	9525	1
2894	3650	8589	1
3452	5519	9713	1
1344	1363	1364	1
1080	1081	1118	1
3624	8775	9469	1
1161	1162	1170	1
1735	1737	8275	1
5541	6425	7391	1
1175	1186	1187	1
4757	10639	10652	1
1282	1343	1344	1
1427	1735	1737	1
4737	4750	4751	1
2517	2751	2753	1
3736	4228	4229	1
14	15	447	1
2064	2181	2182	1
2885	3932	3990	1
6030	7643	9516	1
2238	2382	2383	1
2477	2479	2480	1
5939	6760	6761	1
2008	2017	2077	1
4231	4254	4255	1
4229	4230	4231	1
4289	4736	4737	1
2113	2237	2238	1
4390	4667	4668	1
3462	6458	6459	1
2419	2517	2518	1
5702	6131	6132	1
2518	2751	2752	1
2366	2546	2916	1
4307	5235	5294	1
3278	4389	4390	1
5227	10808	10823	1
1954	1955	2008	1
4988	6633	9581	1
3462	6459	9414	1
3827	4389	4666	1
5805	10099	10132	1
8775	9469	9851	1
2475	2476	2477	1
3918	4288	4289	1
7769	7770	7771	1
27	28	488	1
2752	3278	3827	1
5924	5925	7406	1
2486	2487	2488	1
2184	2186	2230	1
2494	2496	2497	1
1277	4439	9120	1
2503	3455	9407	1
6032	7643	9278	1
24	25	432	1
6030	6032	7643	1
2181	3624	3735	1
2383	2638	2639	1
3181	3707	3910	1
2077	2111	2113	1
2872	3917	3918	1
4230	4254	4604	1
2490	2492	2493	1
4227	4228	5910	1
16	17	518	1
2473	2474	2475	1
3735	3736	4227	1
4502	4806	4808	1
1938	1998	8859	1
3910	3911	4282	1
4445	4866	9516	1
3990	3991	4875	1
4666	5939	6760	1
4667	4668	6137	1
5700	5702	6131	1
2181	2182	3624	1
5389	5391	5407	1
22	23	559	1
3724	9681	9768	1
2517	2518	2751	1
2483	3452	9719	1
3720	6463	7254	1
2063	2064	2181	1
4755	4757	4758	1
4389	4390	4667	1
1171	1175	9681	1
4228	4229	4230	1
4254	4604	5027	1
5505	6322	7248	1
2471	2472	2473	1
3624	3735	3736	1
3278	3827	4389	1
3736	4227	4228	1
2751	2752	3278	1
4230	4231	4254	1
13	14	9326	1
4751	4753	5227	1
1170	3720	5752	1
2894	3884	8589	1
5752	6463	6723	1
4291	4705	4706	1
5178	8998	9664	1
5752	9681	9768	1
1279	1297	5911	1
2493	2494	9226	1
5221	5222	6277	1
6978	6979	6989	1
19	20	438	1
4702	4703	5221	1
8631	10099	10132	1
2484	2486	2487	1
1876	2012	2469	1
2645	8385	9721	1
23	24	9356	1
2469	2470	2471	1
6976	6977	6978	1
4292	4293	4702	1
4439	8199	9120	1
5178	5180	9664	1
5383	5385	7370	1
5762	8589	9790	1
6277	6278	6893	1
936	940	952	1
1118	1124	5766	1
4668	5700	9459	1
7407	8770	9719	1
12	13	550	1
952	1053	1058	1
1058	1068	1080	1
2494	2497	9226	1
2182	2184	9469	1
4444	8459	9873	1
929	933	936	1
927	928	929	1
3990	4875	5788	1
4875	5788	5789	1
2487	2488	3462	1
2488	2490	9414	1
2894	3441	3650	1
5788	5789	6664	1
4736	4737	4750	1
2487	3462	4988	1
3949	4290	4291	1
5789	6664	6737	1
5522	5924	9713	1
2182	3624	9469	1
3720	5752	6463	1
3991	4875	9465	1
1161	1170	3720	1
2479	2480	2532	1
4602	5344	7168	1
4667	6137	9527	1
3650	4601	4602	1
4228	5910	9532	1
1133	1149	1160	1
2476	2477	2479	1
2546	2885	9690	1
4288	4289	4736	1
4666	6760	9526	1
1170	1171	9681	1
1278	1279	1282	1
5519	5522	9713	1
2508	5987	9804	1
1080	1118	9539	1
3991	4307	9465	1
5052	6023	6645	1
2246	2381	8730	1
4988	6458	6632	1
3917	3918	4288	1
11	12	9722	1
4708	4710	4711	1
5700	6131	9459	1
2474	2475	2476	1
4389	4666	9526	1
5924	7406	7407	1
1175	1187	3724	1
4444	4446	9873	1
4288	4736	4738	1
2546	2916	9690	1
2012	2470	4572	1
2184	2230	9469	1
3278	4390	9550	1
3462	4988	6458	1
1998	4532	8859	1
5180	5183	9664	1
2472	2473	2474	1
2479	2532	2645	1
2063	2181	9614	1
1118	5766	9539	1
1215	1278	1279	1
2181	3735	9614	1
2896	3948	3949	1
2490	2493	9414	1
1175	3724	9681	1
2751	2753	9550	1
2472	2474	2478	1
4667	9526	9527	1
4668	6137	9459	1
2645	2872	3188	1
4292	4702	5806	1
3188	3917	4292	1
3884	4327	8589	1
2885	3990	9690	1
4389	4667	9526	1
2470	2471	2472	1
2488	3462	9414	1
5701	5801	10132	1
4228	4230	9532	1
2532	2645	2872	1
2872	3188	3917	1
3911	4301	9636	1
2482	2484	9581	1
2637	2894	3441	1
1170	5752	9681	1
1737	1738	1739	1
5221	6277	6899	1
1080	1116	9539	1
2012	2469	2470	1
1279	1282	1297	1
4601	5344	5809	1
3441	4601	9741	1
1344	1364	4965	1
4230	4604	9532	1
1739	1876	1954	1
4307	5294	9465	1
14	447	9326	1
5924	7407	9713	1
7844	10206	10337	1
4705	4706	5223	1
7770	7771	7773	1
23	559	9356	1
15	447	9132	1
1427	1737	1738	1
2476	2479	9721	1
7844	10337	10399	1
1876	1954	2012	1
24	432	9356	1
3441	3650	4601	1
4290	4291	4705	1
3720	7254	9714	1
1738	1739	1876	1
6459	9932	9976	1
3990	5788	9690	1
4601	4602	5344	1
2751	3278	9550	1
2077	2113	2207	1
2186	2230	9994	1
6645	7329	10782	1
5506	8233	10524	1
2517	2753	9997	1
5752	6723	9768	1
1149	1161	9714	1
3918	4289	10309	1
4757	6728	10652	1
5344	5809	6457	1
2484	2487	9581	1
7329	10782	10803	1
13	550	9326	1
8562	8775	9851	1
4290	4705	5208	1
1279	5911	9765	1
2639	2640	2641	1
4446	5541	9873	1
2366	2916	10038	1
4601	5809	9741	1
3948	4290	9823	1
10	11	476	1
2487	4988	9581	1
8167	9664	10141	1
1954	2008	9688	1
4327	5196	9790	1
4706	4708	9705	1
1149	1160	9714	1
2012	4572	9688	1
6418	10141	10264	1
2916	9690	9993	1
16	518	9132	1
1187	1215	9765	1
2641	2896	3181	1
3948	3949	4290	1
2479	2645	9721	1
5506	6322	10562	1
1161	3720	9714	1
2235	2365	10254	1
4289	4737	9901	1
2497	9226	9804	1
4706	5223	9705	1
2383	2639	2640	1
1738	9525	9814	1
2753	9997	10099	1
2532	10026	10200	1
2497	2499	9804	1
2381	2637	9824	1
2480	2532	10026	1
1364	1427	9814	1
1954	2012	9688	1
4702	5221	9784	1
2640	2641	2896	1
1187	3724	9765	1
2896	3181	3948	1
4752	9901	10383	1
4301	5383	9636	1
4702	5806	9784	1
2470	4572	9815	1
2186	2236	9994	1
1215	1279	9765	1
3441	9741	9824	1
6459	9414	9931	1
4292	5806	9771	1
5788	9690	9993	1
6458	6459	9976	1
4288	4738	9771	1
2493	9414	9931	1
4708	4711	9705	1
3917	4288	9771	1
2493	9226	9931	1
3917	4292	9771	1
2474	2478	9817	1
6633	9581	10026	1
2472	2478	9815	1
1364	4965	9814	1
2482	9581	10026	1
2637	3441	9824	1
2470	2472	9815	1
2474	2476	9817	1
3948	9823	10049	1
5221	6899	9784	1
5383	7370	9636	1
9931	9932	10279	1
8233	8234	10441	1
2476	9721	9817	1
5912	7840	10399	1
12	550	9722	1
2480	2482	10026	1
5541	7391	10007	1
5541	9873	10007	1
493	7769	7770	1
1427	1738	9814	1
3910	4282	4739	1
2236	2366	10038	1
4290	5208	9823	1
2111	2237	10412	1
4327	8589	9790	1
2381	8730	9824	1
6459	9931	9932	1
5730	9614	10108	1
2753	8631	10099	1
2872	3918	10200	1
5183	9664	10141	1
4449	8134	10351	1
5788	6664	9993	1
5294	9465	11315	1
8744	8860	10381	1
8183	8184	11230	1
8167	10141	10264	1
6728	10652	10669	1
2236	9994	10038	1
2640	7989	10206	1
5701	8631	10132	1
2545	10254	10264	1
6633	10026	10200	1
3181	3948	10049	1
3181	3910	10049	1
5801	10132	10255	1
7	8	500	1
11	476	9722	1
5506	10524	10562	1
4532	8730	10335	1
2148	8183	11229	1
9226	9931	10279	1
8744	10381	10446	1
2545	8167	10264	1
8134	10254	10264	1
4449	10351	10516	1
2383	2640	10206	1
3910	4739	10049	1
4983	10738	10875	1
5910	10446	10495	1
5938	9052	10538	1
5938	5939	10577	1
5805	10132	10255	1
2238	2383	10206	1
2532	2872	10200	1
2183	2185	10516	1
3349	8018	11220	1
6458	6632	10383	1
5022	9052	10495	1
4227	5910	10446	1
2916	10038	10441	1
2365	2545	10254	1
2148	8018	11226	1
5387	5389	10431	1
2113	2207	10337	1
8183	11229	11230	1
6632	9901	10383	1
5939	10577	10598	1
6418	8134	10264	1
5923	10522	10683	1
5939	6761	10598	1
5987	9804	10279	1
6632	6633	10309	1
3918	10200	10309	1
9226	9804	10279	1
7891	7893	10606	1
6463	6723	10670	1
1282	1297	10512	1
8234	10038	10441	1
2113	2238	10337	1
2238	10206	10337	1
8233	10441	10524	1
2148	11226	11229	1
1344	4965	10512	1
2077	2207	10508	1
5730	10108	10381	1
5344	6457	10503	1
2008	9688	10508	1
4070	7891	10645	1
6633	10200	10309	1
1297	10512	10683	1
5938	10538	10577	1
9052	10495	10538	1
8018	11220	11226	1
5912	7844	10399	1
8730	9824	10335	1
9741	9824	10335	1
2111	4070	10412	1
6458	9976	10383	1
8744	10446	10495	1
5730	10381	10446	1
7891	10606	10645	1
5389	5407	10431	1
4227	5730	10446	1
6737	8347	11310	1
3724	9768	10579	1
9688	10508	10686	1
6425	10660	10670	1
2916	9993	10441	1
5801	11169	11197	1
5022	8744	10495	1
5344	7168	10503	1
2185	4449	10516	1
5911	9765	10579	1
2008	2077	10508	1
1282	1344	10512	1
5925	7424	10683	1
6040	7841	10686	1
1297	5911	10522	1
7893	10335	10606	1
9525	9814	10559	1
7409	9525	10559	1
6723	10660	10824	1
5910	9532	10538	1
6031	6758	10752	1
4703	5222	10738	1
9993	10441	10524	1
5910	10495	10538	1
9741	10335	10606	1
6664	10524	10562	1
6664	9993	10524	1
6022	6040	10725	1
7424	10512	10683	1
5524	7441	10660	1
9768	10579	10824	1
6022	6023	10784	1
1133	1160	10735	1
6664	6737	10562	1
1124	5766	10735	1
5196	9790	10720	1
4965	9814	10559	1
6040	10686	10725	1
6023	10784	10804	1
9532	10538	10577	1
4604	10577	10598	1
4604	9532	10577	1
7841	10508	10686	1
3724	9765	10579	1
6278	6894	10803	1
7254	9714	10714	1
4604	5027	10598	1
5052	6645	10782	1
4710	4711	10782	1
8655	10808	10823	1
4758	8655	10808	1
5524	7347	10824	1
6723	10660	10670	1
4755	4758	10808	1
4753	5227	10808	1
6463	7254	10679	1
5809	9741	10606	1
6645	10738	10875	1
9932	10279	10639	1
4756	9932	10639	1
6022	10725	10784	1
5987	10639	10652	1
5809	10606	10645	1
4711	9705	10833	1
7347	10579	10824	1
5809	6457	10645	1
5986	5987	10652	1
5987	10279	10639	1
8386	9817	10804	1
4572	9688	10686	1
4572	10686	10725	1
9301	11178	11218	1
4983	8386	10875	1
8386	10804	10875	1
5196	6913	10720	1
5766	9539	10941	1
1160	9714	10714	1
1124	1133	10735	1
4703	4983	10738	1
4572	9815	10725	1
6031	7243	10752	1
8060	11298	11307	1
6463	10670	10679	1
6758	10752	10941	1
1297	10522	10683	1
4710	5052	10782	1
4758	6728	10786	1
9815	10725	10784	1
2478	9815	10784	1
2478	10784	10804	1
4808	8060	11307	1
6278	7329	10803	1
6752	11279	11282	1
4753	4755	10808	1
2478	9817	10804	1
6979	8655	10823	1
4711	10803	10833	1
6894	10803	10833	1
6723	9768	10824	1
6023	10804	10875	1
5027	8265	11280	1
6758	10941	11077	1
5766	10752	10941	1
5702	6132	11169	1
6322	8470	11309	1
6023	6645	10875	1
9287	9288	11187	1
6123	8059	11279	1
3349	8261	11218	1
9288	11169	11197	1
6728	10769	10786	1
3709	9539	10941	1
3657	9301	11178	1
9526	9527	11247	1
5988	9527	11247	1
5801	10255	11197	1
4254	5027	11280	1
4502	4808	11282	1
4335	11303	11308	1
8058	8819	11298	1
6132	11178	11218	1
6158	8356	11315	1
5294	6157	11308	1
4806	4808	11307	1
5505	7248	11307	1
5789	6737	11310	1
6322	10562	11309	1
6761	8420	11275	1
6761	10598	11275	1
9288	11187	11197	1
3657	9288	11178	1
5702	5801	11169	1
6132	11169	11178	1
3349	11218	11220	1
939	9287	11187	1
6144	10255	11197	1
8261	9301	11218	1
6131	6132	11220	1
6131	11220	11226	1
6131	9459	11226	1
6137	9459	11229	1
9459	11226	11229	1
6137	9527	11230	1
6137	11229	11230	1
6760	6761	11246	1
6760	9526	11247	1
6760	11246	11247	1
6123	6752	11279	1
4254	4255	11280	1
4255	4502	11282	1
4255	11280	11282	1
6144	11187	11197	1
9288	11169	11178	1
8058	8060	11298	1
6157	6882	11303	1
4806	5505	11307	1
5789	6308	11310	1
6158	11308	11315	1
5027	10598	11275	1
5294	11308	11315	1
6737	10562	11309	1
6132	11218	11220	1
6157	11303	11308	1
7490	7768	11557	1
7769	7772	11557	1
4763	7772	11809	1
7768	7769	11557	1
523	7783	11566	1
7774	7776	11573	1
7771	7772	11573	1
4736	4738	11575	1
500	7491	11804	1
7782	7783	11566	1
4738	9771	11586	1
7775	7778	11587	1
9705	10833	11590	1
7776	11573	11824	1
4750	4751	11591	1
8445	8446	11575	1
7771	7774	11573	1
443	7931	11643	1
525	8442	11605	1
6979	6989	11608	1
4705	5208	11609	1
4736	4750	11575	1
7778	11587	11816	1
523	7931	11806	1
484	8450	11608	1
6277	6899	11643	1
427	6978	11712	1
4739	11573	11824	1
28	29	11658	1
25	26	11659	1
20	21	11661	1
17	18	11665	1
8	9	11666	1
6833	8042	11677	1
6835	8336	11678	1
6887	7884	11685	1
9	10	11683	1
7	500	11690	1
7490	7491	11798	1
5208	9823	11587	1
6894	10833	11815	1
27	488	11769	1
22	559	11770	1
19	438	11774	1
6843	6945	11779	1
6881	6936	11784	1
6822	8478	11783	1
6823	6941	11793	1
6882	6937	11791	1
1	400	11801	1
1	5	11801	1
565	7488	11801	1
4282	4763	11809	1
9823	10049	11824	1
6899	9784	11605	1
6894	11566	11815	1
5806	9771	11586	1
7775	7776	11587	1
5208	11587	11816	1
4738	11575	11819	1
8446	11575	11814	1
5223	9705	11590	1
4751	5227	11591	1
4750	11575	11814	1
525	8005	11605	1
6979	10823	11608	1
4705	5223	11609	1
6884	6945	11804	1
8445	11575	11819	1
6	7488	11690	1
377	6989	11712	1
7772	11573	11809	1
4763	7868	11798	1
8478	11658	11783	1
6936	11659	11784	1
6941	11665	11793	1
6937	11661	11791	1
559	11677	11770	1
488	11678	11769	1
6945	11683	11779	1
438	11685	11774	1
6893	6894	11806	1
6277	6893	11643	1
376	377	11712	1
6884	7491	11804	1
4763	11557	11798	1
28	488	11658	1
25	432	11659	1
20	438	11661	1
17	518	11665	1
8	500	11666	1
6833	6937	11677	1
6835	6936	11678	1
10	476	11683	1
6887	6941	11685	1
6	7	11690	1
7488	7489	11690	1
6894	11566	11806	1
6978	6989	11712	1
4738	11586	11819	1
4739	11573	11809	1
432	11733	11784	1
518	11761	11793	1
476	11762	11779	1
6834	7615	11733	1
6834	8042	11734	1
6834	11733	11734	1
6913	7855	11761	1
7854	7855	11763	1
6845	7854	11766	1
7855	11761	11763	1
6845	7806	11765	1
7854	11763	11766	1
6844	7679	11762	1
6844	7806	11764	1
6845	11765	11766	1
7806	11764	11765	1
6844	11762	11764	1
559	9356	11734	1
432	9356	11733	1
9356	11733	11734	1
518	9132	11761	1
447	9132	11763	1
9132	11761	11763	1
447	11763	11766	1
447	9326	11766	1
550	9326	11765	1
550	9722	11764	1
476	9722	11762	1
550	11764	11765	1
9326	11765	11766	1
9722	11762	11764	1
7615	11733	11784	1
6913	11761	11793	1
7679	11762	11779	1
26	27	11769	1
21	22	11770	1
18	19	11774	1
6843	7679	11779	1
6882	7884	11791	1
6881	7615	11784	1
6822	8336	11783	1
6823	6913	11793	1
7490	11557	11798	1
4750	11591	11814	1
10833	11590	11815	1
400	565	11801	1
523	11566	11806	1
7778	7779	11816	1
5208	11609	11816	1
6945	11666	11804	1
4282	4739	11809	1
8446	8448	11814	1
8443	8445	11819	1
4739	10049	11824	1
8443	11586	11819	1
7782	11566	11815	1
7782	11590	11815	1
8448	11591	11814	1
500	11666	11804	1
488	11658	11783	1
432	11659	11784	1
438	11661	11791	1
518	11665	11793	1
6937	11677	11770	1
6936	11678	11769	1
6941	11685	11774	1
476	11683	11779	1
7779	11609	11816	1
427	6976	6978	1
7360	8784	10516	1
4110	7643	9278	1
3789	4110	8863	1
8743	8860	9584	1
5181	5186	8477	1
3457	3458	3789	1
2503	8806	9407	1
2496	2498	8806	1
1965	2064	8784	1
5180	5181	5182	1
925	927	939	1
6251	6976	6977	1
2419	8743	9584	1
6032	6759	9278	1
2508	5986	5987	1
1965	2063	2064	1
3455	3458	9407	1
5180	5182	5183	1
6418	6419	8134	1
2418	2419	2517	1
2497	2498	2499	1
940	952	1053	1
933	936	940	1
928	929	933	1
1068	1080	1116	1
1053	1058	1068	1
926	927	928	1
2063	4968	9614	1
1116	3709	9539	1
2499	2508	9804	1
5185	6418	10141	1
2418	2517	9997	1
6564	9997	10099	1
5129	5805	10255	1
5805	6564	10099	1
5183	5185	10141	1
4968	9614	10108	1
6419	8134	10351	1
7360	10351	10516	1
5129	6144	10255	1
9923	10108	10381	1
8860	9923	10381	1
6728	10669	10769	1
5986	10652	10669	1
6758	6759	11077	1
6251	10769	10786	1
3709	10941	11077	1
6144	11184	11187	1
939	11184	11187	1
376	427	11712	1
8477	8478	11679	1
29	30	11768	1
8478	11679	11768	1
427	6976	6980	1
7360	8784	9990	1
6759	8195	9278	1
4110	8194	9278	1
8806	9166	9407	1
3718	8860	9584	1
3789	4109	4110	1
375	376	427	1
5186	8477	8479	1
5181	5182	5186	1
2498	8358	8806	1
3458	3789	3790	1
5128	5805	6564	1
925	939	9007	1
5182	5183	5184	1
926	928	9281	1
933	940	9514	1
2498	2499	2500	1
1068	1116	1198	1
928	933	2176	1
940	1053	5669	1
1053	1068	9573	1
6417	6418	6419	1
5128	5129	5805	1
5183	5184	5185	1
2228	2418	2419	1
5129	6104	6144	1
5185	6417	6418	1
3718	8860	9923	1
1964	2063	4968	1
3458	4932	9407	1
1964	1965	2063	1
1116	1199	3709	1
6250	6251	6976	1
2228	2419	9584	1
925	926	927	1
2499	2501	2508	1
2508	4986	5986	1
1965	8784	9990	1
2418	9325	9997	1
6564	9325	9997	1
9922	9923	10108	1
4968	9922	10108	1
7355	7360	10351	1
6419	7355	10351	1
5726	10669	10769	1
4744	6251	10769	1
5986	10342	10669	1
6759	11077	11115	1
3709	9655	11077	1
6104	6144	11184	1
939	9007	11184	1
8477	8479	11679	1
30	424	11768	1
424	11679	11768	1
450	7260	11466	2
450	11466	11705	2
5646	8282	10759	2
5228	6698	7877	2
505	6927	11585	2
460	6914	8132	2
506	6925	7230	2
8344	9536	9779	2
6245	8344	9779	2
373	483	6986	2
402	6984	6991	2
505	6927	11647	2
6698	7877	11588	2
8282	10759	11598	2
5646	8282	11584	2
460	6914	11637	2
5228	6928	7877	2
373	374	6986	2
506	6925	11627	2
359	11585	11592	2
427	6976	6980	2
6927	6928	11585	2
6925	7230	11634	2
6890	7297	11705	2
427	6976	6978	2
6914	8132	11598	2
483	6986	11617	2
6250	6849	6980	2
6250	6976	6980	2
6928	11585	11592	2
5211	6991	6993	2
6890	7297	11647	2
8344	9536	11617	2
450	7297	11705	2
6849	6980	6986	2
6898	8004	11637	2
4714	5224	6993	2
7260	11466	11627	2
537	6960	11620	2
537	6960	11825	2
7876	7877	11588	2
6898	8004	11812	2
6245	8344	11620	2
4714	5211	6993	2
5224	6925	6993	2
7321	7461	8956	2
7321	7461	9989	2
4860	7443	10010	2
7074	7080	9927	2
6305	7074	9927	2
3362	7080	9927	2
5968	6771	11327	2
5552	8400	11319	2
1319	7597	8528	2
6771	7597	8528	2
3557	7054	7321	2
3557	7054	8828	2
3557	7321	8956	2
2585	2588	11283	2
6337	7461	9989	2
6337	7065	7461	2
6337	7065	7443	2
2795	2797	7203	2
2797	7106	7203	2
7065	7443	10010	2
4860	7074	7443	2
2581	2584	11263	2
6305	7074	7443	2
2795	3265	7203	2
3265	7203	7204	2
1303	9535	10889	2
2577	2580	11236	2
7143	8363	9284	2
4353	8363	9284	2
7143	9049	9284	2
3730	7143	9049	2
3730	7127	7143	2
2588	10465	10510	2
3362	7080	10465	2
5552	7184	11319	2
5475	7657	10848	2
3730	7127	9535	2
7080	10465	10510	2
2797	7106	7372	2
6074	7372	7376	2
3265	7204	7657	2
5913	6074	7376	2
7127	9535	10889	2
6771	8528	11327	2
1340	11336	11339	2
7106	7372	10993	2
3266	7657	8000	2
6062	7419	7763	2
1687	7419	7763	2
1319	1320	11328	2
1325	3352	11331	2
2798	7372	7376	2
352	402	7230	2
2261	4035	11268	2
354	506	7260	2
2797	2798	7372	2
8505	8506	10771	2
8231	8232	10551	2
1340	5552	11339	2
6074	7372	10993	2
5798	7280	10123	2
7280	8131	10123	2
3265	3266	7657	2
5475	8363	10848	2
2588	10510	11283	2
5475	7657	8000	2
353	506	7230	2
6578	8232	10551	2
357	505	7297	2
8195	10797	11115	2
3552	7383	8984	2
351	352	402	2
2584	10571	11263	2
1303	6054	10889	2
7204	7657	10848	2
352	353	7230	2
355	450	7260	2
7382	7383	8984	2
353	354	506	2
1210	1687	10878	2
6165	7280	10210	2
6025	8506	10771	2
2580	10608	11236	2
8244	8245	10832	2
2607	7580	7879	2
2605	7382	8984	2
2510	2527	10518	2
4921	6679	10898	2
356	450	7297	2
6679	8668	10898	2
2605	7382	7692	2
7763	10905	10906	2
2527	7943	8390	2
6619	7757	10397	2
7597	11328	11333	2
6433	7943	8390	2
355	356	450	2
2601	2605	7692	2
5798	7280	10210	2
6062	9724	10905	2
7383	8131	10123	2
7357	11331	11336	2
4353	8363	10848	2
354	355	7260	2
2340	8297	9292	2
2599	2601	7692	2
7579	7580	7879	2
4246	7381	10534	2
2340	9292	9624	2
5852	8410	10281	2
3352	7357	11331	2
2597	2599	9969	2
2607	7580	7880	2
6759	8195	9278	2
8194	8195	9278	2
357	358	505	2
4246	8231	10551	2
1687	7419	10878	2
8410	9292	9624	2
8208	8246	9024	2
3552	7383	10123	2
2582	7757	10397	2
4035	7418	11268	2
2527	7943	10518	2
2578	8246	9024	2
6036	8245	10832	2
5968	7054	11327	2
3561	4246	10534	2
356	357	7297	2
5640	8208	10083	2
4720	5380	7579	2
2599	7692	9969	2
5380	7579	7580	2
6171	7596	9105	2
6484	9314	10102	2
5417	7522	9253	2
9317	10125	10407	2
1319	7597	11328	2
6054	8668	10898	2
6062	7763	10905	2
6122	11204	11205	2
6475	6747	9881	2
3916	4720	7579	2
4110	8194	9278	2
8410	9624	10281	2
6475	7522	9656	2
5048	7596	9105	2
1687	7762	7763	2
5765	9314	10102	2
8208	9024	10083	2
4172	4682	7658	2
6054	8667	8668	2
2774	6175	7804	2
2608	2611	7880	2
411	7875	7876	2
3338	7579	7879	2
5417	7522	9656	2
1212	1687	7762	2
4720	5212	5213	2
370	537	8281	2
8466	9253	9558	2
411	7876	7877	2
4542	4546	8000	2
3916	4719	4720	2
2597	2602	9969	2
4246	7381	10551	2
2607	2608	7880	2
361	411	7875	2
6475	9656	9881	2
4720	5213	5380	2
6036	10814	10832	2
2591	2593	7767	2
2823	7767	9317	2
2610	2774	7804	2
3266	4542	8000	2
4883	5044	8131	2
5417	9253	9558	2
3338	3916	7579	2
363	526	8004	2
3327	8667	8668	2
5044	7280	8131	2
5009	10125	10407	2
526	7875	7878	2
2604	2607	7879	2
1317	8466	8624	2
2589	2591	2592	2
369	370	8281	2
2610	2611	7804	2
5212	5213	6865	2
2606	2607	2608	2
5852	8409	8410	2
2585	2587	2588	2
4172	6175	7658	2
6484	8358	9166	2
1330	5552	8400	2
4110	7643	9278	2
4719	4720	5212	2
2608	2609	2610	2
4661	6121	8099	2
365	460	8132	2
2604	2605	2606	2
5644	8208	8246	2
2591	2592	2593	2
5175	6927	9770	2
1281	1300	1301	2
419	8278	8279	2
6075	8231	8232	2
8633	10534	10651	2
3986	5736	8453	2
2610	2648	2774	2
4637	4860	10010	2
1301	6054	8667	2
5047	6075	8231	2
2601	2603	2604	2
3789	4110	8863	2
2774	3057	4172	2
1281	1301	8667	2
483	8343	8344	2
7875	7876	7878	2
1269	3327	8667	2
4172	4173	4682	2
1317	8465	8466	2
5842	5845	8409	2
1306	1308	8956	2
2604	2606	2607	2
7522	8453	9253	2
1281	1299	1300	2
2774	4172	6175	2
8278	8279	8282	2
6679	8668	10906	2
1247	1269	3327	2
2608	2610	2611	2
2606	2609	8984	2
2592	2593	2594	2
1269	1280	1281	2
5845	5853	8409	2
1300	1301	1302	2
5851	8803	9507	2
3443	9691	9806	2
2594	2595	2596	2
2504	6484	8358	2
2601	2604	2605	2
2606	2608	2609	2
1204	2065	8244	2
1304	1306	1307	2
2595	2596	2597	2
2609	3552	8984	2
2593	2594	2595	2
2609	2610	2648	2
2587	2588	2589	2
372	483	8343	2
5044	6164	6165	2
2596	2597	2602	2
4883	5043	5044	2
2599	2600	2601	2
2583	2584	2585	2
362	526	7875	2
4013	4164	4165	2
1302	1303	1304	2
5710	6337	9989	2
3261	4012	4013	2
4164	5048	9105	2
6470	9691	9806	2
4109	4110	8194	2
2823	3728	9317	2
1330	1331	8400	2
4012	4013	4164	2
5834	5835	8407	2
368	419	8278	2
1247	1268	1269	2
1313	1314	8465	2
5363	7382	7383	2
2648	2774	3057	2
4165	4883	5043	2
538	8278	8282	2
360	361	411	2
1200	3676	8505	2
2581	2583	2584	2
4684	4714	5211	2
2585	2586	2587	2
4546	4922	8000	2
4245	5047	8231	2
1326	3474	9124	2
4883	5363	8131	2
5644	5645	6619	2
5363	7383	8131	2
1301	1302	1303	2
1308	3557	8956	2
4165	4882	4883	2
1324	3474	8633	2
364	460	8004	2
8806	9166	9407	2
2224	4035	8408	2
5640	5641	8208	2
5048	6771	7596	2
6042	8803	9507	2
5043	5044	6164	2
1314	1317	8465	2
6619	6705	7757	2
1328	1329	1330	2
5641	5644	8208	2
5356	5475	8363	2
2589	2590	2591	2
2602	3260	3261	2
1316	1319	8528	2
3727	3929	9089	2
3057	4172	4173	2
1304	1305	1306	2
2603	2604	7879	2
4164	4795	5048	2
6771	7596	7597	2
1212	1247	7762	2
419	8279	8280	2
1306	1307	1308	2
3646	3955	8433	2
2675	8762	10101	2
1323	1324	1325	2
3647	4297	8533	2
5835	5838	8407	2
3347	8244	8245	2
1325	1326	1328	2
2597	2598	2599	2
362	363	526	2
2696	3647	8533	2
2500	2504	8358	2
5641	5643	5644	2
5224	6808	6925	2
4637	4859	4860	2
6470	7065	10010	2
2600	2601	2603	2
4297	8481	8533	2
3261	4011	4012	2
2602	3261	9280	2
5644	6619	8246	2
366	538	8132	2
1329	1330	1331	2
2065	8505	8506	2
5853	8409	8410	2
3955	4762	8433	2
2135	2224	8408	2
4922	5355	5356	2
1326	1328	1329	2
1322	1323	1324	2
2527	2528	8390	2
2577	2579	2580	2
1200	1202	8505	2
4922	5356	5475	2
8466	8624	9558	2
1210	1212	1687	2
363	364	8004	2
4165	5043	9105	2
364	365	460	2
5043	6171	9105	2
5044	6165	7280	2
6164	6171	7357	2
1331	1333	1334	2
4932	9166	9407	2
5048	5968	6771	2
6470	9691	10010	2
1202	2065	8505	2
4713	5726	8481	2
1324	1325	1326	2
4659	4661	8099	2
5840	5842	8409	2
4546	4921	4922	2
1212	1246	1247	2
3986	4352	8453	2
4860	6026	7074	2
6619	8246	10397	2
4762	5640	8433	2
5842	5844	5845	2
5356	7127	7143	2
5736	8453	9253	2
2594	3362	9446	2
1206	3347	8244	2
1204	1206	8244	2
2528	2534	2576	2
6484	9166	10102	2
1206	1208	3347	2
4762	5215	5640	2
5645	6619	6705	2
4655	6115	8740	2
5845	5846	5847	2
4661	4663	6121	2
5844	5845	5846	2
3929	4735	9089	2
1320	1322	1323	2
3728	4285	6013	2
2534	2576	2577	2
369	419	8281	2
4173	4682	8909	2
367	538	8278	2
5356	7143	8363	2
2579	2580	2581	2
1269	1281	8667	2
2510	2526	2527	2
2504	2511	6484	2
4011	5710	9397	2
6116	8194	8195	2
4882	4883	5363	2
5846	5847	5848	2
2593	7767	8496	2
4923	5053	6475	2
4654	6115	6116	2
2592	2594	3362	2
366	367	538	2
3789	4109	4110	2
6115	6116	6770	2
1318	1319	1320	2
1320	1321	1322	2
1322	1324	8633	2
5838	5840	5852	2
2591	2823	7767	2
4663	6121	6122	2
4245	4246	8231	2
4297	4713	8481	2
2526	2527	2528	2
5847	5848	5849	2
5047	6037	6075	2
361	362	7875	2
1313	3475	8465	2
5643	5644	5645	2
3728	6013	9317	2
3561	4245	4246	2
2528	2576	8390	2
2596	2602	3260	2
371	537	8343	2
3797	4636	4637	2
2504	2505	2511	2
375	376	427	2
5838	5852	8407	2
1307	1308	1309	2
4013	4165	4882	2
1310	1311	1312	2
1331	1332	1333	2
3260	3261	4011	2
5840	5852	8409	2
1308	1309	1310	2
4713	4744	5726	2
372	373	483	2
1312	1313	1314	2
365	366	8132	2
5842	5843	5844	2
4803	4923	5053	2
5053	6475	6747	2
1316	1318	1319	2
4657	4659	6118	2
4795	5048	5968	2
5215	5640	5641	2
1318	1320	1321	2
371	372	8343	2
4352	4803	4923	2
2595	2597	2598	2
368	369	419	2
4012	4164	4795	2
2223	2260	8832	2
2432	2795	2797	2
5030	6576	8574	2
370	371	537	2
4659	6118	8099	2
3475	3986	5736	2
4735	5200	5872	2
1309	1310	1311	2
4655	4657	8740	2
5355	5356	7127	2
1321	1322	1327	2
1202	1204	2065	2
3789	3790	4109	2
1316	1317	1318	2
4921	4922	5355	2
5848	5850	5998	2
3457	3458	3789	2
2500	2502	2504	2
2498	2500	8358	2
1198	1200	3676	2
4654	4655	6115	2
1337	7065	7461	2
1311	1312	1313	2
2432	2797	2798	2
1314	1315	1316	2
1247	3327	7762	2
1329	1331	1332	2
2605	2606	8984	2
1332	1333	1336	2
2224	2261	4035	2
4245	4247	5047	2
2261	2431	2432	2
2595	2598	8496	2
4109	4111	4654	2
4657	6118	8740	2
1324	1326	3474	2
5845	5847	5853	2
4109	4654	8194	2
1314	1316	1317	2
2224	2260	2261	2
4923	6475	7522	2
4173	4174	4899	2
5736	8465	8466	2
2135	2223	2224	2
1280	1281	1299	2
5840	5841	5842	2
5847	5853	9042	2
1210	1211	1212	2
1322	1327	8633	2
4654	6116	8194	2
1327	3560	3561	2
4899	4900	6743	2
3475	5736	8465	2
1312	1314	1315	2
1331	1334	8400	2
3561	3562	4245	2
2503	8806	9407	2
1268	1269	1280	2
2496	2498	8806	2
2260	2261	2431	2
2598	2599	2600	2
367	368	8278	2
2431	2432	2795	2
3986	4351	4352	2
5847	5849	9042	2
2498	8358	8806	2
5846	5848	5850	2
2502	2504	2505	2
2507	2510	10518	2
6026	7074	7080	2
5838	5839	5840	2
3676	8505	10771	2
1198	3676	9573	2
4352	4802	4803	2
5047	5058	6037	2
1313	1686	3475	2
2223	2224	2260	2
1304	1307	9535	2
3475	3985	3986	2
3790	4109	4111	2
2603	3338	7879	2
1315	1316	8528	2
4661	4662	4663	2
1305	1306	1337	2
4922	5475	8000	2
1321	3560	8624	2
1310	3557	8828	2
1246	1247	1268	2
2528	2533	2534	2
2593	2595	8496	2
3772	6065	9597	2
5843	5844	5851	2
3458	3789	3790	2
1299	1300	3443	2
1302	1304	1305	2
4111	4654	4655	2
5850	5998	5999	2
933	2176	9514	2
4636	4637	4859	2
4735	5872	9089	2
1321	1327	3560	2
4859	4860	6026	2
1323	1325	3352	2
4352	4923	8453	2
1208	1209	1210	2
3562	4245	4247	2
5851	6727	8803	2
5844	5851	9507	2
2667	2669	2675	2
5835	5837	5838	2
1301	1303	6054	2
1326	1329	9124	2
2581	2582	2583	2
5841	5842	5843	2
3772	4614	6065	2
4803	5053	8774	2
5043	6164	6171	2
2577	2578	2579	2
5641	5642	5643	2
1306	1337	8956	2
4659	4660	4661	2
4173	4899	8909	2
4164	4165	9105	2
5968	5969	7054	2
4802	4803	5303	2
1310	1312	8828	2
1318	1321	8624	2
4351	4352	4802	2
5710	6305	6337	2
2671	2673	8822	2
1317	1318	8624	2
1330	1340	5552	2
3916	3957	4719	2
4546	4920	4921	2
4011	5709	5710	2
3560	3561	3562	2
4247	5047	5058	2
3797	4637	9691	2
1206	1207	1208	2
2507	2509	2510	2
2583	2585	2586	2
3985	3986	4351	2
1686	3475	3985	2
1311	1313	1686	2
2135	2222	2223	2
3646	8433	9484	2
1053	5669	9573	2
1307	3730	9535	2
928	2176	9281	2
2505	2506	2507	2
5058	6037	6731	2
4655	4656	4657	2
4657	4658	4659	2
5839	5840	5841	2
2510	2525	2526	2
419	8280	8281	2
1204	1205	1206	2
1308	1310	3557	2
2511	6484	9314	2
2609	2648	3552	2
1332	1336	5610	2
4923	7522	8453	2
6251	6976	6977	2
5303	6338	7106	2
4543	4545	5834	2
4762	5214	5215	2
4174	4899	4900	2
4803	5303	8774	2
2795	2796	3265	2
5363	6453	7382	2
926	928	9281	2
3955	4761	4762	2
5837	5838	5839	2
4662	4663	4901	2
1211	1212	1246	2
1202	1203	1204	2
1200	1201	1202	2
4542	4544	4546	2
2526	2528	2533	2
1328	1330	1340	2
2134	2222	2340	2
8358	8806	9166	2
933	940	9514	2
4011	4012	9397	2
2500	2501	2502	2
2260	8832	9665	2
3338	3339	3916	2
5640	8433	10083	2
3057	4173	4174	2
2590	2591	2823	2
4900	6743	7184	2
4297	4712	4713	2
5853	9042	9292	2
1198	1199	1200	2
2534	2577	2578	2
5853	8410	9292	2
5846	5850	9507	2
4744	6250	6251	2
5736	8466	9253	2
4713	4743	4744	2
6032	6759	9278	2
4247	5417	9656	2
1312	1315	8828	2
5851	6025	6727	2
2498	2499	2500	2
1068	1116	1198	2
3772	4613	4614	2
2696	8533	9856	2
928	933	2176	2
2579	2581	2582	2
940	1053	5669	2
1302	1305	9806	2
2587	2589	2590	2
1209	1210	1211	2
1307	1309	3730	2
2508	5986	5987	2
4656	4657	4658	2
1053	1068	9573	2
4660	4661	4662	2
4658	4659	4660	2
4795	5968	5969	2
1329	1332	9124	2
2431	2795	2796	2
2223	2396	8832	2
2678	2681	2682	2
5030	6575	6576	2
6575	6577	6578	2
1303	1304	9535	2
2673	2674	2677	2
2603	2626	3338	2
3985	4351	4353	2
4802	5303	6338	2
2674	2678	2680	2
3458	3790	4932	2
3455	3458	9407	2
5850	5999	6042	2
2683	2712	9597	2
5844	5846	9507	2
3647	4296	4297	2
2134	2135	2222	2
2669	2670	2671	2
2670	2672	3769	2
3562	4247	5417	2
2681	2683	2684	2
4614	5913	6074	2
2667	2668	2669	2
4545	5834	5835	2
2502	2505	2506	2
4111	4655	4656	2
2683	2684	9597	2
1205	1206	1207	2
5215	5641	5642	2
2671	2672	2673	2
5850	6042	9507	2
1207	1208	1209	2
5836	6062	9724	2
5969	7054	7321	2
8297	9042	9292	2
1686	3985	9284	2
5445	7943	7944	2
2666	2668	2734	2
5843	5851	6025	2
2681	2682	2683	2
2534	2578	9024	2
4613	4614	5913	2
2533	2534	9024	2
2506	2507	2509	2
1311	1686	9049	2
1201	1202	1203	2
1201	1203	2105	2
1211	1246	3697	2
6338	7106	7203	2
1309	1311	9049	2
2672	2673	2674	2
2674	2677	2678	2
5836	6047	6062	2
2670	2671	2672	2
4882	5363	6453	2
2796	3265	3266	2
2509	2510	2525	2
3260	4011	5709	2
2668	2669	2670	2
1337	7461	8956	2
2260	2431	9665	2
1203	1204	1205	2
3458	4932	9407	2
4544	4546	4920	2
1116	1199	3709	2
5643	5645	5646	2
2501	2502	9585	2
4920	4921	6679	2
2678	2680	2681	2
3261	4013	9280	2
4656	4658	5765	2
6250	6251	6976	2
4761	4762	5214	2
6576	6577	6696	2
4247	5058	9656	2
6338	7203	7204	2
1116	1198	1199	2
1199	1200	1201	2
2222	2223	2396	2
1309	3730	9049	2
4743	4744	6250	2
5839	5841	6036	2
4012	4795	9397	2
5709	5710	6305	2
1300	3443	9806	2
2666	2667	2668	2
3985	4353	9284	2
2712	3772	9597	2
4901	5445	6433	2
2497	2498	2499	2
1334	3726	8400	2
5030	6574	6575	2
940	5669	9514	2
6577	6696	7381	2
4712	4713	4743	2
4013	4882	9280	2
1300	1302	9806	2
1332	5610	9124	2
4351	4353	9695	2
6305	6337	7443	2
2594	2596	9446	2
2525	2526	9484	2
1068	1198	9573	2
2499	2500	2501	2
3266	4541	4542	2
3443	3732	3797	2
3560	8624	9558	2
1337	6470	7065	2
4296	4297	4712	2
4712	4743	9536	2
6575	6576	6577	2
5835	5836	5837	2
4882	6453	9280	2
5852	8407	10281	2
4662	4901	5445	2
1207	1209	1213	2
3797	4082	4636	2
2796	3266	4541	2
2670	3769	9611	2
940	952	1053	2
933	936	940	2
928	929	933	2
4545	5835	5836	2
4541	4542	4543	2
5175	5228	6927	2
1068	1080	1116	2
1053	1058	1068	2
5200	6866	6867	2
4743	6250	6849	2
1211	3697	9673	2
5836	5837	6047	2
2525	2696	3646	2
4543	4544	4545	2
2674	2680	9501	2
5445	6433	7943	2
6047	6062	7419	2
4735	5199	5200	2
5130	5454	6784	2
926	927	928	2
4795	5969	9397	2
2431	2796	9665	2
1246	1268	9793	2
2499	2501	2508	2
2502	2506	9585	2
5061	5454	6341	2
2508	4986	5986	2
2526	2533	9484	2
2501	2508	4986	2
4082	5061	5130	2
1686	9049	9284	2
4542	4543	4544	2
3362	9446	9927	2
2509	2525	2696	2
5214	6245	6960	2
3790	4932	9473	2
4743	6849	9536	2
4761	5214	6245	2
1201	2105	9655	2
4174	4900	5798	2
3955	4296	4761	2
2696	3646	3647	2
4656	5765	9473	2
2672	2674	9501	2
6453	7382	7692	2
3646	3647	3955	2
3443	3797	9691	2
3647	3955	4296	2
2672	3769	9501	2
1116	3709	9539	2
2525	3646	9484	2
5061	6341	9828	2
5212	6865	6890	2
4684	4685	4714	2
4351	4802	9695	2
4660	4662	9679	2
5454	6784	6785	2
1268	1280	1298	2
2501	4986	9585	2
2222	2340	9624	2
5445	7944	9679	2
5058	6731	9881	2
3790	4111	9473	2
1268	1298	9793	2
2596	3260	9446	2
4859	6026	6776	2
5061	5130	5454	2
3732	4082	9674	2
4082	4636	5061	2
1209	1211	9673	2
3929	4734	4735	2
2648	3552	9561	2
2586	10014	10295	2
2669	2675	10101	2
5834	8407	10144	2
3560	3562	9558	2
2668	2670	9611	2
1305	6470	9806	2
3260	5709	9446	2
4543	5834	10061	2
6866	6867	6914	2
3562	5417	9558	2
4545	5836	9724	2
5798	9561	10123	2
4082	5130	9674	2
3732	3797	4082	2
2602	9280	9969	2
5726	8481	10342	2
2796	4541	9665	2
4111	4656	9473	2
4802	6338	9695	2
1246	3697	9793	2
5199	5200	6866	2
1305	1337	6470	2
2666	2734	9978	2
2600	2603	2626	2
4174	5798	9561	2
6338	7204	9695	2
2668	2734	9611	2
4662	5445	9679	2
5058	9656	9881	2
1209	1213	9673	2
1299	3443	3732	2
3552	9561	10123	2
3057	4174	9561	2
5199	6866	6898	2
8481	8533	10236	2
4714	4715	5224	2
2586	2587	10014	2
4683	4684	4685	2
4544	4545	9724	2
2671	8822	10101	2
2222	2396	9624	2
2648	3057	9561	2
4734	4735	5199	2
8832	9665	10061	2
4544	4920	9724	2
3728	3929	4285	2
1199	3709	9655	2
5709	9446	9927	2
2823	3727	3728	2
4761	6245	9779	2
4285	4734	5202	2
4712	9536	9779	2
5834	10061	10144	2
1199	1201	9655	2
2499	2508	9804	2
5710	9397	9989	2
2587	2590	10014	2
3957	4719	5175	2
3339	3916	3957	2
5709	6305	9927	2
4296	4712	9779	2
2509	2696	9856	2
4636	4859	9828	2
6575	6578	10168	2
1280	1299	9877	2
4636	5061	9828	2
3929	4285	4734	2
4296	4761	9779	2
5224	6806	6808	2
4683	4685	6174	2
2626	3338	3339	2
2590	2823	3727	2
3726	8400	11319	2
3727	9089	10014	2
3727	3728	3929	2
1280	1298	9877	2
4715	6806	6807	2
4685	4714	4715	2
2598	8496	9820	2
4541	9665	10061	2
4637	9691	10010	2
4859	6776	9828	2
1299	3732	9877	2
2506	2509	9856	2
2598	2600	9820	2
5765	9473	10102	2
3732	9674	9877	2
2626	3339	5009	2
4932	9473	10102	2
2590	3727	10014	2
2506	9585	9856	2
2533	9484	10083	2
9089	10014	10295	2
6578	8232	10627	2
8832	10061	10144	2
4719	5175	9770	2
7767	9317	10407	2
4932	9166	10102	2
4715	5224	6806	2
4541	4543	10061	2
2533	9024	10083	2
4719	5212	9770	2
2592	3362	10465	2
3957	5175	5176	2
6453	9280	9969	2
8433	9484	10083	2
5176	5228	6698	2
6679	10905	10906	2
2669	2671	10101	2
6453	7692	9969	2
5969	7321	9989	2
8481	10236	10342	2
5175	5176	5228	2
2600	2626	9820	2
4900	5798	10210	2
2396	8832	10144	2
8533	9856	10236	2
8407	10144	10281	2
5765	9314	10348	2
4658	5765	10348	2
5969	9397	9989	2
2578	8246	10397	2
2626	5009	9820	2
2582	7757	10478	2
2734	9978	10168	2
5212	6890	9770	2
6574	6575	10168	2
9585	9856	10236	2
2588	2589	10465	2
4900	7184	10210	2
6013	9317	10125	2
2578	2579	10397	2
2505	2507	10476	2
4660	9679	10348	2
9679	10348	10472	2
5228	6927	6928	2
4683	6174	10169	2
4715	6807	10076	2
4685	6174	10076	2
6574	9978	10168	2
7381	10534	10651	2
2105	10797	11115	2
6047	10863	10931	2
4685	4715	10076	2
4986	9585	10236	2
2396	10144	10281	2
1327	3561	10534	2
2511	10472	10476	2
2582	2583	10478	2
2396	9624	10281	2
5872	9089	10295	2
4986	10236	10342	2
8496	9820	10407	2
6577	7381	10551	2
6026	6776	10510	2
4658	4660	10348	2
4986	5986	10342	2
9314	10348	10472	2
5009	9820	10407	2
3474	9124	10616	2
7944	10472	10476	2
6576	6696	10591	2
2579	2582	10397	2
1336	5610	10575	2
1298	11204	11205	2
2511	9314	10472	2
5610	10575	10591	2
7767	8496	10407	2
3474	10616	10651	2
5454	6785	10608	2
9611	10627	10838	2
2589	2592	10465	2
2734	9611	10627	2
2505	2511	10476	2
7943	7944	10518	2
6341	9828	10571	2
2583	2586	10478	2
3339	5009	10584	2
7944	9679	10472	2
5176	10584	10681	2
6026	7080	10510	2
3474	8633	10651	2
5009	10125	10584	2
6696	10591	10616	2
3957	5176	10584	2
2507	10476	10518	2
2586	10295	10478	2
9281	10688	10721	2
5646	10740	10759	2
6025	8506	10814	2
1327	8633	10534	2
6705	7757	10695	2
8506	10814	10832	2
3676	9573	10734	2
2584	2585	11283	2
6577	6578	10551	2
5200	6867	10719	2
5726	10669	10769	2
6705	10695	10719	2
6036	8245	10863	2
5645	5646	10740	2
6116	6770	10797	2
8574	10575	10591	2
4744	6251	10769	2
6576	8574	10591	2
7944	10476	10518	2
6776	9828	10571	2
4285	5202	10731	2
5669	10734	10793	2
4901	11071	11212	2
2065	8244	10832	2
6578	10168	10627	2
6747	9881	10899	2
6054	10889	10898	2
10125	10584	10681	2
6728	10669	10769	2
3339	3957	10584	2
6867	10719	10740	2
2580	2581	11263	2
5454	6341	10608	2
5843	6025	10814	2
5841	6036	10814	2
3327	8668	10906	2
5726	10342	10669	2
2576	2577	11236	2
7762	7763	10906	2
6696	10616	10651	2
6075	8232	10838	2
2176	9281	10721	2
5610	9124	10616	2
1208	1210	10878	2
10295	10478	10695	2
6075	10838	10854	2
5552	7184	11339	2
6037	6731	10874	2
8232	10627	10838	2
6037	6075	10854	2
9514	10763	10793	2
5610	10591	10616	2
5839	6036	10863	2
5837	6047	10863	2
7757	10478	10695	2
2176	9514	10763	2
2681	2684	10888	2
6731	10874	10888	2
6696	7381	10651	2
4353	9695	10848	2
2734	10168	10627	2
4921	5355	10898	2
2684	10888	10899	2
5176	6698	10681	2
5986	10652	10669	2
2176	10721	10763	2
5999	10688	10721	2
6037	10854	10874	2
6727	10734	10793	2
6698	10681	10731	2
4920	9724	10905	2
6065	10963	10975	2
6025	6727	10771	2
8245	10863	10931	2
5872	10695	10719	2
6013	10681	10731	2
6759	8195	11115	2
5669	9514	10793	2
5986	10342	10669	2
6065	9597	10963	2
5200	5872	10719	2
6013	10125	10681	2
6867	10740	10759	2
5999	6042	10721	2
5053	8774	10975	2
6074	10982	10993	2
5669	9573	10734	2
5645	6705	10740	2
5303	7106	10993	2
4285	6013	10731	2
5872	10295	10695	2
4614	6074	10982	2
3347	10878	10931	2
6705	10719	10740	2
8803	10763	10793	2
6747	10899	10963	2
6042	8803	10763	2
6867	6914	10759	2
4744	5726	10769	2
6042	10721	10763	2
8774	10975	10982	2
6758	6759	11077	2
3676	10734	10771	2
6121	8099	11199	2
6121	6122	11205	2
1203	2105	11025	2
5913	7376	11142	2
6251	10769	10786	2
5130	6784	11047	2
6770	10797	11025	2
6116	8195	10797	2
6727	8803	10793	2
6118	8099	11193	2
6118	8740	11183	2
5841	5843	10814	2
6121	11199	11205	2
8099	11193	11199	2
1213	11167	11172	2
6759	11077	11115	2
6118	11183	11193	2
2065	8506	10832	2
7419	10878	10931	2
3769	9611	10838	2
7418	11268	11269	2
3769	10838	10854	2
7204	9695	10848	2
6727	10734	10771	2
3769	9501	10854	2
5837	5839	10863	2
6115	8740	11172	2
3347	8245	10931	2
1207	1213	11167	2
1208	3347	10878	2
9501	10854	10874	2
4663	6122	11071	2
2680	9501	10874	2
5355	7127	10889	2
2680	10874	10888	2
2680	2681	10888	2
6731	10888	10899	2
3327	7762	10906	2
4920	6679	10905	2
6731	9881	10899	2
6770	11025	11167	2
1340	11331	11336	2
6784	11071	11212	2
6433	11212	11267	2
3352	11328	11333	2
2105	10797	11025	2
3352	7357	11333	2
6047	7419	10931	2
1298	9877	11204	2
8740	11172	11183	2
2684	10899	10963	2
6747	10963	10975	2
2261	2432	11268	2
2684	9597	10963	2
5213	6865	11404	2
8774	10982	10993	2
5053	6747	10975	2
5213	5380	11403	2
7054	8828	11327	2
4614	6065	10982	2
6341	10608	11263	2
7596	7597	11333	2
4663	4901	11071	2
3709	10941	11077	2
4899	8909	11304	2
2580	10608	11263	2
5303	8774	10993	2
6776	10571	11283	2
6065	10975	10982	2
2584	10571	11283	2
6433	8390	11267	2
6164	7357	11336	2
1203	1205	11025	2
1320	1323	11328	2
6171	7357	11333	2
1325	1328	11331	2
6743	11304	11313	2
5355	10889	10898	2
1315	8828	11327	2
5213	11403	11404	2
5130	9674	11047	2
6784	11047	11071	2
3709	9655	11077	2
2798	11268	11269	2
6743	7184	11319	2
4901	6433	11212	2
2105	9655	11115	2
7184	10210	11339	2
9655	11077	11115	2
1205	11025	11167	2
6122	11047	11071	2
6770	11167	11172	2
9674	11047	11204	2
6122	11047	11204	2
2576	8390	11267	2
7376	11142	11269	2
1205	1207	11167	2
6115	6770	11172	2
5380	7580	11402	2
1213	9673	11183	2
3697	9673	11193	2
9673	11183	11193	2
3697	11193	11199	2
3697	9793	11199	2
9793	11199	11205	2
1298	9793	11205	2
9674	9877	11204	2
6785	11212	11267	2
6175	7658	11384	2
6784	6785	11212	2
1213	11172	11183	2
6165	11336	11339	2
6175	7804	11383	2
6785	10608	11236	2
6165	10210	11339	2
2798	7376	11269	2
7804	11383	11389	2
2611	7804	11389	2
2432	2798	11268	2
6175	11383	11384	2
6341	10571	11263	2
6776	10510	11283	2
2611	7880	11391	2
4899	6743	11304	2
5380	11402	11403	2
3726	11313	11319	2
6171	7596	11333	2
2611	11389	11391	2
1323	3352	11328	2
1315	8528	11327	2
1328	1340	11331	2
6164	6165	11336	2
6743	11313	11319	2
2576	11236	11267	2
6785	11236	11267	2
6174	11383	11389	2
6174	10169	11383	2
6174	10076	11389	2
10169	11383	11384	2
6807	10076	11391	2
10076	11389	11391	2
7580	7880	11402	2
6806	6807	11403	2
6806	6808	11404	2
6806	11403	11404	2
6807	11402	11403	2
6807	11391	11402	2
7880	11391	11402	2
6865	11404	11466	2
6808	11404	11466	2
8279	8282	11584	2
5199	6898	11570	2
4734	5202	11570	2
5214	6960	11579	2
5215	5642	11579	2
505	7297	11647	2
5642	5643	11584	2
358	359	11585	2
5202	10731	11588	2
6928	7877	11592	2
4734	5199	11570	2
411	7877	11592	2
359	360	11592	2
538	8282	11598	2
427	6980	11795	2
402	6991	11634	2
6914	10759	11598	2
6808	6925	11627	2
6849	6986	11617	2
6866	6914	11637	2
5214	5215	11579	2
6927	9770	11647	2
460	8004	11637	2
6865	11466	11705	2
375	427	11795	2
6925	6993	11634	2
537	8281	11825	2
526	8004	11812	2
5202	11570	11817	2
506	7260	11627	2
5643	5646	11584	2
483	8344	11617	2
537	8343	11620	2
358	505	11585	2
6698	10731	11588	2
6960	11579	11825	2
8343	8344	11620	2
7878	11570	11817	2
376	427	11712	2
360	411	11592	2
402	7230	11634	2
538	8132	11598	2
6898	11570	11812	2
5642	11579	11820	2
6849	9536	11617	2
6245	6960	11620	2
8280	11579	11825	2
374	6986	11795	2
6808	11466	11627	2
6991	6993	11634	2
6866	6898	11637	2
7878	11570	11812	2
6980	6986	11795	2
6890	9770	11647	2
8280	11579	11820	2
5642	11584	11820	2
6865	6890	11705	2
5202	11588	11817	2
374	375	11795	2
526	7878	11812	2
7876	7878	11817	2
8279	8280	11820	2
8279	11584	11820	2
8280	8281	11825	2
7876	11588	11817	2
402	6984	11714	2
5211	6990	6991	2
4684	5211	6992	2
6984	6990	6991	2
8822	10101	10221	2
2675	7417	8762	2
2667	2675	8761	2
8762	10101	10221	2
2340	8297	9437	2
4035	8408	11278	2
4110	7643	8863	2
2134	2340	9437	2
5848	5998	8292	2
1333	1334	1335	2
2496	2503	8806	2
5848	5849	8292	2
2673	2679	8822	2
3457	3789	8863	2
1986	2135	8408	2
1334	1338	3726	2
3455	3457	3458	2
2673	2677	2679	2
1333	1336	8780	2
6032	6758	6759	2
6251	6977	10786	2
5849	8294	9042	2
1986	2134	2135	2
5029	5030	8574	2
4171	4683	4684	2
2496	2497	2498	2
8294	8297	9042	2
926	9281	9672	2
2682	2683	2711	2
2712	3771	3772	2
2503	3455	9407	2
6032	7643	9278	2
2665	2666	2667	2
3771	3772	4613	2
2683	2711	2712	2
2678	2682	9351	2
6976	6977	6978	2
4527	5030	6574	2
936	940	952	2
952	1053	1058	2
925	926	927	2
1058	1068	1080	2
929	933	936	2
927	928	929	2
2508	5987	9804	2
1080	1116	9539	2
2677	2678	9351	2
4613	5913	9786	2
2497	2499	9804	2
2664	2666	9978	2
6574	9432	9978	2
6728	10652	10669	2
4170	4683	10169	2
1336	10533	10575	2
5998	5999	10673	2
5999	10673	10688	2
9281	9672	10688	2
6675	8574	10575	2
7658	11380	11384	2
5986	5987	10652	2
6758	10941	11077	2
5913	9786	11142	2
6145	11142	11269	2
4035	7418	11278	2
6728	10769	10786	2
3709	9539	10941	2
3726	9794	11313	2
6120	11304	11313	2
6145	7418	11269	2
4682	7658	11377	2
8909	11299	11304	2
4682	8909	11386	2
5141	10169	11384	2
427	6978	11712	2
351	402	11714	2
376	377	11712	2
4171	4684	6992	2
6983	6984	6990	2
5211	6990	6992	2
5551	8408	11278	2
6977	8655	10786	2
2665	2667	8761	2
7417	8762	9137	2
2675	7417	8761	2
8296	8297	9437	2
7484	8822	10221	2
5381	8762	10221	2
1985	2134	9437	2
952	1058	8261	2
7643	8863	9516	2
2682	2711	8299	2
1334	1335	1338	2
2682	8299	9351	2
2503	3454	3455	2
2679	7484	8822	2
3455	3456	3457	2
2495	2496	2503	2
5849	8292	8293	2
1333	1335	8780	2
6031	6032	6758	2
5849	8293	8294	2
3457	3742	8863	2
1986	5551	8408	2
1338	3726	9794	2
1058	1080	1081	2
929	936	3657	2
927	929	9287	2
8294	8296	8297	2
925	927	939	2
936	952	9301	2
2677	2679	4929	2
6977	6978	6979	2
5029	6675	8574	2
6145	6336	7418	2
2711	2712	3196	2
1985	1986	2134	2
2712	3196	3771	2
2494	2496	2497	2
6030	6032	7643	2
2664	2665	2666	2
4527	5029	5030	2
918	925	926	2
3771	4613	9612	2
1080	1118	9539	2
2677	4929	9351	2
4527	6574	9432	2
918	926	9672	2
4170	4171	4683	2
4757	6728	10652	2
4613	9612	9786	2
2664	9432	9978	2
2497	9226	9804	2
5987	9804	10279	2
4170	5141	10169	2
1336	8780	10533	2
5998	8292	10642	2
5998	10642	10673	2
6675	10533	10575	2
5987	10639	10652	2
4548	10673	10688	2
4548	9672	10688	2
5766	9539	10941	2
5141	11380	11384	2
6758	10752	10941	2
4758	6728	10786	2
5717	6145	11142	2
6336	7418	11278	2
5717	9786	11142	2
4682	11377	11386	2
6120	11299	11304	2
6120	9794	11313	2
7658	11377	11380	2
8909	11299	11386	2
508	6984	11714	2
377	6989	11712	2
6978	6989	11712	2
350	351	11714	2
6888	9276	11710	3
561	6915	9445	3
549	6959	8121	3
555	9276	11710	3
561	6915	11702	3
347	464	6988	3
491	7499	11583	3
549	8121	11650	3
468	6900	9187	3
464	9443	9618	3
422	6926	9369	3
414	7502	11596	3
548	6961	8122	3
491	7499	11651	3
347	348	6988	3
468	6900	11640	3
414	7502	11639	3
464	6988	11613	3
402	6984	11714	3
9443	9618	11625	3
422	6926	11622	3
8876	9522	11710	3
7501	7502	11596	3
6926	9369	11615	3
333	11583	11596	3
464	9443	11613	3
6961	8122	8710	3
508	6982	6983	3
405	6975	8122	3
508	6983	6984	3
7499	7501	11583	3
7495	9261	11702	3
548	8122	11800	3
405	6975	8121	3
6900	9187	11601	3
6975	8122	8710	3
555	9522	11710	3
4171	4684	6992	3
7501	11583	11596	3
549	6959	11601	3
7495	9261	11651	3
5211	6990	6991	3
6983	6990	11564	3
8876	9522	11640	3
6990	6992	11564	3
4171	4284	6992	3
6888	9276	11639	3
4684	5211	6992	3
561	9261	11702	3
548	6961	11625	3
6915	9445	11622	3
6983	6984	6990	3
6984	6990	6991	3
5211	6990	6992	3
900	901	10511	3
912	9244	11311	3
893	8029	9787	3
889	893	8029	3
905	908	9246	3
5648	6321	8031	3
913	916	8795	3
5265	6323	9245	3
6323	9244	9245	3
6323	9244	11311	3
893	7256	8269	3
3348	7257	8269	3
7256	7257	8269	3
893	7256	9787	3
889	896	8029	3
3348	7257	10423	3
5648	6289	8031	3
896	8028	8029	3
896	8028	8030	3
6289	8030	8031	3
904	10511	11345	3
5265	6292	9245	3
900	8031	10511	3
6328	7295	8794	3
901	904	10511	3
3334	7295	8794	3
904	9246	11345	3
908	9245	9246	3
904	905	9246	3
3996	7278	9777	3
6289	8028	8030	3
912	8795	11311	3
912	913	8795	3
916	8794	8795	3
6321	8031	10511	3
6585	8646	8647	3
6585	8647	9872	3
5604	8646	9427	3
6585	8646	9427	3
1744	1974	9121	3
1974	7245	9121	3
4437	10360	10936	3
6721	7738	10360	3
7503	8750	10181	3
4590	7201	7298	3
6721	7738	10339	3
3288	4590	7299	3
5341	6414	7380	3
1501	1504	10739	3
6414	7380	9543	3
7265	7524	10229	3
4590	7201	7904	3
897	900	8030	3
6889	7502	7503	3
896	897	8030	3
2908	8951	10550	3
4975	7524	10229	3
3546	7504	7904	3
6889	7503	10181	3
5861	7265	7380	3
2935	8568	10583	3
1974	5604	9427	3
5341	5861	7380	3
5861	7265	10229	3
1504	1744	9121	3
1974	7245	9427	3
7201	7504	7904	3
8647	9872	10189	3
7503	8750	8789	3
6414	8568	9543	3
6328	8794	8795	3
3334	7295	11297	3
4872	7482	8953	3
7308	7482	8953	3
2665	2667	8761	3
3923	8750	8789	3
10060	11293	11294	3
4862	7308	8953	3
6292	9245	9246	3
1496	8558	8963	3
4862	7308	7416	3
6421	8558	8963	3
4862	7416	8760	3
2726	2904	10325	3
3923	7885	8789	3
900	8030	8031	3
6640	8951	10550	3
2904	8432	8471	3
6630	8432	8471	3
3923	3924	7885	3
6414	8568	10583	3
6603	8027	9332	3
7416	8760	8761	3
2929	7459	8026	3
3546	8585	10711	3
2675	7417	8762	3
6426	7459	8026	3
3927	7497	7739	3
7295	11295	11297	3
4590	7298	7299	3
9283	10162	10167	3
1493	1496	10633	3
5453	10060	11294	3
2904	8432	10325	3
1504	9121	10739	3
5585	7853	9441	3
7435	8529	9797	3
3927	3928	7739	3
3702	7852	9233	3
5585	7852	7853	3
2665	8760	8761	3
3839	4284	10615	3
6721	10360	10936	3
2950	3286	7904	3
2675	7417	8761	3
2667	2675	8761	3
7737	7738	10360	3
4284	7420	10615	3
3345	7414	10485	3
6262	8943	10220	3
5585	7852	9233	3
4024	7435	9018	3
3738	7850	10410	3
4024	7435	9797	3
7459	8027	9332	3
3924	3927	7885	3
2931	8529	9797	3
3927	7497	7885	3
2929	7459	8027	3
3919	7457	9986	3
4486	7677	7924	3
8942	8943	10220	3
3702	7851	7852	3
7848	7850	10410	3
8271	10220	10414	3
6603	8027	10167	3
7677	9018	9726	3
2908	8471	10550	3
2699	3345	10485	3
6557	8853	10042	3
4024	9018	9726	3
2950	3546	7904	3
2954	9986	10275	3
3546	7504	10711	3
2725	10250	10325	3
4038	7493	8209	3
2725	8026	10250	3
4497	4949	10130	3
3286	4590	7904	3
3928	4038	7739	3
3919	8750	10181	3
1373	1376	7998	3
7420	10587	10615	3
4486	7676	7677	3
7504	10711	10722	3
2933	9537	9892	3
8027	10162	10167	3
3702	7851	7998	3
7677	7924	9726	3
2210	2253	8944	3
4704	5554	7764	3
2725	2726	10325	3
3067	10531	10556	3
5554	6900	7764	3
2910	9467	9626	3
6262	8943	10280	3
5711	8954	8980	3
3738	10376	10410	3
1376	3702	7998	3
7457	9986	10275	3
4038	7493	7739	3
2019	2117	7737	3
4486	7676	8270	3
7298	7299	7300	3
9231	9984	10305	3
8645	8646	8647	3
1496	8558	10633	3
2902	8853	10042	3
2117	7737	7738	3
8767	8768	9582	3
2935	8951	10583	3
1489	1492	8765	3
3919	7457	10181	3
1953	1978	7736	3
1978	7736	7737	3
5509	7838	9321	3
1371	1373	7998	3
5455	7848	7849	3
2910	9467	9610	3
1492	7999	8765	3
8644	8645	8646	3
2253	8271	8944	3
4187	5711	8954	3
1480	2166	8270	3
4926	5455	7848	3
4716	6272	8209	3
2168	4486	7924	3
5647	9467	9626	3
2958	3919	9986	3
2463	8975	9565	3
2941	4854	9543	3
2463	8399	8975	3
3551	8564	8644	3
2824	10485	10603	3
2541	2646	7874	3
5621	6655	8529	3
5856	7298	10748	3
6269	6982	6988	3
1500	10718	10739	3
4704	5206	7764	3
6260	6961	8710	3
6272	7493	8209	3
4949	8767	10130	3
1371	7998	9138	3
6432	6631	9850	3
2457	3346	8376	3
5711	6926	8980	3
2907	2910	9610	3
4038	4039	8209	3
3551	4911	8644	3
7851	7998	9138	3
1480	1481	8270	3
6254	6959	8121	3
2210	2338	8944	3
4716	5711	6271	3
6468	9537	9892	3
8975	9565	9961	3
4049	5509	9321	3
1375	1377	9342	3
1978	2019	7737	3
1488	1489	8765	3
2879	3930	9080	3
3930	5553	9080	3
4949	8767	9582	3
9282	9283	10167	3
3678	10211	10267	3
4911	8644	8645	3
2439	2646	8271	3
4494	4496	10081	3
2947	3546	8585	3
1370	1371	9138	3
5618	5619	9018	3
3839	4171	4284	3
1894	3551	8564	3
1500	8963	10718	3
3651	8913	9330	3
2646	7874	10207	3
6655	8529	10449	3
2906	8262	9610	3
5619	7435	9018	3
1486	5480	8733	3
6426	8026	10250	3
2658	4234	9085	3
2905	2908	8471	3
7497	7498	7885	3
2455	2458	8693	3
7416	7417	8761	3
2455	2456	8693	3
2453	2457	8376	3
6534	8028	8029	3
2568	2725	8026	3
884	893	8269	3
5206	6254	6959	3
7849	7852	7853	3
6254	6975	8121	3
2166	4486	8270	3
6257	6260	8710	3
3346	8376	9984	3
1952	3551	4437	3
4042	4187	4716	3
4442	4967	9332	3
4926	6162	7848	3
3606	8044	9004	3
1399	3702	9233	3
1873	1894	8564	3
2170	2210	2253	3
4191	4704	5206	3
6916	7494	7495	3
1399	1400	1408	3
2168	2169	2170	3
1334	1335	1338	3
2463	8399	9004	3
2958	2960	3919	3
1357	1358	1370	3
5711	6271	6926	3
2656	2658	9085	3
1894	1952	3551	3
4704	5553	5554	3
6290	6534	8028	3
2699	3066	3345	3
8044	8399	9004	3
1376	1377	1399	3
2643	2879	3335	3
2879	3335	3930	3
5554	6275	6900	3
8942	8944	10220	3
2464	2549	9283	3
2168	2170	7924	3
3335	3930	4191	3
2166	2167	2168	3
1335	1338	1339	3
1338	1339	1357	3
1408	1409	1480	3
6260	6263	6961	3
1335	4987	8780	3
6429	6432	8914	3
7736	7737	10360	3
3930	4191	4704	3
6602	6603	10084	3
1370	1410	4222	3
7499	7500	7501	3
2933	9080	9892	3
1744	1872	1974	3
1358	1370	1371	3
3346	9282	10084	3
1377	5793	9342	3
1872	1974	5604	3
5480	7676	8733	3
1339	1357	1358	3
4039	4042	8209	3
4716	6271	6272	3
2939	2941	9543	3
4042	4043	4187	3
6267	6268	6269	3
1480	1743	2166	3
3551	4437	4911	3
1488	5480	5481	3
5481	5618	5619	3
4780	6583	8587	3
4926	6161	6162	3
6428	9037	9038	3
4187	4716	5711	3
5480	5481	5618	3
2946	2948	9315	3
1486	1488	5480	3
1333	1334	1335	3
2439	2440	2541	3
2357	2427	2824	3
3606	3993	8044	3
6271	6272	6915	3
5621	7435	8529	3
7850	10531	10556	3
6557	8262	10042	3
5577	7265	7524	3
1497	1500	8963	3
2439	2541	2646	3
5621	5622	6655	3
6863	6864	6888	3
5618	7676	7677	3
5206	5207	6254	3
2643	2644	2879	3
4042	4716	8209	3
6162	7848	7850	3
1358	1372	8903	3
2541	2542	2643	3
1952	1953	7736	3
1376	1399	3702	3
1377	1399	1400	3
1486	1487	1488	3
7849	7851	7852	3
4222	4926	5455	3
1408	1480	1743	3
2169	2170	2210	3
2253	2438	2439	3
2170	2253	2438	3
2541	2643	7874	3
6532	8262	9610	3
4442	5443	9332	3
1743	2166	2167	3
6255	6975	8710	3
6290	6532	6533	3
2958	2959	2960	3
5455	7851	9138	3
2943	4854	5577	3
2947	2950	3546	3
3286	3288	4590	3
1373	1375	1376	3
884	889	893	3
4780	5266	8587	3
2167	2168	2169	3
7496	7498	7499	3
6254	6255	6975	3
4496	4497	10130	3
1400	1408	1409	3
2960	2961	3923	3
1504	1505	1744	3
4049	4494	5509	3
2646	8271	10414	3
2906	2907	9610	3
5619	5621	7435	3
2949	9315	10059	3
4187	4188	8954	3
1371	1372	1373	3
2944	2947	8585	3
5266	6325	8587	3
1496	1497	8963	3
6272	6915	6916	3
1375	1376	1377	3
2456	7838	8693	3
908	9244	9245	3
1339	1358	8903	3
2941	2943	4854	3
1483	1486	8733	3
4854	7380	9543	3
6276	6469	6863	3
5206	6959	7764	3
2253	2439	8271	3
1744	1745	1872	3
7676	8270	8733	3
4854	5577	7265	3
1894	1895	1952	3
2568	2929	8026	3
6557	6558	8853	3
4234	5787	9085	3
7494	7495	7496	3
7494	7497	7739	3
5444	6428	9037	3
4049	4050	4494	3
1357	1370	1410	3
5455	7849	7851	3
1409	1480	1481	3
5619	5620	5621	3
4222	4681	4926	3
4039	4041	4042	3
5604	8644	8646	3
6289	6290	8028	3
2657	2659	9321	3
4495	4496	4497	3
2166	2168	4486	3
1978	2018	2019	3
2549	2550	2551	3
2880	2932	2933	3
3924	3926	3927	3
4041	4042	4043	3
2662	2676	4049	3
3992	4626	9338	3
5649	6290	6532	3
5554	5555	6275	3
1333	1335	8780	3
2960	3923	8750	3
1895	1976	9816	3
2934	2953	2954	3
4627	5295	8768	3
3968	5647	9626	3
7500	7501	7502	3
4581	6584	9260	3
6631	9333	9850	3
2955	2957	2958	3
1952	4437	7736	3
4494	4495	4496	3
4581	5402	6584	3
2440	2541	2542	3
3928	4037	4038	3
1497	1499	1500	3
2453	2455	2457	3
1873	1893	1894	3
1493	1495	1496	3
1409	1482	8437	3
3968	4773	5647	3
3993	4625	4627	3
2676	4049	4050	3
6533	6557	8262	3
1483	1485	1486	3
7498	7499	7500	3
6290	6533	6534	3
5649	6289	6290	3
2461	2464	9283	3
2946	2949	9315	3
6534	8029	9787	3
1953	1977	1978	3
5620	5621	5622	3
1378	2449	4054	3
5553	5554	5555	3
1489	1491	1492	3
4234	5029	5787	3
1335	1339	4987	3
7498	7885	8789	3
2960	3919	8750	3
4050	4494	4495	3
6558	6559	6560	3
6533	6534	6535	3
3930	4704	5553	3
6532	6533	8262	3
3651	4407	8913	3
1373	1374	1375	3
2936	2939	8568	3
909	912	9244	3
3554	4966	9524	3
5547	8767	8768	3
2438	2439	2440	3
2551	2568	2929	3
1481	8270	8733	3
2939	2940	2941	3
2542	2643	2644	3
2457	2458	2459	3
6257	6259	6260	3
6533	6535	6557	3
4540	6583	9605	3
5481	5619	5620	3
6432	6629	6631	3
2947	2948	2950	3
6429	6431	6432	3
9036	9037	9038	3
2643	3335	7874	3
4043	4187	4188	3
2662	2663	2676	3
5647	5648	5649	3
1501	1503	1504	3
2462	2547	9004	3
6428	8914	9038	3
4627	5547	8768	3
2824	8942	8943	3
2961	3923	3924	3
3286	3287	3288	3
6864	6888	6889	3
1487	1488	1489	3
1503	1504	1505	3
2455	2457	2458	3
5480	5618	7676	3
2460	2462	2463	3
1375	1378	9342	3
5791	7201	7504	3
6161	6162	6185	3
2451	2453	8376	3
1872	1873	8564	3
2568	2569	2725	3
2457	2459	3346	3
7500	7503	8789	3
4441	5444	9037	3
1358	1371	1372	3
2210	2337	2338	3
6269	6270	6982	3
2663	2665	8760	3
4540	4780	6583	3
2551	2552	2568	3
4627	5261	5295	3
2953	2954	2955	3
6428	6429	8914	3
5402	6584	6585	3
1485	1486	1487	3
2657	7838	9321	3
1499	1500	1501	3
2950	2951	3286	3
5648	5649	6289	3
2932	2933	2934	3
2659	2661	2662	3
1505	1744	1745	3
6325	6326	6327	3
2644	2879	2880	3
5547	8045	8767	3
6916	7493	7494	3
4045	5934	9566	3
5444	6427	6428	3
6430	6431	8432	3
1372	1373	1374	3
1488	5481	8765	3
8399	8974	8975	3
2662	4049	9321	3
1374	1375	1378	3
2957	2958	2959	3
6469	6863	6864	3
1334	1338	3726	3
1495	1496	1497	3
1339	4987	8903	3
7853	10376	10410	3
2548	2549	2550	3
2941	2942	2943	3
2460	2461	2462	3
2935	2936	8568	3
6583	9523	9605	3
1481	1483	8733	3
5618	7677	9018	3
3993	4627	5547	3
6255	6257	8710	3
4037	4038	4039	3
4041	4830	8946	3
916	920	923	3
2794	3992	9338	3
3606	3992	3993	3
4191	5206	5207	3
2552	2568	2569	3
9282	10084	10167	3
5604	8564	8644	3
2458	2459	2460	3
3993	5547	8044	3
1333	1336	8780	3
1491	1492	1493	3
2449	2451	9231	3
2464	2548	2549	3
2453	2454	2455	3
2904	2905	8471	3
5555	6275	6276	3
6602	9984	10305	3
2547	3606	9004	3
2338	2339	2357	3
4854	7265	7380	3
6535	6557	6558	3
3926	3927	3928	3
4681	4926	6161	3
6432	8914	9850	3
2949	9947	10059	3
2449	4054	9231	3
4987	8903	8904	3
2550	2551	2552	3
1338	3726	9794	3
5787	6675	6676	3
6260	6261	6263	3
2451	2452	2453	3
2459	2460	2461	3
908	909	9244	3
2547	2794	3606	3
2663	2676	8760	3
2943	5577	8585	3
2462	2464	2547	3
2944	2946	2947	3
2456	2657	7838	3
2462	2463	9004	3
4497	4873	4949	3
4441	5443	5444	3
2547	2548	2794	3
4773	5647	5648	3
2794	3606	3992	3
2951	3287	9777	3
2934	2954	9537	3
3968	4331	4773	3
2905	2907	2908	3
6268	6269	6270	3
2936	2938	2939	3
3992	3993	4625	3
4625	4627	5261	3
2959	2961	9745	3
4407	5403	5404	3
889	890	896	3
4045	4989	5934	3
4967	6603	9332	3
913	915	916	3
2959	2960	2961	3
6602	9984	10084	3
4061	9914	10019	3
4495	4497	4872	3
2458	2460	9565	3
4497	4872	4873	3
2939	8568	9543	3
2461	2462	2464	3
5266	6324	6325	3
8975	9961	10081	3
4559	4975	6587	3
2449	2450	2451	3
6559	6561	7256	3
2909	2911	2935	3
2659	2662	9321	3
1872	5604	8564	3
2357	2358	2427	3
6427	6428	6429	3
1977	1978	2018	3
4773	6321	9630	3
1410	4222	4681	3
2549	9283	10162	3
4407	5404	8913	3
6431	6630	8432	3
1377	1400	5793	3
5508	7308	7416	3
2569	2725	2726	3
1500	1501	10739	3
5029	5787	6675	3
6431	6432	6629	3
2550	2552	3678	3
4496	8974	10081	3
2452	2453	2454	3
6559	6560	6561	3
2661	2662	2663	3
2726	2903	2904	3
1745	1872	1873	3
1893	1894	1895	3
6429	6430	6431	3
2461	9282	9283	3
6561	7256	7257	3
909	911	912	3
2909	2935	8951	3
5029	5030	8574	3
2676	4050	4862	3
2946	2947	2948	3
8045	8399	8974	3
905	907	908	3
2879	2880	9080	3
2880	2933	9080	3
2908	2909	8951	3
897	899	900	3
7498	7500	8789	3
3553	4441	9037	3
2464	2547	2548	3
5443	5444	6426	3
6535	6558	6559	3
1400	1409	8437	3
1743	2167	5585	3
1893	1895	9816	3
3335	7874	9917	3
1378	2448	2449	3
2911	2935	2936	3
1409	1481	1482	3
2454	2455	2456	3
335	336	9276	3
2460	2463	9565	3
2169	2210	2337	3
2943	2944	8585	3
2940	2941	2942	3
6263	6264	9443	3
3651	4212	4407	3
5443	6426	7459	3
4171	4683	4684	3
1481	1482	1483	3
2903	2904	2905	3
2569	2726	2902	3
1895	1952	1953	3
2938	2939	2940	3
2905	2906	2907	3
5403	5404	6640	3
2907	2908	2909	3
1743	5585	9233	3
4050	4862	8953	3
2427	2428	2699	3
4967	6602	6603	3
8914	9038	9744	3
340	341	549	3
1489	1490	1491	3
6325	6327	9947	3
8853	10211	10267	3
2951	3286	3287	3
3553	3554	4441	3
6276	6468	6469	3
1487	1490	9036	3
4495	4872	8953	3
1372	1374	9692	3
3738	7850	10531	3
5443	7459	9332	3
2726	2902	2903	3
1484	1485	3553	3
2942	2943	2944	3
1493	1494	1495	3
342	343	405	3
3992	4625	4626	3
1487	1489	1490	3
2934	2952	2953	3
5547	8044	8045	3
2880	2931	2932	3
1485	1487	9036	3
4773	5648	6321	3
2458	8693	9565	3
5029	6675	8574	3
4050	4495	8953	3
1484	3553	3554	3
901	903	904	3
4967	6601	6602	3
6431	6629	6630	3
2949	9947	10096	3
4000	4581	9260	3
6262	10220	10414	3
6264	6266	6267	3
8914	9744	9850	3
338	339	468	3
5207	6254	6255	3
1490	9036	9038	3
3554	4441	4442	3
5509	7838	9961	3
3553	9036	9037	3
6275	6276	8876	3
2450	2451	2452	3
2699	3065	3066	3
2170	2438	7924	3
1408	1743	9233	3
1482	1483	1484	3
2659	2660	2661	3
6427	6429	6430	3
2676	4862	8760	3
2338	8942	8944	3
2948	2950	2951	3
4234	4527	5029	3
916	923	8794	3
1483	1484	1485	3
8044	8045	8399	3
3554	4442	4966	3
1374	1378	2448	3
2550	3678	9337	3
2456	2656	2657	3
2663	2664	2665	3
6324	6325	6326	3
1497	1498	1499	3
911	912	913	3
2903	2905	2906	3
6276	6863	8876	3
7500	7502	7503	3
6534	6535	9787	3
7496	7497	7498	3
4780	5265	5266	3
4966	4967	6601	3
1485	3553	9036	3
2955	2956	2957	3
4441	4442	5443	3
5402	6585	9427	3
2339	2357	2358	3
899	900	901	3
3066	3838	3839	3
4581	5327	5402	3
1501	1502	1503	3
1399	1408	9233	3
2937	3205	3968	3
903	904	905	3
5508	7416	7417	3
8903	8904	9692	3
915	916	920	3
1491	1493	1494	3
3205	3968	4331	3
2907	2909	2910	3
4331	4540	4779	3
4540	4779	4780	3
6261	6263	6264	3
8587	9947	10096	3
1502	1683	3651	3
4331	4773	9630	3
6326	6328	7295	3
4559	4867	4975	3
2936	2937	2938	3
3839	4170	4171	3
4212	5341	5861	3
2448	2449	2450	3
2948	3996	9315	3
4779	5265	6292	3
1495	1497	1498	3
2454	2456	2656	3
2451	8376	9231	3
2909	2910	2911	3
2337	2338	2339	3
5402	7245	9427	3
3928	4036	4037	3
5444	6426	6427	3
6272	6916	7493	3
2660	4234	4527	3
2944	2945	2946	3
1378	4054	9342	3
1502	1503	1683	3
1499	1501	1502	3
2658	2660	4234	3
1372	8903	9692	3
2440	2542	4024	3
2794	9337	9338	3
5791	5856	7201	3
5266	6323	6324	3
3924	3925	3926	3
334	335	414	3
1502	3651	9330	3
2911	2936	2937	3
4407	5341	5403	3
7494	7496	7497	3
1400	5793	8437	3
907	908	909	3
6259	6260	6261	3
336	337	555	3
4043	4188	4609	3
890	896	897	3
1370	4222	9138	3
1505	1745	9454	3
4867	5790	5791	3
8913	9330	10142	3
2657	2658	2659	3
2661	2663	2664	3
2665	2666	2667	3
330	331	9261	3
5341	5403	6414	3
4018	4867	5790	3
5481	5620	8765	3
2932	2934	2952	3
4442	4966	4967	3
2942	2944	2945	3
4000	4580	4581	3
2959	9260	9745	3
2450	2452	4061	3
5620	5622	7999	3
2933	2934	9537	3
6655	10449	10544	3
2358	2427	2428	3
2438	2440	9726	3
2945	2946	2949	3
327	328	422	3
2948	2951	3996	3
2656	2657	2658	3
1953	1976	1977	3
2953	2955	2956	3
6255	6256	6257	3
336	555	9276	3
3205	4331	4540	3
1357	1410	9794	3
2644	2880	2931	3
4212	4407	5341	3
331	332	491	3
2961	3924	3925	3
5327	5402	7245	3
2167	5585	9441	3
2548	2794	9337	3
2548	2550	9337	3
4989	5934	6007	3
5790	5791	5856	3
1873	1892	1893	3
1683	3651	4212	3
1338	1357	9794	3
326	327	9369	3
4609	5540	8946	3
329	330	561	3
1892	4018	4559	3
5620	7999	8765	3
2957	2959	9260	3
2658	2659	2660	3
2951	3996	9777	3
6264	6267	9443	3
6324	6326	6328	3
2957	4000	9260	3
6007	6421	8558	3
2937	2938	3205	3
2357	2824	8942	3
6257	6258	6259	3
2961	3925	9745	3
1374	2448	9692	3
4039	4040	4041	3
1745	1892	9454	3
5265	5266	6323	3
2664	2665	2666	3
6469	6864	7457	3
4527	5030	6574	3
2956	2957	4000	3
3925	9745	9872	3
2459	2461	9282	3
4222	5455	9138	3
4018	4559	4867	3
8693	9565	9961	3
1495	1498	9333	3
3926	3928	4036	3
4779	4780	5265	3
4527	5029	5030	3
2167	2169	9441	3
1892	1893	4018	3
5555	6276	6468	3
1484	3554	9524	3
1745	1873	1892	3
335	414	9276	3
2450	4061	9812	3
4045	4580	4989	3
4580	4581	5327	3
339	468	9187	3
1494	1495	9333	3
5327	7245	7246	3
4037	4039	4040	3
330	561	9261	3
2910	2911	9626	3
2952	2953	9566	3
4331	4779	9630	3
7493	7494	7739	3
1976	1977	2089	3
4989	6007	6421	3
2338	2357	8942	3
5509	9961	10081	3
6603	10084	10167	3
6266	6267	6268	3
2339	2358	3738	3
2956	4000	4045	3
1895	1953	1976	3
2440	4024	9726	3
1410	4681	6120	3
8913	10142	10262	3
2945	9523	10096	3
4000	4045	4580	3
6532	9467	9610	3
6535	6559	9787	3
1498	1499	9330	3
4041	4043	8946	3
2929	8027	10162	3
327	422	9369	3
2552	3678	10211	3
1499	1502	9330	3
5207	6255	6256	3
1490	9038	9744	3
6256	6257	6258	3
338	468	9522	3
4830	6720	6721	3
2428	2699	3065	3
3205	4540	9605	3
5856	7201	7298	3
6258	6259	6262	3
2169	2337	9441	3
4040	4041	4830	3
6584	9260	9745	3
7245	7246	9121	3
2459	3346	9282	3
6264	6265	6266	3
5327	7246	9955	3
4966	9524	9992	3
3065	3066	3838	3
2660	4527	9432	3
1490	1491	9744	3
2660	2661	9432	3
2938	2940	9605	3
4527	6574	9432	3
5553	9080	9892	3
6270	6982	6983	3
4043	4609	8946	3
4494	5509	10081	3
6261	6264	6265	3
1503	1683	10012	3
2448	2450	9812	3
2906	8262	10042	3
331	491	9261	3
2938	3205	9605	3
3838	3839	4170	3
2940	9523	9605	3
1494	9744	9850	3
5649	6532	9467	3
339	340	9187	3
4779	6292	9630	3
6265	6266	7414	3
337	338	9522	3
2452	4061	9914	3
2452	2454	9914	3
2454	2656	9914	3
1892	4559	9454	3
2438	7924	9726	3
1976	9816	10005	3
4625	4626	9660	3
344	345	548	3
5261	7033	9660	3
3335	4191	9917	3
2661	2664	9432	3
7853	9441	10376	3
4170	4171	4683	3
2954	9537	10275	3
4040	4830	6720	3
2911	2937	9626	3
9085	9914	10019	3
4559	6587	9454	3
329	561	9445	3
2953	2956	9566	3
1410	6120	9794	3
923	3334	8794	3
2428	3065	3067	3
3345	10587	10615	3
345	346	9618	3
1482	8437	9524	3
2656	9085	9914	3
4054	9231	10305	3
2937	3968	9626	3
6583	9523	10096	3
1977	2018	9973	3
4191	5207	9917	3
2664	9432	9978	3
6559	7256	9787	3
340	549	9187	3
5647	5649	9467	3
6327	9947	10059	3
2955	2958	9986	3
4036	4037	9875	3
3346	9984	10084	3
1494	9333	9850	3
6325	8587	9947	3
1482	1484	9524	3
337	555	9522	3
2956	4045	9566	3
3838	4170	5141	3
1491	1494	9744	3
6268	6270	7420	3
4625	5261	9660	3
4212	5861	10090	3
2942	2945	9523	3
6864	7457	10181	3
4037	4040	9875	3
3345	7414	10587	3
1505	9454	10012	3
6558	6560	10267	3
5207	6256	9917	3
1683	10012	10090	3
1503	1505	10012	3
2664	2666	9978	3
6584	6585	9872	3
6327	10059	10060	3
7838	8693	9961	3
5787	6676	10019	3
8437	9524	9992	3
2940	2942	9523	3
1498	9333	10142	3
326	9369	9654	3
6584	9745	9872	3
5404	6640	10313	3
2945	2949	10096	3
1893	4018	9816	3
2448	9692	9812	3
4054	9342	10239	3
6574	9432	9978	3
2954	2955	9986	3
5793	8437	9992	3
6631	9333	10142	3
2542	4024	9797	3
4966	6601	9992	3
3065	3067	9898	3
6631	10142	10262	3
9338	10266	10355	3
1976	2089	10005	3
3065	3838	9898	3
3838	5141	9898	3
4040	6720	9875	3
6583	8587	10096	3
6430	10250	10325	3
2644	2931	9797	3
4054	10239	10305	3
8376	9231	9984	3
2551	2929	10162	3
8974	8975	10081	3
1977	2089	9973	3
346	347	464	3
2903	2906	10042	3
7874	9917	10207	3
2902	2903	10042	3
4626	10347	10355	3
328	329	9445	3
8904	9692	9812	3
2902	8853	10211	3
6259	6262	10280	3
5540	8946	10339	3
2542	2644	9797	3
6587	9454	10012	3
7848	7849	10410	3
5790	5856	10005	3
5553	5555	9892	3
5787	9085	10019	3
2646	10207	10414	3
4830	6721	10339	3
3926	4036	10189	3
4018	5790	9816	3
9337	9338	10266	3
2549	2551	10162	3
6864	6889	10181	3
4496	8974	10130	3
4989	6421	9955	3
6587	10012	10090	3
345	548	9618	3
5404	8913	10262	3
1683	4212	10090	3
6426	6427	10250	3
8045	8767	10130	3
4580	5327	9955	3
6261	6265	10280	3
6558	8853	10267	3
8045	8974	10130	3
1498	9330	10142	3
4975	6587	10229	3
6601	9992	10239	3
2569	2902	10211	3
5793	9992	10239	3
5790	9816	10005	3
4987	8780	10455	3
328	422	9445	3
2339	3738	10376	3
7414	10485	10603	3
6561	10347	10355	3
6468	6469	10275	3
4061	9812	10319	3
8271	8944	10220	3
6468	9537	10275	3
4580	4989	9955	3
5555	6468	9892	3
5934	10544	10596	3
3678	9337	10266	3
8645	8647	10879	3
6640	8951	10583	3
6256	9917	10207	3
5793	9342	10239	3
6560	10266	10355	3
6629	6631	10262	3
4626	9660	10347	3
2931	8529	10449	3
6259	6261	10280	3
346	464	9618	3
4911	8645	10916	3
6430	8432	10325	3
2552	2569	10211	3
4437	4911	10936	3
3925	3926	10189	3
2427	2699	10485	3
349	350	508	3
6601	10239	10305	3
6427	6430	10250	3
6601	6602	10305	3
4437	7736	10360	3
6256	6258	10207	3
5861	10090	10229	3
3925	9872	10189	3
2117	7738	10978	3
4830	8946	10339	3
6676	10019	10319	3
2931	2932	10449	3
4170	4683	10169	3
7298	7300	10748	3
2337	9441	10376	3
5404	10262	10313	3
6469	7457	10275	3
6560	6561	10355	3
6560	10266	10267	3
4170	5141	10169	3
1336	8780	10533	3
6629	6630	10313	3
6587	10090	10229	3
6265	10280	10603	3
2358	3738	10531	3
4626	9338	10355	3
8780	10455	10533	3
4911	10916	10936	3
4061	10019	10319	3
8904	9812	10319	3
1492	1493	10633	3
6630	8471	10550	3
1336	10533	10575	3
6561	7257	10347	3
5934	9566	10544	3
2337	2339	10376	3
6629	10262	10313	3
6676	10319	10455	3
3066	3839	10615	3
3067	9898	10600	3
3678	10266	10267	3
7033	9660	10423	3
7849	7853	10410	3
5403	6640	10583	3
2428	3067	10531	3
6162	6185	10556	3
7524	10711	10722	3
6268	7420	10587	3
6258	10207	10414	3
6655	10544	10596	3
2952	10449	10544	3
8904	10319	10455	3
2824	8943	10603	3
4975	7524	10722	3
8943	10280	10603	3
8645	10879	10916	3
2932	2952	10449	3
4987	8904	10455	3
6258	6262	10414	3
2427	2824	10485	3
9660	10347	10423	3
5791	7504	10722	3
6266	7414	10587	3
5577	8585	10711	3
6676	10455	10533	3
2952	9566	10544	3
6675	6676	10533	3
2358	2428	10531	3
7257	10347	10423	3
6640	10313	10550	3
3067	10556	10600	3
6675	10533	10575	3
6162	7850	10556	3
4867	4975	10722	3
8558	10617	10633	3
6675	8574	10575	3
6007	8558	10617	3
5934	6007	10596	3
5403	6414	10583	3
6266	6268	10587	3
5622	6655	10596	3
6630	10313	10550	3
6265	7414	10603	3
1492	7999	10633	3
6421	8963	10718	3
7999	10617	10633	3
6007	10596	10617	3
6185	10556	10600	3
3066	3345	10615	3
7658	11380	11384	3
5856	10005	10748	3
6421	9955	10718	3
5622	7999	10617	3
4036	10189	10879	3
5622	10596	10617	3
8647	10189	10879	3
5540	10339	10978	3
7246	10718	10739	3
7246	9955	10718	3
5577	7524	10711	3
4867	5791	10722	3
7246	9121	10739	3
5141	11380	11384	3
7278	11293	11294	3
7738	10339	10978	3
2089	10005	10748	3
2089	10748	10847	3
7300	10748	10847	3
3996	7278	11293	3
5453	10060	11295	3
2089	9973	10847	3
4036	9875	10879	3
5453	11295	11297	3
9875	10879	10916	3
6720	9875	10916	3
6720	10916	10936	3
6720	6721	10936	3
6327	10060	11295	3
6326	7295	11295	3
6328	8795	11311	3
4681	6120	11299	3
10059	10060	11293	3
3726	9794	11313	3
6324	6328	11311	3
3996	9315	11293	3
6120	11304	11313	3
6292	9246	11345	3
6292	9630	11345	3
5141	9898	11380	3
6321	10511	11345	3
4682	11377	11386	3
4682	7658	11377	3
6326	6327	11295	3
4681	6161	11299	3
8909	11299	11304	3
6120	11299	11304	3
9315	10059	11293	3
4682	8909	11386	3
6323	6324	11311	3
6120	9794	11313	3
7658	11377	11380	3
6321	9630	11345	3
6161	11299	11386	3
8909	11299	11386	3
6185	11377	11386	3
6161	6185	11386	3
5141	10169	11384	3
6185	10600	11377	3
9898	10600	11380	3
10600	11377	11380	3
4284	6992	11564	3
6270	6983	11564	3
4284	7420	11564	3
491	9261	11651	3
6270	7420	11564	3
508	6982	11707	3
332	333	11583	3
333	334	11596	3
508	6984	11714	3
6269	6988	11613	3
6267	9443	11613	3
405	8121	11650	3
6926	8980	11615	3
405	8122	11800	3
6271	6926	11622	3
6263	9443	11625	3
468	9522	11640	3
6889	7502	11639	3
6275	6900	11640	3
414	9276	11639	3
342	405	11650	3
341	549	11650	3
7496	7499	11651	3
6900	7764	11601	3
6915	6916	11702	3
6863	6888	11710	3
351	402	11714	3
350	508	11714	3
343	405	11800	3
344	548	11800	3
548	9618	11625	3
332	491	11583	3
422	9445	11622	3
349	508	11707	3
6959	7764	11601	3
9369	9654	11615	3
334	414	11596	3
549	9187	11601	3
6267	6269	11613	3
6271	6915	11622	3
348	6988	11707	3
6263	6961	11625	3
6888	6889	11639	3
6275	8876	11640	3
341	342	11650	3
348	349	11707	3
7495	7496	11651	3
6916	7495	11702	3
6982	6988	11707	3
6863	8876	11710	3
350	351	11714	3
343	344	11800	3
402	6984	6991	3
5211	6991	6993	3
7889	9654	11615	3
7061	7278	9777	3
8425	9973	10847	3
3288	3290	7299	3
3334	7873	11297	3
2018	8424	9973	3
5452	5453	11294	3
351	352	402	3
7417	8762	9137	3
8768	9470	9582	3
4172	4682	7658	3
5295	8768	9470	3
2019	2088	2117	3
4684	4714	5211	3
2675	8762	10101	3
923	935	3334	3
1331	1333	1334	3
4173	4682	8909	3
7299	7300	8438	3
4873	4949	4950	3
5030	6576	8574	3
5507	7308	7482	3
1332	1333	1336	3
878	884	8269	3
4768	8954	8980	3
5507	5508	7308	3
5261	5295	7032	3
4872	7482	10521	3
2667	2669	2675	3
878	3348	8269	3
884	885	889	3
2018	2019	2087	3
3287	3288	3289	3
5261	7032	7033	3
5508	7417	9137	3
907	909	910	3
911	913	914	3
903	905	906	3
890	897	898	3
885	889	890	3
4188	4609	4610	3
899	901	902	3
915	920	7953	3
901	902	903	3
913	914	915	3
909	910	911	3
897	898	899	3
920	923	934	3
4609	5308	5540	3
2666	2667	2668	3
905	906	907	3
1334	3726	8400	3
5030	6574	6575	3
3287	3976	9777	3
4949	4950	9582	3
2666	2734	9978	3
4188	4611	8954	3
4683	4684	4685	3
325	326	9654	3
4872	4873	10521	3
4683	6174	10169	3
6574	9978	10168	3
2117	10978	10980	3
1336	5610	10575	3
8574	10575	10591	3
3348	10423	11367	3
5540	6366	10978	3
4899	8909	11304	3
6743	11304	11313	3
7033	10423	11367	3
6175	7658	11384	3
5799	7278	11294	3
5451	5453	11297	3
3726	11313	11319	3
7300	10847	11340	3
10169	11383	11384	3
7889	8980	11615	3
492	7889	9654	3
4714	5211	6993	3
885	890	8221	3
906	907	7160	3
890	898	8221	3
907	910	7160	3
3976	7061	9777	3
899	902	10812	3
902	903	7161	3
3290	7299	8438	3
903	906	7161	3
2018	2087	8424	3
8424	8425	9973	3
352	402	7230	3
5295	9238	9470	3
898	899	10812	3
870	3348	11367	3
5381	8762	9137	3
5295	7032	9238	3
8762	10101	10221	3
7482	8879	10521	3
4172	6175	7658	3
4172	4173	4682	3
5507	7482	8879	3
5451	5452	5453	3
6318	9470	9582	3
935	3334	7873	3
4188	4610	4611	3
1331	1332	1333	3
2019	2087	2088	3
4435	5508	9137	3
870	878	3348	3
1331	1334	8400	3
4873	4950	5411	3
3288	3289	3290	3
923	934	935	3
5799	7061	7278	3
4173	4899	8909	3
4435	5507	5508	3
910	911	9504	3
878	879	884	3
1332	1336	5610	3
7032	7033	7277	3
4768	7889	8980	3
914	915	919	3
5030	6575	6576	3
915	919	7953	3
2667	2668	2669	3
2666	2668	2734	3
879	884	885	3
3287	3289	3976	3
4950	6318	9582	3
911	914	9504	3
920	934	3725	3
4609	4610	5308	3
920	3725	7953	3
4684	4685	4714	3
5308	5540	6366	3
2669	2675	10101	3
4611	4768	8954	3
4683	4685	6174	3
3726	8400	11319	3
2734	9978	10168	3
6574	6575	10168	3
2088	2117	10980	3
325	492	9654	3
5610	10575	10591	3
4873	5411	10521	3
6576	8574	10591	3
6366	10978	10980	3
5451	7873	11297	3
8425	10847	11340	3
5452	5799	11294	3
6175	11383	11384	3
4899	6743	11304	3
7300	8438	11340	3
6743	11313	11319	3
7033	7277	11367	3
6174	10169	11383	3
402	6991	11634	3
6991	6993	11634	3
492	7889	9654	4
6970	7508	11559	4
430	6957	8124	4
502	6958	7578	4
492	7889	11693	4
563	6946	9554	4
6970	7508	11653	4
568	8328	8330	4
319	563	6985	4
430	8124	11656	4
516	7101	7102	4
6958	7578	11642	4
445	7102	7115	4
568	8330	11689	4
440	6968	6969	4
318	319	6985	4
563	6946	11629	4
516	7101	7103	4
440	6969	6970	4
6946	9554	11611	4
7888	8124	9205	4
516	7102	11697	4
7888	9205	11693	4
7508	11559	11604	4
563	6985	11629	4
568	8328	11576	4
502	6958	11604	4
445	7102	11697	4
445	7115	11642	4
430	6957	11611	4
440	6968	11694	4
7889	9654	11615	4
6969	6970	6994	4
496	8330	11807	4
492	9205	11693	4
9130	11594	11610	4
7101	7103	11561	4
496	8330	11689	4
5218	8329	11574	4
6951	6995	7091	4
4767	6994	11554	4
6994	6995	11554	4
4280	6995	7091	4
6951	6969	6995	4
6969	6994	6995	4
298	496	11548	4
8126	8128	11544	4
6243	7235	9090	4
520	7235	9090	4
496	7166	11548	4
6700	8128	11544	4
8804	8805	11549	4
8181	8182	11532	4
287	441	11541	4
289	520	11542	4
8169	8170	11539	4
4603	10968	11340	4
7196	7267	9844	4
5462	7079	7081	4
1148	5462	7081	4
4793	7077	9151	4
2883	7110	8772	4
2539	2883	8772	4
5479	8136	11140	4
3450	7634	11216	4
7061	7278	9777	4
3290	3292	8438	4
3976	7061	7196	4
6319	7077	9150	4
3976	7061	9777	4
6319	7224	9150	4
4793	7077	9150	4
4760	7099	7187	4
3980	6319	7224	4
3976	7196	9844	4
6673	7952	11145	4
6332	7099	7187	4
4760	6549	7187	4
8425	9973	10847	4
2915	6725	11121	4
7196	7267	7388	4
5462	7079	7266	4
5877	9151	9911	4
6274	7115	7253	4
5463	7266	7267	4
7207	7642	10792	4
2376	7158	10009	4
2211	2376	10009	4
6332	7099	7253	4
3290	7299	8438	4
3980	7224	7952	4
2254	2359	11146	4
4793	9151	9911	4
7210	7211	9774	4
2018	2087	8424	4
7126	7521	10286	4
2913	7126	7642	4
4280	7091	7634	4
7211	9774	9962	4
5463	7267	7388	4
8424	8425	9973	4
1148	7081	7828	4
2714	7210	9774	4
4824	9346	10920	4
5479	7655	7828	4
2913	7126	10286	4
4349	7121	7521	4
5462	5463	7266	4
7121	8395	10176	4
4349	7521	10286	4
4349	7121	10176	4
6948	8360	9723	4
5591	8360	9723	4
2913	7642	10792	4
6423	9346	10920	4
2883	5591	8792	4
7100	7115	7253	4
5479	7655	11140	4
5591	8792	9723	4
3288	3290	7299	4
4812	7266	7267	4
4851	7130	8395	4
2359	2539	8772	4
2883	7110	8792	4
2088	2119	10980	4
4851	8395	10176	4
3292	4603	8438	4
7081	7655	7828	4
6362	7667	10272	4
6350	10761	11207	4
5300	5302	7952	4
6725	8307	11121	4
3334	7873	11297	4
2713	7667	10272	4
7099	7100	7253	4
2145	8422	8426	4
7205	7206	8500	4
2145	8422	8423	4
4851	7130	10502	4
6549	7187	10901	4
3610	7205	8500	4
1146	1157	7828	4
6362	8426	10272	4
2376	7158	10285	4
6362	8422	8426	4
2119	2211	10009	4
297	298	11548	4
7091	7634	11216	4
3984	7209	8500	4
2087	2145	8424	4
7206	7209	8500	4
6549	10052	10901	4
2018	8424	9973	4
3984	7209	10893	4
3610	7205	8501	4
6241	8805	11549	4
4812	7267	9844	4
5204	6332	7253	4
6719	10871	10892	4
5204	6274	7253	4
5452	5453	11294	4
4603	8438	11340	4
4812	7266	9998	4
7079	7266	9998	4
4824	9346	10955	4
4824	10853	10920	4
5614	7268	8501	4
2359	8772	11146	4
3980	7952	11145	4
1972	8113	10896	4
8126	9090	11544	4
7207	7210	10792	4
8425	10968	11340	4
5300	7224	7952	4
8111	8116	11001	4
520	7235	11542	4
5302	6673	7952	4
8113	8189	10896	4
6673	7220	11145	4
1157	5479	7828	4
7235	11542	11543	4
1146	1148	7828	4
5614	7268	8502	4
441	7274	11541	4
8182	8351	8353	4
4141	8181	11532	4
1971	8116	11001	4
7211	9962	10871	4
6364	7205	8501	4
6364	7268	8501	4
2983	7296	7659	4
2983	7296	7662	4
8112	8113	10956	4
8182	8351	9219	4
1878	7333	8569	4
5877	9151	10853	4
8349	8351	9219	4
2983	7659	9668	4
5783	8170	11539	4
8112	10956	10973	4
2119	10009	10980	4
5614	8501	8617	4
1411	1508	8502	4
2714	7210	10792	4
3333	8136	11140	4
9151	10853	10920	4
1971	10973	11001	4
7659	7660	9668	4
3610	8501	8617	4
7660	7661	10098	4
1878	7333	8024	4
6767	8118	8189	4
1878	8502	8569	4
1726	1875	8024	4
2915	3984	11121	4
5463	7388	7523	4
4115	8118	10139	4
7660	9668	10098	4
6435	7187	10901	4
1726	1878	8024	4
1411	5614	8502	4
1508	1878	8502	4
6767	8118	10139	4
480	8178	8546	4
4006	8114	8119	4
306	307	9129	4
3083	4006	8119	4
1395	2983	7662	4
1393	1395	7662	4
480	8349	9219	4
3340	7661	7663	4
7660	7661	7663	4
6347	7126	7521	4
6055	7553	7554	4
3079	3081	9747	4
5457	6055	7553	4
312	313	7578	4
306	8331	9129	4
7268	8502	8569	4
1875	3563	8024	4
314	315	7508	4
3081	3083	8119	4
5461	5562	8196	4
6423	7077	10920	4
2118	2144	8426	4
2118	2145	8426	4
2899	3450	7634	4
8332	9129	9130	4
1074	1123	7644	4
3305	5463	7523	4
280	480	8546	4
6345	6347	7521	4
1074	5414	7644	4
7748	8905	10028	4
4765	4767	8736	4
3000	3073	7715	4
948	1050	7873	4
1296	2274	8034	4
6719	7667	10871	4
3184	4280	7634	4
8127	8129	8130	4
7888	8123	8124	4
305	306	8331	4
3073	4115	7715	4
2331	8905	10028	4
5461	7730	8196	4
480	8178	9219	4
6349	7126	7642	4
5457	7553	7686	4
5561	7686	8147	4
8180	11533	11535	4
5155	6239	10196	4
2274	6076	8034	4
2741	5561	8147	4
4115	7715	10139	4
281	282	8174	4
3758	3845	7748	4
307	472	9129	4
3757	6342	6343	4
2899	3184	7634	4
1394	5614	8617	4
292	293	8129	4
6345	7121	7521	4
5414	7523	7644	4
934	947	9169	4
7388	7523	8732	4
3079	4008	9747	4
2612	5461	7730	4
3565	3756	3757	4
1050	5451	7873	4
3450	8360	11216	4
293	536	8129	4
7211	10871	10892	4
3081	8119	9747	4
5582	5800	8732	4
6342	7130	8395	4
5564	5566	8415	4
6658	7296	10647	4
8106	8118	8189	4
5337	6957	8123	4
1792	2158	7916	4
311	312	445	4
2697	5591	8359	4
5353	6719	7667	4
3305	7523	7644	4
6343	6344	6345	4
433	8171	8172	4
8174	8175	8546	4
8180	8181	11533	4
2145	8423	8424	4
8351	8352	8353	4
5562	5565	8196	4
5566	6034	8415	4
3756	3757	6342	4
1123	1145	7644	4
5565	7663	8196	4
4277	4765	4767	4
3340	7663	8196	4
5858	10114	10223	4
8350	8351	8352	4
1267	1296	8034	4
2072	3340	7661	4
5414	7523	8732	4
6957	8123	8124	4
281	8174	8546	4
5565	5567	7663	4
5561	5563	7686	4
1177	5479	8136	4
935	948	7873	4
6343	6345	7121	4
305	497	8331	4
283	433	8171	4
3845	5049	7748	4
2330	2612	7730	4
519	8169	8170	4
8175	8178	8546	4
3184	3908	4280	4
2697	2698	8359	4
312	445	7578	4
5563	7553	7686	4
6345	6346	6347	4
3915	4190	7990	4
4730	5337	8123	4
8106	8108	8189	4
7207	7208	7210	4
2713	7667	10871	4
5591	8359	8360	4
2999	3000	7715	4
4115	8105	8118	4
2716	2899	3450	4
4760	5216	7099	4
285	519	8169	4
536	8129	8130	4
1296	1369	2274	4
5800	7388	8732	4
1177	1195	8136	4
6347	6349	7126	4
6950	6968	6985	4
3757	6343	6344	4
1264	1267	3333	4
453	8125	8126	4
2539	2697	2883	4
1786	8142	8143	4
4008	8105	8106	4
6344	6345	6346	4
4567	4760	6549	4
4235	8212	8213	4
6365	7206	7207	4
1786	1788	8142	4
6347	6348	6349	4
3450	8359	8360	4
7100	7102	7115	4
947	1140	9169	4
6950	6951	6968	4
5338	6247	9723	4
4567	4759	4760	4
4729	7887	7888	4
4768	7887	7889	4
1296	1356	1369	4
1267	3333	8034	4
279	480	8349	4
3575	3579	8537	4
6365	7205	7206	4
7206	7207	7208	4
1059	5582	8314	4
5564	5565	5566	4
3568	3572	9184	4
6349	6365	7642	4
1369	2274	2914	4
1790	1792	7916	4
433	8172	8173	4
2741	2742	8147	4
287	288	441	4
4727	4768	7887	4
4816	5575	8436	4
5568	6658	7296	4
5566	5567	5568	4
8177	8179	8180	4
2211	2254	2376	4
280	281	8546	4
5562	5563	5564	4
4575	10024	10196	4
1267	1284	1296	4
8108	8109	8112	4
2741	5461	5561	4
6239	6240	10488	4
285	286	519	4
6342	6350	7130	4
4727	4729	7887	4
6239	9073	10196	4
5565	5566	5567	4
5457	5458	6055	4
3563	3565	8023	4
7208	7210	7211	4
292	453	8129	4
2914	2915	3984	4
5568	6034	6658	4
5564	6008	8415	4
2158	7916	10706	4
6349	6364	6365	4
8349	8350	8351	4
5049	6717	7748	4
5049	6716	6717	4
5216	7099	7100	4
309	310	516	4
8108	8112	8113	4
5310	5575	8422	4
313	314	502	4
1145	1146	1148	4
3803	5457	7686	4
3075	4115	8105	4
1264	1265	1267	4
282	433	8174	4
5353	6362	7667	4
5337	6246	6957	4
8173	8175	8176	4
2019	2088	2117	4
1123	1144	1145	4
8105	8106	8118	4
2999	3803	5456	4
291	453	8125	4
282	283	433	4
497	8326	8327	4
4008	8106	8107	4
4730	5336	5337	4
6947	6949	6950	4
5582	8314	8732	4
2274	2914	2915	4
3577	4235	8212	4
1051	1059	8314	4
5203	6958	8736	4
5563	5564	6008	4
1407	1682	8143	4
2612	2741	5461	4
1050	1051	1059	4
4817	5310	5353	4
5567	5568	7659	4
3077	4008	8105	4
3573	3575	8537	4
1065	1074	5414	4
6435	10761	10901	4
5461	5561	5562	4
453	8126	8127	4
2698	2716	8359	4
3565	3566	3756	4
1788	3341	8142	4
2697	2883	5591	4
6246	6247	6946	4
5310	6362	8422	4
5310	5353	6362	4
8212	8213	9255	4
5451	5452	5453	4
4611	4727	4768	4
279	280	480	4
289	290	520	4
3073	3075	4115	4
3077	3079	4008	4
948	1049	1050	4
290	520	8125	4
6346	7333	8569	4
1788	1790	3341	4
8111	8115	8116	4
1145	1148	3305	4
5575	8422	8423	4
3824	4816	8436	4
5456	5457	5458	4
4759	4760	5216	4
8107	8108	8109	4
1792	1794	2158	4
6344	7333	8023	4
6346	6347	6348	4
8126	8127	8128	4
6348	6349	6364	4
2777	2999	3803	4
8106	8107	8108	4
5561	5562	5563	4
284	8169	8171	4
6365	7207	7642	4
497	8327	8331	4
1508	1726	1878	4
3563	3564	3565	4
5800	7061	7196	4
1059	5451	5452	4
1195	1263	1264	4
4727	4728	4729	4
3979	6319	6423	4
3803	5456	5457	4
497	8325	8326	4
5562	5564	5565	4
4765	5203	8736	4
3292	3294	4603	4
8423	8424	8425	4
1144	1145	1146	4
923	935	3334	4
1286	2685	8702	4
3824	4665	4816	4
5458	6055	6766	4
4665	4817	8307	4
2088	2118	2119	4
1049	1050	1051	4
2119	2144	2211	4
8328	8329	8330	4
3915	7990	9859	4
3563	8023	8024	4
8179	8180	8181	4
1050	1059	5451	4
1148	3305	5462	4
5582	5799	5800	4
5862	11534	11536	4
520	8125	9090	4
5290	10461	10520	4
6364	6365	7205	4
5567	7659	7660	4
5337	5338	6246	4
3803	7686	8147	4
8175	8176	8177	4
5566	5568	6034	4
4665	4816	4817	4
473	8804	8805	4
3577	3847	4235	4
1790	3341	7916	4
4816	4817	5310	4
2685	8702	8703	4
935	3334	7873	4
2211	2212	2254	4
5288	7081	7655	4
2254	2255	2359	4
1875	1995	3563	4
3305	5462	5463	4
5452	5582	5799	4
2899	2900	3184	4
278	8349	8350	4
4567	6549	8537	4
2716	2717	2899	4
8108	8113	8189	4
4611	4612	4727	4
2205	2330	7730	4
6346	6348	8569	4
4188	4610	4611	4
304	497	8325	4
4069	5808	9228	4
8177	8178	8179	4
7299	7300	8438	4
1264	3333	8136	4
283	284	8171	4
2072	2205	3340	4
291	292	453	4
6549	8537	10052	4
2019	2087	2088	4
6319	6423	7077	4
2915	6076	6725	4
2539	2540	2697	4
277	278	8350	4
7206	7208	7209	4
2914	3984	8500	4
4190	5152	7990	4
4816	5310	5575	4
1065	5414	8314	4
5155	6238	6239	4
2054	2072	7661	4
1262	1286	8702	4
3979	3980	6319	4
284	285	8169	4
2330	2520	2612	4
6717	7748	8905	4
2359	2360	2539	4
5302	6671	6673	4
8109	8110	8111	4
5799	5800	7061	4
5338	6246	6247	4
1394	1411	5614	4
3294	4603	8436	4
2999	5456	7715	4
5568	7296	7659	4
1157	1177	5479	4
3071	5780	9619	4
1195	1264	8136	4
3757	6344	8023	4
6673	6674	7220	4
4612	4727	4728	4
1051	1064	1065	4
278	279	8349	4
2274	2915	6076	4
293	294	536	4
1145	3305	7644	4
3292	3293	3294	4
3579	4567	8537	4
1682	1786	8143	4
3073	3074	3075	4
8327	8331	8332	4
934	3725	9169	4
3077	3078	3079	4
4728	4729	4730	4
1792	1793	1794	4
1352	2685	9426	4
2777	2778	2999	4
3075	3077	8105	4
4729	7888	8123	4
4768	8954	8980	4
8125	8126	9090	4
5049	6699	6716	4
2612	2613	2741	4
5353	6718	6719	4
3758	7748	10028	4
3081	3082	3083	4
948	1048	1049	4
294	536	8804	4
3340	7730	8196	4
2716	3450	8359	4
1065	1073	1074	4
1123	1143	1144	4
3288	3289	3290	4
1369	2914	3610	4
3000	3072	3073	4
6247	6948	9723	4
923	934	935	4
3579	4193	4567	4
1140	4386	5719	4
1790	1791	1792	4
5799	7061	7278	4
1059	5452	5582	4
4193	4567	4759	4
295	296	473	4
8173	8174	8175	4
304	305	497	4
4190	5151	5152	4
300	301	568	4
298	299	496	4
935	947	948	4
5563	6008	7553	4
1263	1264	1265	4
8111	8114	8115	4
3420	3979	3980	4
3845	4628	5049	4
3075	3076	3077	4
3290	3291	3292	4
472	9129	9130	4
307	308	472	4
1265	1267	1284	4
1074	1122	1123	4
3824	4664	4665	4
2698	2715	2716	4
2742	2776	2777	4
295	473	8804	4
2742	2777	8147	4
3079	3080	3081	4
290	291	8125	4
1051	1065	8314	4
3294	3823	3824	4
6591	10024	10196	4
303	304	8325	4
453	8127	8129	4
8325	8326	8328	4
2018	2019	2087	4
5016	9255	9791	4
5414	8314	8732	4
2254	2376	11146	4
6247	6946	6947	4
4817	5353	6718	4
4610	4611	4612	4
5336	5337	5338	4
1356	1394	8617	4
313	502	7578	4
4189	5197	9300	4
2087	2088	2118	4
2118	2119	2144	4
6949	6950	6951	4
3294	3824	8436	4
1284	1296	1356	4
5288	7079	7081	4
2205	3340	7730	4
1788	1789	1790	4
7333	8023	8024	4
6951	6968	6969	4
8326	8328	8329	4
6008	7553	7554	4
1786	1787	1788	4
3914	4189	9300	4
8179	8181	8182	4
3756	6342	6350	4
2778	2999	3000	4
3287	3288	3289	4
3289	3290	3291	4
4768	7889	8980	4
3979	6423	9345	4
3078	3079	3080	4
2144	2211	2212	4
8213	9255	9791	4
1682	1785	1786	4
6435	10761	11207	4
8179	8182	9219	4
294	295	8804	4
4800	5288	7079	4
2914	3610	8500	4
3291	3292	3293	4
6343	7121	8395	4
2613	2741	2742	4
3574	3577	8212	4
3082	3083	3084	4
8331	8332	9129	4
5800	7196	7388	4
3074	3075	3076	4
2520	2612	2613	4
1286	1352	2685	4
433	8173	8174	4
2776	2777	2778	4
3574	3576	3577	4
1791	1792	1793	4
3571	3574	8212	4
3569	5016	9255	4
5203	6274	6958	4
2520	2613	9772	4
8107	8109	8110	4
3080	3081	3082	4
6423	9345	9346	4
2212	2254	2255	4
3564	3567	9974	4
3576	3578	9859	4
4729	4730	8123	4
5155	6237	6238	4
3076	3077	3078	4
1146	1156	1157	4
4188	4609	4610	4
4069	4794	5808	4
8175	8177	8178	4
1049	1051	1064	4
4190	4741	5151	4
5308	6366	7158	4
1972	10885	10896	4
3341	8142	10653	4
1144	1146	1156	4
2255	2359	2360	4
5151	5152	5257	4
6238	6239	6240	4
1140	5719	9169	4
6671	6673	6674	4
1140	3739	4386	4
3072	3073	3074	4
1396	4792	4793	4
1789	1790	1791	4
3577	3846	3847	4
3571	8212	9255	4
5289	5300	7224	4
5302	6670	6671	4
1412	2983	9668	4
3739	4386	4824	4
934	935	947	4
1995	3563	3564	4
1064	1065	1073	4
1285	4072	9336	4
4575	5154	5155	4
4730	5297	5336	4
2360	2539	2540	4
4792	4793	9150	4
920	923	934	4
6348	6364	7268	4
4609	5308	5540	4
6342	6343	8395	4
3287	3289	3976	4
3293	3294	3823	4
4185	5173	5858	4
3847	4185	4186	4
947	948	1048	4
920	934	3725	4
3074	4131	9941	4
5780	5781	5782	4
4628	5049	6699	4
5338	8792	9723	4
3071	4184	5780	4
1356	1369	8617	4
2540	2697	2698	4
1048	1140	3739	4
4664	4800	4984	4
8110	8111	8114	4
4792	4794	5289	4
1995	3564	9974	4
323	324	9205	4
3568	3570	3572	4
5780	5782	10145	4
1073	1074	1122	4
1785	1786	1787	4
2072	2204	2205	4
3575	3578	3579	4
3844	4274	4575	4
3914	3915	4189	4
1787	1788	1789	4
3289	3291	9844	4
5458	6766	6767	4
5290	5300	5301	4
3567	3569	5016	4
3287	3976	9777	4
5257	6232	6820	4
2205	2329	2330	4
5567	7660	7663	4
321	322	430	4
1122	1123	1143	4
3579	3914	4193	4
3291	4812	9844	4
324	325	492	4
2330	2519	2520	4
5289	7224	9150	4
1195	1261	1263	4
5152	5257	6232	4
5288	6722	7655	4
1356	1393	1394	4
1157	1176	1177	4
1177	1194	1195	4
3074	3076	4131	4
3291	3293	4812	4
3576	3577	3846	4
4609	4610	5308	4
2715	2716	2717	4
1285	1351	4072	4
4185	4186	5173	4
4800	4984	5288	4
2087	2118	2145	4
319	320	563	4
4186	5173	5174	4
8110	8114	8119	4
2717	2899	2900	4
2158	10706	10729	4
2360	2540	9774	4
3565	3757	8023	4
3915	4189	4190	4
3823	3824	4664	4
6344	6346	7333	4
4193	4759	5617	4
4069	4792	4794	4
1791	1793	1971	4
2713	9962	10871	4
5808	9228	10058	4
1682	1784	1785	4
4794	5289	5290	4
1406	1681	2514	4
3846	3847	4185	4
4728	4730	5297	4
947	1048	1140	4
2775	3865	6591	4
3341	7916	10675	4
1407	8143	9426	4
1765	1994	2054	4
2054	2071	2072	4
1972	8113	10956	4
4984	5288	6722	4
4008	8107	9747	4
5301	6670	6672	4
3844	4575	10024	4
5300	5301	5302	4
2742	2775	2776	4
1680	9668	10098	4
3000	3071	3072	4
5289	5290	5300	4
3569	3571	9255	4
1286	1351	1352	4
8178	8179	9219	4
3578	3915	9859	4
1176	1194	9832	4
4189	4190	4741	4
1351	1406	9548	4
1351	4072	9548	4
3564	3565	3566	4
1352	1406	1407	4
1406	2514	9548	4
3578	3914	3915	4
2777	3803	8147	4
3080	3082	4141	4
2204	2329	2331	4
4741	5151	5218	4
2520	3653	9772	4
6366	7158	10009	4
1407	1681	1682	4
1395	1412	2983	4
1785	1787	1972	4
3823	4664	4800	4
7110	7111	8772	4
6947	6948	6949	4
9840	10097	10285	4
5154	5155	6237	4
7990	10114	10223	4
3914	4193	9300	4
4189	4741	5197	4
316	317	440	4
5257	6820	7166	4
4817	6718	8307	4
5301	5302	6670	4
6237	6243	7235	4
2613	2742	2775	4
3758	3844	3845	4
324	492	9205	4
3844	3845	4274	4
4184	5781	5862	4
2775	2776	3865	4
5308	5540	6366	4
5308	7158	9840	4
6348	7268	8569	4
1412	1680	9668	4
2778	3000	3071	4
2071	2072	2204	4
2613	2775	9772	4
2204	2205	2329	4
4185	5858	10223	4
1176	9832	10058	4
1156	1157	1176	4
1064	1073	5877	4
1681	1682	1784	4
1262	1285	1286	4
3845	4274	4628	4
1263	1265	5807	4
1176	1177	1194	4
1261	1285	9336	4
3575	3576	3578	4
1194	1195	1261	4
1396	4069	4792	4
3571	3573	3574	4
2329	2330	2519	4
5781	5782	5783	4
3574	3575	3576	4
1352	1407	9426	4
3071	3072	4184	4
1194	1261	1262	4
1994	2054	2071	4
1351	1352	1406	4
2212	2255	2713	4
3578	3579	3914	4
1285	1286	1351	4
3865	6591	9073	4
1406	1407	1681	4
4611	4768	8954	4
5173	5858	6241	4
4184	5780	5781	4
320	563	9554	4
6658	10647	10668	4
3576	3846	9859	4
2519	3653	3758	4
6238	6240	7274	4
1048	3739	9371	4
4792	5289	9150	4
2519	2520	3653	4
1143	1396	4069	4
2540	2698	2714	4
5154	6237	6243	4
4188	4611	8954	4
1393	1394	1395	4
2778	3071	9619	4
3653	3758	3844	4
3569	3570	3571	4
4628	6699	6700	4
1261	1262	1285	4
4274	4575	5154	4
1394	1395	1411	4
1284	1356	1393	4
5297	5336	7110	4
2540	2714	9774	4
1994	1995	9637	4
5297	7110	7111	4
1122	1143	1396	4
3568	3569	3570	4
5216	7100	7101	4
1875	1994	1995	4
3567	3568	3569	4
1412	1508	1680	4
3573	3574	3575	4
1765	1875	1994	4
3570	3571	3573	4
5336	5338	8792	4
4612	4728	10097	4
5456	5458	10139	4
1508	1680	1726	4
1680	1726	1765	4
3184	3185	3908	4
6247	6947	6948	4
1680	1765	10098	4
2329	2519	10028	4
4575	5155	10196	4
5780	9619	10145	4
1369	3610	8617	4
1411	1412	1508	4
1726	1765	1875	4
1156	9228	10058	4
1994	2071	9637	4
3566	3567	3568	4
3289	3976	9844	4
2900	3184	3185	4
2775	6591	9772	4
1395	1411	1412	4
3570	3573	10052	4
1064	5877	9371	4
2329	2331	10028	4
2698	2714	2715	4
3566	3568	9184	4
6949	6951	7091	4
1393	7662	10356	4
4612	9840	10097	4
3570	3572	10052	4
2144	8426	10272	4
3573	8537	10052	4
8702	8703	10453	4
8703	10453	10520	4
5016	9791	10214	4
4728	5297	10097	4
4193	5617	9300	4
7158	9840	10285	4
3567	5016	9974	4
3566	3756	9184	4
7100	7101	7102	4
3293	4812	9998	4
3564	3566	3567	4
2715	2717	2913	4
5458	6767	10139	4
3293	3823	9998	4
2204	2331	10037	4
4800	7079	9998	4
320	321	9554	4
1144	1156	9228	4
1261	1263	9336	4
1073	5877	9911	4
2360	9774	9962	4
1156	1176	10058	4
2776	2778	9619	4
1143	4069	9228	4
1262	8702	9832	4
5336	7110	8792	4
2519	3758	10028	4
1048	1049	9371	4
1396	4793	9911	4
1995	9637	9974	4
2255	2360	9962	4
3823	4800	9998	4
5205	6332	6435	4
1194	1262	9832	4
2255	2713	9962	4
4277	4278	4765	4
4766	5204	5205	4
314	502	7508	4
4131	11535	11538	4
1049	1064	9371	4
4274	4628	10197	4
8703	10461	10520	4
3756	6350	9184	4
3908	3909	4277	4
325	326	9654	4
2776	3865	9619	4
1143	1144	9228	4
1263	5807	9336	4
4765	4766	5203	4
2900	3185	4349	4
1073	1122	9911	4
5456	7715	10139	4
3865	9619	10145	4
2144	2212	10272	4
3909	4278	4851	4
4274	5154	10197	4
6591	9073	10196	4
2071	2204	10037	4
5297	7111	10097	4
4610	4612	9840	4
7916	10675	10706	4
2054	7661	10098	4
2088	2117	10980	4
3185	3908	3909	4
3072	3074	9941	4
5204	5205	6332	4
4628	6700	10197	4
4184	5862	9941	4
8107	8110	9747	4
321	430	9554	4
6332	6435	7187	4
1284	1393	10356	4
1765	2054	10098	4
8110	8119	9747	4
4610	5308	9840	4
3865	9073	10145	4
325	492	9654	4
4766	5203	5204	4
1122	1396	9911	4
6591	9772	10024	4
3185	4349	10176	4
2117	10978	10980	4
3341	10653	10675	4
3984	10893	11121	4
2071	9637	10037	4
4278	4765	4766	4
3909	4277	4278	4
3846	4185	10223	4
2717	2900	10286	4
5152	6232	10114	4
7990	9859	10223	4
5154	6243	10197	4
2212	2713	10272	4
5203	5204	6274	4
3072	4184	9941	4
5152	7990	10114	4
2900	4349	10286	4
9426	10542	10611	4
3846	9859	10223	4
1265	5807	10356	4
3653	3844	10024	4
2685	9426	10542	4
3653	9772	10024	4
8112	10973	11001	4
1265	1284	10356	4
9637	10037	10214	4
6766	10885	10896	4
2717	2913	10286	4
4186	5174	10749	4
5016	9974	10214	4
8142	8143	10611	4
3185	3909	10176	4
9637	9974	10214	4
4794	5290	10520	4
8415	10794	10881	4
7111	10097	10285	4
4141	11531	11532	4
5301	6672	10461	4
5808	10453	10520	4
6239	9073	10488	4
1971	8116	11037	4
2685	8703	10542	4
3572	10052	10901	4
6767	8189	10896	4
4766	5205	10502	4
2331	8905	10501	4
6055	6766	10862	4
4984	11126	11191	4
9832	10058	10453	4
3909	4851	10176	4
5782	10145	10488	4
5290	5301	10461	4
2331	10037	10501	4
5808	10058	10453	4
9073	10145	10488	4
5174	11545	11547	4
4794	5808	10520	4
9791	10214	10501	4
3333	8034	11189	4
6672	10542	10611	4
8702	9832	10453	4
4278	4851	10502	4
9791	10501	10677	4
4072	10668	10841	4
10037	10214	10501	4
8905	10501	10677	4
4278	4766	10502	4
8703	10461	10542	4
4072	9336	10668	4
3847	4186	10728	4
3572	9184	10761	4
6717	8905	10677	4
8142	10611	10653	4
5807	10356	10647	4
6672	10461	10542	4
3739	4824	10853	4
7077	9151	10920	4
6716	10717	10728	4
2514	10794	10881	4
6717	10677	10717	4
2714	2715	10792	4
8143	9426	10611	4
6716	6717	10717	4
7296	7662	10647	4
6725	8307	11126	4
1784	10840	10862	4
7662	10356	10647	4
6350	7130	11207	4
6008	7554	10794	4
6670	6672	10653	4
1681	2514	10840	4
7208	7209	10892	4
6670	6671	10675	4
5877	9371	10853	4
6658	10668	10841	4
5807	9336	10668	4
6240	11540	11546	4
8213	9791	10677	4
7554	10840	10862	4
5807	10647	10668	4
5575	8423	10968	4
6671	6674	10706	4
6671	10675	10706	4
6674	10706	10729	4
8213	10677	10717	4
4603	8436	10968	4
6670	10653	10675	4
6672	10611	10653	4
4186	10728	10749	4
6232	11551	11553	4
4235	10717	10728	4
8423	8425	10968	4
8109	8111	11001	4
4235	8213	10717	4
6034	6658	10841	4
1787	1972	10956	4
6699	6716	10749	4
3847	4235	10728	4
6241	11549	11550	4
1791	1971	10973	4
6034	8415	10881	4
4386	4824	10955	4
1784	1785	10885	4
6350	9184	10761	4
6034	10841	10881	4
4665	8307	11126	4
6008	8415	10794	4
1793	1971	11037	4
6766	10862	10885	4
1785	1972	10885	4
1681	1784	10840	4
6055	7554	10862	4
2715	2913	10792	4
4664	4984	11126	4
6716	10728	10749	4
5205	10502	11207	4
4072	9548	10841	4
2514	10794	10840	4
3739	9371	10853	4
7130	10502	11207	4
9548	10841	10881	4
7554	10794	10840	4
7209	10892	10893	4
2514	9548	10881	4
6718	6719	10893	4
6766	6767	10896	4
7208	7211	10892	4
2376	10285	11146	4
6725	11126	11191	4
7111	10285	11146	4
6948	8360	11216	4
3572	10761	10901	4
6948	6949	11216	4
1784	10862	10885	4
1787	1789	10956	4
5575	8436	10968	4
6366	10978	10980	4
1789	10956	10973	4
5451	7873	11297	4
1789	1791	10973	4
6366	10009	10980	4
8425	10847	11340	4
5540	6366	10978	4
8109	8112	11001	4
6719	10892	10893	4
5452	5799	11294	4
3333	11140	11189	4
6718	10893	11121	4
6076	11189	11191	4
4664	4665	11126	4
6076	6725	11191	4
6718	8307	11121	4
6076	8034	11189	4
6722	7655	11140	4
3420	3980	11145	4
7111	8772	11146	4
6722	11189	11191	4
4984	6722	11191	4
5205	6435	11207	4
6949	7091	11216	4
5799	7278	11294	4
5451	5453	11297	4
6722	11140	11189	4
7300	10847	11340	4
7300	8438	11340	4
296	297	11552	4
8182	8353	11532	4
6700	8128	11545	4
441	11542	11543	4
5783	8170	11540	4
6241	8805	11551	4
6243	9090	11544	4
441	7274	11543	4
8176	11534	11536	4
3082	4141	11531	4
8176	8177	11538	4
8128	11545	11547	4
4141	8181	11533	4
8172	8173	11536	4
8354	11531	11532	4
5782	5783	11540	4
8180	11535	11538	4
8169	8171	11539	4
3080	4141	11533	4
3076	4131	11535	4
5781	5862	11537	4
288	289	11542	4
286	287	11541	4
6237	7235	11543	4
6240	10488	11540	4
5862	9941	11534	4
6699	6700	11545	4
6238	7274	11543	4
8170	11540	11546	4
8127	8130	11547	4
8130	11549	11550	4
8172	11536	11537	4
5862	11536	11537	4
6243	10197	11544	4
536	8804	11549	4
5858	6241	11551	4
6232	10114	11551	4
5174	10749	11545	4
8805	11551	11553	4
5173	6241	11550	4
3082	3084	11531	4
8353	8354	11532	4
5783	11537	11539	4
8172	11537	11539	4
519	11541	11546	4
3078	11533	11535	4
8176	11534	11538	4
4131	9941	11534	4
3078	3080	11533	4
3076	3078	11535	4
8173	8176	11536	4
8177	8180	11538	4
5781	5783	11537	4
8171	8172	11539	4
7274	11541	11546	4
5782	10488	11540	4
288	441	11542	4
286	519	11541	4
519	8170	11546	4
6237	6238	11543	4
5173	5174	11550	4
6700	10197	11544	4
297	11548	11552	4
6240	7274	11546	4
6699	10749	11545	4
8130	11547	11550	4
8127	8128	11547	4
536	8130	11549	4
6820	7166	11548	4
296	473	11552	4
473	8805	11553	4
5858	10114	11551	4
473	11552	11553	4
6232	6820	11553	4
6820	11552	11553	4
4131	11534	11538	4
5174	11547	11550	4
6820	11548	11552	4
4280	6995	11554	4
4277	4767	11554	4
3908	4280	11554	4
3908	4277	11554	4
8332	11582	11818	4
8327	8332	11582	4
6970	6994	11559	4
4767	6994	11559	4
9130	11594	11823	4
5216	7101	11561	4
4759	5617	11561	4
4767	8736	11559	4
5151	5218	11574	4
5257	7166	11574	4
302	303	11576	4
8325	8328	11576	4
8124	9205	11656	4
4759	5216	11561	4
516	7103	11623	4
4741	5218	11582	4
440	6970	11653	4
496	7166	11807	4
5151	5257	11574	4
5197	11582	11818	4
445	7578	11642	4
5197	9300	11610	4
6246	6946	11611	4
5218	8329	11821	4
303	8325	11576	4
309	516	11623	4
308	472	11623	4
6946	6947	11629	4
6950	6985	11629	4
472	9130	11823	4
6274	6958	11642	4
315	7508	11653	4
316	440	11653	4
322	430	11656	4
323	9205	11656	4
300	568	11689	4
299	496	11689	4
7887	7889	11693	4
317	440	11694	4
311	445	11697	4
310	516	11697	4
4	301	11803	4
4	302	11803	4
6958	8736	11604	4
8326	8329	11821	4
4741	5197	11582	4
5617	11594	11610	4
8736	11559	11604	4
318	6985	11694	4
430	9554	11611	4
5617	11561	11594	4
502	7508	11604	4
5617	9300	11610	4
6246	6957	11611	4
7889	8980	11615	4
7103	11561	11594	4
308	309	11623	4
6947	6950	11629	4
6968	6985	11694	4
6274	7115	11642	4
5218	11582	11821	4
315	316	11653	4
322	323	11656	4
299	300	11689	4
7887	7888	11693	4
317	318	11694	4
310	311	11697	4
8329	8330	11807	4
302	11576	11803	4
472	11623	11823	4
301	568	11803	4
7166	11574	11807	4
8329	11574	11807	4
8332	9130	11818	4
5197	11610	11818	4
8327	11582	11821	4
8326	8327	11821	4
568	11576	11803	4
9130	11610	11818	4
7103	11623	11823	4
7103	11594	11823	4
3996	7278	9777	4
6320	9346	10955	4
3288	4590	7299	4
3334	7295	11297	4
8116	8117	11037	4
8075	8352	8353	4
8075	8353	8354	4
5453	10060	11294	4
5711	8954	8980	4
2019	2117	7737	4
7298	7299	7300	4
425	8350	8352	4
277	425	8350	4
3083	3085	4006	4
8115	8116	8117	4
4187	4188	8954	4
3418	3979	9345	4
1978	2018	2019	4
2158	8047	10729	4
3418	3420	3979	4
6320	9345	9346	4
3083	3084	3085	4
3286	3287	3288	4
916	920	923	4
2951	3287	9777	4
6674	7220	7221	4
1793	1794	1795	4
1794	2158	8047	4
4006	8114	10256	4
4043	4188	4609	4
4386	5719	5720	4
3725	7895	9169	4
4609	5540	8946	4
920	3725	7953	4
4027	7220	11145	4
923	3334	8794	4
1977	2018	9973	4
5719	7895	9169	4
326	9369	9654	4
8114	8115	10256	4
2117	7738	10978	4
5540	10339	10978	4
6674	7221	10729	4
7278	11293	11294	4
7300	10748	10847	4
3420	4027	11145	4
2089	9973	10847	4
5453	11295	11297	4
4386	5720	10955	4
1793	1795	11037	4
3084	10216	11531	4
8354	10216	11531	4
6926	8980	11615	4
9369	9654	11615	4
6926	9369	11615	4
8075	8354	11530	4
8354	10216	11530	4
7220	7221	11099	4
3334	7295	8794	4
4027	7220	11099	4
6320	10955	10971	4
8047	8050	10729	4
7606	8115	8117	4
10060	11293	11294	4
7221	8050	10729	4
8117	11037	11073	4
8074	8075	8352	4
425	8074	8352	4
7295	11295	11297	4
4590	7298	7299	4
7606	8115	10256	4
2117	7737	7738	4
4187	5711	8954	4
3417	3418	9345	4
5711	6926	8980	4
4006	10131	10256	4
1978	2019	7737	4
3417	6320	9345	4
276	277	425	4
3286	3288	4590	4
5719	5721	7895	4
1794	1795	1796	4
5719	5720	5721	4
4043	4187	4188	4
1794	1796	8047	4
1977	1978	2018	4
2951	3286	3287	4
3084	3085	3086	4
916	923	8794	4
915	916	920	4
915	920	7953	4
3418	3419	3420	4
326	327	9369	4
2951	3996	9777	4
3419	3420	4027	4
4043	4609	8946	4
3725	7895	9867	4
1977	2089	9973	4
5540	8946	10339	4
3084	3086	10216	4
3085	4006	10131	4
3725	7953	9867	4
7298	7300	10748	4
7738	10339	10978	4
2089	10748	10847	4
3996	7278	11293	4
5453	10060	11295	4
5720	10955	10971	4
1795	11037	11073	4
5242	11660	11758	5
9646	11686	11751	5
8479	11679	11735	5
7288	11680	11739	5
36	11657	11767	5
7287	11657	11767	5
7557	11660	11758	5
8603	11686	11751	5
424	11679	11735	5
416	11680	11739	5
5347	9572	10970	5
7571	8543	10946	5
8619	8620	10942	5
8622	8623	10923	5
6665	7903	10925	5
4103	9174	10807	5
5348	8523	8525	5
5349	8526	8692	5
5348	8525	8941	5
8525	8526	8941	5
8692	8848	9094	5
5349	8526	8941	5
5349	8692	9094	5
5298	8848	9094	5
5298	8620	8848	5
3555	8543	10946	5
5347	8524	10970	5
5298	8620	10942	5
5347	8524	8864	5
4868	8622	10923	5
5348	8523	8864	5
5238	7903	10925	5
4366	4368	8864	5
8523	8524	8864	5
2892	3939	7689	5
4149	10810	11095	5
4853	10829	10836	5
3939	7378	7689	5
5068	8701	10835	5
4853	9174	10836	5
5068	8756	10825	5
5229	6837	7288	5
4401	8788	10553	5
8701	10829	10835	5
4368	5348	8864	5
8543	9572	10970	5
4366	5347	8864	5
3939	7378	9275	5
8619	8622	10942	5
8309	8310	8479	5
5186	8310	8479	5
6462	8674	9390	5
5230	7285	7286	5
7903	8623	10923	5
5997	6757	10818	5
5230	7285	7377	5
6757	10818	10822	5
8614	8754	10796	5
6666	7255	10917	5
6665	6666	10925	5
5639	7356	8994	5
6416	7356	8994	5
7377	7378	9275	5
2892	4401	7689	5
6416	6417	9983	5
7369	8674	8969	5
6416	8994	9983	5
7369	8674	9390	5
3464	8274	8649	5
3547	7354	8950	5
4401	8788	8889	5
5360	7368	8798	5
4401	7689	10553	5
5382	7365	7366	5
6666	8650	10917	5
2013	2151	7359	5
5229	5230	7288	5
7322	8788	8889	5
3547	7354	7355	5
4404	5360	8798	5
2652	7322	8889	5
2652	7322	7369	5
5587	8508	10477	5
2652	7369	8969	5
5068	8701	10825	5
5366	5368	10163	5
4475	7385	8927	5
4475	7384	7385	5
6637	8046	10494	5
4475	7384	8995	5
4876	8825	10382	5
2298	2300	8897	5
6424	8844	9849	5
3684	7375	8844	5
4853	10829	10835	5
5376	5378	8898	5
6769	10902	10911	5
5364	5366	7451	5
3684	7375	9391	5
4259	5068	10835	5
7360	8784	9990	5
6539	9174	10836	5
3684	8844	9849	5
5460	7374	7479	5
5366	7451	10163	5
5364	5460	7451	5
3360	8249	10265	5
4472	5350	7377	5
5460	7374	7451	5
5230	7286	7288	5
7359	7360	9990	5
4472	5230	7377	5
5056	9302	10960	5
9302	10957	10960	5
2151	3547	7359	5
8753	8754	10796	5
3547	7355	7359	5
7285	7377	9275	5
5186	8310	9858	5
7356	9858	9968	5
5057	6755	10724	5
3464	5382	8274	5
5639	7356	9968	5
5587	8274	8649	5
2566	8896	8897	5
5382	7365	8798	5
8310	9858	9968	5
2298	2566	8897	5
5382	7366	8274	5
5360	6462	9390	5
7385	8249	8927	5
5360	7368	9390	5
4404	5382	8798	5
6572	8825	10382	5
2566	8896	8898	5
6417	7354	9983	5
53	54	7556	5
54	403	7556	5
7384	8898	8995	5
5346	7571	8543	5
8614	8754	10810	5
5378	7384	8898	5
5376	8896	8898	5
3638	7479	9075	5
2746	10870	11093	5
2013	7359	9990	5
4953	8046	10494	5
7374	7479	9075	5
7354	8950	9983	5
4876	4877	7509	5
2300	8897	9849	5
5587	8274	10477	5
7385	8249	10265	5
6424	8897	9849	5
53	514	7556	5
5350	7377	7378	5
4876	7509	10382	5
3555	8543	10970	5
5238	7903	10923	5
6768	11075	11091	5
5368	7375	10163	5
4868	8622	10942	5
2627	7902	8623	5
6462	8673	8674	5
5598	8303	8673	5
4877	5460	7509	5
7375	9391	10163	5
7902	7903	8623	5
3360	8342	10265	5
6462	8303	8673	5
2621	8516	10161	5
6666	7255	10925	5
3360	8341	8342	5
5460	7479	7509	5
5878	10283	10350	5
2998	5057	10870	5
514	7556	7557	5
8608	8611	8615	5
7360	8784	10516	5
5906	7983	10426	5
6541	8516	10161	5
7355	7359	7360	5
2627	7902	8745	5
2282	3360	8341	5
2560	2627	8745	5
4464	8825	10409	5
8748	10015	10032	5
4369	4371	8605	5
8526	8691	8692	5
4464	8508	10477	5
5635	8342	10053	5
3476	8525	8526	5
8604	8605	8606	5
5635	8847	10053	5
8747	8748	10032	5
5750	8747	9767	5
2627	8621	8623	5
8339	8342	10053	5
6556	8516	10253	5
2560	2562	8745	5
8746	8747	9767	5
5598	8303	9110	5
2558	2627	8621	5
4371	5241	8605	5
8607	8608	8615	5
5346	8543	9572	5
1189	1221	8495	5
5350	7378	7379	5
3710	7983	8530	5
8865	8866	10127	5
6637	7983	10494	5
4260	4515	8607	5
5750	9730	9767	5
4377	5240	8511	5
5636	8873	9135	5
3476	8522	8525	5
7479	7509	10222	5
4369	8602	8605	5
2562	2564	9305	5
3476	8526	8691	5
5598	8672	8673	5
5240	8511	8513	5
4305	5639	9968	5
4373	5241	8657	5
2284	3360	8249	5
8659	8660	9515	5
5708	8660	9515	5
8743	8860	9584	5
1940	2150	8672	5
2150	4026	8672	5
3718	8860	9584	5
1350	5587	8508	5
2295	2361	8522	5
4469	6666	8650	5
8393	8799	9065	5
8873	8874	9158	5
1238	3602	8746	5
514	7557	7558	5
8847	9916	10053	5
8872	8873	9135	5
1234	1276	9361	5
4522	8338	8339	5
4260	5071	8607	5
2361	8522	8523	5
8511	8512	8513	5
7368	8798	9366	5
1904	5598	9110	5
2193	2225	8875	5
1348	1350	8508	5
2557	8618	8619	5
2562	8745	9305	5
4638	8393	9065	5
4360	4361	4362	5
4515	8607	8608	5
5241	8657	9025	5
2557	2558	8621	5
4363	4364	4365	5
2303	2362	8901	5
4373	4375	8657	5
4362	5346	9572	5
1290	1347	8892	5
1347	3600	8892	5
2389	2557	8618	5
4361	4362	4363	5
1236	1238	8746	5
4026	8672	8673	5
4638	8391	8392	5
1362	5587	8649	5
2301	2362	8691	5
2740	5630	9100	5
5638	9023	9046	5
4362	4363	4364	5
5236	8512	8688	5
4468	4469	8650	5
5241	8606	9025	5
5241	8605	8606	5
2405	2746	8599	5
2379	2629	8889	5
5361	8308	8309	5
5630	9100	9125	5
4364	4365	4366	5
2621	4121	8516	5
2566	8898	8995	5
4377	4380	8511	5
1362	1402	8649	5
2964	4226	8885	5
8522	8523	8525	5
2225	8599	8875	5
2174	2195	8872	5
8602	8603	8604	5
4365	4366	4367	5
3792	4638	8391	5
4367	4369	8602	5
2299	2301	8691	5
3633	4508	8893	5
2411	2618	8970	5
5370	7375	8844	5
5636	8873	9158	5
1221	8495	9425	5
2557	8619	8621	5
8893	9023	9046	5
5181	5186	8477	5
4366	4367	4368	5
4026	8673	8674	5
4371	4372	4373	5
2193	2195	8875	5
4946	5657	8911	5
7365	8798	9366	5
2619	3633	8893	5
2013	2150	2151	5
2629	4401	8889	5
2362	8691	8692	5
4369	4370	4371	5
2195	8872	8873	5
5232	5361	8308	5
4464	10409	10477	5
8602	8604	8605	5
4367	4368	4369	5
1940	2013	2150	5
2233	2234	2378	5
1239	8751	8753	5
1904	1906	5598	5
2282	2284	3360	5
1271	1289	8659	5
4367	4726	8602	5
5232	5233	6836	5
1940	1941	2013	5
5186	8477	8479	5
6755	10713	10724	5
4521	6573	9113	5
2150	2151	2152	5
2289	2290	2291	5
2362	8848	8901	5
1906	1940	8672	5
2295	2297	8522	5
917	924	3710	5
4380	4869	5236	5
2295	2296	2297	5
5240	8513	8514	5
2378	2379	2628	5
2291	2292	2293	5
4471	5231	8650	5
4522	8339	8340	5
2284	2286	8249	5
4121	5056	6556	5
2151	2152	2233	5
2628	2629	2891	5
4361	4363	5242	5
4373	4374	4375	5
2284	2285	2286	5
2165	2174	8872	5
4365	4726	9013	5
2728	2964	8885	5
4026	8674	8969	5
4368	4369	4370	5
5459	7322	8788	5
2286	2288	2289	5
1276	8748	9361	5
1906	1907	1940	5
3710	3818	6637	5
2379	2628	2629	5
5630	6769	9125	5
1228	3605	8949	5
5501	8866	10127	5
2090	6612	8829	5
1348	1366	8508	5
5237	6839	8688	5
5128	6564	9324	5
2293	2294	2295	5
3710	6637	7983	5
3938	3940	4304	5
4371	4373	5241	5
4375	4377	5240	5
5370	5372	8844	5
4471	4472	5229	5
4726	8602	8603	5
1425	3464	4404	5
5232	6836	8308	5
4370	4371	4372	5
4638	8392	8393	5
2892	3938	3939	5
1425	4915	9265	5
3938	3939	9220	5
5368	5370	7375	5
4304	4305	5232	5
2234	2378	2379	5
2629	2891	2892	5
4468	4470	4471	5
2411	2413	8970	5
1906	5598	8672	5
2152	2233	2234	5
1239	8751	8799	5
4468	4471	8650	5
5057	5090	6755	5
2413	2993	8838	5
2289	2291	2292	5
4304	5232	5233	5
3298	4214	4467	5
4028	4946	8911	5
5184	6416	7356	5
8393	8751	8799	5
5229	5231	6837	5
4372	4373	4374	5
4469	6665	6666	5
2891	2892	3938	5
5236	5237	8688	5
4471	5229	5231	5
4522	8340	8651	5
6906	7286	7287	5
2628	2653	8993	5
5181	5182	5186	5
5237	5239	6839	5
3636	4148	9131	5
4360	4362	5346	5
6637	6780	8046	5
2297	2298	2299	5
2618	3648	8970	5
5236	8511	8512	5
1416	1425	3464	5
2564	3298	9305	5
2289	2292	8927	5
4467	4468	4469	5
4016	4017	4876	5
4375	5240	8657	5
1366	3600	4016	5
4869	5236	5237	5
5233	6836	6904	5
1402	1416	8649	5
4375	4376	4377	5
2293	2295	2361	5
3602	8659	8660	5
2413	8838	8970	5
1189	1220	1221	5
2297	2299	3476	5
1226	1228	8949	5
4226	4955	8885	5
1416	1417	1425	5
4121	6556	8516	5
4380	5236	8511	5
4472	5229	5230	5
5657	8912	9239	5
1347	1348	1366	5
4214	4467	4468	5
1236	1276	8746	5
2389	2556	2557	5
8338	8339	8341	5
3298	4213	4214	5
8621	8622	8623	5
5231	6837	6903	5
1347	1366	3600	5
4363	4365	9013	5
2379	2652	8889	5
4365	4367	4726	5
2294	2295	2296	5
4305	5232	5361	5
4877	5364	5460	5
2195	8873	8874	5
2292	2293	2294	5
2628	2891	8993	5
4364	4366	5347	5
1233	3796	8971	5
5656	5657	9517	5
1238	1244	3602	5
1289	1290	8892	5
2286	2289	8927	5
2292	4475	8927	5
2225	2405	8599	5
2558	2560	2627	5
3464	4404	5382	5
4624	5057	5090	5
924	3710	3818	5
2405	2745	2746	5
2296	2297	2298	5
8660	9730	9767	5
8949	10283	10350	5
2288	2289	2290	5
3940	4304	4305	5
2305	2389	8618	5
8619	8621	8622	5
2564	3297	3298	5
2227	2417	8829	5
2301	2303	2362	5
8392	8393	8394	5
4879	5459	5655	5
1965	2064	8784	5
2299	2300	2301	5
1290	1346	1347	5
3818	6637	6780	5
1220	1221	1222	5
2891	3938	3940	5
2998	4624	5057	5
4370	5348	8941	5
2150	2152	4026	5
1402	1415	1416	5
1907	1940	1941	5
1271	1288	1289	5
8339	8341	8342	5
1234	1236	1276	5
2299	3476	8691	5
5071	6136	8607	5
1904	1905	1906	5
2745	2746	2998	5
5372	6424	8844	5
4017	4876	4877	5
8618	8619	8620	5
4121	4157	5056	5
6424	8896	8897	5
1350	1362	5587	5
4470	4471	4472	5
4955	5722	6531	5
1288	1289	1290	5
4515	8608	8609	5
8620	8848	8901	5
2174	2193	2195	5
5657	8911	8912	5
4521	6572	6573	5
5071	6102	6136	5
6665	7902	7903	5
2556	2557	2558	5
6904	6905	6906	5
1902	4522	8651	5
4226	4952	4955	5
4380	4868	4869	5
4404	4915	5360	5
6573	9113	9311	5
1425	4404	4915	5
5372	5374	6424	5
1244	3602	8659	5
8394	8751	8752	5
4374	4375	4376	5
5239	6839	6909	5
2294	4475	8995	5
5367	5368	5369	5
2285	2286	2288	5
1366	4016	4464	5
1229	1889	9162	5
2290	2291	3555	5
2389	2555	2556	5
8608	8610	8611	5
2090	2227	8829	5
2286	8249	8927	5
4214	4468	4470	5
3297	3298	4213	5
3605	8865	8866	5
5090	6755	6768	5
4016	4876	8825	5
4508	8893	9046	5
2405	2406	2745	5
4469	6485	6665	5
5067	6101	8756	5
1244	1271	8659	5
1420	6063	9340	5
1289	8659	9515	5
2227	2416	2417	5
4955	6531	8885	5
2305	2388	2389	5
2621	2754	4121	5
4879	5655	9189	5
1232	1234	9361	5
1415	1416	1417	5
4376	4377	4379	5
1346	1347	1348	5
2234	2379	2652	5
3600	4016	4017	5
4104	4106	4853	5
1221	1223	9425	5
2298	2299	2300	5
1424	1752	1904	5
2352	2992	8852	5
2417	2620	2621	5
6906	7285	7286	5
1416	3464	8649	5
1220	1902	8651	5
44	546	8976	5
5067	5068	8756	5
5237	5238	5239	5
2352	2413	2992	5
2378	2628	2653	5
1228	1230	3605	5
3792	4605	8391	5
4877	4878	5364	5
5071	6101	6102	5
1244	1270	1271	5
2301	2302	2303	5
2352	2411	2413	5
2998	3640	4624	5
4377	4379	4380	5
8752	8753	8754	5
1229	1231	9162	5
8608	8609	8610	5
2619	2984	2985	5
2993	4105	8838	5
4915	5360	6462	5
2233	3547	8950	5
2303	2304	2305	5
6531	8885	9564	5
4363	5242	9013	5
2151	2233	3547	5
5364	5365	5366	5
2351	2352	2411	5
3636	4029	9131	5
2225	2226	2405	5
5371	5372	5373	5
7378	7379	7689	5
2350	2351	2352	5
4260	5067	5071	5
2992	4103	6024	5
1237	1243	8799	5
2618	2619	2984	5
5067	5071	6101	5
5459	5655	8788	5
1905	1906	1907	5
2291	3555	9251	5
2152	2234	8969	5
2629	2892	4401	5
4259	4260	5067	5
45	46	407	5
2992	2993	4103	5
1234	1235	1236	5
2234	2652	8969	5
1243	8799	9065	5
5128	5805	6564	5
5367	5750	9730	5
1222	1223	1224	5
2411	2412	2618	5
4103	4104	9174	5
1979	2090	6612	5
2618	2984	3648	5
4361	5242	8658	5
4362	4364	9572	5
1224	1226	1273	5
2993	4104	4105	5
1224	1225	1226	5
1290	1345	1346	5
1424	1904	9110	5
2152	4026	8969	5
2300	2301	2302	5
1987	3792	4638	5
3791	5707	9136	5
4259	5067	5068	5
5368	5369	5370	5
2195	8874	8875	5
2993	4103	4104	5
3640	4624	6669	5
4933	5636	9158	5
4106	4107	4259	5
5180	5181	5182	5
5366	5367	5368	5
1420	4119	6063	5
5370	5371	5372	5
2558	2559	2560	5
5374	6424	8896	5
8751	8752	8753	5
5379	5635	8847	5
2292	2294	4475	5
4029	4934	6000	5
2413	2992	2993	5
4016	4464	8825	5
4379	4380	4868	5
5630	6701	6769	5
1230	3605	8865	5
2296	2298	2566	5
6905	6906	7285	5
5372	5373	5374	5
1271	1287	1288	5
2740	3768	5630	5
8393	8394	8751	5
2984	2985	4149	5
2754	4121	4157	5
4104	4105	4106	5
8303	9110	9265	5
2564	2565	3297	5
2351	2411	2412	5
2302	2303	2304	5
4107	4259	4260	5
1236	1237	1238	5
2294	2296	8995	5
6485	6665	7902	5
1226	1227	1228	5
1230	1231	1232	5
1232	1233	1234	5
1276	8747	8748	5
2388	2389	2555	5
4952	4955	4956	5
4017	4877	4878	5
5656	9135	9519	5
46	47	9381	5
2891	3940	8993	5
4869	5237	5238	5
1221	1222	1223	5
4105	4106	4107	5
1238	1243	1244	5
2619	2985	3633	5
5365	5366	5367	5
4467	4469	6485	5
4521	5597	6572	5
2174	2175	2193	5
1366	4464	8508	5
2193	2194	2225	5
2412	2618	2619	5
2745	2998	3640	5
4028	4029	4933	5
4370	4372	8941	5
1276	8746	8747	5
1348	1349	1350	5
2556	2558	2559	5
4880	7368	9366	5
3634	3636	4148	5
44	45	8976	5
2562	2563	2564	5
5233	6904	6905	5
4878	5364	5365	5
1226	1273	8949	5
5233	6905	9220	5
3299	3304	4879	5
3633	3635	4508	5
2412	2619	8893	5
4107	4260	4515	5
5376	5377	5378	5
4946	5656	5657	5
1350	1361	1362	5
2653	8993	8994	5
2293	2361	9251	5
5374	5375	5376	5
4368	4370	5348	5
7509	10222	10382	5
1228	1229	1230	5
4028	4933	4946	5
4372	4374	5349	5
8610	8612	8613	5
42	43	9128	5
4498	8872	9135	5
1220	1222	8651	5
1225	1226	1227	5
2304	2305	2388	5
4226	4951	4952	5
8610	8611	8612	5
1237	1239	8799	5
2297	3476	8522	5
8612	8613	8614	5
4879	4880	5459	5
43	44	546	5
1223	1224	1225	5
2560	2561	2562	5
4029	6000	9131	5
5374	5376	8896	5
1230	1232	8865	5
3640	9100	9125	5
3792	4256	4605	5
5459	5465	7322	5
2226	2405	2406	5
3633	3634	3635	5
3768	5630	6701	5
1419	9110	9265	5
3636	4028	4029	5
2416	2417	2620	5
5636	5656	9135	5
2559	2560	2561	5
2620	2621	2754	5
1402	1414	1415	5
1229	1230	1231	5
4915	8303	9265	5
5361	8309	8310	5
1227	1228	1229	5
1987	3791	3792	5
925	927	939	5
4304	5233	9220	5
2233	2378	8950	5
1362	1401	1402	5
3940	4305	5639	5
4029	4933	4934	5
1231	1233	3796	5
1346	1348	1349	5
2194	2225	2226	5
1237	1238	1243	5
5378	5634	7384	5
5878	8847	10350	5
1417	1418	1419	5
1235	1236	1237	5
2303	2305	8901	5
5707	9136	9447	5
1345	9136	9447	5
4225	4953	9031	5
1233	1234	1235	5
3634	3635	3636	5
1231	1232	1233	5
1233	1235	8971	5
1270	1271	1287	5
3635	3636	4028	5
40	41	9168	5
45	407	8976	5
3304	4879	4880	5
4605	5936	5997	5
5373	5375	5501	5
1270	1287	1987	5
2555	2567	7374	5
1235	1237	1239	5
2985	3633	3634	5
1243	1244	1270	5
1288	1290	1345	5
5377	5379	5878	5
3791	4256	5707	5
5373	5374	5375	5
2175	2193	2194	5
2559	2561	3638	5
2302	2304	3684	5
3600	4017	9393	5
2985	4149	9039	5
4376	4379	5298	5
2561	2562	2563	5
2362	8692	8848	5
43	546	9128	5
2563	2564	2565	5
1417	1425	9265	5
4157	4158	5126	5
5379	5878	8847	5
5708	9393	9515	5
1752	1904	1905	5
4933	4934	9158	5
5501	10015	10127	5
5369	5370	5371	5
4470	4472	5350	5
41	42	461	5
2556	2559	9075	5
3600	8892	9393	5
3300	4403	4521	5
4880	5459	5465	5
2565	3297	3299	5
1287	1987	3791	5
2351	2412	9023	5
3638	7479	10222	5
3648	8970	9587	5
4933	4946	5636	5
925	939	9007	5
3297	4213	9189	5
1222	1224	9335	5
6531	9564	9670	5
6417	6419	7354	5
8340	8651	9335	5
5239	6909	7255	5
6136	8607	8615	5
2361	8524	9251	5
1415	1417	1418	5
5936	5997	6756	5
2173	2174	2175	5
1239	8753	8971	5
2559	3638	9075	5
3602	8746	9767	5
2388	2555	2567	5
5184	5185	6416	5
5367	5369	5750	5
5597	7365	7366	5
1227	1229	1889	5
5465	7322	7369	5
1419	1424	9110	5
2565	3299	3300	5
3640	6669	9125	5
4017	4878	9393	5
2740	2964	3768	5
4946	5636	5656	5
5379	5634	5635	5
1349	1350	1361	5
2291	2293	9251	5
2964	4225	4226	5
3300	3304	4403	5
2361	8523	8524	5
3791	3792	4256	5
4225	4226	4951	5
4256	4605	5936	5
3938	4304	9220	5
5182	5183	5184	5
3304	4880	9366	5
2406	2728	2740	5
4878	5365	5708	5
5997	6756	6757	5
2296	2566	8995	5
4403	4521	5597	5
4104	4853	9174	5
4376	5298	9094	5
1223	1225	3658	5
3299	3300	3304	5
4508	8911	8912	5
2406	2740	9100	5
3300	4521	9113	5
2567	7374	7451	5
1231	3796	9162	5
1987	4638	9065	5
2412	8893	9023	5
3635	4028	8911	5
5377	5378	5379	5
5378	5379	5634	5
2555	2556	9075	5
2555	7374	9075	5
39	40	544	5
3768	4225	9031	5
4951	4952	5906	5
5375	5376	5377	5
4880	5465	7368	5
2565	3300	9113	5
4403	5597	7365	5
2563	2565	9113	5
5639	8993	8994	5
3298	4467	9305	5
4467	6485	9305	5
4623	4972	10900	5
2226	2406	2728	5
46	407	9381	5
1401	1414	1420	5
1941	1964	1965	5
2419	8743	9584	5
1420	3639	4119	5
4623	4971	4972	5
2378	2653	8950	5
3768	6701	9031	5
2300	2302	9849	5
8609	9295	9587	5
1401	1402	1414	5
1361	1362	1401	5
1979	2021	2090	5
8912	9046	9555	5
4221	4971	4976	5
4374	4376	9094	5
1419	1423	1424	5
5634	7384	7385	5
2090	2091	2227	5
6485	7902	8745	5
38	39	9145	5
4225	4951	4953	5
41	461	9168	5
1414	1420	3639	5
2021	2091	3718	5
1227	1889	9134	5
2091	3718	9584	5
2728	2740	2964	5
2304	2388	9391	5
5182	5186	9858	5
2964	3768	4225	5
1961	2021	9313	5
3939	9220	9275	5
4374	5349	9094	5
4508	8912	9046	5
3635	4508	8911	5
4157	5056	9302	5
1349	1361	3800	5
1417	1419	9265	5
2388	2567	9391	5
3634	4148	9039	5
4915	6462	8303	5
5127	5129	6104	5
37	38	416	5
1907	1941	1964	5
2754	4157	4158	5
5240	8514	8657	5
1223	3658	9425	5
3940	5639	8993	5
4878	5708	9393	5
2227	2228	2416	5
924	3818	9007	5
4119	4221	4623	5
1222	8651	9335	5
8838	9295	9587	5
4372	5349	8941	5
2021	3718	9313	5
3297	3299	9189	5
5708	8660	9730	5
4364	5347	9572	5
5465	7368	9390	5
4515	8609	9295	5
8618	8620	8901	5
1225	3658	9134	5
34	35	486	5
918	924	925	5
4221	4623	4971	5
5185	6416	6417	5
1349	3800	9118	5
1414	1415	9416	5
2349	2351	9023	5
8514	8657	9025	5
6419	7354	7355	5
8892	9393	9515	5
3299	4879	9189	5
1225	1227	9134	5
6485	8745	9305	5
3639	4119	4221	5
1224	1273	9335	5
4624	5090	9270	5
33	34	9256	5
1965	2063	2064	5
1751	1961	1979	5
32	33	557	5
4971	4976	6541	5
42	461	9128	5
1424	1751	1752	5
50	51	9646	5
6531	9670	9733	5
1418	1419	1423	5
1423	6537	9608	5
6905	7285	9275	5
4105	8838	9295	5
1232	8865	9361	5
4158	5127	5128	5
30	31	424	5
1941	2013	9990	5
4158	5126	5127	5
5465	7369	9390	5
6417	6418	6419	5
40	544	9168	5
1243	1270	9065	5
5878	10190	10283	5
2304	3684	9391	5
5128	5129	5805	5
1235	1239	8971	5
4972	10902	10911	5
5180	5182	5183	5
4213	10252	10311	5
5183	5184	5185	5
2091	2228	9584	5
2228	2418	2419	5
2561	3638	9311	5
1414	3639	9416	5
1418	1423	6537	5
1345	9118	9447	5
2985	3634	9039	5
2288	2290	3760	5
2416	2620	9325	5
1979	6612	9608	5
1361	3800	9340	5
1415	1418	9416	5
1287	3791	9136	5
1401	1420	9340	5
5184	7356	9858	5
39	544	9145	5
47	48	542	5
5129	6104	6144	5
3304	4403	9366	5
5185	6417	6418	5
4624	6669	9270	5
3718	8860	9923	5
6418	6419	8134	5
2091	2227	2228	5
2416	2418	9325	5
2021	2090	2091	5
2563	9113	9311	5
1961	1979	2021	5
2561	2563	9311	5
1961	9313	9316	5
1964	2063	4968	5
1270	1987	9065	5
1345	1346	9118	5
4107	4515	9295	5
38	416	9145	5
47	542	9381	5
4157	5126	9302	5
1751	1752	1961	5
2418	2419	2517	5
5127	5128	5129	5
2228	2416	2418	5
2175	2572	9670	5
1423	1424	1751	5
1423	1751	9608	5
6572	8825	10409	5
2728	8885	9564	5
2305	8618	8901	5
1964	1965	2063	5
2620	2754	9324	5
1361	1401	9340	5
31	32	9277	5
4105	4107	9295	5
6905	9220	9275	5
924	925	9007	5
2745	3640	9100	5
4305	5361	9968	5
48	49	9364	5
2194	2226	9564	5
1346	1349	9118	5
1418	6537	9416	5
4221	4976	9711	5
6564	9324	9325	5
5936	6756	10724	5
2226	2728	9564	5
1289	8892	9515	5
2406	2745	9100	5
4403	7365	9366	5
1288	1345	9136	5
8339	8340	10053	5
4158	5128	9324	5
34	486	9256	5
1752	1905	9316	5
3648	9587	9739	5
2228	2419	9584	5
2754	4158	9324	5
925	926	927	5
1287	1288	9136	5
2194	9564	9670	5
33	557	9256	5
1751	1979	9608	5
2175	2194	9670	5
3639	9416	9711	5
1905	9316	9358	5
3602	8660	9767	5
2620	9324	9325	5
8838	8970	9587	5
3718	9313	9923	5
1905	1907	9358	5
6537	9416	9711	5
1964	4968	9358	5
2984	4149	9982	5
31	424	9277	5
8609	8610	9739	5
32	557	9277	5
2063	4968	9614	5
8748	10015	10127	5
5365	5708	9730	5
1752	1961	9316	5
5365	5367	9730	5
1907	1964	9358	5
5635	8342	10265	5
2653	8950	9983	5
9316	9358	9922	5
8613	9739	9982	5
3639	4221	9711	5
8609	9587	9739	5
49	50	462	5
3648	9739	9982	5
1965	8784	9990	5
5371	10015	10032	5
2417	2621	10161	5
8610	8613	9739	5
5373	5501	10015	5
1273	9335	9916	5
8754	10810	11095	5
2302	3684	9849	5
8340	9335	9916	5
5182	5184	9858	5
48	542	9364	5
5056	6556	10959	5
2418	9325	9997	5
5750	8747	10032	5
4968	9358	9922	5
50	462	9646	5
5501	8866	10190	5
4976	9711	9939	5
8865	9361	10127	5
6541	8516	10253	5
3605	8949	10283	5
9447	11075	11091	5
6537	9711	9939	5
5371	5373	10015	5
9313	9922	9923	5
9313	9316	9922	5
49	462	9364	5
8866	10190	10283	5
4976	9939	10149	5
5377	5878	10190	5
2984	3648	9982	5
2653	8994	9983	5
2567	9391	10163	5
6537	9608	9939	5
6612	9608	9939	5
52	53	514	5
5361	8310	9968	5
1941	1965	9990	5
8829	10149	10161	5
6564	9325	9997	5
6541	10149	10161	5
4213	4214	10252	5
5350	7379	10252	5
6612	9939	10149	5
5185	6418	10141	5
2418	2517	9997	5
6564	9997	10099	5
5369	5371	10032	5
4470	5350	10252	5
5655	9189	10311	5
5375	5501	10190	5
7379	10252	10311	5
5369	5750	10032	5
5129	5805	10255	5
9922	9923	10108	5
3638	9311	10222	5
6612	8829	10149	5
5805	6564	10099	5
5655	8788	10553	5
4976	6541	10149	5
4968	9922	10108	5
4971	6541	10253	5
5634	5635	10265	5
2417	8829	10161	5
8340	9916	10053	5
8748	9361	10127	5
5183	5185	10141	5
4968	9614	10108	5
5597	6572	10409	5
51	9646	10246	5
2567	7451	10163	5
6419	8134	10351	5
5906	7983	10494	5
7360	10351	10516	5
6573	9311	10222	5
4952	5906	10390	5
51	52	10246	5
5375	5377	10190	5
8847	9916	10350	5
1273	9916	10350	5
514	7558	10246	5
3605	8866	10283	5
4214	4470	10252	5
5129	6144	10255	5
4971	4972	10253	5
52	514	10246	5
6573	10222	10382	5
4951	5906	10494	5
5634	7385	10265	5
4213	9189	10311	5
7355	7360	10351	5
6419	7355	10351	5
1273	8949	10350	5
9923	10108	10381	5
6572	6573	10382	5
5597	7366	10409	5
8860	9923	10381	5
7366	8274	10477	5
7379	7689	10553	5
4951	4953	10494	5
7366	10409	10477	5
4256	5936	10713	5
8874	10822	11106	5
5655	10311	10553	5
7379	10311	10553	5
8874	9158	10822	5
4106	4259	10835	5
8753	8971	10796	5
6903	10917	10926	5
7255	10917	10926	5
8699	8701	10829	5
4149	9982	10810	5
8613	8614	10810	5
5056	10959	10960	5
5090	6768	10909	5
6669	9270	10900	5
5057	10724	10870	5
4119	4623	10895	5
6063	10895	10909	5
9270	10895	10909	5
6063	9340	10897	5
4972	10900	10902	5
4869	5238	10923	5
5231	8650	10917	5
6769	9125	10902	5
6556	10253	10911	5
5239	7255	10925	5
6755	6768	11091	5
8046	10957	11170	5
4379	4868	10942	5
4256	5707	10713	5
2290	3760	10946	5
3555	9251	10970	5
6756	10870	11093	5
6756	10724	10870	5
5936	10713	10724	5
2746	2998	10870	5
2746	8599	11093	5
6757	10822	11106	5
3796	8971	10796	5
8599	8875	11106	5
4605	5997	11107	5
5127	6104	11086	5
9118	9447	11075	5
6701	6769	10959	5
9003	10829	10836	5
8612	8614	11052	5
4148	11098	11104	5
3344	8495	11138	5
8612	11052	11068	5
9131	11104	11109	5
4934	6000	10818	5
8699	9003	10829	5
8611	8615	11088	5
4148	9039	11098	5
8599	11093	11106	5
4149	9039	11095	5
8613	9982	10810	5
4148	9131	11104	5
9039	11095	11098	5
6000	9131	11109	5
4934	9158	10822	5
8611	8612	11068	5
6000	11107	11109	5
3344	11138	11141	5
4106	4853	10835	5
6136	8615	11128	5
8611	11068	11088	5
4934	10818	10822	5
6102	6136	11129	5
4953	8046	10957	5
9003	9810	10836	5
6136	11128	11129	5
9007	11094	11184	5
6102	11129	11138	5
9302	10957	11170	5
8615	11088	11128	5
9270	10895	10900	5
6768	10897	10909	5
6669	9125	10902	5
4119	6063	10895	5
3800	9340	10897	5
5090	9270	10909	5
4623	10895	10900	5
5126	11086	11170	5
6063	10897	10909	5
5231	6903	10917	5
4868	4869	10923	5
5238	5239	10925	5
6909	7255	10926	5
4972	10253	10911	5
6755	10713	11091	5
5707	10713	11091	5
8614	10796	11052	5
3818	9007	11094	5
3796	10796	11052	5
4379	5298	10942	5
2290	3555	10946	5
5997	10818	11107	5
4953	9031	10957	5
3818	6780	11094	5
6701	9031	10960	5
9031	10957	10960	5
6000	10818	11107	5
3800	10897	11075	5
6768	10897	11075	5
8524	9251	10970	5
6769	10911	10959	5
6104	11094	11184	5
6556	10911	10959	5
6780	11086	11170	5
6669	10900	10902	5
9162	11052	11068	5
3796	9162	11052	5
1889	9162	11068	5
1889	11068	11088	5
3800	9118	11075	5
1889	9134	11088	5
5126	9302	11170	5
5126	5127	11086	5
8394	11098	11104	5
6756	6757	11093	5
8752	8754	11095	5
8392	11104	11109	5
8394	8752	11098	5
8392	8394	11104	5
5707	9447	11091	5
4605	8391	11107	5
8752	11095	11098	5
6104	11086	11094	5
8391	8392	11109	5
6144	11184	11187	5
6104	6144	11184	5
8874	8875	11106	5
8391	11107	11109	5
9134	11088	11128	5
6757	11093	11106	5
6701	10959	10960	5
3658	9134	11128	5
3658	9425	11129	5
3658	11128	11129	5
8495	9425	11138	5
6101	6102	11141	5
9425	11129	11138	5
6101	11141	11149	5
6102	11138	11141	5
6101	8756	11149	5
6780	8046	11170	5
939	9007	11184	5
939	11184	11187	5
6780	11086	11094	5
35	36	11657	5
5242	8658	11660	5
8477	8479	11679	5
7286	7288	11680	5
9646	10246	11686	5
37	416	11767	5
30	424	11768	5
4726	8603	11771	5
6906	7287	11782	5
7556	7557	11788	5
7287	11657	11782	5
7557	11660	11788	5
416	11680	11767	5
424	11679	11768	5
8603	11686	11771	5
35	486	11657	5
8477	8478	11679	5
7286	7287	11680	5
7558	10246	11686	5
486	11736	11782	5
7558	11758	11771	5
6837	7288	11739	5
8309	8479	11735	5
6837	6903	11740	5
6903	11740	11741	5
6837	11739	11740	5
6836	6904	11736	5
6836	8308	11737	5
8308	8309	11738	5
6836	11736	11737	5
8308	11737	11738	5
8309	11735	11738	5
10926	11741	11745	5
5242	9013	11758	5
8512	8513	11746	5
8604	8606	11750	5
8512	8688	11744	5
6839	6909	11742	5
6839	8688	11743	5
8512	11744	11746	5
8513	8514	11747	5
6909	11742	11745	5
6839	11742	11743	5
8514	11747	11748	5
8688	11743	11744	5
8603	8604	11751	5
8514	9025	11748	5
8606	9025	11749	5
8513	11746	11747	5
8606	11749	11750	5
9025	11748	11749	5
8604	11750	11751	5
6903	10926	11741	5
6909	10926	11745	5
424	9277	11735	5
486	9256	11736	5
9256	11736	11737	5
557	9277	11738	5
557	9256	11737	5
9277	11735	11738	5
557	11737	11738	5
416	9145	11739	5
9145	11739	11740	5
544	9168	11741	5
544	9145	11740	5
544	11740	11741	5
9168	11741	11745	5
8976	11744	11746	5
461	9128	11742	5
9128	11742	11743	5
546	8976	11744	5
546	9128	11743	5
546	11743	11744	5
461	9168	11745	5
407	8976	11746	5
461	11742	11745	5
9381	11747	11748	5
407	9381	11747	5
407	11746	11747	5
542	9381	11748	5
9364	11749	11750	5
542	11748	11749	5
542	9364	11749	5
462	9364	11750	5
462	9646	11751	5
462	11750	11751	5
7557	7558	11758	5
6904	11736	11782	5
9013	11758	11771	5
36	37	11767	5
29	30	11768	5
4726	9013	11771	5
6904	6906	11782	5
403	7556	11788	5
486	11657	11782	5
8478	11679	11768	5
7287	11680	11767	5
7558	11686	11771	5
29	11658	11768	5
8478	11658	11768	5
6539	9174	10807	5
8756	10820	10825	5
4103	6024	10807	5
7570	7571	10946	5
5346	7571	8542	5
54	55	403	5
2183	8784	10516	5
7983	8530	10426	5
3760	7570	10946	5
8756	10820	11149	5
2280	2282	8341	5
1168	1189	8495	5
6822	8477	8478	5
5181	6822	8477	5
4359	4360	4361	5
917	3710	8530	5
2085	4522	8338	5
4498	9135	9519	5
2280	8338	8341	5
2064	2183	8784	5
8912	9239	9555	5
927	939	9287	5
1189	1219	1220	5
2282	2283	2284	5
8743	8744	8860	5
1168	3344	8495	5
8698	8699	8701	5
5179	5180	5181	5
2992	6024	8852	5
1902	2085	4522	5
2283	2284	2285	5
4955	4956	5722	5
2350	2352	8852	5
917	918	924	5
2419	2518	8743	5
2349	2350	2351	5
5656	9517	9519	5
2165	4498	8872	5
1219	1220	1902	5
2572	9670	9733	5
2165	2173	2174	5
8699	9002	9003	5
4359	4361	8658	5
2173	2175	2572	5
4360	5346	8542	5
5638	9046	9555	5
5906	10390	10426	5
2349	5638	9023	5
5657	9239	9517	5
2419	2517	2518	5
5805	10099	10132	5
2063	2064	2181	5
918	925	926	5
5722	6531	9733	5
926	927	928	5
5180	5183	9664	5
2063	2181	9614	5
1099	9003	9810	5
2517	2753	9997	5
6418	10141	10264	5
2753	9997	10099	5
5730	9614	10108	5
5183	9664	10141	5
4449	8134	10351	5
8744	8860	10381	5
4449	10351	10516	5
5805	10132	10255	5
6418	8134	10264	5
5730	10108	10381	5
4952	4956	10390	5
8698	8701	10825	5
6539	9810	10836	5
2288	3760	10928	5
3344	8416	11141	5
8416	11141	11149	5
2285	2288	10928	5
939	9287	11187	5
6144	10255	11197	5
6144	11187	11197	5
6911	8658	11660	5
403	11756	11788	5
6911	11660	11788	5
6024	8852	10806	5
2249	10820	11149	5
3760	7570	10937	5
55	403	7324	5
3760	10928	10937	5
6024	8722	10807	5
7569	7571	8542	5
4449	8134	10254	5
5243	6911	8658	5
1152	3344	8416	5
7569	7570	7571	5
2572	8333	9733	5
4357	4359	4360	5
4359	5243	8658	5
5179	5181	6822	5
5022	8743	8744	5
2518	5022	8743	5
1168	1188	1189	5
1152	1168	3344	5
2350	3751	8852	5
2085	2221	8338	5
2280	2281	2282	5
2064	2182	2183	5
3641	8698	8699	5
2221	2280	8338	5
886	917	8530	5
4498	8764	9519	5
2121	2165	4498	5
1188	1189	1219	5
2348	2349	2350	5
4956	5722	5723	5
5178	5179	5180	5
2281	2282	2283	5
2347	2349	5638	5
927	929	9287	5
2164	2165	2173	5
3735	5730	9614	5
3641	8699	9002	5
926	928	9281	5
5722	5724	9733	5
5638	8919	9555	5
8920	9239	9555	5
4357	4360	8542	5
1902	2084	2085	5
2517	2751	2753	5
888	917	918	5
2064	2181	2182	5
1099	9002	9003	5
2283	2285	2287	5
1219	1902	2084	5
2517	2518	2751	5
8631	10099	10132	5
5178	5180	9664	5
2173	2572	9809	5
8925	9517	9519	5
927	928	929	5
2066	9239	9517	5
2181	3735	9614	5
6538	6539	9810	5
918	926	9672	5
1099	9589	9810	5
8167	9664	10141	5
2753	8631	10099	5
8167	10141	10264	5
4956	5885	10390	5
887	8530	10426	5
5801	10132	10255	5
8474	10390	10426	5
8744	10381	10446	5
8134	10254	10264	5
2183	2185	10516	5
5730	10381	10446	5
2185	4449	10516	5
2285	2287	10928	5
8700	10820	10825	5
5339	6539	10807	5
2249	8416	11149	5
8698	8700	10825	5
9287	9288	11187	5
5801	10255	11197	5
9288	11187	11197	5
28	29	11658	5
6822	8478	11783	5
8478	11658	11783	5
6911	11756	11788	5
403	7324	11756	5
705	709	8868	6
2445	7036	7682	6
2445	7682	8867	6
766	771	7442	6
777	781	10766	6
2445	7036	7684	6
2163	7056	7058	6
783	788	10424	6
787	9087	9563	6
788	790	7307	6
1912	9296	9592	6
1912	7063	9592	6
788	7307	10424	6
6301	9296	9592	6
811	7078	9509	6
7078	7395	9627	6
811	7078	9627	6
691	698	7684	6
7395	8982	9627	6
773	777	7059	6
802	805	9632	6
777	7059	10766	6
2437	7906	11022	6
2163	7058	7059	6
5551	8408	11278	6
698	2445	7684	6
707	1190	11023	6
705	8867	8868	6
7684	10783	10882	6
773	2163	7059	6
7052	10775	10787	6
4489	7052	10775	6
2826	8204	9254	6
8203	8204	9027	6
790	1912	7307	6
1912	7063	7307	6
771	2163	7442	6
2163	7056	7442	6
2826	8204	9027	6
2826	9254	9704	6
5551	7395	8982	6
7057	9254	9704	6
6024	8852	10806	6
7057	7442	9899	6
7057	9704	9899	6
766	7442	9899	6
6301	9296	9632	6
811	9509	9632	6
4489	7052	10783	6
783	787	10424	6
4489	10783	10882	6
787	9563	10424	6
1190	7189	11023	6
802	9296	9632	6
805	811	9632	6
781	787	10766	6
787	9087	10766	6
6539	9174	10807	6
6024	8722	10806	6
691	7684	10882	6
7306	10678	10877	6
5551	7395	11278	6
6363	7301	10643	6
7036	7684	10783	6
2867	7301	7303	6
2867	7303	7305	6
706	1164	7312	6
1164	7214	7312	6
702	706	7312	6
7239	7241	9836	6
6642	7936	11010	6
2252	7237	7239	6
2437	7936	11022	6
2252	7239	9836	6
714	718	7309	6
7241	9161	9836	6
2867	7301	10643	6
6642	11010	11017	6
718	2252	7309	6
2252	7237	7309	6
7238	7914	10578	6
703	707	11023	6
3446	8462	8463	6
1242	7448	10659	6
4103	6024	10807	6
3751	7202	10811	6
7302	8545	9775	6
3751	8852	10806	6
7241	7427	9082	6
7241	9082	9161	6
1164	7214	7914	6
3444	7427	9082	6
3793	4257	11124	6
2443	7213	11054	6
7335	7448	10716	6
717	7936	11010	6
7914	8272	8801	6
2868	8380	10733	6
2171	10678	10877	6
695	2443	11054	6
8550	8551	9502	6
2868	10723	10733	6
4852	8551	9502	6
7335	10716	10723	6
784	789	8461	6
4856	8550	9502	6
694	2867	7305	6
692	694	7305	6
3446	8461	8462	6
6016	7448	10659	6
6016	7334	7348	6
699	703	11251	6
4630	6016	7348	6
7058	7059	10326	6
8822	10101	10221	6
6016	7334	7448	6
6024	8722	10807	6
8830	10811	11137	6
7520	8894	8895	6
3751	7202	10806	6
4856	8550	9623	6
688	691	10882	6
6518	7282	10641	6
6518	10641	10649	6
7302	7303	8545	6
4909	7649	8888	6
3446	8463	8552	6
1242	10649	10659	6
7283	8545	9775	6
7214	7914	8801	6
7649	8888	9595	6
6363	7312	10643	6
7306	8545	10877	6
8463	8549	8552	6
2348	3751	10811	6
1136	7345	7437	6
7335	10723	10733	6
1136	7345	7650	6
7238	7309	10578	6
4630	7348	7648	6
4863	8464	10411	6
6642	7936	11022	6
2086	2177	7519	6
683	4489	10775	6
7238	7914	8272	6
784	3446	8461	6
7519	7520	8894	6
8377	8380	10733	6
789	1136	8461	6
1190	11010	11017	6
7648	7649	9567	6
4909	7649	9567	6
6443	7484	8749	6
6443	7483	7484	6
1242	7448	10716	6
7303	7305	7306	6
8888	8895	9595	6
2654	3337	8260	6
8462	8464	10411	6
8253	8258	9979	6
5671	8296	9437	6
7520	8895	10304	6
3337	8258	8260	6
7348	7648	9567	6
4425	4427	7485	6
6543	8252	8253	6
8762	10101	10221	6
2340	8297	9437	6
4856	9623	10506	6
6301	9509	9632	6
7345	7346	7650	6
8464	9623	10506	6
2171	7282	10641	6
3337	8258	9979	6
6474	9758	10134	6
2446	7415	8521	6
1190	7189	11017	6
2188	7445	7518	6
2446	7415	9362	6
8520	8521	10314	6
4035	8408	11278	6
2188	7445	7901	6
8462	8463	8464	6
8463	8549	9623	6
3444	8547	10631	6
1164	7914	10578	6
3444	7427	10631	6
7427	10631	10635	6
714	7309	10578	6
2051	8251	8277	6
2086	2188	7519	6
8296	8297	9437	6
8888	8895	10304	6
2570	2654	8260	6
2051	3359	8251	6
6443	7483	7485	6
2446	9362	9576	6
7334	7335	7448	6
3359	8257	8836	6
7983	8530	10426	6
6518	10649	10659	6
2177	7519	8894	6
6543	8251	8252	6
4427	6443	7485	6
3359	8252	8257	6
7346	7650	9576	6
6543	8253	9979	6
7484	8822	10221	6
702	7312	10643	6
799	803	9576	6
7346	9362	9576	6
6562	8883	10122	6
6456	7445	7901	6
5381	8762	10221	6
4425	7485	9758	6
1985	2134	9437	6
8483	8484	10230	6
2443	7213	11042	6
791	1136	7650	6
8473	8474	10338	6
6456	7901	9452	6
5623	10166	10321	6
4490	10232	10334	6
7485	9758	10134	6
791	799	7650	6
2051	8277	9452	6
4443	7907	8120	6
799	7650	9576	6
4846	4863	10506	6
7415	8521	10314	6
6456	8277	9452	6
4863	8464	10506	6
1136	7437	8461	6
4010	4630	7648	6
4632	8201	8202	6
6627	8484	10230	6
8299	8598	9351	6
4010	5590	7648	6
692	7305	10457	6
2188	7518	7519	6
8549	8550	9623	6
5728	7437	10411	6
4632	8200	8201	6
2046	2048	9452	6
2050	2188	7901	6
6300	8204	9254	6
5671	8996	10418	6
2048	2050	7901	6
1985	5671	9437	6
5885	8474	10338	6
3581	10243	10312	6
4929	8598	9351	6
4833	4835	8272	6
758	830	8120	6
8252	8253	8254	6
7446	7518	10307	6
4211	9320	9775	6
2134	2340	9437	6
2048	7901	9452	6
4426	4632	8200	6
7303	7306	8545	6
2324	8883	10122	6
803	2446	9576	6
4348	4426	8200	6
8259	10232	10288	6
8259	8260	10288	6
731	758	8120	6
830	4443	8120	6
8379	8932	8933	6
4101	4216	8932	6
4833	8272	8801	6
717	721	7936	6
7305	7306	10457	6
4632	8202	8910	6
5671	8296	10418	6
4835	5333	8272	6
2437	7905	7906	6
5590	7648	7649	6
725	2437	7905	6
1388	1390	8720	6
5666	8251	8277	6
2682	2711	8299	6
825	826	8570	6
3359	8251	8252	6
5724	8333	9733	6
725	731	7905	6
5848	5998	8292	6
2572	8333	9733	6
7905	7907	8120	6
8201	8202	8203	6
721	725	2437	6
7484	8749	10221	6
3197	8298	8299	6
806	2446	8521	6
731	7905	8120	6
758	768	830	6
2682	8299	9351	6
1758	8764	8925	6
707	713	1190	6
4216	5088	8932	6
5624	8797	8952	6
917	3710	8530	6
3197	3973	8298	6
2711	3197	8299	6
4428	4430	8910	6
7518	7519	7520	6
782	3446	8552	6
7283	9320	9775	6
1388	1391	8720	6
825	828	8570	6
4096	9241	9376	6
778	782	8552	6
867	3440	8473	6
818	4473	8520	6
5624	5626	8797	6
4843	5615	8846	6
4346	4425	9758	6
1379	8593	8850	6
4348	4831	8200	6
4346	4347	4348	6
774	1392	8547	6
4839	8665	8666	6
2921	3997	8952	6
6474	8598	10134	6
806	809	8521	6
4101	4643	8932	6
4346	4348	4425	6
695	699	2443	6
2679	7484	8822	6
2435	2436	8899	6
1392	8547	8548	6
6300	8200	8201	6
824	1379	8593	6
4832	4833	8801	6
4843	4845	8846	6
1757	1758	8764	6
8463	8464	9623	6
686	4474	9078	6
6300	8201	8204	6
4348	4425	4426	6
4498	9135	9519	6
4426	4427	4428	6
4343	4345	4346	6
4831	6299	6300	6
820	822	8553	6
1963	2066	8920	6
4047	9809	9831	6
1390	5623	8720	6
2735	3585	8683	6
2435	2721	8899	6
4428	4429	4430	6
768	830	831	6
831	832	833	6
2046	2051	9452	6
8883	8884	10160	6
5088	8377	8378	6
4831	6300	8200	6
5028	5088	8377	6
822	8553	8593	6
686	689	9078	6
4426	4428	4632	6
5848	5849	8292	6
5885	10290	10338	6
1757	2121	8764	6
4341	4342	4343	6
2673	2679	8822	6
721	2437	7936	6
830	831	832	6
1758	1760	8925	6
4425	4426	4427	6
8298	8299	8598	6
5590	7649	9595	6
7905	7906	7907	6
830	832	4443	6
8293	8294	8295	6
798	1912	9296	6
5849	8292	8293	6
5664	5666	8277	6
8912	9239	9555	6
721	724	725	6
828	8483	8570	6
2921	3329	8952	6
4994	6600	8826	6
5333	7237	7238	6
8253	8254	8255	6
813	818	8520	6
4091	4092	8588	6
4982	6450	9208	6
4345	4346	4347	6
725	728	731	6
5683	6763	9178	6
4427	4428	4429	6
6763	9178	9179	6
4341	4343	6474	6
867	876	8473	6
4347	4348	4831	6
2040	2042	8836	6
2058	2146	8739	6
758	761	768	6
820	4473	8553	6
4340	4341	4342	6
828	858	8483	6
2679	7483	7484	6
731	732	758	6
8252	8254	8257	6
822	824	8593	6
2146	8739	8902	6
717	718	721	6
4429	4430	4431	6
876	886	887	6
809	8520	8521	6
887	8473	8474	6
3973	4340	4341	6
2043	8741	8742	6
6033	7334	7335	6
858	3440	8483	6
703	706	707	6
2735	2990	8683	6
3440	8483	8484	6
858	867	3440	6
707	710	713	6
732	762	9161	6
699	702	703	6
4216	4405	5028	6
689	693	9078	6
713	714	717	6
809	813	8520	6
4096	4098	9376	6
813	817	818	6
5626	7301	7302	6
818	820	4473	6
3329	3354	4009	6
6015	6017	6518	6
1398	5623	8924	6
876	887	8473	6
818	819	820	6
695	696	699	6
1986	2135	8408	6
2435	2720	2721	6
2046	2047	2048	6
4342	4343	4345	6
789	791	1136	6
803	806	2446	6
2041	2043	8741	6
701	705	8867	6
824	825	826	6
4981	6562	9072	6
5028	5362	6033	6
772	774	8547	6
2177	2320	2321	6
7437	8461	8462	6
4095	4096	4097	6
2721	3354	8899	6
1963	2062	8920	6
2086	2146	2177	6
4102	4216	4405	6
2721	2921	3329	6
1379	1380	1381	6
8253	8255	8258	6
2350	3751	8852	6
826	1379	1380	6
4405	5028	5362	6
3997	5624	8952	6
1920	1986	5551	6
5028	6033	8377	6
8294	8295	8296	6
8377	8378	8380	6
778	1392	8552	6
820	821	822	6
821	822	823	6
822	823	824	6
2721	3329	3354	6
1379	1381	8850	6
2049	2050	2058	6
3973	4341	8298	6
4831	6298	6299	6
4832	5625	8801	6
2044	2045	2046	6
1382	2962	8758	6
1380	1381	1382	6
824	826	1379	6
2042	2045	8836	6
3329	4009	4211	6
819	820	821	6
782	784	3446	6
2045	2046	2051	6
4010	4629	4630	6
5849	8293	8294	6
1387	1388	1391	6
4832	5624	5625	6
4993	4994	8826	6
728	732	9161	6
4978	4981	9072	6
2048	2049	2050	6
4101	4102	4216	6
761	766	9899	6
8257	10243	10312	6
7301	7302	7303	6
5333	7238	8272	6
2047	2048	2049	6
2992	6024	8852	6
4836	4839	8666	6
823	824	825	6
3354	4009	4010	6
2050	2058	2086	6
2058	2086	2146	6
4847	5596	8706	6
5624	5625	5626	6
5626	6363	7301	6
698	701	2445	6
2040	2041	2042	6
1381	1382	1383	6
8846	9985	10088	6
1391	2038	3581	6
6474	8298	8598	6
5724	5733	8333	6
2345	2346	8830	6
2042	2044	2045	6
4473	8520	10314	6
4009	4010	4629	6
4211	8797	8952	6
817	818	819	6
2146	2177	2320	6
2990	2991	3793	6
4097	4098	4099	6
4630	6015	6016	6
4841	5615	8665	6
1397	5687	9159	6
1386	1387	1388	6
1962	1963	2061	6
4100	4101	4102	6
9072	10116	10122	6
886	917	8530	6
2320	2321	2433	6
4098	4099	4100	6
4498	8764	9519	6
2991	3793	3794	6
693	694	695	6
2571	2654	2735	6
4955	4956	5722	6
826	8570	9211	6
6017	6518	7282	6
5724	5725	5733	6
3793	3794	4091	6
4095	4097	5063	6
4094	4095	4096	6
4096	4097	4098	6
4431	5381	8749	6
2350	2352	8852	6
774	778	1392	6
2121	2165	4498	6
2433	2435	2720	6
8201	8203	8204	6
8548	8550	8551	6
2348	2350	3751	6
2654	2735	2736	6
5596	10055	10062	6
816	1920	8982	6
1387	1391	2037	6
1397	1398	1475	6
4847	4849	5596	6
1759	1760	1962	6
2121	4498	8764	6
2321	2433	2435	6
4629	4630	6015	6
5728	7345	7437	6
1391	2037	2038	6
2062	2191	2192	6
5626	7302	8797	6
7237	7238	7309	6
2679	4929	7483	6
1385	1386	1387	6
701	2445	8867	6
9197	9438	9508	6
1920	5551	8982	6
3997	3998	4832	6
4092	4094	4095	6
5733	6626	6628	6
767	772	3444	6
886	887	8530	6
917	918	924	6
1390	1397	1398	6
2735	2736	2990	6
4909	8887	8888	6
5333	5334	7237	6
1388	1389	1390	6
2038	2039	2040	6
2043	8742	9104	6
1383	1384	1385	6
1476	1757	1758	6
4845	8706	8846	6
2041	2042	2043	6
5683	6762	6763	6
1384	1385	1386	6
7445	7446	7518	6
2990	3793	4257	6
4519	5664	5665	6
4839	4841	8665	6
8884	10158	10160	6
2345	2570	2571	6
4519	5665	9241	6
1758	1759	1760	6
2348	2349	2350	6
5625	5626	6363	6
4211	8797	9775	6
3329	4211	8952	6
1398	1475	1476	6
5286	7063	7064	6
2042	2043	2044	6
2061	2062	2191	6
2321	2435	2436	6
1398	1476	8924	6
1760	1962	1963	6
3997	4832	5624	6
5725	5733	6626	6
6562	6563	8883	6
1386	1388	1389	6
2041	2324	8741	6
2050	2086	2188	6
1390	1398	5623	6
1476	1758	1759	6
1986	5551	8408	6
4216	5028	5088	6
5286	7064	9213	6
4092	4095	8588	6
4099	4100	4101	6
5665	7445	7446	6
5034	6471	8722	6
1389	1390	1397	6
2044	2046	2047	6
4841	4843	5615	6
4629	6015	6017	6
2058	2216	8739	6
6299	7056	7057	6
2673	2677	2679	6
5362	6033	7334	6
1760	1963	2066	6
5088	8378	8379	6
2349	2350	2351	6
3197	3972	3973	6
8258	8259	8260	6
1380	1382	2962	6
4981	4993	6562	6
1382	1384	8758	6
6562	9072	10122	6
1476	1759	8924	6
5656	9517	9519	6
2347	2348	2349	6
2039	2040	2041	6
8295	8296	10418	6
1382	1383	1384	6
3794	4091	4092	6
4956	5722	5723	6
2571	2735	3585	6
2191	2345	2570	6
2192	2345	2346	6
5590	8899	9595	6
683	685	4489	6
1759	1962	4490	6
2346	2347	2348	6
1391	3581	8720	6
4092	4093	4094	6
4977	9072	10116	6
6017	7282	7283	6
4993	6562	6563	6
2191	2192	2345	6
5664	5665	6456	6
1381	1383	2834	6
867	868	876	6
4643	8932	8933	6
5722	5723	5724	6
2037	2038	2039	6
2192	2346	2347	6
4341	6474	8298	6
3788	4217	9197	6
2736	2990	2991	6
2165	4498	8872	6
2921	3696	3997	6
4099	4101	4643	6
5088	8379	8932	6
1783	5671	8996	6
4098	4100	4516	6
5723	5724	5725	6
4845	4847	8706	6
2720	2721	2921	6
2990	4257	8683	6
4102	4405	4909	6
2062	8919	8920	6
1760	2066	8925	6
7446	9241	9376	6
704	705	708	6
1963	2061	2062	6
5625	7214	8801	6
1475	1476	1757	6
2146	2320	8902	6
2570	2571	2654	6
2711	3196	3197	6
4429	4431	8749	6
1392	8548	8549	6
701	704	705	6
688	690	691	6
1757	2120	2121	6
4093	4094	4519	6
828	829	858	6
4848	4863	9415	6
876	877	886	6
2654	2736	3337	6
3998	4832	4833	6
6450	9208	9362	6
708	709	711	6
3696	3997	3998	6
771	773	2163	6
5665	7446	9241	6
809	812	813	6
3788	9197	9508	6
3354	4010	5590	6
812	816	8982	6
803	805	806	6
4102	4909	8887	6
4100	4102	8887	6
5625	6363	7214	6
2121	2164	2165	6
2572	9670	9733	6
5664	6456	8277	6
8333	9809	9831	6
8548	8549	8550	6
5615	8846	9985	6
3973	4339	4340	6
689	692	693	6
2177	2321	8894	6
886	888	917	6
2345	2571	8830	6
4428	4632	8910	6
4980	4982	9208	6
705	708	709	6
4835	4837	5333	6
1086	1087	1088	6
2320	2433	2434	6
4979	5357	5728	6
2347	2349	5638	6
4095	5063	8588	6
1389	1397	5687	6
2165	2173	2174	6
5683	6045	6762	6
5849	8294	9042	6
4994	6599	6600	6
2045	2051	3359	6
8665	8666	9651	6
700	701	704	6
791	798	799	6
858	859	867	6
8256	10166	10321	6
1084	1085	1086	6
1386	1389	9156	6
4093	4519	4525	6
5066	6764	6765	6
711	712	715	6
813	816	817	6
831	833	2826	6
2049	2058	2216	6
1075	1076	1083	6
2047	2049	8990	6
5339	6538	6539	6
6542	9460	9756	6
691	697	698	6
698	700	701	6
1392	8549	8552	6
1075	1083	1147	6
5034	5339	8722	6
5665	6456	7445	6
1759	4490	8924	6
799	802	803	6
2066	8920	9239	6
5715	5717	9786	6
8378	8380	8381	6
2571	3585	8830	6
6363	7214	7312	6
781	783	787	6
4342	4345	5284	6
7239	7240	7241	6
709	711	712	6
1384	8758	9156	6
4526	5034	5339	6
1069	1075	9468	6
5034	5066	6471	6
1091	3788	9064	6
2049	2216	8990	6
8294	8296	8297	6
697	698	700	6
806	808	809	6
2062	2192	8919	6
5716	6301	9509	6
5725	6626	6627	6
1076	1083	1084	6
2045	3359	8836	6
4834	8666	9298	6
4848	4850	9415	6
6471	6764	7202	6
4526	5339	6538	6
5066	6471	6764	6
1986	2134	2135	6
4525	6542	9460	6
782	783	784	6
1083	1084	1085	6
2120	2121	2164	6
4837	5333	5334	6
2039	2041	2324	6
5682	5683	6045	6
3998	4834	9298	6
4841	4842	4843	6
8254	8255	8256	6
4427	4429	6443	6
4836	4838	4839	6
2720	2921	3696	6
4956	5723	5885	6
684	686	4474	6
2164	2165	2173	6
4833	4834	4835	6
4993	6563	8826	6
772	3444	8547	6
789	790	791	6
8255	8258	8259	6
3794	4092	4093	6
5666	6543	8251	6
825	827	828	6
1385	10158	10219	6
4217	5034	5066	6
4847	4848	4849	6
784	788	789	6
1475	1757	2120	6
4978	4980	4981	6
2320	2434	8902	6
774	777	778	6
4981	4982	4993	6
1384	1386	9156	6
5362	7334	7348	6
7240	7241	7427	6
1090	1091	1092	6
1920	1985	1986	6
4843	4844	4845	6
4982	4993	4994	6
778	781	782	6
1898	3788	4217	6
3196	3197	3972	6
5357	5728	7345	6
4845	4846	4847	6
1084	1086	1087	6
1085	1086	5682	6
2436	8894	8895	6
711	715	1242	6
4519	4525	5664	6
4850	4978	4979	6
790	798	1912	6
1085	5683	9178	6
1783	1985	5671	6
1086	1088	9064	6
1088	1090	1091	6
4217	4526	5034	6
4839	4840	4841	6
4217	5066	9197	6
1091	1898	3788	6
768	831	9704	6
2173	2175	2572	6
2991	9460	9756	6
6563	8883	8884	6
772	773	774	6
1381	2834	8850	6
1389	5687	9156	6
3972	3973	4339	6
4977	4978	9072	6
4344	5713	9047	6
2677	2679	4929	6
4849	4850	4977	6
5666	6542	6543	6
685	686	688	6
3998	4833	4834	6
690	691	697	6
1085	5682	5683	6
4834	4836	8666	6
4100	4516	8887	6
688	689	690	6
5596	8706	10055	6
819	821	3704	6
1088	1091	9064	6
7063	7064	7307	6
4094	4519	9241	6
700	704	2171	6
6538	9360	9589	6
4835	4836	4837	6
2572	8333	9809	6
5334	7237	7239	6
5722	5724	9733	6
5362	7348	9567	6
6298	6299	7056	6
1083	1085	9178	6
5638	8919	9555	6
4838	4840	4852	6
8920	9239	9555	6
3196	3972	9047	6
4473	10314	10324	6
6017	7283	9320	6
1091	1092	1898	6
4836	4837	4838	6
683	684	685	6
798	802	9296	6
4842	4844	4856	6
767	771	772	6
4344	5287	5713	6
4525	5664	5666	6
2321	2436	8894	6
4846	4848	4863	6
1147	9178	9179	6
2120	2164	4047	6
4844	4845	4846	6
5716	5718	9509	6
4980	4981	4982	6
4526	6538	9360	6
3354	5590	8899	6
2047	8990	9104	6
4834	4835	4836	6
5718	6336	7078	6
5615	8665	9868	6
4978	4979	4980	6
7518	7520	10307	6
1898	4217	4526	6
7437	8462	10411	6
6450	6599	7415	6
4846	4847	4848	6
1094	9360	9589	6
3972	4344	9047	6
5287	5714	9592	6
8294	8297	9042	6
4094	4096	9241	6
4405	5362	9567	6
4516	10304	10307	6
4840	4841	4842	6
4850	4977	4978	6
5638	9046	9555	6
4994	6450	6599	6
5066	6765	9197	6
4347	4831	6298	6
2433	2720	9297	6
4842	4843	4844	6
692	693	694	6
5717	5718	6145	6
2720	3696	9297	6
4979	4980	5357	6
5906	10390	10426	6
2043	2044	9104	6
8259	10232	10334	6
6045	9438	9508	6
1083	1147	9178	6
4339	5286	9213	6
5286	5287	7063	6
5357	7345	7346	6
5714	5716	6301	6
6299	6300	9254	6
5715	5716	5717	6
823	825	827	6
4339	4340	9213	6
4643	8933	8934	6
4982	4994	6450	6
6145	6336	7418	6
2044	2047	9104	6
4009	4629	9320	6
877	886	888	6
3788	9064	9508	6
4340	4342	9086	6
2436	8895	9595	6
3972	4339	4344	6
5733	6628	9831	6
4838	4839	4840	6
762	767	9082	6
2349	5638	9023	6
5713	5714	5715	6
1086	5682	9064	6
7056	7057	7442	6
5713	5715	9612	6
8919	8920	9555	6
4525	5666	6542	6
805	808	811	6
4848	4849	4850	6
859	867	868	6
2711	2712	3196	6
5287	7063	9592	6
6299	7057	9254	6
2347	5638	8919	6
4009	4211	9320	6
689	690	692	6
1092	1094	9360	6
4344	5286	5287	6
827	828	829	6
5334	7239	7240	6
686	688	689	6
888	917	918	6
762	766	767	6
805	806	808	6
926	9281	9672	6
1075	1147	9468	6
2436	8899	9595	6
5657	9239	9517	6
816	1783	1920	6
5714	5715	5716	6
829	858	859	6
1069	8719	9468	6
3196	3771	9047	6
2682	2683	2711	6
762	9082	9161	6
5284	9086	9087	6
2712	3771	3772	6
694	695	696	6
4345	4347	9598	6
4429	6443	8749	6
7064	9213	9563	6
4629	6017	9320	6
8764	8925	9519	6
816	817	1783	6
1783	1920	1985	6
817	819	8996	6
4473	8553	10324	6
4339	4344	5286	6
5716	5717	5718	6
812	813	816	6
684	685	686	6
790	791	798	6
788	789	790	6
2192	2347	8919	6
2433	2434	9297	6
4347	6298	9598	6
5718	6145	6336	6
868	876	877	6
798	799	802	6
1985	1986	2134	6
6298	7056	7058	6
2712	3196	3771	6
3696	3998	9298	6
773	774	777	6
821	823	9464	6
696	699	702	6
781	782	783	6
771	772	773	6
4097	5063	9839	6
808	809	812	6
827	829	5758	6
4342	5284	9086	6
6336	7078	7395	6
823	827	9464	6
9297	9298	9651	6
6450	7415	9362	6
817	1783	8996	6
5287	5713	5714	6
777	778	781	6
783	784	788	6
802	803	805	6
1898	4526	9360	6
4098	4516	9376	6
702	703	706	6
4340	9086	9213	6
1092	1898	9360	6
3771	3772	4613	6
819	3704	8996	6
4343	6474	9758	6
5718	7078	9509	6
4093	4525	9460	6
826	1380	9211	6
831	2826	9704	6
1397	1475	9159	6
761	762	766	6
859	868	2655	6
706	707	710	6
2683	2711	2712	6
4980	5357	9208	6
2434	9297	9651	6
710	713	714	6
1380	2962	9211	6
694	696	2867	6
5682	9064	9508	6
767	3444	9082	6
718	721	724	6
714	717	718	6
724	725	728	6
8483	8570	10230	6
812	8982	9627	6
827	5758	9464	6
766	767	771	6
2678	2682	9351	6
877	888	4548	6
833	2826	9027	6
3696	9297	9298	6
5714	6301	9592	6
2164	4047	9809	6
4842	4856	9502	6
4850	4979	9415	6
728	731	732	6
732	758	761	6
6765	9197	9438	6
6298	7058	9598	6
8666	9298	9651	6
5682	6045	9508	6
2173	2572	9809	6
829	5758	9560	6
8925	9517	9519	6
4979	5728	9415	6
821	3704	9464	6
2120	4047	9159	6
706	710	1164	6
918	925	926	6
732	761	762	6
7346	9208	9362	6
9086	9213	9563	6
4343	4346	9758	6
4643	8934	9839	6
2736	2991	9756	6
3771	9047	9612	6
5713	9047	9612	6
3771	4613	9612	6
2066	9239	9517	6
4405	4909	9567	6
8739	9985	10088	6
6627	8484	10290	6
718	724	2252	6
5715	9612	9786	6
4838	4852	9754	6
761	768	9899	6
5722	6531	9733	6
1475	2120	9159	6
6628	9831	10045	6
829	859	9560	6
2066	8925	9517	6
4840	4852	9502	6
808	811	9627	6
4345	5284	9598	6
2991	3794	9460	6
2570	8260	10288	6
5357	7346	9208	6
2736	3337	9756	6
5334	7240	9754	6
8706	8846	10088	6
4840	4842	9502	6
808	812	9627	6
4849	4977	10115	6
4099	4643	9839	6
4837	5334	9754	6
9086	9087	9563	6
2677	4929	9351	6
868	2655	9588	6
2164	2173	9809	6
6538	6539	9810	6
868	877	9588	6
5733	8333	9831	6
2677	2678	9351	6
859	2655	9560	6
877	4548	9588	6
3794	4093	9460	6
2434	8902	9868	6
918	926	9672	6
6628	10045	10201	6
1385	1387	10158	6
5615	9868	9985	6
8551	10631	10635	6
4837	4838	9754	6
8706	10055	10088	6
8990	10055	10062	6
8484	10290	10338	6
8665	9651	9868	6
2434	9651	9868	6
1099	9003	9810	6
4613	5913	9786	6
5623	8924	10166	6
768	9704	9899	6
9211	10230	10293	6
8257	8836	10312	6
4613	9612	9786	6
2324	8883	10160	6
888	918	9672	6
6538	9589	9810	6
1099	9589	9810	6
8742	10062	10115	6
5885	8474	10390	6
4097	4099	9839	6
7302	8797	9775	6
1383	2834	10219	6
1962	4490	10232	6
8742	9104	10062	6
888	4548	9672	6
728	9161	9836	6
8826	10218	10276	6
8739	8902	9985	6
5687	9159	10045	6
7483	7485	10134	6
2039	2324	10160	6
3440	8473	10338	6
2216	8990	10055	6
8884	10158	10219	6
6542	6543	9979	6
2962	8758	10240	6
2216	8739	10088	6
8553	8593	10296	6
8990	9104	10062	6
8758	9156	10201	6
2191	2570	10288	6
5596	10062	10115	6
2038	3581	10312	6
2040	8836	10312	6
5687	10045	10201	6
4047	9159	10045	6
8902	9868	9985	6
5725	6627	10290	6
724	2252	9836	6
8758	10201	10240	6
4977	10115	10116	6
6563	8826	10218	6
3337	9756	9979	6
4516	8887	10304	6
2962	10240	10293	6
5381	8749	10221	6
5723	5885	10290	6
7520	10304	10307	6
6542	9756	9979	6
2216	10055	10088	6
5623	8720	10321	6
5284	9087	10326	6
4956	5885	10390	6
7446	9376	10307	6
4047	9831	10045	6
2962	9211	10293	6
887	8530	10426	6
724	728	9836	6
4929	8598	10134	6
4929	7483	10134	6
4849	5596	10115	6
7064	9563	10424	6
9087	10326	10766	6
8741	10116	10122	6
2324	8741	10122	6
2834	10218	10219	6
1387	2037	10158	6
8741	8742	10116	6
8474	10390	10426	6
8295	10417	10418	6
6600	8826	10276	6
6600	10276	10296	6
2037	2039	10160	6
8255	8256	10334	6
4490	8924	10166	6
2834	10218	10276	6
6627	10230	10293	6
5687	9156	10201	6
2037	10158	10160	6
8254	8256	10243	6
8254	8257	10243	6
1383	1385	10219	6
3704	8996	10418	6
6563	8884	10218	6
1962	2061	10232	6
8553	10296	10324	6
8570	9211	10230	6
6626	6628	10240	6
6628	10201	10240	6
8850	10276	10296	6
690	692	10457	6
3581	8720	10321	6
5728	9415	10411	6
4852	8551	10635	6
2061	10232	10288	6
8593	8850	10296	6
6599	10314	10324	6
6626	10240	10293	6
5723	5725	10290	6
2834	8850	10276	6
7058	9598	10326	6
8742	10115	10116	6
6599	7415	10314	6
2061	2191	10288	6
6626	6627	10293	6
8256	10166	10334	6
4844	4846	10506	6
6599	6600	10324	6
5758	9464	10417	6
8887	8888	10304	6
4490	10166	10334	6
8884	10218	10219	6
2038	2040	10312	6
5758	10417	10599	6
3440	8484	10338	6
8255	8259	10334	6
4516	9376	10307	6
7059	10326	10766	6
7306	10457	10678	6
5284	9598	10326	6
4952	4956	10390	6
3581	10243	10321	6
6600	10296	10324	6
4863	9415	10411	6
5998	8292	10642	6
8256	10243	10321	6
710	714	10578	6
5998	5999	10673	6
8292	8293	10621	6
7240	7427	10635	6
887	8474	10426	6
3704	9464	10417	6
8293	8295	10599	6
7064	7307	10424	6
8547	8548	10631	6
6015	6016	10659	6
690	697	10457	6
704	2171	10641	6
8295	10417	10599	6
5999	10673	10688	6
8292	10621	10642	6
711	1242	10649	6
4844	4856	10506	6
696	702	10643	6
700	2171	10678	6
5998	10642	10673	6
8293	10599	10621	6
4852	9754	10635	6
715	1242	10716	6
3704	10417	10418	6
6033	8377	10733	6
9281	9672	10688	6
9078	11054	11235	6
7202	10811	11137	6
4257	10802	11124	6
710	1164	10578	6
6471	7202	10806	6
5534	7052	10783	6
2346	2348	10811	6
5339	8722	10807	6
5758	9560	10599	6
697	10457	10678	6
6045	9438	10802	6
9560	10599	10621	6
2655	9560	10621	6
2171	7282	10877	6
704	708	10641	6
708	10641	10649	6
7240	9754	10635	6
6677	11042	11251	6
8548	8551	10631	6
685	688	10882	6
696	2867	10643	6
2655	10621	10642	6
708	711	10649	6
9438	10802	11131	6
2655	9588	10642	6
6539	9810	10836	6
6015	6518	10659	6
9588	10642	10673	6
697	700	10678	6
4548	9588	10673	6
4548	10673	10688	6
4548	9672	10688	6
715	719	10716	6
719	10716	10723	6
8379	8933	11056	6
6033	7335	10733	6
713	717	11010	6
9179	11069	11076	6
8933	8934	11085	6
8934	11076	11085	6
8933	11056	11085	6
5534	7036	10783	6
8588	11105	11113	6
693	695	11054	6
5063	8588	11105	6
4091	8588	11113	6
3793	4091	11124	6
1147	9179	11076	6
3585	8683	11134	6
8378	8379	11045	6
6471	8722	10806	6
3585	11134	11137	6
6045	6762	10802	6
5339	6539	10807	6
5717	6145	11142	6
4091	11113	11124	6
2346	8830	10811	6
3585	8830	11137	6
4257	8683	11131	6
8683	11131	11134	6
5063	9839	11069	6
8379	11045	11056	6
4257	10802	11131	6
5913	9786	11142	6
7283	8545	10877	6
685	4489	10882	6
5063	11069	11105	6
7282	7283	10877	6
6145	11142	11269	6
703	11023	11251	6
4035	7418	11278	6
7213	11054	11235	6
2443	11042	11251	6
6336	7418	11278	6
713	1190	11010	6
6677	7189	11023	6
8934	11069	11076	6
699	2443	11251	6
8378	8381	11045	6
2172	8719	11056	6
693	9078	11054	6
8719	11056	11085	6
8934	9839	11069	6
4474	9078	11235	6
2172	11045	11056	6
1147	9468	11076	6
8719	9468	11085	6
9468	11076	11085	6
6763	11105	11113	6
6763	9179	11105	6
6762	6763	11113	6
6762	11113	11124	6
6764	11134	11137	6
9179	11069	11105	6
6765	9438	11131	6
6765	11131	11134	6
5717	9786	11142	6
6764	6765	11134	6
6764	7202	11137	6
6145	7418	11269	6
6762	10802	11124	6
6336	7395	11278	6
6677	11023	11251	6
7682	7683	8867	6
709	1241	8868	6
7683	8867	8868	6
8203	9027	9063	6
6086	7906	11022	6
4103	9174	10807	6
1897	10775	10787	6
8380	8381	10745	6
5381	8762	9137	6
6539	9174	10836	6
2868	8380	10745	6
2340	8297	9292	6
4035	7418	11268	6
4443	7907	7909	6
832	4443	8337	6
5906	7983	10426	6
5535	7036	7682	6
8202	8206	8910	6
4430	4790	8910	6
3710	7983	8530	6
2224	4035	8408	6
2675	8762	10101	6
2135	2224	8408	6
8202	8203	8205	6
1060	2172	8719	6
4430	4431	4432	6
5638	9023	9046	6
5847	5848	5849	6
832	833	834	6
5848	5850	5998	6
7906	7907	7908	6
917	924	3710	6
2165	2174	8872	6
684	4474	9250	6
5532	5534	7052	6
5657	8912	9239	6
5847	5849	9042	6
5656	5657	9517	6
4955	5722	6531	6
5850	5998	5999	6
2352	2992	8852	6
2350	2351	2352	6
2992	4103	6024	6
4431	4433	5381	6
4952	4955	4956	6
5656	9135	9519	6
2671	2673	8822	6
709	712	1241	6
712	715	716	6
715	716	719	6
1088	1089	1090	6
1060	1069	8719	6
1069	1070	1075	6
1090	1092	1093	6
4498	8872	9135	6
1070	1075	1076	6
1092	1093	1094	6
1087	1088	1089	6
5312	6677	7189	6
2173	2174	2175	6
926	928	9281	6
2134	2222	2340	6
5534	5535	7036	6
8912	9046	9555	6
3772	4613	4614	6
918	924	925	6
2349	2351	9023	6
833	835	9027	6
2678	2681	2682	6
2673	2674	2677	6
6531	9670	9733	6
2683	2712	9597	6
1099	9002	9003	6
2134	2135	2222	6
8297	9042	9292	6
682	683	684	6
2681	2682	2683	6
4613	4614	5913	6
2674	2677	2678	6
2175	2572	9670	6
1094	1096	9589	6
1076	1084	9014	6
2712	3772	9597	6
1084	1087	9014	6
1096	1099	9589	6
925	926	927	6
2671	8822	10101	6
4952	5906	10390	6
9281	10688	10721	6
722	2868	10723	6
5532	7052	10787	6
681	683	10775	6
5999	10688	10721	6
719	722	10723	6
6043	6642	11017	6
6052	7213	11042	6
5897	6642	11022	6
2172	11040	11045	6
5913	7376	11142	6
6050	6677	11042	6
7189	9666	11017	6
9003	9810	10836	6
7418	11268	11269	6
8381	11040	11045	6
4474	11235	11242	6
7376	11142	11269	6
6789	7213	11235	6
712	716	10777	6
1241	8868	10861	6
6086	7906	7908	6
8203	8205	9063	6
712	1241	10777	6
1897	7047	10787	6
5913	6074	7376	6
2261	4035	11268	6
4853	9174	10836	6
8381	10745	10751	6
2675	7417	8762	6
7417	8762	9137	6
2340	9292	9624	6
832	834	8337	6
4790	8206	8910	6
4443	7909	8337	6
8872	8873	9135	6
5846	5847	5848	6
4431	4432	4433	6
833	834	835	6
2174	2195	8872	6
8893	9023	9046	6
7907	7908	7909	6
2224	2261	4035	6
3710	6637	7983	6
2135	2223	2224	6
4430	4432	4790	6
5847	5853	9042	6
8202	8205	8206	6
682	684	9250	6
5535	5888	7682	6
5846	5848	5850	6
924	3710	3818	6
5657	8911	8912	6
4226	4952	4955	6
3772	6065	9597	6
6052	6789	7213	6
4955	6531	8885	6
1087	1089	5855	6
2352	2413	2992	6
4433	5381	9137	6
2351	2352	2411	6
2992	2993	4103	6
1096	1098	1099	6
4103	4104	9174	6
3772	4614	6065	6
719	720	722	6
2174	2175	2193	6
716	719	720	6
1087	5855	9014	6
1098	1099	9002	6
4946	5656	5657	6
1054	1060	2172	6
1070	1076	3630	6
5532	5533	5534	6
2135	2222	2223	6
5636	5656	9135	6
1089	1090	9111	6
925	927	939	6
928	2176	9281	6
8699	9002	9003	6
1094	1095	1096	6
1061	1069	1070	6
1076	3630	9014	6
2351	2412	9023	6
6531	9564	9670	6
1093	1094	1095	6
1060	1061	1069	6
4951	4952	5906	6
5853	9042	9292	6
722	726	2868	6
4508	8912	9046	6
5897	6043	6642	6
681	682	683	6
5888	7682	7683	6
1090	1093	9111	6
5312	6050	6677	6
5533	5534	5535	6
2674	2678	2680	6
5850	5999	6042	6
2681	2683	2684	6
4614	5913	6074	6
2683	2684	9597	6
2671	2672	2673	6
2672	2673	2674	6
2678	2680	2681	6
835	9027	9063	6
924	925	9007	6
2175	2194	9670	6
926	927	928	6
2222	2340	9624	6
2669	2675	10101	6
5312	7189	9666	6
2669	2671	10101	6
5906	7983	10494	6
726	2868	10745	6
2176	9281	10721	6
5999	6042	10721	6
7683	8868	10861	6
8381	10751	11040	6
5498	5532	10787	6
681	1897	10775	6
1054	2172	11040	6
9003	10829	10836	6
6043	9666	11017	6
5897	6086	11022	6
6050	6052	11042	6
4474	9250	11242	6
2798	11268	11269	6
6789	11235	11242	6
2798	7376	11269	6
5258	6330	11043	7
6330	7002	8842	7
3176	7002	8842	7
6330	8842	11043	7
1854	6996	7113	7
1851	1854	7113	7
1850	7911	7912	7
1847	1850	7912	7
1846	7040	9583	7
1843	1846	7040	7
9234	11296	11456	7
1854	6996	7114	7
861	865	7277	7
865	7032	7277	7
1850	1851	7113	7
852	3583	7320	7
3583	7034	7320	7
1850	7113	7911	7
1846	1847	7912	7
1846	7912	9583	7
6513	11103	11435	7
1855	1858	7114	7
863	870	11367	7
7045	10666	11038	7
855	857	7044	7
8218	8220	11036	7
7035	9238	11368	7
1854	1855	7114	7
910	9504	11161	7
949	9127	9511	7
949	7045	9127	7
3705	7042	7043	7
3705	7042	9542	7
7042	8541	9542	7
1082	8541	9542	7
1082	8540	8541	7
885	890	8221	7
949	7045	10666	7
906	7046	7160	7
1082	8540	8716	7
906	907	7160	7
7833	8540	8716	7
4198	7833	8716	7
4198	7831	7833	7
1155	7049	7051	7
906	7046	7161	7
5258	5932	11043	7
1155	7049	7137	7
4787	7055	7060	7
5813	7055	7060	7
861	863	7277	7
890	898	8221	7
898	8219	8221	7
907	910	7160	7
4197	8220	11036	7
852	854	7320	7
7233	8062	8929	7
3583	7034	7233	7
3583	7233	8929	7
5813	7060	10194	7
836	838	10800	7
5275	7162	9866	7
5932	9235	11043	7
4783	7062	10146	7
865	7032	9238	7
5013	7910	10107	7
7908	7910	10107	7
6554	9886	10040	7
855	3705	7044	7
3176	7002	11103	7
6086	7906	7908	7
6086	7908	10107	7
910	7160	11161	7
6515	6996	11361	7
8089	11438	11451	7
7041	8061	8923	7
851	8061	8062	7
851	8062	8929	7
7426	8207	9279	7
851	8061	8923	7
3626	7041	8923	7
3626	7041	7426	7
3626	7426	9279	7
842	844	9225	7
7044	10666	11038	7
9127	9511	10040	7
5275	7162	8222	7
1240	8207	9279	7
1240	8205	8207	7
4198	7831	9225	7
8203	8205	9063	7
1240	8205	9063	7
4197	8220	10040	7
8203	9027	9063	7
899	902	10812	7
1155	7051	9225	7
6086	7906	11022	7
4787	7055	9717	7
7062	9717	10146	7
3705	7043	7044	7
863	7277	11367	7
902	903	7161	7
4781	5272	9866	7
838	7137	10800	7
1897	10775	10787	7
1858	7114	11055	7
903	906	7161	7
857	7044	10666	7
4202	5696	9717	7
6195	11436	11438	7
6194	6195	11436	7
898	8219	10812	7
838	840	7137	7
840	1155	7137	7
6311	7049	7137	7
6554	9127	10040	7
5932	9235	11334	7
1890	7141	10800	7
8218	8221	11036	7
5131	6778	11255	7
6818	11446	11453	7
8220	9886	10040	7
6782	11296	11456	7
865	9238	11368	7
7162	8222	10812	7
844	4198	9225	7
7055	9717	10146	7
7585	11454	11455	7
1890	7141	11058	7
842	1155	9225	7
7002	11103	11435	7
902	7162	10812	7
4465	8515	11254	7
8214	10990	11250	7
836	1890	10800	7
902	7161	7162	7
6420	7145	10849	7
7161	7162	9866	7
7051	7831	9225	7
8219	8222	10812	7
7141	11058	11065	7
7145	10849	10860	7
5573	9504	11161	7
5573	7060	11155	7
4781	5275	9866	7
5272	7046	9866	7
5573	11155	11161	7
4197	9511	10040	7
4202	4787	9717	7
5696	7062	9717	7
885	8221	11036	7
6515	11135	11361	7
6103	6126	10985	7
6420	7145	10843	7
6126	10985	10990	7
5295	9238	9470	7
6786	10986	10992	7
898	899	10812	7
6010	8062	10482	7
5097	6786	10992	7
4465	10849	10860	7
6103	9257	11259	7
1890	8337	11058	7
1858	1860	11055	7
4143	5097	11244	7
6311	7137	10800	7
7404	8879	10521	7
7046	7161	9866	7
7233	8062	10482	7
7910	11058	11065	7
5013	7910	11065	7
5411	7404	10521	7
870	3348	11367	7
5381	8762	9137	7
5295	7032	9238	7
4587	6420	10849	7
5094	6135	11166	7
7060	10194	11155	7
7035	9238	9470	7
7035	7320	11368	7
6311	7141	10800	7
679	1897	10789	7
7417	8762	9137	7
6508	7687	9617	7
6010	7404	10482	7
832	834	8337	7
5785	9435	10071	7
3170	7687	9617	7
3822	9481	11227	7
5896	10107	10428	7
5542	5795	9871	7
7482	8879	10521	7
7426	8207	9160	7
834	1890	8337	7
4443	7907	7909	7
8206	8207	9160	7
8768	9470	9582	7
832	4443	8337	7
3597	3682	7834	7
5275	8222	9285	7
6508	6509	7687	7
4790	8206	9160	7
3682	7834	9842	7
5510	8089	9048	7
5627	8766	9289	7
4778	7830	7832	7
4790	8206	8910	7
6510	6511	7911	7
3379	3384	9299	7
5653	8527	8782	7
6516	8663	9164	7
8215	9886	10079	7
5295	8768	9470	7
6516	9079	9164	7
6510	7911	7912	7
5411	7404	10482	7
5795	6618	9871	7
6508	7942	9617	7
1852	8527	8782	7
5785	8766	9289	7
1919	8678	8679	7
3384	3392	9299	7
6512	7687	10226	7
4443	7909	8337	7
6511	6514	7911	7
3597	4778	7834	7
3621	4265	8214	7
5785	8766	10071	7
2200	8168	8663	7
8782	8783	10017	7
3168	8088	8089	7
6516	8168	8663	7
4778	7832	7834	7
8217	8222	9285	7
1916	1919	8678	7
4432	4790	8472	7
6529	8540	8541	7
3594	5785	9435	7
4937	5631	7949	7
8577	8831	9495	7
6307	7042	8541	7
3394	4783	9678	7
7050	8017	8468	7
4499	8727	9223	7
3165	3168	8088	7
3172	3855	9048	7
8202	8206	8910	7
5603	8997	9109	7
5156	5157	7585	7
8989	8997	9109	7
4391	5322	8468	7
6529	8539	8540	7
3168	8089	9048	7
4430	4790	8910	7
1936	2096	8628	7
6307	6529	8541	7
4778	7830	8017	7
7050	7830	8017	7
6053	6791	8809	7
1917	1936	8628	7
5123	9557	9738	7
2136	2200	8881	7
6550	9474	9957	7
4432	4434	8472	7
4382	8215	8216	7
3694	3711	8823	7
6009	7041	8061	7
2136	2229	8881	7
3619	3621	8214	7
5631	7949	9439	7
8576	8577	9495	7
6043	9666	9676	7
3711	4973	8823	7
5653	8782	8783	7
3416	4382	8215	7
5542	9299	9871	7
8628	8727	9223	7
5132	6126	8323	7
3383	3608	8787	7
5627	5628	8766	7
5157	5511	6196	7
4518	8268	9051	7
1918	1937	8677	7
4055	9949	10153	7
5507	7482	8879	7
3682	9435	10071	7
4774	5932	9267	7
6554	9886	10079	7
5322	7050	8468	7
4857	9666	9676	7
4787	5573	7060	7
1864	1915	9401	7
6011	7426	9160	7
3799	4948	8989	7
2161	9902	10109	7
2025	3587	8810	7
6318	9470	9582	7
9377	9942	9953	7
3591	3599	9200	7
3381	3382	8834	7
3855	5510	9048	7
5157	5510	5511	7
3370	9030	9051	7
4534	5275	9285	7
3379	4055	9299	7
8202	8203	8205	7
3381	3386	8834	7
4782	5863	8793	7
5013	10107	10428	7
6509	6511	6512	7
4556	5270	9141	7
1991	2025	8810	7
5613	8707	8715	7
4433	4435	9137	7
6509	6512	7687	7
1916	1918	8678	7
3461	4787	5573	7
678	3822	9480	7
4788	4789	6009	7
7833	8539	8540	7
4430	4431	4432	7
3821	8849	9399	7
8676	8678	8679	7
3599	4960	9200	7
4789	6009	6010	7
1989	2023	8871	7
6009	6010	8061	7
1862	4518	8831	7
5651	6516	9079	7
2023	9079	9164	7
6791	8809	8849	7
4431	4432	4433	7
6051	6053	8809	7
4434	4435	4436	7
833	834	835	7
4432	4433	4434	7
8849	9557	9738	7
4436	4788	4789	7
5651	9079	9147	7
832	833	834	7
2096	8628	9223	7
3370	3372	9030	7
8205	8206	8207	7
1845	1846	1847	7
2128	4523	9217	7
3712	4391	8468	7
836	837	838	7
678	680	9480	7
834	835	836	7
624	627	9009	7
6318	7034	7035	7
3392	3740	5542	7
3368	3369	8440	7
5588	8675	9503	7
4434	4788	8472	7
5609	6285	6508	7
3165	3167	3168	7
1843	1845	1846	7
3378	3383	8787	7
5794	5795	5871	7
4436	5507	8879	7
6285	6508	6509	7
843	844	845	7
837	838	839	7
835	836	837	7
3851	5613	8715	7
6010	8061	8062	7
4873	4949	4950	7
7908	7909	7910	7
4434	4436	4788	7
7907	7908	7909	7
1917	5650	8628	7
5507	7308	7482	7
1853	1854	1855	7
4391	5321	5322	7
6551	8676	8679	7
839	840	841	7
5511	6196	6818	7
3677	5603	9108	7
3855	5156	5157	7
841	842	843	7
1918	8677	8678	7
7906	7907	7908	7
3169	3172	9048	7
840	841	842	7
4587	5131	6420	7
3587	5588	8810	7
8268	9030	9051	7
3172	3173	3174	7
4433	4434	4435	7
7049	7050	7051	7
3608	5813	10174	7
847	848	849	7
1913	8576	9017	7
849	850	852	7
2748	4465	8515	7
4435	5508	9137	7
1863	1864	9401	7
8988	8989	9109	7
6011	8472	9160	7
5628	6306	6307	7
4774	5258	5932	7
2748	3056	4465	7
1858	1859	1860	7
1851	1853	1854	7
3637	3799	8989	7
870	878	3348	7
4265	5094	5134	7
648	651	9257	7
684	4474	9250	7
856	861	865	7
1988	1989	8871	7
1857	1862	8831	7
5322	6311	7049	7
5594	8576	9495	7
1843	1844	1845	7
3172	3174	3855	7
7830	7831	7832	7
838	839	840	7
845	846	847	7
7051	7830	7831	7
4430	4432	4790	7
852	853	854	7
3619	3820	8214	7
3372	3373	3374	7
6509	6510	6511	7
4790	8472	9160	7
2028	8663	9164	7
8727	9942	9953	7
1847	1849	1850	7
848	1082	8716	7
3695	8017	8468	7
3174	3855	5156	7
6514	6515	6996	7
3386	3416	3603	7
6790	6791	6792	7
878	884	8269	7
3169	3171	3172	7
834	836	1890	7
5609	6508	7942	7
8216	8218	8220	7
4587	5122	5131	7
3392	5542	9299	7
6317	6318	7034	7
3822	9480	9481	7
8202	8205	8206	7
7832	7834	8539	7
6511	6513	6514	7
1857	1858	1859	7
4555	4556	4557	7
4382	8217	9285	7
1849	1850	1851	7
3008	3821	8808	7
5157	6196	7585	7
6009	6011	7041	7
5603	8997	9653	7
682	684	9250	7
651	4160	9257	7
5609	6284	6285	7
3364	4518	9051	7
4574	4782	8793	7
2229	2414	8515	7
4557	5627	5628	7
3390	3391	3691	7
1896	4947	6579	7
3056	4266	4587	7
844	845	846	7
7034	7035	7320	7
3374	3381	3382	7
4203	4774	9267	7
1988	2096	3611	7
4223	5883	5884	7
914	919	3461	7
3382	3390	3391	7
3619	3620	3621	7
842	843	844	7
637	3851	8715	7
3621	4203	4264	7
3855	5157	5510	7
4973	6593	8823	7
1851	1852	1853	7
2229	8515	8881	7
4556	4558	5270	7
6051	6052	6053	7
7832	7833	8539	7
843	3626	8923	7
3386	3603	8834	7
4435	4436	5507	7
1860	1861	1863	7
3590	3591	3592	7
4264	4265	5094	7
3416	3603	8215	7
4937	5594	7949	7
1915	1916	1917	7
1919	8679	9439	7
3382	3391	9293	7
4554	4555	4556	7
4551	4552	4553	7
1855	1857	1858	7
3461	4202	4787	7
3821	8809	8849	7
4873	4950	5411	7
5628	6307	6528	7
2096	3612	9223	7
2748	3007	3056	7
1896	6579	6580	7
4960	6551	8675	7
1853	1855	1856	7
3691	4044	4511	7
4436	4789	8879	7
4557	5628	6306	7
3374	3382	3390	7
3611	3612	3613	7
4382	8216	8217	7
4789	6010	7404	7
4553	4554	4555	7
846	847	848	7
3587	3589	5588	7
3612	3613	3614	7
1914	1915	1916	7
3589	3590	3591	7
4973	6592	6593	7
5795	6617	6618	7
6306	7042	7043	7
6514	6996	7113	7
6551	8675	8676	7
3169	3170	3171	7
919	3461	4202	7
1855	1856	1857	7
1859	1860	1861	7
1859	8577	8831	7
5322	7049	7050	7
3593	9430	9677	7
3615	4031	6130	7
3382	8834	9293	7
6306	6307	7042	7
3461	5573	9504	7
3366	3368	3370	7
3368	3370	3371	7
3165	3166	3167	7
3363	5653	8527	7
4553	9888	9938	7
5134	6135	6788	7
3373	3374	3381	7
1847	1848	1849	7
3171	3172	3173	7
3598	3695	8017	7
1862	3364	4518	7
3621	4264	4265	7
4948	8989	8997	7
5507	5508	7308	7
632	8707	8715	7
5261	5295	7032	7
5132	6103	6126	7
2414	2747	2748	7
4959	6550	8439	7
4518	8831	9495	7
3616	3617	3618	7
1861	1863	1864	7
4044	4511	4937	7
2096	3611	3612	7
1917	1918	1936	7
3008	3994	8808	7
3612	3614	3616	7
4872	7482	10521	7
3617	3619	3820	7
5795	5871	6617	7
5131	6124	6778	7
640	642	643	7
3370	3371	3372	7
3597	3598	4778	7
3173	3174	3175	7
3595	3597	3682	7
3364	3366	9051	7
648	650	651	7
3713	3714	9491	7
3613	3614	3615	7
5097	5983	6786	7
3615	4030	4031	7
6052	6789	7213	7
679	681	1897	7
1915	1917	5650	7
3591	3592	3594	7
848	849	850	7
3740	5542	5794	7
1936	1988	2096	7
2094	2136	2200	7
1864	1914	1915	7
3167	3168	3169	7
850	852	853	7
3390	3691	4044	7
2128	3587	3588	7
2414	2748	8515	7
3391	3691	4551	7
3617	3618	3619	7
5542	5794	5795	7
1860	1863	1896	7
4113	4143	5086	7
1916	1917	1918	7
1849	1851	1852	7
7050	7051	7830	7
1856	1857	1862	7
1863	1896	4947	7
2029	2095	8680	7
5628	6528	8766	7
4433	5381	9137	7
1845	1847	1848	7
3692	4959	6555	7
4552	4553	4554	7
3591	3594	3599	7
3618	3619	3620	7
634	637	8715	7
5321	5322	6311	7
1914	1916	1919	7
8216	8217	8218	7
2028	2029	2094	7
3589	3591	9200	7
5650	8727	9942	7
3594	3692	5785	7
840	842	1155	7
624	626	627	7
4788	6009	6011	7
5094	5134	6135	7
3376	3380	8661	7
3613	3615	4030	7
4030	5651	9147	7
4160	5132	6103	7
637	638	639	7
2095	2161	8680	7
3175	9234	9235	7
6052	6053	6789	7
2025	2128	3587	7
4555	4557	5627	7
878	3348	8269	7
1936	1937	1988	7
3590	3592	3593	7
3851	4271	5613	7
4031	6130	8936	7
4534	4781	5275	7
3007	3056	4266	7
4203	4264	9267	7
5270	5271	7045	7
3587	3588	3589	7
3614	3616	3617	7
884	885	889	7
854	855	856	7
4937	5579	5594	7
2747	2748	3007	7
3391	4551	4552	7
4858	6050	6051	7
1864	1913	1914	7
2128	3588	4523	7
1915	5650	9401	7
4223	4224	5883	7
1937	1989	1990	7
4044	4937	5579	7
8218	8219	8221	7
3366	3370	9051	7
8675	8676	9503	7
3009	4223	9077	7
4774	4775	5258	7
3712	3714	4391	7
3416	3971	4382	7
631	11446	11453	7
4431	4433	5381	7
628	630	631	7
3592	3593	3595	7
2750	3009	9077	7
8676	8677	8678	7
3608	5632	5813	7
3637	3798	3799	7
870	871	878	7
2750	9076	9077	7
3371	3372	3373	7
7831	7832	7833	7
843	845	8923	7
3637	8988	8989	7
6285	6509	6510	7
3372	3374	8928	7
3372	8928	9030	7
3599	4959	4960	7
3620	3621	4203	7
3695	3712	8468	7
4435	5507	5508	7
4960	6550	6551	7
6511	6512	6513	7
638	639	640	7
5579	8928	9030	7
644	646	647	7
1856	3363	8527	7
3682	9842	10071	7
849	852	3583	7
4950	6317	6318	7
3386	3387	3416	7
5271	6554	9127	7
4264	5094	5095	7
632	634	8715	7
1918	1936	1937	7
1857	1859	8831	7
5132	5133	8323	7
1989	1990	1991	7
676	3822	9272	7
4959	6555	8439	7
837	839	1240	7
863	864	870	7
6053	6790	6791	7
2025	2026	2128	7
2095	2160	2161	7
5983	6786	6787	7
1991	2024	2025	7
3799	4143	4948	7
7949	8576	9017	7
4858	6051	8808	7
1861	1864	1913	7
3995	4223	4224	7
4959	4960	6550	7
646	647	648	7
3616	3618	4499	7
4031	4492	6041	7
1988	3611	8871	7
3389	3394	9678	7
844	846	4198	7
1989	1991	2023	7
3366	3367	3368	7
3590	3593	9430	7
4782	5273	5863	7
841	843	3626	7
847	849	8929	7
3009	3995	4223	7
4950	5411	6317	7
6307	6528	6529	7
847	851	8929	7
4973	4974	6592	7
672	676	9272	7
861	862	863	7
856	857	861	7
1991	2023	2024	7
2415	2750	9076	7
845	847	851	7
2229	2262	2414	7
3371	3373	9403	7
626	627	628	7
671	672	9272	7
4511	4937	5631	7
4857	4858	5312	7
3599	3692	4959	7
3595	3596	3597	7
3994	4857	4858	7
4554	4556	4558	7
637	639	3851	7
3615	6130	9372	7
5896	5897	6086	7
1937	1990	8677	7
2414	2415	2747	7
4224	5883	5894	7
2095	2136	2160	7
4555	5627	9888	7
6529	8539	9842	7
5259	6330	6331	7
2160	2229	2262	7
910	911	9504	7
1937	1988	1989	7
3381	3385	3386	7
3588	3589	3590	7
8217	8218	8219	7
4558	5270	5271	7
630	631	632	7
848	850	1082	7
3596	3597	3598	7
4030	4031	4492	7
3593	3595	3596	7
4266	4587	5122	7
846	848	8716	7
642	643	644	7
8849	9399	9557	7
4223	5884	9077	7
1859	1861	8577	7
3368	3371	8440	7
3616	4499	9223	7
1913	8576	8577	7
3364	3365	3366	7
650	651	652	7
2026	2028	2029	7
3171	3173	3176	7
4391	4392	5321	7
5631	9474	9957	7
919	5695	7953	7
3713	4974	9491	7
3712	3713	3714	7
5271	7045	9127	7
631	632	8707	7
662	663	664	7
6330	6331	7002	7
878	879	884	7
682	1887	9250	7
6053	6789	6790	7
4556	4557	9141	7
652	3677	9108	7
4044	5579	8928	7
5650	8628	8727	7
3798	4113	6060	7
5312	6677	7189	7
657	8988	9109	7
3373	3381	3385	7
3612	3616	9223	7
2023	8871	9079	7
3390	4044	8928	7
5651	5652	6516	7
3376	3378	3380	7
3677	4160	4161	7
651	3677	4160	7
4789	7404	8879	7
846	4198	8716	7
2094	2095	2136	7
3620	4203	4204	7
4203	4204	4774	7
4160	4161	5132	7
4775	5258	5259	7
5884	9077	9412	7
3713	4973	4974	7
5603	9108	9109	7
4271	6781	6782	7
3995	4857	9676	7
7032	7033	7277	7
2415	2747	2749	7
6317	7034	7233	7
3392	3393	3740	7
5321	6311	7141	7
2024	2026	2028	7
3378	3380	8787	7
6514	7113	7911	7
5086	5097	5983	7
1856	1862	3363	7
1914	1919	9017	7
6550	6551	9957	7
3714	4392	5012	7
3168	3169	9048	7
3167	3169	3170	7
3711	3713	4973	7
657	658	8988	7
680	682	1887	7
639	3851	3852	7
651	652	3677	7
5894	5895	5896	7
3594	3599	3692	7
3677	4161	5603	7
5122	5131	6124	7
1862	3363	3364	7
1852	8781	8782	7
2749	3008	3821	7
3374	3390	8928	7
3799	4113	4143	7
3598	3694	3695	7
661	663	3637	7
3798	3799	4113	7
3994	3995	4857	7
919	4202	5695	7
647	648	9257	7
2415	2749	2750	7
3592	3594	9435	7
2160	2161	9411	7
2750	3008	3009	7
663	3637	3798	7
2262	2415	9076	7
5579	8268	9030	7
679	680	681	7
1990	1991	8810	7
3618	4499	9477	7
3695	3711	3712	7
4204	4774	4775	7
640	643	9370	7
3375	9752	9949	7
4161	5132	5133	7
2029	2094	2095	7
5631	9439	9957	7
6513	6514	6515	7
677	678	679	7
3383	3388	3608	7
3391	4552	9293	7
9430	9677	10008	7
668	670	671	7
8783	10017	10153	7
661	662	663	7
2136	2160	2229	7
3598	4778	8017	7
3971	4533	4534	7
4030	4492	5651	7
666	667	668	7
4558	5271	6553	7
853	854	855	7
3387	3416	3971	7
2024	2025	2026	7
8217	8219	8222	7
6318	7035	9470	7
676	678	3822	7
3589	5588	9200	7
849	3583	8929	7
3851	3852	4271	7
4858	5312	6050	7
6050	6051	6052	7
3384	3389	3392	7
6041	8936	8937	7
670	671	672	7
3369	8440	8661	7
4031	6041	8936	7
3694	3695	3711	7
664	666	667	7
3994	4858	8808	7
3596	3598	3694	7
3008	3009	3994	7
5258	5259	6330	7
661	3637	8988	7
5271	6553	6554	7
5579	5594	8268	7
3363	3364	3365	7
3367	3368	3369	7
3711	3712	3713	7
839	1240	9279	7
914	915	919	7
3385	3386	3387	7
4574	5729	8793	7
2749	2750	3008	7
3166	7942	9617	7
8676	8677	9503	7
3852	4271	6781	7
2262	2414	2415	7
3692	5785	9289	7
5594	7949	8576	7
4534	4574	4781	7
5895	5896	5897	7
4492	5651	5652	7
5652	6516	8168	7
3009	3994	3995	7
4204	4775	5760	7
652	654	9108	7
2026	2128	9217	7
3714	4391	4392	7
914	3461	9504	7
9076	9077	9412	7
3588	3590	9430	7
654	657	9108	7
5897	6043	6642	7
5627	9289	9888	7
5261	7032	7033	7
6011	7041	7426	7
5086	5983	7145	7
5508	7417	9137	7
5588	8675	9200	7
681	682	683	7
672	674	676	7
1852	1853	8527	7
5594	8268	9495	7
2749	3821	9399	7
4518	8268	9495	7
4266	5122	5123	7
1990	8810	9503	7
1913	1914	9017	7
3377	3379	4055	7
5895	5897	6043	7
3365	3366	3367	7
2747	2749	9399	7
6555	9888	9938	7
4557	6306	9141	7
3373	3385	9403	7
3174	3175	9234	7
6306	7043	9141	7
907	909	910	7
5312	6050	6677	7
4143	5086	5097	7
833	835	9027	7
3617	3820	9372	7
4788	6011	8472	7
3388	3608	5632	7
3714	5012	9491	7
8871	9079	9147	7
3363	3365	5653	7
4960	8675	9200	7
3620	4204	9477	7
4558	6553	9648	7
5272	6315	7046	7
911	913	914	7
4947	6579	9377	7
2094	2200	8663	7
2028	2094	8663	7
2747	3007	9399	7
903	905	906	7
6510	7912	9583	7
680	681	682	7
674	676	677	7
915	919	7953	7
4224	5894	5895	7
4533	4574	5729	7
6592	9902	10109	7
4160	6103	9257	7
6315	7046	7160	7
3371	8440	9403	7
4202	5695	5696	7
855	856	857	7
862	863	864	7
890	897	898	7
6284	6285	9583	7
4392	5012	5013	7
3375	3376	3377	7
663	3798	9472	7
3618	3620	9477	7
1863	4947	9401	7
885	889	890	7
3376	3377	3378	7
845	851	8923	7
1990	8677	9503	7
3614	3617	9372	7
839	841	9279	7
850	853	9542	7
853	855	3705	7
899	901	902	7
658	661	8988	7
680	1887	9480	7
3389	3392	3393	7
862	864	949	7
6284	7040	9583	7
835	837	9063	7
676	677	678	7
2029	8680	9217	7
678	679	680	7
3821	8808	8809	7
4574	4781	4782	7
3383	3384	3388	7
3378	3379	3383	7
4264	5095	9267	7
3387	3971	4533	7
3387	4533	9802	7
5588	8810	9503	7
3692	6555	9289	7
915	920	7953	7
3367	3369	3375	7
682	683	684	7
3798	6060	9472	7
4782	5272	5273	7
901	902	903	7
913	914	915	7
8679	9439	9957	7
2160	2262	9411	7
663	664	9472	7
4533	4534	4574	7
3614	3615	9372	7
909	910	911	7
3384	3388	3389	7
897	898	899	7
3367	3375	9752	7
871	879	4197	7
3377	3378	3379	7
864	870	871	7
879	884	885	7
871	878	879	7
4551	4553	9938	7
1919	9017	9439	7
3380	10148	10251	7
657	9108	9109	7
3379	3383	3384	7
4161	5603	9653	7
1853	1856	8527	7
850	1082	9542	7
864	949	9511	7
835	9027	9063	7
853	3705	9542	7
857	861	862	7
3389	3393	3394	7
4950	6318	9582	7
8215	8216	9886	7
639	640	9370	7
3385	3387	9802	7
7834	8539	9842	7
911	914	9504	7
3691	4551	9937	7
5760	9377	9953	7
8440	8661	10033	7
5272	5273	6315	7
905	906	907	7
3369	3375	3376	7
2026	2029	9217	7
3593	3596	9677	7
2262	9076	9411	7
4781	4782	5272	7
837	1240	9063	7
1849	1852	8781	7
4204	5760	9477	7
4551	9937	9938	7
3588	4523	9430	7
3173	3175	8842	7
3603	8834	10003	7
6550	8439	9474	7
3611	8871	9147	7
1861	1913	8577	7
4553	4555	9888	7
639	3852	9370	7
5632	5813	7055	7
7949	9017	9439	7
3613	4030	9147	7
3388	3389	9678	7
3380	8661	10148	7
6051	8808	8809	7
4499	9477	9953	7
9076	9411	9412	7
3694	8823	9677	7
3369	3376	8661	7
3611	3613	9147	7
3365	3367	9752	7
3174	5156	9234	7
3173	3176	8842	7
4266	5123	9557	7
841	3626	9279	7
4499	8727	9953	7
4523	9217	9776	7
6579	9835	10066	7
5259	9835	10066	7
3995	4224	9676	7
6593	8823	10008	7
5653	8783	9752	7
3365	5653	9752	7
4511	5631	9474	7
6579	9377	9835	7
664	667	9472	7
6528	6529	9842	7
4554	4558	9648	7
6553	9648	10003	7
4552	4554	9648	7
4552	9293	9648	7
3971	4534	9285	7
2023	2024	9164	7
6593	9776	10008	7
3971	4382	9285	7
5895	6043	9676	7
4161	5133	9653	7
4949	4950	9582	7
3007	4266	9557	7
5883	5884	10273	7
3167	3170	9617	7
3596	3694	9677	7
4533	5729	9802	7
1848	1849	8781	7
6285	6510	9583	7
6618	9871	10153	7
6555	9289	9888	7
3691	4511	9937	7
5883	10273	10365	7
5650	9401	9942	7
2161	8680	10109	7
5884	9412	10147	7
3007	9399	9557	7
3377	4055	9949	7
2024	2028	9164	7
8783	9752	9949	7
3375	3377	9949	7
4775	5760	9835	7
5760	9377	9835	7
3603	10003	10079	7
4775	5259	9835	7
4224	5895	9676	7
8680	9217	9776	7
6618	10017	10153	7
3385	9403	9802	7
6551	8679	9957	7
8823	9677	10008	7
5813	10174	10194	7
3603	8215	10079	7
5760	9477	9953	7
8216	8220	9886	7
4857	5312	9666	7
5273	5863	10194	7
9293	9648	10003	7
3388	5632	9678	7
5883	5894	10365	7
8439	9937	9938	7
8783	9949	10153	7
6555	8439	9938	7
8661	10033	10148	7
6778	10795	11255	7
3595	3682	9435	7
4055	9871	10153	7
871	4197	9511	7
5632	7055	10146	7
6791	8849	9738	7
864	871	9511	7
6791	6792	9738	7
3166	3167	9617	7
3592	3595	9435	7
2161	9411	9902	7
8439	9474	9937	7
8680	9776	10109	7
3170	7687	10226	7
4974	6592	10147	7
5259	6331	10066	7
8787	10174	10251	7
4947	9377	9942	7
1848	8781	10159	7
5894	5896	10428	7
6553	6554	10079	7
8834	9293	10003	7
4523	9776	10008	7
4511	9474	9937	7
6553	10003	10079	7
4523	9430	10008	7
5312	7189	9666	7
6617	6618	10159	7
8781	8782	10017	7
8793	10148	10251	7
6579	6580	10066	7
6126	10990	11250	7
5896	6086	10107	7
9411	9412	9902	7
4783	9678	10146	7
4947	9401	9942	7
8440	9403	10033	7
4055	9299	9871	7
3170	3171	10226	7
1844	1845	10258	7
6528	9842	10071	7
1848	10159	10258	7
6528	8766	10071	7
5632	9678	10146	7
6592	9902	10147	7
6592	6593	10109	7
5729	9802	10033	7
5863	10174	10251	7
6593	9776	10109	7
8781	10017	10159	7
3608	8787	10174	7
1844	10258	10327	7
6617	10159	10258	7
4872	4873	10521	7
9403	9802	10033	7
3380	8787	10251	7
1845	1848	10258	7
5863	10174	10194	7
3171	3176	10226	7
5729	8793	10148	7
5613	11454	11455	7
5894	10365	10428	7
5863	8793	10251	7
5884	10147	10273	7
9491	10273	10365	7
5729	10033	10148	7
4974	9491	10273	7
9412	9902	10147	7
5411	6317	10482	7
6618	10017	10159	7
4974	10147	10273	7
5871	6617	10327	7
6617	10258	10327	7
5012	9491	10365	7
4465	10860	11254	7
5012	5013	10428	7
6996	7114	11361	7
5012	10365	10428	7
6317	7233	10482	7
7043	7044	11038	7
4873	5411	10521	7
857	862	10666	7
681	683	10775	7
677	679	10789	7
4113	6060	10843	7
667	9472	10795	7
3056	4587	10849	7
5983	7145	10860	7
5086	7145	10843	7
5123	11078	11241	7
862	949	10666	7
5652	10986	11253	7
3852	6781	10932	7
4265	8214	10990	7
6512	6513	11103	7
3175	9235	11043	7
6060	10843	11255	7
4492	5652	10986	7
6043	6642	11017	7
6052	7213	11042	7
5270	7045	11038	7
1860	1896	11055	7
5897	6642	11022	7
7043	9141	11038	7
671	11234	11248	7
681	1897	10775	7
5321	7141	11065	7
6060	9472	10795	7
6135	10932	11166	7
4392	5013	11065	7
879	885	11036	7
6050	6677	11042	7
7189	9666	11017	7
1887	11243	11252	7
5131	6420	11255	7
7909	8337	11058	7
6103	10985	11259	7
5122	5123	11078	7
5097	10992	11244	7
667	10795	11248	7
4113	5086	10843	7
3056	4465	10849	7
5983	6787	10860	7
8936	8937	11237	7
8515	8881	11254	7
3176	10226	11103	7
4948	11244	11249	7
5273	10194	11155	7
6580	10066	11135	7
5095	10954	11334	7
6130	8936	11239	7
6781	10954	11166	7
8937	11237	11249	7
5095	10954	11166	7
6788	11261	11262	7
8936	11237	11239	7
647	11259	11261	7
6135	6788	11262	7
3852	9370	10932	7
3348	10423	11367	7
2200	8881	11240	7
4948	8997	11249	7
6420	10843	11255	7
668	671	11248	7
5094	5095	11166	7
6781	6782	10954	7
1887	9480	11252	7
6792	9738	11241	7
6786	10986	11253	7
644	647	11261	7
9481	11078	11241	7
6778	10795	11248	7
9481	11078	11227	7
3820	11245	11250	7
6787	11240	11253	7
3820	9372	11245	7
5134	6788	10985	7
5156	9234	11296	7
6786	6787	11253	7
4492	6041	10986	7
6041	10986	10992	7
4143	4948	11244	7
647	9257	11259	7
4265	5134	10990	7
3820	8214	11250	7
6041	8937	10992	7
5134	10985	10990	7
8881	11240	11254	7
854	7320	11368	7
6043	9666	11017	7
5897	6086	11022	7
5095	9267	11334	7
5270	9141	11038	7
6512	10226	11103	7
9272	11227	11234	7
879	4197	11036	7
3175	8842	11043	7
6050	6052	11042	7
4474	11235	11242	7
1896	6580	11055	7
4392	5321	11065	7
7909	7910	11058	7
5122	6124	11078	7
4474	9250	11242	7
9250	11242	11243	7
1887	9250	11243	7
6792	11241	11252	7
3822	9272	11227	7
671	9272	11234	7
6513	6515	11435	7
6331	10066	11135	7
854	856	11368	7
6580	11055	11361	7
5273	6315	11155	7
7114	11055	11361	7
9370	10932	11262	7
6135	10932	11262	7
6195	11438	11451	7
6315	7160	11161	7
6781	10932	11166	7
6315	11155	11161	7
7033	10423	11367	7
6778	11234	11248	7
6792	11243	11252	7
6124	11227	11234	7
8937	11244	11249	7
6130	9372	11245	7
6789	11235	11242	7
2200	8168	11240	7
6788	11259	11261	7
8168	11240	11253	7
6789	7213	11235	7
8323	11245	11250	7
6124	6778	11234	7
5123	9738	11241	7
6790	6792	11243	7
6126	8323	11250	7
6789	6790	11242	7
6790	11242	11243	7
8997	9653	11249	7
5133	8323	11239	7
667	668	11248	7
9653	11237	11249	7
643	11261	11262	7
5133	9653	11237	7
9480	9481	11252	7
5652	8168	11253	7
643	644	11261	7
643	9370	11262	7
5133	11237	11239	7
6196	6818	11453	7
6787	11240	11254	7
5156	7585	11296	7
9234	9235	11456	7
9481	11241	11252	7
6060	10795	11255	7
6787	10860	11254	7
5932	9267	11334	7
6124	11078	11227	7
8937	10992	11244	7
6788	10985	11259	7
5510	8089	11438	7
6130	11239	11245	7
8323	11239	11245	7
7033	7277	11367	7
6580	11135	11361	7
856	865	11368	7
6331	11135	11435	7
6515	11135	11435	7
7585	11296	11455	7
628	631	11446	7
4271	6782	11455	7
6194	9009	11448	7
5613	8707	11454	7
10954	11334	11456	7
9235	11334	11456	7
6782	11296	11455	7
6331	7002	11435	7
5511	11436	11438	7
5511	6818	11436	7
5510	5511	11438	7
6818	11446	11448	7
8088	8089	11451	7
6196	7585	11454	7
6194	11436	11448	7
627	628	11446	7
627	9009	11448	7
627	11446	11448	7
4271	5613	11455	7
631	8707	11453	7
6818	11436	11448	7
6782	10954	11456	7
6196	11453	11454	7
8707	11453	11454	7
1842	1843	7040	7
3348	7257	8269	7
3348	7257	10423	7
2437	7906	11022	7
4783	7062	7132	7
1897	7047	10789	7
7052	10775	10787	7
8203	8204	9027	7
1897	7047	10787	7
6642	11010	11017	7
4872	7482	8953	7
7308	7482	8953	7
6642	7936	11022	7
2675	7417	8762	7
683	4489	10775	7
1190	7189	11017	7
5381	8762	10221	7
2443	7213	11042	7
4443	7907	8120	7
8767	8768	9582	7
4949	8767	9582	7
4632	8202	8910	7
884	893	8269	7
8201	8202	8203	7
3166	7942	8509	7
4428	4430	8910	7
623	624	9009	7
884	889	893	7
831	832	833	7
3164	3165	8088	7
7905	7906	7907	7
830	832	4443	7
4627	5295	8768	7
4429	4430	4431	7
1841	1843	1844	7
4431	5381	8749	7
634	636	637	7
4627	5261	5295	7
3163	3165	3166	7
4497	4873	4949	7
5608	5609	6284	7
3394	3396	4783	7
889	890	896	7
913	915	916	7
662	664	665	7
670	672	673	7
4497	4872	4873	7
636	637	638	7
654	656	657	7
5508	7308	7416	7
658	660	661	7
684	686	4474	7
5607	5609	7942	7
642	644	645	7
652	653	654	7
656	657	658	7
909	911	912	7
905	907	908	7
897	899	900	7
640	641	642	7
3740	5794	7550	7
666	668	669	7
648	649	650	7
644	645	646	7
5696	6316	7062	7
672	673	674	7
5695	5696	5697	7
646	648	649	7
660	661	662	7
683	684	685	7
626	628	629	7
664	665	666	7
628	629	630	7
650	652	653	7
668	669	670	7
901	903	904	7
632	633	634	7
3393	3740	9762	7
638	640	641	7
624	625	626	7
911	912	913	7
4691	6194	6195	7
6284	6997	7040	7
899	900	901	7
903	904	905	7
5508	7416	7417	7
915	916	920	7
5794	5871	9800	7
630	632	633	7
907	908	909	7
890	896	897	7
833	2826	9027	7
3854	6194	9009	7
3393	3394	3395	7
920	3725	7953	7
5261	7033	9660	7
5695	7953	9867	7
674	677	9846	7
1844	8966	10327	7
7033	9660	10423	7
5871	10327	10389	7
6677	11042	11251	7
677	9846	10789	7
7213	11054	11235	7
6677	7189	11023	7
4474	9078	11235	7
8088	11449	11451	7
6195	9373	11451	7
900	901	10511	7
1842	6997	7040	7
889	893	8029	7
905	908	9246	7
913	916	8795	7
893	7256	8269	7
7256	7257	8269	7
889	896	8029	7
3396	4783	7132	7
901	904	10511	7
904	905	9246	7
912	913	8795	7
4489	7052	10775	7
2826	8204	9027	7
1190	7189	11023	7
6642	7936	11010	7
2437	7936	11022	7
897	900	8030	7
896	897	8030	7
2443	7213	11054	7
4862	7308	8953	7
4862	7308	7416	7
1190	11010	11017	7
2675	7417	8761	7
8762	10101	10221	7
4497	4949	10130	7
4632	8201	8202	7
4949	8767	10130	7
830	4443	8120	7
2437	7905	7906	7
7416	7417	8761	7
7905	7907	8120	7
5695	5697	9867	7
2675	8762	10101	7
5794	7550	9800	7
686	4474	9078	7
4428	4429	4430	7
3163	3164	3165	7
830	831	832	7
670	673	8991	7
1841	1842	1843	7
665	666	9043	7
638	641	9123	7
909	912	9244	7
5547	8767	8768	7
626	629	9112	7
5607	5608	5609	7
4627	5547	8768	7
5607	7942	8509	7
8201	8203	8204	7
916	920	923	7
3854	4691	6194	7
683	685	4489	7
908	909	9244	7
4429	4431	8749	7
4625	4627	5261	7
4428	4632	8910	7
666	669	9043	7
4495	4497	4872	7
3393	3395	9762	7
660	662	9471	7
831	833	2826	7
656	658	659	7
6316	7062	7132	7
622	623	624	7
673	674	675	7
658	659	660	7
623	3854	9009	7
654	655	656	7
634	635	636	7
669	670	8991	7
653	654	655	7
4495	4872	8953	7
662	665	9471	7
625	626	9112	7
3163	3166	8509	7
1841	1844	8966	7
3394	3395	3396	7
622	624	625	7
5608	6284	6997	7
5696	5697	6316	7
684	685	686	7
633	634	635	7
649	650	9206	7
650	653	9206	7
920	934	3725	7
4691	6195	9373	7
636	638	9123	7
641	642	9876	7
642	645	9876	7
645	646	9216	7
646	649	9216	7
629	630	9410	7
4625	5261	9660	7
630	633	9410	7
674	675	9846	7
3740	7550	9762	7
5381	8749	10221	7
3725	7953	9867	7
8966	10327	10389	7
5871	9800	10389	7
9660	10347	10423	7
7257	10347	10423	7
5532	7052	10787	7
5498	7047	10787	7
9078	11054	11235	7
2443	11042	11251	7
9846	10789	11385	7
7047	10789	11385	7
6677	11023	11251	7
3164	8088	11449	7
9373	11449	11451	7
8075	8354	11530	8
8070	10467	11527	8
417	10526	11524	8
8476	10245	11506	8
6242	8156	10509	8
6242	8156	10526	8
6817	7646	9635	8
5274	6817	9635	8
3868	11458	11485	8
5326	7066	7392	8
4771	5326	7066	8
7004	7112	11408	8
3134	3137	7005	8
8354	10216	11530	8
6361	9050	11444	8
7116	9171	11346	8
5342	7129	7131	8
6242	10526	11524	8
4183	10467	11527	8
7129	7131	10826	8
5342	7129	9720	8
3556	8510	10886	8
5326	7116	7392	8
3138	7003	7004	8
1842	1843	7040	8
3138	7003	9202	8
7003	7075	9202	8
1842	6997	7128	8
1842	6997	7040	8
3117	3120	11195	8
3556	7075	9202	8
5146	10245	11506	8
260	7646	11504	8
3113	3116	11211	8
4195	7131	8398	8
4195	6999	8398	8
6286	6999	8398	8
3556	7075	10886	8
6286	6999	7066	8
7128	7129	9720	8
4771	6286	7066	8
4195	7131	10826	8
3120	3122	7094	8
6360	6361	10977	8
3139	7031	7095	8
3139	7031	7094	8
3122	3139	7094	8
5406	7144	11232	8
6360	10976	10977	8
7180	7449	11221	8
3120	7094	11195	8
3134	3138	7005	8
3116	7097	11211	8
5326	7116	11346	8
6997	7128	9720	8
7095	8510	10886	8
3398	7132	7492	8
3396	3398	7132	8
3421	7067	7152	8
3138	7004	7005	8
3421	7067	7073	8
4783	7062	7132	8
4985	7112	11408	8
3396	4783	7132	8
7220	7221	11099	8
6697	7144	11232	8
5304	7095	7664	8
3137	7005	10779	8
6310	7180	11221	8
7031	7095	7664	8
7152	10785	11011	8
3399	3402	8557	8
3139	7095	8510	8
3398	7492	8557	8
1886	8049	10996	8
3421	7073	8557	8
4027	7220	11099	8
7004	7005	11408	8
1838	1842	7128	8
1837	1838	7128	8
6361	10977	11444	8
3404	3406	7152	8
3404	3421	7152	8
3116	3117	11195	8
3112	3113	11211	8
3144	8191	10821	8
3154	8711	9050	8
7788	7798	10776	8
6361	8711	9050	8
7112	9171	11346	8
3112	7610	11376	8
6108	8049	8051	8
7221	8051	11099	8
3398	3399	8557	8
6108	8051	8052	8
3402	3421	8557	8
6320	9346	10955	8
7787	9861	10754	8
6320	10955	10971	8
3148	3154	10914	8
4493	6320	10971	8
7067	7152	11011	8
3869	4409	7792	8
4493	10971	11011	8
6697	7144	11231	8
5406	7180	11232	8
4409	7789	7792	8
6133	7818	11194	8
253	401	569	8
7073	7492	8557	8
7604	7607	11050	8
401	569	570	8
3860	7252	7939	8
3116	7097	11195	8
1837	7128	7129	8
255	504	7259	8
8047	8050	10729	8
4493	10785	11011	8
4180	7247	7940	8
5860	7798	10776	8
7449	7818	11221	8
6351	8191	10821	8
6108	8049	10996	8
1970	7607	11050	8
3869	3871	7792	8
7818	7845	11194	8
4440	9861	10754	8
569	570	7425	8
7252	7939	10000	8
4236	6697	11231	8
3154	8711	10914	8
3860	7252	7940	8
5394	7116	7392	8
449	7294	11500	8
4855	7794	9344	8
7221	8050	8051	8
3460	7279	8137	8
4409	7789	7791	8
257	449	7294	8
5304	7095	10886	8
5394	7392	9453	8
254	504	569	8
4409	7791	8536	8
3406	7152	10785	8
6388	7247	7940	8
7279	7358	8137	8
570	3825	7425	8
1825	7358	8137	8
5394	7279	9453	8
252	253	401	8
1802	7923	10962	8
7794	7795	9344	8
449	7259	11499	8
7318	7939	10000	8
3460	7279	9453	8
3121	3123	9392	8
256	449	7259	8
7791	7794	8536	8
1825	7358	9727	8
253	254	569	8
504	569	7425	8
7606	8115	8117	8
1970	11050	11073	8
254	255	504	8
8116	8117	11037	8
6388	7252	7940	8
8075	8352	8353	8
1825	8210	9727	8
1833	1837	10826	8
7221	8050	10729	8
7605	10131	10256	8
8075	8353	8354	8
3840	7318	7941	8
8007	8008	10359	8
8117	11037	11073	8
7587	7795	9344	8
3861	4180	7940	8
3840	7318	7939	8
8074	8075	8352	8
503	7294	11501	8
3860	3861	7940	8
425	8074	8352	8
4855	7794	8536	8
3095	3097	7845	8
256	257	449	8
258	503	7294	8
3153	10850	10865	8
3121	7588	9392	8
3119	3129	7588	8
7625	7941	9742	8
3153	8191	10850	8
3119	3121	7588	8
401	570	571	8
3406	3408	10785	8
3144	7798	10821	8
4238	4240	8009	8
7788	9861	10776	8
6817	7646	11504	8
255	256	7259	8
3132	7793	7795	8
6706	7923	10962	8
3123	3132	9392	8
5415	8008	10359	8
7073	7492	9945	8
7605	7606	10256	8
7787	7792	10754	8
258	259	503	8
6067	7073	9945	8
8008	8210	9727	8
3303	7449	7818	8
1837	7129	10826	8
3840	7941	9742	8
3132	7793	7796	8
3129	7586	7588	8
3095	4244	7845	8
7294	11500	11501	8
425	8074	9191	8
3125	3127	7796	8
7600	7601	7608	8
257	258	7294	8
4985	7112	11346	8
1886	7923	10996	8
3125	3132	7796	8
3097	3303	7845	8
3087	9970	10131	8
3093	4244	7600	8
7587	7795	9392	8
265	457	7761	8
3129	3667	7586	8
4240	4410	8009	8
3303	7449	7817	8
6286	8398	9687	8
4238	7719	8009	8
6821	11458	11485	8
8095	8155	8156	8
4244	7600	7608	8
7606	8115	10256	8
6678	10865	10894	8
7610	7690	7691	8
3149	6098	7690	8
8065	8066	8154	8
3099	3101	7817	8
3675	4127	7625	8
5262	7031	7664	8
5415	8008	9727	8
3127	7796	8718	8
3099	3303	7817	8
3105	3149	7690	8
3111	3114	7825	8
4384	5262	7664	8
3675	7625	9742	8
6098	7690	7691	8
4642	6108	8052	8
1798	1886	8048	8
409	7646	9635	8
3132	7795	9392	8
1816	7719	8006	8
8664	9762	10031	8
5772	6286	9687	8
3101	3104	7817	8
7605	9970	10131	8
5697	9396	9867	8
4642	6590	8052	8
264	265	7761	8
4127	5147	7625	8
8066	8070	8154	8
1886	8048	8049	8
3110	3111	7825	8
3336	8008	8210	8
8095	8154	8155	8
8071	8480	9191	8
3091	3093	7600	8
7784	7788	7797	8
6614	6616	10535	8
5422	7550	9800	8
6216	6217	6218	8
6216	7625	7941	8
8007	8009	10359	8
7719	8006	8007	8
570	571	572	8
7825	10448	10513	8
5422	5966	9800	8
8071	8074	9191	8
6218	6219	6220	8
5147	6215	6216	8
3673	3860	7939	8
7788	7797	7798	8
6220	6221	6222	8
3127	3130	8718	8
6217	6218	6219	8
6219	6220	6221	8
6222	6223	6233	8
276	425	9191	8
6221	6222	6223	8
6067	9396	9945	8
8047	8048	8050	8
3667	3670	7586	8
6233	6234	6235	8
479	8067	8480	8
5147	6216	7625	8
4529	6613	8669	8
449	11499	11500	8
3674	3862	9062	8
6215	6216	6217	8
522	7758	7759	8
4414	4416	8041	8
6216	6218	7941	8
3136	7784	7797	8
532	8065	8154	8
262	409	7758	8
1815	10845	10951	8
4692	7720	7721	8
4414	5415	8041	8
425	8350	8352	8
3111	3112	3113	8
3667	3669	3670	8
3604	8664	10031	8
1796	1798	8048	8
5422	7550	10031	8
3109	3110	3111	8
7719	8007	8009	8
6218	7318	7941	8
479	8065	8066	8
5415	8041	9727	8
3872	4692	7720	8
3115	3116	3117	8
3109	3111	3112	8
6218	6220	7318	8
277	425	8350	8
3673	3674	3860	8
6235	6388	6389	8
5721	6067	9396	8
3670	3671	3672	8
3156	3157	8372	8
1805	3808	8861	8
3417	3418	9345	8
3113	3114	3115	8
5042	5966	7693	8
8067	8071	8480	8
1800	1886	7923	8
3672	3673	3674	8
266	457	7937	8
3110	5036	7825	8
3674	3860	3861	8
8070	8154	8155	8
3861	3863	4180	8
6222	6233	6234	8
522	7759	7760	8
3669	3670	3671	8
3863	4180	7755	8
4384	4411	7664	8
3104	5405	7817	8
3113	3115	3116	8
3874	5169	7720	8
3117	3118	3119	8
6613	6614	10345	8
3152	4985	9290	8
3119	3120	3121	8
3303	7818	7845	8
4006	10131	10256	8
3671	3672	3673	8
261	409	7646	8
3118	3119	3129	8
5406	6098	7144	8
3142	3153	8191	8
3104	3105	3149	8
273	479	8065	8
3121	3122	3123	8
6220	7318	10000	8
3147	3152	9290	8
3861	3862	3863	8
5966	9800	10389	8
409	7758	8476	8
4411	4412	4413	8
3107	3108	3109	8
1816	3663	7719	8
1814	1816	8006	8
1827	4243	8454	8
263	522	7758	8
4384	4410	4411	8
8049	8050	8051	8
7000	8133	9453	8
1826	3460	8137	8
270	417	8094	8
5262	6293	7031	8
3863	3866	7755	8
532	8094	8095	8
3162	3958	8509	8
1828	3460	8133	8
3103	3104	3105	8
269	417	8054	8
3120	3121	3122	8
3117	3119	3120	8
3157	3160	8372	8
1805	1806	8861	8
4238	4239	4240	8
3135	7784	7785	8
261	262	409	8
3407	3411	8773	8
7603	7604	7607	8
4418	7116	9171	8
3101	3103	3104	8
4416	5393	8041	8
3105	3106	3107	8
3663	4238	7719	8
3670	3672	5504	8
3133	3135	7784	8
4410	4411	4412	8
3091	4005	7600	8
4383	4384	5262	8
4414	4415	4416	8
479	8066	8067	8
7601	7602	7603	8
3111	3113	3114	8
1824	1827	8454	8
3097	3099	3303	8
3162	3163	8509	8
6613	8669	9647	8
6069	6070	6071	8
503	11501	11503	8
3862	4855	9062	8
3093	3095	4244	8
6293	7031	7094	8
8068	8069	8073	8
4243	8454	8455	8
267	531	7937	8
263	264	522	8
3863	3864	3866	8
3149	5406	6098	8
3870	3872	4692	8
3149	5405	5406	8
1807	1808	8625	8
3960	5772	9329	8
1823	1825	8137	8
7000	7392	9453	8
1803	1996	9594	8
3122	3123	3124	8
8066	8067	8068	8
1821	1822	1823	8
3123	3124	3125	8
4411	4413	5304	8
3115	3117	3118	8
5405	5406	7180	8
8048	8049	8050	8
4240	4383	4384	8
3872	3874	7720	8
3142	3144	8191	8
264	522	7761	8
1826	1827	1828	8
3874	4272	5169	8
3663	4237	4238	8
3133	3136	7784	8
6598	9530	10069	8
3156	8372	8373	8
4415	4416	4417	8
1819	1820	1821	8
1823	1826	8137	8
265	266	457	8
3130	3135	8718	8
3094	3096	9081	8
3870	3871	3872	8
3417	6320	9345	8
1806	1807	1808	8
1800	1802	7923	8
1815	1817	1818	8
4412	4413	4414	8
1823	1824	1826	8
1804	1806	1807	8
1808	1810	1811	8
4413	5304	8382	8
3674	3861	3862	8
7784	7785	7788	8
3123	3125	3132	8
272	532	8065	8
3866	3867	3868	8
3104	3149	5405	8
1812	1814	1815	8
3083	3085	4006	8
5695	5697	9867	8
6222	6234	10000	8
268	531	8054	8
1817	1818	1819	8
3130	3133	3135	8
1820	1821	1822	8
4413	4414	4415	8
1822	1823	1824	8
3166	7942	8509	8
6388	6389	7247	8
274	479	8480	8
1798	1800	1886	8
5166	5168	5351	8
1810	1811	1812	8
1827	1828	1829	8
3133	3134	3136	8
3105	3107	7690	8
8067	8068	8069	8
3125	3126	3127	8
6070	6071	6072	8
1818	1819	1820	8
267	268	531	8
1824	1826	1827	8
1796	8047	8048	8
8373	9687	10124	8
276	277	425	8
3862	3863	3864	8
3140	3141	3142	8
3130	3131	3133	8
6234	6235	6388	8
8066	8068	8070	8
5772	8373	9329	8
3336	8007	8008	8
3405	3407	8773	8
271	532	8094	8
1801	1803	9594	8
3672	3674	9062	8
1814	1815	1817	8
3868	3869	3870	8
3089	3091	4005	8
1821	1823	1825	8
3127	3128	3130	8
273	274	479	8
3124	3125	3126	8
3140	3142	3144	8
4240	4384	4410	8
4529	5172	6613	8
3131	3133	3134	8
1828	1829	1830	8
4417	5299	5325	8
5147	5274	6215	8
3136	3137	3140	8
1796	1797	1798	8
4416	4417	4418	8
5794	7550	9800	8
8115	8116	8117	8
3864	3866	3867	8
1828	1830	8133	8
7602	7603	7604	8
3604	3763	4078	8
5281	7098	9173	8
3958	5607	8509	8
4078	5042	5422	8
5325	7004	7112	8
271	272	532	8
1830	1831	1832	8
3142	3143	3153	8
4239	4240	4383	8
4078	5040	5042	8
8072	8074	8075	8
1832	1834	4195	8
3867	3868	3869	8
260	261	7646	8
5042	5940	7693	8
1829	1830	1831	8
7758	7759	8476	8
3126	3127	3128	8
1819	3336	8210	8
269	270	417	8
5042	5422	5966	8
3667	3668	3669	8
5325	7003	7004	8
3137	3140	3141	8
4417	4418	9171	8
3128	3130	3131	8
3872	3873	3874	8
5168	5442	9496	8
623	624	9009	8
6067	7067	7073	8
3108	3109	3110	8
1831	1832	1833	8
8069	8071	8072	8
3867	4409	8536	8
3151	3156	9329	8
1812	1813	1814	8
1802	1803	1804	8
4237	4238	4239	8
5299	5325	7003	8
1833	1836	1837	8
6071	6072	6073	8
3099	3100	3101	8
3874	3875	4272	8
1800	1801	1802	8
3093	3094	3095	8
4640	6069	6070	8
3164	3165	8088	8
3135	7785	7786	8
3150	3151	9329	8
3129	3666	3667	8
1826	1828	3460	8
6072	9837	9890	8
1838	1841	1842	8
1798	1799	1800	8
4415	4417	5299	8
3163	3164	3165	8
1817	1819	3336	8
3101	3102	3103	8
3107	3109	7610	8
3141	3142	3143	8
3161	3163	3164	8
3808	5734	8861	8
1804	1805	1806	8
3136	3140	7797	8
3148	3151	3154	8
3157	3158	3159	8
1834	4195	6999	8
3155	3157	3158	8
1829	1831	8882	8
3151	3154	3155	8
1841	1842	1843	8
7785	7786	7787	8
3673	3840	7939	8
1836	1837	1838	8
3871	3872	3873	8
6070	9492	9837	8
3134	3136	3137	8
5719	5721	7895	8
3418	3979	9345	8
1838	1840	1841	8
1808	1809	1810	8
1833	1835	1836	8
1794	1795	1796	8
3417	4493	6320	8
4005	7600	7601	8
1824	1839	8454	8
3960	4771	5772	8
3412	3417	4493	8
1830	1832	1834	8
3400	3414	3604	8
7895	9396	9867	8
3109	3112	7610	8
5393	5394	7279	8
3085	3086	3087	8
1831	1835	8882	8
3144	7797	7798	8
5721	6066	6067	8
3400	3604	8664	8
3097	3098	3099	8
8372	8373	10124	8
1808	1811	8625	8
4272	4273	5165	8
6358	6359	6360	8
3091	3092	3093	8
4117	4640	9492	8
3146	3147	3148	8
5168	5351	9496	8
3869	3870	3871	8
6354	6355	6356	8
7786	7787	7789	8
3095	3096	3097	8
1818	1820	3780	8
7790	7796	8718	8
4640	6044	6069	8
3146	3148	10914	8
3143	3145	3146	8
7786	7790	8718	8
3106	3107	3108	8
272	273	8065	8
1822	1824	1839	8
2158	8047	10729	8
262	263	7758	8
3096	4182	9081	8
4273	5165	5166	8
7604	7605	7606	8
5719	5720	5721	8
3418	3420	3979	8
1814	1817	8006	8
1827	1829	4243	8
1970	7607	11123	8
6352	6353	6354	8
6320	9345	9346	8
4005	7601	7602	8
1831	1833	1835	8
3083	3084	3085	8
3087	3088	3089	8
532	8095	8154	8
3107	7610	7690	8
4631	4640	6044	8
266	267	7937	8
5607	5608	5609	8
5166	5167	5168	8
3414	3604	3763	8
4418	5394	7116	8
5262	5281	6293	8
1834	6999	7000	8
3103	3105	3106	8
3460	8133	9453	8
270	271	8094	8
3958	4785	5607	8
1829	4243	8882	8
4418	5393	5394	8
1841	1843	1844	8
5734	10192	10257	8
274	275	8480	8
5697	6316	9945	8
6999	7000	7066	8
3154	3155	9050	8
5442	6353	9496	8
3875	4272	4273	8
3155	3156	3157	8
4547	4642	6590	8
3770	9837	9890	8
5607	7942	8509	8
4412	4414	5415	8
4411	5304	7664	8
7787	7789	7792	8
7586	7587	7588	8
1836	1838	1840	8
3670	5504	7586	8
268	269	8054	8
3808	5080	5734	8
5040	5042	5940	8
8067	8069	8071	8
3402	3404	3421	8
3854	4691	6194	8
3408	3410	3412	8
5080	5734	6310	8
3110	3843	5036	8
621	622	623	8
1810	1812	1813	8
5343	8398	9687	8
5720	5721	6066	8
6356	6357	6358	8
3089	3090	3091	8
1794	1796	8047	8
5405	7180	7449	8
3161	3162	3163	8
5966	7693	10581	8
1806	1808	1809	8
3163	3165	3166	8
4640	6070	9492	8
4416	4418	5393	8
1813	1814	1816	8
3106	3108	9647	8
3873	3874	3875	8
5299	7003	7075	8
3147	3148	3150	8
3157	3159	3160	8
4117	4631	4640	8
3140	3144	7797	8
5608	5609	6284	8
1803	1804	1805	8
3394	3396	4783	8
3763	4078	5040	8
3413	3417	3418	8
6070	6072	9837	8
7786	7789	7790	8
1799	1800	1801	8
5168	5441	5442	8
3412	3413	3417	8
3393	3395	9762	8
1840	1841	8966	8
3160	3161	3162	8
5442	6352	6353	8
3085	3087	10131	8
3122	3124	3139	8
3663	4236	4237	8
3159	3160	3161	8
1795	1796	1797	8
3141	3143	3145	8
3151	3155	3156	8
6709	11509	11514	8
3131	3134	3138	8
1801	1802	1803	8
6316	7062	7132	8
3124	3126	8510	8
3336	8006	8007	8
622	623	624	8
3156	8373	9329	8
3148	3150	3151	8
5036	5037	6708	8
3155	3158	9050	8
7785	7788	9861	8
3395	3397	8664	8
3126	3128	3556	8
5607	5609	7942	8
3096	3097	3098	8
1797	1798	1799	8
618	621	9530	8
3088	3089	3090	8
3090	3091	3092	8
4785	5607	5608	8
6234	7252	10000	8
3740	5794	7550	8
4383	5262	5281	8
5393	7358	8041	8
6674	7220	7221	8
3400	3401	3414	8
7000	7066	7392	8
275	276	9191	8
4383	5281	9173	8
4693	6214	6659	8
623	3854	9009	8
5696	6316	7062	8
4181	5859	9995	8
5695	5696	5697	8
4631	6057	9607	8
3098	3099	3100	8
3094	3095	3096	8
3160	3332	8372	8
621	623	3848	8
3958	4784	4785	8
7550	9762	10031	8
8071	8072	8074	8
3126	3556	8510	8
621	3848	9530	8
522	7760	7761	8
623	3848	3854	8
4631	6044	6057	8
6355	6356	6357	8
1821	1825	8210	8
3124	3139	8510	8
1819	1821	8210	8
6066	6067	7067	8
3086	3087	3088	8
7693	10581	10594	8
1816	3662	3663	8
1830	1834	8133	8
3405	3770	8773	8
3160	3162	3332	8
6359	6360	6361	8
1817	3336	8006	8
3100	3101	3102	8
4547	6590	9807	8
3084	3085	3086	8
6044	6057	6753	8
3393	3740	9762	8
3397	3400	8664	8
3150	3960	9329	8
5504	7586	7587	8
3867	3869	4409	8
3671	3673	3840	8
1822	1839	9097	8
3147	3150	3152	8
3411	3415	4117	8
3163	3166	8509	8
4413	4415	8382	8
4691	6194	6195	8
3135	7786	8718	8
1996	5079	9594	8
1841	1844	8966	8
1793	1794	1795	8
6284	6997	7040	8
5172	6613	6614	8
3145	3146	3147	8
3960	3961	4771	8
3411	4117	9492	8
4855	9062	9344	8
3394	3395	3396	8
1794	2158	8047	8
7602	7604	7605	8
5608	6284	6997	8
3397	3399	3400	8
3092	3093	3094	8
4273	5166	5167	8
3128	3556	9202	8
4078	5422	10031	8
5696	5697	6316	8
4784	5342	5343	8
6310	7180	11232	8
5794	5871	9800	8
6352	6354	6355	8
5393	7279	7358	8
3162	3332	3958	8
3413	3418	3419	8
5441	5442	6351	8
3150	3152	3960	8
3106	8669	9647	8
3848	9530	10069	8
5343	7131	8398	8
3404	3405	3406	8
4006	8114	10256	8
3405	3406	3407	8
3862	3864	4855	8
3848	3854	4270	8
3415	4118	4547	8
3128	3131	9202	8
3403	3405	3770	8
3410	3412	3413	8
3399	3400	3401	8
4642	5345	6108	8
3407	3409	3411	8
4386	5719	5720	8
4784	4785	5342	8
275	8480	9191	8
5608	6997	9720	8
7785	7787	9861	8
3118	3129	3666	8
3408	3409	3410	8
615	617	881	8
4117	4118	4631	8
3418	3419	3420	8
4771	5772	6286	8
5167	5168	5441	8
3102	4181	4529	8
3725	7895	9169	8
7791	7793	7794	8
4641	5345	6035	8
3399	3401	3402	8
3396	3397	3398	8
3395	3396	3397	8
4118	4547	4641	8
3413	3419	9918	8
5442	6351	6352	8
3763	5040	5041	8
1834	7000	8133	8
3402	3403	3404	8
3854	6194	9009	8
1805	1996	3808	8
3411	8773	9492	8
4118	4641	9607	8
3397	3398	3399	8
4547	4641	4642	8
5345	6035	6706	8
3864	3867	8536	8
5281	6293	7097	8
3854	4270	4691	8
4691	6195	9373	8
4118	4631	9607	8
6316	7132	7492	8
7789	7790	7791	8
1996	5078	5079	8
3395	8664	9762	8
3393	3394	3395	8
3409	3411	3415	8
3131	3138	9202	8
5163	5164	6812	8
3152	3960	3961	8
3118	3666	9577	8
4691	5163	9373	8
3415	4117	4118	8
4270	5163	5164	8
5163	6812	6819	8
5299	7075	8382	8
1820	3780	9097	8
3873	3875	4440	8
3152	3961	4985	8
3332	3958	4784	8
4237	4239	4679	8
3094	4183	9081	8
4127	5145	5147	8
3145	3147	9290	8
5734	8861	10192	8
6357	6358	6359	8
3115	3118	9577	8
615	881	9478	8
5697	9396	9945	8
5343	9687	10124	8
7790	7791	7793	8
4417	5325	9171	8
5342	5343	7131	8
617	618	9530	8
3669	3675	9742	8
5772	8373	9687	8
3102	4529	8669	8
4641	6035	9607	8
3401	3402	3403	8
3407	3408	3409	8
3604	4078	10031	8
617	881	6598	8
6817	11503	11504	8
4181	5171	5859	8
920	3725	7953	8
1813	1816	3662	8
6614	6615	6616	8
1806	1809	8861	8
3103	3106	8669	8
4529	5171	5172	8
5405	7449	7817	8
7790	7793	7796	8
3406	3407	3408	8
1797	1799	1970	8
3662	3663	4236	8
3672	5504	9062	8
5036	6708	10448	8
6220	6222	10000	8
6234	6388	7252	8
3403	3404	3405	8
7793	7794	7795	8
5721	7895	9396	8
4270	4691	5163	8
5325	7112	9171	8
4181	4529	5171	8
1803	1805	1996	8
3419	9918	10237	8
3096	3098	4182	8
3086	3088	4145	8
8773	9492	9837	8
3409	3410	9807	8
3875	4440	9785	8
3114	3115	9577	8
3419	3420	4027	8
4641	4642	5345	8
1809	1810	9855	8
1813	3662	9855	8
5859	6236	6242	8
3961	4771	5326	8
5167	5441	5860	8
5504	7587	9344	8
7358	8041	9727	8
3409	3415	9807	8
3668	3669	3675	8
1996	3808	5078	8
3808	5078	5080	8
5078	5080	6133	8
3770	9889	9890	8
5163	6819	9373	8
4236	6589	6697	8
8095	8156	10526	8
4027	7220	11145	8
6316	7492	9945	8
6357	6359	6678	8
3764	4128	5920	8
3092	3094	4183	8
4415	5299	8382	8
3100	3102	4181	8
3102	3103	8669	8
3666	3667	3668	8
3725	7895	9867	8
5695	7953	9867	8
1810	1813	9855	8
1820	1822	9097	8
3108	3110	3843	8
5170	6197	6821	8
3662	4236	6589	8
6589	10192	10257	8
3415	4547	9807	8
5859	6242	10509	8
3864	4855	8536	8
409	8476	9635	8
4693	5170	6214	8
4785	5608	9720	8
7602	7605	9970	8
4784	5343	10124	8
5719	7895	9169	8
4239	4383	9173	8
5171	5859	6236	8
5172	6614	6615	8
5860	7798	10821	8
3662	6589	9855	8
617	6598	9530	8
5504	9062	9344	8
6359	6361	8711	8
5145	5147	5274	8
3770	8773	9837	8
3108	3843	9647	8
5920	10448	10513	8
3403	3770	9889	8
3401	3414	9889	8
6197	6821	11457	8
5037	6708	6709	8
5281	7097	7098	8
3843	5036	5037	8
6359	6678	8711	8
3087	3089	9970	8
3401	3403	9889	8
3740	7550	9762	8
6072	6073	10310	8
5041	10208	10310	8
570	572	3825	8
3875	4273	9785	8
6590	9807	9918	8
4785	5342	9720	8
6133	7818	11221	8
3669	3671	9742	8
7587	7588	9392	8
3114	7825	10513	8
5274	6215	6817	8
4239	4679	9173	8
3763	5041	10208	8
572	574	10172	8
4128	5145	5146	8
6590	8052	10237	8
1811	8625	10890	8
5167	5860	9785	8
3668	3675	3764	8
4273	5167	9785	8
1835	10594	10612	8
6590	9918	10237	8
8114	8115	10256	8
5734	6310	10257	8
3084	3086	10216	8
3675	3764	4127	8
3410	3413	9918	8
3764	4127	4128	8
3085	4006	10131	8
4005	7602	9970	8
3725	7953	9867	8
1844	8966	10327	8
8476	9635	11506	8
4127	4128	5145	8
3419	4027	10237	8
3410	9807	9918	8
6589	6697	10257	8
9889	9890	10208	8
3332	4784	10124	8
417	8094	10526	8
3414	3763	10208	8
3764	5920	10171	8
3332	8372	10124	8
3666	9577	10171	8
5164	6812	10977	8
3414	9889	10208	8
3086	4145	10216	8
3671	3840	9742	8
3089	4005	9970	8
7759	8476	10245	8
6613	9647	10345	8
3098	4182	9995	8
5171	5172	10191	8
5171	6236	10191	8
4410	8009	10359	8
4440	9861	10776	8
3100	4181	9995	8
5041	10638	10689	8
4410	4412	10359	8
7755	11486	11487	8
9890	10208	10310	8
3848	4270	10069	8
3098	3100	9995	8
6589	9855	10192	8
3666	3668	10171	8
8966	10327	10389	8
5172	6615	10191	8
8068	8070	10467	8
574	2178	10172	8
3153	10865	10894	8
1809	9855	10192	8
6072	9890	10310	8
3843	9647	10345	8
1809	8861	10192	8
572	3825	10172	8
3668	3764	10171	8
6351	8191	10850	8
4270	5164	10069	8
4243	8455	10620	8
8117	11050	11073	8
4412	5415	10359	8
5966	10389	10581	8
5036	7825	10448	8
8155	11525	11527	8
8068	8073	10467	8
4128	5920	10622	8
7693	10594	10612	8
3871	7792	10754	8
9577	10171	10513	8
5871	9800	10389	8
5871	10327	10389	8
6614	10345	10535	8
6035	10915	11026	8
5859	9995	10509	8
1835	1836	10594	8
3114	9577	10513	8
531	8054	11523	8
417	8054	11524	8
8155	8156	11525	8
6708	10448	10622	8
8072	8075	11530	8
6098	7691	11314	8
5920	10171	10513	8
5040	5041	10638	8
8070	8155	11527	8
3843	5037	10345	8
8966	10389	10581	8
3137	3141	10779	8
8094	8095	10526	8
8455	10638	10689	8
531	7937	11522	8
1839	8454	10798	8
1840	10581	10594	8
4182	9995	10509	8
1840	8966	10581	8
5920	10448	10622	8
457	7937	11521	8
1839	10798	10839	8
4145	11528	11529	8
8073	11526	11528	8
3408	3412	10785	8
1832	1833	10826	8
5940	7693	10612	8
8455	10620	10638	8
8073	10467	11526	8
1836	1840	10594	8
1811	1812	10845	8
3871	3873	10754	8
5441	5860	10821	8
5940	10612	10620	8
1835	8882	10612	8
4440	9785	10776	8
4128	5146	10622	8
6753	10845	10951	8
3143	3146	10894	8
4243	8882	10620	8
8625	10890	10915	8
8054	11523	11524	8
1839	9097	10839	8
6706	7923	10996	8
8882	10612	10620	8
5037	6709	10535	8
5040	5940	10638	8
7604	7606	11050	8
6073	10310	10689	8
6351	6352	10850	8
9097	10839	10876	8
3145	9290	10779	8
5304	8382	10886	8
6057	6753	10890	8
531	11522	11523	8
9594	11123	11274	8
7937	11521	11522	8
7601	7608	11165	8
6044	6753	10924	8
6035	9607	10915	8
1802	1804	10962	8
6357	6678	10865	8
6678	8711	10914	8
6674	7221	10729	8
5940	10620	10638	8
5037	10345	10535	8
3780	9097	10876	8
5041	10310	10689	8
1815	1818	10951	8
3780	10876	10924	8
3158	11444	11452	8
7603	11165	11274	8
3412	4493	10785	8
3873	4440	10754	8
3141	3145	10779	8
5345	6706	10996	8
8454	8455	10798	8
8625	10915	11026	8
5860	9785	10776	8
1807	10962	11026	8
1799	1970	11123	8
6753	10924	10951	8
1797	1970	11073	8
6355	10850	10865	8
3420	4027	11145	8
5441	6351	10821	8
5164	10069	10976	8
6073	10798	10839	8
1832	4195	10826	8
6073	10689	10798	8
6293	7097	11195	8
1812	1815	10845	8
8455	10689	10798	8
6352	6355	10850	8
6071	6073	10839	8
7608	11190	11194	8
1801	9594	11123	8
6071	10839	10876	8
6355	6357	10865	8
6133	11190	11194	8
1811	10845	10890	8
6069	6071	10876	8
8051	8052	11099	8
3146	10894	10914	8
6753	10845	10890	8
7075	8382	10886	8
6069	10876	10924	8
6706	10962	11026	8
3143	3153	10894	8
5078	5079	11190	8
6057	9607	10915	8
3112	11211	11376	8
6678	10894	10914	8
8052	10237	11099	8
6044	6069	10924	8
4244	7845	11194	8
5080	6133	11221	8
4679	9173	11219	8
1807	8625	11026	8
7606	8117	11050	8
4236	4237	11231	8
1818	3780	10951	8
5720	10955	10971	8
4386	5720	10955	8
6310	10257	11232	8
6598	10069	10976	8
1804	1807	10962	8
7607	11123	11274	8
3780	10924	10951	8
5720	6066	10971	8
6057	10890	10915	8
6616	11515	11520	8
6358	11461	11463	8
5345	6108	10996	8
6354	6356	11467	8
4679	11231	11314	8
6358	6360	11461	8
6356	6358	11463	8
6821	11457	11458	8
5164	10976	10977	8
6354	11467	11472	8
5079	11165	11274	8
6353	6354	11472	8
6035	6706	11026	8
6066	7067	11011	8
6066	10971	11011	8
6353	11472	11475	8
1793	1795	11037	8
6353	9496	11475	8
7144	11231	11314	8
1795	11037	11073	8
1795	1797	11073	8
3961	4985	11346	8
1799	1801	11123	8
4027	10237	11099	8
7608	11165	11190	8
6356	11463	11467	8
5079	11165	11190	8
7603	7607	11274	8
7601	7603	11165	8
4244	7608	11194	8
7691	11219	11314	8
6293	7094	11195	8
5078	6133	11190	8
7610	7691	11376	8
7097	7098	11211	8
7098	9173	11219	8
5080	6310	11221	8
9290	10779	11408	8
4237	4679	11231	8
6098	7144	11314	8
6697	10257	11232	8
3158	9050	11444	8
3158	3159	11452	8
7005	10779	11408	8
5079	9594	11274	8
4679	11219	11314	8
3961	5326	11346	8
7098	11219	11376	8
7691	11219	11376	8
6389	11488	11489	8
3868	3870	11458	8
3159	3161	11450	8
504	7259	11497	8
6659	11488	11489	8
4180	7755	11487	8
4985	9290	11408	8
6389	7247	11488	8
7098	11211	11376	8
3866	3868	11485	8
5170	6821	11486	8
6598	10976	11461	8
6360	10976	11461	8
6214	11486	11487	8
6659	9919	11489	8
6214	6659	11488	8
3164	8088	11449	8
3159	11450	11452	8
8088	11449	11451	8
503	11503	11504	8
6215	6817	11503	8
6812	11444	11452	8
6812	10977	11444	8
259	260	11504	8
6708	6709	11509	8
5274	9635	11506	8
5145	5274	11506	8
4692	7721	11457	8
7759	7760	11514	8
457	7761	11520	8
6616	10535	11515	8
10245	11509	11514	8
5146	10245	11509	8
5146	10622	11509	8
8069	8072	11529	8
3088	4145	11528	8
3092	4183	11526	8
8156	10509	11525	8
7760	11515	11520	8
4182	10509	11525	8
4183	10467	11526	8
6812	6819	11452	8
3084	10216	11531	8
6195	9373	11451	8
6819	9373	11449	8
3161	3164	11450	8
9373	11449	11451	8
8354	10216	11531	8
8073	11528	11529	8
3870	4692	11458	8
6821	11485	11486	8
881	11461	11463	8
881	6598	11461	8
881	9478	11463	8
4180	7247	11487	8
3853	11467	11472	8
3853	9478	11467	8
9478	11463	11467	8
3866	7755	11485	8
5170	6214	11486	8
4692	11457	11458	8
6235	6389	11490	8
6389	11489	11490	8
6223	11495	11497	8
6233	6235	11491	8
2178	9919	11489	8
6819	11450	11452	8
6235	11490	11491	8
2178	10172	11490	8
2178	11489	11490	8
6223	6233	11495	8
10172	11490	11491	8
3825	10172	11491	8
6819	11449	11450	8
3164	11449	11450	8
7425	11495	11497	8
7259	11497	11499	8
6214	11487	11488	8
3825	7425	11495	8
504	7425	11497	8
6233	11491	11495	8
3825	11491	11495	8
6221	6223	11499	8
6221	11499	11500	8
6219	6221	11500	8
6219	11500	11501	8
6217	6219	11501	8
6217	11501	11503	8
6215	6217	11503	8
259	503	11504	8
7755	11485	11486	8
5145	5146	11506	8
7760	11514	11515	8
6708	10622	11509	8
457	11520	11521	8
7247	11487	11488	8
7759	10245	11514	8
6709	10535	11515	8
7760	7761	11520	8
6615	6616	11521	8
6615	10191	11522	8
6615	11521	11522	8
10191	11522	11523	8
6236	10191	11523	8
6236	6242	11524	8
6236	11523	11524	8
9081	11525	11527	8
4182	9081	11525	8
8072	11529	11530	8
3090	3092	11526	8
4183	9081	11527	8
3090	11526	11528	8
3088	3090	11528	8
8069	8073	11529	8
4145	10216	11530	8
6223	11497	11499	8
6709	11514	11515	8
6616	11520	11521	8
4145	11529	11530	8
9496	11053	11475	8
1843	1846	7040	8
4783	7062	10146	8
6194	6195	11436	8
5696	7062	9717	8
4824	9346	10955	8
6673	7220	11145	8
252	401	7421	8
5166	5351	7727	8
4006	8114	8119	8
3083	4006	8119	8
5165	5166	7727	8
4272	5165	7724	8
5169	7720	7722	8
401	571	7421	8
8351	8352	8353	8
8350	8351	8352	8
4272	5169	7724	8
7720	7721	7722	8
3394	4783	9678	8
3165	3168	8088	8
571	572	573	8
8111	8115	8116	8
1792	1794	2158	8
624	627	9009	8
5794	5795	5871	8
277	278	8350	8
572	573	574	8
1843	1844	1845	8
6673	6674	7220	8
5609	6508	7942	8
5609	6284	6285	8
934	3725	9169	8
1792	1793	1794	8
3165	3166	3167	8
1140	4386	5719	8
3740	5542	5794	8
615	616	617	8
618	620	621	8
8111	8114	8115	8
3420	3979	3980	8
616	617	618	8
620	621	622	8
919	5695	7953	8
3392	3393	3740	8
3979	6423	9345	8
3166	7942	9617	8
3082	3083	3084	8
4693	6659	9710	8
6423	9345	9346	8
4202	5695	5696	8
622	624	625	8
6284	7040	9583	8
1140	5719	9169	8
915	920	7953	8
3389	3393	3394	8
920	934	3725	8
1066	5170	6197	8
2158	10706	10729	8
1066	4693	5170	8
574	576	2178	8
1844	10258	10327	8
613	615	9478	8
576	2178	9919	8
6659	9710	9919	8
613	3853	9478	8
5871	6617	10327	8
1971	8116	11037	8
6674	10706	10729	8
4386	4824	10955	8
5351	9496	11053	8
1793	1971	11037	8
3420	3980	11145	8
6195	11438	11451	8
6194	9009	11448	8
8088	8089	11451	8
6197	11447	11457	8
8354	11531	11532	8
8573	11472	11475	8
3853	8573	11472	8
7721	11447	11457	8
3082	3084	11531	8
8353	8354	11532	8
1846	7040	9583	8
8089	11438	11451	8
1191	11053	11475	8
6673	7952	11145	8
7062	9717	10146	8
4202	5696	9717	8
6195	11436	11438	8
4824	9346	10920	8
571	573	11021	8
6423	9346	10920	8
251	252	7421	8
3980	7952	11145	8
8111	8116	11001	8
8182	8351	8353	8
1971	8116	11001	8
5351	7727	7728	8
5165	7724	7726	8
5165	7726	7727	8
3081	3083	8119	8
5169	7722	7723	8
934	947	9169	8
1792	2158	7916	8
571	7421	11021	8
6508	7942	9617	8
3168	8088	8089	8
947	1140	9169	8
2158	7916	10706	8
8349	8350	8351	8
5169	7723	7724	8
3979	6319	6423	8
278	8349	8350	8
3392	3740	5542	8
5609	6285	6508	8
3165	3167	3168	8
1843	1845	1846	8
3979	3980	6319	8
620	622	9224	8
573	574	575	8
622	625	9224	8
613	614	615	8
3081	3082	3083	8
5795	5871	6617	8
5542	5794	5795	8
624	626	627	8
574	575	576	8
3389	3394	9678	8
614	615	616	8
611	613	3853	8
919	4202	5695	8
618	619	620	8
1791	1792	1793	8
624	625	626	8
1066	6197	9466	8
616	618	619	8
915	919	7953	8
915	916	920	8
6284	6285	9583	8
3389	3392	3393	8
6671	6673	6674	8
1140	3739	4386	8
3739	4386	4824	8
920	923	934	8
8110	8111	8114	8
611	3853	8573	8
8110	8114	8119	8
1791	1793	1971	8
583	4693	9710	8
583	1066	4693	8
576	578	9919	8
3166	3167	9617	8
4783	9678	10146	8
1844	1845	10258	8
578	9710	9919	8
6617	10258	10327	8
4141	11531	11532	8
6671	6674	10706	8
5351	7728	11053	8
6197	9466	11447	8
6194	11436	11448	8
8182	8353	11532	8
7721	7722	11483	8
627	9009	11448	8
3082	4141	11531	8
7721	11447	11483	8
1191	8573	11475	8
6885	6942	11669	9
6942	11668	11669	9
412	8084	11682	9
8084	11681	11682	9
10299	11663	11753	9
512	11684	11757	9
5244	11681	11760	9
5250	11676	11730	9
5246	11664	11759	9
10036	11675	11786	9
77	11668	11777	9
5251	11662	11772	9
428	11675	11786	9
6942	11668	11777	9
7338	11662	11772	9
511	11663	11753	9
6907	11684	11757	9
8084	11681	11760	9
8404	11676	11730	9
8083	11664	11759	9
6740	7231	11273	9
6084	7251	11032	9
2190	2325	7119	9
2336	7117	7118	9
4169	7231	11273	9
1967	2093	8731	9
4206	7272	8301	9
2325	7119	7120	9
4206	7272	8300	9
4992	8302	9431	9
7269	7272	8300	9
3302	7269	8300	9
2190	2336	7119	9
3302	7269	7270	9
5499	8731	10624	9
2336	7118	7119	9
2287	7251	11032	9
2336	7117	8731	9
4992	8302	9153	9
2101	10864	11393	9
6163	7140	10741	9
3302	7270	7741	9
6163	7140	10742	9
5572	10601	11117	9
4906	7273	7741	9
4874	6084	8301	9
2249	10820	11149	9
6395	7992	10601	9
6447	10732	11185	9
5492	10741	11130	9
4810	5358	9431	9
7742	9634	10943	9
2133	7325	7872	9
4206	4874	8301	9
1967	5499	8731	9
5499	7992	10624	9
5996	7325	7872	9
2093	2336	8731	9
4648	6739	11265	9
2815	2817	7741	9
7859	7862	10385	9
6395	7992	10624	9
8756	10820	10825	9
5779	7862	10385	9
6739	8654	11265	9
7273	7742	10943	9
2243	10799	10827	9
4906	7273	7742	9
6739	6740	11273	9
6084	8302	11032	9
7270	7273	7741	9
3760	7570	10937	9
8301	8302	9431	9
6084	8301	8302	9
3703	8101	8102	9
1248	3652	7929	9
3652	7327	7929	9
7570	7571	10946	9
4810	4992	9431	9
7231	7232	11288	9
55	403	7324	9
3760	10928	10937	9
5358	7272	9431	9
6083	7570	10937	9
7232	11288	11301	9
2817	3302	7741	9
2815	4906	7741	9
58	452	7337	9
1104	1106	8103	9
1272	1360	10557	9
452	7337	7338	9
6012	7861	10277	9
3703	8102	8103	9
1248	1272	7929	9
2133	7325	10632	9
59	452	7403	9
7638	9355	10420	9
3652	7327	9675	9
56	512	7324	9
7859	7861	10385	9
5493	6163	10741	9
4319	7595	7637	9
1104	3703	8103	9
3459	7992	10601	9
5466	5792	10592	9
7140	10741	11130	9
5346	7571	8542	9
6581	7595	7637	9
7272	8301	9431	9
5792	6883	10248	9
54	55	403	9
7569	7571	8542	9
4447	10277	10597	9
3652	9675	10143	9
57	512	7337	9
55	56	7324	9
5779	7862	10384	9
7117	8731	10624	9
7118	7119	10628	9
56	57	512	9
1679	2133	10632	9
8103	9675	10143	9
6447	6505	7573	9
1474	2825	10379	9
4356	7569	8542	9
6883	10248	10299	9
1272	7929	10557	9
6012	7861	10385	9
7861	8642	10277	9
6505	7573	8043	9
58	59	452	9
60	511	7403	9
5464	6083	7568	9
4999	9355	10420	9
5546	7639	8435	9
5686	10586	10750	9
6565	7140	10742	9
2886	7864	9190	9
4315	4319	10396	9
1106	8103	10143	9
6395	10601	11117	9
6479	7857	9450	9
57	58	7337	9
5464	7568	8096	9
4356	7568	7569	9
6083	7568	7569	9
4319	7595	10396	9
8467	9383	9829	9
5491	8043	8276	9
4116	5464	8096	9
60	61	511	9
5491	7573	8043	9
4569	9383	9384	9
2287	7251	10928	9
2197	7857	9450	9
7863	7864	9190	9
3760	7570	10946	9
59	60	7403	9
9167	9553	10422	9
6489	9769	9801	9
1275	2803	9475	9
3437	4116	8096	9
7251	10928	10937	9
6489	9708	9801	9
1950	2015	7744	9
1677	9769	9801	9
4569	9384	9458	9
4314	4316	8734	9
7742	10799	10827	9
8081	8082	8084	9
6570	7327	9675	9
4316	4722	8734	9
2015	7744	8368	9
3306	3934	7863	9
4320	7639	8435	9
4569	9383	9829	9
64	412	8081	9
6489	7744	9708	9
5530	8043	8276	9
412	8081	8084	9
2133	7871	7872	9
1252	3459	7991	9
5000	9706	10077	9
8402	8403	8404	9
5530	8043	10043	9
8756	10820	11149	9
6479	7799	9450	9
1731	2133	7871	9
6479	7799	8266	9
2015	2108	8368	9
8162	8467	9383	9
2727	7858	7859	9
74	540	8402	9
8700	8769	8947	9
3436	4206	8300	9
3934	4324	7863	9
3459	7991	7992	9
5482	6479	7857	9
6083	7569	7570	9
1368	4447	8405	9
2836	4942	8266	9
2819	3436	8300	9
2189	2269	9327	9
5483	5530	8276	9
2098	2727	7858	9
3690	9625	9662	9
4167	6155	8696	9
2108	2355	8368	9
2280	2282	8341	9
5243	6911	8658	9
5466	7863	7864	9
540	8402	8404	9
1468	4447	8335	9
68	459	8224	9
4324	5245	5466	9
1250	3459	8148	9
1115	1250	8148	9
1946	8335	8642	9
5483	5485	8276	9
1152	3344	8416	9
8102	8103	9675	9
5017	8162	8163	9
5188	5546	8435	9
4898	8821	9142	9
4324	5466	7863	9
7569	7570	7571	9
1129	1152	8416	9
6012	10277	10597	9
4942	6479	8266	9
2368	8964	9520	9
2371	2631	2813	9
4116	4874	5464	9
2817	2818	2819	9
6027	8821	9142	9
4318	5188	8435	9
3439	3942	4003	9
64	65	8081	9
3306	7863	9190	9
3935	4583	8930	9
3437	3439	8096	9
4320	7637	7638	9
3942	4003	4004	9
2631	2814	9190	9
2818	2819	2820	9
2819	2820	3436	9
1731	1949	7871	9
4003	4004	4356	9
1110	8769	8947	9
1057	5572	8915	9
2813	2814	2815	9
5245	5466	5792	9
72	420	8475	9
2815	2816	2817	9
2819	3302	8300	9
1168	1189	8495	9
6570	8102	9675	9
74	75	8402	9
3436	3437	4116	9
4874	5464	6082	9
7859	7860	7862	9
3778	5017	8162	9
7858	7859	7860	9
2369	6803	8572	9
3307	3935	8930	9
2820	3436	3437	9
1256	1257	7799	9
2816	2817	2818	9
2197	7857	10043	9
5464	6082	6083	9
2840	3690	9625	9
1257	7799	8266	9
5035	5985	8243	9
2269	5060	9327	9
4004	4356	4357	9
4116	4206	4874	9
2631	2813	2814	9
2814	2815	2816	9
2813	2815	4906	9
1679	1731	2133	9
6082	6084	7251	9
8776	9864	9929	9
535	8083	8900	9
1342	1368	8405	9
3776	8162	8467	9
66	535	8900	9
1252	1254	7991	9
65	535	8081	9
1468	1741	8335	9
4359	4360	4361	9
535	8081	8082	9
2825	7477	10464	9
3439	3941	3942	9
3437	3438	3439	9
4357	4359	4360	9
5253	6636	9599	9
2817	2819	3302	9
1669	5686	9451	9
7328	10464	10527	9
4509	5512	5684	9
1072	1115	8148	9
5512	5684	6489	9
2098	2232	7858	9
2355	4056	8368	9
69	539	8224	9
63	64	412	9
1741	1946	8335	9
4583	4585	5887	9
1669	1671	9451	9
5243	6842	6911	9
2085	4522	8338	9
4168	5135	8652	9
5776	5779	9556	9
5488	5489	5490	9
1606	3689	9041	9
65	66	535	9
1132	8776	9864	9
4359	5243	8658	9
3778	4087	5017	9
1946	1980	8642	9
4056	4057	4509	9
6567	9706	10077	9
2323	2836	8266	9
4874	6082	6084	9
5499	7991	7992	9
2836	2838	4942	9
1980	2098	2727	9
5035	5578	8243	9
4317	4319	4320	9
4943	5484	8497	9
3641	8697	8698	9
5485	5487	5488	9
4320	7638	7639	9
8930	8931	9893	9
4167	6154	6155	9
4943	5482	5483	9
67	68	459	9
1731	1948	1949	9
1254	1256	1885	9
4356	4357	8542	9
1885	1966	1967	9
1103	3641	8697	9
1670	4167	8696	9
4087	5017	5018	9
1256	1885	1966	9
1250	1252	3459	9
2814	2886	9190	9
2368	10187	10303	9
535	8082	8083	9
1251	3701	8776	9
3776	3778	8162	9
75	481	8402	9
4722	6885	8734	9
4315	4317	4319	9
4357	4358	4359	9
4311	4313	5611	9
5482	5483	5530	9
2727	7859	7861	9
2355	3837	4056	9
1674	1676	3665	9
4057	4509	4648	9
78	79	428	9
1967	2092	2093	9
4942	4943	5482	9
2400	2732	9152	9
4056	4509	5512	9
3436	4116	4206	9
2280	8338	8341	9
4358	4359	5243	9
5487	5488	5489	9
5485	5488	8276	9
68	69	8224	9
69	70	539	9
1152	1167	1168	9
5490	5491	5492	9
8497	9625	9662	9
1098	1101	9002	9
1107	1110	8947	9
5358	7269	7272	9
3607	3937	8843	9
4583	5887	8930	9
2190	2269	2325	9
7637	7638	10420	9
5143	6739	6740	9
71	420	8556	9
2092	2093	2189	9
1945	1997	9697	9
73	74	540	9
1113	1129	2249	9
5482	5530	7857	9
4319	4320	7637	9
5512	6489	7744	9
2098	2099	2232	9
5489	5490	5493	9
481	8402	8403	9
1129	2249	8416	9
3837	4056	4057	9
1113	1128	1129	9
1129	1151	1152	9
1101	3641	9002	9
4648	5143	6739	9
6742	7231	7232	9
5792	10248	10592	9
4003	4356	7568	9
5493	6138	6163	9
1110	1112	1113	9
5059	5879	7167	9
5792	6841	6883	9
5485	5486	5487	9
5887	8930	8931	9
2189	2190	2269	9
1168	1188	1189	9
75	76	481	9
3177	3178	9571	9
1189	1219	1220	9
2269	2325	5059	9
71	72	420	9
2838	4942	4943	9
73	540	8475	9
1254	1255	1256	9
5018	5035	5578	9
2282	2283	2284	9
6155	6156	11196	9
4086	4898	9142	9
5488	5490	5491	9
1966	1967	2092	9
2093	2189	2190	9
1946	1947	1980	9
3937	4311	8843	9
5059	5060	5879	9
5483	5484	5485	9
1885	1967	5499	9
5493	5494	6138	9
1152	1168	3344	9
4168	4677	8652	9
6154	6155	6156	9
6740	6742	7231	9
1168	3344	8495	9
1465	1474	2825	9
67	459	8900	9
1109	1112	9309	9
2189	2197	9327	9
8843	8964	9520	9
2371	2630	2631	9
1250	1251	1252	9
5996	7872	10692	9
2197	9327	10043	9
2836	2837	2838	9
72	73	8475	9
3837	4268	9035	9
8698	8699	8701	9
2201	2356	2695	9
4313	4314	4315	9
1252	1253	1254	9
5253	5882	6636	9
1465	1473	1474	9
1679	1730	1731	9
5491	5492	7573	9
1741	1945	1946	9
4004	4358	8384	9
2085	2221	8338	9
2280	2281	2282	9
1980	1981	2098	9
3177	3936	9571	9
5035	5984	5985	9
3941	3942	4321	9
3641	8698	8699	9
4992	9152	9153	9
5774	9107	9556	9
2221	2280	8338	9
4311	5611	8843	9
5060	5879	6447	9
1966	2092	9450	9
8697	8698	8700	9
4268	5612	9035	9
4315	4316	4317	9
1368	1468	4447	9
2840	3061	3690	9
3665	10632	10699	9
4317	4320	8435	9
1463	1464	1465	9
1672	1673	9546	9
2356	2369	8572	9
4004	4357	4358	9
8335	8642	10277	9
1255	1256	1257	9
2323	2442	2836	9
1902	2085	4522	9
2283	2284	2285	9
5484	8497	9242	9
5530	7857	10043	9
2093	2190	2336	9
3438	3439	3941	9
3778	4086	4087	9
2369	2635	6803	9
1605	4531	9402	9
1342	2803	8405	9
1672	6153	9546	9
5494	6138	6139	9
1251	1252	1253	9
2243	2370	2371	9
1275	1342	2803	9
1360	1422	1463	9
1360	1463	10557	9
2820	3437	3438	9
4086	4087	9142	9
3775	4810	4992	9
5749	6569	6570	9
1167	1168	1188	9
1169	9553	10422	9
1188	1189	1219	9
1057	1072	5572	9
1256	1966	7799	9
4317	4318	8435	9
4942	5482	6479	9
2838	4943	8497	9
1112	5931	9309	9
1115	1132	1250	9
2367	2368	9520	9
1107	1109	1110	9
5249	6944	9615	9
5486	5487	5495	9
4087	5018	5026	9
5060	6447	6505	9
1474	1866	1867	9
1253	1254	1255	9
4585	4586	5158	9
3937	4310	4311	9
1103	1105	8697	9
5018	5026	5035	9
6565	9549	9825	9
3831	4168	5135	9
70	539	8556	9
6333	7118	8705	9
4311	4312	4313	9
3776	3777	3778	9
5026	5035	5984	9
2733	3776	8467	9
2092	2189	2197	9
3701	9643	9948	9
2221	2279	2280	9
2733	3774	3776	9
1182	1248	3652	9
4318	5187	5188	9
1109	1110	1112	9
1128	1129	1151	9
1151	1152	1167	9
7638	7639	7640	9
1473	1474	1866	9
1113	2249	8769	9
1981	2098	2099	9
1219	1220	1902	9
4898	6712	8821	9
5484	5485	5486	9
4943	5483	5484	9
1257	2323	8266	9
1945	1947	9697	9
4324	5244	5245	9
5142	5143	8025	9
4549	6046	6565	9
2281	2282	2283	9
5776	5778	5779	9
1132	1250	1251	9
1101	1103	3641	9
1664	3689	9436	9
1670	1672	4167	9
2356	2695	8572	9
1422	3656	9731	9
5612	8566	9035	9
1422	1463	1464	9
1464	1465	1473	9
1666	1668	2097	9
1740	1944	9512	9
1254	1885	7991	9
6333	7117	7118	9
2269	5059	5060	9
2732	3775	9152	9
5142	8025	8566	9
2355	3835	3837	9
2367	2634	9520	9
1112	1113	1128	9
1980	2727	8642	9
1102	1104	3703	9
1885	5499	7991	9
1668	1670	8696	9
4358	5668	8384	9
4167	6153	6154	9
1110	1113	8769	9
5489	5493	5494	9
5159	5248	6178	9
1102	3703	9114	9
4677	8652	8653	9
4550	4998	5000	9
5484	5486	9242	9
8163	9383	9384	9
1947	1980	1981	9
4316	4317	4318	9
2442	2836	2837	9
3775	4992	9152	9
2279	2280	2281	9
8699	9002	9003	9
3837	4057	9035	9
2401	2733	8467	9
4057	4648	5142	9
1272	1359	1360	9
2814	2816	2886	9
6569	7327	7328	9
2963	3759	9479	9
4268	5144	5612	9
1603	1605	4531	9
1674	1675	1676	9
4359	4361	8658	9
4648	5142	5143	9
1671	1674	9451	9
4583	4584	4585	9
3942	4004	8384	9
1676	1678	1679	9
1360	1421	1422	9
5017	8163	9167	9
1473	1866	2022	9
5018	5578	9167	9
1103	1104	1105	9
1950	7744	9708	9
1603	4531	9500	9
4314	4315	4316	9
4722	6832	6885	9
1182	1183	1248	9
6505	8043	10043	9
2085	2220	2221	9
2108	2244	2355	9
3641	8699	9002	9
1111	1183	3686	9
6741	6742	6800	9
5143	6740	6741	9
1248	1249	1272	9
1072	5572	8148	9
5488	5491	8276	9
8162	8163	9383	9
5486	5496	9242	9
6569	6570	7327	9
4312	4313	4314	9
1664	1666	9436	9
1105	1106	1107	9
6740	6741	6742	9
1606	1664	3689	9
1671	1673	1674	9
2092	2197	9450	9
4310	4311	4312	9
7638	7640	9355	9
1422	1464	3656	9
1100	1101	1102	9
4056	5512	8368	9
1108	1111	1182	9
1102	1103	1104	9
3773	3774	9621	9
3934	4323	4324	9
5774	5776	9556	9
4321	5251	9904	9
3759	4485	9479	9
3586	9107	9556	9
1104	1105	1106	9
2099	2100	2101	9
5249	6943	6944	9
1604	1606	9041	9
2631	3306	9190	9
6570	8100	8102	9
1667	1669	5686	9
5187	5188	5189	9
1106	1107	1108	9
2840	2963	3061	9
1730	1731	1948	9
2107	2242	2243	9
5512	7744	8368	9
3935	4325	4583	9
1741	1944	1945	9
4360	5346	8542	9
1668	2097	8696	9
5495	5496	6795	9
3439	4003	8096	9
5611	8843	8964	9
66	67	8900	9
1359	1360	1421	9
2221	2278	2279	9
3774	3776	3777	9
4357	4360	8542	9
1111	1182	1183	9
1183	1248	1249	9
1183	3686	9334	9
5616	6046	6119	9
9152	9153	9499	9
6333	6334	7117	9
1115	1130	1132	9
3061	3690	9578	9
4535	9033	9034	9
1667	5686	9375	9
1108	1109	1111	9
3777	3778	4086	9
1605	1607	9402	9
1105	1107	8947	9
1072	1114	1115	9
1107	1108	1109	9
1607	1665	2341	9
1944	3813	9512	9
1253	1255	9643	9
1902	2084	2085	9
3773	4081	9621	9
70	71	8556	9
1672	4167	6153	9
1945	1946	1947	9
6119	10732	11185	9
1101	1102	1103	9
5776	5777	5778	9
7327	7328	7929	9
4677	8653	8654	9
4811	5359	9783	9
1249	1272	1359	9
1183	1249	9334	9
5026	5984	6027	9
8697	8700	8947	9
1342	1367	1368	9
3831	3832	4168	9
1468	1740	1741	9
3835	3837	4268	9
4318	4722	5187	9
4722	5187	6832	9
1740	1742	9512	9
4087	5026	9142	9
1257	2322	2323	9
1467	1740	1742	9
6334	6335	6395	9
1674	3665	9451	9
1359	1421	1603	9
2101	2112	2201	9
5000	6581	6582	9
2837	2839	2840	9
2323	2441	2442	9
6046	6565	7140	9
4586	5158	5159	9
1099	9002	9003	9
1251	1253	3701	9
4325	4583	4584	9
4081	4811	5051	9
4003	7568	8096	9
6581	6582	7595	9
1673	1674	1675	9
2201	2245	2356	9
1132	1251	8776	9
1255	1257	2322	9
5143	6741	8025	9
3936	4308	4309	9
1665	2341	9375	9
4584	4585	4586	9
5486	5495	5496	9
2356	2367	2369	9
1112	1128	5931	9
3607	8843	9520	9
1981	2099	2100	9
9706	10187	10303	9
1966	7799	9450	9
2244	2355	3835	9
5775	5777	5857	9
1944	1997	3813	9
5076	6334	6335	9
2442	2837	2839	9
4309	5249	6179	9
2400	9152	9499	9
4057	5142	9035	9
3759	3832	4485	9
5245	5792	6841	9
2283	2285	2287	9
4310	4312	5250	9
1368	1467	1468	9
5249	6179	6943	9
2839	2840	2963	9
1421	1603	1604	9
2634	3177	3607	9
2727	7861	8642	9
2369	2634	2635	9
1997	3814	4550	9
4168	4169	4677	9
2242	2243	2370	9
3061	3759	3831	9
4898	5995	6712	9
5144	6639	6804	9
3832	4168	4169	9
5247	6838	6912	9
1666	2097	9436	9
5017	5018	9167	9
3607	3936	3937	9
1603	1604	1605	9
1219	1902	2084	9
2839	3586	9107	9
5778	5935	6012	9
1114	1115	1130	9
5494	6139	6172	9
2732	3773	3775	9
1607	2341	9402	9
1109	1111	9309	9
2635	3177	3178	9
5074	5076	6333	9
2839	2963	3586	9
1997	3813	3814	9
5060	6505	9327	9
2100	2112	6567	9
2084	2085	2220	9
2100	2101	2112	9
2322	2441	5773	9
1604	1605	1606	9
4550	5000	10077	9
1467	1468	1740	9
5243	5668	6842	9
5774	5775	5776	9
3942	4321	8384	9
2245	2367	2368	9
1740	1741	1944	9
1605	1606	1607	9
3936	4309	9571	9
2322	2323	2441	9
1997	4550	9697	9
3775	4081	4810	9
2630	2631	3306	9
2963	3061	3759	9
2733	3773	3774	9
1673	1675	1677	9
1678	1679	1730	9
1673	1677	9546	9
4316	4318	4722	9
2220	2221	2278	9
1670	1671	1672	9
5489	5494	9590	9
5142	8566	9035	9
2112	2201	2245	9
4358	5243	5668	9
3777	4086	4897	9
1151	1167	1169	9
4323	4325	9712	9
5076	6333	6334	9
1665	1667	9375	9
1668	1669	1670	9
4811	5358	5359	9
3814	4550	4998	9
4584	4586	9799	9
2245	2356	2367	9
3937	4308	4310	9
2401	2732	2733	9
5773	5774	5775	9
3774	3777	9529	9
4897	5995	5996	9
1675	1676	1678	9
3759	3831	3832	9
4268	4269	5144	9
2367	2369	2634	9
3936	3937	4308	9
1606	1607	1664	9
2441	5773	5774	9
4586	5159	5247	9
2278	2279	2400	9
4086	4897	4898	9
1666	1667	1668	9
2278	2400	2401	9
5026	6027	9142	9
2634	3607	9520	9
5248	6838	6908	9
5494	6172	9590	9
4081	4810	4811	9
4308	4310	9615	9
2370	2371	2630	9
1664	1665	1666	9
2108	2242	2244	9
1188	1219	9458	9
3831	5135	9578	9
1473	2022	9010	9
1367	1368	1467	9
4308	4309	5249	9
2963	3586	9479	9
3835	4268	4269	9
1866	2004	9825	9
1607	1664	1665	9
1464	3656	9010	9
1944	1945	1997	9
4321	4322	5251	9
3814	4998	4999	9
4897	4898	5995	9
6172	9590	9906	9
2634	2635	3177	9
1464	1473	9010	9
5247	5248	6838	9
4998	5000	6581	9
2441	5774	9107	9
4810	4811	5358	9
8497	9242	9662	9
5779	9556	10384	9
5358	5359	7269	9
5487	5495	9590	9
2400	2401	2732	9
5777	5778	5935	9
2015	2107	2108	9
4269	5144	6639	9
4308	5249	9615	9
1253	3701	9643	9
3177	3607	3936	9
5995	5996	7325	9
5668	8384	9904	9
1950	2014	2015	9
2401	8467	9829	9
1665	1666	1667	9
1105	8697	8947	9
1669	1670	1671	9
4325	4584	5246	9
4811	5051	9783	9
2107	2108	2242	9
5159	5247	5248	9
2441	2442	9107	9
5487	5489	9590	9
3773	3775	4081	9
5775	5776	5777	9
1667	1668	1669	9
2084	2220	4569	9
3774	9529	9621	9
4584	5246	9799	9
1948	1950	2014	9
2732	2733	3773	9
6832	6885	6942	9
1255	2322	9643	9
2014	2015	2107	9
4323	4324	5244	9
1730	1948	1950	9
1671	1672	1673	9
3061	3831	9578	9
2442	2839	9107	9
4081	5051	9621	9
1219	2084	9458	9
3934	3935	4323	9
1866	2022	9825	9
1421	1422	9731	9
6636	9599	9943	9
2220	4569	9829	9
1678	9708	9801	9
2220	2278	9829	9
3935	4323	4325	9
5578	9167	9553	9
5773	9643	9948	9
5253	5254	5882	9
5359	7270	7271	9
2818	2820	9943	9
1947	9531	9697	9
5668	6842	6907	9
4325	5246	9712	9
2279	2400	9499	9
5247	6912	9799	9
1359	1603	9500	9
3307	3934	3935	9
4323	5244	9712	9
7270	7271	7273	9
1249	9334	9500	9
3777	4897	9529	9
5684	6489	9769	9
5359	7271	9783	9
1130	1132	9864	9
3306	3307	3934	9
1948	1949	9634	9
5359	7269	7270	9
2242	2244	9894	9
4535	9864	9929	9
4535	9034	9929	9
2279	2281	9499	9
1249	1359	9500	9
1111	3686	9309	9
5495	9590	9906	9
3941	4321	4322	9
3438	3941	9599	9
4310	5250	9615	9
1169	10367	10422	9
2084	4569	9458	9
2630	3306	3307	9
5931	10438	10529	9
5159	6178	9792	9
9034	10193	10343	9
2322	5773	9643	9
4322	5252	5253	9
5000	6582	9706	9
3307	8930	9893	9
1182	3652	10143	9
5252	5254	6840	9
4586	5247	9799	9
6841	6883	6939	9
8931	9893	9894	9
4897	5996	9529	9
2370	2630	9893	9
1678	1730	9708	9
4314	8734	10092	9
2820	3438	9943	9
2278	2401	9829	9
5158	5159	9792	9
1106	1108	10143	9
9833	10193	10343	9
2837	2840	9625	9
1421	1604	9731	9
5611	10396	10469	9
5668	6907	9904	9
4312	4314	10092	9
4321	8384	9904	9
2630	3307	9893	9
6567	9531	10077	9
2100	6567	9531	9
4322	5251	5252	9
1947	1981	9531	9
5252	5253	5254	9
2283	2287	10051	9
3941	4322	9599	9
2838	8497	9625	9
2818	9943	10300	9
5187	5189	10036	9
2245	2368	10187	9
9531	9697	10077	9
1604	9041	9731	9
4322	5253	9599	9
1948	2014	9634	9
1675	1678	9801	9
2281	2283	10051	9
2837	2838	9625	9
4447	8405	10597	9
3701	8776	10164	9
5189	6826	10036	9
3438	9599	9943	9
1675	1677	9801	9
5158	9792	10493	9
4312	5250	10092	9
9153	9499	10051	9
6505	9327	10043	9
1730	1950	9708	9
5495	6795	9906	9
2281	9499	10051	9
4269	10320	10371	9
4585	5158	10436	9
4313	4315	10396	9
3686	10572	10589	9
3701	9948	10164	9
2242	2370	9894	9
2244	9894	10320	9
6567	9706	10187	9
2816	2886	10300	9
6581	7637	10420	9
8163	9167	10422	9
1981	2100	9531	9
5773	5775	9948	9
2803	9475	10193	9
1108	1182	10143	9
5777	5935	9833	9
3813	3814	9903	9
3459	8148	10601	9
2370	9893	9894	9
5492	7573	10732	9
5187	6832	10036	9
3835	4269	10320	9
2112	6567	10187	9
8776	9929	10164	9
4531	9402	10650	9
1463	1465	10527	9
5775	5857	9948	9
2886	10300	10349	9
4550	9697	10077	9
1167	1169	10367	9
6636	9943	10300	9
7595	10396	10469	9
3814	4999	9903	9
5777	5857	9833	9
2825	10464	10527	9
2886	7864	10349	9
5466	7864	10592	9
6569	7328	10464	9
1188	9458	10367	9
8931	9894	10320	9
1130	1153	9864	9
2803	8405	10554	9
9384	9458	10367	9
1153	4535	9864	9
1128	5931	10438	9
4447	8335	10277	9
2816	2818	10300	9
1169	9553	10438	9
8931	10320	10371	9
9384	10367	10422	9
4998	6581	10420	9
2112	2245	10187	9
9033	9034	9475	9
9402	10650	10687	9
9553	10438	10529	9
5857	9948	10164	9
5778	6012	10385	9
7325	10632	10699	9
5158	10436	10493	9
5254	6840	10299	9
1151	1169	10438	9
8405	10554	10597	9
4269	6639	10371	9
5254	5882	10248	9
6582	9706	10303	9
2368	8964	10303	9
6636	10300	10349	9
9929	10164	10343	9
2244	3835	10320	9
5578	8243	10529	9
5611	8964	10469	9
5882	6636	10349	9
9034	9929	10343	9
7860	7862	10726	9
3586	9479	10384	9
5887	8931	10371	9
6712	10586	10750	9
1167	1188	10367	9
8595	11051	11063	9
2341	9402	10687	9
9034	9475	10193	9
3665	9451	10586	9
5778	5779	10385	9
4998	4999	10420	9
3586	9556	10384	9
9375	10727	10750	9
5254	10248	10299	9
3686	9309	10572	9
5857	10164	10343	9
4313	5611	10396	9
6334	6395	10624	9
6639	10371	10436	9
2341	10687	10727	9
1676	1679	10632	9
4906	7742	10799	9
8163	9384	10422	9
6568	6569	10464	9
8243	10572	10589	9
6335	11063	11072	9
4585	5887	10436	9
5857	9833	10343	9
1128	1151	10438	9
6639	6804	10493	9
2341	9375	10727	9
4531	9500	10610	9
7328	7929	10557	9
5887	10371	10436	9
5935	9833	10554	9
6639	10436	10493	9
5490	5493	10741	9
6582	7595	10469	9
5051	10692	10903	9
1463	10527	10557	9
5995	6712	10699	9
1465	2825	10527	9
5051	9621	10692	9
9833	10193	10554	9
5578	9553	10529	9
5686	9375	10750	9
5572	8915	11117	9
5931	9309	10572	9
6582	10303	10469	9
8243	10529	10572	9
5985	8243	10589	9
7742	9634	10827	9
8964	10303	10469	9
2243	2371	10799	9
5686	9451	10586	9
6739	8654	11273	9
5882	10349	10592	9
7864	10349	10592	9
9479	10384	10726	9
9334	10589	10610	9
5996	9529	10692	9
2813	4906	10799	9
5935	10554	10597	9
3686	9334	10589	9
5985	10589	10610	9
2249	8769	10820	9
7862	10384	10726	9
2014	9634	10827	9
8698	8701	10825	9
5935	6012	10597	9
7328	10527	10557	9
5572	8148	10601	9
6565	9825	10742	9
6334	7117	10624	9
9334	9500	10610	9
2803	10193	10554	9
2107	2243	10827	9
2201	2695	10864	9
3665	10586	10699	9
5931	10529	10572	9
5492	10732	11130	9
1676	3665	10632	9
6800	10864	11393	9
6712	10586	10699	9
5984	5985	10650	9
5882	10248	10592	9
9662	11203	11324	9
6082	6083	10937	9
5984	10650	10687	9
4531	10610	10650	9
2325	5059	10691	9
6447	7573	10732	9
5879	11180	11185	9
4169	7231	11288	9
2285	2287	10928	9
5984	6027	10687	9
5879	6447	11185	9
2288	3760	10928	9
9529	9621	10692	9
6027	10687	10727	9
5995	7325	10699	9
7872	10692	10903	9
7871	7872	10903	9
6027	8821	10727	9
1949	7871	10933	9
8821	10727	10750	9
1949	9634	10943	9
4485	9479	10726	9
5490	5492	10741	9
2022	9825	10742	9
7871	10903	10933	9
6138	6139	11257	9
1949	10933	10943	9
5985	10610	10650	9
8302	9153	11032	9
6138	6163	11238	9
6139	11257	11258	9
6712	8821	10750	9
6156	11196	11203	9
6138	11238	11257	9
2097	11177	11290	9
9041	11258	11264	9
2371	2813	10799	9
3344	8416	11141	9
8700	8769	10820	9
8700	10820	10825	9
3813	9903	11119	9
2249	8416	11149	9
5076	6335	11063	9
8416	11141	11149	9
8698	8700	10825	9
5135	9578	11330	9
2014	2107	10827	9
6046	6119	11130	9
5135	8652	11341	9
6800	11390	11393	9
9153	10051	11032	9
5135	11330	11341	9
6155	8696	11177	9
8595	11063	11072	9
8652	11341	11349	9
2651	8915	11072	9
2101	2201	10864	9
8652	8653	11349	9
8653	11349	11353	9
2695	10864	11369	9
5684	11265	11358	9
5051	9783	10903	9
6803	8572	11397	9
2695	8572	11395	9
9783	10903	10933	9
9242	9662	11203	9
6804	11398	11400	9
2285	2288	10928	9
8572	11395	11397	9
6803	11397	11398	9
4999	9355	11144	9
6082	7251	10937	9
7271	9783	10933	9
7271	7273	10943	9
7271	10933	10943	9
6119	10732	11130	9
4509	4648	11265	9
6908	11413	11417	9
9769	11353	11358	9
2695	11369	11395	9
5496	6795	11196	9
9041	9731	11258	9
4677	8654	11273	9
3832	4169	11288	9
3690	9578	11324	9
2287	10051	11032	9
2022	10742	11238	9
8915	11072	11117	9
6163	10742	11238	9
6795	11177	11290	9
6156	11203	11324	9
5075	5076	11063	9
2651	8595	11072	9
7860	11301	11387	9
9792	11401	11406	9
6335	6395	11117	9
3813	9512	11119	9
6046	7140	11130	9
1677	9769	11353	9
3689	9041	11264	9
4999	9903	11144	9
3689	11264	11270	9
3689	9436	11270	9
7860	10726	11301	9
2097	9436	11290	9
6741	6800	11369	9
2097	8696	11177	9
6139	11258	11264	9
6119	9408	11185	9
9436	11270	11290	9
8654	11265	11358	9
2232	7858	11387	9
6155	11177	11196	9
5496	9242	11203	9
6335	11072	11117	9
6742	6800	11390	9
2099	2101	11393	9
9578	11324	11330	9
5144	6804	11398	9
6795	11177	11196	9
7232	11301	11387	9
2635	3178	11400	9
2022	9010	11238	9
9010	11238	11257	9
6800	10864	11369	9
3656	9731	11258	9
3656	9010	11257	9
3656	11257	11258	9
5684	9769	11358	9
9792	10493	11401	9
6139	6172	11264	9
4509	5684	11265	9
6172	11264	11270	9
4309	6179	11409	9
5248	6908	11413	9
6172	9906	11270	9
4169	4677	11273	9
3832	4485	11288	9
4485	11288	11301	9
8653	11353	11358	9
6795	9906	11290	9
9906	11270	11290	9
5496	11196	11203	9
3690	9662	11324	9
6154	6156	11330	9
2232	11390	11393	9
6154	11330	11341	9
6153	6154	11341	9
4485	10726	11301	9
6153	11341	11349	9
6153	9546	11349	9
9546	11349	11353	9
1677	9546	11353	9
2232	11387	11390	9
6803	11398	11400	9
8653	8654	11358	9
3178	11400	11401	9
3178	11401	11406	9
6156	11324	11330	9
6179	11413	11417	9
6178	9792	11406	9
6178	11406	11409	9
6741	8025	11369	9
6179	11409	11413	9
8025	11369	11395	9
7858	7860	11387	9
6742	7232	11390	9
2099	2232	11393	9
8025	8566	11395	9
5612	8566	11397	9
8566	11395	11397	9
5612	11397	11398	9
5144	5612	11398	9
2635	6803	11400	9
6804	10493	11401	9
3178	9571	11406	9
9571	11406	11409	9
4309	9571	11409	9
5248	6178	11413	9
6179	6943	11417	9
7232	11387	11390	9
6804	11400	11401	9
6178	11409	11413	9
6883	10299	11663	9
5251	5252	11662	9
5246	9799	11664	9
76	77	11668	9
5250	9615	11676	9
6832	10036	11675	9
512	7337	11684	9
5244	5245	11681	9
6907	9904	11772	9
63	412	11773	9
78	428	11777	9
540	8404	11778	9
452	7338	11789	9
6885	8734	11787	9
61	511	11792	9
8083	8900	11790	9
7338	11662	11789	9
511	11663	11792	9
8083	11664	11790	9
6885	11669	11787	9
428	11675	11777	9
8404	11676	11778	9
412	11682	11773	9
6907	11684	11772	9
6911	8658	11660	9
5252	6840	11662	9
6883	6939	11663	9
6912	9799	11664	9
481	8403	11669	9
76	481	11668	9
79	428	11670	9
481	11668	11669	9
6832	6942	11675	9
6944	9615	11676	9
7337	7338	11684	9
5245	6841	11681	9
6841	6939	11682	9
6841	11681	11682	9
6939	11773	11792	9
6912	11755	11790	9
6911	11756	11788	9
6840	11753	11789	9
8403	11730	11787	9
6944	11731	11778	9
6842	11756	11757	9
6842	6911	11756	9
6842	6907	11757	9
6840	10299	11753	9
8082	8084	11760	9
459	8224	11755	9
8082	8083	11759	9
539	8224	11754	9
8082	11759	11760	9
8224	11754	11755	9
539	8556	11752	9
420	8556	11732	9
8403	8404	11730	9
420	8475	11731	9
539	11752	11754	9
420	11731	11732	9
8556	11732	11752	9
5250	10092	11730	9
6943	6944	11731	9
403	7324	11756	9
7324	11756	11757	9
6943	11731	11732	9
512	7324	11757	9
511	7403	11753	9
6838	6908	11754	9
6838	6912	11755	9
6838	11754	11755	9
9712	11759	11760	9
5246	9712	11759	9
5244	9712	11760	9
6908	11752	11754	9
6943	11417	11732	9
6908	11417	11752	9
11417	11732	11752	9
459	11755	11790	9
10092	11730	11787	9
403	11756	11788	9
7403	11753	11789	9
8475	11731	11778	9
5251	9904	11772	9
62	63	11773	9
77	78	11777	9
540	8475	11778	9
62	11773	11792	9
6826	10036	11786	9
452	7403	11789	9
8734	10092	11787	9
459	8900	11790	9
61	62	11792	9
6911	11660	11788	9
6840	11662	11789	9
6939	11663	11792	9
6912	11664	11790	9
8403	11669	11787	9
428	11670	11786	9
6942	11675	11777	9
6944	11676	11778	9
7338	11684	11772	9
6939	11682	11773	9
7571	8543	10946	9
7119	7120	10628	9
5068	8756	10825	9
3703	8101	9114	9
5068	8701	10825	9
54	403	7556	9
5346	7571	8543	9
2825	7477	10379	9
5546	7639	7641	9
7118	8705	10628	9
8100	8101	8102	9
2282	3360	8341	9
1189	1221	8495	9
4522	8338	8339	9
951	1057	8915	9
4360	4361	4362	9
5188	5190	5546	9
2282	2284	3360	9
2284	2285	2286	9
5749	6570	8100	9
4360	4362	5346	9
1189	1220	1221	9
8338	8339	8341	9
1902	4522	8651	9
2285	2286	2288	9
1220	1902	8651	9
1866	1867	2004	9
4361	5242	8658	9
2004	9549	9825	9
5749	6568	6569	9
1098	1099	9002	9
4549	6565	9549	9
5188	5189	5190	9
1098	1100	1101	9
951	2651	8915	9
5074	6333	8705	9
7639	7640	7641	9
4549	5616	6046	9
1165	4535	9033	9
2651	8594	8595	9
1474	1867	10379	9
1057	1071	1072	9
1153	1165	4535	9
2288	2290	3760	9
1114	1130	1131	9
5074	5075	5076	9
1100	1102	9114	9
5616	6119	9408	9
1275	1341	1342	9
1071	1072	1114	9
1341	1342	1367	9
1218	1275	9475	9
5189	5191	6826	9
1130	1131	1153	9
1099	9003	9810	9
1367	1467	9449	9
1467	1742	9449	9
6568	7477	10464	9
1218	9033	9475	9
2325	7120	10691	9
8595	8596	11051	9
5059	7167	10691	9
8699	8701	10829	9
5879	7167	11180	9
2290	3760	10946	9
7640	9355	11206	9
3344	8495	11138	9
8699	9003	10829	9
3344	11138	11141	9
9903	11097	11144	9
9903	11097	11119	9
5075	11051	11063	9
1742	9512	11120	9
9512	11119	11120	9
6101	11141	11149	9
6101	8756	11149	9
9355	11144	11206	9
9408	11180	11185	9
5242	8658	11660	9
79	80	11670	9
6826	7565	11786	9
7557	11660	11788	9
7565	11670	11786	9
403	7556	11788	9
5242	11660	11758	9
80	11670	11776	9
7565	11670	11776	9
7557	11660	11758	9
7120	8427	10628	9
3555	8543	10946	9
1114	1131	8560	9
7120	10691	10945	9
6396	7167	10691	9
5068	8701	10835	9
8701	10829	10835	9
1071	1114	8560	9
8101	9114	9476	9
53	54	7556	9
5190	5546	8406	9
5546	7641	8406	9
3360	8341	8342	9
6826	7564	7565	9
5745	8100	8101	9
5191	6826	7564	9
5746	5749	8100	9
5346	8543	9572	9
2284	3360	8249	9
8594	8595	8596	9
4362	5346	9572	9
4361	4362	4363	9
1221	8495	9425	9
945	2651	8594	9
4522	8339	8340	9
2284	2286	8249	9
4361	4363	5242	9
2286	2288	2289	9
7477	7478	10379	9
4522	8340	8651	9
1184	1218	9033	9
1867	2004	2005	9
2288	2289	2290	9
1220	1221	1222	9
8339	8341	8342	9
5067	6101	8756	9
5067	5068	8756	9
945	951	2651	9
1096	1098	1099	9
1165	1184	9033	9
1220	1222	8651	9
6568	6571	7477	9
1097	1098	1100	9
5189	5190	5191	9
5073	5074	5075	9
4827	5074	8705	9
5616	9352	9408	9
1100	1294	9114	9
1218	1274	1275	9
2804	4549	5616	9
951	1056	1057	9
5748	5749	6568	9
1341	1367	3708	9
1056	1057	1071	9
1131	1153	1154	9
1367	3708	9449	9
1153	1154	1165	9
1274	1275	1341	9
2004	2122	9549	9
2515	4549	9549	9
1099	9589	9810	9
1867	10278	10379	9
4826	8705	10628	9
6109	11097	11144	9
7640	11206	11215	9
7640	7641	11215	9
9003	10829	10836	9
9003	9810	10836	9
2290	3555	10946	9
7167	10664	11180	9
8596	10979	11051	9
6087	11119	11120	9
1742	9449	11035	9
5075	9639	11051	9
1742	11035	11120	9
8495	9425	11138	9
6101	6102	11141	9
6102	11138	11141	9
4090	9408	11180	9
6087	11097	11119	9
6109	11144	11206	9
7556	7557	11788	9
1241	9380	10861	10
739	741	9528	10
712	716	10777	10
7682	7683	8867	10
727	730	10479	10
2162	11188	11342	10
716	720	7154	10
716	7154	10777	10
5602	8858	11332	10
8638	8641	11320	10
2835	7037	7155	10
8890	8891	11284	10
5269	5819	7155	10
1891	8981	10095	10
5602	7198	8917	10
6314	8981	9084	10
6314	8981	10095	10
7198	7199	8917	10
1891	7199	10095	10
1163	9084	9848	10
1891	7199	8917	10
6314	9084	9848	10
1163	8580	8845	10
1163	8580	9848	10
2835	7037	7154	10
720	2835	7154	10
8580	8581	8845	10
7155	7156	7244	10
5269	7037	7155	10
1241	8868	10861	10
709	1241	8868	10
727	7244	10479	10
735	737	11365	10
2162	9528	11342	10
739	2162	9528	10
741	8845	9528	10
730	735	10479	10
5761	8641	11320	10
5602	7198	11332	10
5819	7155	7156	10
7683	8867	8868	10
7156	7244	10479	10
712	1241	10777	10
6367	7139	7805	10
2149	7138	7139	10
2149	6367	7139	10
3632	7169	8841	10
6385	7169	8841	10
6152	8891	11284	10
7120	8427	10628	10
1510	1512	9273	10
1241	9380	10777	10
7119	7120	10628	10
2162	11188	11365	10
6396	10691	10945	10
8967	10416	11039	10
2219	10443	11059	10
2149	7138	9273	10
6385	8841	10532	10
956	3629	11326	10
2835	7155	7244	10
8098	9045	10868	10
1510	5559	9273	10
8240	8491	10416	10
1512	2149	9273	10
3632	7169	10443	10
7120	10691	10945	10
6396	7167	10664	10
723	727	7244	10
8240	8491	10470	10
6396	7167	10691	10
800	8097	9368	10
8097	8098	9368	10
6152	10558	11316	10
7197	11325	11326	10
723	2835	7244	10
5559	9273	10532	10
8638	8640	11320	10
8891	11316	11317	10
3629	7197	11326	10
5559	8841	10532	10
3629	8858	11332	10
735	10479	11365	10
1120	11276	11284	10
1120	8890	11284	10
1120	9032	11276	10
8380	8381	10745	10
8381	10745	10751	10
8157	8158	10263	10
8581	8845	9528	10
5311	6385	10532	10
3630	8158	10263	10
5412	7430	10269	10
7339	8076	9068	10
3703	8101	9114	10
8098	9368	10868	10
1294	7339	9068	10
3649	7341	9111	10
5743	5745	9476	10
3804	7977	10282	10
7973	7974	10567	10
3649	7341	8076	10
3649	8076	9068	10
5855	7430	10269	10
8240	10416	11039	10
3782	7886	10837	10
6152	8891	11316	10
7169	10443	11059	10
2868	8380	10745	10
8101	9114	9476	10
5892	5975	10570	10
7120	8427	10945	10
1294	7339	9476	10
2002	7373	10271	10
5745	8101	9476	10
7430	8157	10263	10
7139	7805	9144	10
2825	7477	10379	10
3630	8158	10346	10
5743	7339	9476	10
7974	7987	10567	10
8158	10306	10346	10
2002	7373	10306	10
5046	7668	7846	10
5474	6530	9729	10
5412	7341	10269	10
6530	7668	7846	10
4941	7827	10154	10
7118	8705	10628	10
8490	8491	10416	10
4135	4137	9186	10
4452	6396	10664	10
2002	10306	10346	10
6530	7846	9729	10
7341	9111	10269	10
8100	8101	8102	10
5046	7668	7847	10
5670	7139	9144	10
2179	2265	7733	10
4455	9045	9874	10
4818	7805	9144	10
4941	9715	10154	10
2266	2403	8434	10
1055	2002	10271	10
5311	7138	10532	10
2179	7733	8001	10
1070	3630	10346	10
2404	7678	9126	10
807	3632	10443	10
2404	7678	7733	10
5741	7339	8076	10
5855	7430	10263	10
4336	4337	9379	10
4639	7995	7996	10
4135	4639	9186	10
2125	2179	8001	10
2265	2404	7733	10
5529	6125	7994	10
5745	5746	8100	10
4639	7994	7995	10
1982	2080	9259	10
2403	2731	8434	10
2124	10278	10540	10
3969	8582	8987	10
2266	8286	8434	10
4904	7430	8157	10
3047	3053	8504	10
1294	9114	9476	10
4137	5087	9186	10
6125	7994	7995	10
4963	9950	10110	10
2102	9353	11373	10
5745	8100	8101	10
966	968	8695	10
5535	7036	7682	10
3204	3967	8250	10
5904	5909	9703	10
5528	7986	7987	10
2056	3445	8369	10
4139	4250	8948	10
2143	2264	9015	10
4938	8559	9028	10
5746	5749	8100	10
5527	5528	7986	10
6501	7827	9908	10
5413	5741	8076	10
5474	7678	9729	10
5712	6151	9487	10
3468	3471	9433	10
2180	2266	8286	10
6501	9908	10068	10
2143	4528	9015	10
2125	8001	8635	10
4200	8578	8987	10
6703	8097	10869	10
2080	4528	9259	10
3204	5689	8250	10
6745	7886	10837	10
4902	4904	8157	10
6313	7199	9951	10
8582	10022	10105	10
3198	4201	9686	10
1959	2056	8369	10
755	757	8858	10
743	1163	8845	10
4453	4455	9045	10
3782	4089	7886	10
4140	4250	8236	10
4462	4924	8636	10
8578	8582	8987	10
4337	6291	9379	10
8345	8559	9028	10
4139	5087	8948	10
4619	5637	7846	10
3470	3472	8983	10
5529	7994	8820	10
3200	3202	8345	10
4777	5309	8211	10
4250	8236	8237	10
6064	9367	9368	10
4528	8361	8362	10
757	869	8858	10
2306	2516	8634	10
2219	8490	8491	10
4200	4776	8578	10
4528	8361	9015	10
1137	8637	8638	10
3445	5658	8369	10
3054	3282	8820	10
968	3582	8695	10
966	1137	8695	10
8098	9045	9874	10
7199	9951	10095	10
3632	8840	8841	10
4924	6467	8636	10
748	1899	9140	10
964	1137	8637	10
3282	4134	8820	10
4336	5268	9379	10
796	2219	8490	10
3200	8345	8531	10
4250	8238	8948	10
3472	9900	10068	10
866	1471	8840	10
3967	5502	8250	10
2387	2710	8531	10
2123	2125	8635	10
746	748	9140	10
745	747	9084	10
4242	6064	9367	10
2387	8531	8685	10
1935	1982	9259	10
1060	2172	8719	10
8288	8434	9798	10
4804	5670	8648	10
2306	8634	8635	10
5670	7138	7139	10
2709	3198	9686	10
7977	10282	10567	10
960	962	9353	10
747	8981	9084	10
4142	5529	8820	10
4066	4620	8632	10
1471	5559	8840	10
2516	2806	8634	10
3054	4142	8820	10
4142	5527	5529	10
2730	3754	8485	10
794	8489	8490	10
760	955	9248	10
776	2822	8967	10
5503	6291	10401	10
4456	4458	8427	10
755	5602	8858	10
4253	6657	8968	10
770	2822	8555	10
734	814	9221	10
8579	8581	10022	10
8531	8685	9028	10
4140	4825	8236	10
5474	6467	7678	10
4250	8237	8238	10
8238	8241	8242	10
5023	10867	10868	10
5820	10022	10105	10
6048	6049	6703	10
3466	3468	9433	10
2710	3200	8531	10
7969	7970	7971	10
3752	9753	9935	10
3754	8485	8632	10
955	3631	9248	10
4089	4453	5023	10
5072	6056	6114	10
7995	7996	7997	10
4634	4635	6048	10
740	742	8960	10
3060	4002	9354	10
786	794	8489	10
3754	4066	8632	10
776	780	8967	10
3445	3466	5658	10
4615	4616	9185	10
5890	5892	7373	10
5977	9935	10067	10
7970	7971	7972	10
8579	8580	8581	10
5904	8361	8362	10
4634	6048	6049	10
4620	9101	10067	10
3783	4462	4463	10
8286	8288	8434	10
5559	8840	8841	10
2123	2124	2125	10
5749	6570	8100	10
3744	4253	8968	10
3199	4200	8987	10
2513	2724	9196	10
4618	6001	8916	10
3472	8983	9900	10
7477	7478	10379	10
4620	5763	9101	10
3202	5689	8345	10
734	736	9221	10
4818	9144	9462	10
2179	2180	2265	10
2516	2805	2806	10
4925	5474	6530	10
9011	9126	9286	10
742	763	8960	10
2123	2306	8635	10
1137	8638	8640	10
2729	2730	3754	10
2513	9015	9196	10
4902	4903	5889	10
2402	2729	9011	10
2125	2126	2179	10
3754	3755	4066	10
2512	2723	8723	10
2402	2403	2729	10
4453	4454	4455	10
6530	6736	7668	10
8554	8685	9028	10
2180	2265	2266	10
5892	5893	5975	10
2180	2395	8286	10
5072	6114	9494	10
8238	8242	8948	10
2806	3783	4462	10
5502	5503	6501	10
2402	2404	9011	10
4457	4459	4634	10
2005	2123	2124	10
4136	8648	9462	10
3470	3471	3974	10
4089	5023	7886	10
3470	3974	8983	10
2258	2387	8685	10
2805	2806	2807	10
4924	4925	5474	10
4639	7996	9186	10
5532	5534	7052	10
4134	4135	4639	10
3054	3281	3282	10
794	796	8490	10
3582	8890	8891	10
5903	5904	5909	10
2404	9011	9126	10
3053	3054	4142	10
2730	2801	8485	10
5268	7037	7038	10
2124	2125	2126	10
4138	4804	8648	10
4459	4634	4635	10
7968	7969	7970	10
741	743	8845	10
5527	6061	7986	10
786	793	794	10
796	801	2219	10
3967	4336	4337	10
4067	4615	4616	10
8286	8287	8288	10
975	977	9510	10
4588	5580	5903	10
2265	2266	2402	10
4615	4620	5763	10
8238	8239	8241	10
5580	5903	5904	10
3468	3470	3471	10
5413	7341	8076	10
4616	4618	8916	10
2126	2179	2180	10
4066	4615	4620	10
2403	2729	2730	10
5535	5888	7682	10
2801	3659	3752	10
3202	3204	5689	10
5890	5891	5892	10
5637	9126	9286	10
1867	2004	2005	10
6467	7678	7733	10
2005	2122	2123	10
4818	4819	7805	10
964	966	1137	10
4066	4067	4615	10
2801	3752	8485	10
2806	2807	3783	10
2802	3659	3660	10
3466	3467	3468	10
5712	6150	6151	10
4902	5889	8157	10
2730	2731	2801	10
4463	4924	4925	10
815	860	866	10
2265	2402	2404	10
4065	4902	4904	10
4002	4963	9354	10
866	872	880	10
749	751	1891	10
3445	3465	3466	10
4462	4463	4924	10
5580	5904	8361	10
2386	2709	9331	10
3199	3201	8987	10
4825	6385	6386	10
4903	5889	5890	10
5087	11014	11044	10
804	807	810	10
2724	3059	3655	10
5978	9101	10067	10
3659	4064	9291	10
5268	5269	7037	10
5502	7827	8250	10
2141	3445	3465	10
2266	2402	2403	10
869	955	956	10
807	815	3632	10
2126	2180	2395	10
3755	4066	4067	10
4453	5023	9045	10
8345	8531	9028	10
815	866	8840	10
7973	7976	7977	10
807	810	815	10
751	753	8917	10
962	8637	9353	10
8578	8579	8582	10
3047	3049	3053	10
4089	4452	4453	10
753	5602	8917	10
4242	5400	6064	10
743	745	1163	10
3200	3201	3202	10
4904	5412	7430	10
4940	6167	8807	10
972	974	1120	10
4924	5474	6467	10
794	795	796	10
747	748	749	10
4459	4460	9494	10
4455	4456	4457	10
3468	3469	3470	10
770	776	2822	10
4616	8916	9185	10
869	3629	8858	10
4252	4935	5761	10
5527	5529	6061	10
2122	2123	2306	10
2142	8554	8685	10
4064	4065	4902	10
979	3805	8851	10
968	970	3582	10
7038	9379	9380	10
810	815	860	10
737	738	739	10
860	866	872	10
796	797	801	10
2403	2730	2731	10
3967	4337	5502	10
4134	4639	7994	10
4615	5763	9185	10
4635	6048	6754	10
751	1891	8917	10
752	753	754	10
956	957	958	10
970	3582	8890	10
3049	3053	3054	10
3053	4142	5526	10
740	741	742	10
972	1120	8890	10
7972	7973	7974	10
2141	4938	8554	10
3469	3470	3472	10
4064	4902	4903	10
5072	5073	6056	10
1097	1294	9068	10
4618	5045	6001	10
1087	1089	5855	10
3660	4064	4065	10
4776	5291	8578	10
2264	2513	9015	10
4135	4136	4137	10
5975	10227	10570	10
720	722	723	10
6150	6151	6152	10
8638	8639	8641	10
753	754	755	10
2806	4462	8634	10
2801	2802	3659	10
8361	9015	9196	10
748	749	750	10
757	760	869	10
4138	4140	4804	10
723	726	727	10
749	1891	8981	10
962	964	8637	10
4825	6386	8236	10
8637	8638	8639	10
866	880	1471	10
960	2102	9353	10
4618	4619	5045	10
2004	2005	2122	10
735	736	737	10
746	747	748	10
780	786	8489	10
4252	5761	9685	10
5045	6001	6002	10
4528	8362	9259	10
4903	5890	5891	10
801	804	807	10
1095	1097	9068	10
3655	4588	5580	10
745	746	747	10
3201	3202	3203	10
4938	8559	9715	10
757	759	760	10
765	770	8555	10
1866	1867	2004	10
3281	3987	3989	10
4940	4963	4964	10
5400	6744	6745	10
966	967	968	10
753	755	5602	10
5976	5977	5978	10
2079	2142	8554	10
4136	4138	8648	10
737	739	2162	10
1096	1098	1099	10
2056	2141	3445	10
3282	3988	4134	10
6467	7733	8001	10
869	956	3629	10
968	969	970	10
3659	3660	4064	10
4777	5693	8211	10
2731	2801	2802	10
955	956	957	10
2802	3660	3661	10
2723	3060	8723	10
4200	4201	4776	10
3467	3468	3469	10
722	723	726	10
795	796	797	10
5503	6501	10340	10
2306	2515	2516	10
880	1471	1472	10
5502	6501	7827	10
5893	5975	5976	10
5977	5978	10067	10
9613	9805	9907	10
1197	5054	5055	10
738	739	740	10
750	751	752	10
970	972	8890	10
3204	3966	3967	10
2724	3058	3059	10
7037	7038	7154	10
741	742	743	10
4827	5072	5073	10
1471	1472	1510	10
2516	2804	2805	10
4457	4458	4459	10
5741	5743	7339	10
957	958	959	10
962	963	964	10
4138	4139	4140	10
5023	7886	10867	10
958	960	2102	10
3281	3282	3987	10
3988	4134	4135	10
4142	5526	5527	10
6313	7198	7199	10
3202	3203	3204	10
736	737	738	10
743	744	745	10
5893	5976	5977	10
959	960	961	10
4242	5054	5400	10
7827	8250	10154	10
719	720	722	10
793	794	795	10
756	757	759	10
1197	5055	9319	10
2710	3199	3200	10
4458	4826	8427	10
4460	5072	9494	10
8648	9144	9462	10
815	3632	8840	10
2729	3754	3755	10
3655	3744	4588	10
744	745	746	10
961	962	963	10
964	965	966	10
5269	5818	5819	10
1096	1097	1098	10
8237	8238	8239	10
4904	4905	5412	10
1097	1100	1294	10
2004	9549	9825	10
709	712	1241	10
754	755	756	10
1137	8640	8695	10
4336	4338	5268	10
2723	3058	3060	10
3804	8504	10282	10
712	715	716	10
742	743	744	10
797	801	804	10
800	9367	9368	10
4938	8554	9028	10
715	716	719	10
3465	4938	9715	10
755	756	757	10
1471	1510	5559	10
2141	3465	4938	10
2142	2258	8685	10
3744	4252	4253	10
4776	4777	5263	10
1088	1089	1090	10
745	1163	9084	10
780	8489	8967	10
4616	4617	4618	10
960	961	962	10
720	723	2835	10
1060	1069	8719	10
4337	5502	5503	10
4460	4827	5072	10
8559	9715	10154	10
716	719	720	10
970	971	972	10
2723	2724	3058	10
5749	6568	6569	10
3049	3054	3281	10
3966	3967	4336	10
955	957	3631	10
6571	7477	7478	10
2264	2512	2513	10
3987	3989	4818	10
751	752	753	10
1069	1070	1075	10
1087	5855	9014	10
1098	1099	9002	10
4067	4616	4617	10
4549	6565	9549	10
959	961	2083	10
2079	2080	2142	10
4064	4903	9291	10
3060	4001	4002	10
4253	4936	6657	10
5746	5747	5748	10
1090	1092	1093	10
4776	5263	5291	10
974	975	976	10
1054	1060	2172	10
5413	5740	5741	10
1070	1076	3630	10
1093	1095	3649	10
3199	3200	3201	10
6167	6312	7197	10
958	959	960	10
959	2083	8856	10
3201	3203	3969	10
4588	5903	6667	10
4804	5311	5670	10
726	727	729	10
2143	2258	2264	10
3053	5526	8504	10
4777	5263	5309	10
5535	5854	5888	10
6568	6571	7477	10
957	959	8856	10
4252	4253	4935	10
5532	5533	5534	10
739	740	741	10
2807	3781	3782	10
5891	5892	5893	10
5412	5413	7341	10
4939	4940	8807	10
2729	3755	9011	10
5529	6061	6125	10
733	814	953	10
1935	1959	1982	10
1959	1982	2056	10
2513	2723	2724	10
4136	4137	4138	10
2805	2807	3781	10
3201	3969	8987	10
2386	2387	2709	10
3989	4818	4819	10
1089	1090	9111	10
4941	7827	9908	10
2387	2709	2710	10
4134	7994	8820	10
5744	5746	5747	10
4617	4618	4619	10
4619	5046	7846	10
4137	4139	5087	10
749	750	751	10
1070	1075	1076	10
1055	1061	2002	10
1092	1093	1094	10
3059	3655	3744	10
1087	1088	1089	10
760	869	955	10
6385	6386	7169	10
7971	7973	7976	10
792	4242	9367	10
972	973	974	10
2804	2805	9352	10
4935	4936	6160	10
963	964	965	10
4619	5045	5046	10
2056	2079	2141	10
4963	9354	10110	10
742	744	763	10
738	740	3559	10
3282	3987	3988	10
4458	4459	4460	10
5889	8157	8158	10
2142	2143	2258	10
3659	3752	9291	10
3203	3204	3966	10
2083	8856	8857	10
1094	1095	1096	10
6049	6703	8097	10
3781	4090	9352	10
4940	4964	6167	10
4140	4804	4825	10
4090	9352	9408	10
2258	2386	2387	10
3198	4200	4201	10
2080	2143	4528	10
1095	3649	9068	10
2080	2142	2143	10
814	953	954	10
4337	5503	6291	10
1098	1100	1101	10
3465	3466	3467	10
1061	1069	1070	10
1055	1060	1061	10
2512	2513	2723	10
3059	3744	4252	10
3752	8485	9935	10
4454	4455	4456	10
953	954	1054	10
748	750	1899	10
740	3559	8960	10
2258	2264	2386	10
4617	5637	9286	10
4964	6167	6312	10
1076	3630	9014	10
1197	4242	5054	10
4964	6312	6313	10
770	775	776	10
965	966	967	10
977	3805	9510	10
3198	3199	4200	10
4455	4457	9874	10
752	754	4524	10
7678	9126	9729	10
7973	7977	10567	10
4338	5268	5269	10
2264	2386	2512	10
5746	5748	5749	10
976	977	978	10
1093	1094	1095	10
1097	1098	1100	10
5263	5309	6314	10
5311	5670	7138	10
5689	8345	8559	10
872	880	9229	10
957	3631	8856	10
814	954	4513	10
1982	2056	2079	10
3467	3469	4941	10
4002	4939	4940	10
1982	2079	2080	10
5408	5712	6150	10
969	971	3801	10
975	976	977	10
1095	1096	1097	10
3058	3060	4001	10
1054	1055	1060	10
4137	4138	4139	10
4652	5498	5531	10
804	810	3683	10
5074	6333	8705	10
760	9247	9248	10
872	873	874	10
5498	5531	5532	10
752	4524	9106	10
3781	4088	4090	10
3782	4088	4089	10
786	792	793	10
874	875	882	10
5741	5742	5743	10
4456	4457	4458	10
967	968	969	10
1060	1061	1069	10
1935	9259	9924	10
754	4524	9119	10
2079	2141	8554	10
2709	2710	3198	10
5533	5535	5854	10
4201	4777	5693	10
3988	4135	4136	10
3781	3782	4088	10
954	1054	1055	10
965	967	1293	10
971	3801	9429	10
765	769	770	10
4925	6530	6736	10
973	975	1138	10
5742	5743	5744	10
756	759	764	10
5291	8578	8579	10
6312	6313	7198	10
4804	4825	5311	10
734	735	736	10
4825	5311	6385	10
4201	4776	4777	10
776	779	780	10
4065	4904	4905	10
5534	5535	7036	10
8211	9950	10110	10
971	972	973	10
973	974	975	10
754	756	9119	10
4002	4940	4963	10
969	970	971	10
4905	5413	5740	10
969	3801	9232	10
4905	5412	5413	10
5818	5819	5820	10
8237	8239	8240	10
814	4513	9221	10
5054	5400	6744	10
975	1138	9510	10
2122	2306	2515	10
2395	8286	8287	10
4903	5891	9291	10
4452	4453	4454	10
780	785	786	10
792	1197	4242	10
977	979	3805	10
4001	4002	4939	10
4139	4140	4250	10
722	726	2868	10
5740	5741	5742	10
4067	4617	9286	10
4253	4935	4936	10
4088	4089	4452	10
6467	8001	8636	10
733	734	814	10
6703	10869	10884	10
5291	8579	8580	10
3969	8582	10105	10
4617	4619	5637	10
727	729	730	10
759	764	765	10
2710	3198	3199	10
3966	4336	4338	10
4635	9494	9944	10
747	749	8981	10
6291	9379	9380	10
2731	8434	9798	10
5073	5074	5075	10
793	795	800	10
2805	3781	9352	10
730	734	735	10
785	1197	9319	10
3060	8723	9354	10
4549	5616	6046	10
8637	8639	9353	10
769	775	2465	10
2731	2802	9798	10
4827	5074	8705	10
729	730	733	10
977	978	979	10
7971	7972	7973	10
5743	5744	5745	10
5616	9352	9408	10
4635	6754	9944	10
3755	9011	9286	10
4201	5693	9686	10
5888	7682	7683	10
1100	1294	9114	10
4827	5073	5074	10
3974	4652	8983	10
4826	4827	8705	10
5854	9900	10068	10
2515	2516	2804	10
1090	1093	9111	10
8287	10386	10408	10
860	872	873	10
5891	9291	9753	10
3049	3281	9388	10
3465	3467	9715	10
873	875	5767	10
4458	4460	4826	10
5748	6568	6571	10
1474	1867	10379	10
5533	5534	5535	10
785	792	1197	10
2386	2512	9331	10
4338	5269	5818	10
3744	4588	8968	10
5904	8362	9703	10
873	874	875	10
883	892	2052	10
5891	5893	9753	10
775	2465	9463	10
2515	2804	4549	10
2804	4549	5616	10
3755	4067	9286	10
730	733	734	10
1093	3649	9111	10
5744	5745	5746	10
5526	5527	5528	10
5580	8361	9196	10
3683	10884	10910	10
4459	4635	9494	10
5748	5749	6568	10
2802	3661	9798	10
967	969	9232	10
8288	9798	9907	10
5637	7846	9729	10
5074	5075	5076	10
738	3559	9498	10
1100	1102	9114	10
872	874	9229	10
5616	6119	9408	10
3660	3661	9633	10
967	1293	9232	10
5531	5532	5533	10
736	738	9498	10
792	793	9367	10
4452	4454	6396	10
971	973	9429	10
4460	4826	4827	10
4462	8634	8636	10
769	770	775	10
2709	9331	9686	10
2804	5616	9352	10
764	765	769	10
779	780	785	10
875	882	883	10
759	760	9247	10
4588	6667	8968	10
775	776	779	10
3660	4065	9633	10
4065	4905	9633	10
756	764	9119	10
4634	6049	9874	10
883	2052	9641	10
6049	8097	8098	10
785	786	792	10
5268	7038	9379	10
746	9139	9140	10
3059	4252	9685	10
4652	5531	8983	10
1094	1096	9589	10
1076	1084	9014	10
736	9221	9498	10
750	752	9106	10
1084	1087	9014	10
2512	8723	9331	10
873	5767	9339	10
779	785	9319	10
769	2465	9562	10
2004	2122	9549	10
1096	1099	9589	10
765	8555	9247	10
5977	9753	9935	10
875	883	9641	10
3058	3059	9685	10
4964	6313	9950	10
973	1138	9429	10
764	9119	9562	10
810	3683	9339	10
2724	3655	9196	10
974	1120	9032	10
764	769	9562	10
793	800	9367	10
8001	8635	8636	10
759	765	9247	10
3466	5658	9433	10
3987	4818	9462	10
5893	5977	9753	10
4905	5740	9633	10
5742	9613	9805	10
5670	8648	9144	10
744	746	9139	10
6049	8098	9874	10
892	2052	9683	10
750	1899	9106	10
3203	3969	9879	10
3752	9291	9753	10
3467	4941	9715	10
8287	8288	10386	10
6114	9494	9944	10
8634	8635	8636	10
5637	9126	9729	10
5503	10340	10401	10
3655	5580	9196	10
4457	4634	9874	10
3469	4941	9908	10
974	976	9032	10
875	5767	9641	10
810	860	9339	10
8485	8632	9935	10
3661	9805	9907	10
744	763	9139	10
775	779	9463	10
8362	9259	9924	10
3988	4136	9462	10
5046	7847	10087	10
5309	8211	9951	10
5531	5533	9900	10
3058	4001	9685	10
5263	5291	9848	10
4513	9221	10227	10
2122	2515	9549	10
5531	8983	9900	10
5023	9045	10868	10
3469	3472	9908	10
5073	5075	9639	10
3472	9908	10068	10
1867	2005	10278	10
2515	4549	9549	10
5263	6314	9848	10
5291	8580	9848	10
4338	5818	9879	10
3969	9879	10105	10
954	1055	10271	10
8362	9703	9924	10
860	873	9339	10
5045	5046	10087	10
5976	10623	10626	10
3661	9633	9805	10
5533	5854	9900	10
8632	9935	10067	10
779	9319	9463	10
5073	6056	9639	10
3987	3988	9462	10
5742	5744	9613	10
3203	3966	9879	10
5693	9686	9870	10
7478	10278	10379	10
5744	5747	9613	10
1089	9111	10269	10
4620	8632	10067	10
3966	4338	9879	10
9185	10663	10671	10
3281	3989	9388	10
5976	5978	10623	10
5045	6002	10087	10
3661	9798	9907	10
4963	4964	9950	10
5740	5742	9805	10
8579	8582	10022	10
5890	7373	10306	10
5978	10609	10623	10
5818	9879	10105	10
7478	10278	10540	10
8723	9354	9870	10
5740	9633	9805	10
9331	9686	9870	10
5975	5976	10626	10
6313	9950	9951	10
5889	8158	10306	10
5818	5820	10105	10
1061	1070	10346	10
5309	9951	10095	10
8723	9331	9870	10
8489	8490	10416	10
6386	8236	10470	10
6568	7477	10464	10
3631	10974	11033	10
5309	6314	10095	10
5892	7373	10570	10
9354	9870	10110	10
5855	9014	10263	10
6151	9487	10480	10
2083	8857	11019	10
5693	9870	10110	10
5021	10454	10474	10
8211	9950	9951	10
5689	8250	10154	10
6657	8968	10474	10
1089	5855	10269	10
5693	8211	10110	10
5763	9185	10671	10
5903	6667	10421	10
5689	8559	10154	10
3630	9014	10263	10
6736	10805	10813	10
6125	10997	11008	10
801	807	10443	10
5978	9101	10609	10
5889	5890	10306	10
9221	9498	10227	10
2005	2124	10278	10
6001	6002	10690	10
8237	8240	10470	10
6657	10474	10480	10
6571	10408	10473	10
6001	8916	10674	10
5528	10282	10567	10
954	4513	10271	10
9562	10703	10715	10
4463	10831	10858	10
8916	9185	10663	10
2124	2126	10540	10
5763	9101	10657	10
8857	11019	11044	10
5748	6571	10408	10
9463	10709	10791	10
5854	5888	10340	10
5747	10386	10408	10
8916	10663	10674	10
6002	10690	10703	10
2822	8967	11039	10
9101	10609	10657	10
1867	10278	10379	10
6667	10421	10454	10
2325	7120	10691	10
6151	10480	10558	10
5854	10068	10340	10
6571	7478	10473	10
1061	2002	10346	10
8288	9907	10386	10
6151	6152	10558	10
2822	8555	11031	10
6001	10674	10690	10
9613	9907	10386	10
6501	10068	10340	10
7373	10271	10570	10
5888	10340	10401	10
5747	5748	10408	10
5767	10873	10938	10
8287	10408	10473	10
6667	10454	10474	10
5888	7683	10401	10
5903	5909	10421	10
801	2219	10443	10
8595	8596	11051	10
5526	5528	10282	10
5747	9613	10386	10
5526	8504	10282	10
8489	8967	10416	10
4513	10271	10570	10
2219	8491	11059	10
5059	7167	10691	10
5763	10657	10671	10
8236	8237	10470	10
4826	8705	10628	10
7478	10473	10540	10
5021	9487	10480	10
6291	9380	10861	10
6667	8968	10474	10
5021	10474	10480	10
6657	10480	10558	10
2395	8287	10473	10
7138	9273	10532	10
2822	11031	11039	10
7038	9380	10777	10
4088	4452	10664	10
9119	9562	10703	10
5055	9319	10709	10
5528	7987	10567	10
2126	2395	10540	10
722	2868	10723	10
2395	10473	10540	10
5532	7052	10787	10
4936	6657	10558	10
726	2868	10745	10
6048	6754	10910	10
4513	10227	10570	10
5975	10227	10626	10
733	953	10751	10
9498	10227	10626	10
6160	8640	11317	10
953	10751	11040	10
6745	7886	10867	10
6160	11316	11317	10
3559	10623	10626	10
8242	8948	11014	10
763	8960	10609	10
763	10609	10657	10
800	8097	10869	10
5400	6745	10867	10
2807	3782	10837	10
4826	8427	10628	10
3559	8960	10623	10
4463	4925	10831	10
6002	10703	10715	10
6736	7668	10805	10
6746	9032	11277	10
8960	10609	10623	10
5055	10805	10813	10
3559	9498	10626	10
7847	10709	10791	10
5054	6744	10813	10
9140	10663	10671	10
2465	9463	10791	10
804	3683	10884	10
795	800	10869	10
2102	11325	11326	10
5761	8641	11321	10
6160	8640	11320	10
5767	9339	10873	10
6746	9032	11276	10
1899	9140	10663	10
2465	9562	10715	10
763	9139	10657	10
6703	10884	10910	10
4088	4090	10664	10
4939	11321	11371	10
1899	10663	10674	10
3629	7197	11332	10
1899	9106	10674	10
9139	9140	10671	10
6744	10831	10858	10
6386	10470	11059	10
4524	9106	10690	10
7668	7847	10805	10
5879	7167	11180	10
4454	6396	10945	10
9106	10674	10690	10
4456	8427	10945	10
4524	9119	10703	10
4524	10690	10703	10
9139	10657	10671	10
9319	9463	10709	10
3631	8856	10974	10
719	722	10723	10
6002	10087	10715	10
6754	10873	10938	10
729	10745	10751	10
5087	9186	11044	10
726	729	10745	10
729	733	10751	10
961	2083	11020	10
3783	10837	10858	10
7683	8868	10861	10
2465	10715	10791	10
965	1293	10988	10
7156	11188	11365	10
8491	10470	11059	10
6125	7995	10997	10
7038	7154	10777	10
8381	10751	11040	10
5498	5532	10787	10
2172	11040	11045	10
1293	10997	11008	10
8242	10974	11033	10
1054	2172	11040	10
6745	10837	10858	10
8555	9247	11027	10
737	2162	11365	10
6291	10401	10861	10
7683	10401	10861	10
5054	5055	10813	10
5055	10709	10805	10
10087	10715	10791	10
3783	4463	10858	10
8857	11014	11044	10
7847	10087	10791	10
6744	10813	10831	10
2807	3783	10837	10
4925	6736	10831	10
7847	10709	10805	10
6744	6745	10858	10
6754	10873	10910	10
6064	10867	10868	10
6064	9368	10868	10
5400	6064	10867	10
795	797	10869	10
3683	9339	10873	10
6048	6703	10910	10
797	804	10884	10
797	10869	10884	10
6754	9944	10938	10
9944	10938	10947	10
6114	10947	10949	10
1138	11148	11160	10
6056	6114	10949	10
2052	10947	10949	10
9641	10938	10947	10
6114	9944	10947	10
6056	9639	10967	10
2052	9641	10947	10
4454	4456	10945	10
2052	9683	10949	10
5767	9641	10938	10
9639	10967	10979	10
8242	10974	11014	10
8241	11027	11033	10
6736	10813	10831	10
4090	10664	11180	10
6056	10949	10967	10
7167	10664	11180	10
8241	8242	11033	10
7995	7997	10997	10
9683	10949	10967	10
3706	9683	10967	10
8856	8857	10974	10
976	9032	11277	10
8596	10979	11051	10
2083	11019	11020	10
5087	8948	11014	10
9232	11008	11013	10
5408	6746	11276	10
1293	9232	11008	10
3801	9429	11018	10
8555	11027	11031	10
963	965	10988	10
6061	11008	11013	10
1293	10988	10997	10
3801	9232	11013	10
3706	10967	10979	10
8640	8695	11317	10
9248	11027	11033	10
3582	8891	11317	10
1138	9429	11148	10
6061	7986	11013	10
7997	10988	11020	10
8581	10022	11342	10
7996	7997	11019	10
6061	6125	11008	10
7974	11148	11160	10
963	10988	11020	10
6167	7197	11325	10
5761	9685	11321	10
961	963	11020	10
3801	11013	11018	10
4001	4939	11321	10
4935	6160	11320	10
8239	8241	11031	10
9247	9248	11027	10
8381	11040	11045	10
956	958	11326	10
8581	9528	11342	10
7986	7987	11018	10
6312	7197	11332	10
5075	11051	11063	10
3631	9248	11033	10
953	1054	11040	10
7968	11136	11154	10
7996	11019	11044	10
5819	7156	11188	10
7986	11013	11018	10
7996	9186	11044	10
5075	9639	11051	10
8239	8240	11039	10
6386	7169	11059	10
3683	10873	10910	10
4936	10558	11316	10
7968	7970	11154	10
8239	11031	11039	10
7966	7968	11136	10
7970	7972	11152	10
7972	7974	11160	10
7974	7987	11148	10
7970	11152	11154	10
7972	11152	11160	10
8851	11136	11154	10
3805	9510	11152	10
3805	8851	11154	10
9429	11018	11148	10
9510	11152	11160	10
3805	11152	11154	10
1138	9510	11160	10
9639	10979	11051	10
8641	11321	11371	10
9408	11180	11185	10
4090	9408	11180	10
7987	11018	11148	10
7997	10988	10997	10
8241	11027	11031	10
5819	5820	11188	10
7997	11019	11020	10
8857	10974	11014	10
2102	11325	11373	10
6150	11276	11284	10
976	978	11277	10
5408	6150	11276	10
6150	6152	11284	10
5820	11188	11342	10
4936	6160	11316	10
3582	8695	11317	10
4935	5761	11320	10
8639	8641	11371	10
4001	9685	11321	10
8639	9353	11373	10
6167	8807	11325	10
958	2102	11326	10
8639	11371	11373	10
6312	7198	11332	10
5820	10022	11342	10
7156	10479	11365	10
4939	8807	11371	10
8807	11371	11373	10
8807	11325	11373	10
705	709	8868	10
2445	7036	7682	10
2445	7682	8867	10
705	8867	8868	10
7052	10775	10787	10
2325	7119	7120	10
6367	7805	10475	10
2868	8380	10733	10
3804	7977	8503	10
3703	8101	8102	10
2868	10723	10733	10
7976	7977	8503	10
7969	7971	9640	10
7118	7119	10628	10
1474	2825	10379	10
7971	7976	9640	10
3043	3047	8504	10
5658	8369	8370	10
3048	3049	9388	10
979	981	8851	10
3043	3804	8504	10
2825	7477	10464	10
3471	4487	9433	10
8594	8595	8596	10
880	1472	9461	10
1098	1101	9002	10
874	882	9230	10
5059	5879	7167	10
7967	7968	7969	10
5909	9703	9764	10
3471	3974	3975	10
1933	1935	9924	10
1514	2149	6367	10
4579	5408	5712	10
1959	2259	8369	10
3047	3048	3049	10
5749	6569	6570	10
1474	1866	1867	10
6565	9549	9825	10
6333	7118	8705	10
1510	1511	1512	10
1472	1510	1511	10
4549	6046	6565	10
4652	5267	5498	10
1512	1514	2149	10
1086	1087	1088	10
711	712	715	10
1075	1076	1083	10
1102	3703	9114	10
8378	8380	8381	10
3974	4651	4652	10
709	711	712	10
978	979	980	10
1069	1075	9468	10
1076	1083	1084	10
1934	1935	1959	10
1090	1091	1092	10
1084	1086	1087	10
1088	1090	1091	10
5120	5408	6746	10
1100	1101	1102	10
7966	7967	7968	10
882	883	891	10
1094	9360	9589	10
6570	8100	8102	10
5616	6046	6119	10
1092	1094	9360	10
5658	8371	9433	10
1069	8719	9468	10
3989	4819	5768	10
1099	9002	9003	10
883	891	892	10
5712	9306	9487	10
5074	5076	6333	10
874	9229	9230	10
1866	2004	9825	10
3435	5021	9487	10
880	9229	9461	10
1099	9589	9810	10
3989	5768	9388	10
895	3706	9683	10
892	895	9683	10
2027	9703	9924	10
5909	10387	10421	10
3741	5021	10454	10
8595	11051	11063	10
6568	6569	10464	10
4819	7805	10475	10
4970	10421	10454	10
5498	7047	10787	10
5534	7052	10783	10
2325	5059	10691	10
5879	11180	11185	10
8596	10188	10979	10
715	719	10716	10
719	10716	10723	10
5534	7036	10783	10
6746	11277	11357	10
978	6146	11277	10
3706	10188	10979	10
7966	11116	11136	10
8378	8381	11045	10
2172	8719	11056	10
5075	5076	11063	10
2172	11045	11056	10
985	8851	11136	10
6119	9408	11185	10
2445	7036	7684	10
2190	2325	7119	10
4489	7052	10775	10
1897	7047	10787	10
1897	10775	10787	10
4489	7052	10783	10
2336	7118	7119	10
6367	10475	10519	10
7036	7684	10783	10
6146	11277	11357	10
7335	10716	10723	10
3052	7976	8503	10
3703	8102	8103	10
3052	7976	9640	10
7335	10723	10733	10
8377	8380	10733	10
7969	7978	9640	10
5658	8370	8371	10
3040	3804	8503	10
981	985	8851	10
8596	8597	10188	10
6570	8102	9675	10
4579	5712	9306	10
1472	4476	9461	10
4487	8371	9433	10
7965	7966	7967	10
882	3447	9230	10
1101	3641	9002	10
2269	2325	5059	10
701	705	8867	10
5059	5060	5879	10
1465	1474	2825	10
1511	1512	1513	10
3974	3975	4651	10
8377	8378	8380	10
7967	7969	7978	10
3043	3046	3047	10
978	980	6146	10
3046	3047	3048	10
8594	8596	8597	10
3040	3043	3804	10
701	2445	8867	10
882	891	3447	10
5267	5498	7047	10
3471	3975	4487	10
4579	5120	5408	10
1512	1513	1514	10
1934	1959	2259	10
1473	1474	1866	10
708	709	711	10
6333	7117	7118	10
705	708	709	10
1102	1104	3703	10
1084	1085	1086	10
1075	1083	1147	10
1472	1511	4476	10
1083	1084	1085	10
4651	4652	5267	10
8699	9002	9003	10
891	892	894	10
711	715	1242	10
1086	1088	9064	10
1933	1934	1935	10
2259	8369	8370	10
1088	1091	9064	10
6538	9360	9589	10
6569	6570	7327	10
3435	3741	5021	10
1091	1092	1898	10
979	980	981	10
4819	5768	5769	10
6119	10732	11185	10
1101	1102	1103	10
1075	1147	9468	10
2651	8594	8595	10
6046	6565	7140	10
892	894	895	10
1092	1898	9360	10
895	922	3706	10
3048	9388	9389	10
5076	6333	6334	10
1866	2022	9825	10
4970	10387	10421	10
1099	9003	9810	10
1933	2027	9924	10
6538	9589	9810	10
2027	9703	9764	10
3435	9306	9487	10
5768	9388	9389	10
922	3706	10188	10
2825	10464	10527	10
6569	7328	10464	10
1514	6367	10519	10
9229	9461	10362	10
5909	9764	10387	10
9229	9230	10362	10
3741	4970	10454	10
4819	5769	10475	10
715	1242	10716	10
6565	9825	10742	10
5879	6447	11185	10
8378	8379	11045	10
5076	6335	11063	10
8379	11045	11056	10
6046	6119	11130	10
8595	11063	11072	10
7964	7966	11116	10
8719	11056	11085	10
985	11116	11136	10
8719	9468	11085	10
5120	6746	11357	10
6287	7048	11147	11
6521	8757	11153	11
6526	7816	11151	11
6547	7915	11158	11
7076	7125	9486	11
3244	7076	9486	11
3228	7048	11147	11
7125	9486	10292	11
1706	1707	11101	11
6596	8583	10496	11
3232	8757	11153	11
3236	7816	11151	11
1710	1711	11132	11
6596	8583	8738	11
1706	8583	8738	11
3240	7915	11158	11
6595	7125	8003	11
6595	6596	8003	11
6595	7125	10292	11
6596	8003	10496	11
4796	7039	7123	11
6302	7039	7123	11
3272	7109	9155	11
7039	7109	9155	11
1706	8738	11101	11
4796	7039	9155	11
6302	6303	7123	11
6303	7123	7124	11
6303	7124	7135	11
1710	7096	11132	11
5267	10773	11385	11
984	1045	11272	11
4208	5139	7316	11
6147	7262	8962	11
7317	11392	11431	11
1045	7262	8962	11
4805	7107	7510	11
1026	1033	11168	11
4207	4805	7510	11
7048	9603	11139	11
1897	7047	10789	11
6287	8757	11147	11
665	7150	9471	11
7148	7150	9471	11
7136	11213	11223	11
6521	7816	11153	11
5003	7293	9682	11
6734	7291	10001	11
5003	7291	7293	11
4378	7148	9471	11
5003	7291	10001	11
4378	7146	7148	11
6526	7915	11151	11
5139	7316	7317	11
1897	7047	10787	11
4378	7146	7159	11
1033	6734	7304	11
5352	7146	7159	11
5352	7159	8567	11
6734	7304	10001	11
6490	11285	11351	11
3258	3262	10308	11
6547	7076	11158	11
7108	8992	11087	11
7136	8104	11213	11
6303	7135	9661	11
3258	8365	10308	11
1045	7262	11272	11
1910	7135	9661	11
3255	3258	8365	11
3228	7048	11139	11
1707	1710	11101	11
3254	8248	8364	11
3251	3254	8248	11
3232	8757	11147	11
4805	7107	7315	11
7124	7136	8104	11
3250	8247	9347	11
1711	1714	11132	11
3247	3250	9347	11
4208	4805	7316	11
1714	7590	11157	11
3236	7816	11153	11
4207	4354	7510	11
6142	6805	11375	11
3240	7915	11151	11
3244	7076	11158	11
3242	9604	10297	11
2259	11233	11363	11
6397	9604	10297	11
6749	7276	11287	11
1033	7304	11168	11
7151	8992	9043	11
7150	7151	9043	11
6422	7258	8592	11
665	7150	9043	11
3238	7258	8592	11
2030	11213	11222	11
7316	7317	11431	11
3254	3255	8365	11
3235	3238	10328	11
2030	9258	11222	11
3238	7258	10328	11
3254	8364	8365	11
5352	8567	9819	11
1710	7096	11101	11
3234	7218	7471	11
4809	5352	9819	11
6797	10773	11385	11
1714	7590	11132	11
3262	4809	10308	11
3231	3234	7471	11
7124	7135	7136	11
3250	3251	8248	11
4809	9819	10308	11
6146	11277	11357	11
3250	8247	8248	11
6147	10138	11286	11
5136	6802	11260	11
8979	11157	11372	11
3246	3247	9347	11
7352	8431	10434	11
7151	8992	11087	11
3246	9347	9348	11
3230	8396	8397	11
1714	1715	11157	11
3246	9348	9604	11
3227	3230	8397	11
6397	9348	9604	11
7344	8986	10361	11
6472	7351	10394	11
6401	7362	10344	11
1910	7135	10819	11
3230	3231	7471	11
4162	7276	11287	11
7364	8064	10238	11
3242	8592	10297	11
3272	7109	11208	11
1692	7344	10361	11
1662	8431	10434	11
1700	7364	10238	11
1688	7351	10394	11
1696	7362	10344	11
3230	7471	8396	11
3234	7218	10328	11
6422	8592	10297	11
8962	11271	11286	11
3234	3235	10328	11
984	987	11272	11
6480	7429	10091	11
6147	8962	11286	11
3511	11209	11210	11
1704	7429	10091	11
3226	3227	8397	11
1910	1911	10819	11
1708	8575	8721	11
1026	1028	11168	11
5139	7317	10173	11
6434	8591	8721	11
6434	8575	8721	11
4896	5593	7651	11
7351	7352	10434	11
5593	7428	7651	11
3226	7609	8397	11
6434	7651	8591	11
6401	7364	10344	11
2030	11213	11223	11
4896	6434	7651	11
6472	7344	10394	11
4805	7315	7316	11
6802	8940	11260	11
1926	10819	11223	11
7362	8986	10361	11
4505	4884	9760	11
1692	7344	10394	11
6751	7458	7694	11
5593	7428	8263	11
6704	9258	11233	11
7928	8374	8375	11
7429	8064	10238	11
3493	8263	8482	11
4354	7473	8694	11
8431	10483	10504	11
1004	7694	8499	11
7258	10328	10588	11
1662	8431	10483	11
1004	7694	8717	11
6704	9258	11222	11
1700	7364	10344	11
1696	7362	10361	11
3523	3525	7628	11
1688	7351	10434	11
3753	7405	7627	11
6134	8104	9201	11
5517	7928	8374	11
4514	8411	10027	11
6480	8575	10091	11
6402	7856	8064	11
6481	7856	8064	11
3274	8694	9996	11
6751	7694	8499	11
5416	7694	8717	11
7473	8694	9996	11
6481	6482	7856	11
7108	7510	11087	11
1708	8575	10091	11
4919	6478	8264	11
4505	4506	9760	11
5586	8565	9865	11
6402	7364	8064	11
1001	1004	8499	11
4786	5285	7589	11
5593	8263	8482	11
6482	7856	9440	11
6482	8055	9440	11
5285	7589	7590	11
8709	8785	10025	11
3970	5659	9417	11
3493	5586	8263	11
4506	8429	8800	11
6095	6097	7627	11
3523	7628	8411	11
4919	7428	8264	11
7628	8411	10027	11
6502	9852	10126	11
5727	9029	9591	11
5662	6134	9201	11
1021	5515	8590	11
3252	9981	10178	11
1704	7429	10238	11
4918	5571	9977	11
4884	5964	9760	11
4861	5354	8986	11
7159	8567	9175	11
5586	8264	9865	11
1000	1001	8499	11
3525	3753	7628	11
3983	6303	9661	11
1021	1022	8590	11
6502	6503	10126	11
4209	5662	9885	11
5515	5517	9838	11
1015	9852	10072	11
6478	8264	9865	11
6482	8055	9204	11
6095	7627	10027	11
5658	8370	8371	11
5571	8709	9977	11
3510	3513	8486	11
6405	6408	7609	11
6408	6409	8396	11
3271	3274	7897	11
5319	6339	8364	11
3516	3518	8165	11
6526	6527	7915	11
3514	3516	8855	11
4797	8104	9201	11
5517	8374	9838	11
981	985	8851	11
1022	1025	8590	11
5658	8369	8370	11
4786	5705	7589	11
3429	3431	8518	11
1708	1709	8721	11
659	7159	9175	11
4267	5416	8717	11
3486	3488	8565	11
3516	8165	8855	11
6409	6412	8396	11
1660	3970	9417	11
5571	8709	10025	11
5833	7263	9000	11
3256	4152	9663	11
3481	3484	8626	11
5319	6381	8364	11
4861	5544	8986	11
6477	8165	8855	11
3513	4015	8486	11
6548	7125	8003	11
673	5296	8991	11
3514	3545	8855	11
1709	1712	8721	11
5595	8785	8878	11
5557	5833	9000	11
6473	8429	8800	11
3500	3503	9203	11
6490	8802	9148	11
4406	5398	9204	11
979	981	8851	11
8518	9029	9591	11
3493	3494	8482	11
5659	9417	9418	11
3238	3239	8592	11
3486	4218	8565	11
7627	7628	10027	11
3484	4218	8626	11
6408	7609	8397	11
5398	6482	9204	11
3762	8684	9154	11
6339	8364	8365	11
4579	5712	9306	11
4218	8565	9865	11
3431	3434	8518	11
1009	3449	9212	11
5662	9201	9885	11
4355	5320	9207	11
6394	6399	8141	11
3509	3510	8486	11
6287	6288	8757	11
3826	6735	9838	11
3488	3491	8565	11
3274	7897	9996	11
5354	7344	8986	11
6749	6750	7276	11
5515	5516	5517	11
5307	7147	7897	11
3449	5735	9212	11
6412	7471	8396	11
3518	3521	8165	11
6504	7856	9440	11
5556	8684	9154	11
4267	5121	5136	11
6097	6100	7405	11
1000	4451	5124	11
9216	9350	9707	11
3423	5727	9591	11
3471	4487	9433	11
6477	8366	8855	11
3494	3497	8482	11
1004	1005	8717	11
3480	3481	8626	11
5595	8785	8926	11
5124	5125	6749	11
3270	3271	7897	11
4205	8567	9175	11
3503	8055	9203	11
6521	6522	7816	11
9133	9659	9763	11
5517	7927	7928	11
1702	1703	8583	11
5515	8590	9838	11
6473	7351	7352	11
3826	8590	9838	11
3424	5595	8926	11
998	4451	8802	11
4487	8371	9433	11
998	1000	4451	11
998	999	1000	11
3426	3478	8926	11
6502	9852	10072	11
4451	6490	8802	11
7147	7149	9996	11
3545	4402	8366	11
5629	9609	9977	11
1005	1007	1008	11
5705	7096	7589	11
4022	5592	8584	11
1020	1021	1022	11
5002	6094	6095	11
6734	6735	7291	11
4267	5136	5416	11
9216	9350	9490	11
1924	3422	9170	11
1022	1024	1025	11
5124	6749	6751	11
3273	3276	9155	11
999	1000	1001	11
7428	8263	8264	11
1019	1020	1021	11
6412	7218	7471	11
8785	8878	10025	11
670	673	8991	11
1021	4163	5515	11
6097	6099	6100	11
1024	1025	1026	11
1025	1026	1033	11
1008	1009	3449	11
6480	6481	7429	11
5595	8878	9170	11
4514	5002	10027	11
3490	3492	8945	11
1712	8591	8721	11
4406	5397	5398	11
665	666	9043	11
3274	3275	8694	11
3492	3495	8945	11
3508	3509	3510	11
3480	4530	5629	11
6527	6547	7915	11
3509	9271	9897	11
1003	1004	1005	11
1691	1694	9909	11
5516	6503	7927	11
3270	4809	5307	11
5397	5398	6480	11
1001	1003	1004	11
1690	9538	9930	11
3491	3492	3493	11
6142	6302	6304	11
1007	1008	1009	11
3490	3491	3492	11
1975	6805	8979	11
1000	5124	8499	11
4504	6477	8165	11
4504	4505	4506	11
6297	6594	6595	11
4151	4676	8973	11
7352	8430	8431	11
6381	8247	8248	11
3503	3504	3505	11
3520	3521	3522	11
8055	9203	9204	11
1694	10117	10209	11
6381	6382	8247	11
5136	6801	6802	11
3262	3270	4809	11
3497	3498	3609	11
6504	9271	9440	11
6594	10178	10292	11
5516	5517	7927	11
3975	4651	4680	11
3504	3505	3506	11
989	991	2159	11
3494	3496	3497	11
3510	3512	3513	11
6394	6397	6398	11
3257	4151	8973	11
3545	4015	4402	11
4402	5589	8366	11
5125	6749	6750	11
3502	3503	3504	11
5296	7108	8991	11
3518	3520	3521	11
3497	3609	4021	11
4961	9659	9763	11
4797	7124	8104	11
6522	6526	7816	11
3484	3486	4218	11
4786	5704	5705	11
5589	6472	6473	11
6393	6394	8141	11
5586	8263	8264	11
3518	3519	3520	11
3521	3522	3540	11
5121	5735	6143	11
6394	6398	6399	11
3478	3480	4530	11
993	8802	9148	11
1690	9909	9930	11
5544	7362	8986	11
5705	6296	7096	11
3513	3514	3545	11
4505	4520	4884	11
5320	6383	9207	11
1703	1706	8583	11
3609	4021	4406	11
5136	5416	6801	11
6302	6304	7039	11
3521	4504	8165	11
5516	6502	6503	11
1008	3449	4267	11
1720	1975	8979	11
6411	6412	6413	11
3512	3513	3514	11
638	641	9123	11
1033	3826	6734	11
3500	3502	3503	11
6405	6406	6407	11
7352	8429	8430	11
3434	4969	8518	11
3449	4267	5121	11
3434	3741	4969	11
3513	3545	4015	11
4530	8709	8785	11
6472	6473	7351	11
3495	3496	8939	11
3974	3975	4651	11
4506	6477	8800	11
5398	6480	6481	11
3628	4355	9207	11
6091	7107	7315	11
3496	3497	3498	11
5909	9703	9764	11
3491	3493	5586	11
4015	4402	4861	11
3424	3426	8926	11
3506	3508	3509	11
1975	6142	6805	11
626	629	9112	11
4530	5629	8709	11
982	984	1045	11
6382	6383	6384	11
3471	3974	3975	11
3510	3511	3512	11
5660	6287	7048	11
3422	5595	9170	11
4406	4896	5397	11
6548	7076	7125	11
1711	1713	1714	11
3503	3505	8055	11
7149	7473	9996	11
1933	1935	9924	11
978	980	6146	11
3496	3499	8939	11
3276	4796	9155	11
6097	7405	7627	11
6545	10117	10209	11
3506	3507	3508	11
4514	5001	5002	11
4579	5408	5712	11
3427	3428	9133	11
3522	3523	3524	11
4355	5319	5320	11
3515	3516	3517	11
6481	7429	8064	11
6392	6393	6394	11
6400	6422	6654	11
1718	1719	1720	11
3491	5586	8565	11
3520	3523	8411	11
3231	3233	3234	11
3239	3241	3242	11
3488	3490	3491	11
6384	6392	6393	11
3521	3540	4504	11
659	4378	7159	11
3492	3493	3494	11
6381	8248	8364	11
634	636	637	11
1959	2259	8369	11
5307	7146	7147	11
1025	1033	3826	11
1718	1720	8979	11
4402	5354	5589	11
1721	1908	8877	11
4504	4506	6477	11
1720	1721	1755	11
1720	1755	1975	11
3497	4021	8482	11
6735	7291	7292	11
3253	3256	9663	11
3500	3501	3502	11
1928	1930	2030	11
4969	4970	6544	11
3434	3435	3741	11
3543	5556	9154	11
4021	4406	4896	11
5267	5498	7047	11
5307	5352	7146	11
5544	6401	7362	11
3520	3522	3523	11
1712	1713	8584	11
3262	3263	3270	11
6522	6524	6525	11
4402	4861	5354	11
6519	9418	9538	11
5320	6382	6383	11
3272	3273	9155	11
3471	3975	4487	11
6382	6384	6391	11
1019	1021	4163	11
1755	1975	3983	11
3270	5307	7897	11
6288	6521	8757	11
5832	5833	6147	11
7148	7149	7150	11
4579	5120	5408	11
6735	7292	8374	11
3807	4579	9306	11
3283	4207	4354	11
5705	5706	6296	11
5662	5663	6134	11
3741	4969	4970	11
3498	3500	9203	11
6398	6399	6400	11
3499	3500	3501	11
5002	5324	6094	11
6473	7352	8429	11
3517	3518	3519	11
3258	3259	3262	11
3498	3499	3500	11
1975	3983	6142	11
3504	3506	3507	11
3505	3506	9271	11
6522	6525	6526	11
656	659	9175	11
4797	7123	7124	11
3275	3277	3283	11
3508	3510	3511	11
3481	3483	3484	11
4251	5120	8817	11
6095	6096	6097	11
3433	3434	3435	11
3486	3487	3488	11
3494	3495	3496	11
3478	4530	8926	11
1713	1714	1715	11
1699	1701	1702	11
4218	8626	9609	11
1926	1927	1928	11
5354	5589	6472	11
1009	1011	9212	11
1911	1925	1926	11
3501	3502	3828	11
4861	5543	5544	11
3239	3242	8592	11
3241	3242	3243	11
4209	5140	5662	11
1934	1959	2259	11
3431	3432	3433	11
4451	5124	5125	11
1685	1689	1690	11
3283	3284	4207	11
3227	3229	3230	11
3478	3479	3480	11
6384	6391	6392	11
3241	3243	3244	11
3247	3249	3250	11
1928	1929	1930	11
3543	4961	4962	11
1703	1705	1706	11
3512	3514	3515	11
4015	4861	5543	11
1695	1697	1698	11
3426	3428	3478	11
3523	3524	3525	11
1929	1930	1931	11
4809	5307	5352	11
3271	3273	3274	11
4896	5397	6434	11
3257	3258	3259	11
7147	7148	7149	11
3540	4505	4520	11
3259	3262	3263	11
655	656	9175	11
3514	3515	3516	11
3251	3253	3254	11
5659	5660	5661	11
4652	5267	5498	11
5544	5545	6401	11
6096	6097	6099	11
1932	1933	1934	11
1756	1909	1910	11
3427	3430	9133	11
5320	6381	6382	11
1715	1717	1718	11
3487	3488	3489	11
3253	3254	3255	11
3506	3509	9271	11
6527	6545	6546	11
5589	6473	8800	11
6297	6595	6596	11
5660	5661	6287	11
1927	1928	1929	11
1691	1693	1694	11
3431	3433	3434	11
3519	4249	4514	11
1709	1710	1711	11
3492	3494	3495	11
6393	8141	9707	11
3545	8366	8855	11
1908	8877	8878	11
3516	3517	3518	11
1707	1709	1710	11
4152	5704	9663	11
4251	4579	5120	11
6392	6394	6397	11
3229	3230	3231	11
662	664	665	11
3249	3250	3251	11
3256	4151	4152	11
3449	5121	5735	11
6527	6546	6547	11
666	669	9043	11
4796	4797	7123	11
5706	6297	6594	11
670	672	673	11
1712	8584	8591	11
3505	8055	9440	11
3807	4251	4579	11
3480	5629	8626	11
1695	1696	1697	11
1909	1910	1911	11
6383	9350	9490	11
3225	3227	3228	11
3239	3240	3241	11
3257	3259	8973	11
3983	6142	6302	11
6401	6402	7364	11
6405	6407	6408	11
636	637	638	11
660	662	9471	11
3243	3245	3246	11
5354	6472	7344	11
4209	5139	5140	11
3519	4514	8411	11
4530	8785	8926	11
1909	1924	9170	11
3484	3485	3486	11
4021	5593	8482	11
1658	1660	1661	11
4675	4786	5285	11
1931	1932	1933	11
4022	4918	4919	11
4015	5543	8486	11
4918	4919	6478	11
654	656	657	11
7107	7108	7510	11
3271	3272	3273	11
3488	3489	3490	11
1703	1704	1705	11
3483	3485	9154	11
3499	4159	8939	11
3540	4504	4505	11
656	658	659	11
3284	4207	4208	11
3974	4651	4652	11
3251	3252	3253	11
4207	4208	4805	11
991	992	993	11
6409	6410	6411	11
978	979	980	11
6398	6400	6422	11
6382	6391	8247	11
1705	1706	1707	11
3235	3236	3237	11
4151	4675	4676	11
3253	3255	3256	11
658	660	661	11
1721	1755	1756	11
980	981	982	11
1934	1935	1959	11
3496	3498	3499	11
4205	5318	8567	11
1719	1720	1721	11
1929	1931	9165	11
3489	3490	3830	11
5704	5705	5706	11
673	675	5296	11
1697	1698	1699	11
655	3628	4205	11
4651	4652	5267	11
5592	7428	7651	11
4021	4896	5593	11
1717	1718	1719	11
3233	3234	3235	11
1925	1926	1927	11
3490	3830	8945	11
1684	9418	9538	11
5416	6801	7458	11
6548	6604	8003	11
6288	6520	6521	11
6409	6411	6412	11
4251	4650	8817	11
3263	3270	3271	11
1716	4022	8584	11
3430	3431	3432	11
6094	6095	6096	11
3276	4156	4796	11
3422	3424	5595	11
5659	5661	9418	11
673	674	675	11
658	659	660	11
991	2159	9148	11
642	644	645	11
4208	4209	5139	11
652	653	654	11
1924	1925	2020	11
653	655	3628	11
1701	1702	1703	11
4962	5557	5832	11
5397	6480	8575	11
659	660	4378	11
1661	1663	1684	11
1011	1015	9212	11
3255	3257	3258	11
3424	3425	3426	11
3479	3480	3481	11
3504	3507	8627	11
1693	1694	1695	11
656	657	658	11
1930	1931	1932	11
3233	3235	3236	11
3273	3274	3275	11
3249	3251	3252	11
3283	4354	8694	11
4022	4919	5592	11
5661	6287	6288	11
3235	3237	3238	11
3245	3246	3247	11
3502	3828	8627	11
640	641	642	11
3433	3807	9306	11
3423	3425	9591	11
1933	1934	1935	11
2259	8369	8370	11
6547	6548	7076	11
1663	1684	1685	11
1707	1708	1709	11
981	983	985	11
6546	6548	6604	11
1711	1712	1713	11
666	668	669	11
1929	4219	9165	11
6296	6297	8738	11
1689	1690	1691	11
3425	3427	3429	11
3247	3248	3249	11
3255	3256	3257	11
1911	1924	1925	11
1927	1929	4219	11
3256	3257	4151	11
1658	1661	1662	11
3227	3228	3229	11
648	649	650	11
5120	5408	6746	11
3432	3433	3807	11
644	645	646	11
1685	1688	1689	11
2020	3423	5727	11
982	983	984	11
6412	6413	7218	11
1931	1933	2027	11
4205	4355	5318	11
672	673	674	11
1716	1717	1750	11
6393	9350	9707	11
3277	3283	3284	11
654	655	656	11
1755	3983	9661	11
634	635	636	11
669	670	8991	11
5545	6402	6504	11
3231	3232	3233	11
4249	4514	5001	11
646	648	649	11
988	990	3698	11
3429	3430	3431	11
5543	5545	9897	11
6525	6526	6527	11
5557	5832	5833	11
3225	3226	3227	11
669	8991	8992	11
3426	3427	3428	11
3275	3283	8694	11
3284	4208	4209	11
7291	7292	7293	11
6099	6100	6793	11
1927	4219	9227	11
5661	6519	9418	11
1909	1911	1924	11
3275	3276	3277	11
3435	3741	5021	11
3499	3501	4159	11
1756	1908	1909	11
1713	1715	1716	11
5545	6401	6402	11
660	661	662	11
6383	9207	9490	11
6520	6522	6524	11
1715	1716	1717	11
3428	3478	3479	11
4772	5659	5660	11
653	654	655	11
3483	3484	3485	11
987	988	989	11
1908	8878	9170	11
6288	6519	6520	11
5319	5320	6381	11
626	628	629	11
1721	1756	1908	11
1025	3826	8590	11
1713	1716	8584	11
4152	4786	5704	11
4163	5515	5516	11
4151	4152	4675	11
633	635	3699	11
664	665	666	11
1691	1692	1693	11
628	629	630	11
1689	1691	1692	11
1701	1703	1704	11
979	980	981	11
3276	3277	4156	11
3482	3543	4961	11
5001	5002	5324	11
650	652	653	11
668	669	670	11
3628	9206	9207	11
3817	4251	4650	11
989	990	991	11
1709	1711	1712	11
3229	3231	3232	11
5833	7262	7263	11
1719	1721	8877	11
3479	3481	3482	11
1716	1750	4022	11
3485	3486	3487	11
3485	3762	9154	11
3817	4650	6552	11
6546	6547	6548	11
3826	6734	6735	11
3983	6302	6303	11
3237	3239	3240	11
6407	6409	6410	11
3807	3817	4251	11
4156	4796	4797	11
5398	6481	6482	11
662	665	9471	11
1663	1685	1688	11
5661	6288	6519	11
4772	5660	9603	11
5557	5558	9000	11
1924	2020	3422	11
6402	6504	7856	11
7146	7147	7148	11
3422	3423	3424	11
2020	3422	3423	11
5833	6147	7262	11
2020	5727	9227	11
5660	7048	9603	11
5296	7107	7108	11
625	626	9112	11
3425	3426	3427	11
632	633	634	11
1697	1699	1700	11
1699	1700	1701	11
3483	3543	9154	11
3628	4205	4355	11
635	636	3623	11
3273	3275	3276	11
5592	8584	8591	11
6304	7039	7109	11
980	6146	8961	11
3517	3519	4249	11
3543	4962	5556	11
3237	3238	3239	11
4451	5125	6490	11
3263	3271	3272	11
4355	5318	5319	11
9365	10432	10549	11
981	982	983	11
3245	3247	3248	11
3489	3830	4162	11
638	640	641	11
5296	6091	7107	11
6478	9609	9977	11
1693	1695	1696	11
1685	1690	9538	11
5964	8430	10504	11
3432	3807	3817	11
624	625	626	11
6422	6654	7258	11
9206	9207	9490	11
1705	1707	1708	11
3817	6552	9005	11
991	993	9148	11
3753	7627	7628	11
3509	8486	9897	11
3243	3244	3245	11
3428	9133	9659	11
6096	6099	7340	11
5658	8371	9433	11
6391	6392	9348	11
7108	8991	8992	11
3427	3429	3430	11
1661	1662	1663	11
669	8992	9043	11
6297	6596	8738	11
5318	5319	6339	11
6525	6527	6545	11
3519	3520	8411	11
3485	3487	3762	11
6520	6521	6522	11
984	986	987	11
3423	3424	3425	11
3970	4772	5659	11
655	4205	9175	11
6400	6654	10135	11
5556	5557	5558	11
4152	4675	4786	11
6392	6397	9348	11
6544	9029	10054	11
3498	3609	9203	11
988	989	990	11
5706	6296	6297	11
630	632	633	11
6399	8141	9860	11
3481	3482	3483	11
990	991	992	11
5663	6105	6704	11
3482	3483	3543	11
633	634	635	11
983	984	986	11
675	6091	6797	11
3430	3432	9005	11
660	4378	9471	11
3430	9005	9133	11
4969	8518	9029	11
5124	6751	8499	11
6594	9981	10178	11
5140	5663	6105	11
4159	8939	8940	11
5543	5544	5545	11
1750	4918	5571	11
6544	10054	10074	11
8141	9860	9876	11
675	5296	6091	11
5629	8626	9609	11
641	9860	9876	11
1702	8583	10496	11
649	9206	9490	11
1750	4022	4918	11
4919	5592	7428	11
5397	6434	8575	11
4249	5001	5003	11
6384	6393	9350	11
649	650	9206	11
5712	9306	9487	11
5140	5662	5663	11
5324	6094	6733	11
6478	9609	9865	11
986	987	988	11
4962	5556	5557	11
3502	3504	8627	11
1925	1927	9227	11
1931	2027	9165	11
3432	3817	9005	11
6408	8396	8397	11
5543	8486	9897	11
7292	8374	8375	11
3284	4209	9885	11
3522	3524	9967	11
3609	4406	9204	11
3505	9271	9440	11
5592	7651	8591	11
5324	6733	7304	11
650	653	9206	11
1684	1685	9538	11
5556	5558	8684	11
653	3628	9206	11
5589	8366	8800	11
6407	6408	6409	11
5416	7458	7694	11
1045	8961	8962	11
635	3699	9365	11
1908	1909	9170	11
633	3699	9410	11
7149	7150	7151	11
6504	9271	9897	11
636	638	9123	11
6383	6384	9350	11
1015	1016	10072	11
4163	5516	6502	11
1019	4163	10072	11
6391	9347	9348	11
3433	3435	9306	11
7149	7151	7473	11
635	3623	9365	11
6391	8247	9347	11
1015	9212	9852	11
4918	6478	9977	11
3435	5021	9487	11
3252	3253	9663	11
2027	9165	9764	11
1925	2020	9227	11
4156	4797	9201	11
6735	8374	9838	11
1717	1750	9883	11
4969	6544	9029	11
641	642	9876	11
8141	9707	9876	11
4506	8429	9760	11
6399	6400	10111	11
5629	8709	9977	11
3482	4961	9659	11
645	9216	9707	11
642	645	9876	11
5735	9212	9852	11
3609	9203	9204	11
5558	9000	9001	11
645	646	9216	11
6477	8366	8800	11
5832	6147	10138	11
5964	8430	9760	11
641	9123	9860	11
3428	3479	9659	11
6594	6595	10292	11
1694	9909	10117	11
3479	3482	9659	11
1719	8877	9883	11
3252	9663	9981	11
675	6797	9846	11
4970	10387	10421	11
5727	9227	10054	11
9001	11285	11351	11
649	9216	9490	11
646	649	9216	11
9005	9133	9763	11
5001	5003	10001	11
7147	7897	9996	11
3699	10468	10549	11
5545	6504	9897	11
629	630	9410	11
1717	1719	9883	11
5727	9029	10054	11
1933	2027	9924	11
645	9707	9876	11
995	998	8802	11
636	3623	9123	11
3429	8518	9591	11
1930	2030	9258	11
1705	1708	10091	11
6524	9909	9930	11
4163	6502	10072	11
3277	4156	9885	11
5318	8567	9819	11
3243	3246	9604	11
4218	9609	9865	11
1689	1692	10394	11
9165	9764	10074	11
1750	5571	9883	11
3425	3429	9591	11
630	633	9410	11
6519	9538	9930	11
674	675	9846	11
3277	3284	9885	11
1930	1932	9258	11
2027	9703	9764	11
4219	9165	10074	11
1016	1019	10072	11
4156	9201	9885	11
3515	3517	9682	11
1695	1698	10209	11
4249	5003	9682	11
982	1045	8961	11
3242	3243	9604	11
1690	1691	9909	11
4219	9227	10054	11
3244	3245	9486	11
980	982	8961	11
1684	9417	9418	11
3245	3248	9486	11
993	995	8802	11
3435	9306	9487	11
4961	9763	9773	11
6552	9773	10138	11
6552	9005	9763	11
674	677	9846	11
6552	9763	9773	11
3249	3252	10178	11
5735	9852	10126	11
5001	5324	10001	11
6400	10111	10135	11
1008	4267	8717	11
1704	1705	10091	11
1660	1661	9417	11
7218	10328	10588	11
4219	10054	10074	11
1005	1008	8717	11
6406	6407	10215	11
5832	9773	10138	11
625	9112	10013	11
1658	1662	10483	11
6399	9860	10111	11
3248	10178	10292	11
629	9410	10380	11
5318	6339	9819	11
5002	6095	10027	11
8877	9883	10025	11
5571	9883	10025	11
6398	6422	10297	11
5139	5140	10173	11
8877	8878	10025	11
2027	9703	9924	11
4961	4962	9773	11
6545	6546	10318	11
3517	4249	9682	11
3501	3828	9716	11
6654	7258	10588	11
1693	1696	10361	11
6525	6545	10117	11
1698	10318	10392	11
5324	7304	10001	11
6733	11175	11224	11
6524	6525	10117	11
4962	5832	9773	11
9123	9860	10111	11
1661	1684	9417	11
6519	6520	9930	11
3699	9410	10468	11
5735	6143	10126	11
3248	3249	10178	11
1699	1702	10392	11
6604	10318	10392	11
5140	6105	10173	11
3501	4159	9716	11
4970	6544	10387	11
6406	10013	10215	11
3623	9365	10135	11
5704	9663	9981	11
1756	1910	9661	11
1694	1695	10209	11
1697	1700	10344	11
3623	9123	10111	11
6520	6524	9930	11
4650	6552	10138	11
5706	6594	9981	11
6407	6410	10215	11
1755	1756	9661	11
5909	10387	10421	11
6524	9909	10117	11
986	11028	11118	11
5704	5706	9981	11
3623	10111	10135	11
8429	8430	9760	11
1701	1704	10238	11
3540	4520	9967	11
6397	6398	10297	11
3741	5021	10454	11
6545	10209	10318	11
3522	3540	9967	11
1700	1701	10238	11
6413	10432	10549	11
1663	1688	10434	11
1698	10209	10318	11
6546	6604	10318	11
6411	10468	10549	11
3248	9486	10292	11
9764	10074	10387	11
4487	11362	11392	11
9112	10013	10215	11
1688	1689	10394	11
6339	8365	10308	11
1692	1693	10361	11
1698	1699	10392	11
1696	1697	10344	11
629	9112	10380	11
6654	10135	10432	11
6604	8003	10496	11
3762	11289	11355	11
5909	9764	10387	11
8945	11266	11318	11
6410	10215	10380	11
9112	10215	10380	11
3699	9365	10549	11
9410	10380	10468	11
6544	10074	10387	11
6339	9819	10308	11
3741	4970	10454	11
8430	8431	10504	11
6410	6411	10468	11
9365	10135	10432	11
1702	10392	10496	11
1662	1663	10434	11
4970	10421	10454	11
6604	10392	10496	11
6411	6413	10549	11
6413	7218	10588	11
5498	7047	10787	11
6410	10380	10468	11
1911	1926	10819	11
4651	5267	10773	11
6413	10432	10588	11
7293	9682	11209	11
8817	11271	11286	11
8940	11256	11260	11
6654	10432	10588	11
987	989	11347	11
7293	11209	11210	11
6704	11233	11363	11
4354	7473	11087	11
4354	7510	11087	11
7135	7136	10819	11
3353	7340	11175	11
5267	7047	11385	11
983	986	11028	11
4651	4680	10773	11
7589	7590	11132	11
988	3698	11118	11
677	9846	10789	11
4162	7276	11289	11
3225	3228	11139	11
3229	3232	11147	11
6746	11277	11357	11
7136	10819	11223	11
3241	3244	11158	11
6296	7096	11101	11
7975	11028	11118	11
7590	11157	11372	11
3233	3236	11153	11
1715	1718	11157	11
5285	11174	11372	11
6802	8940	11266	11
6805	11174	11375	11
6094	6733	11175	11
6096	7340	11175	11
4675	5285	11174	11
3237	3240	11151	11
8973	11208	11379	11
3515	9682	11209	11
6099	7340	11182	11
3511	3512	11209	11
3263	3272	11208	11
6749	6751	11287	11
3259	8973	11208	11
3353	11175	11224	11
3507	11214	11281	11
1926	1928	11223	11
1932	9258	11233	11
7292	8375	11210	11
5663	6704	11222	11
4680	10773	11382	11
1934	2259	11233	11
6143	10126	11228	11
978	6146	11277	11
8939	8940	11266	11
3495	8945	11266	11
6143	11256	11260	11
6490	9148	11285	11
3487	3762	11289	11
5121	5136	11260	11
4650	10138	11286	11
3489	4162	11289	11
8961	8962	11271	11
7975	11028	11116	11
983	985	11028	11
6802	11266	11318	11
7966	11116	11136	11
3507	3508	11214	11
9000	9001	11348	11
7151	7473	11087	11
985	11116	11136	11
7276	11289	11355	11
5120	8817	11357	11
6296	8738	11101	11
5125	6490	11351	11
986	988	11118	11
6503	11228	11302	11
4159	8940	11256	11
985	8851	11136	11
3508	3511	11214	11
5558	9001	11352	11
7096	7589	11132	11
8375	11214	11281	11
3228	3229	11147	11
1028	11168	11224	11
3232	3233	11153	11
3236	3237	11151	11
3240	3241	11158	11
1718	8979	11157	11
6805	8979	11372	11
6805	11174	11372	11
6733	7304	11168	11
6094	6096	11175	11
6091	6797	11382	11
4675	4676	11174	11
4159	9716	11256	11
7109	11208	11379	11
6099	6793	11182	11
6142	6304	11375	11
6304	7109	11379	11
6304	11375	11379	11
3975	4487	11392	11
7292	7293	11210	11
3512	3515	11209	11
3259	3263	11208	11
6134	8104	11213	11
6134	11213	11222	11
7927	11302	11312	11
9716	11228	11302	11
7928	8375	11281	11
7458	11287	11323	11
6503	7927	11302	11
7927	7928	11312	11
8375	11210	11214	11
1928	2030	11223	11
5663	6134	11222	11
6503	10126	11228	11
985	11028	11116	11
1932	1934	11233	11
6797	10773	11382	11
987	11272	11347	11
7317	11362	11392	11
2259	8370	11363	11
6143	11228	11256	11
7928	11281	11312	11
8370	11363	11364	11
8370	8371	11364	11
5121	6143	11260	11
4162	11287	11323	11
3495	8939	11266	11
6751	7458	11287	11
9846	10789	11385	11
7047	10789	11385	11
2159	11347	11348	11
7262	7263	11272	11
3507	8627	11281	11
6146	8961	11271	11
6801	6802	11318	11
4650	8817	11286	11
6750	11352	11355	11
6801	7458	11323	11
9001	11351	11352	11
989	2159	11347	11
6801	11318	11323	11
2159	9148	11285	11
6750	7276	11355	11
3487	3489	11289	11
3828	11302	11312	11
8627	11281	11312	11
3511	11210	11214	11
3828	8627	11312	11
3828	9716	11302	11
3830	8945	11318	11
9001	11285	11348	11
3830	11318	11323	11
8817	11271	11357	11
3830	4162	11323	11
4680	11392	11431	11
7263	11347	11348	11
4487	8371	11362	11
9716	11228	11256	11
7263	9000	11348	11
5125	6750	11351	11
3762	8684	11355	11
8684	11352	11355	11
6733	11168	11224	11
5558	8684	11352	11
5120	6746	11357	11
4680	11382	11431	11
6105	11363	11364	11
6105	6704	11363	11
7317	10173	11362	11
6105	10173	11364	11
8371	11362	11364	11
6146	11271	11357	11
5285	7590	11372	11
2159	11285	11348	11
4676	11375	11379	11
6091	7315	11382	11
4676	8973	11379	11
6750	11351	11352	11
6797	9846	11385	11
3975	4680	11392	11
10173	11362	11364	11
7263	11272	11347	11
4676	11174	11375	11
7315	7316	11431	11
7315	11382	11431	11
7753	9603	11139	11
1897	10775	10787	11
3226	7609	10233	11
679	1897	10789	11
3753	7405	8290	11
3353	7340	11181	11
3622	10483	10504	11
5964	7326	10504	11
7340	11181	11182	11
3524	7732	9967	11
5904	5909	9703	11
5712	6151	9487	11
3468	3471	9433	11
1959	2056	8369	11
3445	5658	8369	11
6100	6793	6794	11
4520	4884	4885	11
1016	1018	1019	11
1011	1014	1015	11
1018	1019	1020	11
997	998	999	11
995	997	998	11
6100	7405	7462	11
1014	1015	1016	11
1005	1006	1007	11
3470	3471	3974	11
1026	1027	1028	11
1022	1023	1024	11
6406	9834	10013	11
1009	1010	1011	11
1660	3688	3970	11
3223	3225	3226	11
1001	1002	1003	11
3524	3525	3526	11
640	642	643	11
648	650	651	11
979	3805	8851	11
634	637	8715	11
624	626	627	11
637	638	639	11
4520	9689	9967	11
628	630	631	11
638	639	640	11
644	646	647	11
632	634	8715	11
646	647	648	11
626	627	628	11
1003	1005	1006	11
1935	1959	1982	11
630	631	632	11
1657	1658	1660	11
642	643	644	11
650	651	652	11
662	663	664	11
1020	1022	1023	11
1007	1009	1010	11
4884	5945	5964	11
3970	4678	4772	11
657	658	8988	11
5408	5712	6150	11
999	1001	1002	11
4652	5498	5531	11
1935	9259	9924	11
6404	6405	7609	11
993	994	995	11
668	670	671	11
661	662	663	11
666	667	668	11
670	671	672	11
664	666	667	11
1024	1026	1027	11
652	654	9108	11
4772	5264	9603	11
654	657	9108	11
672	674	676	11
977	978	979	11
3974	4652	8983	11
5757	6405	6406	11
674	676	677	11
990	992	9497	11
990	3698	9497	11
622	624	625	11
3525	3527	3753	11
992	993	994	11
658	661	8988	11
3466	5658	9433	11
625	9224	10013	11
8362	9703	9924	11
5021	10454	10474	11
6667	10421	10454	11
5903	5909	10421	11
1656	1658	10483	11
5021	9487	10480	11
677	679	10789	11
6746	9032	11277	11
1028	1030	11224	11
7964	7975	11116	11
5498	5532	10787	11
5408	6746	11276	11
3698	11081	11118	11
7964	7966	11116	11
7966	7968	11136	11
3224	3225	11139	11
8851	11136	11154	11
1030	3353	11224	11
7975	11081	11118	11
976	978	11277	11
6793	11182	11217	11
3224	7753	11139	11
7052	10775	10787	11
1032	3353	11181	11
3223	3226	10233	11
3622	7326	10504	11
1003	1006	7647	11
1002	1003	7647	11
7405	7462	8290	11
7732	9689	9967	11
6100	6794	7462	11
6793	11201	11217	11
2056	3445	8369	11
3527	3753	8290	11
1935	1982	9259	11
1030	1032	3353	11
7964	7965	7966	11
624	627	9009	11
3466	3468	9433	11
3445	3466	5658	11
5945	5964	7326	11
648	651	9257	11
1024	1027	9505	11
3524	3526	7732	11
1028	1029	1030	11
3470	3974	8983	11
999	1002	8735	11
5903	5904	5909	11
3468	3470	3471	11
637	3851	8715	11
1011	1013	1014	11
1016	1017	1018	11
5712	6150	6151	11
622	625	9224	11
632	8707	8715	11
4678	4772	5264	11
3223	3224	3225	11
679	681	1897	11
3525	3526	3527	11
3688	3970	4678	11
995	996	997	11
7962	7964	7975	11
9224	9834	10013	11
4884	4885	5945	11
1657	1660	3688	11
672	676	9272	11
671	672	9272	11
997	999	8735	11
637	639	3851	11
1959	1982	2056	11
622	623	624	11
1010	1011	1013	11
631	632	8707	11
652	3677	9108	11
1656	1657	1658	11
657	8988	9109	11
976	977	978	11
651	652	3677	11
661	663	3637	11
992	994	1012	11
647	648	9257	11
5498	5531	5532	11
640	643	9370	11
677	678	679	11
1014	1016	1017	11
7966	7967	7968	11
977	979	3805	11
1027	1028	1029	11
661	3637	8988	11
992	1012	9497	11
5757	6406	9834	11
994	995	996	11
5904	8362	9703	11
676	677	678	11
1023	1024	9505	11
663	664	9472	11
657	9108	9109	11
4652	5531	8983	11
639	640	9370	11
5757	6404	6405	11
5264	7753	9603	11
664	667	9472	11
8362	9259	9924	11
1018	1020	9215	11
1020	1023	9215	11
4520	4885	9689	11
1007	1010	9294	11
6151	9487	10480	11
6404	7609	10233	11
1006	1007	9294	11
5903	6667	10421	11
1656	3622	10483	11
6667	10454	10474	11
5021	10474	10480	11
5532	7052	10787	11
6746	9032	11276	11
1038	11181	11182	11
681	1897	10775	11
6793	6794	11201	11
3698	11079	11081	11
668	671	11248	11
644	647	11261	11
976	9032	11277	11
7968	11136	11154	11
7962	7975	11081	11
3698	9497	11079	11
3805	8851	11154	11
1038	11182	11217	11
667	668	11248	11
643	644	11261	11
5408	6150	11276	11
628	631	11446	11
627	628	11446	11
9496	11053	11475	12
6201	6811	11459	12
8728	8729	11041	12
6283	7001	10682	12
4330	5150	7188	12
2789	7025	7181	12
4801	6294	7191	12
8150	8729	10034	12
3195	7006	7007	12
6294	7191	9746	12
2780	2782	7026	12
4770	7001	10682	12
4007	7192	7193	12
587	589	8535	12
5803	7006	11433	12
8150	8729	11041	12
4007	7192	8230	12
8150	10034	10213	12
7753	9603	11139	12
2789	7025	7182	12
2779	2789	7181	12
573	575	7195	12
4007	7193	7195	12
9658	10034	10213	12
7182	9658	10213	12
7182	9658	9999	12
3224	7753	11139	12
3195	7007	7181	12
2780	3195	7026	12
3195	7006	7026	12
4112	10969	11432	12
5260	5803	7190	12
5260	7190	7191	12
4801	5260	7191	12
1903	7228	7507	12
6191	6998	7192	12
6294	7225	9746	12
6294	6295	7225	12
575	4007	7195	12
6295	7225	7226	12
6295	7226	7507	12
7226	7228	7507	12
5150	6191	7188	12
6191	6998	7188	12
2789	7182	9999	12
1903	7228	8535	12
3700	7229	8535	12
6998	7192	8230	12
1619	1621	10922	12
2779	3195	7181	12
1625	1627	7072	12
507	11021	11394	12
7229	10707	10708	12
6283	7188	10682	12
589	1903	8535	12
587	3700	8535	12
4689	7177	7178	12
3700	7229	10707	12
4491	7171	10539	12
3295	3296	11082	12
7001	10707	10708	12
4330	7188	10682	12
4770	7001	10708	12
1621	1623	7122	12
7022	11012	11048	12
7028	10969	10981	12
1883	10994	11012	12
7027	7028	10981	12
7022	7030	11048	12
1888	7068	7070	12
4689	7175	7177	12
1749	8728	11041	12
4791	7071	7172	12
3850	4791	7172	12
1883	7027	10994	12
573	7195	11021	12
1761	7092	10755	12
1621	7122	10922	12
3296	3850	7172	12
4791	7071	7173	12
3224	7753	11122	12
1623	1888	7122	12
1888	7068	7122	12
2782	7026	10952	12
6193	7281	11424	12
1883	7027	10981	12
7072	7171	10539	12
7022	10994	11012	12
1749	7030	11041	12
5803	7190	11433	12
1749	7030	11048	12
4689	7175	10680	12
4120	8317	11060	12
7725	11482	11484	12
8317	11060	11062	12
4120	8317	11084	12
1191	11053	11475	12
3296	7172	11082	12
6811	10830	11459	12
7174	7175	10680	12
7728	11476	11478	12
1625	1888	7072	12
4350	5305	7174	12
9103	11418	11420	12
6187	7275	11427	12
406	11418	11420	12
4114	11060	11062	12
7011	7013	8289	12
7222	10491	11429	12
6190	7472	11410	12
6498	7511	11422	12
551	11411	11414	12
7472	11411	11414	12
1627	7072	10539	12
1888	7070	7072	12
3221	3224	11122	12
7006	7026	11433	12
5305	7174	7175	12
4688	5293	7178	12
571	573	11021	12
4688	4689	7178	12
7752	11084	11102	12
4120	11084	11102	12
4633	11064	11083	12
7752	7753	11122	12
4350	4791	7174	12
1619	1761	10922	12
5500	7173	9533	12
5283	7070	11378	12
7009	7025	7181	12
7071	7173	9533	12
7007	7009	7181	12
1761	10755	10922	12
7028	10969	11432	12
7025	7182	8289	12
7011	7025	8289	12
7013	7016	8289	12
5954	6449	10413	12
4633	5283	11064	12
3295	4395	11082	12
4491	8285	11306	12
7016	8150	10213	12
5948	6460	10492	12
6449	9813	10413	12
467	7281	11424	12
7016	8289	10213	12
5293	7178	7179	12
4491	7171	11306	12
7752	11102	11122	12
3811	9700	10614	12
4791	7173	7174	12
6191	6192	7192	12
4690	5293	10491	12
251	252	7421	12
6460	9096	10492	12
4690	7261	9700	12
7195	11021	11394	12
4398	5732	7481	12
5732	7310	7481	12
251	507	7421	12
3442	7236	10459	12
3442	7236	10433	12
4399	5064	7559	12
3215	4120	11060	12
6192	7192	7193	12
7751	8317	11084	12
4690	7261	10491	12
4215	7470	9778	12
556	7275	11427	12
5293	7222	10491	12
3223	3226	10233	12
413	7222	11429	12
9056	9057	10395	12
1753	7264	10500	12
6449	10447	10500	12
1753	7264	10537	12
3226	7609	10233	12
7070	7072	7171	12
4398	4400	7481	12
7228	7229	8535	12
7261	9700	10614	12
252	401	7421	12
5305	7175	7176	12
7021	7027	10994	12
5952	5954	10413	12
7467	7476	9115	12
6449	9813	10447	12
413	11428	11429	12
6193	7387	7559	12
4144	7465	7467	12
6715	9057	10395	12
1753	10447	10500	12
4147	7463	9428	12
4144	7467	9115	12
5732	7310	7470	12
5950	5952	10737	12
4133	7476	9115	12
4147	7462	7463	12
7264	10459	10537	12
3220	3222	10445	12
4215	7470	7881	12
3622	7326	10504	12
3442	10459	10537	12
4395	4633	11083	12
4048	7837	10415	12
7463	7465	9428	12
4144	7465	9428	12
4215	7881	8755	12
5946	5948	10492	12
556	11426	11427	12
5732	7470	9778	12
4399	4408	7559	12
5064	6193	7559	12
6452	6496	7749	12
5945	5946	10736	12
4032	7630	7632	12
4408	7386	7749	12
5500	7173	10680	12
6460	9096	10484	12
5166	5351	7727	12
3753	7405	8290	12
3222	7480	10445	12
3544	10366	10440	12
5293	7179	7222	12
4147	7462	8290	12
3622	7326	10515	12
1627	1629	10539	12
4408	7386	7559	12
466	7472	11410	12
3622	10483	10504	12
5964	7326	10504	12
5351	7727	7728	12
7405	7462	8290	12
6496	7386	7749	12
6192	7193	7194	12
4032	7632	7837	12
4644	9054	9055	12
5165	7724	7726	12
3811	6403	10614	12
4074	7450	10395	12
6403	7481	10595	12
3687	9374	10155	12
8011	8014	8016	12
5450	7881	8755	12
3687	9959	10155	12
1638	1753	10537	12
5165	7726	7727	12
3222	3223	10233	12
5165	5166	7727	12
4112	8320	8321	12
6403	10595	10614	12
10073	10089	10242	12
2198	8146	9620	12
6451	7839	9830	12
3536	3544	10086	12
7732	9689	9967	12
5148	5149	7512	12
6451	6452	7749	12
5149	9102	9960	12
3700	9040	10707	12
6794	7462	7463	12
1903	7507	7747	12
5450	7881	7882	12
8869	8870	9359	12
4272	5165	7724	12
4074	9056	10395	12
553	7511	11422	12
6100	6794	7462	12
5305	7176	10100	12
1258	1984	8737	12
2786	2788	7839	12
7175	7176	7177	12
5149	7512	9102	12
2068	2198	8146	12
6451	7749	9830	12
8870	9070	9359	12
4074	7450	10440	12
3532	3542	10030	12
5169	7720	7722	12
6499	9102	9960	12
3216	4048	7837	12
5169	7722	7723	12
7632	7837	10415	12
593	595	8223	12
2772	3849	7802	12
2786	3357	7839	12
7015	7016	8149	12
2421	5279	9533	12
2781	4215	8755	12
3214	4048	8010	12
401	571	7421	12
1633	3442	10433	12
6461	7507	7747	12
1960	8315	8318	12
1984	3192	8737	12
3526	3541	7732	12
1648	9096	10484	12
3541	7732	8452	12
2420	2738	8532	12
2788	2792	7839	12
553	11415	11422	12
593	7747	8223	12
6461	7747	8223	12
8010	8011	8016	12
3210	4053	9751	12
2430	2781	8755	12
3544	7746	10086	12
1651	4112	8321	12
5953	6540	9044	12
5450	7882	8146	12
4053	8012	9751	12
4073	4074	9056	12
571	7421	11021	12
3524	7732	9967	12
1983	2059	8869	12
1651	1653	8321	12
7015	7018	8149	12
5955	9044	10085	12
7732	8452	9689	12
7450	10366	10440	12
4048	8010	8016	12
3222	7480	10233	12
5963	7450	10395	12
1960	8318	8321	12
8318	8320	8321	12
3810	4019	9700	12
7882	8146	9620	12
2059	2827	8869	12
3212	3214	8010	12
595	1258	8223	12
577	4007	8230	12
3220	4032	10445	12
1960	8315	9341	12
2770	2772	7802	12
3216	3218	7837	12
1968	4491	8285	12
4073	4644	9056	12
5667	9091	9913	12
2420	2421	8532	12
7016	8149	8150	12
687	9070	10235	12
4272	5169	7724	12
5756	6404	7480	12
5731	8315	9341	12
2783	4215	9778	12
4019	4690	9700	12
6794	7463	7464	12
7720	7721	7722	12
606	608	9382	12
5137	5305	10100	12
3849	7802	9921	12
2422	9545	9620	12
3527	3753	8290	12
4644	9055	9056	12
1258	8223	8737	12
577	579	8230	12
594	4512	8978	12
2828	3959	8918	12
3527	3529	8290	12
605	11476	11478	12
3357	7839	9830	12
3542	9044	10030	12
4196	9622	9746	12
608	1139	9382	12
5958	7264	10500	12
4048	8016	10415	12
571	572	573	12
581	5698	9040	12
5148	6182	7512	12
3534	3536	10086	12
2421	8532	9533	12
2828	2830	8918	12
5137	5138	6198	12
1637	1749	8728	12
2738	3812	8532	12
6497	6499	7371	12
5731	7750	7751	12
6452	6494	6495	12
5958	5960	7264	12
4688	4690	5293	12
6625	7071	7172	12
7723	7724	7725	12
4678	5731	7750	12
3766	4073	4074	12
1650	1659	9096	12
5962	5963	6714	12
4350	5137	5305	12
5064	5065	6186	12
1622	1624	9016	12
594	596	8978	12
5064	6186	6193	12
6540	9044	10030	12
4329	5148	5149	12
5279	7071	9533	12
6452	6495	6496	12
3541	10113	10152	12
1622	2003	9016	12
7018	7030	8149	12
3357	3358	3836	12
1968	2067	8285	12
7464	7465	7466	12
2792	2793	3809	12
3810	3812	4019	12
2792	3809	6451	12
2783	2784	2785	12
8014	8016	10073	12
5169	7723	7724	12
2772	3296	3849	12
2060	3963	9596	12
3192	3963	4801	12
2422	2738	2739	12
7882	9545	9620	12
2649	5698	6283	12
6496	6497	6498	12
2770	3069	7802	12
6606	9959	10155	12
6187	6189	7275	12
1618	1620	9489	12
2738	2739	3810	12
2831	4488	9750	12
3812	4019	4020	12
1762	1763	1968	12
3809	6451	6452	12
591	1903	7747	12
610	612	9552	12
1632	5667	9091	12
2781	2782	2783	12
4399	4400	5064	12
2067	2068	2198	12
6283	6998	7188	12
3836	4398	4399	12
2198	2199	2267	12
2420	2422	2738	12
609	1191	8573	12
3849	3850	4179	12
2649	6283	6998	12
3766	3767	4073	12
5279	6625	7071	12
2267	2420	2422	12
5148	5150	6182	12
3194	3965	8671	12
2104	2257	5450	12
6186	6193	7281	12
591	593	7747	12
4179	4350	5137	12
1983	8869	9359	12
4020	4688	4689	12
5803	5804	7006	12
2267	2268	2420	12
2068	2104	8146	12
3193	4196	9622	12
2430	2780	2781	12
1629	1636	1762	12
3296	3849	3850	12
2067	2198	2199	12
3836	4399	4408	12
1968	1969	2067	12
1969	2067	2068	12
5950	5951	5952	12
3963	4801	5260	12
581	582	9040	12
3069	7802	10404	12
2782	2783	2784	12
1617	1619	1761	12
4801	4910	6294	12
2785	2786	3357	12
1623	1625	1888	12
2738	3810	3812	12
1653	1960	8321	12
6100	6793	6794	12
575	577	4007	12
1762	1968	4491	12
3809	6452	6494	12
2793	3194	8671	12
2060	2132	9596	12
7512	9102	9103	12
3536	3538	3544	12
6187	6188	6189	12
4520	4884	4885	12
4400	5064	5065	12
7014	7017	7926	12
5946	5947	5948	12
3526	3528	3541	12
4398	4399	4400	12
1620	2003	9489	12
5958	5959	5960	12
2781	2783	4215	12
1763	1968	1969	12
2268	2420	2421	12
5962	7236	10459	12
5963	6714	6715	12
3536	3537	3538	12
3538	3539	3766	12
4328	4329	4330	12
4032	7630	10445	12
2103	5751	9074	12
5956	5957	5958	12
3850	4179	4350	12
2788	2791	2792	12
2739	3810	3811	12
3194	3964	3965	12
4019	4020	4688	12
5731	7751	8315	12
6199	6200	6201	12
2770	2771	2772	12
2772	3295	3296	12
3530	3532	10030	12
581	2649	5698	12
1634	1637	8728	12
2257	2430	8755	12
7017	7020	7926	12
3534	3535	3536	12
2785	3357	3358	12
9269	9606	9912	12
2830	2901	8918	12
2199	2267	2268	12
7013	7015	7016	12
6495	6496	6497	12
4678	5264	7750	12
6403	7310	7481	12
5952	5953	5954	12
3965	4328	4329	12
9055	9056	9057	12
1984	2060	3192	12
1636	1762	1763	12
3358	3836	4398	12
2792	6451	7839	12
572	573	574	12
5947	8452	9689	12
5945	5964	7326	12
6100	7405	7462	12
2784	2785	2786	12
8011	8012	8013	12
3526	3527	3528	12
3964	3965	4328	12
5962	6714	7236	12
7465	7466	7467	12
4329	4330	5148	12
5138	6198	6199	12
620	622	9224	12
3192	4801	4910	12
3688	4678	5731	12
5264	7752	7753	12
5952	10413	10737	12
1618	8616	9489	12
579	581	2649	12
3531	3533	9428	12
589	591	1903	12
4019	4688	4690	12
5955	5956	5957	12
8318	8319	8320	12
579	2649	8230	12
2830	2832	2901	12
1629	1630	1636	12
5953	5955	9044	12
687	9606	9912	12
6623	11064	11083	12
7009	7011	7025	12
3524	3526	7732	12
7018	7022	7030	12
5698	6283	7001	12
6605	6606	7630	12
2793	3809	8671	12
4179	5137	5138	12
601	603	2447	12
5953	5954	5955	12
7724	7725	7726	12
3533	3534	3535	12
6498	7387	7511	12
2791	2792	2793	12
8011	8013	8014	12
573	574	575	12
1969	2103	9074	12
2421	3330	5279	12
1619	1620	1621	12
3812	4020	5500	12
5756	6605	7480	12
4329	5149	8670	12
4885	5945	5946	12
5264	7750	7752	12
5960	5961	5962	12
2060	3192	3963	12
3532	3533	3534	12
3218	3220	4032	12
595	597	1258	12
7386	7387	7559	12
6606	7630	7631	12
5753	9374	10155	12
4073	4075	4644	12
1621	1622	1623	12
6406	9834	10013	12
5065	6186	6187	12
2780	2781	2782	12
6495	6497	6499	12
7463	7464	7465	12
1623	1624	1625	12
5957	5958	5959	12
1660	3688	3970	12
3223	3225	3226	12
2786	2787	2788	12
8316	8318	8319	12
622	625	9224	12
609	610	611	12
3530	3531	3532	12
613	614	615	12
1258	1983	1984	12
3524	3525	3526	12
2430	2779	2780	12
6182	6190	7472	12
2827	2829	8348	12
611	612	613	12
609	611	8573	12
3214	3216	4048	12
597	1258	1983	12
585	587	3700	12
1643	1645	1883	12
4678	4772	5264	12
2829	4488	8348	12
3528	3529	3530	12
3223	3224	3225	12
3212	4053	8010	12
605	606	607	12
3210	3212	4053	12
1984	2059	2060	12
1627	1628	1629	12
8315	8316	8318	12
2068	2103	2104	12
3532	3534	3542	12
1653	1655	1960	12
2104	2256	2257	12
2257	2429	2430	12
575	576	577	12
4488	9263	9750	12
7751	8316	8317	12
2827	8348	8869	12
6498	7386	7387	12
615	616	617	12
3525	3526	3527	12
1983	1984	2059	12
1632	1634	5667	12
3688	5731	9341	12
612	3687	9552	12
1655	1656	1657	12
1649	1651	4112	12
618	620	621	12
2132	2828	3959	12
5260	5802	5803	12
3688	3970	4678	12
5947	5948	5949	12
1634	5667	8728	12
3529	3530	3531	12
3527	3528	3529	12
1617	1618	1619	12
5948	5950	6460	12
3218	3219	3220	12
5753	5754	5755	12
574	575	576	12
2649	6998	8230	12
4520	9689	9967	12
3537	3538	3539	12
5961	5962	5963	12
5955	5957	10085	12
1625	1626	1627	12
5756	5757	6404	12
4053	8011	8012	12
1653	1654	1655	12
3535	3536	3537	12
3531	4147	9428	12
4885	5946	5947	12
8012	8013	8015	12
7751	8315	8316	12
9224	9834	10013	12
2833	3206	3207	12
3210	3211	3212	12
577	578	579	12
3212	3213	3214	12
4884	4885	5945	12
2198	2267	9620	12
3214	3215	3216	12
601	602	603	12
4910	6294	6295	12
607	608	609	12
1657	1660	3688	12
4881	6403	7310	12
2067	2199	8285	12
7631	7632	7633	12
3208	3209	3210	12
5951	5952	5953	12
616	617	618	12
5754	5756	5757	12
2059	2060	2132	12
1637	1639	1749	12
3531	3532	3533	12
5949	5950	5951	12
607	609	1191	12
3220	3221	3222	12
588	589	590	12
2771	2772	3295	12
614	615	616	12
3850	4350	4791	12
3811	4881	6403	12
4488	9263	10065	12
579	580	581	12
1969	2068	2103	12
1657	1658	1660	12
604	3625	9912	12
620	621	622	12
6404	7480	10233	12
1651	1652	1653	12
9382	10089	10242	12
603	604	605	12
1618	1619	1620	12
1649	1650	1651	12
7020	7021	7023	12
3213	3214	3215	12
3216	3217	3218	12
1622	1623	1624	12
2268	2421	3330	12
608	609	610	12
598	600	9070	12
2831	2833	9750	12
3529	4147	8290	12
3766	4074	10440	12
1628	1629	1630	12
1657	3688	9341	12
578	579	580	12
6606	7631	9959	12
2833	3207	3208	12
1626	1627	1628	12
5667	8728	8729	12
1624	4566	9016	12
1645	1646	1647	12
1656	1657	1658	12
592	593	594	12
6496	6498	7386	12
4884	5945	5964	12
8013	8014	9269	12
5279	6623	6625	12
602	603	604	12
606	607	608	12
604	605	606	12
2739	3811	4881	12
580	581	582	12
1636	1763	3719	12
1638	1639	1640	12
3219	3220	3221	12
7017	7019	7020	12
2788	2790	2791	12
3209	3211	9424	12
6494	8670	8671	12
3970	4678	4772	12
4330	5148	5150	12
611	613	3853	12
604	606	3625	12
1630	1632	9091	12
2769	2770	2771	12
2784	2786	2787	12
3963	5260	5802	12
1624	1625	1626	12
594	595	596	12
576	577	578	12
610	611	612	12
612	613	614	12
1647	1648	1649	12
1654	1656	3622	12
3529	3531	4147	12
3627	5753	5754	12
590	591	592	12
1641	1642	1643	12
2429	2430	2779	12
2787	2788	2790	12
3964	4328	4770	12
6188	6189	7261	12
1620	1621	1622	12
3539	3766	3767	12
600	601	602	12
2103	2104	2256	12
2256	2257	2429	12
2779	2780	3195	12
606	3625	9382	12
3221	3223	3224	12
7008	7009	7010	12
3193	3194	3962	12
6404	6405	7609	12
2793	3193	3194	12
1654	1655	1656	12
5283	7068	7070	12
608	610	1139	12
1655	1657	9341	12
620	3627	9224	12
4408	7749	9830	12
5948	5949	5950	12
1648	1650	9096	12
3767	4073	4075	12
3295	3982	4395	12
589	590	591	12
1646	1647	1648	12
1648	1649	1650	12
587	588	589	12
1638	1640	1753	12
5947	5949	8452	12
6295	6461	7507	12
2422	2739	9545	12
1634	1635	1637	12
2827	2828	2829	12
599	601	8977	12
5150	6182	6190	12
586	587	588	12
5954	5956	6449	12
610	1139	9552	12
1650	1652	1659	12
614	3687	9374	12
1652	1653	1654	12
600	687	9070	12
2832	2833	3206	12
3209	3210	3211	12
3211	3212	3213	12
1635	1637	1638	12
585	586	587	12
7011	7012	7013	12
596	597	598	12
5754	5755	5756	12
2829	2831	4488	12
4769	7226	7227	12
3221	3222	3223	12
593	594	595	12
595	596	597	12
2830	2831	2832	12
7017	7018	7019	12
1650	1651	1652	12
241	242	553	12
618	619	620	12
4772	5264	9603	12
3217	3218	3219	12
3812	5500	8532	12
1639	1640	1641	12
588	590	1901	12
3209	3301	9424	12
4769	7225	7226	12
5755	5756	6605	12
591	592	593	12
1643	1644	1645	12
5138	6199	6200	12
7018	7019	7022	12
592	594	4512	12
4693	6659	9710	12
7013	7014	7015	12
2829	2830	2831	12
582	584	585	12
3810	3811	9700	12
5957	5959	7746	12
239	240	467	12
2132	2827	2828	12
3358	4398	5732	12
5804	7007	7008	12
599	600	601	12
5804	7006	7007	12
3533	3535	4144	12
601	2447	8977	12
612	614	3687	12
8013	9269	9606	12
598	599	600	12
3207	3208	3209	12
5954	5955	5956	12
600	602	687	12
1066	6197	9466	12
616	618	619	12
1633	1635	3442	12
619	3627	5753	12
3330	5279	6623	12
2059	2132	2827	12
1640	1641	1642	12
3194	3962	3964	12
5149	8670	9960	12
1624	1626	4566	12
1763	1969	9074	12
596	598	599	12
619	620	3627	12
243	244	406	12
2199	8285	9177	12
1644	1645	1646	12
3962	3964	9631	12
5757	6405	6406	12
7024	7027	7028	12
5667	8729	9913	12
5757	6406	9834	12
4910	6295	6461	12
1630	1631	1632	12
3215	3217	4120	12
235	236	413	12
3533	4144	9428	12
7021	7024	7027	12
1632	1633	1634	12
5959	5960	5961	12
5802	5803	5804	12
1633	1634	1635	12
7015	7017	7018	12
622	624	625	12
1642	1643	1644	12
584	585	586	12
3215	3216	3217	12
3525	3527	3753	12
5951	5953	6540	12
2828	2829	2830	12
3963	5802	9596	12
3537	3539	4133	12
1644	1646	1921	12
4053	8010	8011	12
5759	7190	7191	12
228	229	421	12
3959	10140	10372	12
3962	4769	9631	12
6540	10113	10152	12
3211	3213	4114	12
3207	3209	3301	12
3193	3962	4196	12
5065	6187	6188	12
7630	7631	7632	12
1637	1638	1639	12
3528	3530	10152	12
6190	6191	6192	12
5150	6190	6191	12
237	238	556	12
4395	4396	4633	12
3542	9044	10085	12
7226	7227	7228	12
7007	7008	7009	12
7009	7010	7011	12
2257	5450	8755	12
7024	7028	7029	12
588	1901	9083	12
1631	1632	1633	12
232	233	489	12
7310	7311	7470	12
230	231	560	12
3211	4114	9424	12
1655	1960	9341	12
1628	1630	1631	12
5759	9622	9746	12
3982	4395	4396	12
7021	7023	7024	12
5755	6605	6606	12
7012	7013	7014	12
1620	1622	2003	12
2267	2422	9620	12
4196	4769	7225	12
2831	2832	2833	12
3357	3836	9830	12
5282	5283	7068	12
3330	6623	6624	12
2787	2790	4573	12
2103	2256	5751	12
3625	9269	9912	12
5757	6404	6405	12
6200	6201	6202	12
8012	9263	9751	12
2791	2793	3193	12
7633	10073	10242	12
580	582	583	12
582	583	584	12
6605	7630	10445	12
5500	8532	9533	12
7010	7011	7012	12
3192	4910	8737	12
3965	8670	8671	12
7311	7881	7882	12
2429	2779	2789	12
611	3853	8573	12
3982	4396	4582	12
5961	5963	7450	12
4396	4633	5282	12
7019	7020	7021	12
5264	7753	9603	12
2199	2268	9177	12
7311	7470	7881	12
4573	5759	7190	12
584	1066	9466	12
580	583	9710	12
3962	4196	4769	12
5282	7068	7069	12
2771	3295	3982	12
2132	3959	9596	12
2783	2785	9778	12
4633	5282	5283	12
4769	7227	9631	12
1066	5170	6197	12
619	5753	9374	12
231	232	9210	12
7227	7228	7229	12
4396	4582	9488	12
578	580	9710	12
584	586	9466	12
586	588	9083	12
7014	7015	7017	12
3809	6494	8671	12
6714	10904	10913	12
8012	8015	9263	12
3219	3221	11122	12
6494	6495	9960	12
3208	3210	9751	12
7008	10140	10372	12
2790	4573	5759	12
4881	7310	7311	12
592	4512	9262	12
4488	8348	10065	12
7311	7882	9545	12
6494	8670	9960	12
2256	5751	9999	12
3719	9091	9913	12
3218	4032	7837	12
231	560	9210	12
583	4693	9710	12
7092	10743	10755	12
5751	9657	9658	12
7068	7069	7122	12
6495	6499	9960	12
687	9606	10235	12
8977	11482	11484	12
596	599	8978	12
8013	8015	9606	12
232	489	9210	12
8348	8869	8870	12
590	1901	9262	12
5282	7069	9488	12
3965	4329	8670	12
7179	7222	11425	12
3538	3544	10440	12
5751	9074	9657	12
4396	5282	9488	12
598	9070	9359	12
590	592	9262	12
3541	8452	10113	12
602	604	9912	12
2833	3208	9750	12
3964	4770	9631	12
582	585	9040	12
2739	4881	9545	12
8015	9263	10065	12
245	246	551	12
1763	3719	9074	12
4196	7225	9746	12
230	560	9387	12
583	1066	4693	12
2256	2429	9999	12
1642	9813	10447	12
2769	2771	9933	12
576	578	9919	12
3537	4133	9115	12
3836	4408	9830	12
583	584	1066	12
625	9224	10013	12
2785	3358	9778	12
5754	5757	9834	12
8870	9070	10235	12
1636	3719	9091	12
7631	7633	9958	12
1630	1636	9091	12
3358	5732	9778	12
1066	4693	5170	12
2771	3982	9933	12
2104	5450	8146	12
5759	7191	9746	12
602	687	9912	12
3535	4144	9115	12
585	3700	9040	12
5751	9658	9999	12
3982	4582	9933	12
3719	9074	9657	12
3330	6624	9177	12
4881	7311	9545	12
5957	7746	10085	12
1626	4566	9811	12
5137	6198	10100	12
599	8977	8978	12
3534	3542	10086	12
574	576	2178	12
2268	3330	9177	12
1654	3622	10515	12
8014	9269	10089	12
614	616	9374	12
4520	4885	9689	12
2429	2789	9999	12
249	250	10119	12
5804	7008	10140	12
5138	6200	9921	12
8014	10073	10089	12
3535	3537	9115	12
3530	10030	10152	12
616	619	9374	12
7802	9921	10404	12
2790	5759	9622	12
247	248	466	12
2791	3193	9622	12
1646	1648	10484	12
7631	9958	9959	12
3687	9552	9959	12
586	9083	9466	12
3528	3541	10152	12
1644	1921	9813	12
5802	5804	10140	12
3544	7746	10366	12
4885	5947	9689	12
5956	6449	10500	12
578	9710	9919	12
3719	9657	9913	12
1635	1638	10537	12
3627	9224	9834	12
1139	9552	9958	12
229	230	9387	12
1629	1762	10539	12
8015	10065	10235	12
3625	9269	10089	12
597	1983	9359	12
9657	9658	10034	12
8015	9606	10235	12
1631	1633	10433	12
6461	8223	8737	12
2790	2791	9622	12
3627	5754	9834	12
1642	1644	9813	12
8348	8870	10065	12
6714	7236	10913	12
5946	10492	10736	12
613	615	9478	12
576	2178	9919	12
229	421	9387	12
3849	4179	9921	12
466	11405	11410	12
6404	7609	10233	12
5951	6540	10113	12
6715	9057	10887	12
1626	1628	9811	12
8729	9913	10034	12
4910	6461	8737	12
1628	1631	9811	12
5802	9596	10140	12
9263	9750	9751	12
6540	10030	10152	12
3959	8918	10372	12
6659	9710	9919	12
3625	9382	10089	12
6715	10887	10904	12
597	598	9359	12
4179	5138	9921	12
507	10119	11394	12
467	11423	11424	12
250	251	507	12
3539	3767	10035	12
3539	4133	10035	12
1139	9382	10242	12
5949	5951	10113	12
613	3853	9478	12
5949	8452	10113	12
6714	6715	10904	12
4400	7481	10595	12
9552	9958	9959	12
3959	9596	10140	12
6200	9921	10404	12
5963	6715	10395	12
3208	9750	9751	12
3538	3766	10440	12
9657	9913	10034	12
3542	10085	10086	12
7182	8289	10213	12
3206	10625	10661	12
7746	10085	10086	12
7014	7926	10555	12
7633	9958	10242	12
6605	7480	10445	12
1640	1642	10447	12
7173	7174	10680	12
9055	11015	11030	12
7633	10073	10415	12
1652	1659	10515	12
1659	10515	10736	12
8016	10073	10415	12
7008	7010	10372	12
250	507	10119	12
5753	5755	10155	12
8870	10065	10235	12
1656	3622	10483	12
5755	6606	10155	12
7632	7633	10415	12
4328	4330	10682	12
2901	8918	10497	12
5959	7746	10366	12
3301	10697	10730	12
5959	5961	10366	12
5960	5962	10459	12
1640	1753	10447	12
2901	10497	10555	12
6199	11459	11464	12
9055	9057	11030	12
7020	7023	10661	12
1646	1921	10484	12
5960	7264	10459	12
1139	9958	10242	12
2832	3206	10625	12
5956	5958	10500	12
5961	7450	10366	12
1921	9813	10413	12
1659	9096	10492	12
6200	6202	10404	12
1656	1658	10483	12
1652	1654	10515	12
1631	9811	10433	12
6189	7261	10491	12
4395	11082	11083	12
9054	9055	11015	12
5950	6460	10737	12
7012	10497	10555	12
4020	5500	10680	12
7010	7012	10497	12
5945	7326	10736	12
7326	10515	10736	12
1635	3442	10537	12
4400	5065	10595	12
1762	4491	10539	12
5698	9040	10707	12
3207	3301	10697	12
4770	9631	10708	12
7227	7229	10708	12
7012	7014	10555	12
8918	10372	10497	12
7010	10372	10497	12
7926	10555	10625	12
7024	7029	10730	12
7023	10661	10697	12
7926	10625	10661	12
1921	10484	10737	12
6188	10595	10614	12
5065	6188	10595	12
228	421	10830	12
6188	7261	10614	12
6460	10484	10737	12
2832	2901	10625	12
7023	10697	10730	12
2901	10555	10625	12
7179	11425	11439	12
7020	7926	10661	12
4020	4689	10680	12
4328	4770	10682	12
3206	3207	10697	12
2787	4573	10952	12
7029	10730	10778	12
5698	7001	10707	12
9057	10887	11030	12
1645	1883	10981	12
7227	9631	10708	12
7023	7024	10730	12
3206	10661	10697	12
9488	10743	10755	12
1649	4112	10969	12
4582	10743	10744	12
2782	2784	10952	12
4582	9933	10744	12
7069	9488	10755	12
4582	9488	10743	12
7030	8149	11041	12
3301	9424	10778	12
10100	11460	11465	12
1643	1883	11012	12
6623	6625	11083	12
7019	7021	10994	12
1639	1749	11048	12
5351	9496	11053	12
1921	10413	10737	12
3213	3215	11060	12
9811	10433	10913	12
7176	11465	11477	12
1659	10492	10736	12
8316	8317	11062	12
7176	10100	11465	12
7236	10433	10913	12
7750	7751	11084	12
6198	6199	11464	12
6199	6201	11459	12
227	228	10830	12
3301	10730	10778	12
7176	7177	11477	12
3217	3219	11102	12
7069	10755	10922	12
6793	6794	11201	12
6198	10100	11460	12
4566	10904	10913	12
2003	9016	10887	12
4566	9016	10904	12
9016	10887	10904	12
4566	9811	10913	12
6198	11460	11464	12
7069	7122	10922	12
4112	8320	11432	12
8320	11430	11432	12
8319	8320	11430	12
507	7421	11021	12
2784	2787	10952	12
1647	10969	10981	12
2003	10887	11030	12
1647	1649	10969	12
1645	1647	10981	12
7070	7171	11378	12
1641	11012	11048	12
7019	7022	10994	12
1641	1643	11012	12
9489	11015	11030	12
8616	9489	11015	12
5283	11064	11378	12
8285	9177	11306	12
5351	7728	11053	12
1639	1641	11048	12
2003	9489	11030	12
8149	8150	11041	12
3213	4114	11060	12
6623	6624	11064	12
8316	8319	11062	12
6625	7172	11082	12
7750	7752	11084	12
7725	7726	11484	12
7194	10119	11394	12
7193	7194	11394	12
3217	4120	11102	12
3219	11102	11122	12
3224	3225	11139	12
6193	7387	11424	12
6794	7464	11201	12
489	11439	11445	12
413	7222	11425	12
551	9103	11414	12
406	7371	11415	12
8319	11062	11421	12
6625	11082	11083	12
556	7275	11428	12
467	7281	11426	12
7275	11428	11429	12
6190	6192	11410	12
4573	10952	11433	12
7728	11053	11476	12
7512	9103	11414	12
551	9103	11418	12
7281	11426	11427	12
466	7472	11411	12
9102	9103	11420	12
7371	11415	11422	12
406	7371	11420	12
7194	10119	11405	12
248	466	11405	12
249	10119	11405	12
7194	11405	11410	12
246	551	11411	12
6497	6498	11422	12
243	406	11415	12
242	553	11415	12
247	466	11411	12
553	7511	11423	12
244	406	11418	12
4114	9424	11421	12
245	551	11418	12
6182	7472	11414	12
240	467	11423	12
241	553	11423	12
8319	11421	11430	12
6624	9177	11306	12
6186	6187	11427	12
6499	7371	11420	12
235	413	11425	12
239	467	11426	12
7511	11423	11424	12
238	556	11426	12
237	556	11428	12
236	413	11428	12
6189	10491	11429	12
7026	10952	11433	12
7193	7195	11394	12
7177	7178	11445	12
233	489	11439	12
6624	11306	11378	12
7171	11306	11378	12
4114	11062	11421	12
6197	9466	11447	12
6624	11064	11378	12
7726	7727	11481	12
248	249	11405	12
6192	7194	11410	12
246	247	11411	12
607	1191	11476	12
603	605	11478	12
242	243	11415	12
6182	7512	11414	12
8977	8978	11482	12
244	245	11418	12
6499	9102	11420	12
7179	11439	11445	12
6497	7371	11422	12
240	241	11423	12
7387	7511	11424	12
234	235	11425	12
9424	10778	11421	12
238	239	11426	12
6186	7281	11427	12
1191	11053	11476	12
236	237	11428	12
6189	7275	11429	12
7029	11430	11432	12
7028	7029	11432	12
234	11425	11439	12
4573	7190	11433	12
7029	10778	11430	12
10778	11421	11430	12
233	234	11439	12
7177	11445	11477	12
7178	7179	11445	12
7726	11481	11484	12
7723	7725	11480	12
7725	11480	11482	12
7722	7723	11479	12
7723	11479	11480	12
7722	11479	11483	12
7721	7722	11483	12
9083	9466	11447	12
421	11459	11464	12
6197	11447	11457	12
421	10830	11459	12
560	9387	11460	12
560	11460	11465	12
560	9210	11465	12
9083	11447	11483	12
421	9387	11464	12
9387	11460	11464	12
7721	11447	11483	12
1191	8573	11475	12
8573	11472	11475	12
9210	11465	11477	12
3853	8573	11472	12
605	607	11476	12
489	9210	11477	12
603	2447	11478	12
7727	7728	11481	12
4512	8978	11482	12
1901	11479	11483	12
1901	9262	11479	12
4512	11480	11482	12
4512	9262	11480	12
1901	9083	11483	12
2447	8977	11484	12
9262	11479	11480	12
489	11445	11477	12
7728	11478	11481	12
2447	11478	11481	12
7721	11447	11457	12
2447	11481	11484	12
1761	7092	8229	12
7048	9603	11139	12
252	253	401	12
401	570	571	12
3226	7609	8397	12
8431	10483	10504	12
3753	7405	7627	12
4644	9053	9054	12
570	571	572	12
1617	1761	8229	12
6793	11201	11217	12
4075	4644	9053	12
4884	5964	9760	12
3525	3753	7628	12
4692	7720	7721	12
6405	6408	7609	12
3874	5169	7720	12
1660	3970	9417	12
6201	6203	6811	12
3874	4272	5169	12
2768	2770	3069	12
5166	5168	5351	12
1616	1618	8616	12
6097	6100	7405	12
6201	6202	6203	12
2768	2769	2770	12
4272	4273	5165	12
7467	7468	7476	12
5168	5351	9496	12
4505	4520	4884	12
4273	5165	5166	12
6405	6406	6407	12
7464	7466	7469	12
621	622	623	12
3523	3524	3525	12
1658	1660	1661	12
1616	1617	1618	12
622	623	624	12
618	621	9530	12
4693	6214	6659	12
3225	3226	3227	12
6099	6100	6793	12
4772	5660	9603	12
7090	7092	10743	12
5964	8430	10504	12
624	625	626	12
3767	4075	4076	12
3970	4772	5659	12
615	617	881	12
3522	3524	9967	12
615	881	9478	12
617	618	9530	12
7466	7467	7468	12
5170	6197	6821	12
4693	5170	6214	12
6197	6821	11457	12
625	9112	10013	12
1658	1662	10483	12
572	574	10172	12
3069	10404	10548	12
3767	4076	10035	12
7090	10743	10744	12
6406	10013	10215	12
2769	9933	9988	12
3540	4520	9967	12
574	2178	10172	12
4133	7476	10582	12
6202	10404	10548	12
4133	10035	10582	12
9054	11015	11049	12
9933	9988	10744	12
3225	3228	11139	12
7464	7469	11201	12
6353	11472	11475	12
6353	9496	11475	12
8616	11015	11049	12
227	10830	11469	12
6811	10830	11469	12
6659	9919	11489	12
4692	7721	11457	12
3853	11467	11472	12
3853	9478	11467	12
2178	9919	11489	12
7089	7092	8229	12
3228	7048	11139	12
253	401	569	12
401	569	570	12
3226	3227	8397	12
4505	4884	9760	12
4075	4077	9053	12
1662	8431	10483	12
3523	3525	7628	12
3970	5659	9417	12
1615	1617	8229	12
3872	4692	7720	12
3872	3874	7720	12
6408	7609	8397	12
5168	5442	9496	12
623	624	9009	12
3874	3875	4272	12
6097	6099	6100	12
1615	1616	1617	12
5166	5167	5168	12
6097	7405	7627	12
3522	3523	3524	12
5442	6353	9496	12
3875	4272	4273	12
2767	2768	2769	12
4075	4076	4077	12
624	626	627	12
3540	4505	4520	12
3225	3227	3228	12
6405	6407	6408	12
1616	2215	8616	12
1658	1661	1662	12
4772	5659	5660	12
621	623	3848	12
621	3848	9530	12
5660	7048	9603	12
625	626	9112	12
3753	7627	7628	12
7089	7090	7092	12
4273	5166	5167	12
6202	6203	6204	12
617	881	6598	12
5964	8430	9760	12
6113	9053	9054	12
4076	8643	10035	12
617	6598	9530	12
570	572	3825	12
1660	1661	9417	12
6406	6407	10215	12
2767	2769	9988	12
7090	7319	10744	12
3522	3540	9967	12
6113	9054	11049	12
9112	10013	10215	12
572	3825	10172	12
8430	8431	10504	12
3069	10548	10655	12
6202	6204	10548	12
8643	10035	10582	12
7319	9988	10744	12
1042	7469	11201	12
2768	3069	10655	12
7468	7476	11164	12
1042	11201	11217	12
6821	11457	11458	12
6354	11467	11472	12
6353	6354	11472	12
7466	7469	11176	12
2215	8616	11049	12
7466	7468	11176	12
6099	6793	11182	12
7476	10582	11164	12
6793	11182	11217	12
6659	11488	11489	12
5170	6821	11486	12
6811	11469	11474	12
6214	6659	11488	12
881	9478	11463	12
226	227	11469	12
6203	6811	11474	12
9478	11463	11467	12
5170	6214	11486	12
4692	11457	11458	12
2178	10172	11490	12
2178	11489	11490	12
543	7533	7534	13
487	6924	6930	13
6273	9303	9363	13
448	7541	9163	13
431	6935	11794	13
431	6935	11593	13
543	7533	11654	13
107	499	7538	13
487	6924	11655	13
6273	9303	11644	13
431	8198	11593	13
125	11595	11794	13
5677	6935	11593	13
448	7541	11631	13
6934	11595	11794	13
558	6971	8198	13
5677	6935	11808	13
6934	6935	11794	13
107	108	7538	13
487	6930	6931	13
6895	11555	11708	13
475	7531	7537	13
7541	9163	11607	13
431	8198	11695	13
475	7531	7533	13
499	7538	11619	13
6895	6897	11555	13
7528	7530	7537	13
4192	11580	11581	13
6932	11580	11646	13
6273	9363	11606	13
7528	7531	7537	13
7548	11578	11715	13
517	11555	11708	13
566	11578	11715	13
10182	11673	11729	13
7549	11672	11716	13
9328	11674	11785	13
99	11671	11780	13
80	11670	11776	13
83	11667	11775	13
7530	7537	7538	13
6932	6933	11646	13
558	6971	11644	13
558	8198	11695	13
543	7534	11607	13
6930	6931	6932	13
482	11674	11785	13
6938	11671	11780	13
7565	11670	11776	13
7921	11667	11775	13
436	11673	11729	13
494	11672	11716	13
6932	11580	11581	13
6931	6932	6933	13
6931	6933	6934	13
9008	11631	11832	13
6933	6934	6935	13
3903	3978	9088	13
6329	7053	7234	13
6244	7053	7234	13
4450	7105	8086	13
6309	7104	8086	13
7104	7105	8086	13
7289	7290	11198	13
5278	6244	7234	13
5278	7234	9749	13
6730	8087	11186	13
4450	7105	8087	13
3903	3904	9088	13
1509	7332	8813	13
3978	7104	9088	13
5084	9483	11090	13
6117	7332	8813	13
5278	9749	10704	13
7593	7594	10834	13
4820	4821	10561	13
6309	7104	9088	13
6390	8406	11225	13
4820	7434	8586	13
6635	7289	11198	13
5329	9349	10128	13
7433	7434	8586	13
6415	8854	10809	13
5329	9423	10128	13
4820	7434	10561	13
3904	9088	10704	13
3904	9749	10704	13
5276	6309	10704	13
5085	7455	7456	13
1114	1131	8560	13
2888	8053	10880	13
2887	10746	10781	13
4210	7433	8586	13
4210	7423	7433	13
7673	7675	10918	13
6436	8053	10908	13
5085	7456	9069	13
6436	10908	10927	13
7577	10082	10844	13
3721	7594	10834	13
8087	8835	9895	13
2888	10842	10880	13
6390	10746	10781	13
6415	8854	10842	13
5918	6415	10809	13
7105	8087	11186	13
7620	9195	10341	13
2888	8053	10908	13
1733	7618	7619	13
4507	7621	9195	13
6415	10842	10880	13
7618	7766	9884	13
6738	9483	11090	13
3737	7766	9884	13
7620	7621	9195	13
3645	7216	8035	13
1458	1509	11127	13
7594	9349	10128	13
2887	8854	10809	13
3645	7216	7593	13
7593	8560	10834	13
1071	1114	8560	13
1131	3645	8560	13
7619	7620	9198	13
4821	5329	10561	13
7620	9198	10341	13
4450	8087	9895	13
3721	7594	10128	13
7654	8192	10958	13
7216	7217	8035	13
1733	7619	9198	13
7217	8035	9357	13
1733	7618	9884	13
5991	8053	10880	13
6309	9088	10704	13
6730	8087	8835	13
5198	7542	7735	13
6729	6730	11186	13
5329	9423	10561	13
2147	8487	9448	13
5198	7542	7734	13
5943	9649	10607	13
6014	8487	9448	13
2887	10781	10809	13
2129	9069	11000	13
6729	11186	11192	13
6729	7289	11192	13
7675	10120	10918	13
7577	9026	10844	13
7290	8813	11198	13
5276	5278	10704	13
4275	7540	7734	13
4507	7621	10358	13
7432	7433	7434	13
4275	7539	7540	13
1509	7332	11127	13
7540	7542	7734	13
9117	11114	11179	13
4275	7539	7543	13
5198	7735	8833	13
1429	9357	10768	13
2857	10047	10489	13
7431	7432	7433	13
1723	1782	9069	13
5395	8959	9936	13
5190	5192	8406	13
3351	7363	10047	13
7621	10358	10375	13
1462	1479	8812	13
1437	2147	10640	13
8959	9308	9551	13
5114	7673	7674	13
5973	9740	10667	13
3351	10358	10375	13
2881	3190	7543	13
5546	7639	7641	13
8959	9308	9936	13
5395	8958	8959	13
1509	8812	8813	13
5114	7672	7673	13
6390	10746	11225	13
3190	4275	7543	13
5108	5110	7672	13
101	494	7552	13
7616	7618	7619	13
1456	1460	8779	13
5015	9649	10607	13
5395	8958	9954	13
5192	6390	8406	13
1479	7685	8812	13
5108	5114	7672	13
7535	8346	9803	13
5874	7922	10137	13
1723	2129	9069	13
3558	5421	8777	13
1782	5085	9069	13
5190	5546	8406	13
7654	7674	9386	13
5546	7641	8406	13
1734	1951	7685	13
2251	8192	10958	13
3343	8032	8033	13
1462	1509	8812	13
1479	1734	7685	13
7545	7549	10021	13
5084	5085	11090	13
4764	7527	7544	13
7363	10047	10489	13
5101	6068	8080	13
2862	9307	9308	13
8957	8959	9551	13
4333	5198	7734	13
5099	5101	8080	13
946	10315	10403	13
943	8594	8597	13
6886	7549	10021	13
2862	9308	9551	13
5118	7652	7653	13
3900	3906	10157	13
2845	4507	10358	13
1435	2147	7826	13
95	528	7945	13
5675	7900	9568	13
2272	2538	7930	13
2538	2882	7930	13
3351	7363	10375	13
5104	5106	9386	13
2106	2240	9385	13
1460	1727	8779	13
5103	5118	7652	13
2272	7754	7930	13
1450	6112	8032	13
102	566	7552	13
5117	7574	7575	13
4283	4764	7527	13
3920	4333	7734	13
102	103	566	13
5811	7616	7617	13
5421	7765	8777	13
90	444	8019	13
5109	5395	9936	13
2114	2272	7754	13
2862	8090	9307	13
3950	9006	9803	13
7673	7674	7675	13
4764	7545	10021	13
5112	5117	7574	13
7456	11000	11005	13
6112	8032	8033	13
3892	5675	9568	13
5116	5811	7616	13
1154	3645	8035	13
1433	1435	7826	13
2147	8487	10640	13
3906	7922	10157	13
4332	4450	8086	13
5110	7574	7672	13
3904	9749	10136	13
101	102	7552	13
92	530	8190	13
5114	7674	9386	13
5100	8519	9718	13
3895	10075	10157	13
5115	5829	10082	13
1441	5548	8517	13
7535	7539	9803	13
96	528	8092	13
1456	8779	9117	13
7930	8835	9895	13
2016	2106	9385	13
88	527	8164	13
2889	9740	10667	13
4194	7900	9568	13
943	945	8594	13
3182	3950	8886	13
94	95	7945	13
1727	7765	8778	13
2863	3342	8090	13
2240	8507	9385	13
2881	7543	9006	13
3906	7922	10137	13
2897	3950	9006	13
6825	7920	7921	13
1951	4653	7685	13
1154	1166	8035	13
1446	1450	8032	13
5917	6825	7920	13
4192	7984	10170	13
3950	8346	9803	13
6826	7564	7565	13
3786	4192	10170	13
4764	7544	7545	13
7527	7528	7530	13
8161	9518	9781	13
5191	6826	7564	13
7616	7617	7619	13
90	91	8019	13
3912	4283	4740	13
5974	6830	8040	13
2240	2364	8507	13
9092	9667	9956	13
5104	5118	9386	13
2920	8161	9781	13
8880	9026	9854	13
3950	8346	8886	13
100	101	494	13
3645	7593	8560	13
3342	8090	8519	13
2920	3268	8161	13
4332	4798	8086	13
3182	3912	8886	13
7574	7575	7576	13
5679	6971	8197	13
2849	3351	10047	13
4740	7527	7528	13
92	93	8190	13
7217	9357	10768	13
4283	4740	7527	13
7531	7532	7533	13
3920	4332	4333	13
5993	6436	8053	13
2881	2882	3190	13
8192	8193	10965	13
7528	7529	7531	13
5106	5114	9386	13
5277	5278	6244	13
2860	2863	8090	13
5118	7653	7654	13
2897	3182	3950	13
5099	6087	8080	13
7766	10082	10844	13
7529	7531	7532	13
5100	5102	9718	13
4653	6729	7289	13
3920	4275	7734	13
5676	5679	8197	13
5112	5115	5117	13
3190	3191	3920	13
3902	3904	10136	13
3268	4232	8161	13
4154	5576	9593	13
4333	4798	4799	13
6244	6895	6897	13
5014	6588	9602	13
1441	1443	8517	13
5974	6004	8040	13
4798	4799	5276	13
88	89	8164	13
7217	10767	10768	13
94	458	7945	13
91	530	8019	13
6971	8197	8198	13
6730	8835	9796	13
7543	9006	9803	13
97	470	8092	13
4232	5694	8161	13
7536	7540	7541	13
1951	2055	4653	13
1722	3558	8777	13
1727	7765	8777	13
96	97	8092	13
5117	7575	7577	13
2114	2241	2272	13
6244	6897	7053	13
5944	5972	9644	13
1433	3328	7826	13
86	8417	8418	13
93	458	8190	13
1951	2009	2055	13
3912	4740	8886	13
3191	3920	4332	13
2272	2377	2538	13
97	98	470	13
89	444	8164	13
6466	9307	9308	13
5014	5937	6588	13
5991	5993	8053	13
5099	5100	5101	13
5102	5103	5104	13
93	94	458	13
1435	1437	2147	13
1166	1185	9357	13
2009	2055	9796	13
5874	5876	10137	13
4799	5276	5277	13
5276	5277	5278	13
5824	5942	9736	13
5110	5112	7574	13
5103	5104	5118	13
1446	1447	1448	13
2130	5739	9669	13
5993	6019	6436	13
2055	4653	6729	13
5025	5970	7896	13
91	92	530	13
5918	5989	6415	13
1437	1438	1439	13
2377	2538	2700	13
89	90	444	13
2882	3190	3191	13
2147	7826	9448	13
95	96	528	13
2538	2881	2882	13
1441	1442	1443	13
951	1057	8915	13
5829	7766	10082	13
85	436	8418	13
8594	8595	8596	13
1453	1456	1457	13
4653	7289	7290	13
3269	4820	8586	13
7544	7545	7546	13
3558	5084	5119	13
6695	7593	7594	13
1447	1448	1449	13
1448	1449	1452	13
5103	6068	7652	13
2078	2114	7754	13
87	88	527	13
1166	8035	9357	13
5112	5113	5115	13
2538	2700	2881	13
1452	1453	1456	13
85	86	8418	13
5008	6695	9349	13
5989	5990	5991	13
7532	7533	7534	13
7534	7535	7536	13
4740	7528	7529	13
1443	1444	1446	13
5110	5111	5112	13
1439	1441	5548	13
1449	1452	1453	13
5188	5190	5546	13
2841	2843	9193	13
2364	2841	8507	13
1458	1462	1509	13
3190	3920	4275	13
1435	1436	1437	13
1457	1460	1461	13
8090	8519	9307	13
5101	5102	5103	13
2843	2845	4507	13
4263	5099	5100	13
1734	1943	1951	13
5106	5108	5114	13
4332	4333	4798	13
1450	1454	6112	13
84	85	436	13
3892	3954	5675	13
1439	1440	1441	13
2847	2849	3351	13
1431	1433	3328	13
3900	3902	3906	13
5106	5107	5108	13
5116	5829	7616	13
3342	4262	4263	13
1446	1448	8032	13
7536	7539	7540	13
1461	1506	1507	13
1460	1461	1506	13
2863	2865	3342	13
2851	2853	2857	13
2241	2272	2377	13
2865	3342	4262	13
1433	1434	1435	13
1722	1723	1782	13
6921	6922	6924	13
5108	5109	5110	13
4798	5276	6309	13
1431	1432	1433	13
945	2651	8594	13
2055	6730	9796	13
3342	4263	8519	13
2865	2866	8367	13
5676	5677	8197	13
2860	2862	8090	13
3786	3886	4192	13
81	82	482	13
1461	9092	9667	13
4263	5098	5099	13
7532	7534	7535	13
1444	1446	1450	13
5190	5191	5192	13
5675	5676	5677	13
8507	9193	9194	13
1443	1447	8517	13
1456	1457	1460	13
5100	5101	5102	13
2843	4507	9193	13
1506	1507	1722	13
5277	6244	6895	13
4263	5100	8519	13
3558	5119	5421	13
7527	7530	7544	13
1440	1441	1442	13
1943	1951	2009	13
4232	5024	5694	13
1443	1446	1447	13
1429	1430	1431	13
5115	5116	5829	13
2241	2377	9601	13
1507	1722	1723	13
1442	1443	1444	13
2841	8507	9193	13
5192	5914	6390	13
1448	1452	3343	13
2858	2860	2862	13
4262	4263	5098	13
5676	5678	5679	13
8957	8958	8959	13
7290	8812	8813	13
2889	10646	10667	13
7574	7576	7672	13
5991	5992	5993	13
7539	7543	9803	13
1438	1439	1440	13
1722	1782	3558	13
3892	3893	3954	13
1723	1882	2129	13
5876	6273	6329	13
1460	1506	1727	13
1436	1437	1438	13
1185	1217	1429	13
2129	2130	2574	13
5823	5824	5941	13
4154	4645	5576	13
87	527	8417	13
3886	3887	4194	13
7540	7541	7542	13
1782	3558	5084	13
9193	9194	9195	13
5098	5099	6087	13
5875	5876	6273	13
5993	5994	6019	13
1453	1457	2057	13
7532	7535	8346	13
1184	1218	9033	13
5679	5875	6971	13
5191	5192	5193	13
4333	4799	5198	13
5694	8161	9518	13
1434	1435	1436	13
3902	3903	3904	13
3786	3787	3886	13
5102	5104	5105	13
1727	8778	8779	13
1131	1154	3645	13
4823	5008	9349	13
3785	3786	3787	13
5973	5974	6003	13
5101	5103	6068	13
5107	5108	5109	13
5119	5421	6090	13
4283	4302	4764	13
7754	7930	8835	13
1185	1429	9357	13
5679	5874	5875	13
3900	3901	3902	13
5917	5918	5919	13
4507	9193	9195	13
5914	5915	5916	13
2574	2575	2686	13
1432	1433	1434	13
5874	5875	5876	13
2860	2861	2863	13
1447	1449	3361	13
2055	6729	6730	13
945	951	2651	13
3180	3785	3786	13
1507	1723	1882	13
5111	5112	5113	13
1430	1431	1432	13
2130	2574	2575	13
5916	5917	5918	13
4232	4233	5024	13
3905	6634	9905	13
3897	3899	3900	13
5915	5916	5917	13
3787	3886	3887	13
7432	10315	10403	13
1449	3361	8763	13
3267	3269	8586	13
2851	2852	2853	13
5025	5908	7896	13
5105	5106	5107	13
3182	3183	3912	13
5192	5193	5914	13
1217	1429	1430	13
4740	7529	8886	13
950	3721	9422	13
1882	2129	2130	13
5104	5105	5106	13
5193	5914	5915	13
5116	5810	5811	13
7653	7654	8192	13
1165	1184	9033	13
5675	5677	7900	13
2855	2856	2858	13
2857	8957	8958	13
2853	2854	2855	13
6922	6924	6930	13
4060	9518	9781	13
5824	6828	9736	13
1448	3343	8032	13
1782	5084	5085	13
7653	8192	8193	13
7576	7672	7673	13
3978	5280	7104	13
2114	2239	2241	13
2858	2859	2860	13
3954	5675	5676	13
6695	7594	9349	13
5188	5189	5190	13
5737	9699	9878	13
6695	7216	7593	13
6004	6005	6006	13
4262	5098	6109	13
2863	2864	2865	13
3889	3891	3892	13
2364	2633	2841	13
5942	5943	5944	13
8519	9307	9718	13
5972	6830	9644	13
5992	5993	5994	13
2855	8957	9551	13
3191	4332	4450	13
4798	6309	8086	13
5918	5919	5989	13
3912	3913	4283	13
1449	1453	8763	13
5829	7616	7618	13
5943	5944	5971	13
5917	5919	7920	13
2843	2844	2845	13
3269	3734	4820	13
5109	5110	5111	13
6694	6695	7216	13
2859	2860	2861	13
2897	2898	3182	13
2849	2850	2851	13
3891	3892	3893	13
1479	1732	1734	13
6004	6831	8040	13
6588	9601	9602	13
2845	2846	2847	13
1458	1459	1462	13
1450	1451	1454	13
1453	2057	8763	13
2919	3267	4210	13
7529	7532	8346	13
5113	5115	5116	13
951	2651	8915	13
5829	7618	7766	13
5994	6019	6168	13
7546	7547	7548	13
5189	5190	5191	13
2854	2855	2856	13
5941	5942	5943	13
1462	1466	1479	13
2811	3180	3784	13
3897	3900	10157	13
4799	5198	8833	13
113	114	448	13
5191	5193	7564	13
7617	7619	7620	13
3898	3907	4154	13
2700	2701	2897	13
1732	1733	9198	13
5944	5971	5972	13
3268	3733	4232	13
2078	2106	2114	13
7639	7640	7641	13
6005	6006	6166	13
4821	4823	5329	13
3785	4248	9696	13
942	944	946	13
4653	7290	7685	13
2009	2016	2078	13
5678	5679	5874	13
5971	5972	5973	13
5990	5991	5992	13
5821	5822	5823	13
2847	2848	2849	13
3784	5601	8451	13
2841	2842	2843	13
7535	7536	7539	13
2861	2863	2864	13
4154	4155	4645	13
5972	5973	5974	13
2009	2078	9796	13
2251	10958	10961	13
2692	2917	2919	13
3180	3784	3785	13
3267	4210	8586	13
3954	5676	5678	13
1454	1455	1458	13
4303	5195	5821	13
950	1056	3721	13
944	950	9422	13
1882	2130	5739	13
5107	5109	9936	13
2919	4210	8999	13
3787	3887	3888	13
3888	3890	6079	13
2241	9601	9602	13
1447	3361	8517	13
1734	1942	1943	13
1430	1432	2251	13
1165	4535	9033	13
5919	5989	5990	13
3784	4248	5601	13
6003	6004	6005	13
126	127	487	13
5974	6003	6004	13
114	115	9008	13
1461	1507	9667	13
5024	5025	5908	13
5876	6329	6523	13
1444	1450	1451	13
1185	1216	1217	13
5025	5737	5970	13
2850	2851	2852	13
5193	5915	9328	13
115	116	517	13
2377	2700	2701	13
3889	3890	3891	13
2688	2689	2690	13
3893	3895	10075	13
2861	2887	8854	13
5102	5105	9718	13
6004	6006	6831	13
3901	3902	3903	13
2852	2853	2854	13
1440	1442	3654	13
7922	10075	10157	13
1444	1451	8880	13
3887	3888	3889	13
2651	8594	8595	13
5008	6694	6695	13
1057	1071	1072	13
1442	1444	8880	13
2575	2687	2688	13
3784	3785	4248	13
3893	3894	3895	13
2692	2919	2920	13
123	124	431	13
111	112	543	13
121	122	558	13
1218	1274	1275	13
120	121	9303	13
2919	2920	3267	13
4381	6634	6635	13
6523	9749	10136	13
945	950	951	13
2690	2691	2692	13
1154	1165	1166	13
3267	3268	3269	13
1153	1165	4535	13
119	120	9363	13
944	946	9422	13
5943	5971	9649	13
951	1056	1057	13
4233	5025	5737	13
3734	4820	4821	13
7984	10170	10333	13
6920	6922	7984	13
943	944	945	13
5915	5917	6825	13
3733	4232	4233	13
2846	2847	2848	13
1114	1130	1131	13
4155	4671	4672	13
1341	1367	3708	13
3888	3889	3890	13
118	119	437	13
1056	1057	1071	13
6694	7216	7217	13
4645	4671	6077	13
1131	1153	1154	13
1166	1184	1185	13
5118	7654	9386	13
3734	4821	4822	13
2842	2843	2844	13
4823	5007	5008	13
5105	5107	6466	13
7754	8835	9796	13
2856	2858	2859	13
3899	3900	3901	13
1275	1341	1342	13
2864	2865	2866	13
4302	4764	10021	13
3896	4153	9593	13
2363	2632	5014	13
5113	5116	5810	13
2844	2845	2846	13
2920	3267	3268	13
5421	6090	6748	13
1367	3708	9449	13
1436	1438	1445	13
8193	10965	10966	13
1452	3343	9117	13
4233	5024	5025	13
2848	2849	2850	13
6652	7455	7456	13
946	9422	9423	13
4262	6109	8367	13
4822	4823	5007	13
3891	3893	3894	13
3894	3896	4153	13
4155	4645	4671	13
3897	3898	3899	13
2692	2920	9781	13
950	951	1056	13
5014	5015	5937	13
5678	5874	7922	13
1451	1454	1455	13
2239	2241	9602	13
1216	1218	1274	13
5915	6825	9328	13
9092	9093	9956	13
2861	2864	2887	13
942	943	944	13
1184	1216	1218	13
2854	2856	2888	13
3907	4154	4155	13
7290	7685	8812	13
938	942	943	13
944	945	950	13
2859	2861	8854	13
3905	4381	6634	13
4799	5277	8833	13
3978	4381	5280	13
1438	1440	9457	13
5195	5821	5822	13
1071	1072	1114	13
1732	1734	1942	13
5992	6824	9264	13
2865	4262	8367	13
8507	9194	9385	13
4671	4672	5330	13
1341	1342	1367	13
2633	2841	2842	13
1218	1275	9475	13
1165	1166	1184	13
4821	4822	4823	13
5109	5111	5395	13
3269	3733	3734	13
4823	5329	9349	13
5737	5970	6014	13
1153	1154	1165	13
4233	5737	9699	13
1943	2009	2016	13
2688	2690	4060	13
2130	2575	9669	13
2848	2850	2890	13
1184	1185	1216	13
5280	7104	7105	13
1274	1275	1341	13
5990	5992	6824	13
5277	6895	8833	13
5189	5191	6826	13
1130	1131	1153	13
4248	5601	6738	13
3895	3896	3897	13
5810	5811	7363	13
5601	6738	10450	13
5421	6748	7765	13
6523	7234	9749	13
3898	3899	3907	13
1507	1882	9667	13
5942	5944	6829	13
3268	3269	3733	13
5008	6693	6694	13
5994	6168	6940	13
3896	3898	9593	13
2106	2114	2239	13
121	558	9303	13
5973	6003	9740	13
1455	1458	1459	13
5193	7564	9328	13
1466	1479	1732	13
1459	1462	1466	13
1440	3654	9457	13
1732	1942	9198	13
5822	5823	5824	13
1442	3654	8880	13
2363	5014	9602	13
1452	1456	9117	13
3896	3897	3898	13
3654	8880	9026	13
3894	3895	3896	13
2846	3729	9547	13
3903	3905	3978	13
5944	6829	9644	13
2239	2363	9602	13
3905	3978	4381	13
3898	4154	9593	13
5824	5941	5942	13
5007	5008	6693	13
2364	2632	2633	13
2844	2846	3729	13
3183	3913	10029	13
5972	5974	6830	13
114	448	9008	13
2016	2078	2106	13
2240	2363	2364	13
5970	6014	8487	13
4672	5330	6117	13
120	9303	9363	13
1466	1732	1733	13
119	437	9363	13
3733	4233	9699	13
2633	2842	2889	13
86	87	8417	13
5737	6014	9878	13
7529	8346	8886	13
3901	3903	3905	13
2363	2364	2632	13
4822	9699	9878	13
109	110	475	13
2632	5014	5015	13
4813	7432	10315	13
4721	6827	6886	13
1438	1445	9457	13
1455	1459	3737	13
6006	6831	6910	13
6329	6523	7234	13
5195	5822	10041	13
5330	6117	7332	13
2701	2897	2898	13
2377	2701	9601	13
5115	5117	10082	13
7617	7620	7621	13
3183	3912	3913	13
3743	9863	10029	13
5694	10298	10354	13
3785	3787	9696	13
2078	7754	9796	13
5942	6829	9736	13
1451	8880	9854	13
2898	3182	3183	13
2239	2240	2363	13
5084	5119	9483	13
2106	2239	2240	13
115	517	9008	13
9194	9195	10341	13
5821	5823	9863	13
2700	2881	9006	13
3889	3892	9568	13
5992	5994	9264	13
2898	3183	3743	13
2853	2857	8957	13
1882	5739	9667	13
3733	3734	9699	13
3787	3888	9696	13
112	543	9163	13
113	448	9163	13
4303	4721	5195	13
7575	7577	10851	13
3729	10712	10747	13
5821	9863	10029	13
2849	2851	10047	13
2851	2857	10047	13
112	113	9163	13
5994	6940	9264	13
3888	6079	9696	13
3901	3905	9905	13
2057	9092	9093	13
5111	5113	9954	13
7545	7546	7547	13
4721	5195	6827	13
5916	5918	10809	13
3913	4283	4302	13
3734	4822	9699	13
2700	2897	9006	13
2882	7930	9895	13
4155	4672	10205	13
3180	3786	10170	13
3191	4450	9895	13
9194	9385	10186	13
1367	1467	9449	13
5876	6523	10137	13
3887	4194	9568	13
5113	5810	9954	13
4302	4721	10021	13
1459	3737	9884	13
3913	4303	10029	13
5822	6828	10041	13
1467	1742	9449	13
6827	6886	6938	13
5822	5824	6828	13
1434	1436	10120	13
2575	2688	9669	13
5941	5943	10607	13
2853	2855	8957	13
3183	3743	10029	13
4302	4303	4721	13
2690	2692	9781	13
2016	9385	10186	13
1459	1466	9884	13
1943	2016	10186	13
2688	4060	9669	13
5111	5395	9954	13
5739	9669	10212	13
106	107	499	13
1506	1727	8777	13
4822	5007	9878	13
3890	3891	9732	13
3913	4302	4303	13
1506	1722	8777	13
7617	7621	10375	13
2857	8958	10489	13
6634	9905	10205	13
5739	9667	9956	13
4303	5821	10029	13
3887	3889	9568	13
4672	10205	10331	13
5105	6466	9718	13
4721	6886	10021	13
1466	1733	9884	13
1274	10966	10991	13
3894	4153	9732	13
2690	4060	9781	13
2882	3191	9895	13
6079	11067	11100	13
9093	10298	10354	13
5195	6827	10041	13
9956	10212	10298	13
2701	9601	10217	13
1457	1461	9092	13
4060	9669	10212	13
5823	5941	10604	13
6466	9307	9718	13
1457	2057	9092	13
2846	2848	9547	13
3895	3897	10157	13
7545	7547	7549	13
3721	9422	10128	13
4060	9518	10212	13
8487	10605	10640	13
5117	7577	10082	13
1436	1445	10120	13
5811	7617	10375	13
2858	2862	9551	13
5739	9956	10212	13
1942	1943	10186	13
2855	2858	9551	13
3902	3906	10136	13
3899	3901	9905	13
7575	10851	10883	13
7576	7673	10918	13
7575	7576	10883	13
2845	2847	10358	13
942	946	10315	13
9194	10186	10341	13
3899	3907	9905	13
9422	9423	10128	13
2848	2890	9547	13
6005	6166	10757	13
4672	6117	10331	13
8958	9954	10489	13
3179	3180	10170	13
2701	2898	10217	13
5919	5990	10182	13
946	9423	10403	13
5548	8517	10569	13
3891	3894	9732	13
5919	7920	10182	13
6634	10205	10331	13
5990	6824	10182	13
1218	9033	9475	13
3893	3954	10075	13
6588	9601	10217	13
9518	10212	10298	13
3907	4155	10205	13
1451	1455	9854	13
6466	9308	9936	13
8763	10523	10573	13
3907	9905	10205	13
5810	9954	10489	13
6523	10136	10137	13
5678	7922	10075	13
9732	11111	11143	13
5694	9518	10298	13
2057	8763	10523	13
5107	6466	9936	13
5024	5694	10354	13
6634	6635	10331	13
8778	11156	11162	13
1942	10186	10341	13
2898	3743	10217	13
1455	3737	9854	13
1942	9198	10341	13
5601	10450	10452	13
7432	7434	10403	13
5937	6588	10525	13
7576	10883	10918	13
3361	10569	10573	13
7456	9069	11000	13
7652	10999	11016	13
3954	5678	10075	13
2847	3351	10358	13
941	942	10315	13
5024	5908	10354	13
5937	10525	10604	13
5811	7363	10375	13
9093	9956	10298	13
6693	10694	10764	13
2057	9093	10523	13
6653	7455	10450	13
5941	10604	10607	13
3906	10136	10137	13
5810	7363	10489	13
9649	10646	10667	13
3328	7826	10764	13
2633	2889	10646	13
5548	10605	10640	13
3361	8763	10573	13
1437	1439	10640	13
7896	10569	10573	13
5908	10523	10573	13
5015	9649	10646	13
9863	10525	10604	13
5970	7896	10605	13
6166	10757	10828	13
2632	5015	10646	13
5970	8487	10605	13
2844	3729	10712	13
5007	6693	10694	13
3743	9863	10525	13
9093	10354	10523	13
5971	5973	10667	13
6014	9448	10694	13
6588	10217	10525	13
6694	7217	10767	13
2842	2889	10712	13
2889	9740	10712	13
3361	8517	10569	13
3743	10217	10525	13
3328	10767	10768	13
6014	9878	10694	13
5908	7896	10573	13
9740	10712	10747	13
5989	5991	10880	13
9423	10403	10561	13
1429	1431	10768	13
5548	10569	10605	13
5914	5916	10781	13
6109	11097	11144	13
5015	5937	10607	13
2864	2887	10746	13
2859	8854	10842	13
5823	9863	10604	13
5908	10354	10523	13
6003	6005	10747	13
7434	10403	10561	13
1071	8560	10834	13
3654	9026	10851	13
2854	2888	10908	13
7654	7674	10958	13
1056	1071	10834	13
5937	10604	10607	13
9448	10694	10764	13
7896	10569	10605	13
6168	11360	11366	13
7577	9026	10851	13
2632	2633	10646	13
2856	2888	10842	13
3328	10764	10767	13
1439	5548	10640	13
6635	7289	11192	13
3737	7766	10844	13
5971	9649	10667	13
2251	8192	10965	13
1430	2251	10965	13
2850	2890	10927	13
2842	2844	10712	13
3343	8033	11114	13
1432	2251	10961	13
7675	10958	10961	13
1434	10120	10961	13
7640	9355	11206	13
5007	9878	10694	13
5330	11133	11202	13
7640	11206	11215	13
1216	1274	10966	13
3737	9854	10844	13
7675	10120	10961	13
3729	9547	10757	13
1341	3708	10991	13
8193	10966	10991	13
2129	2574	11000	13
6693	6694	10767	13
2864	2866	10746	13
5119	6090	11100	13
5914	6390	10781	13
7652	7653	10999	13
6003	9740	10747	13
1431	3328	10768	13
7826	9448	10764	13
3708	10999	11016	13
2890	10927	11292	13
7641	8406	11225	13
6077	11114	11179	13
6019	6168	11360	13
7640	7641	11215	13
6005	10747	10757	13
3890	9732	11111	13
5916	10781	10809	13
8779	9117	11179	13
6738	9483	11067	13
4248	6738	11067	13
6079	9696	11067	13
7641	11215	11225	13
5085	7455	11090	13
1454	1458	11127	13
9026	9854	10844	13
9483	11067	11100	13
2856	2859	10842	13
5576	9593	11150	13
5098	6109	11097	13
1056	3721	10834	13
9547	10757	10828	13
3654	9457	10851	13
2890	9547	10828	13
7765	8778	11156	13
9457	10851	10883	13
5989	6415	10880	13
6693	10764	10767	13
4645	6077	11162	13
1445	9457	10883	13
3729	10747	10757	13
4381	6635	11192	13
6090	11111	11143	13
6117	8813	11198	13
5576	11156	11162	13
4671	5330	11133	13
2852	2854	10908	13
6112	11127	11202	13
1445	10883	10918	13
7455	10450	11090	13
2850	2852	10927	13
2852	10908	10927	13
9903	11097	11144	13
1445	10120	10918	13
6019	6436	11292	13
7674	7675	10958	13
3708	10991	10999	13
1432	1434	10961	13
1217	1430	10965	13
1216	1217	10966	13
8033	11133	11202	13
6117	10331	11198	13
1217	10965	10966	13
6436	10927	11292	13
9903	11097	11119	13
6068	7652	11016	13
1274	1341	10991	13
2574	3055	11000	13
3708	9449	11016	13
6068	8080	11035	13
7653	8193	10999	13
6068	11016	11035	13
6087	8080	11120	13
6910	11366	11370	13
6087	11119	11120	13
9449	11016	11035	13
7332	11127	11202	13
1742	9449	11035	13
6738	10450	11090	13
4671	6077	11133	13
6748	11143	11150	13
8080	11035	11120	13
4248	9696	11067	13
6090	6748	11143	13
1742	11035	11120	13
6090	11100	11111	13
3890	6079	11111	13
5098	6087	11097	13
3343	9117	11114	13
5119	9483	11100	13
6112	8033	11202	13
1742	9512	11120	13
8033	11114	11133	13
9512	11119	11120	13
4153	11143	11150	13
5576	11150	11156	13
1454	6112	11127	13
4153	9593	11150	13
4153	9732	11143	13
4645	5576	11162	13
6748	7765	11156	13
9355	11144	11206	13
6077	11162	11179	13
6006	6910	11366	13
8193	10991	10999	13
8778	8779	11179	13
5280	7105	11186	13
5280	11186	11192	13
4381	5280	11192	13
8367	11206	11215	13
6109	8367	11206	13
2866	8367	11215	13
5330	7332	11202	13
6635	10331	11198	13
6087	11097	11119	13
2866	11215	11225	13
6077	11114	11133	13
6079	11100	11111	13
6109	11144	11206	13
6748	11150	11156	13
2866	10746	11225	13
8778	11162	11179	13
6019	11292	11360	13
2890	10828	11292	13
6168	11366	11370	13
6166	11360	11366	13
6006	6166	11366	13
6168	6940	11370	13
6166	10828	11360	13
10828	11292	11360	13
116	117	11555	13
116	517	11555	13
7735	11631	11832	13
6930	6932	11581	13
6924	9222	11655	13
3886	4192	11580	13
6922	6930	11581	13
4192	7984	11581	13
475	7533	11654	13
558	9303	11644	13
5677	8197	11593	13
7536	7541	11607	13
475	7537	11796	13
7544	7546	11619	13
487	6931	11595	13
106	499	11628	13
7530	7538	11619	13
7541	7542	11631	13
7546	11619	11829	13
104	105	11578	13
117	11555	11645	13
5875	6273	11644	13
118	437	11645	13
6897	11555	11645	13
111	543	11654	13
110	475	11654	13
128	9222	11655	13
127	487	11655	13
82	83	11667	13
79	80	11670	13
98	99	11671	13
6886	7549	11672	13
7920	10182	11673	13
7564	9328	11674	13
122	558	11695	13
123	431	11695	13
7735	8833	11708	13
7053	11606	11831	13
3886	4194	11580	13
6922	7984	11581	13
84	436	11775	13
81	482	11776	13
100	494	11780	13
6827	6938	11781	13
6825	7921	11785	13
6826	7565	11786	13
124	125	11794	13
448	9008	11631	13
125	126	11595	13
109	475	11796	13
6329	7053	11606	13
2	103	11805	13
2	104	11805	13
6273	6329	11606	13
5677	7900	11808	13
437	11606	11831	13
126	487	11595	13
7548	11578	11628	13
105	11578	11628	13
8197	8198	11593	13
4194	11580	11646	13
6931	6934	11595	13
499	11619	11829	13
543	9163	11607	13
437	9363	11606	13
7534	7536	11607	13
7530	7544	11619	13
108	7538	11796	13
105	106	11628	13
7542	7735	11631	13
7537	7538	11796	13
7921	11667	11785	13
7565	11670	11786	13
6938	11671	11781	13
494	11672	11780	13
436	11673	11775	13
482	11674	11776	13
5875	6971	11644	13
117	118	11645	13
4194	7900	11646	13
110	111	11654	13
127	128	11655	13
82	482	11667	13
98	470	11671	13
6886	6938	11672	13
7920	7921	11673	13
7564	7565	11674	13
122	123	11695	13
6895	8833	11708	13
6933	6935	11808	13
470	11717	11781	13
527	8417	11727	13
8417	8418	11728	13
8418	11728	11729	13
436	8418	11729	13
527	8164	11726	13
8417	11727	11728	13
527	11726	11727	13
494	7552	11716	13
566	7552	11715	13
444	8019	11721	13
444	8164	11725	13
8019	11721	11723	13
528	7945	11719	13
530	8190	11724	13
528	8092	11718	13
530	8019	11723	13
458	7945	11722	13
530	11723	11724	13
458	8190	11720	13
8190	11720	11724	13
470	8092	11717	13
458	11720	11722	13
528	11718	11719	13
7945	11719	11722	13
8092	11717	11718	13
7552	11715	11716	13
444	11721	11725	13
8164	11725	11726	13
7547	7548	11715	13
7547	7549	11716	13
7547	11715	11716	13
6828	10041	11717	13
6831	11721	11723	13
6828	9736	11718	13
9736	11718	11719	13
6828	11717	11718	13
6830	8040	11724	13
6830	11720	11724	13
6831	6910	11721	13
6829	9736	11719	13
6830	9644	11720	13
6831	8040	11723	13
8040	11723	11724	13
9644	11720	11722	13
6829	11719	11722	13
6829	9644	11722	13
6910	11721	11725	13
6824	11728	11729	13
6824	9264	11728	13
6940	9264	11727	13
9264	11727	11728	13
6824	10182	11729	13
6940	11726	11727	13
6910	11370	11725	13
6940	11370	11726	13
11370	11725	11726	13
10041	11717	11781	13
83	84	11775	13
80	81	11776	13
99	100	11780	13
6827	10041	11781	13
6825	9328	11785	13
124	431	11794	13
108	109	11796	13
7735	11708	11832	13
437	11645	11831	13
103	566	11805	13
499	11628	11829	13
7546	7548	11829	13
517	9008	11832	13
6897	7053	11831	13
566	11578	11805	13
104	11578	11805	13
6933	11646	11808	13
482	11667	11785	13
470	11671	11781	13
6938	11672	11780	13
7921	11673	11775	13
7565	11674	11776	13
7548	11628	11829	13
7900	11646	11808	13
6897	11645	11831	13
517	11708	11832	13
6921	6924	9222	13
4210	7423	8999	13
4813	7431	7432	13
5546	7639	8435	13
938	943	8597	13
1275	2803	9475	13
7423	7431	7433	13
5188	5546	8435	13
3179	10170	10333	13
1057	5572	8915	13
2574	2686	3055	13
8594	8596	8597	13
6920	6921	6922	13
1275	1342	2803	13
1057	1072	5572	13
2575	2686	2687	13
2811	3179	3180	13
6652	6653	7455	13
2689	2690	2691	13
7638	7639	7640	13
2811	3784	8451	13
2687	2688	2689	13
2691	2692	2917	13
128	129	9222	13
7638	7640	9355	13
5187	5188	5189	13
4535	9033	9034	13
1072	1114	1115	13
1342	1367	1368	13
2917	2919	8999	13
1740	1742	9512	13
1467	1740	1742	13
1114	1115	1130	13
938	941	942	13
1367	1368	1467	13
5189	6826	10036	13
941	4813	10315	13
1130	1153	9864	13
1153	4535	9864	13
5601	8451	10452	13
9033	9034	9475	13
6920	7984	10333	13
8595	8596	11051	13
6653	10450	10452	13
3055	11000	11005	13
6652	7456	11005	13
3813	9903	11119	13
2651	8915	11072	13
4999	9355	11144	13
2651	8595	11072	13
3813	9512	11119	13
4999	9903	11144	13
79	428	11670	13
6826	10036	11786	13
428	11670	11786	13
6921	9222	11696	13
10036	11675	11786	13
428	11675	11786	13
7185	7423	8999	13
7638	9355	10420	13
4813	4828	7431	13
5584	7423	7431	13
4999	9355	10420	13
931	938	8597	13
3055	11005	11034	13
4320	7639	8435	13
8596	8597	10188	13
4318	5188	8435	13
1342	1368	8405	13
2703	2811	8451	13
1072	1115	8148	13
4320	7638	7639	13
2686	3055	8159	13
78	79	428	13
2686	2687	2693	13
6918	6920	6921	13
2810	2811	3179	13
1342	2803	8405	13
2691	2917	2918	13
4318	5187	5188	13
941	2131	4813	13
1740	1944	9512	13
2917	3279	8999	13
1072	5572	8148	13
937	938	941	13
6651	6652	6653	13
1115	1130	1132	13
1944	3813	9512	13
2689	2691	9249	13
1368	1467	1468	13
1467	1468	1740	13
129	423	9222	13
1130	1132	9864	13
4535	9864	9929	13
4535	9034	9929	13
2687	2689	9928	13
5187	5189	10036	13
2803	9475	10193	13
3813	3814	9903	13
3179	9761	10333	13
6919	6920	10333	13
3814	4999	9903	13
6653	10234	10452	13
8595	11051	11063	13
9034	9475	10193	13
2930	8451	10452	13
5572	8915	11117	13
8595	11063	11072	13
8596	10979	11051	13
6650	6652	11005	13
8915	11072	11117	13
463	6901	11568	14
463	6901	11706	14
423	6917	9199	14
404	7551	10756	14
415	8145	9116	14
564	6896	9420	14
423	6917	11696	14
408	8022	9019	14
545	7453	9146	14
552	6929	9214	14
8022	9019	11589	14
485	7582	7584	14
415	8145	11652	14
564	6896	11648	14
7453	9146	11638	14
485	7582	11692	14
6929	9214	11621	14
135	136	7583	14
552	6929	11618	14
136	415	7583	14
6892	9421	11706	14
6921	6924	9222	14
545	7453	11599	14
6901	6902	11568	14
408	8022	11603	14
6921	9222	11696	14
8022	8324	11589	14
6896	9420	11603	14
6892	9421	11648	14
8145	9116	11599	14
463	9421	11706	14
465	6962	11638	14
7551	10756	11612	14
6917	9199	11618	14
485	7584	11621	14
465	6962	11813	14
423	9222	11696	14
5771	7163	10103	14
1555	7163	10103	14
5771	7142	10103	14
5771	7142	7153	14
3044	7412	10564	14
3044	7412	8818	14
5438	7142	7153	14
7411	7412	8818	14
3037	3039	9570	14
3664	7411	8818	14
7717	7718	9569	14
3041	7170	7717	14
3041	7717	9569	14
5313	7183	9757	14
6340	8305	8601	14
6340	8601	8827	14
3331	8601	8827	14
6340	8305	10486	14
3031	3033	8078	14
9249	9928	10987	14
3331	8079	8827	14
5584	7185	7422	14
3285	7185	7422	14
3664	7411	8085	14
5438	7153	7410	14
3280	4510	10983	14
5584	7185	7423	14
7410	7411	8085	14
6367	10475	10519	14
7163	10475	10519	14
4210	7423	8999	14
2693	8159	9788	14
6379	8159	9788	14
3044	9570	10564	14
7183	7422	9757	14
3039	3044	9570	14
7153	7410	8085	14
3041	7170	8078	14
6387	10330	10377	14
3037	9569	9570	14
3285	7183	7422	14
2693	8682	9788	14
2693	8682	9928	14
1555	7163	10519	14
6387	7183	10377	14
7185	7423	8999	14
6367	7805	10475	14
7718	9569	9570	14
3033	3041	8078	14
3031	3331	8078	14
5313	7183	10377	14
3804	7977	8503	14
3331	8078	8079	14
7976	7977	8503	14
3052	7976	8503	14
8682	9928	10987	14
4912	5907	10274	14
5764	10080	10425	14
5316	5424	8079	14
4510	10177	10983	14
3806	7978	7980	14
4913	7452	7454	14
3052	7976	9640	14
1767	1769	7460	14
5907	7560	10274	14
8494	8921	9419	14
4813	4828	7431	14
921	930	10020	14
5584	7423	7431	14
5688	8226	8227	14
7712	7714	10563	14
4913	7454	8144	14
3034	3036	8306	14
4931	5550	9540	14
1554	8494	8921	14
4517	7526	8815	14
2206	10179	10451	14
1547	7513	7514	14
2543	7913	10064	14
4828	5584	7431	14
5436	5438	7410	14
1767	3680	7460	14
3806	7978	8306	14
5869	7526	8815	14
5681	7436	7925	14
7969	7971	9640	14
1547	7514	7516	14
3680	7401	7460	14
5436	5439	7410	14
3030	3032	9192	14
8139	8140	10507	14
5316	8079	8827	14
1535	1537	7516	14
5424	7170	8079	14
153	404	7551	14
3680	7401	7925	14
2573	9972	10460	14
2398	8791	10023	14
4745	4746	8144	14
1539	1542	7515	14
8039	9240	9580	14
152	153	7551	14
5738	8228	8267	14
1537	1547	7516	14
6437	7436	7925	14
1769	7460	10112	14
8226	10080	10425	14
5681	7436	8460	14
3034	3806	8306	14
4813	7431	7432	14
5440	9061	10050	14
4577	9240	9580	14
937	2131	7743	14
1535	7516	10241	14
5738	8921	9419	14
7967	7978	7980	14
5469	7581	7584	14
5313	9757	9880	14
930	7743	10020	14
152	513	7551	14
6487	9757	9880	14
3680	7925	9409	14
5435	5437	10050	14
6487	9880	10369	14
4894	4927	8955	14
1547	7513	7515	14
7516	10241	10270	14
5869	8815	9987	14
2398	10023	10199	14
8227	8228	8267	14
5688	8227	8267	14
7713	8938	9268	14
5738	8228	8921	14
938	943	8597	14
921	932	10020	14
4912	4913	10274	14
1554	8494	8690	14
3036	3052	8306	14
1769	1771	10112	14
8225	8226	8227	14
5550	6929	9540	14
6493	8726	9060	14
7971	7976	9640	14
1539	1547	7515	14
6437	7401	7925	14
2250	8725	9060	14
5907	7560	10064	14
4931	5469	9540	14
8493	8690	8824	14
5907	7913	10064	14
4063	4997	8002	14
3032	3806	9192	14
5439	7410	7411	14
5817	9343	10016	14
4746	4913	8144	14
8284	8907	10094	14
8493	8494	8690	14
5440	9061	10270	14
930	937	7743	14
8284	8907	8908	14
6493	8726	9059	14
8186	9343	10016	14
6517	10179	10261	14
7965	7967	7980	14
3189	9761	9940	14
2374	2537	9406	14
932	10353	10568	14
5469	7581	8091	14
2010	2075	9709	14
4058	7713	9268	14
5605	8457	9735	14
4745	6879	8144	14
4461	6483	9404	14
5688	8226	10080	14
6517	7913	10261	14
8725	8726	9060	14
4700	5201	8021	14
7969	7978	9640	14
5681	7925	9409	14
8908	9748	10268	14
2156	2209	8935	14
3664	8085	9389	14
4995	10323	10378	14
2398	8791	9266	14
2686	2693	8159	14
2131	4829	7743	14
6492	6493	9059	14
5770	8085	9389	14
7526	10023	10199	14
3642	5605	9456	14
1538	3693	8225	14
4997	5423	8002	14
3030	3051	9192	14
7714	9891	10563	14
6517	10179	10451	14
931	938	8597	14
6487	6488	10369	14
5425	5427	9395	14
1542	7515	8457	14
4700	5219	8021	14
5869	8955	9987	14
4894	7670	8955	14
3055	11005	11034	14
3644	7669	9394	14
6492	8291	9059	14
8038	8824	10284	14
2250	9060	9061	14
4058	7712	7713	14
4927	5869	8955	14
7402	7460	10112	14
3550	4461	9404	14
4517	7526	10199	14
6486	7917	8469	14
4591	4593	8544	14
5201	8021	8022	14
2273	8077	8714	14
2524	4058	7712	14
6500	9378	9444	14
3043	3047	8504	14
6500	8428	9378	14
1536	1538	8225	14
2209	5786	8935	14
7423	7431	7433	14
5427	5430	9395	14
7412	10332	10564	14
3052	8306	9640	14
5426	7170	7717	14
4593	5905	8544	14
5468	6517	7913	14
2374	2543	9406	14
4913	7452	10274	14
2214	2397	8837	14
2116	2214	8837	14
2273	2467	8714	14
3693	8225	8227	14
5440	9963	10270	14
5605	8457	9456	14
3806	7980	9192	14
7402	9972	10460	14
1549	1552	9310	14
4889	7670	7671	14
5599	6486	8469	14
2529	9378	9444	14
9060	9061	10050	14
7515	8457	9735	14
3643	4063	8002	14
3580	10268	10419	14
4051	4887	9693	14
2390	10302	10329	14
1865	4051	9693	14
4591	8139	8544	14
8790	8791	10023	14
1973	2082	7917	14
2689	9249	9928	14
4733	6483	7560	14
9061	10241	10270	14
3051	7979	9192	14
5315	5316	8827	14
3040	3804	8503	14
2082	7917	8469	14
5583	7422	9757	14
2010	7917	9709	14
1525	1528	8724	14
8724	8726	9827	14
1528	8724	8725	14
1532	5681	8460	14
3584	4052	7671	14
1513	1516	8273	14
3947	4276	9398	14
1780	1879	9071	14
3055	8159	11034	14
4480	4484	8091	14
1532	1534	8460	14
8037	8039	9240	14
4484	5469	8091	14
4570	4591	8139	14
5437	6493	10050	14
5469	7584	9540	14
2543	9406	10064	14
8596	8597	10188	14
4889	4891	7670	14
2271	5786	9579	14
3027	8305	8601	14
6483	7560	10064	14
5905	10402	10430	14
6919	9761	9940	14
5401	8494	9419	14
894	932	8311	14
1879	2011	9071	14
1548	8690	8824	14
3038	3040	8503	14
7170	8078	8079	14
2535	2702	8428	14
4990	8938	9268	14
3027	3029	8601	14
5435	5440	10050	14
3048	3049	9388	14
5786	8039	8935	14
6686	6689	8534	14
5011	6663	8790	14
8140	9853	10507	14
5315	6340	8827	14
5201	8324	9398	14
2270	8077	8357	14
4748	7581	8091	14
3179	10170	10333	14
2248	2375	8972	14
2535	8428	9378	14
8726	9059	9827	14
3601	8036	8037	14
2208	2270	8077	14
7670	7671	8571	14
1529	3680	9409	14
4482	4748	8091	14
6661	10362	10398	14
5525	8036	8037	14
4928	5011	8790	14
2081	2217	8656	14
3584	7671	9252	14
7454	8144	8145	14
1748	3601	8036	14
4480	4482	8091	14
1511	1513	8273	14
7965	7979	7980	14
8284	8908	10268	14
5685	8324	9398	14
3189	7918	8428	14
1779	8322	9020	14
3463	8291	9058	14
1550	3642	9456	14
1552	5525	9310	14
143	144	9019	14
3043	3804	8504	14
4594	5738	8267	14
3947	4294	9398	14
4600	5764	10080	14
2702	3189	8428	14
2375	3473	8972	14
5219	6279	6896	14
5525	8037	8038	14
3029	3331	8601	14
3644	7669	8002	14
144	408	9019	14
2075	2206	9709	14
7402	9972	10112	14
1557	5525	8036	14
2218	8469	8563	14
2372	2642	8357	14
5549	6500	7918	14
2703	2811	8451	14
5004	9021	9022	14
7671	8571	9252	14
2206	7985	9709	14
6376	6379	9788	14
1548	8824	9310	14
1553	5817	9629	14
4829	5583	6487	14
5201	8022	8324	14
3463	8291	9059	14
5599	8469	8563	14
9343	10323	10378	14
2529	4034	9444	14
4537	4577	8492	14
6682	6684	9521	14
8724	8725	8726	14
1534	1540	8460	14
6500	7918	8428	14
5439	7411	7412	14
6684	6687	9521	14
1541	1543	8922	14
2270	2372	8357	14
6663	8790	8791	14
2131	4828	4829	14
5431	6448	9963	14
1472	4476	9461	14
3189	7918	9940	14
3601	8037	8039	14
8322	9020	10046	14
6685	6686	8534	14
2206	7985	10451	14
2703	2930	8451	14
2011	2076	9748	14
139	140	9146	14
4294	5201	9398	14
4294	4700	5201	14
6483	9404	9406	14
6648	10302	10329	14
891	894	8311	14
2156	2208	2209	14
2154	2156	8935	14
7965	7966	7967	14
6371	6378	8681	14
4594	4596	8267	14
5438	6492	7142	14
6507	7452	7453	14
2686	3055	8159	14
3548	9853	10444	14
4733	6506	7560	14
3550	4276	4461	14
6377	6380	6648	14
4482	4745	4748	14
4052	4889	7671	14
5219	6896	8021	14
4891	4893	4894	14
5426	5427	5428	14
1548	1549	9310	14
3550	3947	4276	14
2263	8571	9252	14
1541	3693	8922	14
4733	5226	6506	14
2218	2276	8563	14
5423	7669	8002	14
5424	5426	7170	14
5430	6448	6491	14
4746	4912	4913	14
4595	5905	8456	14
6649	6651	6656	14
1748	2154	3601	14
6683	6685	6901	14
2131	4813	4828	14
2208	2209	2270	14
3027	3028	3029	14
132	133	9214	14
880	1472	9461	14
4600	4908	5764	14
2524	2708	7712	14
882	3447	9230	14
5768	5769	5770	14
2702	2810	3189	14
2270	2271	2372	14
4276	5685	9398	14
1545	1554	8690	14
5550	6252	6929	14
2271	2372	2373	14
3693	8227	8228	14
4888	10330	10377	14
1771	1774	10112	14
1559	1748	8036	14
4829	6488	7743	14
1780	8906	9071	14
5583	5584	7422	14
5316	5423	5424	14
4538	4539	4570	14
4997	5316	5423	14
6377	6379	6380	14
2011	9071	9748	14
4829	6487	6488	14
5764	6437	7436	14
4597	4599	5886	14
4539	4570	4571	14
874	882	9230	14
2523	2524	2708	14
6252	6253	6917	14
2524	2722	4058	14
1542	1544	8457	14
2156	2157	2208	14
2276	2392	8563	14
2686	2687	2693	14
4570	4990	8139	14
2154	2155	2156	14
3028	3029	3030	14
7581	7582	7584	14
4997	5315	5316	14
6649	6650	6651	14
4482	4483	4745	14
1778	1780	8906	14
4577	8492	10284	14
5436	5437	5438	14
1766	1768	8816	14
3033	3034	3035	14
6685	6901	6902	14
4748	6879	6880	14
3279	7185	8999	14
4480	4481	4482	14
4891	4894	7670	14
4063	4996	4997	14
5423	5424	5425	14
2529	4033	4034	14
5430	6491	9395	14
2574	2686	3055	14
1559	1561	1748	14
3279	3280	3285	14
5401	8493	8494	14
1748	2153	2154	14
3031	3032	3033	14
2372	2373	2523	14
4034	4478	4479	14
5426	5428	7717	14
7967	7968	7969	14
3030	3031	3032	14
5764	7436	10425	14
2011	2075	2076	14
4034	4477	4478	14
6506	6507	7452	14
3280	3285	6387	14
4591	4592	4593	14
894	921	932	14
1511	1512	1513	14
2391	2392	2393	14
4599	4600	4907	14
6378	8681	8682	14
1779	1780	1781	14
2208	2273	8077	14
4537	4539	8492	14
6371	6373	8681	14
5433	5435	5440	14
4894	4895	4927	14
140	465	9146	14
1776	1777	1778	14
2209	2270	2271	14
4746	4747	4912	14
6372	6373	6374	14
5430	5431	6448	14
1778	2573	8906	14
2082	2218	8469	14
3040	3042	3043	14
5432	5433	5434	14
1973	2010	7917	14
4748	6880	7581	14
6373	6374	6375	14
7670	8571	8955	14
3029	3030	3031	14
4294	4576	4700	14
2263	8816	9987	14
2467	2821	8714	14
4276	4732	5685	14
4537	4538	4539	14
4592	4594	5738	14
4891	4892	4893	14
6880	7581	7582	14
7967	7969	7978	14
4478	4480	4481	14
4594	4595	4596	14
1519	1520	1521	14
147	148	9421	14
5868	5869	7526	14
2537	9404	9406	14
3043	3046	3047	14
4484	4931	5469	14
6918	6920	6921	14
2116	2213	2214	14
2392	2529	4033	14
5428	5429	9455	14
4928	5868	8790	14
2392	2393	2529	14
2247	2374	2543	14
1513	1514	1515	14
2810	3189	9761	14
1511	4476	8273	14
2573	8906	8907	14
1514	2149	6367	14
2276	2391	2392	14
2075	2115	2206	14
2373	2524	2722	14
5219	5220	6279	14
5431	5433	9963	14
3038	3039	3040	14
1770	1772	9252	14
2247	2248	2374	14
4570	4571	4591	14
3642	3643	3644	14
6370	6371	6372	14
3034	3035	3036	14
6448	7513	7514	14
5423	5425	7669	14
1776	1778	2573	14
1778	1779	1780	14
3046	3047	3048	14
8594	8596	8597	14
1779	1781	9020	14
2373	2523	2524	14
1543	1545	1554	14
5433	5434	5435	14
3028	3030	3051	14
5424	5425	5426	14
6371	6372	6373	14
4745	4748	6879	14
5429	5430	5431	14
1519	3463	9058	14
3046	3664	8818	14
1781	1879	1973	14
5770	7153	8085	14
1519	1521	3463	14
1768	2263	8816	14
1526	1766	8814	14
8656	9020	10046	14
2810	2811	3179	14
4033	4034	4477	14
4600	4907	4908	14
2116	3580	8837	14
6920	6921	6922	14
1777	1778	1779	14
6279	6280	6892	14
4597	4598	4599	14
6438	7401	7402	14
2010	2011	2075	14
1774	1775	1776	14
2917	2918	3279	14
3040	3043	3804	14
4828	4829	5583	14
1525	1526	1527	14
1780	1781	1879	14
882	891	3447	14
1879	1973	2010	14
4907	8283	8284	14
891	3447	8311	14
1543	1554	8922	14
2392	4033	8563	14
4732	4733	5226	14
1557	1559	8036	14
3029	3031	3331	14
1773	1774	1775	14
3033	3035	3041	14
4928	5010	5011	14
2209	2271	5786	14
2691	2917	2918	14
4895	4927	4928	14
3036	3038	3052	14
3047	3048	3049	14
4599	5886	8283	14
2213	2214	2247	14
3042	3043	3046	14
2372	2523	2642	14
4479	4480	4484	14
4478	4479	4480	14
4927	4928	5868	14
5549	5550	5581	14
4052	4886	4888	14
2535	2536	2702	14
1515	1517	1555	14
2537	2799	2800	14
4912	5468	5907	14
1538	1541	3693	14
2575	2686	2687	14
1512	1513	1514	14
1516	8273	9266	14
7513	7515	9735	14
4596	4597	4598	14
8906	8907	8908	14
2811	3179	3180	14
2702	2703	2810	14
4059	4537	4538	14
1523	1524	1525	14
2115	2116	2213	14
5429	5432	9455	14
937	941	2131	14
1525	1527	1528	14
3036	3037	3038	14
3642	3644	5605	14
5770	5771	7153	14
1515	1516	1517	14
3038	3052	8503	14
4893	4894	4895	14
1534	1536	1540	14
1524	1525	1526	14
5427	5429	5430	14
3947	4046	4294	14
4596	5688	8267	14
1536	1540	8225	14
6652	6653	7455	14
4931	5549	5550	14
1528	1531	8725	14
1550	1556	3642	14
5786	8039	9580	14
1513	1515	1516	14
4895	4928	5010	14
2689	2690	2691	14
4052	4888	4889	14
2081	8656	9020	14
4893	5004	9021	14
5599	5600	6486	14
1521	1522	1523	14
1526	1527	1529	14
1527	1528	1530	14
5429	5431	5432	14
1771	1773	1774	14
3039	3040	3042	14
941	2131	4813	14
1552	1557	5525	14
2918	3279	3280	14
1517	1518	1519	14
1523	8724	9827	14
2082	2217	2218	14
1510	1511	1512	14
2248	2397	8972	14
1529	1767	3680	14
3032	3033	3034	14
5550	5581	6252	14
1534	1535	1536	14
2248	2374	2375	14
4033	4477	5599	14
4481	4482	4483	14
4592	4593	4594	14
1528	1530	1531	14
1973	2081	2082	14
1775	1776	1777	14
5011	6661	6663	14
3285	6387	7183	14
2918	3280	4510	14
4597	5886	8456	14
1472	1510	1511	14
3046	3048	3664	14
5468	5867	6517	14
4033	5599	8563	14
6687	6710	6711	14
1522	1523	1524	14
5768	5770	9389	14
3643	4062	4063	14
2276	2390	2391	14
3644	5605	9394	14
4539	5401	8492	14
1516	1517	1518	14
3549	3550	3947	14
3035	3036	3037	14
2811	3784	8451	14
1777	3679	8322	14
2214	2247	2248	14
5427	5428	5429	14
4461	4732	4733	14
1530	1532	5681	14
1530	1531	1532	14
1532	1533	1534	14
4595	4596	4597	14
4599	4907	8283	14
4539	4571	5401	14
4571	4591	4592	14
4538	4570	4990	14
7401	7402	7460	14
1518	1519	1520	14
4484	4930	4931	14
6380	6649	6650	14
2800	3548	3549	14
2394	2535	2536	14
1772	3584	9252	14
2155	2156	2157	14
6369	6370	6371	14
1512	1514	2149	14
3037	3038	3039	14
4700	4701	5219	14
1536	1537	1538	14
4930	4931	5549	14
1561	1748	2153	14
4893	4895	9021	14
3039	3042	3044	14
1520	1521	1522	14
1767	1768	1769	14
5401	8492	8493	14
4595	4597	8456	14
5435	5436	5437	14
2722	4058	4059	14
2703	2810	2811	14
5315	5317	6340	14
1523	1525	8724	14
5010	6660	6662	14
4479	4484	4930	14
5010	5011	6660	14
1529	1766	1767	14
4888	4889	4890	14
1769	1770	1771	14
6683	6684	6685	14
1535	1536	1537	14
1538	1539	1541	14
5434	5436	5439	14
6380	6648	6649	14
5549	5581	7918	14
2393	2394	2535	14
2800	3549	3550	14
2075	2076	2115	14
5431	5432	5433	14
4276	4461	4732	14
5468	5907	7913	14
141	142	9180	14
1472	1511	4476	14
2708	7712	7714	14
4477	5599	5600	14
1772	1773	1865	14
6373	6376	8681	14
1539	1541	1542	14
2375	2799	3473	14
4927	5868	5869	14
4536	4537	4577	14
2076	2115	2116	14
4483	4745	4746	14
133	485	9214	14
4593	4595	5905	14
5010	6662	9021	14
3032	3034	3806	14
4990	8140	8938	14
5581	6252	6253	14
144	145	408	14
1781	1973	2081	14
2799	2800	3548	14
4059	4536	4537	14
1552	1553	1557	14
6373	6375	6376	14
2157	2208	2273	14
2687	2688	2689	14
1766	8814	8816	14
3279	3285	7185	14
7452	7453	7454	14
2217	2275	2277	14
2799	3548	9853	14
5769	5771	7163	14
142	143	547	14
6662	9021	9022	14
2691	2692	2917	14
4593	4594	4595	14
1531	1532	1533	14
6880	7582	7583	14
1524	1526	8814	14
1522	1524	4517	14
5011	6660	6661	14
1775	1777	3679	14
2153	2154	2155	14
4063	4995	4996	14
4887	6369	6370	14
143	547	9019	14
2217	2218	2275	14
891	892	894	14
1879	2010	2011	14
2214	2248	2397	14
2263	8571	9987	14
4483	4746	4747	14
6369	6371	6378	14
1550	1551	1556	14
2536	2702	2703	14
5437	5438	6492	14
1777	1779	8322	14
2391	2393	2394	14
4461	4733	6483	14
2374	2375	2537	14
1768	1769	1770	14
2218	2275	2276	14
140	141	465	14
5525	8038	9310	14
6918	6919	6920	14
1542	1543	1544	14
1771	1772	1773	14
2275	2276	2390	14
4889	4890	4891	14
4046	4294	4576	14
4886	4887	6368	14
5425	5426	5427	14
4536	4577	9580	14
2917	3279	8999	14
1531	1533	2250	14
2217	2277	8656	14
1543	1544	1545	14
1770	1771	1772	14
2076	2116	3580	14
3042	3044	8818	14
6376	6377	6379	14
930	931	937	14
5428	7718	9455	14
4596	4598	5688	14
4930	5549	6500	14
4478	4481	9600	14
1545	1546	1548	14
1518	1520	2398	14
138	139	545	14
2081	2082	2217	14
4887	6368	6369	14
5434	5435	5436	14
2375	2537	2799	14
142	547	9180	14
921	922	930	14
1526	1529	1766	14
894	895	921	14
1533	1534	1535	14
137	138	9116	14
6282	6682	6683	14
1556	3642	3643	14
1865	3584	4051	14
128	129	9222	14
3048	3664	9389	14
5226	6506	6507	14
4895	5010	9021	14
937	938	941	14
1546	1549	1550	14
139	545	9146	14
6448	6491	7513	14
1541	1542	1543	14
136	137	415	14
1549	1550	1551	14
1557	1558	1559	14
6376	8681	9788	14
6491	7513	9735	14
6685	6902	8534	14
6375	6376	6377	14
6437	6438	7401	14
3549	3947	4046	14
1549	1551	1552	14
4990	8139	8140	14
1766	1767	1768	14
7966	7967	7968	14
1521	1523	9827	14
882	883	891	14
133	134	485	14
6280	6892	9734	14
1537	1538	1539	14
1773	1865	9413	14
1563	8186	10016	14
1537	1539	1547	14
145	408	9420	14
4571	5401	9419	14
131	132	552	14
6650	6651	6652	14
4477	4478	9600	14
1553	1558	5817	14
8037	8038	9240	14
547	9180	9181	14
6492	7142	8291	14
4576	4700	4701	14
4747	4912	5468	14
6281	6282	6681	14
130	131	9199	14
4828	5583	5584	14
129	130	423	14
5226	6507	6962	14
1770	2263	9252	14
6651	6652	6653	14
4747	5468	5867	14
2536	2703	2930	14
3584	4051	4052	14
2273	2466	2467	14
3035	3041	9569	14
5769	5770	5771	14
6683	6901	9734	14
1531	2250	8725	14
4890	4891	4892	14
145	146	9420	14
4701	5219	5220	14
2689	2691	9249	14
1544	1545	1546	14
4819	5768	5769	14
5605	9394	9735	14
1768	1770	2263	14
6686	6688	6689	14
6687	6711	9521	14
1553	1557	1558	14
8656	10046	10287	14
132	552	9214	14
1524	4517	8814	14
4571	4592	9419	14
1546	1548	1549	14
1551	1552	1553	14
6253	6918	6919	14
4996	4997	5315	14
2917	2919	8999	14
4908	5764	6437	14
4598	4599	4600	14
2722	4059	4536	14
137	415	9116	14
3989	4819	5768	14
4892	4893	5004	14
4592	5738	9419	14
141	465	9180	14
922	930	931	14
5905	8456	10430	14
1772	1865	3584	14
6687	6688	6710	14
5433	5440	9963	14
5437	6492	6493	14
6377	6648	10301	14
4996	5315	5317	14
931	937	938	14
883	891	892	14
6280	6281	6282	14
6253	6917	6918	14
4887	6370	9693	14
4051	4886	4887	14
6486	7917	9709	14
892	894	895	14
138	545	9116	14
3042	3046	8818	14
4046	4576	4991	14
4517	8814	8815	14
4062	4063	4995	14
5600	6486	7985	14
5428	7717	7718	14
5886	8456	10370	14
1773	1775	9413	14
146	147	564	14
3693	8228	8922	14
938	941	942	14
7978	8306	9640	14
895	922	3706	14
4051	4052	4886	14
3048	9388	9389	14
130	423	9199	14
2157	2273	2466	14
4890	4892	5313	14
895	921	922	14
1545	1548	8690	14
1865	9413	9693	14
2076	3580	9748	14
1556	3643	4062	14
6282	6681	6682	14
874	9229	9230	14
6491	9394	9395	14
2275	2390	10302	14
8493	8824	10284	14
3643	3644	8002	14
4908	6437	6438	14
1560	1562	1563	14
6682	6683	6684	14
2153	2155	4578	14
1559	1560	1561	14
129	423	9222	14
6688	6710	7223	14
131	552	9199	14
3035	3037	9569	14
6684	6685	6686	14
5220	6279	6280	14
2799	3473	9853	14
8038	8824	9310	14
6686	6687	6688	14
8908	9071	9748	14
4034	4479	9444	14
6684	6686	6687	14
1554	8921	8922	14
4577	9240	10284	14
931	8597	10188	14
5786	9579	9580	14
6280	6282	9734	14
5220	6280	6281	14
1558	1559	1560	14
8906	8908	9071	14
1781	2081	9020	14
1540	8225	8226	14
2800	3550	9404	14
5902	8186	9343	14
1522	4517	10199	14
1775	3679	9413	14
1544	8457	9456	14
2810	3179	9761	14
6663	10398	10499	14
1517	1519	9058	14
8814	8815	8816	14
3580	8837	10419	14
4477	5600	9600	14
2247	2543	10261	14
6486	7985	9709	14
1774	1776	9972	14
3679	9413	10183	14
8291	9058	10103	14
1517	1555	9058	14
147	564	9421	14
3679	10011	10183	14
6448	7514	9963	14
148	149	463	14
880	9229	9461	14
6491	9394	9735	14
1558	5817	10016	14
2573	8907	10460	14
4930	6500	9444	14
146	564	9420	14
922	931	10188	14
2543	7913	10261	14
6374	10046	10287	14
4481	9600	9925	14
6661	6663	10398	14
4538	4990	9268	14
6879	8144	8145	14
3679	8322	10011	14
1560	1561	1562	14
2155	4578	9694	14
5583	6487	9757	14
4576	4991	9891	14
5425	7669	9395	14
2393	2529	9378	14
148	463	9421	14
4479	4930	9444	14
2687	2689	9928	14
2271	2373	9579	14
2930	10234	10391	14
6281	10619	10644	14
1546	1550	9456	14
5432	9455	10332	14
2918	4510	9249	14
2393	2535	9378	14
7142	8291	10103	14
8907	10094	10460	14
6282	6683	9734	14
8273	9266	10499	14
2157	2466	9694	14
2390	2391	10289	14
3989	5768	9388	14
2155	2157	9694	14
2722	4536	9579	14
2691	2918	9249	14
9455	10332	10564	14
6493	9060	10050	14
1533	1535	10241	14
8681	8682	9788	14
8140	8938	10444	14
8140	9853	10444	14
8139	8544	10507	14
8228	8921	8922	14
1527	1529	9409	14
895	3706	9683	14
5581	6253	9940	14
8815	8816	9987	14
1776	2573	9972	14
6368	6369	10177	14
4046	4991	9650	14
7979	7980	9192	14
892	895	9683	14
4536	9579	9580	14
8038	9240	10284	14
151	152	513	14
5581	7918	9940	14
1551	1553	9629	14
2687	2693	9928	14
2154	3601	8935	14
6253	6919	9940	14
6370	6372	10183	14
3548	3549	9650	14
8571	8955	9987	14
5905	8544	10402	14
7669	9394	9395	14
6649	6656	10329	14
6374	6375	10287	14
1555	9058	10103	14
1530	5681	9409	14
3601	8039	8935	14
6483	9406	10064	14
9413	9693	10183	14
4886	4888	10330	14
1521	3463	9827	14
3580	9748	10268	14
1544	1546	9456	14
4747	5867	9925	14
2537	2800	9404	14
1561	1562	9920	14
6648	6649	10329	14
6663	8791	10499	14
9600	9925	10231	14
6372	6374	10011	14
2373	2722	9579	14
4481	4483	9925	14
2213	10179	10261	14
6372	10011	10183	14
3463	9059	9827	14
6369	6378	10177	14
2821	8714	10857	14
2115	2206	10179	14
4576	4701	9891	14
7712	7713	10563	14
4058	4059	9268	14
4062	4995	10323	14
7713	10505	10563	14
4483	4747	9925	14
2821	10857	10866	14
1551	1556	9629	14
7713	8938	10505	14
5867	9925	10231	14
1518	2398	9266	14
6506	7452	10274	14
1520	2398	10199	14
1556	4062	9629	14
1527	1530	9409	14
4598	4600	10080	14
1558	1560	10016	14
941	4813	10315	14
3549	4046	9650	14
3447	10388	10400	14
5768	9388	9389	14
2213	2247	10261	14
4908	6438	10094	14
932	8311	10353	14
9461	10362	10398	14
4510	9249	10987	14
6370	9693	10183	14
8283	8284	10268	14
3179	9761	10333	14
1516	1518	9266	14
4892	5313	9880	14
4907	8284	10094	14
8283	10268	10419	14
8322	10011	10046	14
922	3706	10188	14
1520	1522	10199	14
6375	6377	10301	14
5868	8790	10023	14
8791	9266	10499	14
7514	9963	10270	14
6919	6920	10333	14
4892	5004	9880	14
1560	1563	10016	14
5600	7985	10231	14
4598	5688	10080	14
5004	9022	10369	14
2115	2213	10179	14
4059	4538	9268	14
1774	9972	10112	14
8544	10402	10507	14
1515	1555	10519	14
7514	7516	10270	14
4907	4908	10094	14
5434	5439	10332	14
4886	6368	10330	14
2275	2277	10302	14
5004	9880	10369	14
8492	8493	10284	14
5868	7526	10023	14
8456	10370	10430	14
5769	7163	10475	14
5601	8451	10452	14
2930	10234	10452	14
1514	6367	10519	14
2536	2930	10391	14
8972	10402	10430	14
6488	7743	10020	14
5439	7412	10332	14
932	10020	10568	14
6506	7560	10274	14
6438	10094	10460	14
9022	10353	10568	14
5902	6690	10378	14
2391	2394	10289	14
3447	8311	10388	14
6919	9761	10333	14
2277	8656	10287	14
9230	10362	10400	14
6660	10388	10400	14
5600	9600	10231	14
6648	10301	10302	14
6920	7984	10333	14
5817	9343	10323	14
6656	10234	10391	14
9521	10701	10762	14
2390	10289	10329	14
5432	5434	10332	14
6661	10362	10400	14
2153	4578	9920	14
6656	10289	10329	14
3280	6387	10983	14
1561	2153	9920	14
6656	10289	10391	14
2394	10289	10391	14
5817	9629	10323	14
4476	9461	10398	14
2397	8837	10370	14
9229	9461	10362	14
3473	8972	10402	14
3447	9230	10400	14
6688	7223	10530	14
4890	5313	10377	14
6653	10234	10452	14
6374	10011	10046	14
4995	4996	10456	14
9229	9230	10362	14
6660	6661	10400	14
4888	4890	10377	14
5886	8283	10419	14
8938	10444	10505	14
2394	2536	10391	14
7714	10619	10644	14
3548	9650	10444	14
2250	9061	10241	14
5902	9343	10378	14
6662	9022	10353	14
1533	2250	10241	14
2397	8972	10430	14
4476	10398	10499	14
4991	9650	10505	14
6375	10287	10301	14
2930	8451	10452	14
6660	6662	10388	14
7436	8460	10425	14
3473	10402	10507	14
6438	7402	10460	14
1540	8226	10425	14
4062	9629	10323	14
4991	10505	10563	14
2277	10301	10302	14
6488	10020	10568	14
6651	6656	10234	14
6651	6653	10234	14
1540	8460	10425	14
4995	10378	10456	14
2277	10287	10301	14
5867	6517	10451	14
4996	5317	10456	14
6690	10378	10456	14
4819	7805	10475	14
1514	1515	10519	14
6690	10456	10580	14
5317	6340	10486	14
5317	10456	10580	14
7714	9891	10619	14
7985	10231	10451	14
6653	10450	10452	14
4819	5769	10475	14
8311	10353	10388	14
2523	2642	10665	14
4476	8273	10499	14
5220	6281	10619	14
3473	9853	10507	14
2397	10370	10430	14
5867	10231	10451	14
6688	6689	10530	14
6488	10369	10568	14
8077	8714	10801	14
4701	9891	10619	14
9650	10444	10505	14
6662	10353	10388	14
5886	10370	10419	14
4991	9891	10563	14
8837	10370	10419	14
6682	9521	10701	14
2642	10701	10762	14
7718	9570	10564	14
7718	9455	10564	14
9022	10369	10568	14
4701	5220	10619	14
2708	7714	10644	14
6281	6681	10644	14
5317	10486	10580	14
2523	2708	10665	14
6681	10644	10665	14
2708	10644	10665	14
2642	10665	10701	14
8596	10188	10979	14
6681	6682	10701	14
3055	11000	11005	14
6368	10330	10983	14
6378	10177	10987	14
6711	9521	10762	14
4510	10177	10987	14
2642	8357	10762	14
6652	7456	11005	14
6387	10330	10983	14
6689	10530	10756	14
6711	10762	10801	14
6379	8159	11034	14
6379	6380	11034	14
8714	10801	10857	14
8077	8357	10801	14
6681	10665	10701	14
8357	10762	10801	14
6710	10857	10866	14
6710	7223	10866	14
6710	6711	10857	14
6711	10801	10857	14
6368	10177	10983	14
6378	8682	10987	14
6650	6652	11005	14
6650	11005	11034	14
3706	10188	10979	14
6380	6650	11034	14
135	7583	11692	14
149	150	11568	14
4732	5685	11571	14
5226	6962	11571	14
415	7583	11652	14
8534	11612	11827	14
564	9421	11648	14
150	11568	11633	14
149	463	11568	14
547	9181	11589	14
4732	5226	11571	14
5685	11571	11810	14
6689	8534	11612	14
6252	6929	11618	14
6929	9540	11621	14
7453	7454	11599	14
6902	11568	11633	14
151	513	11633	14
6507	7453	11638	14
6279	6896	11648	14
6880	7583	11652	14
6879	8145	11652	14
465	9146	11638	14
134	485	11692	14
6917	6918	11696	14
6901	9734	11706	14
8021	8022	11603	14
9181	11571	11810	14
513	11612	11827	14
7582	7583	11692	14
465	9180	11813	14
485	9214	11621	14
6896	8021	11603	14
547	9019	11589	14
552	9199	11618	14
513	7551	11612	14
7454	8145	11599	14
545	9116	11599	14
408	9420	11603	14
6962	11571	11813	14
6689	10756	11612	14
6252	6917	11618	14
7584	9540	11621	14
150	151	11633	14
6507	6962	11638	14
9181	11571	11813	14
6279	6892	11648	14
6879	6880	11652	14
134	135	11692	14
6918	6921	11696	14
6892	9734	11706	14
9181	11589	11810	14
513	11633	11827	14
5685	8324	11810	14
9180	9181	11813	14
6902	8534	11827	14
8324	11589	11810	14
6902	11633	11827	14
404	10756	11687	14
6367	7139	7805	14
2149	6367	7139	14
1510	1512	9273	14
3045	8305	10486	14
4210	7423	7433	14
1512	2149	9273	14
5680	10486	10580	14
5210	7223	10530	14
3804	7977	10282	14
153	154	404	14
7431	7432	7433	14
6868	10530	10756	14
7223	10429	10866	14
4578	9176	9920	14
3051	7979	8414	14
943	8594	8597	14
1562	8458	9920	14
7456	11000	11005	14
1563	1565	8186	14
3047	3053	8504	14
3025	3027	8305	14
8594	8595	8596	14
4385	5902	6690	14
7964	7965	7966	14
6921	6922	6924	14
7969	7970	7971	14
3716	5902	8186	14
2467	2530	2821	14
7968	7969	7970	14
4818	4819	7805	14
3026	3027	3028	14
7973	7976	7977	14
3047	3049	3053	14
2574	2575	2686	14
880	1471	1472	14
1471	1472	1510	14
3804	8504	10282	14
3989	4818	4819	14
7971	7973	7976	14
3028	3051	8413	14
7963	7965	7979	14
872	880	9229	14
2811	3180	3784	14
874	875	882	14
3784	5601	8451	14
2692	2917	2919	14
2919	4210	8999	14
2688	2689	2690	14
3049	3281	9388	14
2575	2687	2688	14
883	892	2052	14
2690	2691	2692	14
7984	10170	10333	14
6920	6922	7984	14
872	874	9229	14
6652	7455	7456	14
875	882	883	14
938	942	943	14
2466	2467	2468	14
1562	1563	1564	14
892	2052	9683	14
4813	7432	10315	14
2466	9694	9946	14
3281	3989	9388	14
3179	3180	10170	14
5601	10450	10452	14
941	942	10315	14
4578	9694	10406	14
6653	7455	10450	14
2821	9442	10866	14
6690	7869	10580	14
3706	9683	10967	14
8596	10979	11051	14
2574	3055	11000	14
3706	10967	10979	14
7966	7968	11136	14
6924	9222	11655	14
128	9222	11655	14
487	6924	11655	14
404	7323	11687	14
2149	7138	7139	14
5085	7455	7456	14
2149	7138	9273	14
5680	7869	10580	14
4210	7433	8586	14
1510	5559	9273	14
9442	10429	10866	14
3045	5680	10486	14
5210	7223	10429	14
5210	6868	10530	14
154	404	7323	14
7432	7433	7434	14
8458	9176	9920	14
7139	7805	9144	14
7963	7979	8414	14
1562	1564	8458	14
4818	7805	9144	14
943	945	8594	14
4192	7984	10170	14
1565	3716	8186	14
2530	2821	9442	14
7977	10282	10567	14
3716	4385	5902	14
4385	6690	7869	14
3025	3026	3027	14
7970	7971	7972	14
3025	3045	8305	14
3051	8413	8414	14
866	872	880	14
3049	3053	3054	14
866	880	1471	14
2130	2574	2575	14
3281	3987	3989	14
7432	10315	10403	14
7963	7964	7965	14
6922	6924	6930	14
1471	1510	5559	14
3049	3054	3281	14
3987	3989	4818	14
3053	5526	8504	14
2919	3267	4210	14
7973	7977	10567	14
872	873	874	14
3026	3028	8413	14
3180	3784	3785	14
1563	1564	1565	14
7971	7972	7973	14
3784	4248	5601	14
2651	8594	8595	14
2692	2919	2920	14
873	874	875	14
942	943	944	14
883	2052	9641	14
2467	2468	2530	14
2688	2690	4060	14
5601	6738	10450	14
875	883	9641	14
2466	2468	9946	14
3180	3786	10170	14
2575	2688	9669	14
2690	2692	9781	14
942	946	10315	14
7456	9069	11000	14
4578	9176	10406	14
9694	9946	10406	14
8595	8596	11051	14
5526	8504	10282	14
2129	2574	11000	14
7455	10450	11090	14
2052	9683	10949	14
9639	10967	10979	14
9683	10949	10967	14
7966	11116	11136	14
7968	11136	11154	14
7964	7966	11116	14
7968	7970	11154	14
9639	10979	11051	14
6868	10756	11687	14
6922	7984	11581	14
127	128	11655	14
509	7566	10151	15
478	10260	11572	15
7566	10151	11704	15
6184	6846	8188	15
6870	6873	7951	15
478	10260	11703	15
510	6923	7336	15
529	7688	8135	15
510	6923	11688	15
404	10756	11687	15
6851	6852	7397	15
6852	6855	7397	15
6869	6870	7951	15
6184	6814	8188	15
6846	8188	11600	15
533	6965	6966	15
6873	7951	11602	15
7688	8135	11641	15
456	6963	6965	15
426	6987	11616	15
533	6966	6967	15
7567	10150	11704	15
8138	11502	11703	15
6953	10260	11572	15
529	7688	11602	15
533	6965	11699	15
6891	7323	11688	15
6891	7323	11687	15
6851	7397	11614	15
456	6965	11699	15
7566	7567	11704	15
456	6963	11641	15
6923	7336	11614	15
478	8138	11703	15
509	10151	11626	15
7567	10150	11700	15
8138	11502	11709	15
6966	6967	11560	15
510	7323	11688	15
404	7323	11687	15
6855	7397	11626	15
3045	8305	10486	15
7572	10427	11381	15
4916	6078	10964	15
5680	7869	10580	15
5680	7869	9559	15
4438	7869	9559	15
6080	7212	7219	15
4646	6080	7219	15
5470	7249	7635	15
4397	7249	7635	15
5470	7249	8965	15
3448	7313	8389	15
7313	7314	8389	15
7314	8388	8389	15
7314	7666	8387	15
6777	10944	10953	15
7314	8387	8388	15
2922	7250	7666	15
9442	10429	10866	15
3045	5680	10486	15
4394	7242	8985	15
2922	7250	9218	15
2922	7666	8387	15
1032	3353	11181	15
7250	8985	9218	15
6078	7866	10964	15
4394	8985	9218	15
4394	7242	9841	15
9099	10352	10816	15
4646	7219	7800	15
7731	7898	10336	15
6445	7636	7731	15
6081	6783	10872	15
5210	7223	10429	15
6445	7635	7636	15
5210	6868	10530	15
7212	10907	11173	15
4397	6445	7635	15
5470	8965	9559	15
4438	5470	9559	15
7242	7800	9841	15
6464	10528	10552	15
154	404	7323	15
2996	7413	9172	15
5680	10486	10580	15
5210	7223	10530	15
6176	7367	7394	15
157	451	7336	15
6875	7413	9172	15
4870	7731	9964	15
5399	7367	7394	15
6111	6777	10944	15
7440	8704	10224	15
7636	7731	10336	15
7745	10984	11061	15
6872	6875	10439	15
9575	10939	10950	15
7219	7800	9841	15
5673	6775	10939	15
2927	7440	10224	15
7342	7343	9684	15
4126	5335	7800	15
7393	8786	9294	15
3802	8786	9294	15
4870	4871	9964	15
5606	10044	10585	15
158	451	7396	15
6442	7505	9971	15
6464	7313	10552	15
155	510	7323	15
6862	6871	10517	15
451	7396	7397	15
3951	10368	10463	15
6783	10855	10872	15
4871	7330	10044	15
2923	7505	9971	15
153	154	404	15
6080	6081	10907	15
1006	7393	7647	15
1006	7393	9294	15
1591	9638	10357	15
6465	10175	10203	15
156	510	7336	15
7343	9684	11359	15
4870	7731	7898	15
3353	7340	11181	15
154	155	7323	15
4126	4646	7800	15
6875	9172	10439	15
4025	7438	7562	15
1003	1006	7647	15
4871	7330	9964	15
6868	10530	10756	15
7842	10528	10702	15
155	156	510	15
7223	10429	10866	15
1002	1003	7647	15
4025	7438	7598	15
5050	10352	10816	15
3448	7313	10552	15
5399	7394	7740	15
8458	9176	9920	15
6442	7598	9971	15
6111	9910	11159	15
162	410	7567	15
3951	7361	10368	15
1591	9737	10357	15
1002	8735	9896	15
7413	10368	10463	15
6775	9575	10939	15
4749	10437	10498	15
7340	11181	11182	15
4025	7562	8185	15
5471	7562	7563	15
6465	7440	10203	15
5082	6177	7572	15
5335	7242	7800	15
157	158	451	15
4125	4674	9965	15
7361	10437	10498	15
159	509	7396	15
5471	7562	8185	15
7961	7963	8414	15
1002	7647	9896	15
6442	7438	7598	15
6536	10165	10204	15
4578	9176	9920	15
3051	7979	8414	15
7958	7961	9780	15
156	157	7336	15
5418	8735	9896	15
4287	5210	10429	15
9991	10363	10406	15
5560	10528	10552	15
6536	8786	10204	15
1597	1900	9012	15
7740	7803	9845	15
7963	7979	8414	15
5471	7563	9012	15
7394	7740	9845	15
2876	3068	7803	15
2876	2878	7803	15
5081	5082	7572	15
3951	7361	10437	15
5690	7820	9680	15
159	160	509	15
1583	7820	9680	15
1571	1572	7898	15
7961	8414	9780	15
7330	10044	10585	15
2354	4025	7598	15
6140	9965	9966	15
2354	2408	7598	15
2927	7440	10203	15
6536	6732	10165	15
6021	7314	7666	15
2614	3005	7865	15
158	159	7396	15
1562	1564	8458	15
1993	3451	7645	15
160	509	7566	15
161	162	7567	15
6871	6872	10439	15
3002	4129	7938	15
2707	2875	7729	15
7505	8704	10224	15
1562	8458	9920	15
410	7950	7951	15
2307	2343	8020	15
4606	5797	8538	15
1564	1567	8458	15
3819	5418	8735	15
1572	1575	7898	15
3022	7956	9318	15
2705	2967	8862	15
4123	4125	9965	15
6445	7731	9964	15
6871	9405	10517	15
163	410	7950	15
1563	1565	8186	15
161	7566	7567	15
4686	6809	7919	15
2307	2353	8020	15
1747	1870	7829	15
1595	1597	9012	15
2127	2335	8185	15
5672	5674	9067	15
4914	5570	8704	15
5328	8965	9559	15
3802	8786	10204	15
2531	2705	8862	15
1598	1600	8708	15
173	534	8138	15
2614	2808	7865	15
1900	5471	9012	15
3002	3004	7938	15
3815	5703	9215	15
1870	7829	7842	15
1577	1578	9183	15
4606	5033	8538	15
4674	6140	9965	15
4687	5162	9782	15
3880	4176	7993	15
3681	4466	8662	15
4393	5331	9841	15
2530	2704	9442	15
4647	5096	9818	15
1565	3716	8186	15
2353	7745	8020	15
2335	4025	8185	15
2878	3879	7803	15
6081	6140	6783	15
2353	2407	7745	15
1922	3451	7842	15
5081	5340	7572	15
5399	6180	7367	15
3816	5672	9066	15
6106	6107	7599	15
4466	5473	8662	15
6440	6536	8786	15
171	418	8187	15
3025	3027	8305	15
5570	7440	8704	15
2138	10427	11381	15
2996	7413	10463	15
5965	10574	10593	15
166	456	8135	15
5797	6691	8538	15
4914	5472	8704	15
4014	6446	9513	15
6873	6874	7688	15
1600	5560	8708	15
3879	3880	4175	15
5077	6181	7656	15
2875	3068	4422	15
4287	5209	5210	15
4647	5419	9818	15
3187	4686	7919	15
4175	5153	5399	15
7956	7958	9780	15
2530	2821	9442	15
1598	1754	8708	15
4423	4424	5081	15
2994	9098	9099	15
5082	5410	6177	15
160	161	7566	15
1993	2070	7645	15
5081	5083	5340	15
173	174	8138	15
534	8187	8188	15
5982	6021	7666	15
164	529	7950	15
2704	3876	9442	15
2987	2994	9098	15
3004	4258	7938	15
9157	10322	10336	15
4129	4130	5069	15
1577	4871	9183	15
5672	9066	9067	15
6110	6111	6777	15
3068	4422	4423	15
2070	2137	2139	15
4422	4424	9980	15
4424	5081	5082	15
163	164	7950	15
5933	9099	9541	15
2070	2139	2140	15
5209	5210	6868	15
4122	4123	5091	15
1602	1747	7829	15
5082	5409	5410	15
2615	2922	9218	15
4132	4241	9910	15
2969	9485	9701	15
5070	6038	6039	15
4422	4423	4424	15
162	163	410	15
3020	4146	7955	15
3833	3834	4122	15
2615	2809	9218	15
4385	4438	7869	15
4646	4674	6080	15
1567	5633	8458	15
165	529	8135	15
1596	1599	9642	15
5410	6177	7342	15
164	165	529	15
1922	1993	3451	15
2875	2876	3068	15
4079	5574	9149	15
2319	2622	2623	15
1993	2069	2070	15
174	478	8138	15
2006	2127	8185	15
3050	7249	9795	15
166	167	456	15
5069	5070	7756	15
5690	5692	7820	15
177	178	426	15
5153	5399	6180	15
1578	1581	9183	15
3004	3187	4258	15
1588	1591	9638	15
2623	2694	3062	15
2808	2809	4132	15
168	169	533	15
1575	4870	7898	15
3062	3063	3833	15
4130	5069	5070	15
3001	4129	4130	15
172	173	534	15
3017	3050	9795	15
4175	5399	7740	15
2878	3878	3879	15
7961	7962	7963	15
2808	4132	4241	15
7956	9318	9780	15
1870	1922	7842	15
5070	5933	6038	15
6107	6439	6440	15
3063	3833	3834	15
2139	2231	2319	15
4123	4124	4125	15
174	175	478	15
2994	9099	9541	15
1922	1992	1993	15
5574	8771	9149	15
2923	7505	10224	15
3001	3002	4129	15
4466	4914	5472	15
1037	1038	1039	15
5340	6176	6796	15
170	171	418	15
1030	1032	3353	15
1754	1900	1923	15
3716	4385	5902	15
2407	3006	7745	15
172	534	8187	15
3716	3999	4385	15
4385	5902	6690	15
6177	7342	7343	15
1035	1037	1038	15
2707	2874	2875	15
1595	1596	1597	15
4125	4646	4674	15
1575	1577	4870	15
4175	4176	5153	15
1597	1598	1754	15
5033	5574	5965	15
2053	2127	2187	15
1016	1018	1019	15
2623	3062	3063	15
1011	1014	1015	15
7958	7959	7960	15
1871	1922	1992	15
7960	7961	7962	15
6853	10228	10291	15
6875	6876	7413	15
1596	1597	1598	15
3765	5690	9680	15
4423	5081	5083	15
7956	7957	7958	15
1900	1923	2006	15
7964	7965	7966	15
2614	2615	2808	15
4385	6690	7869	15
1870	1871	1922	15
4023	4466	4914	15
6440	7393	8786	15
2127	2187	2307	15
4287	4742	5209	15
2875	4422	7729	15
4132	4393	4649	15
3017	3018	3019	15
4079	5033	5574	15
2319	10048	10316	15
4023	5569	8401	15
4649	6110	6111	15
2615	2808	2809	15
4393	4649	5331	15
1018	1019	1020	15
3025	3026	3027	15
997	998	999	15
1602	5560	7829	15
1747	1869	1870	15
4649	5331	6110	15
5980	5982	7250	15
5418	5419	5420	15
2622	2623	2694	15
1600	1602	5560	15
2982	2988	9405	15
3879	7740	7803	15
5574	5965	5967	15
5162	6846	9782	15
1018	3815	9215	15
5096	5784	6085	15
2187	2307	2343	15
2407	2616	3006	15
2410	2614	2615	15
7958	7960	7961	15
2137	2139	2231	15
995	997	998	15
1585	3681	4023	15
5418	5420	9896	15
3019	3020	3021	15
1032	1034	1035	15
1581	8401	8412	15
5472	6442	7505	15
3019	3021	8796	15
2187	2343	2344	15
3880	4175	4176	15
1581	1582	8401	15
2995	2997	3001	15
3879	4175	7740	15
1592	1594	1595	15
1588	1590	1591	15
1923	2006	2053	15
2231	2319	2622	15
2809	4132	4393	15
3819	4647	5418	15
5096	6085	6724	15
2006	2053	2127	15
3020	3021	3022	15
3023	3024	3025	15
2069	2070	2137	15
2409	2410	2614	15
1597	1754	1900	15
3015	3017	3018	15
3681	4023	4466	15
3876	3943	4287	15
3716	5902	8186	15
1030	1031	1032	15
6107	6440	6441	15
2070	2140	7645	15
2343	2344	2409	15
5331	6110	7212	15
1024	1027	9505	15
1014	1015	1016	15
1923	3448	8389	15
3023	3025	3026	15
6874	6875	6876	15
1869	1870	1871	15
4914	5569	5570	15
2407	2408	2616	15
3011	3013	3014	15
6862	6870	6871	15
4717	5255	5256	15
5472	7505	8704	15
5472	5473	6442	15
1005	1006	1007	15
6021	7313	7314	15
2344	2410	8387	15
3715	3716	3999	15
1599	3779	9642	15
2467	2530	2821	15
4674	6080	6081	15
5070	6039	7756	15
1581	8412	9183	15
3018	3019	3020	15
5335	5881	7242	15
1585	1586	3681	15
1028	1029	1030	15
3022	7955	7956	15
1592	1595	9737	15
2987	2989	2994	15
3021	3022	3023	15
3025	3045	8305	15
1026	1027	1028	15
999	1002	8735	15
2808	4241	7865	15
1022	1023	1024	15
1590	1591	1592	15
3834	4122	4123	15
3020	3022	7955	15
1035	1036	1037	15
2353	2354	2407	15
2617	2743	2744	15
2980	2982	2986	15
4466	5472	5473	15
6878	6964	7361	15
1992	1993	2069	15
4686	5161	6809	15
1567	1569	5633	15
3819	4150	4647	15
3015	3016	3017	15
4125	4126	4646	15
1575	1576	1577	15
2704	2870	3876	15
5033	5965	6692	15
1011	1013	1014	15
3878	3879	3880	15
1565	3715	3716	15
1009	1010	1011	15
2409	2614	3005	15
1016	1017	1018	15
2354	2407	2408	15
3051	8413	8414	15
4130	5070	5933	15
2335	2353	2354	15
5690	5691	5692	15
1754	1923	3448	15
1001	1002	1003	15
5419	6106	6779	15
1595	9012	9737	15
9505	9506	9759	15
5473	6442	7438	15
1577	4870	4871	15
2344	2409	2410	15
5982	7250	7666	15
3024	3025	3045	15
2986	2987	9098	15
3013	3014	3015	15
1578	1580	1581	15
1580	1581	1582	15
2307	2335	2353	15
3026	3027	3028	15
2127	2307	2335	15
3050	4397	7249	15
3068	7803	9845	15
4176	5153	5160	15
1576	1577	1578	15
1900	2006	5471	15
1594	1595	1596	15
5570	5606	6465	15
4397	6444	6445	15
4424	5082	5409	15
5331	7219	9841	15
1582	1584	1585	15
2928	3010	3011	15
171	172	8187	15
4023	4914	5569	15
5980	7250	8985	15
4871	9183	10044	15
6439	6440	7393	15
3187	4258	7919	15
2973	10228	10291	15
3011	3012	3013	15
4130	5933	9541	15
4241	7866	7867	15
4150	5096	5784	15
6183	6184	6813	15
3765	4622	5690	15
5570	6465	7440	15
6872	6874	6875	15
4438	5332	5470	15
7957	7958	7959	15
4674	6081	6140	15
2874	2875	2876	15
3001	4130	9541	15
3021	3024	8796	15
995	996	997	15
1017	1018	3815	15
3021	3023	3024	15
996	997	3819	15
2924	2925	2926	15
7963	7964	7965	15
997	3819	8735	15
3013	3015	3016	15
5420	6107	6439	15
2616	2617	2743	15
2053	8388	8389	15
2976	2978	2979	15
2994	2995	9541	15
4079	4606	5033	15
3018	3020	4146	15
3999	4385	4438	15
7962	7964	7975	15
5328	5680	9559	15
165	166	8135	15
1584	1585	1586	15
2410	2615	2922	15
5083	5340	6176	15
2989	2994	2995	15
3016	3017	3050	15
5569	5570	5606	15
2926	2928	3010	15
996	3819	4150	15
1583	7820	10002	15
3816	4917	5672	15
1037	1039	1040	15
6440	6441	6536	15
3024	5328	8796	15
2809	4393	4394	15
6021	6464	7313	15
6107	6441	7599	15
2139	2140	10048	15
6858	6860	6861	15
1565	1566	3715	15
2997	3001	3002	15
2744	2924	2925	15
997	999	8735	15
3880	3881	7993	15
2344	8387	8388	15
5419	5420	6106	15
5815	6851	6923	15
1003	1005	1006	15
1573	3761	4079	15
5814	9485	9701	15
1027	3795	9505	15
7955	7956	7957	15
2982	2986	2987	15
3761	5796	9652	15
2744	2923	2924	15
4124	4125	4126	15
1010	1011	1013	15
1020	1022	1023	15
3028	3051	8413	15
1592	1593	1594	15
1602	1746	1747	15
1747	1868	1869	15
5473	7438	7439	15
1007	1009	1010	15
5982	6020	6021	15
3004	3186	3187	15
5569	8401	8412	15
2408	2616	2617	15
3187	3946	4686	15
4717	5256	10317	15
5209	6868	6891	15
6441	6536	6732	15
5784	6085	6128	15
2924	2926	2927	15
2926	2927	2928	15
7963	7965	7979	15
1569	8771	9149	15
1566	1567	1568	15
1923	2053	8389	15
2335	2354	4025	15
5077	6059	6181	15
5335	5880	5881	15
999	1001	1002	15
992	994	1012	15
7962	7963	7964	15
1568	1570	1571	15
5328	8796	8965	15
993	994	995	15
7438	7439	7562	15
2978	2979	2980	15
1574	1575	1576	15
5096	6724	9818	15
2928	3011	3012	15
4424	5409	9980	15
1572	1574	1575	15
8662	9638	10357	15
1598	1599	1600	15
5420	6106	6107	15
1958	5077	6058	15
3024	3045	5328	15
6870	6871	6872	15
2995	3001	9541	15
3018	4146	9482	15
6439	7393	7647	15
1034	1035	1036	15
5672	5673	5674	15
1596	1598	1599	15
4686	4687	5161	15
1014	1016	1017	15
3815	4916	5703	15
1027	1028	1029	15
3834	4123	4124	15
1024	1026	1027	15
3026	3028	8413	15
1578	1579	1580	15
2343	8020	9574	15
3002	3003	3004	15
2617	2744	2923	15
1031	1032	1034	15
1566	3715	9157	15
1010	3802	9294	15
2876	2877	2878	15
3816	4916	4917	15
5881	5980	8985	15
1567	1568	1569	15
5673	6774	6775	15
1563	1564	1565	15
992	1012	9497	15
2878	3877	3878	15
1600	1601	1602	15
2870	3876	3943	15
2006	5471	8185	15
2974	2975	2976	15
5473	7439	8662	15
1012	9808	10129	15
4014	4397	6444	15
4241	7867	9910	15
2410	2922	8387	15
3943	4287	4742	15
3050	4014	4397	15
7563	9012	9737	15
1586	1587	1588	15
1588	1589	1590	15
3878	3881	9952	15
2972	2974	2975	15
5797	6644	6691	15
1585	4023	8401	15
2995	2996	2997	15
1564	1565	1566	15
4150	4647	5096	15
1029	1030	1031	15
2408	7598	9971	15
4126	4954	5335	15
3016	3050	4014	15
994	995	996	15
1570	1571	1572	15
8412	9183	10044	15
990	992	9497	15
990	3698	9497	15
5569	5606	8412	15
6878	6963	6964	15
3815	3816	4916	15
1569	5633	8771	15
3045	5328	5680	15
5881	5979	5980	15
6963	6964	6965	15
5256	10602	10676	15
3022	3023	9318	15
1017	3816	9066	15
1582	1583	1584	15
4241	7865	7866	15
992	993	994	15
4647	5418	5419	15
3761	4079	4606	15
4393	4394	9841	15
5797	6643	6644	15
6964	6965	6966	15
5606	8412	10044	15
4606	5796	5797	15
2622	2694	2737	15
5077	6058	6059	15
1572	1573	1574	15
5161	5162	6183	15
1576	1578	1579	15
3016	4014	9513	15
5979	5980	5981	15
6444	6446	7330	15
1580	1582	1583	15
1023	1024	9505	15
4687	5161	5162	15
1584	1587	9680	15
5691	5692	6018	15
1869	1871	1874	15
4124	4126	4954	15
5420	6439	9896	15
1017	3815	3816	15
1584	1586	1587	15
3999	4438	5332	15
3681	8662	9638	15
1010	1013	3802	15
2968	2970	2971	15
1582	1585	8401	15
2988	2989	9172	15
1589	3765	4108	15
3765	4108	4622	15
1958	6058	9821	15
4423	5083	9845	15
5574	5967	8771	15
2531	4068	8862	15
1594	1596	9642	15
5673	5674	6774	15
6858	6861	10393	15
994	1012	9808	15
1590	1592	1593	15
4622	5690	5691	15
5796	5797	6643	15
1601	1602	1746	15
1570	1572	1573	15
994	996	9808	15
4014	6444	6446	15
2707	2873	2874	15
1564	1566	1567	15
3017	3019	9795	15
5980	5981	5982	15
4132	4649	9910	15
5880	5881	5979	15
2704	2705	2870	15
4954	5335	5880	15
2989	2995	2996	15
5331	7212	7219	15
2467	2468	2530	15
2053	2187	8388	15
2809	4394	9218	15
2997	3002	3003	15
5083	6176	7394	15
3761	4606	5796	15
1746	1747	1868	15
3015	3018	9482	15
1599	1600	1601	15
5881	7242	8985	15
6078	7866	10950	15
2466	2467	2468	15
1562	1563	1564	15
1573	1574	3761	15
1587	3765	9680	15
3795	9505	9506	15
1580	1583	10002	15
1568	1569	1570	15
5033	6692	8538	15
5674	9067	10204	15
1573	4079	9149	15
4687	4749	9782	15
1754	3448	8708	15
2530	2531	2704	15
1587	1588	1589	15
6874	6877	7688	15
5332	5470	7635	15
6020	6021	6464	15
6876	6877	6878	15
2982	2987	2988	15
4717	5217	5255	15
6878	7361	10368	15
3068	4423	9845	15
1034	1036	1067	15
5981	5982	6020	15
2531	2704	2705	15
1014	1017	9066	15
5255	5256	6952	15
3003	3004	3186	15
4295	5217	5873	15
6874	6876	6877	15
6860	6861	6862	15
1027	1029	3795	15
2987	2988	2989	15
2873	6566	10057	15
6854	6856	6857	15
1958	3685	5077	15
2069	2137	2138	15
4917	5672	5673	15
2871	2968	2969	15
1587	1589	3765	15
5691	6018	6707	15
2466	2468	9946	15
2970	2971	2972	15
3005	9574	9575	15
2874	2876	2877	15
1579	1580	10002	15
2989	2996	9172	15
996	4150	9808	15
4108	4622	5050	15
2468	2531	4068	15
6464	10528	10702	15
4916	4917	6078	15
6184	6813	6814	15
2980	2981	2982	15
3944	4295	4717	15
3795	10944	10953	15
3877	3944	4295	15
1568	1571	9157	15
9176	10363	10406	15
5217	5873	6848	15
3014	3015	9482	15
6862	6869	6870	15
3877	3878	9952	15
2877	2878	3877	15
2970	2972	2973	15
1599	1601	3779	15
2968	2969	2970	15
2705	2871	2967	15
4954	5880	6638	15
3019	8796	9795	15
1868	1958	3685	15
3685	5077	7656	15
1569	1570	9149	15
2871	2967	2968	15
5083	7394	9845	15
3186	3187	3946	15
6877	6878	6963	15
3003	3186	3951	15
3878	3880	3881	15
5162	6183	6184	15
5692	10487	10490	15
3946	4686	4687	15
2978	2980	2981	15
5816	6852	6853	15
6872	6873	6874	15
7563	9737	10357	15
7439	7562	7563	15
2468	2530	2531	15
1746	1868	1958	15
5209	6891	9857	15
6861	6862	10517	15
5814	5815	5816	15
6856	6857	6858	15
2871	2969	9485	15
2877	3877	3944	15
1571	7898	10336	15
7249	8965	9795	15
3946	4687	4749	15
8413	8414	9780	15
1013	1014	9066	15
2976	2977	2978	15
1566	1568	9157	15
2974	2976	2977	15
1591	1592	9737	15
2187	2344	8388	15
5703	9215	9759	15
1583	1584	9680	15
3943	4742	5814	15
5332	7635	7636	15
2972	2973	2974	15
4295	4717	5217	15
1018	1020	9215	15
3715	9157	10322	15
2466	9694	9946	15
5419	6779	9818	15
2705	2870	2871	15
6638	10048	10316	15
1570	1573	9149	15
6691	10634	10658	15
4742	5814	5815	15
5633	8458	9176	15
6858	6859	6860	15
6870	6872	6873	15
1589	4108	9434	15
4123	5091	9965	15
3802	9067	10204	15
6852	6853	6854	15
2743	11108	11110	15
4422	7729	9980	15
5162	6184	6846	15
1013	3802	9067	15
2139	2319	10048	15
5815	5816	6851	15
1869	1874	9312	15
5816	6851	6852	15
6856	6858	6859	15
1013	9066	9067	15
5692	6018	10487	15
2927	2928	10203	15
3063	10056	10316	15
4150	5784	9808	15
7636	10322	10336	15
6852	6854	6855	15
6860	6862	6869	15
1589	1590	9434	15
5784	9808	10129	15
5692	7820	10490	15
5255	6952	6953	15
6566	10057	10317	15
2870	2871	9485	15
1868	1869	9312	15
1590	1593	9434	15
4649	6111	9910	15
1036	1067	10872	15
1601	3779	9821	15
2981	2982	9405	15
5091	9965	9966	15
3063	3834	10056	15
6854	6855	6856	15
8413	9318	9780	15
5674	10165	10204	15
6439	7647	9896	15
1586	1588	9638	15
1023	9505	9759	15
5560	7829	10528	15
1868	3685	9312	15
2988	9405	10439	15
2977	10374	10393	15
1020	1023	9215	15
2408	2617	9971	15
2468	4068	9946	15
8796	8965	9795	15
1579	10002	10133	15
3013	3016	9513	15
4742	5209	9857	15
2409	3005	9574	15
5796	9652	10133	15
2873	2874	10057	15
1586	3681	9638	15
5606	6465	10585	15
3012	3013	9513	15
3026	8413	9318	15
1579	9652	10133	15
6638	10056	10316	15
1574	3761	9652	15
5340	6796	10427	15
2870	3943	9485	15
3943	5814	9485	15
4954	6638	10056	15
5965	5967	10574	15
3023	3026	9318	15
4622	5050	9934	15
2319	2623	10316	15
2617	2923	9971	15
2923	2924	10224	15
9946	9991	10406	15
2343	2409	9574	15
1576	1579	9652	15
4916	5703	10964	15
1746	1958	9821	15
1601	1746	9821	15
4124	4954	10056	15
3834	4124	10056	15
3012	10175	10203	15
5814	5816	9701	15
5691	6707	9934	15
6853	6854	10291	15
6871	9405	10439	15
6080	7212	10907	15
4622	5691	9934	15
5815	6923	9857	15
2140	10048	10435	15
2970	2973	10228	15
1007	1010	9294	15
2978	2981	10294	15
4068	9946	9991	15
6964	6966	10498	15
3877	4295	9952	15
2924	2927	10224	15
1023	9215	9759	15
4295	5873	9952	15
5816	6853	9701	15
5967	8771	10363	15
3003	3951	10463	15
3876	4287	10429	15
5967	9991	10363	15
4742	5815	9857	15
5784	6128	10129	15
1006	1007	9294	15
2928	3012	10203	15
2974	2977	10374	15
6855	6856	10151	15
1574	1576	9652	15
6444	7330	9964	15
2925	11092	11112	15
2623	3063	10316	15
5674	6774	10165	15
6857	10374	10393	15
5933	9099	10352	15
3944	10057	10317	15
2969	9701	10228	15
6444	6445	9964	15
3451	7645	10630	15
6854	6857	10291	15
6860	6869	10150	15
5796	6643	10133	15
2140	10435	10566	15
2138	11374	11381	15
6856	6859	10151	15
2969	2970	10228	15
6859	6860	10150	15
6691	8538	10658	15
6446	9513	10175	15
5880	6638	10435	15
6465	10175	10585	15
6861	10294	10393	15
2973	2974	10374	15
2975	2976	9843	15
3944	4717	10317	15
5965	6692	10593	15
2968	2971	10618	15
9843	10637	10656	15
5332	7636	10322	15
3999	5332	10322	15
6876	6878	10368	15
9098	9099	10816	15
6857	6858	10393	15
2977	2978	10294	15
2976	2979	9843	15
3186	3951	10437	15
4578	9176	10406	15
3448	8708	10552	15
6638	10048	10435	15
2874	2877	10057	15
5255	6953	10260	15
2996	2997	10463	15
6853	9701	10228	15
2140	7645	10566	15
6078	10939	10950	15
6876	7413	10368	15
9642	10891	10919	15
6058	6059	10921	15
3715	3999	10322	15
2877	3944	10057	15
5256	10317	10602	15
1571	9157	10336	15
6039	10859	10891	15
4578	9694	10406	15
7960	11079	11081	15
2975	10634	10637	15
5933	6038	10352	15
6128	11057	11066	15
3012	9513	10175	15
3451	7842	10702	15
9694	9946	10406	15
2981	10294	10517	15
2821	9442	10866	15
6643	10487	10490	15
3946	4749	10437	15
10002	10133	10490	15
6038	6039	10859	15
8862	10574	10593	15
5340	7572	10427	15
6796	10427	11388	15
6446	10175	10585	15
6081	10872	10907	15
1874	11396	11399	15
6861	10294	10517	15
6643	6644	10487	15
6643	10133	10490	15
3876	9442	10429	15
5979	10435	10566	15
5633	8771	10363	15
2973	10291	10374	15
6964	7361	10498	15
3186	3946	10437	15
5217	6848	10260	15
5880	5979	10435	15
2997	3003	10463	15
2988	9172	10439	15
4146	11057	11096	15
5217	5255	10260	15
6128	10129	11066	15
7938	10948	10995	15
2971	10618	10658	15
5633	9176	10363	15
6707	10774	10780	15
6692	10593	10618	15
2975	9843	10637	15
2972	2975	10634	15
7829	7842	10528	15
6857	10291	10374	15
6690	7869	10580	15
2977	10294	10393	15
1067	10907	11173	15
2986	9098	10772	15
6038	10352	10815	15
5560	8708	10552	15
7439	7563	10357	15
7439	8662	10357	15
3451	10630	10702	15
7820	10002	10490	15
7645	10566	10630	15
7656	11412	11416	15
6180	7367	11407	15
6446	7330	10585	15
5979	5981	10566	15
6691	10634	10637	15
4108	5050	10815	15
6059	10921	10948	15
2981	9405	10517	15
2967	8862	10593	15
6039	10891	10919	15
4068	8862	10574	15
6775	10984	11061	15
4068	9991	10574	15
2980	2986	10774	15
7343	11359	11374	15
5967	9991	10574	15
6018	6707	10780	15
5050	10352	10815	15
2971	10634	10658	15
2967	2968	10618	15
9098	10772	10816	15
6038	10815	10859	15
1036	1037	10855	15
6018	10487	10656	15
6796	11388	11396	15
5981	6020	10630	15
1028	1030	11224	15
5256	6952	10676	15
7865	7866	10950	15
6644	6691	10637	15
2971	2972	10634	15
5981	10566	10630	15
4129	7938	10948	15
6566	10317	10602	15
3005	9575	10950	15
6058	9821	10852	15
2967	10593	10618	15
6180	11407	11412	15
6644	10637	10656	15
7745	8020	10984	15
4258	10934	10995	15
6692	8538	10658	15
6020	10630	10702	15
6692	10618	10658	15
6775	9575	10984	15
7964	7975	11116	15
9843	10656	10780	15
2979	10774	10780	15
6020	6464	10702	15
7866	7867	10964	15
2986	10772	10774	15
6732	10165	11002	15
1029	3795	10953	15
1594	9642	10891	15
1067	10872	10907	15
4917	5673	10939	15
1038	11181	11182	15
6644	10487	10656	15
1038	1039	11217	15
5703	9759	10940	15
2979	2980	10774	15
6106	6779	11092	15
3010	3011	11046	15
6707	9934	10772	15
6018	10656	10780	15
4146	7955	11057	15
6724	9818	11080	15
1012	10129	11074	15
6732	11108	11110	15
2979	9843	10780	15
6441	7599	11110	15
7993	11437	11440	15
6110	7212	11173	15
4108	9434	10815	15
2925	2926	11070	15
6724	11046	11080	15
6183	6813	11441	15
6181	10934	10995	15
7599	11092	11112	15
5050	9934	10816	15
7960	7962	11081	15
1593	10859	10891	15
9934	10772	10816	15
6039	7756	10919	15
6707	10772	10774	15
6779	11070	11092	15
1034	1067	11163	15
3010	11046	11080	15
2616	2743	11108	15
5069	7756	10921	15
3779	9821	10852	15
1037	1040	10855	15
2744	2925	11112	15
9574	9575	10984	15
6059	10948	10995	15
6813	11441	11442	15
6111	10944	11159	15
1593	9434	10859	15
3698	11079	11081	15
1032	1035	11181	15
3779	10852	10919	15
1593	1594	10891	15
1036	10855	10872	15
5873	11442	11443	15
2925	11070	11092	15
7756	10852	10919	15
6128	11057	11096	15
9434	10815	10859	15
3779	9642	10919	15
4258	7938	10995	15
9506	9759	10940	15
3005	7865	10950	15
4258	7919	10934	15
4129	5069	10948	15
6058	10852	10921	15
3795	9506	10944	15
4917	6078	10939	15
3014	11046	11125	15
7867	10940	10964	15
1029	1031	10953	15
7867	9910	11159	15
5069	10921	10948	15
1067	11163	11173	15
6140	9966	11300	15
3010	11070	11080	15
5703	10940	10964	15
4146	9482	11096	15
6724	11046	11125	15
3006	7745	11061	15
3698	11081	11118	15
7756	10852	10921	15
10129	11066	11074	15
8020	9574	10984	15
6059	6181	10995	15
9482	11096	11125	15
6779	11070	11080	15
7959	7960	11079	15
6774	10165	11002	15
7959	11074	11079	15
3006	11002	11061	15
6774	11002	11061	15
9506	10940	11159	15
3014	9482	11125	15
7867	10940	11159	15
2743	2744	11112	15
2926	3010	11070	15
3011	3014	11046	15
7955	7957	11057	15
7964	7966	11116	15
7957	7959	11066	15
6774	6775	11061	15
7957	11057	11066	15
6106	7599	11092	15
2616	3006	11108	15
1012	9497	11074	15
7962	7975	11081	15
7599	11110	11112	15
3698	9497	11079	15
9497	11074	11079	15
6085	6128	11096	15
6085	11096	11125	15
6441	6732	11110	15
6085	6724	11125	15
6779	9818	11080	15
1031	10953	11163	15
6777	10953	11163	15
6732	11002	11108	15
2622	2737	11359	15
2737	9684	11359	15
1040	10855	11305	15
6783	10855	11305	15
1038	11182	11217	15
1031	1034	11163	15
2137	2138	11374	15
1035	1038	11181	15
1030	3353	11224	15
6110	6777	11173	15
6177	7572	11381	15
6176	7367	11399	15
2069	2138	11388	15
1871	1874	11396	15
7959	11066	11074	15
7343	11374	11381	15
6783	11300	11305	15
7975	11081	11118	15
2138	10427	11388	15
3006	11002	11108	15
2743	11110	11112	15
6777	11163	11173	15
9506	10944	11159	15
10934	11419	11434	15
6796	11396	11399	15
3685	7656	11412	15
5153	5160	11416	15
6140	6783	11300	15
6180	11412	11416	15
6809	7919	11434	15
4176	7993	11437	15
6793	11182	11217	15
5161	6183	11440	15
2231	2622	11359	15
5873	9952	11442	15
2231	11359	11374	15
2137	2231	11374	15
6181	10934	11419	15
6809	11437	11440	15
6177	7343	11381	15
6813	11442	11443	15
1992	2069	11388	15
5160	11419	11434	15
7367	11399	11407	15
1992	11388	11396	15
1871	1992	11396	15
6176	6796	11399	15
5160	11416	11419	15
1874	9312	11407	15
3685	9312	11412	15
5153	6180	11416	15
6181	7656	11419	15
9312	11407	11412	15
6809	11434	11437	15
6183	11440	11441	15
5873	6848	11443	15
4176	5160	11437	15
5161	6809	11440	15
1874	11399	11407	15
3881	7993	11441	15
3881	11441	11442	15
3881	9952	11442	15
7919	10934	11434	15
6813	6814	11443	15
7656	11416	11419	15
5160	11434	11437	15
7993	11440	11441	15
6848	11443	11502	15
6814	11443	11502	15
9782	11560	11569	15
6966	10498	11560	15
4749	9782	11560	15
6967	11560	11569	15
4749	10498	11560	15
175	176	11572	15
176	11572	11630	15
533	6967	11632	15
6846	9782	11569	15
175	478	11572	15
8187	8188	11600	15
7950	7951	11602	15
6952	11616	11828	15
6952	10676	11616	15
6953	11572	11630	15
456	8135	11641	15
177	426	11630	15
170	418	11632	15
169	533	11632	15
6877	7688	11641	15
6868	10756	11687	15
6923	9857	11688	15
168	533	11699	15
167	456	11699	15
6873	7688	11602	15
410	7567	11700	15
6848	10260	11703	15
6859	10151	11704	15
534	8138	11709	15
451	7397	11614	15
509	7396	11626	15
11569	11600	11830	15
6846	11569	11600	15
426	11616	11828	15
451	7336	11614	15
418	8187	11600	15
529	7950	11602	15
7396	7397	11626	15
6869	7951	11700	15
418	11600	11830	15
6851	6923	11614	15
6814	8188	11709	15
6855	10151	11626	15
176	177	11630	15
169	170	11632	15
6877	6963	11641	15
6869	10150	11700	15
6814	11502	11709	15
6868	6891	11687	15
6891	9857	11688	15
167	168	11699	15
410	7951	11700	15
6848	11502	11703	15
6859	10150	11704	15
534	8188	11709	15
418	11632	11830	15
426	11630	11828	15
6952	6953	11828	15
6967	11569	11830	15
6953	11630	11828	15
6967	11632	11830	15
404	7551	10756	15
178	426	6987	15
6340	8305	10486	15
2737	9684	11356	15
5410	7342	8839	15
1026	1028	11168	15
6170	7342	9684	15
153	404	7551	15
2522	2707	7729	15
6793	11201	11217	15
3051	7979	9192	15
3027	8305	8601	15
3062	3833	7981	15
7965	7979	7980	15
3833	4122	4673	15
2694	3062	3064	15
998	999	1000	15
1005	1007	1008	15
7965	7966	7967	15
1020	1021	1022	15
1022	1024	1025	15
999	1000	1001	15
1019	1020	1021	15
1024	1025	1026	15
3027	3028	3029	15
1003	1004	1005	15
1001	1003	1004	15
1007	1008	1009	15
5409	5410	5514	15
2467	2821	8714	15
3028	3030	3051	15
1039	1040	1041	15
2694	2737	8498	15
1009	1011	9212	15
991	992	993	15
1011	1015	9212	15
988	990	3698	15
1563	8186	10016	15
2273	2466	2467	15
990	991	992	15
1560	1562	1563	15
2706	2707	2873	15
1015	1016	10072	15
5902	8186	9343	15
7729	8686	9980	15
2155	4578	9694	15
5409	7447	9980	15
995	998	8802	15
2873	3717	6566	15
2157	2466	9694	15
1016	1019	10072	15
993	995	8802	15
1561	1562	9920	15
2821	10857	10866	15
5902	6690	10378	15
2153	4578	9920	15
6688	7223	10530	15
6713	10602	10676	15
6690	10456	10580	15
5317	10486	10580	15
6566	10543	10602	15
3353	7340	11175	15
6689	10530	10756	15
988	3698	11118	15
2196	11300	11305	15
7975	11028	11118	15
6710	7223	10866	15
6099	7340	11182	15
3353	11175	11224	15
7975	11028	11116	15
7966	11116	11136	15
1028	11168	11224	15
1039	1042	11217	15
6099	6793	11182	15
9966	11300	11322	15
1040	1043	11305	15
4122	5091	11335	15
5091	9966	11329	15
6847	6987	11616	15
6847	10676	11616	15
178	179	6987	15
7551	10756	11612	15
6170	9684	11356	15
1026	1033	11168	15
6340	8305	8601	15
6170	7342	8839	15
5410	5514	8839	15
152	153	7551	15
8186	9343	10016	15
7965	7967	7980	15
1001	1004	8499	15
3030	3051	9192	15
3062	3064	7981	15
1000	1001	8499	15
2522	7729	8686	15
1021	1022	8590	15
2273	2467	8714	15
1015	9852	10072	15
1022	1025	8590	15
3027	3029	8601	15
1009	3449	9212	15
1004	1005	8717	15
998	4451	8802	15
998	1000	4451	15
1039	1041	1042	15
1025	1026	1033	15
1008	1009	3449	15
3028	3029	3030	15
993	8802	9148	15
7447	8686	9980	15
1019	1021	4163	15
2522	2706	2707	15
2694	3064	8498	15
6099	6100	6793	15
3833	4673	7981	15
1040	1041	1043	15
7966	7967	7968	15
989	990	991	15
991	993	9148	15
5409	5514	7447	15
6096	6099	7340	15
988	989	990	15
2157	2273	2466	15
2153	2155	4578	15
6688	6710	7223	15
1019	4163	10072	15
2706	2873	3717	15
1015	9212	9852	15
6847	6981	6987	15
1560	1561	1562	15
2155	2157	9694	15
7979	7980	9192	15
2821	8714	10857	15
1005	1008	8717	15
6733	11175	11224	15
1560	1563	10016	15
986	11028	11118	15
1561	2153	9920	15
5902	9343	10378	15
6713	10543	10602	15
6690	10378	10456	15
5317	6340	10486	15
5317	10456	10580	15
6688	6689	10530	15
3717	6566	10543	15
6713	6847	10676	15
6710	10857	10866	15
6793	6794	11201	15
6096	7340	11175	15
1042	11201	11217	15
1043	2196	11305	15
4122	4673	11335	15
7966	7968	11136	15
985	11116	11136	15
986	988	11118	15
985	11028	11116	15
9966	11322	11329	15
2737	8498	11356	15
5091	11329	11335	15
2196	11300	11322	15
6733	11168	11224	15
6689	10756	11612	15
178	426	6987	16
7701	7703	9243	16
554	6972	6974	16
7701	9243	11711	16
7705	9323	11563	16
6773	7812	7814	16
178	179	6987	16
201	202	7697	16
454	6974	10202	16
6973	9323	11563	16
498	7698	7700	16
6773	7814	11797	16
477	6981	9728	16
202	7697	11802	16
498	7700	7701	16
4718	10259	11567	16
554	6974	11698	16
6956	10006	11565	16
4178	4698	11558	16
4281	7704	7706	16
10006	11565	11811	16
7705	9323	11624	16
454	6974	11698	16
4281	7706	7707	16
3322	3859	7707	16
10259	11567	11822	16
7699	7708	11517	16
3945	11556	11562	16
3859	4281	7707	16
554	6972	11635	16
454	10202	11649	16
5093	7813	7814	16
4698	7708	11558	16
7700	7701	7702	16
477	9728	11713	16
7699	7700	7708	16
4698	7708	11517	16
4178	4281	11558	16
3322	7707	11556	16
10244	11562	11563	16
7707	11556	11562	16
7701	7702	7703	16
4281	7704	11558	16
7700	7702	7708	16
498	7698	11691	16
6973	10244	11563	16
7702	7703	7704	16
7703	7704	7705	16
7704	7705	7706	16
7215	10935	11470	16
6207	6810	11462	16
6225	11511	11513	16
446	11511	11513	16
562	10935	11470	16
1764	7082	7084	16
1608	7093	7398	16
4199	7087	7089	16
4199	7089	8229	16
1608	1609	7398	16
1611	1613	8063	16
6170	9684	11356	16
5292	7400	10198	16
1761	7092	8229	16
7089	7092	8229	16
8488	10930	11291	16
1403	1405	7399	16
6810	10693	11462	16
1608	7093	7399	16
7399	7400	10198	16
1403	1608	7399	16
1764	7082	7398	16
4500	7133	7134	16
4696	7200	7215	16
1764	7084	8063	16
4199	7087	8063	16
4500	7133	7186	16
6213	7200	7215	16
4500	7134	9743	16
1405	7399	7400	16
1609	1764	7398	16
1613	4199	8063	16
5828	7475	10648	16
1611	1764	8063	16
7134	9182	9743	16
1135	7349	7836	16
7349	7350	7836	16
7134	7284	9182	16
1135	7349	7353	16
1077	1135	7353	16
2399	7284	9182	16
6816	7475	10648	16
1181	1245	7186	16
7186	10590	10662	16
1245	4500	7186	16
3355	7164	10636	16
7612	7614	10698	16
2737	9684	11356	16
3355	7164	10662	16
7400	10930	11291	16
7164	7165	10636	16
5292	7400	10930	16
6454	7954	9400	16
4696	7200	10710	16
3355	10590	10662	16
7165	10565	10636	16
7468	11164	11171	16
1041	1042	11200	16
4814	7614	10698	16
1077	1078	10998	16
2399	7284	10753	16
7629	10710	10972	16
5538	7954	9400	16
7133	7186	10662	16
5828	7954	10648	16
2399	8312	10753	16
6170	7342	8839	16
1181	7186	10590	16
7623	7624	10576	16
5410	7342	8839	16
7093	7399	10198	16
5514	7389	9822	16
1259	3355	10636	16
5536	5538	7592	16
4699	10685	10912	16
3264	7319	10180	16
2766	9975	10655	16
5514	7447	9822	16
5538	7592	9400	16
2869	7331	8687	16
5396	7624	10576	16
6455	8759	10156	16
4083	6668	7517	16
1042	7469	11200	16
4420	4696	10710	16
6170	7342	9684	16
2869	7331	8759	16
7086	10180	10184	16
2624	7447	9822	16
1077	7353	10998	16
3264	7319	9988	16
206	207	7711	16
7284	10753	10770	16
2773	9400	10466	16
5410	5514	8839	16
5514	7389	8839	16
3264	10180	10184	16
495	7695	7709	16
2074	7622	7623	16
6620	8304	10249	16
5536	7592	9274	16
7084	7087	8063	16
4075	4077	9053	16
4261	5092	10654	16
2624	7447	8686	16
7613	8312	8313	16
1365	1470	9544	16
3953	7525	10705	16
3977	7444	9702	16
7934	7935	8152	16
4083	7517	9869	16
6607	9122	9702	16
495	7709	7710	16
2758	3841	7629	16
7612	7624	10698	16
1193	1260	9304	16
1179	1181	10590	16
2760	3841	7680	16
6668	7517	10629	16
5446	5448	8759	16
206	495	7711	16
215	216	7506	16
3977	7444	10185	16
3308	5536	9274	16
7086	7444	10185	16
2869	8759	10156	16
6680	9975	10655	16
6610	7082	7398	16
207	7711	8689	16
6610	7093	7398	16
2554	2755	7681	16
4944	7390	9926	16
211	515	7626	16
5539	5828	7954	16
7809	7811	7813	16
2522	2707	7729	16
1470	1725	7665	16
4589	7934	8152	16
2755	4419	7681	16
2031	7611	8313	16
2333	2624	8686	16
190	541	7810	16
4220	8304	10249	16
213	214	7561	16
3953	4286	7525	16
6586	7331	10481	16
2756	2758	7629	16
1725	2318	7665	16
6641	9882	10063	16
3883	4083	9869	16
4644	9053	9054	16
2035	2074	7623	16
4077	5039	9053	16
6454	7954	10648	16
5826	6224	7474	16
1193	7947	9304	16
1470	7665	9544	16
6454	9400	10466	16
541	7810	7811	16
210	515	7801	16
2812	7611	7612	16
205	495	7695	16
5538	5539	7954	16
6611	7444	9702	16
7611	7613	8313	16
2760	2762	7680	16
4670	6799	9887	16
1295	1365	9544	16
5536	5537	5538	16
7086	10184	10185	16
187	521	7807	16
1617	1761	8229	16
2033	2812	7611	16
1178	1193	7947	16
7809	7810	7811	16
2327	2384	2385	16
5539	5826	5828	16
2424	2773	7591	16
3321	7932	9698	16
212	213	446	16
6793	11201	11217	16
2203	2384	7622	16
1260	2444	9304	16
1047	3477	7835	16
7390	9628	9789	16
189	190	7810	16
2203	2326	2327	16
183	434	8334	16
1354	7988	9143	16
2203	2327	2384	16
2333	2522	8686	16
6607	6608	9702	16
7612	7613	7614	16
5654	7350	8643	16
3062	3064	7981	16
5828	7474	7475	16
7088	7319	10180	16
4075	4644	9053	16
2424	2425	2426	16
1615	1617	8229	16
5446	6455	8759	16
7932	7934	9698	16
2812	7612	7624	16
4387	5654	8643	16
2074	2203	7622	16
3977	9122	9702	16
2385	2423	2424	16
6455	9544	10156	16
1158	1178	7947	16
7811	7812	7814	16
5448	7331	8759	16
192	454	7815	16
2423	2424	2773	16
1292	1354	7988	16
4621	5032	9209	16
2522	7729	8686	16
1956	2000	8383	16
4696	5314	7215	16
2310	8713	9847	16
567	7696	7697	16
4560	6597	9725	16
2074	2202	2203	16
2385	2424	2425	16
3064	7981	7982	16
6611	7083	7444	16
8712	8713	9847	16
2425	2426	2553	16
4420	4421	4694	16
2426	2553	2554	16
2554	2718	2719	16
6597	9725	10078	16
2327	2423	9274	16
4589	7934	9698	16
3308	3310	5536	16
2035	2812	7623	16
2033	2035	2812	16
2521	2706	9766	16
2031	2033	7611	16
4694	4696	5314	16
1158	7946	7947	16
1141	1158	7946	16
2756	3842	7629	16
1957	2031	8313	16
1724	1877	8713	16
4621	5870	9209	16
2554	2719	2755	16
2755	2756	3842	16
4420	4694	4696	16
3829	4944	9926	16
2424	2426	7591	16
7088	7090	7319	16
7200	10710	10972	16
2314	9628	9789	16
4419	4421	10104	16
2426	2554	7681	16
495	7710	7711	16
7696	7697	7698	16
6608	6610	6611	16
2719	2755	2756	16
3745	5006	9755	16
1047	1062	7835	16
6622	9755	9869	16
7083	7084	7085	16
212	446	7626	16
213	446	7561	16
2756	2757	2758	16
4957	4958	5446	16
541	7811	7812	16
2318	4957	7665	16
211	212	7626	16
204	205	7695	16
2384	9862	10078	16
6597	9862	10078	16
191	192	7815	16
5826	5828	7474	16
2553	2554	2718	16
1956	2007	8383	16
209	210	7801	16
4695	6815	9236	16
7696	7698	7699	16
5537	5538	5539	16
204	567	7695	16
4589	8151	8152	16
2761	3977	10185	16
210	211	515	16
2762	2764	3070	16
6799	9645	9887	16
7611	7612	7613	16
188	442	7807	16
208	471	8689	16
4334	6607	6608	16
214	215	501	16
2758	2759	2760	16
5306	7165	8488	16
7083	7085	7086	16
1180	1196	8687	16
4286	6772	7525	16
4080	7932	7933	16
2758	2760	3841	16
7698	7699	7700	16
8151	8152	8153	16
5314	9236	9237	16
5306	5921	7164	16
2327	2385	2423	16
188	189	442	16
5039	6088	6113	16
1612	1614	9671	16
4608	5306	8488	16
7088	7089	7090	16
3731	4334	6607	16
567	7695	7696	16
1724	5812	8713	16
7695	7696	7709	16
442	7807	7808	16
4958	5446	5447	16
6201	6203	6811	16
3062	3833	7981	16
7390	9789	9926	16
2812	7623	7624	16
3314	4589	8151	16
7933	7934	7935	16
189	442	7810	16
2035	2073	2074	16
1121	1141	3350	16
203	204	567	16
186	187	521	16
3324	3326	4080	16
4419	7681	10104	16
5446	5447	5448	16
1259	1260	1291	16
7946	7947	7948	16
2423	7592	9274	16
1192	1193	1259	16
187	188	7807	16
207	208	8689	16
2521	2625	9766	16
5306	7164	7165	16
2000	3723	8383	16
6622	7517	9869	16
2768	2770	3069	16
1615	4199	8229	16
2719	2757	8600	16
209	471	7801	16
1291	1292	1353	16
3312	3314	8151	16
5039	5089	6088	16
5448	6586	7331	16
2202	2203	2326	16
1178	1192	1193	16
2760	2761	2762	16
183	184	434	16
442	7808	7809	16
2031	2032	2033	16
1193	1259	1260	16
474	9322	9323	16
4695	5478	6815	16
1403	1404	1608	16
7085	7087	7088	16
3842	4419	4420	16
1292	2444	7988	16
4565	4608	8488	16
2033	2034	2035	16
2757	2758	2759	16
2764	2765	2766	16
7622	7623	10576	16
6620	6621	8304	16
1881	8312	8313	16
2318	4166	4957	16
2719	2756	2757	16
1292	1353	1354	16
181	477	8629	16
1260	1291	1292	16
3833	4122	4673	16
6610	6611	7082	16
1353	1354	1403	16
2762	2763	2764	16
5447	5448	5449	16
2426	7591	7681	16
5448	5449	6586	16
5812	8712	8713	16
1609	1611	1764	16
180	181	477	16
7390	9628	9822	16
1062	1077	1135	16
1404	1608	1609	16
1616	1618	8616	16
3731	6607	8600	16
2310	2312	9847	16
5006	6622	9755	16
6207	6209	6810	16
4561	4563	5292	16
5005	5006	6620	16
8151	8153	9188	16
7811	7813	7814	16
3745	5005	5006	16
5005	6620	8712	16
190	191	541	16
2766	2767	2768	16
4670	6798	6799	16
2718	2912	3731	16
182	183	8334	16
1354	1403	1404	16
2318	3829	4166	16
2759	2760	2761	16
4957	5446	6455	16
6203	6204	6205	16
4286	5225	6772	16
3318	3320	3321	16
1196	2869	8687	16
1283	1355	9743	16
2762	3070	7680	16
1141	3350	7946	16
7935	8152	10536	16
1613	1615	4199	16
2694	3062	3064	16
4608	4815	5306	16
8334	8629	8630	16
6608	6609	6610	16
6611	7082	7083	16
1062	1063	1077	16
205	206	495	16
3883	3922	4083	16
3326	3952	3953	16
2965	3745	5005	16
1044	1047	3477	16
5032	6726	9209	16
4945	6169	6170	16
4166	4957	4958	16
4419	4420	4421	16
1609	1610	1611	16
6607	8600	9122	16
6205	6206	6207	16
1613	1614	1615	16
3314	3316	4589	16
5019	5898	6641	16
1039	1041	1042	16
3324	4080	7932	16
4421	4694	4695	16
4083	4084	6668	16
1158	1159	1178	16
3310	5536	5537	16
1141	1142	1158	16
3829	4166	4669	16
1615	1616	1617	16
6201	6202	6203	16
7389	7390	9822	16
3731	3981	4334	16
1062	1135	7835	16
2761	2762	2763	16
3309	3312	9188	16
2768	2769	2770	16
3324	3325	3326	16
5929	6713	10543	16
1729	1881	8312	16
4388	5039	5089	16
1121	1126	1141	16
1047	1052	1062	16
1611	1612	1613	16
2764	2766	9975	16
2757	8600	9122	16
1612	1613	1614	16
7467	7468	7476	16
1260	1292	2444	16
3321	3323	3324	16
1044	1046	1047	16
2765	2766	2767	16
1283	4500	9743	16
3320	3321	3323	16
2317	2333	2624	16
4669	4945	6169	16
7083	7086	7444	16
2073	2074	2202	16
1178	1179	1192	16
1957	2001	2031	16
4815	5306	5921	16
1404	1609	1610	16
1180	8687	9586	16
6092	7349	7353	16
6207	6208	6209	16
5409	5410	5514	16
7084	7085	7087	16
208	209	471	16
5019	6641	9882	16
7464	7466	7469	16
1610	1611	1612	16
1135	7835	7836	16
7932	7933	7934	16
2912	3731	3981	16
197	198	9243	16
192	193	454	16
1478	1729	2399	16
3956	5864	10039	16
2328	3309	9188	16
7082	7083	7084	16
4945	7389	8839	16
2755	3842	4419	16
5006	6620	6621	16
7447	8686	9980	16
1725	2308	2318	16
4694	5314	9236	16
6608	6611	9702	16
7947	7948	9304	16
191	541	7815	16
4085	4718	9915	16
1614	1615	1616	16
2763	2764	2765	16
1041	1043	1044	16
2767	2768	2769	16
3723	5031	5476	16
1729	2399	8312	16
1039	1040	1041	16
1614	2215	9671	16
1078	1117	1121	16
6249	6972	6973	16
3956	5831	5864	16
4075	4076	4077	16
7087	7088	7089	16
6209	6210	6211	16
4166	4669	10121	16
4958	5447	6141	16
3321	3324	7932	16
2694	2737	8498	16
4718	9915	10259	16
2718	2719	8600	16
541	7812	7815	16
2311	2314	9789	16
5926	5927	5929	16
2384	7622	9862	16
3829	4669	4944	16
1616	2215	8616	16
4387	4388	5062	16
3312	8151	9188	16
5921	5922	7133	16
1616	1617	1618	16
5062	6093	10118	16
1245	1283	4500	16
3323	3324	3325	16
3317	3319	10070	16
6621	6622	6702	16
2308	2318	3829	16
2522	2706	2707	16
2553	2718	2912	16
1877	2310	8713	16
3859	4178	4281	16
3313	3856	10093	16
3318	3321	9698	16
4334	6608	6609	16
5019	5020	5898	16
194	195	554	16
1046	1047	1052	16
2706	3717	9766	16
5089	6088	6089	16
5866	6954	6955	16
2000	3722	3723	16
2694	3064	8498	16
4286	4731	5225	16
3833	4673	7981	16
4387	5062	5654	16
5089	6089	6127	16
1043	1044	1046	16
2312	2315	2965	16
4077	4388	5039	16
1117	1121	1126	16
1040	1041	1043	16
2759	2761	3977	16
5898	5899	5900	16
1192	1259	3355	16
197	474	9243	16
7696	7699	7709	16
1052	1062	1063	16
3723	5476	8383	16
1353	1403	1405	16
1612	4448	9671	16
1127	6149	10004	16
3325	3326	3952	16
1159	1178	1179	16
3981	4334	9095	16
4076	4077	4387	16
6249	10195	10244	16
1610	1612	4448	16
3883	3921	3922	16
7090	7092	10743	16
4076	4387	8643	16
2326	2327	9274	16
1354	1404	9143	16
3746	3748	3749	16
5225	6772	6773	16
196	197	474	16
3313	3315	10093	16
3747	3750	5019	16
2765	2767	3264	16
5866	6955	10364	16
7089	7090	7092	16
1142	1158	1159	16
442	7809	7810	16
1404	1610	9143	16
5409	5514	7447	16
3318	3319	3320	16
3922	4083	4084	16
5864	5865	5866	16
2314	2316	2317	16
6609	6610	7093	16
1063	1077	1078	16
1355	1413	1428	16
2001	2031	2032	16
3767	4075	4076	16
5039	6113	9053	16
6211	6212	6213	16
3749	3882	3883	16
2032	2033	2034	16
1610	4448	9143	16
2333	2521	2522	16
4261	4279	5092	16
4608	4814	4815	16
4077	4387	4388	16
6093	10989	11003	16
4085	4261	4279	16
3316	3317	3318	16
3952	3953	4286	16
2034	2035	2073	16
5900	5901	5926	16
3316	4589	9698	16
1881	1957	8313	16
1614	1616	2215	16
4957	6455	7665	16
5476	10613	10629	16
1126	1141	1142	16
5929	5930	6713	16
4670	6148	6798	16
6208	6209	6210	16
2317	2332	2333	16
1428	1477	1478	16
1428	9182	9743	16
2315	2966	9882	16
2311	2313	2314	16
1365	1469	1470	16
2965	2966	3745	16
5062	6092	6093	16
3749	3883	9869	16
2757	2759	9122	16
6455	7665	9544	16
4561	5292	9095	16
7085	7086	10180	16
5654	6092	7349	16
214	501	7561	16
1725	1877	2308	16
6586	10481	10560	16
1470	1724	1725	16
3314	3315	3316	16
5020	5898	5899	16
1196	1266	2869	16
1355	1428	9743	16
6620	8712	10249	16
2706	2707	2873	16
5927	5929	5930	16
2316	2317	2332	16
2332	2333	2521	16
199	200	498	16
4084	4085	4261	16
222	223	429	16
5927	5930	9728	16
5032	6647	6726	16
1079	1127	4670	16
4085	4279	4718	16
5922	7134	7284	16
6202	6203	6204	16
225	226	490	16
1877	2308	2309	16
1127	4670	6148	16
3317	3318	3319	16
5539	5825	5826	16
182	8334	8629	16
220	221	562	16
6206	6207	6208	16
1127	6148	6149	16
2332	2521	2625	16
4694	4695	9236	16
5005	8712	9847	16
3319	3320	3322	16
3922	4084	4085	16
2521	2522	2706	16
6212	6213	7200	16
2315	2965	2966	16
3882	3883	3921	16
1724	1725	1877	16
1877	2309	2310	16
4565	4607	4608	16
3956	5830	5831	16
4944	4945	7389	16
1043	1046	2196	16
3723	4621	5031	16
4731	6248	6249	16
2706	2873	3717	16
2966	3745	3746	16
3323	3325	3945	16
5927	5928	9728	16
3722	4621	5870	16
5926	10545	10547	16
3746	3747	3748	16
6622	6702	7517	16
5864	5866	10247	16
2423	2773	7592	16
5865	5866	6954	16
3746	3749	9755	16
2718	3731	8600	16
5062	5654	6092	16
7466	7467	7468	16
6210	6211	6212	16
3952	4286	4731	16
1478	2399	9182	16
5921	7164	10662	16
5654	7349	7350	16
4177	4697	4699	16
2312	2313	2315	16
1179	1180	1181	16
4279	5092	5093	16
3750	5019	5020	16
1078	1079	1117	16
1477	1478	1728	16
217	218	439	16
3315	3316	3317	16
1413	1428	1477	16
1245	1266	1283	16
5032	6646	6647	16
1063	1078	1079	16
3322	3858	3859	16
7591	7681	10104	16
1159	1180	9586	16
5831	5864	5865	16
5899	5900	5901	16
2313	2314	2316	16
4945	6170	8839	16
4815	5921	5922	16
6229	6230	6231	16
5031	5032	6646	16
1181	1196	1245	16
2315	9882	10063	16
1880	1956	2007	16
1355	1365	1413	16
1283	1295	1355	16
7729	8686	9980	16
2000	2001	3722	16
181	182	8629	16
4669	4944	4945	16
1159	1179	1180	16
1469	1470	1724	16
2326	2328	3308	16
3748	3749	3882	16
4166	4958	10121	16
4621	5031	5032	16
196	474	9322	16
1259	1291	10636	16
4731	5225	6248	16
1477	1728	4220	16
3859	4177	4178	16
5901	5926	5927	16
2311	2312	2313	16
3921	3956	5830	16
3312	3313	3314	16
1478	1728	1729	16
1142	1159	9586	16
3749	9755	9869	16
6226	6227	6228	16
6847	6981	6987	16
1881	1956	1957	16
2773	7591	10466	16
2912	4560	9725	16
5930	6713	6847	16
1469	1724	5812	16
2309	2310	2311	16
1729	1880	1881	16
1365	1413	1469	16
4178	4697	4698	16
1180	1181	1196	16
2310	2311	2312	16
5930	6847	6981	16
221	562	9493	16
5926	5929	10547	16
6204	6205	6206	16
1295	1355	1365	16
5830	5831	6850	16
3722	3723	4621	16
1266	1283	1295	16
6148	6149	6173	16
1428	1478	9182	16
2966	3746	3747	16
4563	4564	4565	16
1079	1117	1127	16
1196	1245	1266	16
1957	2000	2001	16
3882	3921	3956	16
3981	4561	9095	16
3315	3317	3857	16
3747	3748	3750	16
5225	6248	10202	16
4334	6609	9095	16
1126	1142	4568	16
6248	6249	6972	16
3858	3859	4177	16
2912	3981	4560	16
5006	6621	6622	16
5409	7447	9980	16
4607	4608	4814	16
2767	3264	9988	16
3319	3858	10070	16
4561	4562	4563	16
2326	3308	9274	16
3748	3882	10039	16
5865	6954	6956	16
2384	2385	10078	16
1117	1127	10004	16
5930	6981	9728	16
1956	1957	2000	16
5901	5927	5928	16
3981	4560	4561	16
4177	4178	4697	16
1728	1729	1880	16
3319	3322	3858	16
4564	4565	4607	16
3882	3956	10039	16
3745	3746	9755	16
2873	3717	6566	16
4560	4562	6597	16
2425	9725	10078	16
4697	4699	6129	16
2032	2034	2036	16
3311	3313	3856	16
4944	7389	7390	16
1413	1477	9826	16
6641	10063	10373	16
6228	6229	6230	16
5922	7133	7134	16
6113	9053	9054	16
3313	3314	3315	16
2317	2624	9628	16
1117	1126	10004	16
8153	9188	10225	16
1880	1881	1956	16
6955	10364	10458	16
5900	5926	10545	16
3309	3311	3312	16
2759	3977	9122	16
4076	8643	10035	16
3308	3309	3310	16
4560	4561	4562	16
1477	4220	9826	16
5478	6815	6816	16
4669	6169	10121	16
3311	3312	3313	16
1079	4670	9887	16
4562	4563	4564	16
1046	2196	9645	16
6248	6972	6974	16
6204	6206	6680	16
6646	10684	10765	16
1413	1469	9826	16
1142	4568	9586	16
5831	6850	10006	16
6149	10560	10700	16
2309	2311	9789	16
4421	5477	10104	16
5898	5900	10442	16
215	501	7506	16
5831	5865	10006	16
2773	7592	9400	16
4564	4607	5396	16
2202	2326	2328	16
3316	3318	9698	16
4421	4695	5477	16
6227	6228	6229	16
2385	2425	10078	16
3945	10195	10244	16
2761	2763	10185	16
2032	2036	10018	16
3722	5870	10018	16
4388	5062	10118	16
5826	5827	6224	16
2763	2765	10184	16
4731	6249	10195	16
1046	1052	9645	16
7350	8643	10582	16
5537	5539	5825	16
2314	2317	9628	16
5225	6773	10202	16
2966	3747	9882	16
6089	11004	11006	16
5929	10543	10547	16
2767	2769	9988	16
3317	3857	10070	16
7090	7319	10744	16
7085	7088	10180	16
1469	5812	9826	16
3310	5537	10106	16
3748	3750	10039	16
4084	4261	10765	16
2624	9628	9822	16
2001	2032	10018	16
221	222	9493	16
3747	5019	9882	16
3858	4177	9616	16
2328	3308	3309	16
6088	11004	11024	16
3311	3856	10106	16
2036	10462	10536	16
4177	4699	9616	16
2332	2625	10373	16
2625	10373	10442	16
3309	3310	3311	16
6225	6226	6227	16
3069	10404	10548	16
1126	4568	10004	16
1052	9645	9887	16
3858	9616	10070	16
2764	3070	9975	16
5866	10247	10364	16
5865	6956	10006	16
6249	6973	10244	16
5830	9915	10259	16
4958	6141	10121	16
3767	4076	10035	16
6248	6974	10202	16
195	554	9322	16
2312	2965	9847	16
4220	9826	10249	16
7090	10743	10744	16
7331	8687	10481	16
195	196	9322	16
6621	6702	10546	16
7988	11006	11029	16
3315	3857	10093	16
2073	2202	10225	16
2765	3264	10184	16
7614	10753	10770	16
3750	5020	10247	16
2001	3722	10018	16
3921	5830	9915	16
222	429	9493	16
5812	8712	10249	16
4220	8304	10471	16
4695	5477	5478	16
2007	10471	10546	16
216	7506	9534	16
2769	9933	9988	16
216	217	9534	16
6088	6089	11004	16
3952	4731	10195	16
217	439	9534	16
3325	3952	10195	16
5864	10039	10247	16
6088	6113	11024	16
6169	6170	11356	16
5537	5825	10106	16
2202	2328	10225	16
8153	10225	10462	16
3325	3945	10195	16
2763	10184	10185	16
2965	5005	9847	16
7613	8312	10753	16
6231	10685	10912	16
5812	9826	10249	16
2328	9188	10225	16
5827	6225	6226	16
5292	9095	10198	16
3310	3311	10106	16
1052	1063	9887	16
5825	5826	5827	16
4388	5089	10118	16
2309	9789	9926	16
2553	2912	9725	16
8304	10471	10546	16
1179	1192	10590	16
1063	1079	9887	16
5089	6127	10118	16
1728	4220	10471	16
3922	4085	9915	16
3750	10039	10247	16
2425	2553	9725	16
6113	9054	11049	16
5477	10104	10466	16
8153	10462	10536	16
5477	5478	6454	16
5827	6224	6225	16
4564	5396	10405	16
2308	3829	9926	16
3921	3922	9915	16
1291	1353	10565	16
5830	6850	10259	16
6113	11024	11049	16
5020	10247	10364	16
7935	10536	10541	16
5020	5899	10364	16
6586	10560	10700	16
8687	9586	10481	16
2073	10225	10462	16
6641	10373	10442	16
6149	10004	10560	16
4562	6597	10405	16
5477	6454	10466	16
6597	9862	10405	16
4814	7614	10770	16
5900	10442	10545	16
1295	9544	10156	16
4133	7476	10582	16
5898	6641	10442	16
7591	10104	10466	16
2034	2036	10462	16
6702	10613	10629	16
5396	10405	10576	16
2313	2315	10063	16
6713	10602	10676	16
4080	10696	10790	16
2316	2332	10373	16
6713	10543	10602	16
1880	2007	10471	16
2308	2309	9926	16
5899	10364	10458	16
2316	10063	10373	16
1266	2869	10156	16
6129	11518	11519	16
6680	10548	10655	16
3326	3953	10696	16
5901	5928	10458	16
6609	9095	10198	16
5476	8383	10613	16
4562	4564	10405	16
1266	1295	10156	16
6609	7093	10198	16
2766	2768	10655	16
6213	7215	11470	16
7165	8488	11291	16
2313	2316	10063	16
3856	10514	10672	16
5899	5901	10458	16
4568	9586	10481	16
3070	9975	10788	16
3070	10788	10856	16
2034	2073	10462	16
225	490	10693	16
1728	1880	10471	16
7525	10705	10817	16
8152	8153	10536	16
6621	8304	10546	16
5396	7624	10698	16
6226	10514	10672	16
2036	10018	10541	16
6647	6726	10705	16
3856	10106	10514	16
3069	10548	10655	16
6204	6680	10548	16
7525	10817	11089	16
5031	6646	10684	16
3842	4420	10710	16
9862	10405	10576	16
2625	9766	10545	16
9766	10545	10547	16
3717	6566	10543	16
7836	11164	11171	16
7933	10760	10790	16
6202	10404	10548	16
5870	10018	10541	16
1353	1405	10565	16
7469	11176	11200	16
3841	7680	10929	16
5449	6586	10700	16
6668	10684	10765	16
2625	10442	10545	16
6202	6204	10548	16
6668	10629	10684	16
3717	10543	10547	16
2007	8383	10613	16
2036	10536	10541	16
5922	7284	10770	16
8643	10035	10582	16
5825	10106	10514	16
5092	10654	10817	16
1192	3355	10590	16
3717	9766	10547	16
5827	6226	10514	16
5478	6454	10648	16
4814	4815	10770	16
4133	10035	10582	16
4607	5396	10698	16
9054	11015	11049	16
6702	10546	10613	16
7622	9862	10576	16
7933	7935	10760	16
4699	9616	10912	16
5825	5827	10514	16
6726	10696	10790	16
5092	10817	11089	16
3841	7629	10972	16
3070	7680	10856	16
4568	10004	10560	16
6702	7517	10629	16
4568	10481	10560	16
8498	11343	11350	16
6206	6680	10788	16
9933	9988	10744	16
6680	9975	10788	16
6211	6213	11468	16
4261	10654	10765	16
5921	7133	10662	16
4565	8488	10930	16
5478	6816	10648	16
1291	10565	10636	16
6092	6093	11009	16
224	225	10693	16
7319	9988	10744	16
6226	6228	10672	16
1042	7469	11201	16
7948	10989	11003	16
2768	3069	10655	16
3326	4080	10696	16
5031	5476	10684	16
6646	6647	10654	16
3953	10696	10705	16
7680	10856	10929	16
4084	6668	10765	16
6566	10543	10602	16
6726	10696	10705	16
4080	7933	10790	16
9616	10070	10846	16
3856	10093	10672	16
2007	10546	10613	16
4699	6129	10685	16
4563	5292	10930	16
429	11471	11473	16
3841	10929	10972	16
5870	10541	10760	16
1078	1121	10998	16
6713	6847	10676	16
7935	10541	10760	16
7468	7476	11164	16
6213	11468	11470	16
5314	7215	10935	16
7948	9304	11007	16
9209	10760	10790	16
6149	6173	10700	16
4607	4814	10698	16
6205	6207	11462	16
3842	7629	10710	16
6228	10672	10758	16
6093	11003	11009	16
5870	9209	10760	16
10093	10672	10758	16
6089	11006	11029	16
5476	10629	10684	16
6228	6230	10758	16
3350	7946	11003	16
4815	5922	10770	16
7613	7614	10753	16
7988	9143	11006	16
6208	10788	10856	16
6206	6208	10788	16
6726	9209	10790	16
3477	11176	11200	16
3857	10093	10758	16
6093	10118	10989	16
2196	11300	11305	16
3477	7835	11171	16
5449	11337	11354	16
6208	6210	10856	16
7464	7469	11201	16
9616	10846	10912	16
3350	11003	11009	16
6230	10758	10846	16
6646	10654	10765	16
3857	10758	10846	16
490	11469	11474	16
3857	10070	10846	16
6210	10856	10929	16
6173	11338	11344	16
1042	11201	11217	16
1041	1044	11200	16
6210	6212	10929	16
6230	6231	10912	16
5314	9237	10935	16
6799	11322	11329	16
6647	10654	10817	16
4563	4565	10930	16
6647	10705	10817	16
7948	10989	11007	16
6212	10929	10972	16
6230	10846	10912	16
6212	7200	10972	16
7350	7836	11164	16
3350	10998	11009	16
439	11493	11494	16
1121	3350	10998	16
7353	10998	11009	16
6772	7525	11089	16
2444	7988	11029	16
2444	11007	11029	16
9237	11492	11493	16
4448	11004	11006	16
6127	10118	10989	16
7946	7948	11003	16
9671	11004	11024	16
4448	9671	11004	16
6092	7353	11009	16
1043	2196	11305	16
2215	9671	11024	16
2444	9304	11007	16
4448	9143	11006	16
6089	6127	11029	16
5447	6141	11337	16
4122	4673	11335	16
6127	11007	11029	16
7981	7982	11344	16
7466	7469	11176	16
2215	11024	11049	16
2215	8616	11049	16
8616	11015	11049	16
6815	6816	11496	16
5092	5093	11089	16
7350	10582	11164	16
6141	11343	11350	16
6148	6173	11338	16
6799	9645	11322	16
7466	7468	11176	16
6816	7475	11498	16
6169	10121	11350	16
9237	10935	11492	16
3477	11171	11176	16
7982	11337	11354	16
3064	8498	11343	16
7835	7836	11171	16
1039	1042	11217	16
1044	3477	11200	16
9966	11300	11322	16
6127	10989	11007	16
7476	10582	11164	16
4673	11335	11338	16
6798	6799	11329	16
1405	10565	11291	16
6816	11496	11498	16
7165	10565	11291	16
5449	10700	11354	16
6798	11329	11335	16
1405	7400	11291	16
7982	11344	11354	16
9966	11322	11329	16
4673	11338	11344	16
7468	11171	11176	16
7710	11518	11519	16
3064	7982	11343	16
1040	1043	11305	16
7474	7475	11505	16
2196	9645	11322	16
6224	7474	11507	16
6148	6798	11338	16
4122	5091	11335	16
5091	9966	11329	16
5447	5449	11337	16
2737	8498	11356	16
6141	11337	11343	16
6224	11507	11511	16
5091	11329	11335	16
4673	7981	11344	16
2196	11300	11322	16
6141	10121	11350	16
6169	11350	11356	16
7475	11498	11505	16
7474	11505	11507	16
6224	6225	11511	16
6173	10700	11354	16
6798	11335	11338	16
515	7626	11512	16
446	7626	11513	16
515	7801	11510	16
6173	11344	11354	16
515	11510	11512	16
7626	11512	11513	16
7982	11337	11343	16
8498	11350	11356	16
6203	6205	11474	16
6209	6211	11471	16
471	11508	11516	16
223	429	11473	16
226	490	11469	16
471	7801	11508	16
224	10693	11473	16
227	10830	11469	16
6810	10693	11473	16
6811	10830	11469	16
471	8689	11516	16
6810	11471	11473	16
220	562	11492	16
6811	11469	11474	16
218	439	11493	16
6815	9236	11494	16
7801	11508	11510	16
562	10935	11492	16
9237	11493	11494	16
7709	7710	11517	16
4697	6129	11518	16
6205	11462	11474	16
6211	11468	11471	16
490	10693	11462	16
223	224	11473	16
429	9493	11468	16
562	9493	11470	16
226	227	11469	16
6203	6811	11474	16
6209	6810	11471	16
9493	11468	11470	16
7710	11517	11518	16
7710	7711	11519	16
6815	11494	11496	16
219	220	11492	16
219	11492	11493	16
218	219	11493	16
9236	9237	11494	16
439	9534	11496	16
9534	11496	11498	16
7506	9534	11498	16
490	11462	11474	16
7506	11498	11505	16
7711	8689	11519	16
429	11468	11471	16
501	7506	11505	16
501	7561	11507	16
501	11505	11507	16
7561	11507	11511	16
446	7561	11511	16
6229	11510	11512	16
6229	6231	11510	16
6227	6229	11512	16
10685	11508	11516	16
6227	11512	11513	16
6225	6227	11513	16
6231	10685	11508	16
7699	7709	11517	16
4697	4698	11518	16
439	11494	11496	16
6129	10685	11516	16
6231	11508	11510	16
4698	11517	11518	16
8689	11516	11519	16
6129	11516	11519	16
6954	11597	11826	16
3945	10244	11562	16
3320	3322	11556	16
3323	3945	11556	16
3320	3323	11556	16
185	186	11565	16
7809	7813	11567	16
477	6981	11701	16
7703	9243	11624	16
7706	11562	11563	16
7702	7704	11558	16
7706	7707	11562	16
7702	7708	11558	16
521	7807	11577	16
7705	7706	11563	16
186	521	11565	16
434	11597	11826	16
7808	7809	11567	16
6954	6955	11597	16
6973	9323	11635	16
185	11565	11636	16
498	7701	11711	16
8334	8630	11597	16
5093	7813	11799	16
6847	6987	11616	16
5093	7814	11797	16
7807	7808	11577	16
6956	11565	11636	16
474	9323	11624	16
184	434	11636	16
454	7815	11649	16
200	498	11691	16
521	11565	11811	16
193	454	11698	16
194	554	11698	16
199	498	11711	16
198	9243	11711	16
554	9322	11635	16
477	8629	11713	16
5928	8630	11833	16
6772	6773	11797	16
5093	11089	11797	16
4279	5093	11799	16
567	7697	11802	16
3	202	11802	16
3	203	11802	16
5928	10458	11833	16
180	477	11701	16
6773	7812	11649	16
434	8334	11597	16
7808	11567	11822	16
6847	10676	11616	16
6850	10259	11822	16
201	7697	11691	16
474	9243	11624	16
9322	9323	11635	16
179	6987	11701	16
7703	7705	11624	16
6972	6973	11635	16
5928	8630	11713	16
184	185	11636	16
6773	10202	11649	16
5928	9728	11713	16
6850	10006	11811	16
7812	7815	11649	16
6850	11577	11822	16
179	180	11701	16
8630	11597	11833	16
200	201	11691	16
7697	7698	11691	16
193	194	11698	16
6981	6987	11701	16
198	199	11711	16
7813	11567	11799	16
8629	8630	11713	16
6850	11577	11811	16
6772	11089	11797	16
4279	4718	11799	16
203	567	11802	16
434	11636	11826	16
4718	11567	11799	16
521	11577	11811	16
6954	6956	11826	16
6955	10458	11833	16
6955	11597	11833	16
7808	11577	11822	16
6956	11636	11826	16
426	6987	11616	16
6201	6811	11459	16
1761	7092	10755	16
6811	10830	11459	16
7467	7476	9115	16
4133	7476	9115	16
7342	7343	9684	16
4644	9054	9055	16
2707	2875	7729	16
7464	7465	7466	16
4122	4123	5091	16
5082	5409	5410	16
2770	3069	7802	16
3833	3834	4122	16
5410	6177	7342	16
177	178	426	16
2623	2694	3062	16
3062	3063	3833	16
3069	7802	10404	16
1617	1619	1761	16
7465	7466	7467	16
1618	8616	9489	16
4073	4075	4644	16
1617	1618	1619	16
1037	1039	1040	16
2769	2770	2771	16
4424	5409	9980	16
3767	4073	4075	16
5256	10602	10676	16
2622	2694	2737	16
2707	2873	2874	16
6200	6201	6202	16
2873	6566	10057	16
7092	10743	10755	16
2769	2771	9933	16
4422	7729	9980	16
5091	9965	9966	16
3539	3767	10035	16
3539	4133	10035	16
6200	6202	10404	16
9054	9055	11015	16
6566	10317	10602	16
1038	1039	11217	16
4582	10743	10744	16
4582	9933	10744	16
227	228	10830	16
6793	6794	11201	16
6140	9966	11300	16
8616	9489	11015	16
2737	9684	11359	16
1040	10855	11305	16
6794	7464	11201	16
6783	11300	11305	16
6793	11182	11217	16
6952	10676	11616	16
1619	1761	10922	16
1761	10755	10922	16
4144	7465	7467	16
4144	7467	9115	16
7343	9684	11359	16
6140	9965	9966	16
2770	2772	7802	16
4073	4644	9056	16
6794	7463	7464	16
4644	9055	9056	16
5082	5410	6177	16
4422	4424	9980	16
1618	1620	9489	16
3766	3767	4073	16
6100	6793	6794	16
3063	3833	3834	16
1037	1038	1039	16
6177	7342	7343	16
2707	2874	2875	16
2623	3062	3063	16
2875	4422	7729	16
6199	6200	6201	16
2770	2771	2772	16
2622	2623	2694	16
3834	4122	4123	16
7463	7464	7465	16
4424	5082	5409	16
1618	1619	1620	16
3539	3766	3767	16
3537	3539	4133	16
3537	4133	9115	16
4123	5091	9965	16
2771	3982	9933	16
3982	4582	9933	16
6566	10057	10317	16
2873	2874	10057	16
7802	9921	10404	16
6200	9921	10404	16
5256	10317	10602	16
9055	11015	11030	16
228	421	10830	16
5256	6952	10676	16
9488	10743	10755	16
4582	9488	10743	16
6199	6201	11459	16
1037	1040	10855	16
9489	11015	11030	16
2622	2737	11359	16
6783	10855	11305	16
1038	11182	11217	16
6099	6793	11182	16
6140	6783	11300	16
421	10830	11459	16
6952	11616	11828	16
177	426	11630	16
426	11616	11828	16

End