 MeshVersionFormatted 2
 Dimension
 3
 Vertices
 1941
                    0                         0                         0      1
                    1                         0                         0      2
                    1                         1                         0      3
                    0                         1                         0      4
    0.024999999999953                         0                         0      1
      0.0499999999999                         0                         0      1
    0.074999999999853                         0                         0      1
    0.099999999999815                         0                         0      1
     0.12499999999977                         0                         0      1
      0.1499999999997                         0                         0      1
     0.17499999999963                         0                         0      1
     0.19999999999956                         0                         0      1
     0.22499999999949                         0                         0      1
     0.24999999999941                         0                         0      1
     0.27499999999934                         0                         0      1
     0.29999999999927                         0                         0      1
     0.32499999999919                         0                         0      1
     0.34999999999912                         0                         0      1
     0.37499999999905                         0                         0      1
     0.39999999999897                         0                         0      1
      0.4249999999989                         0                         0      1
     0.44999999999883                         0                         0      1
     0.47499999999876                         0                         0      1
     0.49999999999869                         0                         0      1
     0.52499999999875                         0                         0      1
     0.54999999999882                         0                         0      1
     0.57499999999888                         0                         0      1
     0.59999999999895                         0                         0      1
     0.62499999999901                         0                         0      1
     0.64999999999908                         0                         0      1
     0.67499999999914                         0                         0      1
     0.69999999999921                         0                         0      1
     0.72499999999928                         0                         0      1
     0.74999999999934                         0                         0      1
     0.77499999999941                         0                         0      1
     0.79999999999947                         0                         0      1
     0.82499999999954                         0                         0      1
     0.84999999999961                         0                         0      1
     0.87499999999967                         0                         0      1
     0.89999999999974                         0                         0      1
      0.9249999999998                         0                         0      1
     0.94999999999987                         0                         0      1
     0.97499999999993                         0                         0      1
                    1         0.024999999999953                         0      2
                    1           0.0499999999999                         0      2
                    1         0.074999999999853                         0      2
                    1         0.099999999999815                         0      2
                    1          0.12499999999977                         0      2
                    1           0.1499999999997                         0      2
                    1          0.17499999999963                         0      2
                    1          0.19999999999956                         0      2
                    1          0.22499999999949                         0      2
                    1          0.24999999999941                         0      2
                    1          0.27499999999934                         0      2
                    1          0.29999999999927                         0      2
                    1          0.32499999999919                         0      2
                    1          0.34999999999912                         0      2
                    1          0.37499999999905                         0      2
                    1          0.39999999999897                         0      2
                    1           0.4249999999989                         0      2
                    1          0.44999999999883                         0      2
                    1          0.47499999999876                         0      2
                    1          0.49999999999869                         0      2
                    1          0.52499999999875                         0      2
                    1          0.54999999999882                         0      2
                    1          0.57499999999888                         0      2
                    1          0.59999999999895                         0      2
                    1          0.62499999999901                         0      2
                    1          0.64999999999908                         0      2
                    1          0.67499999999914                         0      2
                    1          0.69999999999921                         0      2
                    1          0.72499999999928                         0      2
                    1          0.74999999999934                         0      2
                    1          0.77499999999941                         0      2
                    1          0.79999999999947                         0      2
                    1          0.82499999999954                         0      2
                    1          0.84999999999961                         0      2
                    1          0.87499999999967                         0      2
                    1          0.89999999999974                         0      2
                    1           0.9249999999998                         0      2
                    1          0.94999999999987                         0      2
                    1          0.97499999999993                         0      2
      0.9749999999999                         1                         0      3
     0.94999999999979                         1                         0      3
     0.92499999999969                         1                         0      3
     0.89999999999958                         1                         0      3
      0.8749999999995                         1                         0      3
     0.84999999999965                         1                         0      3
     0.82499999999983                         1                         0      3
                  0.8                         1                         0      3
     0.77500000000017                         1                         0      3
     0.75000000000035                         1                         0      3
     0.72500000000052                         1                         0      3
     0.70000000000069                         1                         0      3
     0.67500000000087                         1                         0      3
     0.65000000000104                         1                         0      3
     0.62500000000121                         1                         0      3
     0.60000000000139                         1                         0      3
     0.57500000000156                         1                         0      3
     0.55000000000173                         1                         0      3
     0.52500000000191                         1                         0      3
     0.50000000000206                         1                         0      3
     0.47500000000198                         1                         0      3
     0.45000000000187                         1                         0      3
     0.42500000000177                         1                         0      3
     0.40000000000166                         1                         0      3
     0.37500000000156                         1                         0      3
     0.35000000000146                         1                         0      3
     0.32500000000135                         1                         0      3
     0.30000000000125                         1                         0      3
     0.27500000000114                         1                         0      3
     0.25000000000104                         1                         0      3
     0.22500000000094                         1                         0      3
     0.20000000000083                         1                         0      3
     0.17500000000073                         1                         0      3
     0.15000000000062                         1                         0      3
     0.12500000000052                         1                         0      3
     0.10000000000042                         1                         0      3
    0.075000000000312                         1                         0      3
    0.050000000000208                         1                         0      3
    0.025000000000104                         1                         0      3
                    0           0.9749999999999                         0      4
                    0          0.94999999999979                         0      4
                    0          0.92499999999969                         0      4
                    0          0.89999999999958                         0      4
                    0           0.8749999999995                         0      4
                    0          0.84999999999965                         0      4
                    0          0.82499999999983                         0      4
                    0                       0.8                         0      4
                    0          0.77500000000017                         0      4
                    0          0.75000000000035                         0      4
                    0          0.72500000000052                         0      4
                    0          0.70000000000069                         0      4
                    0          0.67500000000087                         0      4
                    0          0.65000000000104                         0      4
                    0          0.62500000000121                         0      4
                    0          0.60000000000139                         0      4
                    0          0.57500000000156                         0      4
                    0          0.55000000000173                         0      4
                    0          0.52500000000191                         0      4
                    0          0.50000000000206                         0      4
                    0          0.47500000000198                         0      4
                    0          0.45000000000187                         0      4
                    0          0.42500000000177                         0      4
                    0          0.40000000000166                         0      4
                    0          0.37500000000156                         0      4
                    0          0.35000000000146                         0      4
                    0          0.32500000000135                         0      4
                    0          0.30000000000125                         0      4
                    0          0.27500000000114                         0      4
                    0          0.25000000000104                         0      4
                    0          0.22500000000094                         0      4
                    0          0.20000000000083                         0      4
                    0          0.17500000000073                         0      4
                    0          0.15000000000062                         0      4
                    0          0.12500000000052                         0      4
                    0          0.10000000000042                         0      4
                    0         0.075000000000312                         0      4
                    0         0.050000000000208                         0      4
                    0         0.025000000000104                         0      4
     0.48750000000202          0.97834936490542                         0      1
    0.020504549241986          0.48750000000196                         0      1
     0.51249999999872         0.021650635094608                         0      1
     0.97834936490539          0.51249999999872                         0      1
     0.97622004710246          0.39044209772022                         0      1
     0.38745609101138          0.02220245936615                         0      1
     0.61250000000127          0.97834936490547                         0      1
    0.022680414003732          0.61155224355747                         0      1
     0.36250000000171           0.9783493649054                         0      1
     0.97834936490533          0.63749999999905                         0      1
    0.021188370098777          0.36231326904191                         0      1
     0.63675383700274         0.022912950987752                         0      1
     0.02387525316084           0.7389676018056                         0      1
     0.73750000000052          0.97834936490577                         0      1
     0.26250000000011         0.023007864035773                         0      1
     0.97793106646407          0.26298863856882                         0      1
     0.26250000000163          0.97834936490544                         0      1
    0.022068933538107          0.26298863856998                         0      1
     0.97503855117425           0.7381178023841                         0      1
      0.7374999999996         0.022031703335746                         0      1
     0.83749999999974          0.97834936490554                         0      1
    0.021650635094493          0.83749999999972                         0      1
    0.022308564888609          0.16287931106853                         0      1
     0.83750000000002         0.023007864035608                         0      1
     0.16250000000158          0.97834936490552                         0      1
     0.97834936490533          0.83749999999957                         0      1
     0.97886270264078          0.16214038012326                         0      1
               0.1625         0.022031703335648                         0      1
     0.02115985651649         0.087500000000359                         0      1
      0.9136119148677          0.02193987372108                         0      1
     0.91249999999963          0.97834936490532                         0      1
    0.021650635094671          0.91249999999963                         0      1
    0.086613429960472          0.97621966553878                         0      1
      0.9777864244819          0.91273004997515                         0      1
     0.97861002734878         0.087951480595352                         0      1
    0.087557759068074         0.022958829685814                         0      1
     0.43750000000197          0.97834936490537                         0      1
    0.025077048166826          0.43713427908273                         0      1
     0.97617472787586          0.56470704700424                         0      1
     0.55969798456773         0.022607437116185                         0      1
     0.53750000000177          0.97834936490549                         0      1
    0.021650635094461          0.53750000000182                         0      1
     0.97834936490545          0.46249999999879                         0      1
     0.46249999999879         0.021650635094548                         0      1
     0.31250000000174          0.97834936490547                         0      1
     0.21250000000153          0.97834936490541                         0      1
     0.97834936490533          0.68749999999918                         0      1
     0.97916387112471          0.78749999999944                         0      1
    0.022960447094476          0.30904233437139                         0      1
    0.023756033527039          0.21611498689893                         0      1
     0.68749999999948         0.022031703336055                         0      1
     0.78750000000007          0.02363233954369                         0      1
     0.33830000701636          0.02245997870066                         0      1
     0.97876134146072          0.33788246008884                         0      1
    0.023770444593099          0.65864700598375                         0      1
     0.97628016282867          0.21550306822291                         0      1
     0.66250000000112          0.97834936490564                         0      1
     0.78750000000009          0.97834936490562                         0      1
    0.023838229042518           0.7854906431885                         0      1
     0.21250000000044         0.023632339544106                         0      1
    0.019471195457274         0.035126278753958                         0      1
     0.96229167496762           0.0200345222365                         0      1
     0.96153312163494          0.97890759238952                         0      1
    0.021092407610475          0.96153312163493                         0      1
     0.46250000000202          0.97834936490541                         0      1
     0.47500000000205          0.95669872981088                         0      1
     0.50000000000189          0.95669872981088                         0      1
     0.48750000000196           0.9350480947164                         0      1
      0.5125000000018          0.93504809471639                         0      1
     0.50000000000187          0.91339745962191                         0      1
     0.47500000000202          0.91339745962192                         0      1
     0.48750000000194          0.89174682452742                         0      1
      0.5125000000018          0.89174682452742                         0      1
     0.50000000000187          0.87009618943293                         0      1
     0.52500000000174          0.87009618943293                         0      1
     0.51250000000181          0.84844555433843                         0      1
     0.53750000000168          0.84844555433844                         0      1
     0.52500000000175          0.82679491924393                         0      1
     0.50000000000187          0.82679491924393                         0      1
     0.51250000000181          0.80514428414943                         0      1
     0.48750000000193          0.80514428414943                         0      1
     0.50000000000187          0.78349364905493                         0      1
     0.52500000000175          0.78349364905493                         0      1
     0.51250000000181          0.76184301396042                         0      1
     0.48750000000193          0.76184301396042                         0      1
     0.50000000000187          0.74019237886591                         0      1
     0.52500000000175          0.74019237886591                         0      1
     0.51250000000181           0.7185417437714                         0      1
     0.48750000000192           0.7185417437714                         0      1
     0.50000000000186          0.69689110867689                         0      1
     0.47500000000199           0.6968911086769                         0      1
     0.48750000000193          0.67524047358239                         0      1
     0.51250000000181          0.67524047358238                         0      1
     0.50000000000187          0.65358983848787                         0      1
     0.52500000000175          0.65358983848786                         0      1
      0.5125000000018          0.63193920339334                         0      1
     0.48750000000191           0.6319392033934                         0      1
     0.50000000000185          0.61028856829883                         0      1
     0.52500000000174          0.61028856829882                         0      1
     0.51250000000179           0.5886379332043                         0      1
     0.48750000000189          0.58863793320431                         0      1
     0.50000000000183          0.56698729810979                         0      1
     0.47500000000193          0.56698729810979                         0      1
     0.48750000000188          0.54533666301527                         0      1
     0.51250000000177          0.54533666301526                         0      1
     0.50000000000182          0.52368602792074                         0      1
     0.47500000000192          0.52368602792075                         0      1
     0.52500000000172          0.52368602792073                         0      1
     0.48750000000186          0.50203539282622                         0      1
     0.46250000000195          0.50203539282623                         0      1
      0.4750000000019          0.48038475773169                         0      1
     0.45000000000199           0.4803847577317                         0      1
     0.46250000000194          0.45873412263716                         0      1
     0.43750000000203          0.45873412263717                         0      1
     0.42500000000207          0.48038475773171                         0      1
     0.41250000000211          0.45873412263718                         0      1
     0.42500000000206          0.43708348754263                         0      1
     0.40000000000216          0.48038475773172                         0      1
     0.40000000000213          0.43708348754264                         0      1
     0.41250000000209          0.41543285244808                         0      1
     0.38750000000215          0.41543285244809                         0      1
     0.40000000000211          0.39378221735353                         0      1
     0.37500000000217          0.39378221735354                         0      1
     0.38750000000213          0.37213158225898                         0      1
     0.41250000000207          0.37213158225897                         0      1
     0.36250000000219          0.37213158225899                         0      1
     0.35000000000223          0.39378221735355                         0      1
     0.33750000000224            0.372131582259                         0      1
     0.40000000000209          0.35048094716441                         0      1
     0.42500000000204          0.35048094716441                         0      1
     0.32500000000228          0.39378221735356                         0      1
      0.3125000000023          0.37213158225901                         0      1
     0.41250000000206          0.32883031206985                         0      1
     0.43750000000201          0.32883031206984                         0      1
     0.30000000000233          0.39378221735357                         0      1
     0.42500000000202          0.30717967697528                         0      1
     0.45000000000198          0.30717967697527                         0      1
     0.28750000000234          0.37213158225901                         0      1
     0.30000000000231          0.35048094716443                         0      1
     0.27500000000235          0.35048094716444                         0      1
     0.28750000000232          0.32883031206985                         0      1
     0.27500000000238          0.39378221735359                         0      1
     0.43750000000199           0.2855290418807                         0      1
     0.46250000000194          0.28552904188069                         0      1
     0.47500000000193          0.30717967697527                         0      1
      0.4875000000019          0.28552904188069                         0      1
     0.50000000000189          0.30717967697526                         0      1
     0.51250000000187          0.28552904188068                         0      1
     0.52500000000184          0.30717967697524                         0      1
     0.53750000000182          0.28552904188067                         0      1
     0.55000000000177          0.30717967697524                         0      1
     0.56250000000177          0.28552904188067                         0      1
     0.57500000000174          0.30717967697524                         0      1
     0.58750000000176          0.28552904188065                         0      1
     0.60000000000174          0.30717967697523                         0      1
     0.61250000000172          0.28552904188064                         0      1
     0.62500000000171          0.30717967697522                         0      1
     0.63750000000169          0.28552904188064                         0      1
     0.65000000000167          0.30717967697521                         0      1
     0.66250000000165          0.28552904188063                         0      1
     0.67500000000163           0.3071796769752                         0      1
     0.68750000000161          0.28552904188062                         0      1
     0.70000000000159          0.30717967697519                         0      1
     0.68750000000158          0.32883031206977                         0      1
     0.71250000000157          0.28552904188061                         0      1
     0.71250000000158          0.32883031206975                         0      1
     0.70000000000157          0.35048094716433                         0      1
     0.72500000000156          0.35048094716433                         0      1
     0.71250000000159           0.3721315822589                         0      1
     0.73750000000154          0.37213158225889                         0      1
     0.72500000000157          0.39378221735346                         0      1
     0.26250000000235          0.32883031206986                         0      1
     0.27500000000233          0.30717967697527                         0      1
     0.60000000000173          0.26387840678609                         0      1
     0.75000000000155           0.3504809471643                         0      1
     0.75000000000151          0.39378221735345                         0      1
     0.73750000000155          0.41543285244801                         0      1
      0.2500000000024          0.30717967697526                         0      1
     0.26250000000234          0.28552904188068                         0      1
      0.4750000000019          0.26387840678612                         0      1
     0.70000000000158          0.26387840678604                         0      1
     0.72500000000155          0.26387840678603                         0      1
     0.23750000000243          0.28552904188065                         0      1
     0.25000000000234          0.26387840678609                         0      1
     0.23750000000252           0.3288303120699                         0      1
     0.76250000000149            0.415432852448                         0      1
     0.75000000000153          0.43708348754257                         0      1
     0.71250000000156          0.24222777169146                         0      1
     0.73750000000153          0.24222777169145                         0      1
     0.72500000000159          0.43708348754258                         0      1
     0.73750000000157          0.45873412263713                         0      1
     0.76250000000151          0.45873412263712                         0      1
     0.75000000000154          0.48038475773168                         0      1
     0.77500000000148          0.48038475773167                         0      1
     0.76250000000152          0.50203539282623                         0      1
     0.73750000000158          0.50203539282624                         0      1
     0.75000000000156           0.5236860279208                         0      1
     0.72500000000163          0.52368602792081                         0      1
     0.73750000000161          0.54533666301537                         0      1
     0.76250000000154          0.54533666301535                         0      1
     0.75000000000158          0.56698729810992                         0      1
     0.77500000000152          0.56698729810991                         0      1
     0.76250000000155          0.58863793320447                         0      1
     0.73750000000161          0.58863793320448                         0      1
     0.75000000000159          0.61028856829903                         0      1
     0.77500000000152          0.61028856829903                         0      1
     0.76250000000156          0.63193920339358                         0      1
     0.73750000000163          0.63193920339359                         0      1
     0.75000000000159          0.65358983848814                         0      1
     0.72500000000167          0.65358983848814                         0      1
     0.73750000000163          0.67524047358268                         0      1
     0.76250000000155          0.67524047358268                         0      1
     0.75000000000159          0.69689110867723                         0      1
     0.77500000000151          0.69689110867723                         0      1
     0.76250000000155          0.71854174377177                         0      1
     0.73750000000164          0.71854174377178                         0      1
     0.75000000000159          0.74019237886631                         0      1
     0.22500000000239          0.26387840678609                         0      1
     0.23750000000234          0.24222777169153                         0      1
     0.26250000000232          0.24222777169154                         0      1
     0.77500000000151          0.74019237886631                         0      1
     0.76250000000154          0.76184301396085                         0      1
     0.73750000000163          0.76184301396085                         0      1
     0.58750000000169           0.3288303120698                         0      1
     0.28750000000238          0.41543285244814                         0      1
     0.26250000000243          0.41543285244816                         0      1
     0.27500000000241           0.4370834875427                         0      1
     0.25000000000248          0.43708348754272                         0      1
     0.26250000000247          0.45873412263727                         0      1
     0.23750000000254          0.45873412263727                         0      1
     0.25000000000253          0.48038475773181                         0      1
      0.2250000000026          0.48038475773181                         0      1
     0.23750000000256          0.50203539282633                         0      1
     0.21250000000263          0.45873412263729                         0      1
     0.78750000000146          0.76184301396086                         0      1
      0.2125000000024          0.24222777169149                         0      1
     0.21250000000266          0.50203539282634                         0      1
     0.22500000000262          0.52368602792086                         0      1
     0.25000000000251          0.52368602792085                         0      1
     0.23750000000258          0.54533666301537                         0      1
     0.26250000000247          0.54533666301536                         0      1
     0.25000000000253          0.56698729810989                         0      1
     0.27500000000244          0.56698729810988                         0      1
     0.26250000000249          0.58863793320442                         0      1
     0.23750000000259          0.58863793320443                         0      1
     0.25000000000255          0.61028856829896                         0      1
     0.27500000000246          0.61028856829895                         0      1
     0.26250000000251           0.6319392033935                         0      1
     0.23750000000259          0.63193920339351                         0      1
     0.25000000000256          0.65358983848804                         0      1
     0.22500000000264          0.65358983848805                         0      1
     0.23750000000259          0.67524047358259                         0      1
     0.26250000000254          0.67524047358259                         0      1
     0.25000000000258          0.69689110867714                         0      1
     0.27500000000252          0.69689110867714                         0      1
     0.26250000000256           0.7185417437717                         0      1
     0.23750000000254           0.7185417437717                         0      1
     0.25000000000254          0.74019237886626                         0      1
     0.27500000000254          0.74019237886626                         0      1
     0.26250000000256          0.76184301396083                         0      1
     0.23750000000253          0.76184301396082                         0      1
     0.28750000000252          0.76184301396083                         0      1
     0.22500000000235          0.22057713659697                         0      1
     0.72500000000154          0.22057713659687                         0      1
     0.75000000000151          0.22057713659686                         0      1
     0.46250000000207          0.89174682452743                         0      1
      0.7625000000015          0.24222777169145                         0      1
     0.77500000000148          0.22057713659687                         0      1
     0.78750000000147          0.24222777169144                         0      1
     0.75000000000158          0.78349364905538                         0      1
     0.72500000000168          0.78349364905537                         0      1
     0.27500000000255           0.7834936490554                         0      1
      0.3000000000025           0.7834936490554                         0      1
     0.20000000000272          0.52368602792087                         0      1
     0.20000000000241           0.2205771365969                         0      1
     0.80000000000145          0.22057713659687                         0      1
     0.20000000000256          0.26387840678608                         0      1
     0.76250000000149          0.19892650150228                         0      1
     0.81250000000144          0.24222777169144                         0      1
     0.21250000000235          0.19892650150236                         0      1
     0.31250000000247          0.76184301396083                         0      1
     0.28750000000253          0.80514428414998                         0      1
     0.18750000000239          0.19892650150232                         0      1
     0.48750000000185          0.45873412263715                         0      1
     0.32500000000245          0.78349364905539                         0      1
     0.73750000000162           0.8051442841499                         0      1
     0.71250000000172          0.80514428414989                         0      1
     0.70000000000178          0.78349364905537                         0      1
     0.82500000000141          0.22057713659686                         0      1
     0.68750000000183          0.80514428414989                         0      1
     0.67500000000188          0.78349364905536                         0      1
     0.41250000000204          0.28552904188071                         0      1
     0.70000000000177          0.82679491924441                         0      1
     0.20000000000232          0.17727586640773                         0      1
     0.22500000000236          0.17727586640784                         0      1
     0.17500000000233          0.17727586640774                         0      1
     0.33750000000242          0.76184301396083                         0      1
     0.68750000000146           0.3721315822589                         0      1
     0.70000000000156          0.22057713659687                         0      1
     0.16250000000245          0.19892650150232                         0      1
      0.8375000000014          0.24222777169143                         0      1
     0.67500000000173          0.82679491924433                         0      1
     0.35000000000239          0.78349364905538                         0      1
     0.85000000000138          0.22057713659686                         0      1
     0.83750000000139          0.19892650150228                         0      1
     0.55000000000161          0.87009618943294                         0      1
     0.82500000000142          0.26387840678601                         0      1
     0.85000000000138            0.263878406786                         0      1
      0.8375000000014          0.28552904188058                         0      1
     0.18750000000231          0.15562523131313                         0      1
     0.16250000000231          0.15562523131314                         0      1
     0.51250000000187          0.32883031206983                         0      1
     0.68750000000179           0.8484455543389                         0      1
     0.28750000000238          0.54533666301537                         0      1
     0.36250000000236          0.76184301396081                         0      1
     0.35000000000238          0.74019237886627                         0      1
     0.86250000000135          0.28552904188057                         0      1
     0.85000000000138          0.30717967697514                         0      1
     0.86250000000136          0.19892650150228                         0      1
     0.85000000000137           0.1772758664077                         0      1
     0.56250000000155          0.84844555433844                         0      1
     0.57500000000148          0.87009618943294                         0      1
     0.28750000000246          0.45873412263726                         0      1
     0.37500000000234          0.78349364905536                         0      1
     0.36250000000237          0.80514428414992                         0      1
      0.3000000000023          0.30717967697526                         0      1
      0.1750000000023          0.13397459621853                         0      1
      0.1500000000023          0.13397459621854                         0      1
     0.87500000000133          0.30717967697514                         0      1
     0.86250000000136           0.3288303120697                         0      1
     0.87500000000134           0.1772758664077                         0      1
     0.86250000000136          0.15562523131311                         0      1
     0.83750000000137          0.15562523131311                         0      1
     0.85000000000136          0.13397459621851                         0      1
     0.82500000000137          0.13397459621851                         0      1
     0.87500000000135          0.13397459621851                         0      1
      0.3875000000023          0.80514428414991                         0      1
     0.37500000000235          0.82679491924446                         0      1
     0.37500000000232          0.74019237886623                         0      1
     0.36250000000234          0.71854174377173                         0      1
     0.20000000000229          0.13397459621852                         0      1
     0.21250000000267          0.63193920339352                         0      1
     0.20000000000271          0.65358983848804                         0      1
     0.18750000000276          0.63193920339353                         0      1
      0.1750000000028          0.65358983848805                         0      1
     0.16250000000286          0.63193920339354                         0      1
     0.15000000000292          0.65358983848806                         0      1
     0.16250000000286          0.67524047358258                         0      1
     0.13750000000297          0.67524047358259                         0      1
     0.15000000000291          0.69689110867709                         0      1
     0.13750000000296          0.63193920339355                         0      1
     0.12500000000303           0.6968911086771                         0      1
     0.13750000000298          0.71854174377162                         0      1
      0.1500000000029          0.61028856829903                         0      1
     0.12500000000302          0.61028856829904                         0      1
     0.13750000000295          0.58863793320453                         0      1
      0.7625000000015          0.80514428414992                         0      1
      0.7125000000017          0.84844555433892                         0      1
     0.70000000000175          0.87009618943342                         0      1
     0.72500000000163          0.87009618943344                         0      1
     0.67500000000187          0.87009618943342                         0      1
     0.23750000000249          0.41543285244818                         0      1
     0.71250000000171          0.67524047358268                         0      1
     0.70000000000175          0.65358983848814                         0      1
     0.68750000000179          0.67524047358269                         0      1
     0.67500000000183          0.65358983848815                         0      1
     0.66250000000188          0.67524047358269                         0      1
     0.65000000000191          0.65358983848816                         0      1
     0.63750000000185          0.67524047358264                         0      1
     0.66250000000187          0.63193920339362                         0      1
     0.63750000000195          0.63193920339363                         0      1
     0.65000000000191          0.61028856829908                         0      1
     0.62500000000199          0.61028856829909                         0      1
     0.63750000000195          0.58863793320455                         0      1
     0.61250000000191          0.58863793320452                         0      1
     0.62500000000195          0.56698729811002                         0      1
     0.87500000000134            0.263878406786                         0      1
     0.28750000000247          0.67524047358258                         0      1
     0.71250000000158          0.50203539282624                         0      1
      0.7875000000015          0.63193920339358                         0      1
     0.43750000000202          0.41543285244808                         0      1
     0.18750000000277          0.50203539282638                         0      1
     0.46250000000199          0.58863793320435                         0      1
     0.78750000000144          0.45873412263711                         0      1
     0.80000000000142          0.48038475773166                         0      1
     0.81250000000138           0.4587341226371                         0      1
     0.82500000000136          0.48038475773166                         0      1
     0.83750000000132           0.4587341226371                         0      1
     0.85000000000129          0.48038475773165                         0      1
     0.86250000000125          0.45873412263709                         0      1
     0.87500000000123          0.48038475773164                         0      1
     0.86250000000127           0.5020353928262                         0      1
     0.85000000000128          0.43708348754254                         0      1
     0.87500000000121          0.43708348754253                         0      1
      0.5375000000017           0.7185417437714                         0      1
     0.77500000000149          0.39378221735343                         0      1
       0.425000000002          0.26387840678614                         0      1
     0.40000000000205          0.26387840678615                         0      1
     0.41250000000202          0.24222777169158                         0      1
     0.38750000000207          0.24222777169159                         0      1
     0.40000000000203          0.22057713659701                         0      1
     0.37500000000208          0.22057713659702                         0      1
     0.38750000000205          0.19892650150245                         0      1
       0.412500000002          0.19892650150244                         0      1
     0.40000000000201          0.17727586640787                         0      1
     0.42500000000196          0.17727586640786                         0      1
     0.37500000000206          0.17727586640788                         0      1
     0.41250000000198           0.1556252313133                         0      1
     0.43750000000192          0.15562523131329                         0      1
     0.42500000000194          0.13397459621873                         0      1
     0.45000000000189          0.13397459621872                         0      1
     0.46250000000187          0.15562523131328                         0      1
     0.47500000000184          0.13397459621871                         0      1
     0.48750000000182          0.15562523131328                         0      1
     0.50000000000179           0.1339745962187                         0      1
     0.51250000000178          0.15562523131327                         0      1
     0.52500000000175          0.13397459621868                         0      1
     0.53750000000174          0.15562523131326                         0      1
     0.55000000000172          0.13397459621866                         0      1
     0.56250000000172          0.15562523131325                         0      1
     0.57500000000169          0.13397459621865                         0      1
      0.5875000000017          0.15562523131324                         0      1
     0.60000000000167          0.13397459621864                         0      1
       0.400000000002          0.13397459621874                         0      1
     0.46250000000204          0.67524047358247                         0      1
     0.55000000000164          0.74019237886591                         0      1
     0.41250000000212          0.50203539282625                         0      1
     0.38750000000217          0.50203539282627                         0      1
     0.40000000000208           0.5236860279208                         0      1
     0.71250000000155          0.19892650150228                         0      1
     0.30000000000234          0.56698729810987                         0      1
     0.80000000000146          0.61028856829902                         0      1
     0.81250000000144          0.63193920339359                         0      1
     0.82500000000142          0.61028856829902                         0      1
      0.8375000000014          0.63193920339359                         0      1
     0.85000000000137          0.61028856829901                         0      1
     0.86250000000136          0.63193920339359                         0      1
     0.85000000000138          0.65358983848818                         0      1
     0.87500000000132          0.61028856829901                         0      1
     0.87500000000135          0.65358983848817                         0      1
     0.86250000000137          0.67524047358275                         0      1
     0.26250000000256          0.80514428414999                         0      1
     0.27500000000256          0.82679491924458                         0      1
     0.25000000000257          0.82679491924458                         0      1
     0.26250000000257          0.84844555433918                         0      1
     0.23750000000257          0.84844555433919                         0      1
     0.22500000000257          0.82679491924459                         0      1
     0.21250000000258          0.84844555433918                         0      1
     0.20000000000259          0.82679491924459                         0      1
      0.1875000000026          0.84844555433918                         0      1
      0.1750000000026          0.82679491924459                         0      1
     0.16250000000261          0.84844555433918                         0      1
     0.15000000000262           0.8267949192446                         0      1
     0.13750000000263          0.84844555433919                         0      1
     0.12500000000264           0.8267949192446                         0      1
     0.28750000000256          0.84844555433918                         0      1
     0.13750000000231          0.15562523131316                         0      1
     0.12500000000229          0.13397459621855                         0      1
     0.52500000000181          0.26387840678611                         0      1
     0.61250000000167          0.15562523131323                         0      1
      0.6250000000016           0.1339745962186                         0      1
     0.17500000000264          0.87009618943377                         0      1
      0.2250000000026          0.87009618943377                         0      1
     0.27500000000257          0.87009618943379                         0      1
     0.30000000000258          0.87009618943378                         0      1
     0.11250000000266          0.84844555433918                         0      1
     0.12500000000265          0.87009618943378                         0      1
     0.11250000000307          0.58863793320454                         0      1
       0.125000000003          0.56698729811004                         0      1
     0.11250000000308          0.63193920339355                         0      1
     0.11250000000229          0.15562523131318                         0      1
      0.8875000000013           0.3288303120697                         0      1
     0.88750000000121          0.50203539282619                         0      1
     0.41250000000196          0.11232396112417                         0      1
     0.38750000000202          0.11232396112419                         0      1
     0.58828658534696          0.11277809638492                         0      1
     0.86250000000136          0.11232396112391                         0      1
     0.48670078053944          0.11278328194934                         0      1
     0.18750000000229          0.11232396112393                         0      1
      0.2125000000023          0.11232396112397                         0      1
     0.13750000000229          0.11232396112393                         0      1
     0.53645001765623          0.11384755674886                         0      1
     0.11250000000228          0.11232396112393                         0      1
     0.88729616458076          0.11220627668896                         0      1
     0.88750000000135          0.67524047358277                         0      1
     0.87500000000136          0.69689110867735                         0      1
     0.88750000000132          0.19892650150228                         0      1
     0.11250000000309          0.71854174377162                         0      1
     0.58750000000143          0.84844555433844                         0      1
     0.61250000000198           0.6319392033936                         0      1
     0.37500000000223          0.48038475773174                         0      1
     0.68750000000181          0.89174682452792                         0      1
     0.66250000000192          0.89174682452792                         0      1
     0.46250000000206          0.71854174377148                         0      1
     0.83750000000141          0.32883031206971                         0      1
     0.81250000000145          0.28552904188058                         0      1
     0.40000000000226           0.7834936490553                         0      1
      0.6500000000019          0.69689110867721                         0      1
     0.16250000000261          0.80514428415001                         0      1
     0.38750000000212          0.32883031206986                         0      1
      0.5000000000018          0.17727586640786                         0      1
     0.83750000000138          0.58863793320445                         0      1
     0.36250000000211           0.2422277716916                         0      1
     0.35000000000212          0.22057713659703                         0      1
     0.55000000000174          0.17727586640785                         0      1
     0.40000000000228          0.82679491924445                         0      1
     0.38750000000232          0.84844555433902                         0      1
     0.28750000000258           0.8917468245284                         0      1
      0.3125000000026          0.89174682452839                         0      1
     0.90000000000127          0.30717967697514                         0      1
     0.10000000000266          0.87009618943377                         0      1
     0.11250000000266          0.89174682452839                         0      1
     0.90000000000134          0.69689110867737                         0      1
     0.88750000000135          0.71854174377197                         0      1
     0.10000000000269           0.8267949192446                         0      1
     0.53750000000167          0.54533666301525                         0      1
     0.55000000000162          0.52368602792073                         0      1
     0.56250000000159           0.7185417437714                         0      1
     0.57500000000153          0.74019237886591                         0      1
     0.11250000000265          0.80514428415004                         0      1
     0.31250000000228          0.54533666301536                         0      1
     0.32500000000225          0.56698729810986                         0      1
     0.86250000000124          0.41543285244798                         0      1
     0.88750000000117          0.41543285244797                         0      1
      0.6500000000019          0.56698729811001                         0      1
     0.63750000000191          0.54533666301548                         0      1
     0.80000000000143          0.74019237886631                         0      1
      0.8125000000014          0.76184301396092                         0      1
     0.68750000000157          0.19892650150228                         0      1
     0.70000000000156          0.17727586640768                         0      1
      0.6000000000017          0.17727586640783                         0      1
     0.10000000000315          0.69689110867711                         0      1
     0.10000000000313          0.56698729811005                         0      1
     0.11250000000306          0.54533666301555                         0      1
     0.87553836581347         0.090323272237762                         0      1
     0.85008972763671         0.090614983730705                         0      1
     0.12500000000228         0.090673326029307                         0      1
     0.89862702178251           0.1330293364386                         0      1
     0.10027058165858         0.090829546421428                         0      1
     0.90050954079584          0.08995573472626                         0      1
     0.90000000000115          0.43708348754252                         0      1
    0.087860413398418          0.11247510179314                         0      1
     0.90000000000133          0.65358983848817                         0      1
     0.16250000000287          0.58863793320449                         0      1
     0.63750000000166          0.32883031206976                         0      1
     0.33750000000226          0.41543285244812                         0      1
       0.450000000002          0.35048094716441                         0      1
     0.56250000000155          0.89174682452744                         0      1
     0.58750000000141          0.89174682452744                         0      1
     0.57500000000148          0.91339745962193                         0      1
     0.60000000000134          0.91339745962194                         0      1
     0.73750000000155          0.28552904188061                         0      1
      0.8125000000014          0.50203539282622                         0      1
     0.68750000000183          0.76184301396084                         0      1
     0.66250000000194          0.76184301396084                         0      1
     0.65000000000185          0.78349364905536                         0      1
     0.53750000000167           0.5020353928262                         0      1
     0.56250000000157           0.5020353928262                         0      1
     0.55000000000162          0.48038475773166                         0      1
     0.57500000000153          0.48038475773166                         0      1
     0.56250000000157          0.45873412263712                         0      1
     0.58750000000149          0.45873412263712                         0      1
     0.57500000000152          0.43708348754257                         0      1
     0.60000000000145          0.43708348754257                         0      1
     0.61250000000141           0.4587341226371                         0      1
     0.62500000000137          0.43708348754256                         0      1
     0.61250000000141          0.41543285244802                         0      1
     0.63750000000134           0.4587341226371                         0      1
      0.6500000000013          0.43708348754256                         0      1
     0.57500000000149          0.82679491924394                         0      1
     0.38750000000226          0.71854174377169                         0      1
      0.3750000000023          0.69689110867718                         0      1
     0.43750000000194          0.19892650150243                         0      1
     0.87500000000125          0.52368602792075                         0      1
     0.90000000000119          0.52368602792074                         0      1
     0.16250000000284          0.71854174377158                         0      1
     0.65000000000166          0.26387840678606                         0      1
      0.5500000000016          0.43708348754258                         0      1
     0.56250000000155          0.41543285244803                         0      1
     0.53750000000163          0.41543285244804                         0      1
     0.33750000000216          0.24222777169161                         0      1
     0.35000000000217          0.26387840678616                         0      1
       0.475000000002          0.82679491924393                         0      1
     0.55000000000158          0.39378221735348                         0      1
     0.52500000000165          0.39378221735349                         0      1
     0.32500000000217          0.22057713659704                         0      1
     0.45000000000215          0.91339745962194                         0      1
     0.91489909283517          0.50027663491533                         0      1
     0.91250000000111          0.41543285244796                         0      1
     0.40000000000198         0.090673326029619                         0      1
     0.37500000000204         0.090673326029631                         0      1
     0.36250000000207           0.1123239611242                         0      1
     0.35030194340678         0.090137619256388                         0      1
     0.33755032390291            0.112234676662                         0      1
     0.32593299300668         0.089703014331413                         0      1
     0.31266388615307          0.11214736176414                         0      1
     0.30075515157705         0.090151734467532                         0      1
     0.28765317295652          0.11220759597053                         0      1
     0.30000000000222          0.13397459621879                         0      1
     0.42500000000192         0.090673326029609                         0      1
     0.27515138742377         0.090566999910363                         0      1
     0.20000000000227         0.090673326029335                         0      1
    0.087500000003203          0.58863793320455                         0      1
    0.087820465056471           0.8915618039433                         0      1
    0.087500000003215          0.71854174377162                         0      1
     0.91248418994319          0.71853261583064                         0      1
      0.8999815549335          0.74018172960169                         0      1
     0.08750000000272          0.80514428415005                         0      1
    0.087500000003188          0.54533666301556                         0      1
     0.10000000000312          0.52368602792105                         0      1
     0.91250000000124          0.32883031206969                         0      1
     0.92532016920274          0.30711891604084                         0      1
     0.65000000000183          0.87009618943334                         0      1
     0.63750000000204          0.76184301396084                         0      1
     0.56250000000168          0.54533666301529                         0      1
     0.58750000000169          0.50203539282626                         0      1
     0.12500000000304          0.74019237886613                         0      1
      0.6625000000013          0.45873412263713                         0      1
     0.60000000000137          0.82679491924402                         0      1
     0.58750000000148           0.7185417437714                         0      1
     0.57500000000153          0.69689110867688                         0      1
     0.40000000000221          0.69689110867718                         0      1
     0.38750000000225          0.67524047358265                         0      1
     0.36250000000234          0.67524047358265                         0      1
      0.3750000000023          0.65358983848812                         0      1
     0.35000000000239          0.65358983848812                         0      1
     0.36250000000234          0.63193920339359                         0      1
     0.38750000000225          0.63193920339359                         0      1
     0.37500000000229          0.61028856829905                         0      1
     0.33750000000241          0.63193920339357                         0      1
     0.13750000000294          0.54533666301552                         0      1
     0.33750000000219          0.54533666301534                         0      1
     0.32500000000229          0.52368602792084                         0      1
     0.33750000000242          0.71854174377173                         0      1
     0.40000000000221          0.61028856829905                         0      1
     0.38750000000222           0.5886379332045                         0      1
     0.90000000000113          0.39378221735341                         0      1
     0.65000000000139          0.48038475773175                         0      1
     0.45000000000204          0.56698729810981                         0      1
     0.85000000000137          0.35048094716428                         0      1
     0.82500000000143          0.35048094716429                         0      1
     0.67500000000182          0.61028856829907                         0      1
     0.83750000000132          0.41543285244799                         0      1
     0.66250000000183          0.54533666301548                         0      1
     0.58750000000153          0.80514428414954                         0      1
     0.87499692582335          0.74019060398905                         0      1
     0.88749641346037          0.76184094327078                         0      1
     0.91255275674671          0.76179049008194                         0      1
     0.90007248549397          0.78348454996085                         0      1
     0.87501148315995          0.78349178742488                         0      1
     0.88751399477654          0.80501916652876                         0      1
     0.86250424632365          0.80512312094162                         0      1
     0.87508033305199          0.82669536265303                         0      1
     0.85001409656352          0.82677479927818                         0      1
     0.86273313197824          0.84830009593053                         0      1
     0.83754120475788          0.84841795794358                         0      1
     0.85004572279024          0.87006734696664                         0      1
     0.87526386950371          0.86994162697215                         0      1
     0.82501448792562          0.87008678295687                         0      1
     0.86255159871651          0.89171625704047                         0      1
     0.88775480663954          0.89150360434426                         0      1
     0.90033145520266          0.86983395346783                         0      1
     0.87505106755998          0.91335182834439                         0      1
     0.90009227683586          0.91323507691842                         0      1
     0.85001711104697          0.91338475982876                         0      1
      0.9129742832238           0.8048529535485                         0      1
     0.81250928211488          0.84843938719402                         0      1
      0.8000039616744           0.8700935938303                         0      1
     0.46250000000205          0.80514428414943                         0      1
     0.67500000000185          0.91339745962242                         0      1
     0.70000000000169          0.91339745962245                         0      1
     0.83750000000139          0.67524047358276                         0      1
     0.35000000000243          0.82679491924449                         0      1
     0.88750000000122          0.54533666301531                         0      1
     0.91250000000117           0.5453366630153                         0      1
     0.81250000000138          0.15562523131312                         0      1
     0.80000000000139          0.13397459621853                         0      1
     0.62500000000168          0.17727586640783                         0      1
     0.41250000000216          0.63193920339359                         0      1
      0.6125000000017          0.19892650150243                         0      1
     0.27502552882798          0.13395520202652                         0      1
     0.28750425480654          0.15562199894799                         0      1
     0.31250070913625          0.15562469258578                         0      1
     0.43750000000223          0.89174682452746                         0      1
     0.42500000000231            0.913397459622                         0      1
     0.10005341084495          0.91245449333052                         0      1
     0.12500890180973          0.91324029857427                         0      1
     0.30000000000259          0.91339745962303                         0      1
     0.32500000000262          0.91339745962302                         0      1
     0.27500000000258          0.91339745962302                         0      1
     0.33750000000262          0.89174682452838                         0      1
     0.35000000000263          0.91339745962281                         0      1
    0.075000000003274           0.6968911086771                         0      1
    0.073863985159047          0.52303014944496                         0      1
    0.086174649351605           0.5012702012711                         0      1
      0.1122791082278          0.50190786090063                         0      1
    0.099742292931964          0.48023597048512                         0      1
     0.12497923613525          0.48037276970737                         0      1
     0.11245358817989          0.45870732675888                         0      1
     0.13748880405452          0.45872765865358                         0      1
     0.12499039870774          0.43707794423249                         0      1
    0.099990664483316          0.43707809767808                         0      1
     0.11249684386718          0.41543103025246                         0      1
     0.13749787376447          0.41543162486394                         0      1
     0.12499911960726          0.39378170905703                         0      1
     0.14999949889725          0.39378192804021                         0      1
     0.13749976975272           0.3721314493241                         0      1
     0.11249981489532          0.37213147538719                         0      1
     0.12499993077664           0.3504809071967                         0      1
     0.14999995009019          0.35048091834739                         0      1
     0.13749998014644          0.32883030060576                         0      1
      0.1124999851558          0.32883030349793                         0      1
       0.124999994219          0.30717967363594                         0      1
     0.10000000000292          0.30717967697531                         0      1
     0.11249999903893          0.28552904132411                         0      1
     0.08749791806045          0.41543165043823                         0      1
     0.16249998837474          0.32883030535637                         0      1
     0.17499998974611          0.35048094124274                         0      1
    0.087912670683575          0.32908091524366                         0      1
    0.087044706872114          0.28578764534323                         0      1
    0.099924117653772          0.26392150727037                         0      1
     0.12498735278408          0.26388559010732                         0      1
     0.11248524507491          0.24223615232566                         0      1
    0.087484893790019          0.24223635187783                         0      1
     0.16249956211225          0.41543259963199                         0      1
     0.10000000000289          0.22057713659675                         0      1
    0.077137945233025          0.86852873947026                         0      1
     0.92500000000108          0.43708348754251                         0      1
    0.074344983143808          0.47994075838328                         0      1
    0.076907883554345           0.9123713859731                         0      1
     0.41250000000194         0.069022690935056                         0      1
     0.43807992945006         0.068636552314293                         0      1
     0.28822342821722         0.068587598269117                         0      1
     0.26264580260838         0.068932454470878                         0      1
     0.11196516749654         0.068662589046029                         0      1
     0.08664523073618         0.069724586531005                         0      1
     0.13741086125131         0.068962673953244                         0      1
     0.86317702062482         0.068624185200609                         0      1
     0.83762779137782         0.068946549595893                         0      1
      0.3629518586115         0.066946531256866                         0      1
     0.92500000000107           0.3937822173534                         0      1
     0.92499736499165           0.6968895873538                         0      1
    0.074997482300702          0.22057856662795                         0      1
     0.65000000000191          0.91339745962237                         0      1
     0.78750220729922          0.84844409388123                         0      1
     0.10000000000272          0.78349364905542                         0      1
    0.075000000002907          0.78349364905535                         0      1
     0.67500000000132          0.43708348754257                         0      1
       0.612500000002          0.54533666301549                         0      1
     0.68750000000177          0.93504809471692                         0      1
     0.83750305714874          0.80513740362108                         0      1
     0.66250000000128          0.41543285244801                         0      1
     0.77500102816332          0.87009551342373                         0      1
      0.7875008316406          0.89174627925959                         0      1
      0.7625003099684          0.89174662098205                         0      1
     0.77500019026919          0.91339733482055                         0      1
     0.75000008337398          0.91339740489817                         0      1
     0.68750000000146          0.45873412263715                         0      1
     0.10948634530007          0.93663600748229                         0      1
     0.58750000000141          0.93504809471642                         0      1
     0.61250000000126          0.93504809471643                         0      1
     0.41250000000217          0.71854174377172                         0      1
     0.82500000000137          0.74019237886631                         0      1
     0.12500000000261          0.78349364905548                         0      1
     0.67500000000188          0.74019237886631                         0      1
     0.80000017031925           0.9133973479446                         0      1
    0.087500000003202          0.67524047358257                         0      1
     0.80000191490323          0.82679364797747                         0      1
     0.56250000000155          0.93504809471642                         0      1
     0.36250000000259          0.89174682452832                         0      1
     0.86251136310124          0.93503837287207                         0      1
     0.21250000000258          0.80514428414999                         0      1
     0.58750000000172          0.19892650150243                         0      1
     0.77500000000149          0.26387840678603                         0      1
     0.20000000000272          0.61028856829898                         0      1
    0.074352898201243          0.82622478485953                         0      1
     0.41250000000216          0.67524047358265                         0      1
     0.75000000000157          0.82679491924453                         0      1
      0.9000000000013           0.1772758664077                         0      1
     0.91217703935624          0.19911296291763                         0      1
     0.92329353730721          0.17903010658166                         0      1
     0.89994617322713          0.22060821349941                         0      1
     0.92461424145301          0.22079985439852                         0      1
     0.91242673578087          0.24227007080879                         0      1
     0.22500000000232          0.13397459621861                         0      1
     0.17499995926485          0.39378219383358                         0      1
     0.81250000000147          0.32883031206972                         0      1
      0.8000000000015          0.35048094716428                         0      1
     0.78750000000152          0.32883031206972                         0      1
     0.80000000000141          0.43708348754255                         0      1
     0.70000000000177          0.69689110867724                         0      1
     0.85000000000131          0.52368602792076                         0      1
     0.47500000000188          0.43708348754263                         0      1
      0.3875000000021          0.28552904188072                         0      1
     0.37500000000221          0.43708348754265                         0      1
     0.78750000000148          0.54533666301535                         0      1
     0.28750000000243          0.63193920339349                         0      1
     0.30000000000241          0.61028856829896                         0      1
     0.53750000000168           0.5886379332043                         0      1
     0.55000000000164          0.61028856829882                         0      1
     0.43750000000196          0.24222777169157                         0      1
     0.33750000000241          0.67524047358264                         0      1
     0.35000000000221          0.35048094716442                         0      1
    0.074998097092695          0.43708238889711                         0      1
     0.06321468862101          0.41584547811431                         0      1
     0.45000000000201          0.52368602792076                         0      1
     0.35000838731891          0.13395971547506                         0      1
     0.67500000000181          0.56698729811001                         0      1
     0.31250000000221          0.24222777169161                         0      1
     0.72500000000154          0.17727586640768                         0      1
     0.71250000000155          0.15562523131307                         0      1
     0.68750000000155          0.15562523131308                         0      1
     0.70000000000154          0.13397459621846                         0      1
     0.72500000000155          0.13397459621846                         0      1
     0.71250000000154          0.11232396112384                         0      1
     0.68750000000153          0.11232396112385                         0      1
     0.73750000000155          0.11232396112384                         0      1
     0.70000000000153         0.090673326029219                         0      1
     0.67500000000151         0.090673326029225                         0      1
     0.57500000000152          0.39378221735348                         0      1
     0.56250000000155          0.37213158225892                         0      1
     0.56250000000158          0.58863793320429                         0      1
     0.80000000000147          0.65358983848815                         0      1
     0.67500000000159           0.2205771365969                         0      1
     0.81250000000137          0.11232396112391                         0      1
     0.56250000000158          0.76184301396042                         0      1
     0.58750000000173          0.76184301396056                         0      1
     0.45000000000218          0.87009618943294                         0      1
     0.13745972406246          0.50201213950142                         0      1
     0.81250000000146          0.37213158225886                         0      1
     0.33750000000214          0.19892650150247                         0      1
     0.31250000000219          0.19892650150247                         0      1
     0.07511876778226          0.39385078796306                         0      1
     0.45000000000215          0.82679491924403                         0      1
     0.78750000000142          0.15562523131313                         0      1
      0.9000000000012          0.56698729810987                         0      1
     0.92500000000116          0.56698729810987                         0      1
      0.8125000000014          0.71854174377177                         0      1
     0.37500000000268          0.91339745962257                         0      1
      0.9125000000012          0.58863793320444                         0      1
     0.93750000000116          0.58863793320444                         0      1
     0.92500000000119          0.61028856829904                         0      1
     0.58750000000152          0.37213158225894                         0      1
      0.7875000000014          0.11232396112391                         0      1
     0.80000000000137          0.09067332602929                         0      1
      0.6250000000019          0.52368602792098                         0      1
      0.1874999202314          0.41543280639221                         0      1
      0.7750000000014         0.090673326029283                         0      1
     0.17499991372586          0.43708343773079                         0      1
     0.13749543297844          0.24223036568402                         0      1
     0.19999997991786           0.3937822057577                         0      1
     0.18749999905346          0.32883031152174                         0      1
     0.17499999790664          0.30717967576501                         0      1
     0.19999999813508          0.35048094608626                         0      1
     0.14999713096235          0.26388003633837                         0      1
     0.12500000000244          0.17727586640776                         0      1
     0.10000000000249          0.17727586640781                         0      1
    0.087500000002292          0.15562523131319                         0      1
    0.075000000002479          0.17727586640783                         0      1
     0.41250000000242           0.8917468245277                         0      1
     0.71250000000155          0.93504809471701                         0      1
     0.76250004560782          0.93504806479633                         0      1
     0.33750000000262          0.93504809471722                         0      1
     0.28750000000258          0.93504809471767                         0      1
     0.13699920785344          0.93528655333673                         0      1
       0.149918018279          0.91341100921807                         0      1
     0.16240287102391           0.9350900960862                         0      1
     0.17497014821898          0.91340671811694                         0      1
     0.18747883654234          0.93505663802759                         0      1
     0.19999149746207          0.91340042659031                         0      1
     0.21249646833601          0.93504946498841                         0      1
     0.22499799430149            0.913398182496                         0      1
     0.23750000000286          0.93504809471761                         0      1
     0.83750474569174           0.9350443577777                         0      1
     0.93750000000113          0.54533666301528                         0      1
     0.42567658435812         0.046921560782951                         0      1
     0.12431607534437          0.04691589740772                         0      1
     0.78750000000135         0.068969396106018                         0      1
     0.76250000000141         0.068389032564273                         0      1
     0.68750000000151         0.068397915036041                         0      1
     0.66250000000149         0.068293785719623                         0      1
     0.65000000000148         0.090551841826736                         0      1
     0.63737951373793           0.0683147369309                         0      1
     0.71250000000152         0.068918561618175                         0      1
    0.062497062683656          0.24222944006102                         0      1
     0.93742349620645          0.24227194117793                         0      1
    0.063133952549512           0.7189077564448                         0      1
    0.046486064136442          0.69811102264534                         0      1
     0.93677768213702          0.71888198520002                         0      1
    0.062884387176593          0.54555858905353                         0      1
     0.06413719611579          0.15533943052708                         0      1
     0.61250000000144          0.84844555433854                         0      1
     0.62500000000126          0.82679491924399                         0      1
     0.57500000000164          0.61028856829886                         0      1
      0.5625000000016          0.63193920339334                         0      1
     0.61250000000128          0.89174682452745                         0      1
     0.62500000000194          0.78349364905536                         0      1
     0.80000000000136          0.78349364905552                         0      1
     0.60000000000155          0.69689110867693                         0      1
     0.61250000000176          0.71854174377159                         0      1
      0.5875000000015          0.67524047358237                         0      1
     0.68750000000146          0.41543285244802                         0      1
    0.075105658760936          0.74025338097829                         0      1
     0.35000000000219          0.56698729810987                         0      1
     0.83750000000135          0.76184301396105                         0      1
      0.3625000000021          0.54533666301531                         0      1
     0.36250000000225          0.50203539282629                         0      1
     0.35000000000232          0.48038475773175                         0      1
     0.57500000000149          0.95669872981095                         0      1
     0.33750000000229          0.58863793320443                         0      1
     0.17500000000282          0.52368602792092                         0      1
     0.18750000000279           0.5453366630154                         0      1
     0.42500000000212          0.61028856829902                         0      1
     0.43750000000207          0.63193920339356                         0      1
     0.30000000000248          0.69689110867715                         0      1
     0.35000000000256          0.87009618943373                         0      1
     0.17500000000228          0.09067332602932                         0      1
     0.18750000000226         0.068397915035736                         0      1
     0.21250000000229         0.068865266789906                         0      1
     0.91250000000109          0.37213158225885                         0      1
     0.93750000000103          0.37213158225884                         0      1
     0.85000000000128          0.39378221735343                         0      1
     0.91255336153484          0.28551891505818                         0      1
     0.93750000000118          0.28552904188058                         0      1
      0.4498260732537         0.090765189984841                         0      1
     0.46337839457606         0.069709521002526                         0      1
     0.68750000000177          0.54533666301544                         0      1
     0.67500000000164          0.52368602792087                         0      1
     0.91149247426721          0.45815242738338                         0      1
     0.70000000000179          0.74019237886632                         0      1
     0.53750000000169          0.67524047358237                         0      1
     0.80000000000146          0.56698729810991                         0      1
     0.56250000000157          0.80514428414945                         0      1
     0.81250000000142          0.54533666301533                         0      1
      0.5250000000017          0.48038475773167                         0      1
     0.52500000000169          0.43708348754259                         0      1
     0.83750000000135          0.71854174377182                         0      1
     0.80000000000141          0.17727586640772                         0      1
     0.70000000000173          0.56698729810998                         0      1
     0.31250000000256          0.84844555433916                         0      1
     0.87500000000126          0.56698729810987                         0      1
     0.25004953167359         0.090640565599005                         0      1
     0.26250496394064          0.15562146022043                         0      1
     0.27500078390897          0.17727527087578                         0      1
     0.88750000000117          0.37213158225885                         0      1
     0.62497991895756         0.090535086328239                         0      1
     0.61325488279887         0.068935987399269                         0      1
     0.75000000000153          0.13397459621848                         0      1
     0.63750000000169          0.19892650150241                         0      1
     0.62500000000169          0.22057713659699                         0      1
     0.65000000000164          0.17727586640779                         0      1
     0.43750000000217          0.80514428414949                         0      1
     0.45000000000211          0.78349364905492                         0      1
     0.43750000000223          0.93504809471643                         0      1
     0.41250000000229          0.93504809471652                         0      1
     0.41250000000231          0.84844555433885                         0      1
      0.7000000000014           0.9566987298114                         0      1
     0.19999999949511          0.30717967668222                         0      1
     0.16249876065858          0.24222847561563                         0      1
     0.12500000000268           0.9566987298123                         0      1
    0.046636360481896          0.39623119566914                         0      1
     0.06250000000303          0.37213158225914                         0      1
     0.93750000000118          0.32883031206969                         0      1
     0.93667831342624          0.46095136394332                         0      1
     0.94937206050334          0.43682160047532                         0      1
     0.94943465872368          0.60982751703678                         0      1
      0.9376665051559          0.63152513650072                         0      1
    0.046617631975699          0.17598872992973                         0      1
    0.046234759840108          0.52350345269109                         0      1
     0.96190424245176          0.58799139394221                         0      1
     0.95350194931934          0.69811397616998                         0      1
     0.93750000000135          0.67524047358272                         0      1
       0.950000000001          0.39378221735339                         0      1
    0.050121384959055          0.22028924945408                         0      1
     0.94910372264958          0.21942741245987                         0      1
     0.39999608487043         0.047052449815136                         0      1
     0.15000000000225         0.047372055840078                         0      1
    0.050569763293099           0.7404254311601                         0      1
      0.2751448718054         0.046832241533802                         0      1
     0.30033761570922         0.047143228571867                         0      1
     0.25004844573634         0.046707804722394                         0      1
     0.64981076585316         0.045569396834385                         0      1
     0.70000000000144          0.04701772092674                         0      1
     0.72500000000156         0.047372055839944                         0      1
     0.85013413533445          0.04684068854293                         0      1
     0.87533513653038          0.04714518235549                         0      1
     0.82504365445241         0.046711561744212                         0      1
     0.77500000000098         0.046110689715539                         0      1
     0.20000000000173         0.046099350805685                         0      1
    0.050000000003102          0.43708348754296                         0      1
     0.97601604093209          0.61099882954214                         0      1
     0.03754858401439          0.24099373497982                         0      1
    0.049501032703694           0.2638003415772                         0      1
    0.035904056816342          0.28564900446959                         0      1
    0.060931738921972          0.28556794237461                         0      1
     0.96235401870847          0.24082334753266                         0      1
     0.95790200276249          0.19588983409129                         0      1
     0.41260479337327         0.023649648451695                         0      1
     0.37528741665029         0.044867893119206                         0      1
     0.28758041458591         0.023784125814568                         0      1
     0.86257821197759         0.023785859279904                         0      1
     0.23750807428968          0.02340004919535                         0      1
     0.81250727574214         0.023400675365281                         0      1
      0.7125000000008         0.024371476779882                         0      1
     0.75000000000109         0.044742122706396                         0      1
     0.67498390866197         0.044604737458158                         0      1
     0.13738601255806         0.023673512888156                         0      1
     0.17500000000179         0.044741913825459                         0      1
     0.11179671171361         0.023100577349612                         0      1
    0.099004686134113         0.046795869476779                         0      1
     0.07265648503789         0.044729323803542                         0      1
    0.063208048753245          0.07176324421754                         0      1
    0.048908463980283         0.053500620330045                         0      1
    0.053887198799101         0.028913509776312                         0      1
     0.88833414001093         0.022987689912075                         0      1
     0.90316094756711         0.044715178562501                         0      1
     0.92790168013133         0.041835289183257                         0      1
     0.91716665088556         0.068871310791971                         0      1
     0.94228849343277         0.060902390307551                         0      1
     0.93804199231463         0.085674763918453                         0      1
     0.89028312410231          0.06748918698341                         0      1
     0.31328293566688         0.023073759533846                         0      1
     0.32700448792678         0.044728617546425                         0      1
     0.31474025096692         0.067370182532045                         0      1
     0.43821015906981         0.022879511407527                         0      1
     0.45172010465096         0.046112268490451                         0      1
     0.47763649918145         0.049104636115194                         0      1
     0.48768911152784         0.072143848697106                         0      1
     0.50405642096845         0.048643336581984                         0      1
     0.51213913506545         0.075754023524203                         0      1
      0.5285526835225         0.057687421011994                         0      1
     0.53679466809735         0.079909031476986                         0      1
     0.55235038202404         0.061854496263867                         0      1
     0.56135685736155         0.084368425496661                         0      1
     0.57705485270299         0.064911471475536                         0      1
     0.48779037033717         0.025214808610575                         0      1
     0.66234141858593         0.022519798102725                         0      1
     0.62412341809931         0.046196676284393                         0      1
     0.59575880959781         0.049832054074882                         0      1
     0.61116556006326         0.024457072707474                         0      1
     0.22500942000549         0.046287916998747                         0      1
     0.76249999999988         0.022529264888055                         0      1
     0.18750000000026          0.02252789015099                         0      1
     0.80000848836638         0.046307892234902                         0      1
     0.36289399668059         0.021932118495841                         0      1
      0.6375000000016          0.84844555433869                         0      1
     0.65000000000147          0.82679491924419                         0      1
     0.61250000000191          0.76184301396072                         0      1
     0.62500000000185          0.74019237886619                         0      1
     0.61250000000172          0.67524047358253                         0      1
     0.73750006555811          0.89174678148304                         0      1
     0.58750000000155          0.63193920339336                         0      1
     0.58750000000179          0.58863793320443                         0      1
      0.7625005392448          0.84844519826116                         0      1
     0.71250000000157          0.45873412263714                         0      1
     0.60000000000187          0.52368602792089                         0      1
     0.61250000000175          0.50203539282635                         0      1
     0.58750000000186           0.5453366630154                         0      1
     0.11250000000278          0.76184301396082                         0      1
      0.7000000000015          0.43708348754258                         0      1
     0.70000000000149           0.4803847577317                         0      1
    0.021650635094666          0.46250000000186                         0      1
    0.044163095962899          0.47670617978888                         0      1
     0.37500000000207          0.56698729810983                         0      1
     0.52500000000175           0.9566987298109                         0      1
      0.6750000000014          0.48038475773171                         0      1
     0.66250000000156          0.50203539282636                         0      1
     0.67500000000186          0.95669872981139                         0      1
     0.67500000000139          0.39378221735345                         0      1
     0.65000000000132          0.39378221735345                         0      1
     0.66250000000126          0.37213158225889                         0      1
     0.63750000000142           0.3721315822589                         0      1
     0.45000000000203          0.61028856829898                         0      1
     0.67500000000147          0.35048094716435                         0      1
     0.73750002149768          0.93504808060952                         0      1
    0.021650635094645          0.88749999999959                         0      1
    0.041837555117654          0.90052278350264                         0      1
    0.041681788432143          0.92508713058348                         0      1
    0.041771863804102           0.8757953342222                         0      1
     0.43750000000209          0.58863793320437                         0      1
     0.42500000000211          0.56698729810982                         0      1
     0.88749999999958          0.97834936490559                         0      1
     0.89999999999967          0.95669872981139                         0      1
     0.92499999999966          0.95669872981101                         0      1
     0.31250000000244          0.63193920339353                         0      1
     0.97838008078464          0.53742185745321                         0      1
     0.95325379244951          0.52485975684378                         0      1
      0.9566987298108          0.49999999999878                         0      1
     0.53555087633027         0.020739682278628                         0      1
     0.57500000000151          0.35048094716436                         0      1
     0.55000000000163          0.35048094716437                         0      1
     0.41250000000186          0.97834936490537                         0      1
      0.3875000000017          0.97834936490536                         0      1
     0.37500000000225          0.95669872981093                         0      1
      0.3125000000024          0.67524047358257                         0      1
     0.77500000000153          0.35048094716429                         0      1
     0.76250000000157          0.32883031206973                         0      1
     0.77500000000154          0.30717967697517                         0      1
    0.020802449875018          0.51225057545013                         0      1
     0.02252602671786          0.41062939697618                         0      1
    0.021813072918733          0.38634224598906                         0      1
     0.73750000000159          0.32883031206973                         0      1
     0.82500367117702          0.91339470155437                         0      1
     0.81250143119822          0.93504699360309                         0      1
     0.78750030623244           0.9350478667981                         0      1
     0.16250000000289          0.54533666301543                         0      1
     0.17500000000283          0.56698729810994                         0      1
     0.20000000000274          0.56698729810991                         0      1
     0.83752209860962          0.89173277881263                         0      1
     0.77500028313089          0.82679473169571                         0      1
     0.38750000000205          0.54533666301533                         0      1
     0.40000000000203          0.56698729810984                         0      1
    0.062612570344378          0.76189202302839                         0      1
    0.037928039597957          0.76212822470639                         0      1
     0.33750000000231          0.50203539282629                         0      1
      0.3250000000024          0.48038475773175                         0      1
     0.33750000000235          0.45873412263722                         0      1
     0.31250000000242          0.45873412263724                         0      1
     0.30000000000249          0.48038475773178                         0      1
     0.27500000000256          0.48038475773189                         0      1
     0.28750000000245          0.50203539282633                         0      1
      0.3000000000024           0.4370834875427                         0      1
     0.25000508212968          0.13397073533789                         0      1
     0.42500000000222          0.78349364905494                         0      1
     0.43750000000218          0.76184301396045                         0      1
     0.41250000000226          0.76184301396044                         0      1
      0.5125000000019          0.97834936490545                         0      1
     0.95033009729756          0.26369833066456                         0      1
     0.96346459326889          0.28650518708031                         0      1
     0.95147756392527          0.30711392563909                         0      1
     0.97834936490541          0.48749999999876                         0      1
     0.95744631955898          0.47556615381103                         0      1
     0.93707800179275          0.48690639844627                         0      1
      0.1624851435437         0.068470201785523                         0      1
     0.36250000000228          0.58863793320448                         0      1
     0.55000000000161          0.95669872981095                         0      1
     0.53750000000167          0.93504809471641                         0      1
    0.021395734030379          0.86263255570337                         0      1
    0.041867319854772          0.85189334633542                         0      1
    0.046911736244026          0.82616856027446                         0      1
     0.46250000000199          0.63193920339348                         0      1
    0.024207718097976         0.059023240036691                         0      1
     0.60109167612733         0.091248403049178                         0      1
     0.25000095797652          0.17727513863707                         0      1
     0.26250020736909          0.19892634396643                         0      1
     0.41250000000223          0.80514428414984                         0      1
      0.1875000000017          0.97834936490545                         0      1
     0.14998266746736         0.090571241674209                         0      1
     0.86249999999963          0.97834936490554                         0      1
     0.93733885360557          0.97844240281941                         0      1
     0.94981199587321          0.95680727404372                         0      1
     0.93746866597868           0.9348811143834                         0      1
     0.96222004363433          0.93533577130563                         0      1
     0.95070536106235          0.91293530129049                         0      1
     0.96331317291488          0.88937891985593                         0      1
     0.93831481838844          0.89064034728835                         0      1
     0.95095132106903          0.86860728624618                         0      1
     0.92607245549729          0.86922893121665                         0      1
     0.93826695699547          0.84789206514548                         0      1
     0.91334923968292          0.84777190886015                         0      1
      0.9262697884628          0.82607165687946                         0      1
     0.95453448946904          0.82547492905748                         0      1
     0.93720627529768          0.80441020784864                         0      1
     0.92396728232564          0.78378360304667                         0      1
      0.9389149262851          0.76333122750477                         0      1
     0.88808196414533          0.84798334228462                         0      1
     0.92533267784274          0.91270255334628                         0      1
     0.97693100948943          0.95932133822129                         0      1
    0.061908687769543          0.45741541602976                         0      1
    0.058910430331249          0.49998702789395                         0      1
      0.1875000000026          0.80514428414999                         0      1
      0.1750000000026          0.78349364905543                         0      1
     0.15000000000264          0.78349364905543                         0      1
     0.16250000000264          0.76184301396084                         0      1
     0.18750000000259           0.7618430139608                         0      1
     0.60000000000165          0.78349364905517                         0      1
     0.33750000000191          0.97834936490553                         0      1
     0.62500000000179          0.69689110867711                         0      1
     0.14999898273371           0.4370829002222                         0      1
     0.16249795008711          0.45873293911798                         0      1
     0.14999115647051          0.48037965191613                         0      1
    0.062500000002806          0.80514428415004                         0      1
    0.050000000002863          0.78349364905551                         0      1
      0.2375000000018          0.97834936490546                         0      1
     0.32500000000258          0.87009618943376                         0      1
     0.97877847831082           0.8125791548425                         0      1
     0.28750000000182          0.97834936490552                         0      1
     0.41250000000216          0.58863793320449                         0      1
     0.88748919294396           0.2422340111489                         0      1
    0.021791892928669          0.33689260056982                         0      1
    0.039782270051754          0.32595018474244                         0      1
    0.045626339719995          0.35020225895002                         0      1
     0.23750000000257          0.80514428414999                         0      1
      0.9786925841744          0.76360023849223                         0      1
    0.021287683554449          0.93735337536954                         0      1
    0.042877826725782          0.94982893793117                         0      1
    0.065317239170024          0.93455182457634                         0      1
    0.064535384404143          0.96147560058642                         0      1
    0.086481513220925          0.94982087875197                         0      1
    0.087761598789976          0.84821696642528                         0      1
     0.97887232478237          0.66249999999911                         0      1
     0.95460092650258          0.65148248412107                         0      1
     0.38750000000233          0.76184301396075                         0      1
     0.97759887410345          0.71158626093459                         0      1
     0.22500000000256           0.7834936490554                         0      1
    0.040615269847196          0.97682708077658                         0      1
     0.20000000000257           0.7834936490554                         0      1
     0.21250000000252          0.76184301396082                         0      1
     0.20000000000254          0.74019237886617                         0      1
     0.22500000000244          0.74019237886622                         0      1
      0.2125000000025          0.71854174377164                         0      1
     0.22500000000255          0.69689110867713                         0      1
     0.20000000000262          0.69689110867706                         0      1
      0.3000000000025          0.74019237886627                         0      1
     0.21250000000234           0.1556252313132                         0      1
     0.13750000000263          0.80514428415003                         0      1
     0.13750000000271          0.76184301396084                         0      1
    0.021650635094698          0.18750000000077                         0      1
     0.13749741283505          0.28553051004362                         0      1
     0.16249976319603          0.28552917622161                         0      1
     0.97668443596478          0.86541569258075                         0      1
     0.63749665316088          0.11228067380668                         0      1
     0.66249944219475          0.11229649920392                         0      1
     0.85000223650473          0.78349008889279                         0      1
     0.82500088227645          0.78349190894025                         0      1
     0.81250097572208          0.80514263549822                         0      1
     0.86250117649183          0.76184146940082                         0      1
     0.75000032382297          0.87009597632039                         0      1
     0.86249948763834          0.71854144795897                         0      1
    0.075064064532145          0.56702428578305                         0      1
    0.050648464934402          0.56736168951254                         0      1
    0.062618754913323          0.58870649638379                         0      1
    0.075019792488274          0.61029999549558                         0      1
    0.037938594292235           0.5887327159774                         0      1
    0.024271833072786          0.56540642223716                         0      1
     0.10000329875064          0.61029047283181                         0      1
    0.087503848541956          0.63194142534843                         0      1
     0.06250394017397           0.6319414782521                         0      1
    0.075001298121496          0.65359058795695                         0      1
    0.050239865637495          0.65439312486162                         0      1
    0.037651622683436          0.63344958441661                         0      1
      0.1000008577793          0.65359033372536                         0      1
    0.062398456471916          0.67553771962074                         0      1
     0.12500014296572          0.65358992102762                         0      1
     0.42500000000211           0.6535898384881                         0      1
    0.021568838664993          0.11250000000046                         0      1
    0.041435516931767          0.10047778925049                         0      1
    0.040935261385458          0.12514380201117                         0      1
    0.021650635094697          0.13750000000057                         0      1
     0.42500000000206          0.52368602792078                         0      1
     0.61250000000169          0.32883031206978                         0      1
     0.60000000000156          0.35048094716437                         0      1
     0.60000000000134          0.95669872981093                         0      1
     0.62500000000119          0.95669872981096                         0      1
     0.58750000000142          0.97834936490543                         0      1
     0.63750000000111          0.93504809471644                         0      1
     0.65000000000111          0.95669872981099                         0      1
     0.66250000000178           0.9350480947169                         0      1
      0.6250000000012          0.91339745962195                         0      1
     0.63750000000192          0.89174682452787                         0      1
      0.6250000000018          0.87009618943328                         0      1
     0.31250000000249          0.80514428414998                         0      1
     0.18750000000277          0.58863793320446                         0      1
     0.18749360761527          0.89174886210525                         0      1
     0.73750014384572          0.84844545947381                         0      1
     0.31250000000228          0.32883031206985                         0      1
     0.32500000000226          0.30717967697527                         0      1
     0.31250000000227           0.2855290418807                         0      1
     0.92503894847037          0.26386111772934                         0      1
     0.90000137312211           0.2638819272353                         0      1
     0.75000000000153          0.26387840678603                         0      1
     0.76250000000154           0.2855290418806                         0      1
     0.27500000000232          0.26387840678613                         0      1
     0.62500000000181          0.65358983848807                         0      1
     0.53750000000168          0.89174682452743                         0      1
     0.48750000000192          0.32883031206984                         0      1
     0.50000000000186          0.35048094716442                         0      1
     0.47500000000195          0.35048094716441                         0      1
     0.48750000000189          0.37213158225898                         0      1
     0.46250000000198          0.37213158225898                         0      1
     0.47500000000193          0.39378221735354                         0      1
     0.43750000000203          0.37213158225897                         0      1
     0.42500000000226           0.8267949192442                         0      1
     0.22500000000264          0.61028856829897                         0      1
      0.1125001667929          0.67524056987873                         0      1
     0.71250001092772          0.89174681735381                         0      1
     0.28750000000231           0.2855290418807                         0      1
     0.22500825528089         0.090641628600239                         0      1
     0.97839280864598          0.11257524676571                         0      1
     0.95750905955125          0.10023506247534                         0      1
       0.956841025391          0.12505171820669                         0      1
     0.93504809471625           0.1124999999998                         0      1
      0.9360435362609          0.13857500300025                         0      1
     0.95669872981083          0.14999999999975                         0      1
     0.42500000000215          0.69689110867714                         0      1
     0.43750000000217          0.71854174377156                         0      1
     0.43750000000211          0.67524047358255                         0      1
     0.67500000000184          0.69689110867723                         0      1
     0.66250000000189          0.71854174377176                         0      1
     0.81250753689108          0.89174191405973                         0      1
     0.57500000000172          0.17727586640784                         0      1
     0.56250000000174          0.19892650150244                         0      1
     0.53750000000176          0.19892650150244                         0      1
     0.57500000000173          0.22057713659702                         0      1
     0.55000000000175          0.22057713659702                         0      1
     0.52500000000177          0.22057713659702                         0      1
     0.56250000000174          0.24222777169157                         0      1
     0.51250000000179          0.19892650150245                         0      1
     0.50000000000181          0.22057713659702                         0      1
     0.48750000000183          0.19892650150244                         0      1
     0.47500000000185          0.22057713659702                         0      1
     0.47500000000185          0.17727586640786                         0      1
     0.60000000000171            0.220577136597                         0      1
     0.38756253062498         0.068606030354718                         0      1
     0.68750000000182          0.71854174377178                         0      1
     0.86249819882514          0.24222881160101                         0      1
     0.66250000000193          0.80514428414988                         0      1
     0.70000000000155          0.39378221735346                         0      1
     0.72500000000168          0.69689110867724                         0      1
     0.60000000000194          0.61028856829903                         0      1
     0.60000000000184          0.56698729810994                         0      1
     0.72500000000166          0.61028856829904                         0      1
     0.67499990703375          0.13397001923183                         0      1
     0.66249998450696          0.15562446848204                         0      1
     0.77500000000146          0.78349364905542                         0      1
     0.20000000000271          0.48038475773186                         0      1
     0.40000000000221          0.65358983848812                         0      1
      0.7875000000015          0.37213158225886                         0      1
     0.80000000000144          0.39378221735344                         0      1
     0.33750000000224          0.32883031206985                         0      1
     0.35000000000221          0.30717967697528                         0      1
      0.7125000000017           0.6319392033936                         0      1
     0.36250000000222          0.41543285244811                         0      1
      0.9373953434181          0.41538920460342                         0      1
     0.96186768267442          0.41433643461563                         0      1
     0.97575120435676          0.43672830195236                         0      1
     0.71250000000159          0.41543285244802                         0      1
     0.16249986129234          0.37213150217453                         0      1
     0.80000000000146          0.26387840678601                         0      1
     0.38750000000203          0.15562523131331                         0      1
     0.32500000000245          0.74019237886627                         0      1
     0.31250000000247          0.71854174377172                         0      1
     0.28750000000251          0.71854174377171                         0      1
     0.12499677967741          0.22057896570134                         0      1
     0.25000000000247          0.39378221735362                         0      1
     0.48750000000194          0.84844555433843                         0      1
     0.66250000000172          0.84844555433881                         0      1
     0.88727117029819          0.15546768801646                         0      1
     0.22500000000256          0.43708348754274                         0      1
     0.73750000000153          0.15562523131308                         0      1
     0.60000000000163          0.74019237886602                         0      1
     0.77500000000147          0.43708348754256                         0      1
     0.14999952277965          0.30717994027138                         0      1
     0.82500000000144          0.30717967697515                         0      1
     0.37500000000244          0.87009618943359                         0      1
     0.46206722731057          0.11257204564626                         0      1
     0.88733207904554          0.45863717342813                         0      1
     0.89919641529132          0.47939682874902                         0      1
     0.10001760979601          0.74020254588482                         0      1
     0.78750000000145            0.415432852448                         0      1
      0.7250000000016          0.48038475773169                         0      1
     0.40000000000208          0.30717967697529                         0      1
     0.82501175520172          0.82678430525209                         0      1
     0.47500000000194          0.61028856829889                         0      1
     0.97852540636053          0.36286736200842                         0      1
     0.95455980614559          0.35034357534378                         0      1
     0.77500000000152          0.65358983848814                         0      1
     0.38750000000218          0.45873412263719                         0      1
     0.88750912244371          0.28552794081839                         0      1
     0.16249711124647          0.11230694706474                         0      1
     0.60000000000147          0.87009618943302                         0      1
     0.76250000000152          0.37213158225887                         0      1
     0.51250000000173          0.41543285244807                         0      1
     0.37500000000215          0.35048094716442                         0      1
     0.35000000000235          0.61028856829903                         0      1
     0.42500000000198            0.220577136597                         0      1
     0.36250000000209          0.19892650150246                         0      1
     0.45000000000195          0.26387840678613                         0      1
       0.475000000002          0.74019237886592                         0      1
       0.475000000002          0.78349364905493                         0      1
     0.53750000000169          0.63193920339334                         0      1
     0.13748782001655          0.89172288928611                         0      1
     0.87500000000121          0.39378221735342                         0      1
     0.97680430050458          0.31018519047761                         0      1
     0.37500000000211          0.26387840678616                         0      1
     0.60000000000154          0.48038475773168                         0      1
     0.82500000000135          0.43708348754255                         0      1
     0.52500000000173          0.56698729810978                         0      1
      0.7750000000015          0.52368602792079                         0      1
     0.51250000000176          0.50203539282621                         0      1
       0.450000000002          0.39378221735354                         0      1
     0.47500000000201          0.87009618943293                         0      1
     0.43739888342866          0.11238061920372                         0      1
     0.97957814640813         0.063946996641717                         0      1
     0.17500000000281          0.61028856829901                         0      1
     0.31250000000234          0.41543285244813                         0      1
    0.049735519759162          0.61078041901383                         0      1
     0.32500000000237          0.61028856829898                         0      1
     0.30000000000245          0.65358983848805                         0      1
     0.83750000000133          0.50203539282621                         0      1
     0.27500000000243          0.52368602792086                         0      1
     0.50000000000185          0.26387840678612                         0      1
     0.27500000000249          0.65358983848804                         0      1
     0.26250000000239          0.37213158225903                         0      1
     0.23750000000247          0.37213158225908                         0      1
     0.52500000000175          0.69689110867689                         0      1
     0.68750000000159          0.24222777169147                         0      1
     0.78750000000146          0.50203539282622                         0      1
     0.53750000000169          0.76184301396042                         0      1
    0.021650635094461          0.68750000000078                         0      1
     0.30000000000223          0.22057713659704                         0      1
     0.52500000000177          0.17727586640785                         0      1
     0.87498892750005          0.22058352930845                         0      1
     0.72500002397568          0.82679490343358                         0      1
     0.63750000000189          0.71854174377171                         0      1
     0.15000000000291          0.56698729810999                         0      1
     0.63750000000114          0.97834936490553                         0      1
     0.91434409047088          0.15309300984669                         0      1
     0.55000000000162          0.82679491924394                         0      1
    0.022056808559397          0.71194243384108                         0      1
     0.42500000000205          0.39378221735353                         0      1
     0.43750000000203          0.50203539282624                         0      1
     0.68750000000178          0.63193920339361                         0      1
     0.65000000000192          0.74019237886627                         0      1
     0.35000000000238          0.69689110867719                         0      1
     0.22500000000264           0.5669872981099                         0      1
     0.71250000000173          0.76184301396085                         0      1
     0.66250000000186          0.58863793320455                         0      1
     0.21250000000268          0.54533666301539                         0      1
     0.53750000000169          0.80514428414943                         0      1
     0.37500139788819           0.1339721160948                         0      1
     0.80000000000149          0.30717967697515                         0      1
     0.53750000000165          0.45873412263713                         0      1
     0.63750000000134          0.41543285244801                         0      1
     0.31250000000234          0.58863793320442                         0      1
     0.46250000000198          0.54533666301528                         0      1
     0.55000000000161          0.91339745962192                         0      1
     0.52500000000174          0.91339745962191                         0      1
     0.58750000000148          0.41543285244803                         0      1
     0.51113655830492          0.11356768090414                         0      1
       0.262564117169          0.11227750999475                         0      1
     0.97834936490545          0.13749999999974                         0      1
     0.45000000000198          0.43708348754263                         0      1
      0.6250000000017          0.26387840678608                         0      1
     0.46250000000196          0.32883031206984                         0      1
     0.53750000000165          0.37213158225895                         0      1
     0.28750000000241          0.58863793320442                         0      1
     0.56250000000159          0.67524047358237                         0      1
     0.78750000000149          0.58863793320447                         0      1
     0.92599059913598          0.52454089958503                         0      1
     0.82500000000139           0.1772758664077                         0      1
     0.32503721775259          0.13392771233652                         0      1
     0.82500000000138          0.52368602792077                         0      1
     0.62500000000138          0.39378221735348                         0      1
     0.57500000000172          0.52368602792079                         0      1
     0.70000000000174          0.61028856829906                         0      1
     0.18749996472648          0.37213156189234                         0      1
     0.95000000000113          0.56698729810986                         0      1
     0.36250000000227          0.45873412263721                         0      1
     0.81249999999991          0.97834936490554                         0      1
     0.35000000000212          0.17727586640789                         0      1
     0.55000000000164          0.69689110867688                         0      1
     0.73750000000152          0.19892650150228                         0      1
     0.33750000000251          0.84844555433911                         0      1
     0.36250163086924          0.15562233783538                         0      1
     0.80000000000144          0.52368602792078                         0      1
     0.76250000000026          0.97834936490563                         0      1
     0.86250000000129          0.54533666301531                         0      1
     0.55000000000165          0.56698729810978                         0      1
     0.56252467141525          0.10978507268708                         0      1
     0.26250000000251          0.50203539282635                         0      1
     0.32500000000243          0.69689110867716                         0      1
     0.78750000000149          0.28552904188059                         0      1
     0.82500000000142          0.65358983848818                         0      1
     0.81250000000142          0.67524047358273                         0      1
     0.72500000000159          0.30717967697518                         0      1
      0.7250000000015         0.090655971143171                         0      1
     0.67500000000162          0.26387840678605                         0      1
     0.25000000000246          0.35048094716449                         0      1
     0.78750000000147          0.71854174377177                         0      1
     0.55000000000164          0.65358983848785                         0      1
     0.72500000000169          0.74019237886632                         0      1
     0.25000000000256          0.78349364905541                         0      1
     0.50000000000181          0.48038475773168                         0      1
     0.10006873358622           0.3505226884582                         0      1
    0.074563925437538          0.26392387141737                         0      1
    0.074457809421137          0.30690536145106                         0      1
     0.15000000000285          0.74019237886617                         0      1
     0.41250000000207          0.54533666301531                         0      1
     0.83751495460726          0.11231423740747                         0      1
      0.4500000000019          0.17727586640786                         0      1
     0.30000000000253          0.82679491924456                         0      1
     0.25000000000259          0.87009618943377                         0      1
     0.88750000000132          0.63193920339359                         0      1
     0.91249956083305          0.67524022002884                         0      1
     0.43750000000207          0.54533666301529                         0      1
     0.81250000000143          0.58863793320446                         0      1
      0.7500000000015          0.17727586640769                         0      1
     0.57500000000173          0.56698729810986                         0      1
     0.15000000000241          0.17727586640772                         0      1
     0.32500000000245           0.6535898384881                         0      1
     0.32500000000226          0.35048094716443                         0      1
     0.33750000000244          0.80514428414994                         0      1
     0.12495647205036          0.52366089704587                         0      1
     0.55000000000163          0.78349364905493                         0      1
     0.10006006890163          0.13399978633009                         0      1
     0.21250000000268          0.58863793320444                         0      1
     0.78750000000147          0.67524047358269                         0      1
      0.8250000000014          0.56698729810989                         0      1
     0.31250000000261          0.93504809471754                         0      1
     0.32500000000236          0.43708348754269                         0      1
     0.33750799084688          0.15561436517476                         0      1
     0.86250000000126          0.37213158225887                         0      1
     0.71250000000173          0.71854174377178                         0      1
     0.81250000000139            0.415432852448                         0      1
     0.46250000000207          0.76184301396044                         0      1
      0.2625000000026          0.89174682452837                         0      1
     0.51250000000175          0.45873412263714                         0      1
     0.87500000000133          0.35048094716424                         0      1
     0.46250000000188          0.19892650150244                         0      1
     0.36250000000218          0.32883031206987                         0      1
     0.57500000000155          0.65358983848786                         0      1
     0.60000000000145          0.39378221735349                         0      1
     0.46250000000211          0.93504809471639                         0      1
     0.66250000000162           0.2422277716915                         0      1
     0.83750000000135          0.54533666301532                         0      1
     0.90000000000127          0.35048094716423                         0      1
     0.10001874403591          0.39379303922619                         0      1
     0.57500000000158          0.78349364905499                         0      1
     0.72500000000165          0.56698729810995                         0      1
    0.087239718933536           0.4584099930387                         0      1
     0.81250000000142          0.19892650150229                         0      1
      0.9257599676919          0.35045805186085                         0      1
    0.076660689483226           0.1346374287964                         0      1
     0.35000000000228          0.43708348754267                         0      1
     0.60000000000161          0.65358983848793                         0      1
     0.68750000000177          0.58863793320453                         0      1
     0.37500000000214          0.30717967697529                         0      1
     0.45000000000191            0.220577136597                         0      1
     0.46250000000211          0.84844555433846                         0      1
     0.71250000000168          0.54533666301539                         0      1
     0.21250000000263          0.67524047358257                         0      1
     0.14999797000496          0.87009220022674                         0      1
     0.82503874560431         0.090649291470324                         0      1
     0.68750000000156          0.50203539282628                         0      1
     0.85000000000133          0.56698729810988                         0      1
     0.46250000000193          0.41543285244809                         0      1
     0.70000000000166          0.52368602792083                         0      1
     0.32500144999864          0.17727396559688                         0      1
     0.86250000000131          0.58863793320444                         0      1
     0.71250000000169          0.58863793320451                         0      1
     0.50000000000178          0.43708348754262                         0      1
     0.78750000000145          0.19892650150229                         0      1
     0.56250000000161          0.97834936490551                         0      1
     0.30000119964247          0.17727482183524                         0      1
     0.46250000000189          0.24222777169157                         0      1
    0.087534343384291          0.37215175340972                         0      1
     0.81253644663394         0.068709669530106                         0      1
     0.32500000000249          0.82679491924454                         0      1
     0.88750000000126          0.58863793320444                         0      1
     0.28750000000225           0.1989265015025                         0      1
     0.80000000000143          0.69689110867724                         0      1
     0.66250000000161          0.32883031206975                         0      1
     0.36250000000217          0.28552904188072                         0      1
     0.75000000000156          0.30717967697517                         0      1
     0.57500000000174          0.26387840678611                         0      1
     0.77500000000146          0.17727586640771                         0      1
     0.16247792735623          0.89174631139781                         0      1
     0.48750000000184          0.24222777169156                         0      1
     0.67499999741915          0.17727573926921                         0      1
     0.33750000000222          0.28552904188072                         0      1
    0.022240857805643          0.81287617379426                         0      1
      0.1499860326874           0.5236779638876                         0      1
      0.5125000000018          0.24222777169155                         0      1
     0.48750000000184          0.41543285244808                         0      1
     0.58750000000173          0.24222777169155                         0      1
     0.32500000000223          0.26387840678616                         0      1
     0.61250000000171          0.24222777169154                         0      1
     0.90000000000126          0.61028856829901                         0      1
     0.53750000000176          0.24222777169155                         0      1
     0.83750000000136          0.37213158225887                         0      1
     0.63749999741919          0.15562510417467                         0      1
     0.62500000000145          0.48038475773167                         0      1
     0.40000000000225          0.95669872981089                         0      1
     0.55000000000176          0.26387840678612                         0      1
     0.82500000000137          0.39378221735343                         0      1
     0.36250000000244          0.84844555433907                         0      1
     0.30000000000228          0.26387840678616                         0      1
     0.63750000000167          0.24222777169153                         0      1
     0.84999991460753          0.69689105937515                         0      1
     0.65000000000162          0.22057713659696                         0      1
    0.074791074467284          0.35073718966751                         0      1
     0.19999893460473          0.87009652902992                         0      1
     0.31250000000238          0.50203539282632                         0      1
     0.66249999957121          0.19892648031259                         0      1
     0.28750000000228          0.24222777169158                         0      1
      0.3500000000022          0.52368602792082                         0      1
     0.82499998576909          0.69689110046025                         0      1
     0.18750000000271          0.67524047358255                         0      1
     0.37500000000211          0.52368602792082                         0      1
     0.53750000000175          0.32883031206982                         0      1
     0.76250000000148          0.15562523131311                         0      1
     0.91252775086038          0.63187019224479                         0      1
     0.64999933071952          0.13396189351962                         0      1
     0.17500000000275          0.69689110867706                         0      1
     0.56250000000168           0.3288303120698                         0      1
     0.47500000000196          0.65358983848794                         0      1
     0.45000000000205          0.65358983848802                         0      1
     0.16248948553813           0.5020293222974                         0      1
     0.77500000000145          0.13397459621853                         0      1
      0.2124970056648          0.89174783569726                         0      1
     0.84999959832626          0.74019177632467                         0      1
     0.27500003456341          0.22057711034102                         0      1
     0.50000000000181          0.39378221735355                         0      1
     0.92579912389243          0.65315805749439                         0      1
     0.25000004032365            0.220577105965                         0      1
     0.17499907122691          0.48038422150292                         0      1
     0.18749948917466          0.45873382771061                         0      1
     0.61250000000157          0.11232396112407                         0      1
     0.23750020094605          0.19892634884594                         0      1
     0.45000000000209          0.69689110867702                         0      1
     0.76250000000146           0.1123239611239                         0      1
     0.51250000000177          0.37213158225898                         0      1
      0.2374991666628          0.89174711353535                         0      1
     0.30000000000237          0.52368602792085                         0      1
     0.61250000000149          0.37213158225891                         0      1
     0.23750183400898          0.15562383802251                         0      1
      0.6250000000016           0.3504809471643                         0      1
     0.65000000000175          0.52368602792096                         0      1
     0.75000000000146         0.090564823819856                         0      1
     0.65000000000157          0.35048094716429                         0      1
     0.45000000000212          0.74019237886599                         0      1
     0.52500000000176           0.3504809471644                         0      1
     0.19999988718997          0.43708342241032                         0      1
      0.2375211643763          0.11230483281241                         0      1
     0.78750052896009          0.80514376623871                         0      1
      0.2375435758845         0.068679272863528                         0      1
     0.73750000000142         0.068440427948636                         0      1
     0.45000000000211          0.95669872981088                         0      1
     0.17500000000269          0.74019237886614                         0      1
     0.38750000000252          0.89174682452793                         0      1
     0.21249998191858           0.4154328420074                         0      1
     0.40000000000222          0.74019237886608                         0      1
     0.21249999991798          0.28552904183181                         0      1
     0.18750000000266          0.71854174377161                         0      1
     0.24999982756336           0.9133975210831                         0      1
     0.22499999834669          0.39378221639765                         0      1
     0.11314216567083          0.97845047977517                         0      1
      0.2624999712628          0.93504810496058                         0      1
     0.42500000000222          0.74019237886607                         0      1
     0.21249999018854          0.37213157659294                         0      1
     0.43750000000225          0.84844555433859                         0      1
     0.18749996008683          0.28552906401216                         0      1
     0.17499979344522          0.22057725391758                         0      1
    0.087514324522653          0.76185031341384                         0      1
     0.72500003022679          0.91339743978067                         0      1
     0.14999846112745          0.22057801065385                         0      1
     0.42500000000212          0.95669872981091                         0      1
     0.22499999805562          0.35048094604046                         0      1
      0.1374992068025          0.19892695202923                         0      1
     0.42500000000234          0.87009618943311                         0      1
     0.21249999912407          0.32883031156262                         0      1
     0.22499999982749          0.30717967687414                         0      1
     0.11249933108177          0.19892688144089                         0      1
     0.40000000000239          0.87009618943337                         0      1
     0.63750000000163          0.50203539282641                         0      1
    0.087499468898858          0.19892680316395                         0      1
      0.1749992691515          0.26387882177753                         0      1
     0.18749963721045          0.24222797773087                         0      1
    0.062500000002818          0.19892650150247                         0      1
     0.61250000000149          0.80514428414966                         0      1
     0.68750000000078          0.97834936490598                         0      1
     0.63750000000153          0.80514428414978                         0      1
     0.71250000000061          0.97834936490599                         0      1
     0.40000000000256          0.91339745962218                         0      1
     0.72500000358368          0.95669872746027                         0      1
     0.75000000841559          0.95669872429026                         0      1
      0.7750000600427            0.956698685918                         0      1
     0.38750000000264          0.93504809471653                         0      1
     0.80000029957887          0.95669850099041                         0      1
     0.82500107941134           0.9566978853324                         0      1
     0.36250000000261          0.93504809471669                         0      1
      0.8500014615817           0.9566975135479                         0      1
     0.35000000000242          0.95669872981117                         0      1
     0.32500000000248          0.95669872981123                         0      1
     0.30000000000253          0.95669872981118                         0      1
     0.27499999521236          0.95669873151856                         0      1
     0.87500213744698          0.95669690679328                         0      1
     0.24999999441405           0.9566987318031                         0      1
     0.88750000000006           0.9350480947172                         0      1
     0.22499941045984          0.95669895852181                         0      1
      0.1999957858907          0.95670042019326                         0      1
     0.17497958224382          0.95670743565482                         0      1
     0.91256560344278          0.93487738316461                         0      1
     0.14989694352121          0.95674692411693                         0      1
     0.13758985153291          0.97837424976832                         0      1
     0.92490513965242          0.74013761121859                         0      1
     0.94910523477436          0.73953967365582                         0      1
     0.91319173598552          0.89098556984227                         0      1
     0.90054493389056          0.82639906512575                         0      1
     0.96018940993958          0.77616385885311                         0      1
    0.063633400935743          0.11250000000045                         0      1
     0.91087763808399          0.11166892039781                         0      1
     0.97644309996384         0.038736596715391                         0      1
     0.58501880120198         0.024714969790638                         0      1
     0.97974490671628          0.18734275489253                         0      1
     0.33870866655433         0.066824724118695                         0      1
     0.47411826006281         0.091706115717257                         0      1
     0.07662348994017         0.091610648382003                         0      1
     0.93795231439174         0.020324267336765                         0      1
      0.0628489627973          0.88927036684642                         0      1
     0.93493801714474          0.19953920656792                         0      1
     0.35085773890664         0.044626643872949                         0      1
     0.56767806623392         0.043987370588052                         0      1
     0.95878838171397          0.17291571299398                         0      1
    0.041325768133717          0.14955240615264                         0      1
    0.042918790140598         0.077105271556002                         0      1
    0.062449286617525          0.32847135885503                         0      1
    0.040176908585434          0.20000000000083                         0      1
     0.95959444944855         0.075501059496472                         0      1
    0.040435224580131            0.674940879965                         0      1
     0.96056491310219          0.67496738677441                         0      1
    0.065316119007629          0.84681966727362                         0      1
    0.039831357664309          0.37356854005673                         0      1
     0.95947231978911          0.37387961424417                         0      1
    0.034339155317542         0.019865699223229                         0      1
     0.49833474280493         0.093127345852532                         0      1
     0.95140270675384         0.039354788136647                         0      1
     0.96049125874717           0.8499236419646                         0      1
      0.9381509962543          0.16173093775444                         0      1
     0.95933979292867          0.32718447632928                         0      1
     0.95973741829938          0.79937892934942                         0      1
     0.04836830028695          0.30594560762722                         0      1
     0.04113801602367          0.54786603069923                         0      1
     0.95906172022246          0.54786252448527                         0      1
    0.041098164619571          0.80263466209255                         0      1
     0.95848986427885          0.72111589606515                         0      1
    0.041224368339858          0.72167084917938                         0      1
     0.54400605116523         0.041207694724158                         0      1
    0.017078966120747          0.63750000000113                         0      1
    0.016889206625286          0.23789553105293                         0      1
     0.98303530899834          0.23749999999945                         0      1
     0.95921349924392          0.62826679343995                         0      1
     0.98289660345358          0.41307240489771                         0      1
     0.06310915488758           0.9830040996925                         0      1
     0.98332170610972          0.93697828158164                         0      1
    0.041490824798139          0.41938476747706                         0      1
    0.016683931894964          0.58750000000147                         0      1
     0.98313492165873          0.58758726461202                         0      1
    0.016672421744045          0.76250000000026                         0      1
     0.98355680667231          0.88850493248225                         0      1
     0.58044508142873         0.090485546716614                         0      1
     0.10473956405906          0.95943511839392                         0      1
    0.087649278418065          0.92916691802284                         0      1
     0.93758404320484          0.50731673795784                         0      1
     0.52311092353704         0.095090671457066                         0      1
    0.040504084589065          0.45454878013312                         0      1
     0.95955404958971          0.45494555892773                         0      1
    0.015587535004319          0.28714868640115                         0      1
     0.98446550561206          0.28735313494978                         0      1
     0.52493320639703         0.037985753938274                         0      1
     0.98169872981071         0.018301270189258                         0      1
      0.9816987298107          0.98169872981071                         0      1
    0.018301270189298           0.9816987298107                         0      1
    0.018118625637405         0.018118625637446                         0      1
    0.038123057050252           0.4999894471652                         0      1
     0.91942117923277          0.47701812931048                         0      1
     0.96032686541392          0.75604446370518                         0      1
     0.91988835399129         0.093828961073077                         0      1
     0.91818897863254          0.12912682858366                         0      1
     0.59409721207037         0.072831593098532                         0      1
     0.96186137920143         0.055688366259556                         0      1
     0.54612766273889         0.096270210993072                         0      1
     0.05697910917278           0.1369920165036                         0      1
     0.94255761028137          0.18267469688425                         0      1
    0.057773540947371          0.86435413108453                         0      1
    0.069578958649017         0.017563596412911                         0      1
     0.94359411722425          0.78626753449066                         0      1
    0.056698729812384          0.91249999999958                         0      1
    0.057857931404167         0.090598632058323                         0      1
    0.037825684623261         0.038183785484101                         0      1
 Edges
 160
 1 5 1
 5 6 1
 6 7 1
 7 8 1
 8 9 1
 9 10 1
 10 11 1
 11 12 1
 12 13 1
 13 14 1
 14 15 1
 15 16 1
 16 17 1
 17 18 1
 18 19 1
 19 20 1
 20 21 1
 21 22 1
 22 23 1
 23 24 1
 24 25 1
 25 26 1
 26 27 1
 27 28 1
 28 29 1
 29 30 1
 30 31 1
 31 32 1
 32 33 1
 33 34 1
 34 35 1
 35 36 1
 36 37 1
 37 38 1
 38 39 1
 39 40 1
 40 41 1
 41 42 1
 42 43 1
 43 2 1
 2 44 2
 44 45 2
 45 46 2
 46 47 2
 47 48 2
 48 49 2
 49 50 2
 50 51 2
 51 52 2
 52 53 2
 53 54 2
 54 55 2
 55 56 2
 56 57 2
 57 58 2
 58 59 2
 59 60 2
 60 61 2
 61 62 2
 62 63 2
 63 64 2
 64 65 2
 65 66 2
 66 67 2
 67 68 2
 68 69 2
 69 70 2
 70 71 2
 71 72 2
 72 73 2
 73 74 2
 74 75 2
 75 76 2
 76 77 2
 77 78 2
 78 79 2
 79 80 2
 80 81 2
 81 82 2
 82 3 2
 3 83 3
 83 84 3
 84 85 3
 85 86 3
 86 87 3
 87 88 3
 88 89 3
 89 90 3
 90 91 3
 91 92 3
 92 93 3
 93 94 3
 94 95 3
 95 96 3
 96 97 3
 97 98 3
 98 99 3
 99 100 3
 100 101 3
 101 102 3
 102 103 3
 103 104 3
 104 105 3
 105 106 3
 106 107 3
 107 108 3
 108 109 3
 109 110 3
 110 111 3
 111 112 3
 112 113 3
 113 114 3
 114 115 3
 115 116 3
 116 117 3
 117 118 3
 118 119 3
 119 120 3
 120 121 3
 121 4 3
 4 122 4
 122 123 4
 123 124 4
 124 125 4
 125 126 4
 126 127 4
 127 128 4
 128 129 4
 129 130 4
 130 131 4
 131 132 4
 132 133 4
 133 134 4
 134 135 4
 135 136 4
 136 137 4
 137 138 4
 138 139 4
 139 140 4
 140 141 4
 141 142 4
 142 143 4
 143 144 4
 144 145 4
 145 146 4
 146 147 4
 147 148 4
 148 149 4
 149 150 4
 150 151 4
 151 152 4
 152 153 4
 153 154 4
 154 155 4
 155 156 4
 156 157 4
 157 158 4
 158 159 4
 159 160 4
 160 1 4
 Triangles
 3720
 1400 215 1401 1
 163 1189 1196 1
 855 854 1330 1
 1121 1260 1261 1
 210 1134 1152 1
 1135 216 1156 1
 1362 1132 1775 1
 1401 215 1900 1
 1647 1878 1893 1
 1570 1048 1580 1
 1131 207 1364 1
 1260 1121 1907 1
 183 1128 1378 1
 1129 202 1259 1
 1178 700 1181 1
 210 1152 1901 1
 1156 216 1902 1
 1133 165 1495 1
 1315 1317 1381 1
 1300 936 1883 1
 1122 1352 1752 1
 1526 1081 1693 1
 27 28 1865 1
 1878 1351 1893 1
 196 1171 1937 1
 1123 1526 1693 1
 1223 889 1330 1
 1247 1035 1610 1
 1189 163 1921 1
 936 1300 1342 1
 1128 183 1876 1
 139 202 1395 1
 1752 1352 1878 1
 700 1178 1929 1
 854 1129 1330 1
 889 855 1330 1
 1127 1362 1775 1
 199 1130 1618 1
 889 1223 1329 1
 1187 204 1196 1
 186 1322 1346 1
 1186 204 1187 1
 196 1170 1171 1
 219 1274 1343 1
 1315 1381 1911 1
 1290 1289 1544 1
 1131 1364 1897 1
 1580 1048 1898 1
 1199 1195 1874 1
 1189 1187 1196 1
 1495 165 1904 1
 29 172 1200 1
 81 82 1328 1
 120 121 1366 1
 28 1200 1865 1
 1171 1174 1937 1
 173 1138 1274 1
 1132 1362 1882 1
 1037 895 1170 1
 892 1036 1186 1
 23 24 1196 1
 175 1139 1141 1
 15 16 1160 1
 1160 16 1182 1
 16 17 1182 1
 20 21 1158 1
 1158 21 1185 1
 21 22 1185 1
 9 10 1167 1
 9 1167 1169 1
 8 9 1169 1
 39 40 1175 1
 38 39 1161 1
 1161 39 1175 1
 184 1145 1147 1
 32 33 1164 1
 1247 1610 1915 1
 168 1394 1557 1
 138 139 1395 1
 757 893 1184 1
 695 898 1181 1
 202 1129 1894 1
 216 1135 1157 1
 1149 220 1201 1
 220 1149 1203 1
 212 1148 1202 1
 1148 212 1204 1
 1142 172 1197 1
 1865 1199 1874 1
 13 14 1162 1
 1168 1078 1294 1
 1165 1039 1798 1
 36 37 1163 1
 1040 1041 1166 1
 68 170 1151 1
 67 68 1151 1
 1299 1300 1883 1
 1346 1322 1892 1
 900 1159 1474 1
 1043 1107 1198 1
 194 1313 1314 1
 193 1358 1359 1
 60 61 1496 1
 1173 1302 1941 1
 753 755 1867 1
 1180 1450 1452 1
 1159 900 1873 1
 1302 221 1941 1
 209 1154 1893 1
 1328 82 1923 1
 1366 121 1924 1
 166 1136 1159 1
 172 1142 1198 1
 880 1155 1646 1
 1129 1259 1926 1
 172 1198 1200 1
 28 29 1200 1
 178 1153 1154 1
 1288 176 1289 1
 194 1314 1315 1
 1130 199 1909 1
 900 1867 1873 1
 1154 209 1919 1
 1544 1289 1920 1
 1086 892 1186 1
 895 896 1170 1
 1174 6 1937 1
 200 27 1865 1
 1124 1292 1293 1
 1140 1183 1184 1
 1146 1176 1181 1
 1378 1128 1879 1
 211 1143 1166 1
 175 1141 1162 1
 1137 188 1168 1
 184 1147 1163 1
 1144 180 1165 1
 1159 1136 1474 1
 1142 1043 1198 1
 24 163 1196 1
 204 23 1196 1
 178 1152 1153 1
 1156 176 1288 1
 6 1174 1886 1
 1136 166 1158 1
 166 20 1158 1
 1139 175 1160 1
 175 15 1160 1
 196 8 1169 1
 211 32 1164 1
 1143 211 1164 1
 184 38 1161 1
 1145 184 1161 1
 40 190 1175 1
 17 213 1182 1
 188 1137 1167 1
 10 188 1167 1
 22 204 1185 1
 33 180 1164 1
 180 1144 1164 1
 1274 219 1910 1
 1084 1289 1290 1
 893 1140 1184 1
 755 757 1184 1
 700 695 1181 1
 898 1146 1181 1
 1198 1107 1199 1
 1169 1037 1170 1
 1146 1175 1176 1
 1140 1182 1183 1
 1036 1185 1186 1
 1176 1178 1181 1
 61 203 1496 1
 220 1162 1201 1
 1149 1168 1203 1
 1148 1165 1202 1
 212 1163 1204 1
 1166 1142 1197 1
 14 175 1162 1
 220 13 1162 1
 1149 1078 1168 1
 1137 1168 1294 1
 1144 1165 1798 1
 1148 1039 1165 1
 212 36 1163 1
 37 184 1163 1
 1143 1040 1166 1
 1041 1142 1166 1
 1401 168 1557 1
 1150 198 1907 1
 1084 1288 1289 1
 919 1359 1914 1
 1359 919 1913 1
 1395 202 1894 1
 1048 1570 1881 1
 207 1131 1882 1
 1352 1351 1878 1
 755 1184 1867 1
 1123 772 1290 1
 215 1400 1881 1
 1155 1153 1646 1
 1155 1647 1893 1
 1155 880 1647 1
 824 821 1859 1
 1051 1128 1876 1
 1322 186 1889 1
 772 1084 1290 1
 1318 822 1320 1
 179 1858 1897 1
 818 815 1326 1
 200 1874 1899 1
 1352 1122 1884 1
 1081 1526 1885 1
 1453 1578 1930 1
 173 1274 1910 1
 1134 210 1879 1
 1178 1180 1929 1
 1323 826 1324 1
 1578 1453 1890 1
 1321 826 1323 1
 1321 1320 1860 1
 1138 173 1898 1
 1327 1312 1854 1
 222 1864 1888 1
 1394 168 1908 1
 1320 822 1326 1
 219 1343 1896 1
 1124 1293 1927 1
 1121 1261 1884 1
 165 1133 1885 1
 199 1618 1895 1
 1858 179 1928 1
 1249 200 1899 1
 1327 824 1859 1
 822 818 1326 1
 815 813 1326 1
 1154 1153 1155 1
 1315 1314 1316 1
 826 1321 1860 1
 193 1359 1913 1
 1194 1195 1912 1
 198 1150 1917 1
 1198 1199 1200 1
 824 1327 1854 1
 1314 1312 1327 1
 166 1159 1205 1
 60 1496 1904 1
 1086 1186 1187 1
 1170 896 1171 1
 821 822 1859 1
 900 753 1867 1
 1888 1864 1932 1
 1630 1194 1912 1
 809 808 1324 1
 826 809 1324 1
 198 1260 1907 1
 1322 1323 1892 1
 30 31 1197 1
 1038 1204 1718 1
 34 35 1202 1
 11 12 1203 1
 1079 1201 1797 1
 196 1169 1170 1
 1175 190 1176 1
 1182 213 1183 1
 1185 204 1186 1
 1912 1195 1931 1
 18 19 1205 1
 1526 1123 1891 1
 1315 1316 1317 1
 822 1318 1859 1
 1324 808 1325 1
 1162 1141 1201 1
 1168 188 1203 1
 1163 1147 1204 1
 1165 180 1202 1
 211 1166 1197 1
 172 30 1197 1
 31 211 1197 1
 1204 1147 1718 1
 1038 1148 1204 1
 180 34 1202 1
 35 212 1202 1
 12 220 1203 1
 188 11 1203 1
 1201 1141 1797 1
 1079 1149 1201 1
 1316 1314 1327 1
 1180 1452 1929 1
 19 166 1205 1
 213 18 1205 1
 1086 1187 1188 1
 1171 896 1172 1
 1358 193 1905 1
 1313 194 1906 1
 874 879 1647 1
 880 874 1647 1
 1176 190 1177 1
 1195 1199 1931 1
 1317 1316 1318 1
 1188 1187 1189 1
 1171 1172 1173 1
 1176 1177 1178 1
 1317 1318 1319 1
 1171 1173 1174 1
 1188 1189 1190 1
 1178 1177 1179 1
 1319 1318 1320 1
 1190 1189 1191 1
 1178 1179 1180 1
 1319 1320 1321 1
 1190 1191 1192 1
 187 1866 1875 1
 1319 1321 1322 1
 1192 1191 1193 1
 1322 1321 1323 1
 1192 1193 1194 1
 1194 1193 1195 1
 773 1206 1507 1
 1206 1207 1507 1
 1207 462 1507 1
 1052 1421 1531 1
 987 1336 1689 1
 117 1808 1856 1
 987 1208 1336 1
 1209 1208 1511 1
 1208 987 1511 1
 1060 1209 1511 1
 1209 1060 1575 1
 1228 217 1417 1
 1059 1210 1338 1
 1210 529 1338 1
 716 1477 1833 1
 1213 535 1480 1
 1054 1213 1480 1
 1216 1218 1615 1
 917 1235 1816 1
 1218 775 1615 1
 776 1216 1615 1
 1216 776 1217 1
 1217 776 1546 1
 904 1416 1419 1
 1228 1417 1418 1
 1214 938 1270 1
 904 1419 1420 1
 905 1214 1270 1
 1416 904 1418 1
 1206 773 1421 1
 462 1207 1477 1
 1419 1056 1420 1
 906 907 1815 1
 1417 1416 1418 1
 1420 1056 1421 1
 1336 805 1689 1
 1421 1056 1531 1
 1052 1206 1421 1
 1211 520 1388 1
 520 1211 1446 1
 1386 911 1523 1
 908 1062 1220 1
 1220 1062 1497 1
 918 1215 1221 1
 1388 520 1425 1
 1214 1388 1425 1
 650 1212 1480 1
 1060 1338 1575 1
 1060 1059 1338 1
 1274 1273 1343 1
 1273 907 1343 1
 1212 1054 1480 1
 1215 918 1220 1
 1088 1227 1705 1
 650 1434 1696 1
 775 1218 1659 1
 1743 798 1826 1
 918 908 1220 1
 1062 1478 1497 1
 529 1210 1434 1
 1212 650 1696 1
 938 1214 1425 1
 1272 1241 1348 1
 1062 1229 1478 1
 1229 458 1478 1
 1252 1744 1818 1
 1218 1481 1659 1
 535 1213 1481 1
 1235 1021 1816 1
 458 1229 1231 1
 458 1231 1234 1
 1434 1210 1696 1
 928 905 1270 1
 1334 1377 1648 1
 688 1065 1385 1
 1065 1384 1385 1
 640 1448 1795 1
 1481 1213 1659 1
 1219 777 1377 1
 777 1219 1519 1
 1477 1207 1833 1
 928 1386 1523 1
 657 1284 1306 1
 1375 945 1787 1
 1284 657 1286 1
 1386 928 1796 1
 1456 1455 1781 1
 1306 1112 1443 1
 928 1270 1796 1
 161 225 226 1
 1284 1112 1306 1
 1335 1334 1800 1
 1286 657 1363 1
 1377 777 1648 1
 539 1221 1521 1
 161 103 225 1
 1070 1295 1535 1
 1217 1546 1743 1
 162 142 1222 1
 1250 384 1412 1
 1112 994 1443 1
 907 1273 1815 1
 1003 1250 1412 1
 798 778 1226 1
 1070 1064 1295 1
 417 1371 1372 1
 162 1222 1223 1
 1221 1215 1521 1
 418 421 1370 1
 1303 1106 1779 1
 806 1387 1772 1
 1558 958 1595 1
 125 126 1236 1
 588 589 1760 1
 1227 1226 1705 1
 86 87 1242 1
 1227 1088 1789 1
 1058 688 1385 1
 543 1233 1240 1
 1225 201 1287 1
 1233 1073 1240 1
 1385 911 1386 1
 1384 1065 1387 1
 417 1370 1371 1
 1559 1245 1661 1
 440 455 1780 1
 1245 790 1661 1
 1281 1561 1631 1
 1448 1102 1795 1
 391 389 1280 1
 421 1368 1370 1
 1221 539 1705 1
 1224 796 1295 1
 796 1272 1348 1
 1296 1069 1714 1
 796 1224 1272 1
 201 1225 1296 1
 327 458 1234 1
 102 103 161 1
 324 327 1234 1
 141 142 162 1
 1515 1076 1747 1
 798 1226 1227 1
 167 1413 1414 1
 174 1834 1836 1
 417 418 1370 1
 313 384 1766 1
 945 1283 1787 1
 926 1264 1265 1
 1280 1281 1631 1
 1414 1417 1577 1
 1705 539 1708 1
 926 1263 1264 1
 257 1301 1524 1
 1301 1233 1524 1
 1413 167 1415 1
 654 1456 1781 1
 167 1414 1577 1
 778 918 1226 1
 421 1365 1368 1
 104 197 225 1
 1064 1224 1295 1
 143 198 1222 1
 483 1278 1279 1
 1233 543 1524 1
 1266 1267 1576 1
 1241 1272 1649 1
 1071 1733 1769 1
 107 169 1253 1
 853 1048 1403 1
 146 171 1261 1
 384 1250 1766 1
 1070 1535 1558 1
 1278 483 1282 1
 589 1271 1760 1
 164 64 1246 1
 1417 217 1577 1
 164 1246 1247 1
 1240 1073 1348 1
 791 1266 1576 1
 1255 962 1632 1
 141 162 1259 1
 1232 1788 1791 1
 1253 169 1254 1
 704 1267 1423 1
 1239 1298 1299 1
 163 25 1249 1
 1267 704 1576 1
 1744 1115 1818 1
 1228 1117 1832 1
 1236 126 1298 1
 556 1489 1520 1
 556 1488 1489 1
 102 161 1287 1
 1075 1255 1632 1
 1256 1488 1532 1
 1649 1410 1656 1
 1488 556 1532 1
 704 1423 1555 1
 1263 926 1460 1
 1636 712 1725 1
 1070 1558 1595 1
 924 1333 1376 1
 636 1303 1779 1
 929 1296 1297 1
 1733 989 1769 1
 201 101 1287 1
 389 483 1280 1
 335 1256 1532 1
 830 910 1418 1
 1271 589 1649 1
 667 1515 1747 1
 1242 87 1309 1
 202 140 1259 1
 1832 1117 1834 1
 328 326 1262 1
 918 1221 1226 1
 1256 335 1257 1
 414 417 1372 1
 1022 916 1265 1
 98 99 1415 1
 1245 958 1558 1
 412 414 1372 1
 1211 917 1816 1
 140 141 1259 1
 790 1245 1558 1
 203 1291 1292 1
 101 102 1287 1
 1754 793 1785 1
 103 104 225 1
 225 197 1799 1
 1255 1559 1661 1
 142 143 1222 1
 455 1304 1780 1
 1334 1648 1800 1
 1269 1263 1460 1
 1241 1240 1348 1
 1387 1065 1772 1
 161 227 1287 1
 819 817 1269 1
 104 105 197 1
 1239 1236 1298 1
 1078 1077 1294 1
 143 144 198 1
 192 125 1236 1
 167 98 1415 1
 909 536 1481 1
 126 127 1298 1
 484 475 1363 1
 1232 1786 1788 1
 1217 1743 1826 1
 916 926 1265 1
 63 64 164 1
 927 853 1403 1
 1502 1075 1632 1
 191 86 1242 1
 24 25 163 1
 1253 1254 1744 1
 87 88 1309 1
 201 1296 1714 1
 1294 1077 1308 1
 227 1225 1287 1
 1069 1415 1714 1
 1457 1405 1768 1
 1334 1333 1377 1
 161 226 227 1
 773 1420 1421 1
 391 1280 1631 1
 483 1279 1280 1
 1701 1087 1708 1
 1333 924 1377 1
 819 1269 1460 1
 889 1329 1691 1
 65 199 1246 1
 1423 935 1555 1
 927 1399 1402 1
 860 1340 1341 1
 26 200 1249 1
 127 182 1298 1
 1282 1556 1671 1
 1382 1383 1764 1
 1231 1232 1791 1
 335 328 1262 1
 198 144 1260 1
 1459 1458 1475 1
 1329 964 1691 1
 1080 1687 1693 1
 1448 1079 1797 1
 925 1459 1475 1
 1105 1679 1687 1
 1272 1271 1649 1
 801 800 1741 1
 192 1236 1237 1
 88 181 1309 1
 817 820 1269 1
 1296 1225 1297 1
 1257 335 1262 1
 197 105 1252 1
 860 1339 1340 1
 1081 1080 1693 1
 653 904 1420 1
 1080 1105 1687 1
 63 164 1291 1
 324 1234 1723 1
 387 385 1282 1
 223 1311 1328 1
 1673 800 1679 1
 910 1228 1418 1
 773 653 1420 1
 1372 1371 1373 1
 1399 927 1403 1
 1075 1502 1503 1
 203 62 1291 1
 1069 1413 1415 1
 191 1242 1243 1
 483 387 1282 1
 646 1389 1750 1
 1241 1649 1656 1
 1363 499 1803 1
 927 1402 1445 1
 1333 659 1376 1
 585 1457 1768 1
 1424 1028 1728 1
 1237 1236 1239 1
 904 830 1418 1
 989 858 1341 1
 1088 804 1789 1
 1353 1365 1643 1
 657 484 1363 1
 1105 1673 1679 1
 807 810 1387 1
 671 887 1360 1
 223 1310 1311 1
 62 63 1291 1
 164 1248 1291 1
 929 1069 1296 1
 1485 1058 1796 1
 1444 935 1667 1
 64 65 1246 1
 858 860 1341 1
 65 66 199 1
 25 26 1249 1
 1365 421 1643 1
 951 1479 1674 1
 962 1255 1661 1
 106 107 1253 1
 1331 1332 1367 1
 945 640 1795 1
 224 1355 1356 1
 475 499 1363 1
 536 535 1481 1
 1278 1282 1671 1
 1262 326 1636 1
 1291 1248 1292 1
 1218 909 1481 1
 26 27 200 1
 145 146 1261 1
 1365 1367 1368 1
 1520 1489 1675 1
 1262 1636 1725 1
 1808 1120 1856 1
 1389 1097 1750 1
 1432 934 1633 1
 224 1356 1366 1
 1575 1459 1584 1
 1454 1451 1602 1
 589 1410 1649 1
 625 1100 1345 1
 531 528 1434 1
 1282 385 1556 1
 1209 1575 1584 1
 1260 145 1261 1
 1624 1100 1719 1
 810 1384 1387 1
 189 158 1302 1
 1071 1266 1733 1
 1288 1084 1429 1
 1332 1335 1367 1
 1252 106 1253 1
 511 507 1404 1
 1067 588 1760 1
 1058 1385 1386 1
 1455 1457 1781 1
 206 114 1307 1
 825 931 1034 1
 321 324 1723 1
 1275 1067 1757 1
 935 1423 1667 1
 1331 659 1332 1
 1458 951 1475 1
 171 1350 1352 1
 1379 1380 1513 1
 537 1430 1529 1
 169 108 1337 1
 1281 1754 1785 1
 860 861 1339 1
 1757 1067 1760 1
 164 1247 1248 1
 1369 1800 1805 1
 641 1308 1530 1
 1442 1551 1581 1
 191 1244 1310 1
 611 659 1331 1
 707 1438 1440 1
 1380 1013 1513 1
 507 509 1404 1
 358 1701 1708 1
 707 1440 1442 1
 113 206 1344 1
 911 814 1523 1
 537 1349 1430 1
 1393 1397 1398 1
 622 1424 1728 1
 1350 1351 1352 1
 1429 1083 1430 1
 1087 1088 1708 1
 76 186 1346 1
 85 191 1310 1
 1402 1404 1445 1
 205 110 1347 1
 661 1468 1470 1
 1076 1345 1624 1
 669 625 1345 1
 697 897 1308 1
 861 864 1339 1
 170 1361 1362 1
 1435 1597 1598 1
 385 295 1556 1
 285 290 1442 1
 680 924 1376 1
 1389 806 1772 1
 1258 1432 1633 1
 806 807 1387 1
 615 680 1376 1
 1551 541 1581 1
 796 789 1295 1
 1084 1083 1429 1
 515 630 1396 1
 1310 1244 1311 1
 621 1382 1764 1
 1219 906 1815 1
 171 147 1350 1
 929 1297 1597 1
 1459 925 1584 1
 187 1454 1602 1
 468 461 1476 1
 1088 1705 1708 1
 1426 1490 1662 1
 897 1294 1308 1
 576 578 1572 1
 1398 1401 1557 1
 1116 666 1443 1
 1406 189 1407 1
 659 613 1376 1
 661 1470 1472 1
 416 415 1503 1
 820 825 1269 1
 1150 964 1329 1
 170 69 1361 1
 290 707 1442 1
 924 1219 1377 1
 124 125 192 1
 455 1375 1787 1
 878 1014 1617 1
 179 73 1354 1
 1308 1077 1530 1
 1767 585 1768 1
 1475 951 1674 1
 159 221 1302 1
 528 529 1434 1
 1393 1396 1397 1
 207 71 1364 1
 906 768 907 1
 159 160 221 1
 680 675 768 1
 1396 630 1397 1
 1484 972 1730 1
 1057 716 1833 1
 501 945 1375 1
 603 442 1652 1
 1332 659 1333 1
 1076 1624 1747 1
 665 1462 1463 1
 650 531 1434 1
 825 1034 1263 1
 602 604 1353 1
 1073 795 1348 1
 615 626 675 1
 157 189 1406 1
 602 1353 1643 1
 1786 1412 1788 1
 615 675 680 1
 907 1342 1343 1
 1430 1083 1529 1
 795 796 1348 1
 820 823 825 1
 1404 509 1445 1
 1280 1279 1281 1
 503 1702 1759 1
 816 817 819 1
 1556 706 1671 1
 224 123 1355 1
 1349 537 1476 1
 1597 1297 1598 1
 470 501 1375 1
 415 1075 1503 1
 897 895 1037 1
 115 185 1307 1
 680 768 906 1
 1137 1037 1167 1
 183 155 1409 1
 937 1405 1457 1
 572 574 1472 1
 611 613 659 1
 1311 1313 1328 1
 814 815 816 1
 1336 1057 1831 1
 641 697 1308 1
 1384 911 1385 1
 706 1493 1695 1
 897 1037 1137 1
 628 515 1396 1
 464 479 1573 1
 1406 1408 1409 1
 609 611 1331 1
 227 226 228 1
 816 815 817 1
 210 153 1378 1
 1050 769 1390 1
 665 1461 1462 1
 833 1624 1719 1
 930 851 1076 1
 574 661 1472 1
 1350 209 1351 1
 1263 1034 1264 1
 109 205 1337 1
 932 1331 1367 1
 697 895 897 1
 827 819 828 1
 1332 1333 1334 1
 42 43 222 1
 768 936 1342 1
 915 1211 1388 1
 593 595 1634 1
 441 1374 1501 1
 1050 1390 1391 1
 85 86 191 1
 613 615 1376 1
 1393 1398 1557 1
 1799 197 1818 1
 1367 1335 1368 1
 115 116 185 1
 630 511 1404 1
 537 468 1476 1
 496 698 1508 1
 666 497 1306 1
 1502 1374 1503 1
 177 112 1344 1
 412 1372 1702 1
 223 84 1310 1
 208 75 1346 1
 488 641 1530 1
 1438 707 1605 1
 873 1379 1513 1
 1116 1443 1812 1
 111 177 1347 1
 1295 789 1535 1
 907 768 1342 1
 852 851 930 1
 873 875 1379 1
 979 976 1383 1
 1311 1244 1312 1
 885 1007 1009 1
 674 806 1389 1
 613 614 615 1
 938 1425 1574 1
 915 914 916 1
 825 823 931 1
 339 1433 1447 1
 913 914 915 1
 107 108 169 1
 1490 963 1662 1
 405 406 1444 1
 1465 1464 1467 1
 812 911 1384 1
 915 916 917 1
 446 938 1574 1
 113 114 206 1
 816 819 827 1
 76 77 186 1
 671 764 887 1
 186 77 1381 1
 852 930 999 1
 1402 630 1404 1
 493 480 1611 1
 905 828 913 1
 917 916 1022 1
 84 85 1310 1
 1397 630 1402 1
 1107 1106 1303 1
 1501 1374 1502 1
 148 209 1350 1
 74 208 1354 1
 317 705 1411 1
 851 669 1345 1
 109 110 205 1
 827 828 905 1
 712 1432 1725 1
 422 419 1374 1
 607 609 932 1
 1339 1009 1340 1
 1106 1382 1779 1
 442 1422 1652 1
 932 609 1331 1
 1442 1440 1551 1
 768 675 936 1
 1431 934 1432 1
 917 1022 1235 1
 812 814 911 1
 1383 976 1483 1
 47 48 1449 1
 1406 1407 1408 1
 523 371 1479 1
 70 207 1361 1
 712 342 1431 1
 1365 932 1367 1
 983 1634 1635 1
 461 464 1476 1
 72 179 1364 1
 1368 1335 1369 1
 810 812 1384 1
 111 112 177 1
 661 576 1572 1
 870 878 1498 1
 831 652 1446 1
 74 75 208 1
 146 147 171 1
 144 145 1260 1
 1255 538 1559 1
 905 913 1214 1
 1831 1057 1833 1
 1476 464 1573 1
 604 607 1353 1
 157 158 189 1
 807 809 810 1
 419 416 1503 1
 611 612 613 1
 666 1306 1443 1
 965 964 1150 1
 302 295 385 1
 913 828 914 1
 989 1341 1769 1
 386 385 387 1
 470 487 501 1
 652 519 1446 1
 1462 1464 1465 1
 386 387 388 1
 885 946 1007 1
 934 429 1499 1
 983 593 1634 1
 853 1047 1048 1
 1353 932 1365 1
 692 765 853 1
 1111 1484 1730 1
 156 1406 1409 1
 924 906 1219 1
 342 349 1431 1
 285 1442 1581 1
 828 819 1460 1
 433 422 441 1
 864 885 1339 1
 1405 937 1487 1
 751 900 1474 1
 1292 1248 1293 1
 148 149 209 1
 1436 472 1437 1
 295 291 1556 1
 68 69 170 1
 913 915 1388 1
 497 484 657 1
 70 71 207 1
 1398 1400 1401 1
 762 1079 1448 1
 406 409 1444 1
 864 866 885 1
 72 73 179 1
 504 505 506 1
 840 1110 1473 1
 294 297 1605 1
 156 157 1406 1
 512 648 692 1
 853 765 1047 1
 506 507 511 1
 281 955 1493 1
 388 387 389 1
 854 769 1050 1
 291 287 706 1
 973 972 1483 1
 1483 972 1484 1
 951 523 1479 1
 433 445 1422 1
 395 1058 1485 1
 1106 1042 1382 1
 502 503 504 1
 283 281 1493 1
 580 582 1461 1
 1379 1015 1380 1
 108 109 1337 1
 124 192 1355 1
 272 270 1582 1
 788 839 1487 1
 1015 1010 1119 1
 114 115 1307 1
 501 639 640 1
 578 665 1572 1
 1043 1106 1107 1
 154 183 1378 1
 665 580 1461 1
 674 767 806 1
 463 475 484 1
 40 41 190 1
 646 674 1389 1
 712 1431 1432 1
 158 159 1302 1
 692 648 765 1
 1468 661 1572 1
 445 457 463 1
 1415 99 1714 1
 1391 1392 1394 1
 514 511 515 1
 388 389 390 1
 509 512 1445 1
 463 457 475 1
 658 527 1458 1
 814 813 815 1
 445 441 457 1
 607 608 609 1
 409 411 502 1
 501 487 639 1
 110 111 1347 1
 849 669 851 1
 112 113 1344 1
 307 472 1436 1
 506 505 507 1
 672 627 1542 1
 875 882 1379 1
 333 339 1447 1
 390 391 392 1
 150 151 178 1
 302 385 386 1
 1214 913 1388 1
 515 511 630 1
 1390 763 1392 1
 441 422 1374 1
 370 524 1492 1
 496 644 698 1
 625 616 1100 1
 929 920 1069 1
 1391 1394 1395 1
 433 441 445 1
 910 1021 1117 1
 197 1252 1818 1
 390 389 391 1
 502 935 1444 1
 480 465 1611 1
 640 762 1448 1
 440 454 455 1
 1371 1369 1805 1
 105 106 1252 1
 640 639 762 1
 504 503 505 1
 658 1458 1459 1
 1413 921 1414 1
 1079 1078 1149 1
 1398 1397 1399 1
 75 76 1346 1
 475 476 499 1
 598 601 832 1
 976 973 1483 1
 882 1010 1015 1
 769 693 1390 1
 1490 1491 1681 1
 915 917 1211 1
 152 153 210 1
 810 811 812 1
 1042 979 1383 1
 371 373 1479 1
 423 440 1780 1
 653 652 830 1
 762 1078 1079 1
 499 500 731 1
 521 519 652 1
 830 831 910 1
 1391 1390 1392 1
 147 148 1350 1
 1463 1462 1465 1
 368 370 1492 1
 966 1410 1582 1
 1398 1399 1400 1
 1374 419 1503 1
 29 30 172 1
 920 921 1413 1
 233 235 1435 1
 497 657 1306 1
 697 699 895 1
 1125 1495 1496 1
 607 932 1353 1
 454 470 1375 1
 1355 1238 1356 1
 1426 486 1427 1
 817 818 820 1
 970 971 1510 1
 1043 1042 1106 1
 693 763 1390 1
 878 1012 1014 1
 154 155 183 1
 944 1429 1430 1
 1455 937 1457 1
 693 628 763 1
 69 70 1361 1
 377 382 383 1
 710 711 920 1
 462 453 473 1
 1508 698 1578 1
 502 411 503 1
 667 666 1116 1
 1046 1288 1429 1
 1356 1238 1357 1
 995 836 1098 1
 431 430 446 1
 373 375 376 1
 750 751 1474 1
 31 32 211 1
 885 1009 1339 1
 692 927 1445 1
 1125 1494 1495 1
 502 504 935 1
 1298 182 1299 1
 983 1635 1668 1
 1438 1437 1439 1
 1478 331 1497 1
 711 1056 1419 1
 609 610 611 1
 1030 1028 1424 1
 1392 763 1393 1
 409 502 1444 1
 1069 920 1413 1
 707 294 1605 1
 473 518 519 1
 516 515 628 1
 315 317 1411 1
 1369 1335 1800 1
 1440 1439 1441 1
 1356 1358 1366 1
 1370 1369 1371 1
 473 519 521 1
 615 614 626 1
 647 940 942 1
 499 476 500 1
 839 1405 1487 1
 77 78 1381 1
 83 84 223 1
 278 275 587 1
 782 937 1455 1
 521 652 653 1
 287 283 1493 1
 920 711 921 1
 882 883 1010 1
 313 315 384 1
 365 367 368 1
 392 393 397 1
 1096 738 1593 1
 450 447 453 1
 118 119 193 1
 361 363 364 1
 450 462 1477 1
 33 34 180 1
 383 382 430 1
 847 672 1542 1
 311 313 1766 1
 647 939 940 1
 854 1050 1129 1
 922 1455 1456 1
 944 1046 1429 1
 376 375 377 1
 692 853 927 1
 1551 1441 1707 1
 942 940 943 1
 35 36 212 1
 301 486 1426 1
 800 1673 1741 1
 383 430 431 1
 1332 1334 1335 1
 370 369 371 1
 812 813 814 1
 538 413 1563 1
 527 525 1458 1
 1453 1451 1454 1
 344 380 1433 1
 1436 1437 1438 1
 519 520 1446 1
 1076 851 1345 1
 506 511 514 1
 392 391 393 1
 653 830 904 1
 512 692 1445 1
 1313 1312 1314 1
 317 319 705 1
 897 1137 1294 1
 71 72 1364 1
 935 504 1555 1
 882 1015 1379 1
 307 309 472 1
 466 482 708 1
 731 500 732 1
 870 877 878 1
 1075 538 1255 1
 475 457 476 1
 922 782 1455 1
 37 38 184 1
 1140 1139 1160 1
 910 1117 1228 1
 731 732 782 1
 329 331 1478 1
 397 398 434 1
 431 446 447 1
 893 1139 1140 1
 708 709 710 1
 450 453 462 1
 467 461 468 1
 405 1444 1667 1
 944 943 1046 1
 427 429 934 1
 479 491 647 1
 1125 888 1494 1
 384 1411 1412 1
 368 367 369 1
 971 974 1510 1
 1349 944 1430 1
 305 307 1436 1
 514 515 516 1
 73 74 1354 1
 368 369 370 1
 885 866 946 1
 324 326 327 1
 763 628 1396 1
 888 749 1494 1
 364 363 365 1
 1438 1439 1440 1
 1140 1160 1182 1
 806 767 807 1
 934 1499 1633 1
 473 521 1507 1
 521 773 1507 1
 830 652 831 1
 710 709 711 1
 235 466 1435 1
 1138 1273 1274 1
 849 851 852 1
 1463 1465 1466 1
 270 966 1582 1
 710 920 929 1
 1463 1466 1468 1
 467 468 469 1
 339 344 1433 1
 512 513 648 1
 153 154 1378 1
 942 943 944 1
 893 894 1139 1
 1167 1037 1169 1
 327 328 329 1
 1046 1135 1156 1
 370 371 523 1
 384 315 1411 1
 321 323 324 1
 1345 1100 1624 1
 731 782 922 1
 501 640 945 1
 155 156 1409 1
 525 951 1458 1
 785 788 1487 1
 344 379 380 1
 349 427 1431 1
 351 353 1521 1
 910 831 1021 1
 389 387 483 1
 455 454 1375 1
 415 413 538 1
 533 650 1480 1
 324 323 326 1
 1461 933 1462 1
 509 510 512 1
 1382 1042 1383 1
 542 434 1071 1
 1690 364 1711 1
 439 461 467 1
 427 428 429 1
 327 326 328 1
 1468 1469 1470 1
 691 840 933 1
 1074 1233 1301 1
 641 643 697 1
 716 451 1477 1
 1468 1466 1469 1
 629 628 693 1
 439 449 461 1
 356 358 539 1
 604 606 607 1
 1426 1427 1490 1
 507 508 509 1
 1479 376 1674 1
 397 393 398 1
 1071 1072 1266 1
 1516 571 1553 1
 1299 182 1300 1
 473 453 518 1
 469 468 477 1
 735 748 1610 1
 694 693 769 1
 429 436 439 1
 955 279 1528 1
 794 1501 1502 1
 708 482 709 1
 596 594 662 1
 762 1077 1078 1
 301 333 486 1
 457 441 1501 1
 680 906 924 1
 529 658 1338 1
 933 840 1473 1
 757 761 893 1
 498 497 666 1
 1216 909 1218 1
 1007 946 1011 1
 958 407 1607 1
 525 523 951 1
 1036 891 1136 1
 1451 1449 1602 1
 466 708 1435 1
 957 407 958 1
 1036 1136 1158 1
 1535 790 1558 1
 940 939 941 1
 1046 1156 1288 1
 299 301 1426 1
 706 287 1493 1
 451 450 1477 1
 839 1073 1074 1
 469 477 478 1
 1482 368 1492 1
 1047 1063 1138 1
 519 518 520 1
 524 523 525 1
 227 228 229 1
 472 1761 1793 1
 1435 708 1597 1
 329 330 331 1
 582 691 1461 1
 458 329 1478 1
 446 517 938 1
 373 376 1479 1
 535 533 1480 1
 528 527 529 1
 349 425 427 1
 506 514 1555 1
 448 447 450 1
 840 1109 1110 1
 1208 1057 1336 1
 292 291 295 1
 329 328 330 1
 526 525 527 1
 490 489 632 1
 1462 933 1464 1
 582 620 691 1
 782 783 937 1
 478 477 489 1
 634 635 750 1
 1394 1392 1557 1
 810 809 811 1
 875 881 882 1
 1488 990 1489 1
 1046 943 1135 1
 1470 1469 1471 1
 588 587 589 1
 529 527 658 1
 533 531 650 1
 950 1520 1675 1
 649 1052 1531 1
 278 587 588 1
 626 671 1360 1
 514 704 1555 1
 774 716 1057 1
 1490 1427 1491 1
 1436 1438 1605 1
 365 368 1482 1
 319 320 321 1
 397 434 542 1
 788 795 839 1
 974 977 1108 1
 470 471 487 1
 691 838 840 1
 916 914 926 1
 691 933 1461 1
 1085 1516 1553 1
 427 934 1431 1
 1071 434 1072 1
 479 647 1573 1
 478 489 490 1
 275 272 1582 1
 751 753 900 1
 1041 979 1042 1
 715 451 716 1
 632 670 771 1
 878 877 1012 1
 892 891 1036 1
 429 428 436 1
 461 449 464 1
 321 322 323 1
 948 990 1488 1
 782 732 783 1
 439 436 449 1
 348 341 1567 1
 415 538 1075 1
 570 584 634 1
 1025 847 1026 1
 540 983 1527 1
 589 587 1410 1
 839 795 1073 1
 749 901 1494 1
 524 525 526 1
 526 527 528 1
 771 772 1123 1
 1215 351 1521 1
 1074 1073 1233 1
 298 295 302 1
 373 374 375 1
 785 787 788 1
 569 568 570 1
 1010 883 1504 1
 327 329 458 1
 288 287 291 1
 325 342 712 1
 930 1076 1515 1
 566 565 568 1
 550 554 1517 1
 1358 1357 1359 1
 974 1108 1510 1
 337 347 350 1
 518 453 1574 1
 331 336 337 1
 356 357 358 1
 632 489 670 1
 760 750 891 1
 647 491 939 1
 1452 1451 1453 1
 313 314 315 1
 748 633 1518 1
 891 750 1474 1
 1726 312 1745 1
 1012 1013 1118 1
 432 422 433 1
 331 330 336 1
 740 738 1096 1
 670 489 1529 1
 586 679 986 1
 783 785 1487 1
 317 318 319 1
 364 365 1482 1
 227 229 1225 1
 315 316 317 1
 789 787 1535 1
 595 598 1634 1
 1583 802 1616 1
 771 670 772 1
 377 381 382 1
 750 635 751 1
 937 783 1487 1
 856 858 989 1
 516 628 629 1
 570 568 584 1
 1256 948 1488 1
 1031 1030 1032 1
 299 1426 1662 1
 616 603 1652 1
 658 1459 1575 1
 561 562 563 1
 957 958 1245 1
 634 584 635 1
 467 469 656 1
 901 1081 1133 1
 564 563 565 1
 840 838 1109 1
 1368 1369 1370 1
 1414 1416 1417 1
 446 430 517 1
 350 347 351 1
 337 346 347 1
 370 523 524 1
 311 312 313 1
 559 560 561 1
 839 1074 1405 1
 1427 486 1428 1
 297 305 1605 1
 1275 793 1754 1
 277 280 541 1
 876 862 964 1
 1036 1158 1185 1
 488 618 641 1
 1094 956 1626 1
 427 425 428 1
 466 481 482 1
 788 789 795 1
 634 750 760 1
 655 490 800 1
 323 322 325 1
 728 778 798 1
 554 701 1517 1
 365 366 367 1
 1400 1399 1403 1
 1266 1072 1267 1
 785 786 787 1
 561 563 564 1
 715 716 774 1
 429 439 1499 1
 1029 1028 1030 1
 350 1220 1497 1
 454 456 470 1
 803 553 1547 1
 1027 1026 1028 1
 477 468 537 1
 337 336 346 1
 565 567 1500 1
 1124 888 1125 1
 477 537 1529 1
 948 801 990 1
 788 787 789 1
 358 359 1701 1
 350 351 1215 1
 282 285 1581 1
 353 356 1521 1
 440 443 454 1
 1052 1053 1206 1
 629 693 694 1
 1139 894 1141 1
 1492 1583 1616 1
 701 749 888 1
 467 656 1499 1
 359 360 361 1
 774 1057 1208 1
 586 986 1569 1
 986 679 987 1
 423 435 440 1
 893 761 894 1
 1559 538 1563 1
 1278 1276 1279 1
 276 275 278 1
 901 1133 1494 1
 398 393 399 1
 691 620 838 1
 321 320 322 1
 409 410 411 1
 689 459 984 1
 462 473 1507 1
 655 800 801 1
 361 362 363 1
 1092 956 1094 1
 122 123 224 1
 309 310 311 1
 1083 670 1529 1
 447 446 1574 1
 701 684 749 1
 1464 933 1473 1
 749 797 901 1
 250 249 251 1
 760 891 892 1
 478 490 655 1
 547 548 549 1
 549 548 550 1
 554 684 701 1
 307 308 309 1
 564 565 566 1
 1494 1133 1495 1
 1224 1271 1272 1
 532 531 533 1
 950 1512 1520 1
 551 550 1517 1
 398 399 400 1
 638 573 1516 1
 379 396 423 1
 123 124 1355 1
 486 333 1447 1
 686 536 909 1
 371 372 373 1
 901 1080 1081 1
 303 296 452 1
 459 348 1567 1
 534 533 535 1
 964 862 1691 1
 330 328 335 1
 1068 1067 1275 1
 566 568 569 1
 1136 891 1474 1
 651 588 1067 1
 448 450 451 1
 431 447 448 1
 282 284 285 1
 547 546 548 1
 337 350 1497 1
 350 1215 1220 1
 530 528 531 1
 19 20 166 1
 836 493 1611 1
 569 570 571 1
 735 633 748 1
 351 352 353 1
 305 306 307 1
 772 1083 1084 1
 358 357 359 1
 954 452 1522 1
 549 550 551 1
 882 881 883 1
 353 352 354 1
 248 246 249 1
 545 546 547 1
 1230 1594 1614 1
 1425 518 1574 1
 942 944 1349 1
 710 929 1597 1
 256 254 257 1
 740 1096 1533 1
 392 397 1486 1
 568 565 1500 1
 554 683 684 1
 559 561 1536 1
 795 789 796 1
 277 541 1603 1
 331 337 1497 1
 633 551 1518 1
 664 991 1537 1
 1006 909 1216 1
 949 948 1256 1
 827 905 928 1
 550 553 554 1
 347 346 1512 1
 319 318 320 1
 244 242 245 1
 1041 1042 1043 1
 354 544 545 1
 551 1517 1518 1
 1064 1066 1224 1
 950 544 1512 1
 607 606 608 1
 351 347 352 1
 240 239 241 1
 575 573 638 1
 346 336 556 1
 400 1586 1589 1
 1224 1066 1271 1
 489 477 1529 1
 356 539 1521 1
 655 947 1514 1
 278 588 651 1
 656 469 1514 1
 1089 888 1124 1
 397 542 1486 1
 260 258 261 1
 783 784 785 1
 762 639 1077 1
 1414 921 1416 1
 561 564 1536 1
 634 760 1553 1
 787 786 790 1
 545 544 546 1
 1225 229 1297 1
 1072 434 1589 1
 565 563 567 1
 1064 792 1066 1
 500 476 794 1
 79 80 194 1
 354 352 544 1
 333 338 339 1
 921 711 1419 1
 701 888 1089 1
 571 570 1553 1
 711 709 1056 1
 664 746 991 1
 807 808 809 1
 550 548 553 1
 326 323 1636 1
 507 505 508 1
 960 1054 1055 1
 439 467 1499 1
 682 792 1064 1
 235 237 466 1
 842 759 843 1
 883 886 1504 1
 238 236 239 1
 701 1089 1517 1
 291 706 1556 1
 344 378 379 1
 339 343 344 1
 390 392 394 1
 301 332 333 1
 549 551 552 1
 521 653 773 1
 961 559 1536 1
 649 779 1052 1
 281 279 955 1
 546 544 950 1
 561 560 562 1
 420 419 422 1
 787 790 1535 1
 901 797 1080 1
 1068 1275 1276 1
 229 228 230 1
 682 1064 1070 1
 1595 958 1607 1
 534 535 536 1
 749 684 797 1
 714 451 715 1
 552 551 633 1
 554 553 683 1
 478 655 1514 1
 741 663 742 1
 947 801 948 1
 400 399 401 1
 544 352 1512 1
 682 681 792 1
 1594 727 1614 1
 557 558 559 1
 1592 1258 1633 1
 1410 587 1582 1
 296 293 1522 1
 557 559 961 1
 250 251 252 1
 742 663 1545 1
 651 1067 1068 1
 1512 346 1520 1
 772 670 1083 1
 1392 1393 1557 1
 58 59 165 1
 656 1592 1633 1
 870 871 877 1
 382 395 1485 1
 609 608 610 1
 778 908 918 1
 236 234 1506 1
 500 794 1585 1
 1586 1268 1589 1
 837 836 995 1
 352 347 1512 1
 1517 1089 1518 1
 1349 1476 1573 1
 559 558 560 1
 260 261 262 1
 553 548 1547 1
 655 801 947 1
 751 752 753 1
 286 283 287 1
 549 552 1560 1
 285 284 289 1
 683 803 1082 1
 240 241 242 1
 526 528 530 1
 785 784 786 1
 683 553 803 1
 570 634 1553 1
 545 547 713 1
 1450 1449 1451 1
 512 510 513 1
 1085 892 1086 1
 558 452 954 1
 248 249 250 1
 1822 1118 1823 1
 346 556 1520 1
 991 746 992 1
 1440 1441 1551 1
 256 257 258 1
 530 531 532 1
 376 377 1642 1
 271 273 444 1
 509 508 510 1
 1047 765 1063 1
 408 407 957 1
 532 533 534 1
 547 549 1560 1
 1671 706 1695 1
 733 1651 1680 1
 1634 832 1635 1
 504 506 1555 1
 843 759 1612 1
 949 1256 1257 1
 753 754 755 1
 722 724 725 1
 1093 730 1579 1
 17 18 213 1
 274 272 275 1
 297 296 303 1
 755 756 757 1
 584 568 1500 1
 586 678 679 1
 780 1060 1511 1
 233 1435 1598 1
 1492 524 1583 1
 578 580 665 1
 686 909 1006 1
 315 314 316 1
 1052 779 1053 1
 313 312 314 1
 792 681 793 1
 402 404 405 1
 780 1059 1060 1
 1681 1491 1698 1
 613 612 614 1
 282 283 284 1
 262 261 263 1
 452 296 1522 1
 356 355 357 1
 725 726 728 1
 317 316 318 1
 805 730 1093 1
 469 478 1514 1
 760 1085 1553 1
 258 257 1524 1
 330 335 1532 1
 573 571 1516 1
 403 401 474 1
 495 493 836 1
 864 865 866 1
 591 681 682 1
 395 688 1058 1
 1118 1013 1813 1
 306 304 340 1
 386 388 522 1
 406 408 409 1
 280 282 1581 1
 1055 1054 1212 1
 238 239 240 1
 244 245 246 1
 960 1055 1541 1
 259 258 260 1
 265 268 676 1
 558 954 1545 1
 262 264 265 1
 294 293 296 1
 957 1245 1559 1
 280 281 282 1
 1113 1284 1285 1
 261 258 1524 1
 956 360 1549 1
 1006 1216 1217 1
 56 57 214 1
 293 289 660 1
 466 237 481 1
 778 729 908 1
 482 481 649 1
 569 571 572 1
 514 516 704 1
 1585 794 1632 1
 564 733 1536 1
 572 1472 1651 1
 718 720 776 1
 246 245 1539 1
 1026 847 1542 1
 299 300 301 1
 249 246 1539 1
 582 583 620 1
 665 1463 1572 1
 265 266 268 1
 1206 1053 1207 1
 947 948 949 1
 563 562 1537 1
 266 264 267 1
 728 729 778 1
 1080 797 1105 1
 814 816 1523 1
 239 236 1506 1
 1012 877 1013 1
 492 496 1508 1
 353 355 356 1
 485 484 497 1
 290 289 293 1
 987 679 1511 1
 256 258 259 1
 751 635 752 1
 817 815 818 1
 57 58 1525 1
 715 774 1584 1
 311 310 312 1
 552 633 734 1
 685 536 686 1
 1109 838 1111 1
 908 912 1062 1
 783 732 784 1
 482 649 1531 1
 601 645 646 1
 360 357 1549 1
 253 252 254 1
 895 699 896 1
 997 835 1035 1
 247 555 586 1
 598 600 601 1
 265 264 266 1
 591 474 681 1
 757 758 761 1
 266 267 269 1
 401 399 1561 1
 263 261 543 1
 556 336 1532 1
 418 420 421 1
 1428 486 1447 1
 674 766 767 1
 260 262 1548 1
 1498 878 1617 1
 1099 1087 1701 1
 362 956 1092 1
 760 892 1085 1
 564 566 733 1
 251 249 654 1
 1095 717 1550 1
 1229 912 1230 1
 774 1208 1209 1
 262 263 264 1
 306 340 1562 1
 562 663 664 1
 303 452 557 1
 255 254 256 1
 55 56 1544 1
 309 308 310 1
 834 996 1101 1
 58 165 1525 1
 562 560 663 1
 574 576 661 1
 984 459 1567 1
 136 137 168 1
 676 268 677 1
 572 571 573 1
 259 959 960 1
 442 433 1422 1
 799 543 1240 1
 676 677 775 1
 394 392 1486 1
 414 416 417 1
 586 555 678 1
 579 642 1630 1
 1059 781 1061 1
 560 558 1545 1
 349 424 425 1
 453 447 1574 1
 713 547 1560 1
 908 729 912 1
 719 717 1095 1
 774 1209 1584 1
 812 811 813 1
 61 62 203 1
 259 260 959 1
 966 267 1596 1
 307 306 308 1
 365 363 366 1
 377 375 381 1
 663 560 1545 1
 242 241 1540 1
 359 357 360 1
 464 465 479 1
 683 1082 1543 1
 277 279 280 1
 371 369 372 1
 325 341 342 1
 646 673 674 1
 780 678 781 1
 722 725 1546 1
 342 348 349 1
 310 308 619 1
 799 1240 1241 1
 345 1822 1823 1
 357 355 1549 1
 388 390 1509 1
 679 678 780 1
 1231 1230 1232 1
 22 23 204 1
 448 451 714 1
 1277 1276 1278 1
 192 1238 1355 1
 714 715 925 1
 543 261 1524 1
 418 416 419 1
 434 398 1589 1
 476 457 1501 1
 256 259 1541 1
 587 275 1582 1
 496 637 644 1
 1059 1061 1210 1
 545 713 1568 1
 1410 966 1656 1
 253 255 1091 1
 552 952 1560 1
 780 781 1059 1
 723 721 738 1
 479 480 491 1
 1268 1072 1589 1
 728 726 729 1
 619 308 1562 1
 562 664 1537 1
 960 982 1054 1
 1087 804 1088 1
 867 870 1498 1
 250 252 253 1
 252 251 585 1
 552 734 952 1
 325 712 1636 1
 1568 713 1626 1
 739 738 740 1
 398 400 1589 1
 679 780 1511 1
 290 294 707 1
 664 663 741 1
 214 1525 1526 1
 289 284 1534 1
 408 957 1563 1
 725 724 726 1
 271 272 273 1
 414 413 415 1
 959 260 1548 1
 237 236 238 1
 541 280 1581 1
 1062 912 1229 1
 709 482 1531 1
 534 536 685 1
 829 1112 1113 1
 968 1087 1099 1
 235 234 236 1
 557 452 558 1
 1105 797 1543 1
 732 500 1585 1
 684 683 1543 1
 214 57 1525 1
 255 256 1541 1
 487 488 1530 1
 629 694 791 1
 354 545 1568 1
 1338 658 1575 1
 779 730 805 1
 1131 902 1132 1
 1304 1104 1305 1
 259 960 1541 1
 540 593 983 1
 745 740 1533 1
 520 518 1425 1
 285 289 290 1
 1372 1373 1702 1
 776 720 1546 1
 567 563 1537 1
 336 330 1532 1
 664 741 746 1
 1054 982 1213 1
 300 1564 1639 1
 262 265 1548 1
 682 1070 1595 1
 524 526 1583 1
 753 752 754 1
 402 405 1586 1
 1393 763 1396 1
 1091 1608 1622 1
 305 304 306 1
 353 354 355 1
 649 730 779 1
 263 543 799 1
 1068 1276 1277 1
 53 54 176 1
 685 804 968 1
 883 884 886 1
 960 959 982 1
 797 684 1543 1
 548 546 1547 1
 230 232 233 1
 1090 925 1475 1
 746 741 969 1
 572 573 574 1
 1250 981 1251 1
 361 360 362 1
 530 532 802 1
 474 401 1561 1
 293 660 1522 1
 269 270 271 1
 744 740 745 1
 949 1257 1258 1
 325 322 341 1
 786 784 962 1
 835 735 1610 1
 253 254 255 1
 1229 1230 1231 1
 1152 1045 1153 1
 56 214 1544 1
 649 481 730 1
 755 754 756 1
 1608 781 1622 1
 97 98 167 1
 362 360 956 1
 247 246 248 1
 677 268 717 1
 413 410 1563 1
 685 686 804 1
 635 584 1591 1
 270 267 966 1
 841 1103 1283 1
 591 682 1595 1
 1103 842 1104 1
 492 494 496 1
 720 721 722 1
 1267 1268 1423 1
 1564 1565 1639 1
 546 950 1547 1
 245 242 1540 1
 770 769 854 1
 1399 1397 1402 1
 430 382 1485 1
 243 242 244 1
 793 1275 1757 1
 867 869 870 1
 720 722 1546 1
 722 723 724 1
 1267 1072 1268 1
 406 404 407 1
 841 759 842 1
 957 1559 1563 1
 714 925 1090 1
 871 873 1513 1
 968 804 1087 1
 1311 1312 1313 1
 1230 912 1594 1
 268 266 1550 1
 403 474 591 1
 726 724 727 1
 980 981 1003 1
 134 135 215 1
 662 594 1657 1
 754 752 967 1
 575 638 1600 1
 941 939 1578 1
 412 410 413 1
 14 15 175 1
 708 710 1597 1
 1613 1094 1626 1
 723 738 739 1
 302 386 1505 1
 857 889 1691 1
 235 236 237 1
 583 581 636 1
 1031 1032 1033 1
 992 746 1571 1
 383 431 1587 1
 611 610 612 1
 320 318 737 1
 191 1243 1244 1
 914 828 1460 1
 555 1566 1622 1
 590 690 970 1
 894 761 1102 1
 1470 1471 1680 1
 1138 1063 1273 1
 590 459 689 1
 962 1585 1632 1
 526 530 1583 1
 644 695 700 1
 997 1035 1618 1
 487 471 488 1
 1463 1468 1572 1
 276 278 1528 1
 297 304 305 1
 305 1436 1605 1
 752 635 1591 1
 463 484 485 1
 383 1587 1642 1
 382 381 395 1
 739 744 980 1
 1025 1026 1027 1
 757 756 758 1
 253 1091 1566 1
 1093 1579 1590 1
 1591 1500 1625 1
 717 268 1550 1
 1098 836 1611 1
 1566 1091 1622 1
 95 96 217 1
 464 449 465 1
 1742 621 1764 1
 133 134 1570 1
 718 719 720 1
 400 401 402 1
 758 756 759 1
 656 1514 1592 1
 247 248 555 1
 827 928 1523 1
 579 577 642 1
 1029 1030 1031 1
 233 234 235 1
 697 643 699 1
 1285 1284 1286 1
 1450 1451 1452 1
 308 306 1562 1
 409 408 410 1
 266 269 1550 1
 722 721 723 1
 1103 1104 1304 1
 247 586 1569 1
 971 690 972 1
 340 304 1538 1
 369 367 1527 1
 574 573 575 1
 244 246 247 1
 240 242 243 1
 654 249 1539 1
 428 425 438 1
 938 517 1270 1
 641 618 643 1
 580 581 582 1
 402 401 403 1
 734 633 735 1
 274 275 276 1
 720 719 721 1
 286 287 288 1
 1003 981 1250 1
 574 575 576 1
 405 404 406 1
 1056 709 1531 1
 303 557 1538 1
 648 513 777 1
 738 721 1593 1
 1027 1028 1029 1
 373 372 374 1
 417 416 418 1
 498 666 667 1
 241 239 743 1
 243 244 1569 1
 248 250 1566 1
 595 594 596 1
 841 842 1103 1
 584 1500 1591 1
 279 276 1528 1
 730 481 1579 1
 974 975 977 1
 333 332 338 1
 495 836 837 1
 761 758 1601 1
 647 942 1573 1
 758 759 841 1
 825 1263 1269 1
 971 973 974 1
 877 871 1513 1
 265 676 1548 1
 423 396 435 1
 739 740 744 1
 1356 1357 1358 1
 282 281 283 1
 267 264 1596 1
 237 238 1579 1
 624 616 625 1
 269 267 270 1
 1753 623 1771 1
 866 865 867 1
 440 435 443 1
 555 248 1566 1
 980 744 981 1
 746 969 1571 1
 978 976 979 1
 367 366 540 1
 406 407 408 1
 949 1258 1592 1
 1013 877 1513 1
 390 394 1509 1
 925 715 1584 1
 454 443 456 1
 986 987 1689 1
 713 1560 1613 1
 301 300 332 1
 411 410 412 1
 660 289 1534 1
 719 1095 1593 1
 648 777 1519 1
 592 366 1609 1
 1040 979 1041 1
 280 279 281 1
 284 283 286 1
 605 603 616 1
 244 247 1569 1
 339 338 343 1
 51 52 216 1
 677 717 718 1
 975 973 976 1
 274 276 277 1
 597 596 599 1
 516 629 1576 1
 718 717 719 1
 316 314 334 1
 366 363 1609 1
 393 391 1631 1
 620 583 621 1
 1587 1090 1642 1
 1651 1472 1680 1
 1416 921 1419 1
 96 97 1577 1
 444 273 953 1
 344 343 378 1
 290 293 294 1
 241 829 1540 1
 1702 1373 1759 1
 794 1502 1632 1
 233 232 234 1
 481 237 1579 1
 379 378 396 1
 1579 238 1590 1
 967 752 1591 1
 1500 567 1625 1
 418 419 420 1
 412 413 414 1
 470 456 471 1
 631 617 1016 1
 431 448 1587 1
 132 133 1580 1
 448 714 1587 1
 367 540 1527 1
 540 366 592 1
 278 651 1528 1
 342 341 348 1
 942 1349 1573 1
 1537 991 1621 1
 92 93 174 1
 250 253 1566 1
 967 1591 1625 1
 765 648 1519 1
 593 592 594 1
 784 732 1585 1
 532 534 1588 1
 425 424 1623 1
 273 272 274 1
 939 491 1508 1
 530 802 1583 1
 729 726 1594 1
 271 270 272 1
 286 288 963 1
 1044 1143 1144 1
 875 880 881 1
 46 47 195 1
 923 687 998 1
 978 1040 1044 1
 264 263 1596 1
 590 689 690 1
 856 989 1664 1
 1549 1568 1626 1
 1035 835 1610 1
 704 516 1576 1
 595 597 598 1
 807 767 808 1
 438 1623 1658 1
 1061 781 1608 1
 1561 399 1631 1
 294 296 297 1
 234 232 1552 1
 277 276 279 1
 522 388 1509 1
 238 240 1590 1
 567 1621 1625 1
 794 476 1501 1
 576 577 578 1
 349 348 424 1
 284 286 1534 1
 598 832 1634 1
 816 827 1523 1
 1113 1112 1284 1
 271 444 1644 1
 629 791 1576 1
 410 408 1563 1
 1482 1492 1616 1
 781 678 1622 1
 359 361 1690 1
 912 729 1594 1
 970 690 971 1
 1514 947 1592 1
 775 677 1615 1
 1091 255 1641 1
 363 362 1609 1
 557 961 1538 1
 724 723 1599 1
 685 968 1588 1
 1506 234 1552 1
 567 1537 1621 1
 1232 1230 1614 1
 286 963 1534 1
 403 591 1607 1
 131 132 173 1
 582 581 583 1
 642 577 1600 1
 299 298 300 1
 288 291 292 1
 591 1595 1607 1
 424 348 459 1
 1102 761 1601 1
 407 404 1607 1
 870 869 871 1
 399 393 1631 1
 802 532 1588 1
 576 575 577 1
 883 881 884 1
 381 375 1640 1
 829 1113 1540 1
 12 13 220 1
 263 799 1596 1
 694 769 770 1
 1099 1690 1711 1
 676 775 1629 1
 820 818 821 1
 639 487 1530 1
 297 303 304 1
 424 459 590 1
 386 522 1505 1
 1041 1043 1142 1
 1146 1161 1175 1
 678 555 1622 1
 971 972 973 1
 726 727 1594 1
 841 1283 1601 1
 1251 981 1606 1
 974 973 975 1
 241 743 829 1
 1569 986 1665 1
 873 874 875 1
 534 685 1588 1
 947 949 1592 1
 946 866 1498 1
 718 776 1615 1
 675 626 1360 1
 758 841 1601 1
 355 354 1568 1
 1549 355 1568 1
 400 402 1586 1
 1038 1008 1039 1
 304 303 1538 1
 975 976 978 1
 569 572 1651 1
 651 1068 1619 1
 744 745 1606 1
 479 465 480 1
 721 719 1593 1
 727 724 1599 1
 432 433 442 1
 955 1528 1619 1
 420 422 432 1
 49 50 187 1
 734 735 834 1
 1126 1001 1130 1
 723 739 1599 1
 898 1145 1146 1
 714 1090 1587 1
 517 430 1485 1
 834 1101 1628 1
 646 645 673 1
 540 592 593 1
 1499 656 1633 1
 402 403 404 1
 491 480 492 1
 601 600 645 1
 1011 946 1617 1
 733 566 1651 1
 959 1548 1629 1
 668 625 669 1
 496 494 637 1
 578 579 580 1
 100 101 201 1
 871 872 873 1
 754 967 1612 1
 876 964 965 1
 139 140 202 1
 323 325 1636 1
 978 979 1040 1
 1005 1004 1008 1
 759 756 1612 1
 1044 1040 1143 1
 421 420 1643 1
 581 579 1630 1
 598 597 600 1
 491 492 1508 1
 229 230 1598 1
 962 784 1585 1
 866 867 1498 1
 674 673 766 1
 800 490 1679 1
 318 316 1604 1
 985 837 1004 1
 952 734 1628 1
 1423 1268 1667 1
 322 320 1638 1
 1567 341 1638 1
 1297 229 1598 1
 513 510 736 1
 292 295 298 1
 97 167 1577 1
 1422 445 1663 1
 604 605 606 1
 414 415 416 1
 956 1549 1626 1
 377 383 1642 1
 739 980 1599 1
 829 994 1112 1
 811 809 826 1
 919 847 1025 1
 953 273 1603 1
 1268 1586 1667 1
 1623 970 1658 1
 1068 1277 1619 1
 1608 1091 1641 1
 1788 705 1791 1
 134 215 1570 1
 232 426 1552 1
 45 46 1554 1
 320 737 1638 1
 230 231 232 1
 1096 1593 1678 1
 269 271 1644 1
 273 274 1603 1
 756 754 1612 1
 1100 616 1652 1
 834 735 835 1
 274 277 1603 1
 602 603 604 1
 662 1657 1669 1
 982 959 1629 1
 1449 48 1602 1
 1560 952 1613 1
 857 855 889 1
 438 425 1623 1
 834 835 996 1
 1690 1099 1701 1
 338 332 345 1
 426 844 988 1
 848 669 849 1
 886 884 903 1
 341 322 1638 1
 713 1613 1626 1
 743 239 1506 1
 1550 269 1644 1
 495 837 985 1
 1144 1143 1164 1
 1644 444 1678 1
 864 863 865 1
 494 493 495 1
 292 298 299 1
 677 718 1615 1
 996 835 997 1
 966 1596 1656 1
 492 480 493 1
 1113 1285 1676 1
 1145 899 1147 1
 981 744 1606 1
 445 463 1663 1
 362 1092 1609 1
 230 228 231 1
 375 374 1640 1
 737 318 1604 1
 396 378 437 1
 1638 737 1685 1
 846 672 847 1
 404 403 1607 1
 1629 775 1659 1
 1548 676 1629 1
 898 696 899 1
 91 92 1627 1
 939 1508 1578 1
 90 91 218 1
 578 577 579 1
 631 1016 1017 1
 820 821 823 1
 996 997 1000 1
 298 302 1564 1
 970 1510 1658 1
 1541 1055 1641 1
 605 616 624 1
 372 369 1527 1
 1077 639 1530 1
 240 243 1590 1
 300 298 1564 1
 590 970 1623 1
 861 863 864 1
 316 334 1604 1
 10 11 188 1
 644 637 695 1
 923 998 1097 1
 593 594 595 1
 1038 1039 1148 1
 1095 1550 1644 1
 608 606 623 1
 636 581 1630 1
 426 988 1552 1
 968 1099 1697 1
 7 8 196 1
 1005 1008 1038 1
 626 627 671 1
 1226 1221 1705 1
 255 1541 1641 1
 985 1004 1005 1
 217 96 1577 1
 786 962 1661 1
 424 590 1623 1
 631 1017 1018 1
 566 569 1651 1
 829 743 994 1
 232 231 426 1
 577 575 1600 1
 580 579 581 1
 926 914 1460 1
 492 493 494 1
 1730 689 1755 1
 395 687 688 1
 1596 799 1656 1
 1666 1018 1694 1
 602 442 603 1
 982 1629 1659 1
 432 442 602 1
 734 834 1628 1
 1132 902 1655 1
 1547 950 1675 1
 129 130 219 1
 688 923 1065 1
 133 1570 1580 1
 230 233 1598 1
 1153 1045 1646 1
 395 381 687 1
 488 617 618 1
 871 869 872 1
 1018 1017 1019 1
 595 596 597 1
 456 443 460 1
 626 614 627 1
 695 637 696 1
 668 848 850 1
 1533 1096 1712 1
 485 497 498 1
 645 600 703 1
 881 880 1646 1
 1146 1145 1161 1
 89 90 1620 1
 662 1706 1710 1
 1063 765 1519 1
 980 1003 1683 1
 903 884 1045 1
 898 899 1145 1
 766 673 902 1
 1130 1001 1618 1
 195 47 1449 1
 977 975 1637 1
 875 874 880 1
 604 603 605 1
 1543 1082 1673 1
 1266 791 1733 1
 1018 1019 1051 1
 1697 1099 1711 1
 766 902 1049 1
 858 859 860 1
 345 332 1639 1
 687 381 1640 1
 195 1449 1450 1
 990 1741 1746 1
 597 599 1654 1
 1528 651 1619 1
 695 696 898 1
 884 881 1646 1
 799 1241 1656 1
 1049 902 1131 1
 790 786 1661 1
 1055 1212 1682 1
 873 872 874 1
 1625 1621 1672 1
 1093 1590 1665 1
 1536 733 1699 1
 48 49 1602 1
 1564 1505 1565 1
 488 471 617 1
 1000 997 1001 1
 903 1045 1134 1
 849 852 1023 1
 624 625 668 1
 1134 1045 1152 1
 978 1044 1637 1
 1000 1001 1002 1
 411 412 1702 1
 688 687 923 1
 173 132 1580 1
 874 872 879 1
 733 1680 1699 1
 1016 617 1660 1
 1590 243 1665 1
 1092 1094 1669 1
 991 992 1709 1
 861 859 862 1
 463 485 1663 1
 1213 982 1659 1
 791 694 1664 1
 612 610 622 1
 770 855 856 1
 1001 997 1618 1
 332 300 1639 1
 1058 1386 1796 1
 1609 1092 1657 1
 88 89 181 1
 592 1609 1657 1
 668 669 848 1
 699 643 702 1
 1472 1470 1680 1
 803 1547 1675 1
 848 849 1670 1
 594 592 1657 1
 1680 1471 1699 1
 963 288 1662 1
 1051 1019 1128 1
 302 1505 1564 1
 618 617 631 1
 946 1498 1617 1
 770 854 855 1
 702 1666 1694 1
 843 1612 1672 1
 1095 1644 1678 1
 975 978 1637 1
 1669 1094 1686 1
 465 449 1692 1
 1567 1638 1685 1
 432 602 1643 1
 1104 1715 1721 1
 867 865 868 1
 936 675 1360 1
 867 868 869 1
 599 596 1710 1
 92 174 1627 1
 850 848 1024 1
 1493 955 1695 1
 245 1540 1676 1
 1277 1278 1671 1
 606 605 1653 1
 1657 1092 1669 1
 292 299 1662 1
 376 1642 1674 1
 1682 1212 1696 1
 1527 983 1668 1
 856 857 858 1
 490 632 1679 1
 485 498 833 1
 1611 465 1692 1
 243 1569 1665 1
 954 1522 1698 1
 495 985 1650 1
 127 128 182 1
 919 1025 1120 1
 1098 1611 1692 1
 846 847 919 1
 1679 632 1687 1
 1533 1712 1735 1
 1105 1543 1673 1
 1608 1641 1682 1
 623 606 1653 1
 600 597 1654 1
 1641 1055 1682 1
 631 1018 1666 1
 494 495 1650 1
 998 687 1640 1
 1002 1126 1127 1
 861 862 863 1
 990 801 1741 1
 420 432 1643 1
 1002 1001 1126 1
 513 736 1648 1
 1045 884 1646 1
 1665 986 1689 1
 1612 967 1672 1
 673 645 1655 1
 963 1490 1681 1
 1489 990 1746 1
 1619 1277 1695 1
 1539 245 1676 1
 821 818 822 1
 671 672 764 1
 1586 405 1667 1
 1603 541 1707 1
 777 513 1648 1
 764 846 890 1
 954 1698 1724 1
 319 321 1723 1
 645 703 1655 1
 967 1625 1672 1
 1286 1363 1803 1
 1613 952 1686 1
 637 494 1650 1
 46 195 1554 1
 361 364 1690 1
 1447 1433 1748 1
 863 862 876 1
 1024 848 1670 1
 845 747 1114 1
 859 857 1691 1
 449 436 1692 1
 605 624 1653 1
 1301 1767 1768 1
 1540 1113 1676 1
 876 965 993 1
 632 771 1687 1
 869 868 1645 1
 1593 1095 1678 1
 860 859 861 1
 696 637 1650 1
 694 770 1664 1
 1102 1448 1797 1
 703 600 1654 1
 471 456 1660 1
 1028 1026 1728 1
 1506 1552 1700 1
 1687 771 1693 1
 1094 1613 1686 1
 374 372 1668 1
 643 618 1666 1
 99 100 1714 1
 805 1093 1689 1
 364 1482 1711 1
 1093 1665 1689 1
 660 1534 1681 1
 1090 1475 1674 1
 671 627 672 1
 288 292 1662 1
 764 672 846 1
 485 833 1663 1
 218 91 1627 1
 1486 1777 1778 1
 1672 1621 1709 1
 1562 340 1729 1
 1650 985 1704 1
 1706 1101 1710 1
 856 855 857 1
 503 411 1702 1
 49 187 1602 1
 1104 842 1715 1
 771 1123 1693 1
 872 869 1645 1
 1457 585 1781 1
 426 231 747 1
 192 1237 1238 1
 1534 963 1681 1
 1561 1281 1785 1
 1542 627 1703 1
 1614 727 1683 1
 993 965 1121 1
 1061 1682 1696 1
 456 460 1660 1
 618 631 1666 1
 955 1619 1695 1
 1301 257 1767 1
 1713 438 1727 1
 228 226 1684 1
 90 218 1620 1
 1061 1608 1682 1
 428 438 1713 1
 993 1121 1122 1
 1562 1729 1734 1
 1642 1090 1674 1
 770 856 1664 1
 372 1527 1668 1
 617 471 1660 1
 902 673 1655 1
 984 1567 1685 1
 858 857 859 1
 426 747 844 1
 359 1690 1701 1
 961 1536 1699 1
 668 850 1677 1
 1484 1111 1742 1
 849 1023 1670 1
 541 1551 1707 1
 727 1599 1683 1
 1465 1467 1740 1
 1126 1130 1151 1
 1210 1061 1696 1
 879 872 1645 1
 1669 1686 1706 1
 702 643 1666 1
 1100 1652 1719 1
 952 1628 1686 1
 1736 1473 1738 1
 1522 660 1698 1
 1616 802 1697 1
 1616 1697 1711 1
 802 1588 1697 1
 660 1681 1698 1
 696 1650 1704 1
 1599 980 1683 1
 1114 747 1684 1
 1003 1412 1786 1
 1433 380 1756 1
 843 1672 1709 1
 742 1545 1724 1
 181 89 1620 1
 1427 1428 1731 1
 1588 968 1697 1
 1703 622 1728 1
 1709 992 1715 1
 862 859 1691 1
 1731 1428 1737 1
 899 696 1704 1
 1019 1017 1827 1
 865 863 1688 1
 1098 1692 1713 1
 868 865 1688 1
 994 743 1700 1
 845 1114 1115 1
 844 845 1020 1
 823 821 824 1
 612 622 1703 1
 539 358 1708 1
 1698 1491 1724 1
 1018 1051 1694 1
 662 1669 1706 1
 1552 988 1700 1
 868 1688 1717 1
 334 314 1726 1
 340 1538 1716 1
 1004 1770 1782 1
 1277 1671 1695 1
 1546 725 1743 1
 619 1562 1734 1
 627 614 1703 1
 1250 1251 1766 1
 743 1506 1700 1
 1748 1433 1756 1
 624 668 1677 1
 972 690 1730 1
 1096 1678 1712 1
 1467 1726 1745 1
 1756 380 1773 1
 1653 624 1677 1
 728 798 1743 1
 614 612 1703 1
 1456 654 1792 1
 1720 1000 1739 1
 1422 1663 1719 1
 619 1734 1740 1
 985 1005 1704 1
 1715 992 1721 1
 953 1603 1707 1
 1628 1101 1706 1
 596 662 1710 1
 1678 444 1712 1
 1688 993 1717 1
 1668 1635 1722 1
 1740 1467 1745 1
 1276 1275 1754 1
 996 1000 1720 1
 969 741 1737 1
 876 993 1688 1
 961 1699 1716 1
 844 747 845 1
 1147 899 1718 1
 1097 1389 1772 1
 436 428 1713 1
 601 646 1750 1
 1692 436 1713 1
 1542 1703 1728 1
 863 876 1688 1
 1699 1471 1716 1
 1467 1464 1736 1
 1510 1108 1762 1
 1621 991 1709 1
 1707 1441 1735 1
 309 311 1761 1
 832 1750 1758 1
 1116 1812 1821 1
 231 228 1684 1
 620 621 1742 1
 1383 1483 1764 1
 444 953 1712 1
 1482 1616 1711 1
 1432 1258 1725 1
 1305 1104 1721 1
 899 1704 1718 1
 1484 1742 1764 1
 1111 838 1742 1
 1257 1262 1725 1
 1686 1628 1706 1
 1663 833 1719 1
 1821 1020 1825 1
 312 310 1745 1
 842 843 1715 1
 1019 1827 1830 1
 1017 1016 1824 1
 1101 996 1720 1
 1704 1005 1718 1
 742 1724 1731 1
 1111 1730 1755 1
 792 793 1757 1
 505 503 1759 1
 1098 1713 1727 1
 374 1668 1722 1
 803 1675 1746 1
 334 1736 1738 1
 1424 1753 1771 1
 1304 455 1787 1
 1405 1074 1768 1
 1032 1030 1771 1
 984 1751 1755 1
 1283 945 1795 1
 1258 1257 1725 1
 100 201 1714 1
 1801 1515 1825 1
 1464 1473 1736 1
 1761 1251 1793 1
 1839 1254 1842 1
 969 1737 1748 1
 1675 1489 1746 1
 257 254 1767 1
 379 423 1776 1
 1411 705 1788 1
 1538 961 1716 1
 129 219 1732 1
 843 1709 1715 1
 705 319 1723 1
 599 1710 1720 1
 1005 1038 1718 1
 1424 622 1753 1
 995 1098 1727 1
 798 1227 1826 1
 599 1720 1739 1
 1652 1422 1719 1
 992 1571 1721 1
 1545 954 1724 1
 993 1122 1717 1
 340 1716 1729 1
 252 585 1767 1
 747 231 1684 1
 689 984 1755 1
 1128 1019 1830 1
 1300 182 1732 1
 608 623 1753 1
 182 128 1732 1
 1645 868 1717 1
 1640 374 1722 1
 314 312 1726 1
 1382 621 1779 1
 128 129 1732 1
 1712 953 1735 1
 1624 833 1747 1
 1750 1097 1758 1
 833 498 1747 1
 1471 1469 1729 1
 998 1640 1722 1
 736 510 1765 1
 622 610 1753 1
 742 1731 1737 1
 1004 837 1770 1
 984 1685 1751 1
 1491 1427 1731 1
 1710 1101 1720 1
 1685 737 1749 1
 1473 1110 1738 1
 1729 1469 1734 1
 438 1658 1727 1
 1533 1735 1774 1
 690 689 1730 1
 585 251 1781 1
 1026 1542 1728 1
 998 1722 1758 1
 1486 542 1777 1
 1469 1466 1734 1
 793 681 1785 1
 923 1097 1772 1
 1252 1253 1744 1
 621 583 1779 1
 999 930 1801 1
 1232 1614 1786 1
 804 686 1789 1
 474 1561 1785 1
 1724 1491 1731 1
 1716 1471 1729 1
 741 742 1737 1
 1734 1466 1740 1
 1654 599 1739 1
 1103 1304 1787 1
 1741 1082 1746 1
 1726 1467 1736 1
 334 1726 1736 1
 1773 380 1776 1
 1828 1119 1829 1
 1664 989 1733 1
 1635 832 1758 1
 1722 1635 1758 1
 1466 1465 1740 1
 1441 1439 1774 1
 1685 1749 1751 1
 1446 1211 1816 1
 1020 1801 1825 1
 838 620 1742 1
 1604 334 1738 1
 1234 1231 1791 1
 1762 1108 1770 1
 725 728 1743 1
 1251 1761 1766 1
 654 1539 1792 1
 1082 803 1746 1
 310 619 1745 1
 1439 1437 1783 1
 791 1664 1733 1
 619 1740 1745 1
 1673 1082 1741 1
 1428 1447 1748 1
 1735 1441 1774 1
 953 1707 1735 1
 1044 1144 1798 1
 1437 472 1793 1
 1000 1002 1739 1
 437 1828 1829 1
 1110 1109 1751 1
 832 601 1750 1
 1654 1739 1763 1
 1774 1439 1783 1
 1751 1109 1755 1
 1281 1279 1754 1
 969 1748 1756 1
 498 667 1747 1
 894 1102 1797 1
 1737 1428 1748 1
 1770 1108 1782 1
 1279 1276 1754 1
 737 1604 1749 1
 1604 1738 1749 1
 1305 1773 1776 1
 1777 1340 1778 1
 1738 1110 1749 1
 610 608 1753 1
 1803 922 1810 1
 995 1727 1762 1
 1066 792 1757 1
 1109 1111 1755 1
 1645 1717 1752 1
 1792 1285 1810 1
 517 1485 1796 1
 1727 1658 1762 1
 1571 969 1756 1
 1066 1757 1760 1
 1601 1283 1795 1
 1271 1066 1760 1
 499 731 1803 1
 508 505 1759 1
 1017 1824 1827 1
 1717 1122 1752 1
 472 309 1761 1
 1132 1655 1775 1
 1483 1484 1764 1
 1739 1002 1763 1
 1002 1127 1763 1
 1761 311 1766 1
 1097 998 1758 1
 510 508 1765 1
 542 1071 1769 1
 508 1759 1765 1
 254 252 1767 1
 879 1645 1752 1
 1658 1510 1762 1
 1783 1437 1793 1
 1676 1285 1792 1
 1074 1301 1768 1
 1683 1003 1786 1
 437 378 1804 1
 1571 1756 1773 1
 1653 1677 1784 1
 1304 1305 1780 1
 1749 1110 1751 1
 623 1653 1784 1
 703 1654 1763 1
 1617 1014 1811 1
 837 995 1770 1
 1763 1127 1775 1
 117 118 1808 1
 703 1763 1775 1
 1030 1424 1771 1
 1008 1004 1782 1
 1341 1340 1777 1
 1065 923 1772 1
 1759 1373 1765 1
 380 379 1776 1
 217 1228 1832 1
 745 1533 1774 1
 1776 423 1780 1
 583 636 1779 1
 394 1486 1778 1
 1565 1505 1807 1
 1008 1782 1790 1
 745 1774 1783 1
 1039 1008 1790 1
 251 654 1781 1
 1817 1504 1820 1
 1032 1771 1784 1
 1108 977 1782 1
 1655 703 1775 1
 1340 1009 1778 1
 1744 1254 1839 1
 1606 745 1783 1
 995 1762 1770 1
 681 474 1785 1
 1305 1721 1773 1
 1456 1792 1810 1
 1009 1007 1794 1
 1283 1103 1787 1
 1412 1411 1788 1
 1723 1234 1791 1
 686 1006 1789 1
 1033 1032 1806 1
 1782 977 1790 1
 705 1723 1791 1
 1784 1677 1806 1
 1721 1571 1773 1
 1007 1011 1802 1
 1033 1806 1809 1
 1614 1683 1786 1
 394 1778 1794 1
 1251 1606 1793 1
 1606 1783 1793 1
 977 1637 1790 1
 1286 1803 1810 1
 1509 394 1794 1
 1800 736 1805 1
 1539 1676 1792 1
 226 225 1799 1
 831 1446 1816 1
 1022 1265 1838 1
 1039 1790 1798 1
 1373 1371 1805 1
 1102 1601 1795 1
 1771 623 1784 1
 1519 1219 1815 1
 1141 894 1797 1
 1811 1014 1819 1
 1778 1009 1794 1
 1270 517 1796 1
 460 443 1814 1
 1305 1776 1780 1
 1235 1022 1837 1
 1802 1011 1807 1
 345 1639 1819 1
 1794 1007 1802 1
 1012 1118 1822 1
 1834 1117 1836 1
 542 1769 1777 1
 1790 1637 1798 1
 922 1456 1810 1
 1637 1044 1798 1
 1804 1118 1813 1
 1063 1519 1815 1
 1032 1784 1806 1
 1443 994 1812 1
 1509 1794 1802 1
 1565 1807 1811 1
 1015 1119 1828 1
 731 922 1803 1
 1648 736 1800 1
 460 1817 1820 1
 522 1509 1802 1
 338 345 1823 1
 1265 1264 1840 1
 1769 1341 1777 1
 999 1801 1835 1
 378 343 1804 1
 1116 1821 1825 1
 844 1020 1821 1
 994 1700 1812 1
 930 1515 1801 1
 345 1819 1822 1
 1013 1380 1813 1
 736 1765 1805 1
 1016 1660 1820 1
 396 437 1829 1
 1837 1022 1838 1
 1264 1034 1841 1
 1114 1684 1799 1
 1684 226 1799 1
 1114 1799 1818 1
 522 1802 1807 1
 1806 850 1809 1
 1677 850 1806 1
 1034 931 1843 1
 1765 1373 1805 1
 1505 522 1807 1
 1119 1010 1817 1
 805 1336 1831 1
 118 193 1808 1
 850 1024 1809 1
 1285 1286 1810 1
 1010 1504 1817 1
 779 805 1831 1
 95 217 1832 1
 1011 1617 1811 1
 206 1307 1852 1
 1307 185 1853 1
 174 93 1834 1
 1120 1855 1856 1
 1789 1006 1826 1
 1565 1811 1819 1
 1227 1789 1826 1
 1838 1265 1840 1
 1804 343 1823 1
 1344 206 1851 1
 1807 1011 1811 1
 1118 1804 1823 1
 1840 1264 1841 1
 1843 931 1848 1
 1020 845 1835 1
 437 1804 1813 1
 1853 185 1855 1
 443 435 1814 1
 1852 1307 1853 1
 1021 831 1816 1
 1273 1063 1815 1
 1700 988 1812 1
 460 1814 1817 1
 1639 1565 1819 1
 1504 886 1824 1
 1812 988 1821 1
 1115 1114 1818 1
 1851 206 1852 1
 1660 460 1820 1
 1515 667 1825 1
 1841 1034 1843 1
 1014 1012 1822 1
 1243 1848 1850 1
 988 844 1821 1
 1814 435 1829 1
 177 1344 1849 1
 1819 1014 1822 1
 343 338 1823 1
 1119 1814 1829 1
 1814 1119 1817 1
 1801 1020 1835 1
 437 1813 1828 1
 667 1116 1825 1
 1813 1380 1828 1
 1006 1217 1826 1
 1380 1015 1828 1
 435 396 1829 1
 886 903 1827 1
 1016 1820 1824 1
 1827 903 1830 1
 903 1134 1830 1
 1824 886 1827 1
 1849 1344 1851 1
 205 1347 1846 1
 1347 177 1847 1
 94 95 1832 1
 1053 779 1831 1
 1820 1504 1824 1
 1053 1831 1833 1
 1207 1053 1833 1
 94 1832 1834 1
 93 94 1834 1
 1021 1235 1836 1
 1337 205 1845 1
 845 1115 1835 1
 1846 1347 1847 1
 1845 205 1846 1
 169 1337 1844 1
 1023 1842 1844 1
 1117 1021 1836 1
 1243 1242 1848 1
 1023 852 1842 1
 1844 1337 1845 1
 1847 177 1849 1
 1312 1244 1854 1
 823 824 1850 1
 116 117 1856 1
 1120 1025 1855 1
 999 1835 1839 1
 999 1839 1842 1
 1627 174 1837 1
 1627 1837 1838 1
 218 1627 1838 1
 174 1836 1837 1
 1855 185 1856 1
 1115 1744 1839 1
 218 1838 1840 1
 1848 931 1850 1
 1620 218 1840 1
 1850 824 1854 1
 1835 1115 1839 1
 1620 1840 1841 1
 1836 1235 1837 1
 181 1620 1841 1
 1842 1254 1844 1
 852 999 1842 1
 1254 169 1844 1
 1309 181 1843 1
 181 1841 1843 1
 1670 1023 1845 1
 1309 1843 1848 1
 1670 1845 1846 1
 1024 1670 1846 1
 1024 1846 1847 1
 1023 1844 1845 1
 1242 1309 1848 1
 1809 1024 1847 1
 1031 1033 1851 1
 931 823 1850 1
 1031 1851 1852 1
 1029 1031 1852 1
 1033 1849 1851 1
 1029 1852 1853 1
 1027 1029 1853 1
 1244 1243 1854 1
 1027 1853 1855 1
 1025 1027 1855 1
 185 116 1856 1
 1033 1809 1849 1
 1809 1847 1849 1
 1243 1850 1854 1
 1871 1239 1936 1
 1325 808 1857 1
 216 1157 1866 1
 808 767 1857 1
 766 1049 1857 1
 1320 1326 1860 1
 767 766 1857 1
 1237 1239 1871 1
 1157 1135 1872 1
 1330 1129 1926 1
 1326 813 1860 1
 813 811 1860 1
 748 1293 1915 1
 1151 170 1903 1
 1857 1049 1858 1
 1450 1180 1880 1
 1325 1857 1858 1
 1381 1317 1889 1
 1318 1316 1859 1
 1316 1327 1859 1
 1035 1247 1895 1
 1290 1544 1891 1
 698 644 1863 1
 44 45 1864 1
 811 826 1860 1
 1293 748 1927 1
 1867 1183 1873 1
 1086 1188 1868 1
 1172 896 1869 1
 51 216 1866 1
 187 50 1866 1
 638 1516 1868 1
 1085 1086 1868 1
 896 699 1869 1
 1177 190 1870 1
 1866 1157 1875 1
 42 222 1870 1
 190 41 1870 1
 1354 208 1861 1
 67 1151 1909 1
 764 890 1871 1
 940 941 1872 1
 1135 943 1872 1
 1302 1173 1877 1
 702 1694 1862 1
 1342 1300 1896 1
 1409 1408 1876 1
 1194 1630 1933 1
 1152 178 1901 1
 176 1156 1902 1
 1223 1330 1926 1
 1578 698 1930 1
 1407 189 1877 1
 1351 209 1893 1
 194 1315 1911 1
 1183 213 1873 1
 1647 879 1878 1
 1554 195 1880 1
 1362 1361 1882 1
 213 1205 1873 1
 887 1871 1936 1
 1408 1407 1862 1
 173 1580 1898 1
 1360 887 1883 1
 1364 179 1897 1
 890 1357 1939 1
 178 1154 1919 1
 1289 176 1920 1
 644 700 1863 1
 45 1554 1864 1
 1200 1199 1865 1
 1496 1495 1904 1
 1600 638 1887 1
 1319 1322 1889 1
 1129 1050 1894 1
 1391 1395 1894 1
 1128 1830 1879 1
 1049 1131 1897 1
 1184 1183 1867 1
 1610 748 1915 1
 168 1401 1900 1
 1048 1047 1898 1
 136 168 1900 1
 215 135 1900 1
 178 151 1901 1
 152 210 1901 1
 53 176 1902 1
 216 52 1902 1
 1199 1107 1931 1
 165 59 1904 1
 193 119 1905 1
 194 80 1906 1
 1121 965 1907 1
 168 137 1908 1
 199 66 1909 1
 131 173 1910 1
 219 130 1910 1
 50 51 1866 1
 702 1862 1869 1
 1381 78 1911 1
 79 194 1911 1
 1516 1085 1868 1
 699 702 1869 1
 636 1630 1912 1
 1808 193 1913 1
 846 919 1914 1
 919 1120 1913 1
 1248 1247 1915 1
 1732 219 1896 1
 941 1578 1890 1
 41 42 1870 1
 1222 198 1917 1
 1180 1179 1880 1
 209 149 1919 1
 150 178 1919 1
 55 1544 1920 1
 176 54 1920 1
 43 2 1922 1
 2 44 1922 1
 223 1328 1923 1
 224 1366 1924 1
 3 83 1923 1
 82 3 1923 1
 4 122 1924 1
 121 4 1924 1
 162 1223 1926 1
 1089 1124 1927 1
 748 1518 1927 1
 1246 199 1895 1
 1403 1048 1881 1
 1131 1132 1882 1
 1357 1238 1939 1
 6 7 1937 1
 1357 890 1914 1
 1600 1887 1916 1
 1861 208 1892 1
 887 764 1871 1
 179 1354 1928 1
 1191 1189 1921 1
 1526 1525 1885 1
 171 1352 1884 1
 943 940 1872 1
 1544 214 1891 1
 1205 1159 1873 1
 160 1 1925 1
 1 5 1925 1
 1126 1151 1903 1
 1400 1403 1881 1
 1195 1193 1874 1
 1862 1694 1934 1
 1454 187 1875 1
 1123 1290 1891 1
 638 1868 1887 1
 1870 222 1888 1
 1324 1325 1938 1
 1151 1130 1909 1
 1408 1862 1934 1
 1261 171 1884 1
 1525 165 1885 1
 200 1865 1874 1
 183 1409 1876 1
 1362 1127 1903 1
 138 1395 1908 1
 1173 1172 1877 1
 1830 1134 1879 1
 1496 203 1918 1
 189 1302 1877 1
 879 1752 1878 1
 1454 1875 1890 1
 210 1378 1879 1
 195 1450 1880 1
 1570 215 1881 1
 1361 207 1882 1
 1359 1357 1914 1
 214 1526 1891 1
 936 1360 1883 1
 642 1600 1916 1
 1325 1861 1938 1
 1874 1193 1899 1
 1125 1496 1918 1
 1247 1246 1895 1
 1122 1121 1884 1
 1133 1081 1885 1
 5 6 1886 1
 1188 1190 1887 1
 1890 1875 1935 1
 1179 1177 1888 1
 1154 1155 1893 1
 81 1328 1906 1
 120 1366 1905 1
 186 1381 1889 1
 1300 1732 1896 1
 1317 1319 1889 1
 1453 1454 1890 1
 208 1346 1892 1
 1050 1391 1894 1
 1618 1035 1895 1
 642 1916 1933 1
 1868 1188 1887 1
 1554 1880 1932 1
 1177 1870 1888 1
 1343 1342 1896 1
 1452 1453 1930 1
 1329 1223 1917 1
 1292 1124 1918 1
 1395 1394 1908 1
 1407 1877 1940 1
 1127 1126 1903 1
 1150 1329 1917 1
 1124 1125 1918 1
 1452 1863 1929 1
 1047 1138 1898 1
 1325 1858 1928 1
 1887 1190 1916 1
 1193 1191 1899 1
 135 136 1900 1
 1871 890 1939 1
 151 152 1901 1
 52 53 1902 1
 1858 1049 1897 1
 170 1362 1903 1
 59 60 1904 1
 80 81 1906 1
 119 120 1905 1
 1328 1313 1906 1
 1366 1358 1905 1
 965 1150 1907 1
 137 138 1908 1
 66 67 1909 1
 130 131 1910 1
 1861 1325 1928 1
 1630 642 1933 1
 163 1249 1921 1
 78 79 1911 1
 1863 1452 1930 1
 1303 636 1912 1
 1120 1808 1913 1
 890 846 1914 1
 1293 1248 1915 1
 1861 1892 1938 1
 1190 1192 1916 1
 1223 1222 1917 1
 203 1292 1918 1
 1864 1554 1932 1
 1869 1862 1940 1
 44 1864 1922 1
 1303 1912 1931 1
 1876 1408 1934 1
 149 150 1919 1
 54 55 1920 1
 1916 1192 1933 1
 1886 221 1925 1
 221 160 1925 1
 222 43 1922 1
 83 223 1923 1
 122 224 1924 1
 941 1890 1935 1
 1259 162 1926 1
 1518 1089 1927 1
 1862 1407 1940 1
 1239 1299 1936 1
 1883 887 1936 1
 1323 1324 1938 1
 1877 1172 1940 1
 1880 1179 1932 1
 698 1863 1930 1
 1237 1871 1939 1
 1872 941 1935 1
 1107 1303 1931 1
 1192 1194 1933 1
 221 1886 1941 1
 1694 1051 1934 1
 7 196 1937 1
 1238 1237 1939 1
 1174 1173 1941 1
 1864 222 1922 1
 1354 1861 1928 1
 1863 700 1929 1
 1157 1872 1935 1
 1249 1899 1921 1
 1875 1157 1935 1
 1892 1323 1938 1
 1051 1876 1934 1
 1172 1869 1940 1
 5 1886 1925 1
 1299 1883 1936 1
 1899 1191 1921 1
 1179 1888 1932 1
 1886 1174 1941 1
 End
