$MeshFormat
2.2 0 8
$EndMeshFormat
$Nodes
1441
1 0 0 0
2 1 0 0
3 1 1 0
4 0 1 0
5 0.02941176470582653 0 0
6 0.0588235294116454 0 0
7 0.08823529411747953 0 0
8 0.1176470588233168 0 0
9 0.1470588235291237 0 0
10 0.1764705882349203 0 0
11 0.2058823529407169 0 0
12 0.2352941176465135 0 0
13 0.26470588235231 0 0
14 0.2941176470581066 0 0
15 0.3235294117639032 0 0
16 0.3529411764696997 0 0
17 0.3823529411754963 0 0
18 0.4117647058812929 0 0
19 0.4411764705870895 0 0
20 0.4705882352928861 0 0
21 0.4999999999986935 0 0
22 0.5294117647046425 0 0
23 0.5588235294106024 0 0
24 0.5882352941165623 0 0
25 0.6176470588225221 0 0
26 0.6470588235284821 0 0
27 0.6764705882344419 0 0
28 0.7058823529404019 0 0
29 0.7352941176463618 0 0
30 0.7647058823523216 0 0
31 0.7941176470582816 0 0
32 0.8235294117642414 0 0
33 0.8529411764702013 0 0
34 0.8823529411761613 0 0
35 0.9117647058821211 0 0
36 0.941176470588081 0 0
37 0.9705882352940406 0 0
38 1 0.02941176470582653 0
39 1 0.0588235294116454 0
40 1 0.08823529411747953 0
41 1 0.1176470588233168 0
42 1 0.1470588235291237 0
43 1 0.1764705882349203 0
44 1 0.2058823529407169 0
45 1 0.2352941176465135 0
46 1 0.26470588235231 0
47 1 0.2941176470581066 0
48 1 0.3235294117639032 0
49 1 0.3529411764696997 0
50 1 0.3823529411754963 0
51 1 0.4117647058812929 0
52 1 0.4411764705870895 0
53 1 0.4705882352928861 0
54 1 0.4999999999986935 0
55 1 0.5294117647046425 0
56 1 0.5588235294106024 0
57 1 0.5882352941165623 0
58 1 0.6176470588225221 0
59 1 0.6470588235284821 0
60 1 0.6764705882344419 0
61 1 0.7058823529404019 0
62 1 0.7352941176463618 0
63 1 0.7647058823523216 0
64 1 0.7941176470582816 0
65 1 0.8235294117642414 0
66 1 0.8529411764702013 0
67 1 0.8823529411761613 0
68 1 0.9117647058821211 0
69 1 0.941176470588081 0
70 1 0.9705882352940406 0
71 0.9705882352939952 1 0
72 0.9411764705879904 1 0
73 0.9117647058819855 1 0
74 0.882352941175982 1 0
75 0.8529411764702208 1 0
76 0.8235294117645424 1 0
77 0.7941176470588641 1 0
78 0.7647058823531858 1 0
79 0.7352941176475076 1 0
80 0.7058823529418293 1 0
81 0.6764705882361511 1 0
82 0.6470588235304728 1 0
83 0.6176470588247946 1 0
84 0.5882352941191165 1 0
85 0.5588235294134382 1 0
86 0.52941176470776 1 0
87 0.50000000000206 1 0
88 0.470588235296077 1 0
89 0.441176470590072 1 0
90 0.4117647058840672 1 0
91 0.3823529411780624 1 0
92 0.3529411764720576 1 0
93 0.3235294117660528 1 0
94 0.2941176470600478 1 0
95 0.264705882354043 1 0
96 0.2352941176480381 1 0
97 0.2058823529420333 1 0
98 0.1764705882360285 1 0
99 0.1470588235300236 1 0
100 0.1176470588240188 1 0
101 0.08823529411801401 1 0
102 0.05882352941200919 1 0
103 0.02941176470600448 1 0
104 0 0.9705882352939952 0
105 0 0.9411764705879904 0
106 0 0.9117647058819855 0
107 0 0.882352941175982 0
108 0 0.8529411764702208 0
109 0 0.8235294117645424 0
110 0 0.7941176470588641 0
111 0 0.7647058823531858 0
112 0 0.7352941176475076 0
113 0 0.7058823529418293 0
114 0 0.6764705882361511 0
115 0 0.6470588235304728 0
116 0 0.6176470588247946 0
117 0 0.5882352941191165 0
118 0 0.5588235294134382 0
119 0 0.52941176470776 0
120 0 0.50000000000206 0
121 0 0.470588235296077 0
122 0 0.441176470590072 0
123 0 0.4117647058840672 0
124 0 0.3823529411780624 0
125 0 0.3529411764720576 0
126 0 0.3235294117660528 0
127 0 0.2941176470600478 0
128 0 0.264705882354043 0
129 0 0.2352941176480381 0
130 0 0.2058823529420333 0
131 0 0.1764705882360285 0
132 0 0.1470588235300236 0
133 0 0.1176470588240188 0
134 0 0.08823529411801401 0
135 0 0.05882352941200919 0
136 0 0.02941176470600448 0
137 0.4852941176490685 0.9745286645946107 0
138 0.02547133540538929 0.4852941176490685 0
139 0.5147058823516679 0.02547133540542107 0
140 0.9765704995095834 0.5129860148959646 0
141 0.02547133540524785 0.6323529411776337 0
142 0.632352941177631 0.9745286645946836 0
143 0.3676470588226238 0.02547133540541904 0
144 0.973722172031005 0.3696150797456526 0
145 0.3382352941193359 0.9745286645946618 0
146 0.9741974345279383 0.6612681896805317 0
147 0.02970969286385939 0.3380362362207252 0
148 0.661764705881462 0.02547133540549178 0
149 0.02703238381370657 0.7482808588039598 0
150 0.7500000000005766 0.9745286645948772 0
151 0.2507512005910534 0.02281915518026353 0
152 0.9780250418048492 0.2493879031599234 0
153 0.22058823529579 0.9745286645947557 0
154 0.9745286645944616 0.7794117647053538 0
155 0.02547133540553072 0.2205882352950357 0
156 0.7794117647053018 0.02547133540549178 0
157 0.02794120238893164 0.8423265569682015 0
158 0.8382352941177902 0.9745286645951181 0
159 0.1610135052912128 0.02281915518056287 0
160 0.9736090645030866 0.1645302897278948 0
161 0.1323529411780691 0.9745286645948132 0
162 0.9745286645945117 0.8676470588231983 0
163 0.02547133540552005 0.1323529411770151 0
164 0.8673185454452916 0.02535718087844417 0
165 0.426470588237246 0.974528664594545 0
166 0.02488640417672732 0.4265506568553759 0
167 0.9740403518630814 0.5743736099159045 0
168 0.5735294117635819 0.02547133540545193 0
169 0.897058823529111 0.9745286645948187 0
170 0.02821995428433425 0.8970891353257762 0
171 0.5441176470605513 0.9745286645946398 0
172 0.02798689635292047 0.5434514348059489 0
173 0.974013025847337 0.4556807846306236 0
174 0.455882352940025 0.02547133540540234 0
175 0.2794117647074848 0.9745286645946161 0
176 0.02624097066746406 0.2779729081571902 0
177 0.9752369311282421 0.7218149889152796 0
178 0.7205882352933817 0.02386384545787724 0
179 0.97356204720798 0.1010064610699191 0
180 0.1021070913801641 0.02720053666335074 0
181 0.9735111006373032 0.3062143381276137 0
182 0.3094674156324262 0.02741209226605144 0
183 0.691176470589004 0.974528664594682 0
184 0.02808853313000519 0.6929030609480649 0
185 0.9755192958469696 0.9247547645742691 0
186 0.07376979463720879 0.9746674497098036 0
187 0.9263974514182565 0.02459917875210558 0
188 0.02533255029026019 0.0737697946360036 0
189 0.04314615125198956 0.02523095253453895 0
190 0.9715862651956338 0.04397957053195831 0
191 0.02523095253540195 0.9568538487478376 0
192 0.9557577244327247 0.9750949398512057 0
193 0.4558823529431137 0.9745286645945619 0
194 0.4705882352961244 0.9490573291892457 0
195 0.5000000000018492 0.9490573291892701 0
196 0.4852941176489952 0.9235859937839896 0
197 0.5147058823546905 0.92358599378399 0
198 0.5000000000018302 0.8981146583787218 0
199 0.470588235296132 0.8981146583787252 0
200 0.4852941176489662 0.8726433229734468 0
201 0.5147058823546821 0.8726433229734427 0
202 0.5000000000018183 0.8471719875681591 0
203 0.5294117647075437 0.8471719875681571 0
204 0.5147058823546777 0.8217006521628676 0
205 0.4852941176489591 0.8217006521628784 0
206 0.5000000000018303 0.7962293167575887 0
207 0.5294117647075438 0.7962293167575739 0
208 0.5147058823546733 0.7707579813522796 0
209 0.4852941176489429 0.7707579813523548 0
210 0.5000000000017965 0.7452866459469921 0
211 0.5294117647076542 0.7452866459470466 0
212 0.5147058823546777 0.7198153105416865 0
213 0.4852941176489182 0.7198153105416868 0
214 0.50000000000178 0.6943439751363756 0
215 0.4705882352960323 0.694343975136386 0
216 0.4852941176488931 0.6688726397310732 0
217 0.5147058823546411 0.6688726397310605 0
218 0.5000000000017553 0.6434013043257569 0
219 0.5294117647075063 0.6434013043257439 0
220 0.5147058823546187 0.6179299689204376 0
221 0.485294117648814 0.6179299689204742 0
222 0.5000000000016642 0.5924586335151381 0
223 0.5294117647074846 0.5924586335151172 0
224 0.5147058823546836 0.5669872981098576 0
225 0.4852941176486962 0.5669872981098565 0
226 0.5000000000016627 0.5415159627045281 0
227 0.5294117647075901 0.5415159627045198 0
228 0.5147058823545814 0.5160446272991771 0
229 0.48529411764877 0.5160446272992076 0
230 0.5000000000016716 0.4905732918938566 0
231 0.4705882352958947 0.4905732918938728 0
232 0.5294117647074427 0.4905732918938381 0
233 0.4852941176487754 0.4651019564885301 0
234 0.4558823529429941 0.4651019564885469 0
235 0.4705882352958759 0.4396306210831999 0
236 0.4411764705900942 0.4396306210832155 0
237 0.4264705882372094 0.4651019564885654 0
238 0.4117647058843007 0.4396306210832315 0
239 0.3970588235314247 0.4651019564885868 0
240 0.4264705882371819 0.4141592856778722 0
241 0.3970588235313844 0.4141592856778906 0
242 0.4117647058842676 0.3886879502725225 0
243 0.3823529411784528 0.3886879502725442 0
244 0.3970588235313446 0.3632166148671686 0
245 0.3676470588255242 0.3632166148671907 0
246 0.3823529411784206 0.337745279461811 0
247 0.4117647058842362 0.3377452794617939 0
248 0.3529411764726025 0.3377452794618258 0
249 0.3382352941197077 0.3632166148672139 0
250 0.3235294117667769 0.3377452794618406 0
251 0.308823529413874 0.3632166148672345 0
252 0.3970588235313143 0.3122739440564349 0
253 0.4264705882371325 0.3122739440564192 0
254 0.2941176470609397 0.3377452794618618 0
255 0.3088235294138431 0.3122739440564608 0
256 0.2794117647079994 0.3122739440564831 0
257 0.2794117647080427 0.3632166148672578 0
258 0.4117647058842077 0.2868026086510587 0
259 0.441176470590029 0.2868026086510442 0
260 0.2941176470609036 0.2868026086510771 0
261 0.2647058823550525 0.2868026086510986 0
262 0.4264705882371026 0.261331273245682 0
263 0.4558823529429237 0.2613312732456644 0
264 0.4705882352958523 0.2868026086510281 0
265 0.4852941176487455 0.2613312732456483 0
266 0.500000000001676 0.2868026086510129 0
267 0.5147058823545654 0.2613312732456123 0
268 0.5294117647075052 0.2868026086509979 0
269 0.5441176470603978 0.2613312732455881 0
270 0.5588235294133381 0.2868026086509823 0
271 0.5735294117662383 0.2613312732455879 0
272 0.5882352941191735 0.2868026086509654 0
273 0.6029411764720749 0.261331273245573 0
274 0.6176470588250328 0.2868026086509862 0
275 0.632352941177911 0.2613312732455578 0
276 0.647058823530885 0.2868026086509929 0
277 0.6617647058837655 0.2613312732455363 0
278 0.6764705882367019 0.286802608650941 0
279 0.6911764705895928 0.2613312732455296 0
280 0.705882352942514 0.2868026086508982 0
281 0.6911764705896384 0.312273944056311 0
282 0.7205882352954194 0.2613312732455085 0
283 0.7205882352954435 0.3122739440562714 0
284 0.705882352942554 0.3377452794616555 0
285 0.7352941176483628 0.3377452794616307 0
286 0.7205882352954727 0.3632166148670071 0
287 0.7500000000012828 0.3632166148669878 0
288 0.735294117648394 0.3886879502723596 0
289 0.2794117647079598 0.2613312732456868 0
290 0.2500000000021052 0.2613312732457093 0
291 0.7647058823541754 0.3377452794616156 0
292 0.7647058823542011 0.3886879502723411 0
293 0.7500000000013118 0.4141592856777093 0
294 0.2352941176491939 0.2868026086511261 0
295 0.6176470588249916 0.2358599378401189 0
296 0.4705882352958247 0.2358599378402605 0
297 0.2647058823550139 0.2358599378402943 0
298 0.235294117649156 0.235859937840317 0
299 0.7058823529424889 0.2358599378401342 0
300 0.7352941176483236 0.2358599378401159 0
301 0.720588235295508 0.4141592856777285 0
302 0.7352941176484289 0.4396306210830736 0
303 0.764705882354229 0.4396306210830582 0
304 0.7500000000013454 0.465101956488421 0
305 0.7794117647071457 0.4651019564884055 0
306 0.7647058823542587 0.4905732918937712 0
307 0.7352941176484522 0.4905732918938096 0
308 0.7500000000013705 0.5160446272991484 0
309 0.7794117647071754 0.5160446272991271 0
310 0.7647058823542887 0.541515962704503 0
311 0.7352941176484796 0.5415159627045214 0
312 0.7500000000014035 0.5669872981098755 0
313 0.779411764707208 0.5669872981098552 0
314 0.7647058823543237 0.5924586335152269 0
315 0.7352941176485219 0.5924586335152477 0
316 0.7500000000014395 0.617929968920595 0
317 0.7794117647072447 0.6179299689205754 0
318 0.7647058823543547 0.643401304325941 0
319 0.7352941176485572 0.6434013043259583 0
320 0.7500000000014659 0.6688726397312981 0
321 0.7205882352956775 0.6688726397313138 0
322 0.7352941176485823 0.6943439751366478 0
323 0.764705882354367 0.6943439751366369 0
324 0.7500000000014859 0.7198153105419857 0
325 0.7794117647072545 0.7198153105419698 0
326 0.7647058823543809 0.7452866459473239 0
327 0.7352941176486062 0.745286645947332 0
328 0.6029411764721697 0.3122739440564233 0
329 0.7500000000013411 0.7707579813526687 0
330 0.7794117647072846 0.7707579813526566 0
331 0.7205882352956049 0.7707579813526764 0
332 0.25000000000207 0.2103886024349045 0
333 0.2205882352962079 0.2103886024349222 0
334 0.2794117647079221 0.2103886024348839 0
335 0.7205882352953943 0.2103886024347354 0
336 0.7500000000012355 0.2103886024347174 0
337 0.2941176470609763 0.3886879502726233 0
338 0.2647058823551544 0.3886879502726555 0
339 0.2794117647080826 0.4141592856780024 0
340 0.2500000000022741 0.4141592856780363 0
341 0.2647058823551944 0.439630621083372 0
342 0.2352941176494092 0.4396306210834007 0
343 0.2500000000023189 0.4651019564887249 0
344 0.2205882352964683 0.4141592856781152 0
345 0.2205882352965453 0.4651019564887636 0
346 0.2352941176494459 0.4905732918940702 0
347 0.205882352943677 0.4905732918941051 0
348 0.2205882352965802 0.5160446272994059 0
349 0.2500000000023472 0.5160446272993842 0
350 0.2352941176494777 0.5415159627047136 0
351 0.2647058823552417 0.5415159627046935 0
352 0.2500000000023738 0.5669872981100248 0
353 0.2794117647081411 0.5669872981100034 0
354 0.2647058823552769 0.5924586335153377 0
355 0.2352941176495039 0.5924586335153584 0
356 0.250000000002411 0.617929968920681 0
357 0.2205882352966097 0.6179299689207135 0
358 0.2352941176495075 0.6434013043260443 0
359 0.2647058823553213 0.6434013043260103 0
360 0.2500000000024447 0.6688726397313574 0
361 0.220588235296615 0.6688726397314073 0
362 0.2352941176495482 0.6943439751367326 0
363 0.2647058823553658 0.6943439751367069 0
364 0.2500000000024649 0.719815310542082 0
365 0.2794117647082844 0.7198153105420581 0
366 0.2647058823553963 0.7452866459474289 0
367 0.2352941176495652 0.7452866459474612 0
368 0.2500000000024988 0.7707579813527961 0
369 0.2794117647083304 0.7707579813527423 0
370 0.2205882352966725 0.77075798135283 0
371 0.7647058823540568 0.7962293167579109 0
372 0.79411764706013 0.7962293167579727 0
373 0.2352941176496039 0.7962293167581538 0
374 0.2058823529437753 0.7962293167582044 0
375 0.1911764705908515 0.7707579813528544 0
376 0.1911764705908182 0.5160446272994275 0
377 0.1764705882379162 0.4905732918941373 0
378 0.2647058823549826 0.1849172670294986 0
379 0.2941176470608258 0.1849172670294798 0
380 0.7352941176482979 0.1849172670293287 0
381 0.7647058823541506 0.1849172670293155 0
382 0.7794117647070862 0.2103886024347049 0
383 0.7941176470600022 0.1849172670293018 0
384 0.808823529412933 0.2103886024346901 0
385 0.82352941176585 0.1849172670292915 0
386 0.1764705882379539 0.7962293167582264 0
387 0.7794117647070831 0.8217006521632231 0
388 0.8088235294130508 0.8217006521633055 0
389 0.8235294117659764 0.7962293167579653 0
390 0.191176470590875 0.8217006521635885 0
391 0.7058823529424463 0.1849172670293276 0
392 0.8382352941188959 0.8217006521633197 0
393 0.1617647058850497 0.8217006521635992 0
394 0.8382352941187792 0.2103886024346776 0
395 0.1617647058850408 0.7707579813528807 0
396 0.1617647058850637 0.5160446272994521 0
397 0.5147058823546032 0.3122739440563833 0
398 0.7941176470601599 0.8471719875686459 0
399 0.7647058823542309 0.8471719875685564 0
400 0.1764705882379689 0.8471719875689684 0
401 0.8088235294129169 0.159445931623897 0
402 0.838235294118771 0.1594459316238893 0
403 0.2794117647078895 0.1594459316240981 0
404 0.3088235294137276 0.1594459316240808 0
405 0.7205882352953497 0.1594459316239291 0
406 0.6911764705894854 0.159445931623921 0
407 0.1470588235321422 0.8471719875689719 0
408 0.147058823532167 0.4905732918941625 0
409 0.8529411764717956 0.7962293167579355 0
410 0.2941176470610039 0.5415159627046751 0
411 0.308823529413907 0.5669872981099806 0
412 0.3235294117666629 0.1849172670294566 0
413 0.3382352941195587 0.1594459316240622 0
414 0.823529411765867 0.2358599378400701 0
415 0.8529411764717034 0.2358599378400564 0
416 0.8382352941187901 0.2613312732454494 0
417 0.2941176470611722 0.6943439751366913 0
418 0.7058823529427972 0.6943439751366608 0
419 0.6911764705898931 0.6688726397313318 0
420 0.6764705882370179 0.6943439751366765 0
421 0.6617647058840107 0.6688726397314086 0
422 0.6470588235310737 0.6943439751367905 0
423 0.4558823529432443 0.8726433229734599 0
424 0.2500000000020478 0.1594459316241157 0
425 0.6911764705896688 0.3632166148670573 0
426 0.3088235294140898 0.7198153105420331 0
427 0.3235294117669698 0.6943439751366747 0
428 0.3382352941198852 0.7198153105420061 0
429 0.3529411764727993 0.6943439751366217 0
430 0.3676470588257528 0.7198153105419062 0
431 0.4117647058843338 0.4905732918939156 0
432 0.7941176470601623 0.6434013043259275 0
433 0.5000000000016576 0.439630621083187 0
434 0.7941176470600326 0.4396306210830412 0
435 0.4558823529431473 0.6688726397310855 0
436 0.3529411764728121 0.7452866459473168 0
437 0.7058823529426338 0.4396306210831205 0
438 0.5588235294132957 0.2358599378401486 0
439 0.8088235294129487 0.4651019564883897 0
440 0.8235294117658376 0.4396306210830248 0
441 0.8382352941187531 0.4651019564883744 0
442 0.8529411764716421 0.4396306210830092 0
443 0.8382352941187268 0.4141592856776601 0
444 0.2058823529432902 0.235859937840344 0
445 0.1911764705903299 0.210388602434937 0
446 0.1764705882374045 0.2358599378403788 0
447 0.16176470588444 0.2103886024349521 0
448 0.1470588235315075 0.2358599378404013 0
449 0.1764705882373686 0.1849172670295109 0
450 0.147058823531476 0.1849172670295242 0
451 0.1617647058844067 0.1594459316240772 0
452 0.1617647058844786 0.2613312732458324 0
453 0.5441176470604081 0.872643322973442 0
454 0.5588235294132708 0.8471719875681569 0
455 0.5735294117661379 0.8726433229734445 0
456 0.5882352941189978 0.8471719875681576 0
457 0.6029411764718622 0.8726433229734454 0
458 0.6176470588247258 0.847171987568154 0
459 0.6323529411775907 0.8726433229734446 0
460 0.6029411764718594 0.8217006521628606 0
461 0.2058823529437722 0.8471719875689466 0
462 0.8088235294130597 0.617929968920551 0
463 0.823529411765985 0.6434013043259152 0
464 0.8382352941188876 0.6179299689205273 0
465 0.8529411764718189 0.6434013043259058 0
466 0.1323529411792003 0.8217006521636065 0
467 0.8235294117658363 0.1339745962184857 0
468 0.8529411764716976 0.1339745962184811 0
469 0.8676470588245584 0.4651019564883583 0
470 0.852941176471669 0.4905732918937249 0
471 0.8676470588246162 0.2103886024346715 0
472 0.8676470588246243 0.2613312732454301 0
473 0.8529411764717141 0.2868026086508154 0
474 0.8676470588245315 0.4141592856776447 0
475 0.8676470588247215 0.8217006521633179 0
476 0.8529411764718133 0.8471719875686855 0
477 0.8676470588247254 0.6179299689205109 0
478 0.1323529411793209 0.5160446272994782 0
479 0.1470588235322134 0.5415159627047644 0
480 0.1325798830220558 0.1593149066896352 0
481 0.1323529411785745 0.2613312732458563 0
482 0.1470588235315503 0.2868026086512905 0
483 0.3235294117666235 0.1339745962186899 0
484 0.3529411764724524 0.133974596218676 0
485 0.3676470588253817 0.1594459316240397 0
486 0.3823529411782738 0.1339745962186564 0
487 0.2647058823549548 0.1339745962187188 0
488 0.1470966471720307 0.1339527587295699 0
489 0.7058823529424028 0.1339745962185154 0
490 0.6764705882365434 0.1339745962185246 0
491 0.5441176470603919 0.6688726397310503 0
492 0.5588235294132612 0.6434013043257867 0
493 0.3970588235312032 0.1594459316240168 0
494 0.4117647058840956 0.1355820861661615 0
495 0.3970588235312847 0.2613312732456999 0
496 0.3823529411785782 0.7452866459473041 0
497 0.3676470588257124 0.7707579813526468 0
498 0.6470588235304555 0.847171987568153 0
499 0.6617647058833191 0.8726433229734449 0
500 0.7794117647072755 0.8726433229739678 0
501 0.2941176470609981 0.4396306210833514 0
502 0.4852941176487571 0.4141592856778549 0
503 0.5147058823546156 0.4141592856778803 0
504 0.3382352941198561 0.6688726397313216 0
505 0.1617647058850616 0.8726433229743622 0
506 0.1323529411792026 0.8726433229743652 0
507 0.1176470588256406 0.2868026086513151 0
508 0.1323529411786227 0.312273944056744 0
509 0.3235294117667681 0.5415159627046491 0
510 0.3382352941196735 0.5669872981099566 0
511 0.8529411764716162 0.388687950272295 0
512 0.8529411764717694 0.5924586335151429 0
513 0.1176470588255739 0.1849172670295436 0
514 0.1179181282497818 0.1338180942136177 0
515 0.117647058826476 0.5415159627047907 0
516 0.1323529411793427 0.5669872981100599 0
517 0.117647058826425 0.4905732918941907 0
518 0.1323529411792714 0.4651019564888705 0
519 0.8823529411774769 0.4905732918937083 0
520 0.8823529411775487 0.2868026086507955 0
521 0.1029411764736009 0.5669872981101114 0
522 0.117647058826486 0.5924586335153602 0
523 0.8823529411774215 0.3886879502722798 0
524 0.8823529411776404 0.8471719875686994 0
525 0.8676470588247247 0.8726433229740721 0
526 0.8823529411776103 0.5924586335151186 0
527 0.8823529411776675 0.643401304325897 0
528 0.8676470588247398 0.6688726397312756 0
529 0.8823529411776374 0.7962293167579265 0
530 0.8676470588246981 0.7707579813525323 0
531 0.7500000000015199 0.8726433229739717 0
532 0.3970588235314985 0.7707579813526163 0
533 0.3823529411786222 0.7962293167579395 0
534 0.4264705882370233 0.1597138466152488 0
535 0.4418203568105478 0.1322474757369803 0
536 0.4559896673129484 0.1592027307089083 0
537 0.4717651162216805 0.1342533975279916 0
538 0.4855081501980066 0.1594518650230071 0
539 0.500231818914107 0.1340220520033068 0
540 0.3676470588256532 0.6688726397312897 0
541 0.514725225486775 0.1594482478976982 0
542 0.5294536250481954 0.1339828915616224 0
543 0.5441176470603261 0.1594459316239117 0
544 0.5588305061366958 0.1339759787756931 0
545 0.5735305745534149 0.1594461620500904 0
546 0.1764705882379311 0.7452866459475196 0
547 0.1470588235321404 0.7452866459475415 0
548 0.1617647058850152 0.7198153105421952 0
549 0.1323529411792493 0.7198153105422102 0
550 0.1470588235321119 0.6943439751368814 0
551 0.11764705882636 0.6943439751368961 0
552 0.117647058826374 0.7452866459475401 0
553 0.7352941176481448 0.8471719875683892 0
554 0.1764768921774291 0.1339709566371253 0
555 0.1617647058845157 0.3122739440567179 0
556 0.1470588235316236 0.3377452794621449 0
557 0.1176470588257111 0.3377452794621887 0
558 0.1323529411787899 0.3632166148675521 0
559 0.1029411764728131 0.3632166148676286 0
560 0.8088235294129305 0.2613312732454714 0
561 0.6617647058841141 0.7198153105420302 0
562 0.6323529411782928 0.719815310542079 0
563 0.6470588235310508 0.7452866459473177 0
564 0.4411764705900492 0.3377452794617815 0
565 0.5882352941189994 0.8981146583787346 0
566 0.67647058823697 0.6434013043260162 0
567 0.647058823531085 0.6434013043260945 0
568 0.6617647058840579 0.6179299689206936 0
569 0.6323529411782782 0.6179299689207134 0
570 0.6470588235311675 0.5924586335153583 0
571 0.6176470588253919 0.5924586335153761 0
572 0.6323529411782641 0.5669872981100315 0
573 0.2500000000022075 0.3632166148673314 0
574 0.3088235294138091 0.2613312732456763 0
575 0.7941176470599697 0.1339745962184951 0
576 0.3529411764728446 0.7962293167579952 0
577 0.3676470588257777 0.8217006521632437 0
578 0.3382352941199638 0.8217006521633421 0
579 0.352941176472915 0.8471719875686394 0
580 0.323529411767072 0.8471719875687218 0
581 0.3382352941200094 0.8726433229740931 0
582 0.3088235294141634 0.8726433229741289 0
583 0.3676470588258748 0.8726433229739161 0
584 0.5882366507041934 0.133974865049049 0
585 0.6617647058836357 0.1594459316239184 0
586 0.4411764705904027 0.8981146583787301 0
587 0.6176470588254237 0.7452866459473358 0
588 0.3970588235311664 0.108503260813276 0
589 0.808823529412896 0.1085032608130702 0
590 0.7794117647070214 0.1085032608130862 0
591 0.3375914078978257 0.1065625039523879 0
592 0.1324044233559469 0.1084735375641982 0
593 0.6911764705894581 0.1085032608130993 0
594 0.6617647058835943 0.1085032608131053 0
595 0.4865805817816292 0.1122706893098608 0
596 0.5441176470602844 0.1085032608131352 0
597 0.8970588235303355 0.4141592856776296 0
598 0.1029411764726561 0.2613312732458742 0
599 0.1034318043372862 0.4648186923596804 0
600 0.8965808879784604 0.7710339175721774 0
601 0.8970588235306129 0.6688726397312665 0
602 0.1033896234205076 0.1082443498471412 0
603 0.8966818058199106 0.8724256516973444 0
604 0.8970588235304464 0.2613312732454199 0
605 0.6029411764725352 0.7198153105420837 0
606 0.6029411764724164 0.5669872981100051 0
607 0.6176470588252759 0.5415159627046525 0
608 0.6470588235311167 0.5415159627046721 0
609 0.6323529411782174 0.5160446272993451 0
610 0.6029411764723093 0.5160446272993094 0
611 0.617647058825296 0.4905732918940142 0
612 0.4411764705902833 0.6943439751364001 0
613 0.1323529411792188 0.6688726397315472 0
614 0.1029411764734736 0.6688726397315651 0
615 0.3529411764725346 0.5415159627046329 0
616 0.3676470588254406 0.5669872981099332 0
617 0.3382352941196802 0.5160446272993289 0
618 0.4117647058841776 0.2358599378403216 0
619 0.6470588235304564 0.8981146583787325 0
620 0.6764705882361787 0.8981146583787332 0
621 0.3823529411783581 0.235859937840308 0
622 0.6470588235311071 0.4905732918940039 0
623 0.6323529411781896 0.4651019564886745 0
624 0.6029411764724031 0.4651019564886961 0
625 0.6176470588252788 0.4396306210833449 0
626 0.5882352941194945 0.4396306210833685 0
627 0.602941176472368 0.41415928567801 0
628 0.6323529411781397 0.4141592856779493 0
629 0.6176470588252356 0.3886879502726387 0
630 0.5882352941194434 0.388687950272669 0
631 0.3235294117668124 0.5924586335152916 0
632 0.3676470588255704 0.4141592856779174 0
633 0.411764705884441 0.7962293167578754 0
634 0.5000000000016511 0.3886879502725087 0
635 0.1764705882375108 0.3377452794621124 0
636 0.1617647058850324 0.566987298110071 0
637 0.8676470588245057 0.3632166148669336 0
638 0.897058823530312 0.3632166148669145 0
639 0.8382352941187001 0.3632166148669509 0
640 0.7647058823544445 0.8981146583793056 0
641 0.7941176470601812 0.8981146583792987 0
642 0.867647058824587 0.516044627299078 0
643 0.8970588235303956 0.5160446272990606 0
644 0.2941176470612236 0.8471719875687489 0
645 0.2794117647083064 0.8726433229741558 0
646 0.1177288301369991 0.4395834103953981 0
647 0.147072452083912 0.4396227526355084 0
648 0.8822732852522526 0.7453326353170917 0
649 0.8529279004841941 0.7452943108421364 0
650 0.1470588235321417 0.898114658379777 0
651 0.1176470588262689 0.8981146583797794 0
652 0.1764705882380139 0.8981146583797666 0
653 0.1029411764733315 0.8726433229743666 0
654 0.3529411764729595 0.8981146583794504 0
655 0.2941176470612493 0.8981146583795532 0
656 0.2647058823553792 0.8981146583795823 0
657 0.8822901048923835 0.8980783798332631 0
658 0.9092494761997882 0.8453279287873297 0
659 0.9117647058835379 0.6434013043258688 0
660 0.08823529412069482 0.5924586335154998 0
661 0.9117647058832847 0.4905732918936915 0
662 0.9096961094725251 0.8978546621317773 0
663 0.08823529411972669 0.2868026086513412 0
664 0.09031352992217209 0.4894394964850189 0
665 0.909675532462412 0.7463107600971999 0
666 0.08823529412061695 0.6943439751369012 0
667 0.9117647058833659 0.2868026086507832 0
668 0.09077447121969613 0.1336626489014679 0
669 0.08823529412039187 0.8981146583797732 0
670 0.08750784541267445 0.439549919402675 0
671 0.7352941176486998 0.898114658379308 0
672 0.6764705882361876 0.8471719875681513 0
673 0.6617647058833206 0.8217006521628513 0
674 0.588235294119722 0.7452866459473794 0
675 0.6176470588253432 0.6434013043260326 0
676 0.7794117647073147 0.9235859937846028 0
677 0.5294117647075864 0.3886879502725722 0
678 0.411764705884419 0.7452866459472162 0
679 0.4264705882373972 0.6688726397310958 0
680 0.5735294117662684 0.6688726397311142 0
681 0.5735294117666072 0.7198153105419367 0
682 0.4264705882374942 0.8726433229734751 0
683 0.1617647058850907 0.9235859937851731 0
684 0.4411943563183137 0.1849213860420891 0
685 0.5000388959485356 0.1849186419748385 0
686 0.6617647058833184 0.923585993784014 0
687 0.6911764705890355 0.9235859937840154 0
688 0.3529411764727116 0.6434013043259725 0
689 0.1617647058849701 0.6688726397315488 0
690 0.3823529411783019 0.5415159627046016 0
691 0.397058823531207 0.5669872981099073 0
692 0.3823529411788072 0.8981146583794397 0
693 0.1470588235320972 0.6434013043261588 0
694 0.7500000000012507 0.2613312732454942 0
695 0.2352941176491185 0.1339745962187326 0
696 0.2500000000020243 0.1085032608133408 0
697 0.6323529411776199 0.9235859937840055 0
698 0.3823529411784966 0.6434013043259678 0
699 0.8529307037575873 0.8981086119550632 0
700 0.2794117647078561 0.1085032608133264 0
701 0.08836786837677352 0.5415925044872598 0
702 0.3235294117669164 0.643401304325981 0
703 0.3676470588254667 0.2613312732457195 0
704 0.4558823529428829 0.5160446272992438 0
705 0.8676470588246281 0.1594459316238823 0
706 0.8823529411775597 0.1339745962184774 0
707 0.8676470588246278 0.1085032608130737 0
708 0.8970588235304812 0.159445931623882 0
709 0.897058823530494 0.1085032608130694 0
710 0.5294117647076884 0.4396306210832997 0
711 0.6911764705897122 0.4141592856777562 0
712 0.4411764705900648 0.388687950272513 0
713 0.6764705882369393 0.5924586335153212 0
714 0.4411764705902644 0.643401304325777 0
715 0.8382352941187797 0.5160446272990933 0
716 0.08823529411982328 0.3377452794622294 0
717 0.07434887956766849 0.3627434949123126 0
718 0.8088235294130464 0.6688726397312734 0
719 0.9119684106418968 0.7958804960119836 0
720 0.2205882352961718 0.1085032608133334 0
721 0.5882352941195048 0.5924586335153852 0
722 0.7205882352953299 0.108503260813094 0
723 0.3529411764725391 0.2358599378402676 0
724 0.6911764705890628 0.8217006521629308 0
725 0.6029411764720197 0.1594459316238712 0
726 0.5882354879169867 0.184917305433646 0
727 0.4411764705903752 0.8471719875682162 0
728 0.2647058823553895 0.8471719875687947 0
729 0.6176470911245862 0.1849172734300007 0
730 0.3676470588259079 0.9235859937847106 0
731 0.8088235294129796 0.9235859937845909 0
732 0.6764705882363465 0.7962293167577841 0
733 0.6470588235305559 0.7962293167577665 0
734 0.3970588235318188 0.923585993784395 0
735 0.8676348406578465 0.923578939622919 0
736 0.1911764705909866 0.9235859937849631 0
737 0.2058823529439019 0.8981146583797218 0
738 0.2205882352968755 0.9235859937849673 0
739 0.3382352941200442 0.9235859937848104 0
740 0.1029411764733264 0.9235859937852141 0
741 0.07427523829270805 0.6693032428765703 0
742 0.26470588235493 0.08303192540795509 0
743 0.293065966232874 0.08363911361701927 0
744 0.1177303803464237 0.08298381970528301 0
745 0.1470748715907296 0.08302266005641051 0
746 0.09077507925653766 0.08024315952862104 0
747 0.6764705882365067 0.08303192540767262 0
748 0.6481105043581603 0.08363911361655237 0
749 0.7951693278875288 0.08363911361654698 0
750 0.8237046919037631 0.08313312344245757 0
751 0.7654570829450186 0.08115312652740782 0
752 0.8823529411775592 0.08303192540765665 0
753 0.9117647058834334 0.08303192540765243 0
754 0.07352941176748005 0.8726433229743558 0
755 0.08823529412039989 0.8471719875689862 0
756 0.07412307455325418 0.261674024615502 0
757 0.08833423791743041 0.2359170630686918 0
758 0.07438253973669694 0.9230934401222364 0
759 0.9257247617112163 0.6693032428764211 0
760 0.9256799433242076 0.1089597398659362 0
761 0.573529411766718 0.5669872981100667 0
762 0.08835959854145969 0.6434730715170521 0
763 0.5735294117666216 0.4651019564887227 0
764 0.4117647058845345 0.6943439751364182 0
765 0.4117647058840692 0.5415159627045776 0
766 0.4264705882369723 0.5669872981098837 0
767 0.4117647058841872 0.5924586335152442 0
768 0.4411764705899695 0.5924586335152131 0
769 0.3823529411785533 0.4905732918939359 0
770 0.3676470588256416 0.4651019564886121 0
771 0.176470588237865 0.643401304326167 0
772 0.161764705884976 0.6179299689207938 0
773 0.6029411764723213 0.3632166148672997 0
774 0.5735294117664529 0.3632166148672713 0
775 0.63235294117812 0.3632166148672721 0
776 0.3970588235312471 0.2103886024348564 0
777 0.2058823529437291 0.6943439751367712 0
778 0.3676470588255325 0.6179299689206164 0
779 0.191176470590403 0.3122739440566953 0
780 0.661764705883975 0.4651019564886232 0
781 0.676470588236899 0.4905732918939855 0
782 0.6764705882368707 0.7452866459473417 0
783 0.8823529411774089 0.3377452794615691 0
784 0.91176470588321 0.3377452794615559 0
785 0.5147058823545524 0.3632166148671588 0
786 0.2058823529436903 0.5924586335154018 0
787 0.2205882352961922 0.1594459316241131 0
788 0.4852941176487405 0.3632166148671593 0
789 0.2058823529433699 0.3377452794620804 0
790 0.1911764705904614 0.3632166148675153 0
791 0.8529411764716972 0.541515962704445 0
792 0.8235294117658928 0.541515962704457 0
793 0.764705882354116 0.1339745962185133 0
794 0.4117647058845735 0.8471719875682928 0
795 0.3235294117670467 0.7962293167580141 0
796 0.1323688411562107 0.4141501058222428 0
797 0.161765986971399 0.414158546042627 0
798 0.176473073177581 0.4396291864029165 0
799 0.6176472849224182 0.1339746410235808 0
800 0.6035852241905929 0.1065625359557393 0
801 0.2794117647083403 0.8217006521634136 0
802 0.08837187208678229 0.3886090969471817 0
803 0.05480862450520876 0.3861201103747829 0
804 0.8676315701725206 0.7198242529193226 0
805 0.8382305000121902 0.7198180784206142 0
806 0.823526400083571 0.7452883847428633 0
807 0.7941176470596449 0.9490573291898867 0
808 0.602941176472291 0.7707579813526434 0
809 0.5735294117667726 0.7707579813526617 0
810 0.9114827236226506 0.6943247069841461 0
811 0.3823529411787361 0.9490573291895554 0
812 0.2794117647083461 0.9235859937849048 0
813 0.176470588237801 0.9490573291900246 0
814 0.9255907258621187 0.5165526160775724 0
815 0.9116180621543021 0.5416006275008294 0
816 0.9258769254496088 0.2616740246150934 0
817 0.9116657620855708 0.2359170630683263 0
818 0.9256511204351145 0.3627434949114004 0
819 0.9376707052525493 0.4931267565654808 0
820 0.9252113258006395 0.4659172270129658 0
821 0.9400193184766292 0.5421158554422024 0
822 0.9254903453248727 0.5666609053366847 0
823 0.809424283044037 0.05790743527285537 0
824 0.8970588235304908 0.05756059000222489 0
825 0.1323529411784577 0.05756059000237711 0
826 0.2794117647078292 0.05756059000257537 0
827 0.9400355715550518 0.3377608683584561 0
828 0.83731295225247 0.05824245209549456 0
829 0.9451253544916289 0.08487911323603257 0
830 0.9403291655512189 0.6931287753672948 0
831 0.9459444900145367 0.6452106704018991 0
832 0.9272652581406311 0.618231529933138 0
833 0.9540536359661214 0.6181763968860552 0
834 0.945043595009788 0.2892791091556146 0
835 0.9390506822005422 0.2357826185857759 0
836 0.926099799538519 0.2103852367636796 0
837 0.9544041820620981 0.2118421309480059 0
838 0.9454710845797335 0.1825004249272232 0
839 0.05458152051596295 0.2354054371172619 0
840 0.07479888919747274 0.2107591105091238 0
841 0.05465147315559194 0.6446609150892989 0
842 0.05492098660703233 0.2894462998326302 0
843 0.05882352941457453 0.8471719875689769 0
844 0.07427593560490703 0.8221476797090754 0
845 0.05947312176415826 0.6946061931078844 0
846 0.0735294117677591 0.7198153105421902 0
847 0.04442693228442877 0.7202467174407069 0
848 0.05903447581212971 0.7459422369693784 0
849 0.04571164291213003 0.7728640551366591 0
850 0.07450041062538627 0.7709329370224888 0
851 0.06067082135670066 0.3377276920430963 0
852 0.3088022989567044 0.05847647041725346 0
853 0.1617647058843181 0.05756059000236741 0
854 0.1764732629138093 0.08303038118253012 0
855 0.1911769163695876 0.05916782257924775 0
856 0.2500000000020103 0.05756059000258692 0
857 0.6617647058835426 0.05756059000224585 0
858 0.6323920499128697 0.05814261959365835 0
859 0.690425269997889 0.06021277022733623 0
860 0.8234911274515799 0.03527162589764923 0
861 0.04453806341733264 0.8708321200066886 0
862 0.7058823529418976 0.8981146583787366 0
863 0.7058823529421733 0.8471719875682966 0
864 0.7205882352948094 0.8217006521628537 0
865 0.5441176470606216 0.7198153105417968 0
866 0.58823529411942 0.6943439751366187 0
867 0.5882352941192454 0.6434013043259041 0
868 0.558823529413731 0.592458633515367 0
869 0.4411764705904293 0.9490573291892408 0
870 0.5588235294136641 0.4396306210833737 0
871 0.07352941176770506 0.6179299689210552 0
872 0.1029618938769965 0.6179419301192786 0
873 0.05928071931538074 0.5921946748033838 0
874 0.5588235294135251 0.3886879502726248 0
875 0.5441176470604646 0.3632166148671909 0
876 0.5588235294135244 0.3377452794618532 0
877 0.4558823529427353 0.5669872981098596 0
878 0.02537384686729992 0.455895697712845 0
879 0.0493778010809748 0.4718437958861262 0
880 0.04808958867719204 0.4993214402092527 0
881 0.05494022452763716 0.4405209778346828 0
882 0.4264705882374096 0.7198153105417374 0
883 0.5294117647075642 0.9490573291892667 0
884 0.5441176470603846 0.9235859937839839 0
885 0.6176470588251857 0.3377452794619005 0
886 0.647058823530976 0.3377452794618373 0
887 0.205882873019146 0.08329954013309045 0
888 0.7647058823544667 0.9490573291898949 0
889 0.4117647058844464 0.643401304325843 0
890 0.5588235294132942 0.9490573291892132 0
891 0.5735294117663263 0.9745286645944131 0
892 0.5882352941189954 0.9490573291891088 0
893 0.073627705793907 0.5669560619551841 0
894 0.05920901235265262 0.54296300451249 0
895 0.04503046031434791 0.5680754277034663 0
896 0.03204111029186738 0.591165240769391 0
897 0.3970588235315809 0.7198153105418368 0
898 0.4411764705902174 0.7452866459471676 0
899 0.2205883962720094 0.05948055450035802 0
900 0.2058823755062357 0.03287569758834517 0
901 0.1911764705907434 0.6179299689207906 0
902 0.1030655971129126 0.8217907422061677 0
903 0.3823529411783136 0.1849172670294177 0
904 0.4264735691918001 0.2103892889369466 0
905 0.9703625771231261 0.5430211026109556 0
906 0.6470588235304684 0.9490573291893396 0
907 0.5441176470576451 0.02547133540545411 0
908 0.529411764704621 0.0509426708108162 0
909 0.4999999999987939 0.05094267081082023 0
910 0.5147058823517108 0.07641400621618863 0
911 0.4852941176458904 0.0764140062161948 0
912 0.5441176470575341 0.07641400621618884 0
913 0.470588235295709 0.5924586335151744 0
914 0.4705882352929717 0.05094267081082275 0
915 0.4558823529400768 0.07480651626842197 0
916 0.4411764705871522 0.05067475581950609 0
917 0.4275222690621497 0.07549425051727211 0
918 0.4119399860193276 0.05074472569577139 0
919 0.397827909848448 0.07824071197340668 0
920 0.4411764705871776 0.101885341621563 0
921 0.3823529411755557 0.05094267081085521 0
922 0.3676470588226605 0.07641400621621429 0
923 0.353992857297615 0.05033548260172643 0
924 0.3382496692342585 0.07579386466085256 0
925 0.3529411764727388 0.4905732918939669 0
926 0.3382352941197601 0.4651019564886541 0
927 0.6764705882368405 0.4396306210831813 0
928 0.0247294866102578 0.513294267849415 0
929 0.6911764705897614 0.4651019564885682 0
930 0.02545189961407664 0.3974268209396623 0
931 0.02650077847478316 0.3695425300534734 0
932 0.6323529411780371 0.3122739440564599 0
933 0.07352941176698029 0.4141592856785087 0
934 0.2205882352962918 0.3122739440566058 0
935 0.147061687042441 0.3886862970243064 0
936 0.1911764705908171 0.7198153105421597 0
937 0.4264705882373081 0.7707579813525732 0
938 0.4411764705902705 0.7962293167578334 0
939 0.3970880368847511 0.02543834455289738 0
940 0.6176470588247821 0.9490573291893116 0
941 0.4558823529431663 0.7707579813524286 0
942 0.6029412141549695 0.2103886099022166 0
943 0.6323529471287972 0.2103886036139382 0
944 0.5735294503463357 0.2103886100800358 0
945 0.7205882352947559 0.9235859937840196 0
946 0.7058823529418732 0.9490573291893434 0
947 0.7352941176477045 0.9490573291893734 0
948 0.2205882352963194 0.3632166148674562 0
949 0.9264498168169384 0.9746230438040163 0
950 0.9114564507122076 0.9492490315324784 0
951 0.9413059336488299 0.9517287875641355 0
952 0.5147058823548236 0.9745286645946396 0
953 0.6470588245226511 0.23585993803666 0
954 0.6617647070408327 0.210388602664013 0
955 0.5000000000016334 0.3377452794617879 0
956 0.5441176470607691 0.5669872981099799 0
957 0.558823529413482 0.5415159627045816 0
958 0.8235276663135975 0.8981136506419707 0
959 0.3970588235317262 0.8726433229735501 0
960 0.9770297596988569 0.4844491916302108 0
961 0.02691847518521737 0.9294286935905208 0
962 0.6018894956419817 0.02486414719657908 0
963 0.5870083331510585 0.05023428456719457 0
964 0.631605731272078 0.02740952506056848 0
965 0.8382312213965306 0.9235836423973924 0
966 0.8529384613229047 0.9490557615983901 0
967 0.4852941176458396 0.02547133540541106 0
968 0.1911780537056998 0.1085469992996667 0
969 0.1911775212469922 0.1594453250271819 0
970 0.3088235294135658 0.9745286645946758 0
971 0.7205882352955143 0.8726433229738455 0
972 0.1029812402839939 0.9745517954471651 0
973 0.7500000000015521 0.9235859937846188 0
974 0.544117647060758 0.4651019564887081 0
975 0.5588235294136255 0.4905732918940166 0
976 0.02544820455297302 0.1029812402828538 0
977 0.04923785391300541 0.1183528767592735 0
978 0.04904365029943434 0.1471764598525386 0
979 0.04912648803161921 0.08909881218767364 0
980 0.05149499707136759 0.05495214519922943 0
981 0.0251548319869302 0.1617843119367601 0
982 0.04846415501125845 0.1763136662194215 0
983 0.07641400621654022 0.1617647058829639 0
984 0.02493765638802457 0.1911647940615561 0
985 0.2500000000017888 0.974528664594664 0
986 0.1764705882379013 0.5924586335153967 0
987 0.147058823532135 0.7962293167582456 0
988 0.117811052596661 0.7963426266828419 0
989 0.1176677955995315 0.8471870025760773 0
990 0.1325235304714124 0.7708595758061718 0
991 0.02667314101580288 0.306381967584599 0
992 0.9746937698032611 0.8967728529190007 0
993 0.9508068644560359 0.8829203188228846 0
994 0.950861217075457 0.8538689201621122 0
995 0.9747434131524049 0.838345739794861 0
996 0.950730904784914 0.8257479704012735 0
997 0.9748433852867928 0.8092116967970682 0
998 0.9439841680675389 0.7953084646840286 0
999 0.9497857505436695 0.7637379909508787 0
1000 0.9745286645943595 0.7499999999993712 0
1001 0.9518992496245784 0.7363441588364601 0
1002 0.9521876294565361 0.9097454023878513 0
1003 0.9706396933414092 0.6918948612016669 0
1004 0.8970413980557341 0.02461059476818829 0
1005 0.1037983340296264 0.05739335474317291 0
1006 0.02566224172815252 0.249559060339191 0
1007 0.7500000000007929 0.8217006521629793 0
1008 0.3074892540775467 0.1088881875804198 0
1009 0.1176712291304251 0.6434152590576998 0
1010 0.7058823529427756 0.7452866459473386 0
1011 0.6911764705894822 0.7707579813526385 0
1012 0.8823529411775338 0.1849172670292887 0
1013 0.5586190359163314 0.05082460643689935 0
1014 0.5735294117635481 0.07641400621629048 0
1015 0.602920954073083 0.07577768773858684 0
1016 0.3235294117668002 0.3886879502726007 0
1017 0.8382325795072161 0.7707595486343461 0
1018 0.6911764705875052 0.02457417720146484 0
1019 0.6764705882361685 0.9490573291893574 0
1020 0.6176470588247543 0.8981146583787216 0
1021 0.7499999999993398 0.02520342041421794 0
1022 0.7352941176463665 0.05094267081096798 0
1023 0.7628053314046679 0.05139382265263813 0
1024 0.2941176470608629 0.2358599378402742 0
1025 0.3088235294138961 0.4141592856779808 0
1026 0.3382352941197243 0.4141592856779589 0
1027 0.3235294117668352 0.4396306210833221 0
1028 0.3088235294139089 0.4651019564886814 0
1029 0.1764705882374412 0.2868026086512711 0
1030 0.1911764705903645 0.2613312732458062 0
1031 0.7205882352955998 0.5669872981098956 0
1032 0.7058823529426741 0.5415159627045693 0
1033 0.6911764705898089 0.5669872981099545 0
1034 0.1176729490684168 0.3886730025345653 0
1035 0.5441176470606096 0.4141592856779644 0
1036 0.9116329317313957 0.1340506760606169 0
1037 0.9400250905450777 0.1337508805509037 0
1038 0.8235294117659434 0.5924586335151732 0
1039 0.2058823529436422 0.6434013043261195 0
1040 0.2938952678380997 0.134038750679889 0
1041 0.720588235295693 0.7198153105419947 0
1042 0.3235294117667508 0.2868026086510779 0
1043 0.103442219072572 0.5159449601441422 0
1044 0.7205882352955575 0.5160446272992096 0
1045 0.6029411764725261 0.6179299689207219 0
1046 0.6029411764721955 0.6688726397313802 0
1047 0.6323529411781479 0.6688726397314333 0
1048 0.2794117647081104 0.4651019564887038 0
1049 0.2941176470609987 0.4905732918940331 0
1050 0.5735294117663419 0.3122739440564265 0
1051 0.5441176470604477 0.3122739440563778 0
1052 0.2794117647082465 0.6688726397313469 0
1053 0.294117647061115 0.6434013043259947 0
1054 0.2205882352965999 0.5669872981100456 0
1055 0.3088235294137667 0.210388602434862 0
1056 0.3382352941195981 0.2103886024348405 0
1057 0.5882352941194364 0.4905732918940126 0
1058 0.3676470588253437 0.1085032608132959 0
1059 0.5882352941192874 0.5415159627045618 0
1060 0.735294117648343 0.2868026086508828 0
1061 0.7647058823541764 0.2868026086508665 0
1062 0.7794117647070871 0.2613312732454821 0
1063 0.7941176470600015 0.2868026086508588 0
1064 0.8235294117658436 0.2868026086508489 0
1065 0.808823529412902 0.3122739440562363 0
1066 0.8382352941187249 0.3122739440562399 0
1067 0.79411764706001 0.235859937840088 0
1068 0.7205882352956448 0.6179299689206199 0
1069 0.294117647061212 0.7452866459473939 0
1070 0.5588235294138071 0.7452866459472876 0
1071 0.3382352941196777 0.3122739440564576 0
1072 0.5588237619408083 0.184917313108619 0
1073 0.544117692244969 0.2103886113888315 0
1074 0.5294117722382274 0.2358599393325312 0
1075 0.5147123737982515 0.210388833333457 0
1076 0.8529411764716913 0.1849172670292906 0
1077 0.8968489464577757 0.4652378349091154 0
1078 0.9116281279163918 0.3886090969463494 0
1079 0.9264478252416661 0.414146143456629 0
1080 0.9457084993669241 0.3863923167396141 0
1081 0.9531071244598284 0.413043890159122 0
1082 0.691176470589878 0.719815310542007 0
1083 0.808823529412922 0.414159285677675 0
1084 0.2352942311577153 0.08339652194511077 0
1085 0.2647058823552206 0.4905732918940476 0
1086 0.4411764705898916 0.5415159627045837 0
1087 0.4264705882371504 0.3632166148671554 0
1088 0.2941176470610471 0.5924586335153171 0
1089 0.1029411764734956 0.7196731850504856 0
1090 0.382352941178382 0.5924586335152688 0
1091 0.7058823529425903 0.3886879502723854 0
1092 0.3529411764725928 0.5924586335152784 0
1093 0.7647058823541655 0.2358599378401004 0
1094 0.6764705882367827 0.388687950272459 0
1095 0.7794117647070913 0.3632166148669709 0
1096 0.7941176470599861 0.3377452794616037 0
1097 0.7794117647071174 0.4141592856776911 0
1098 0.8823179616653484 0.4396532674864554 0
1099 0.3395695694529096 0.02508640863824935 0
1100 0.7500000000012553 0.3122739440562581 0
1101 0.3235294117670153 0.7452866459473528 0
1102 0.4411769674157939 0.2358600522572679 0
1103 0.05969027970012378 0.8970672247698707 0
1104 0.30882352941405 0.6688726397313367 0
1105 0.02594466105657829 0.6610878430598752 0
1106 0.2058823529437142 0.5415159627047299 0
1107 0.7058823529427681 0.6434013043259853 0
1108 0.6617647058840139 0.5160446272993318 0
1109 0.3529411764724908 0.1849172670294343 0
1110 0.4705882352957642 0.5415159627045818 0
1111 0.7794117647070766 0.3122739440562419 0
1112 0.4117681836646501 0.1849627204470959 0
1113 0.4558859135277041 0.2103894224234716 0
1114 0.3676470588254244 0.2103886024348541 0
1115 0.8235294117659785 0.8471719875686623 0
1116 0.9264705882363764 0.05756059000223693 0
1117 0.4705882352960353 0.7452866459470542 0
1118 0.4558823529431493 0.7198153105417386 0
1119 0.7794117647072576 0.6688726397312866 0
1120 0.3235294117667077 0.2358599378402742 0
1121 0.2794117647052084 0.02547133540535004 0
1122 0.3823529411785086 0.4396306210832545 0
1123 0.3382352941197532 0.6179299689206276 0
1124 0.5441176470603937 0.6179299689204525 0
1125 0.7941176470600069 0.3886879502723237 0
1126 0.9698667420578002 0.3379468674385847 0
1127 0.5735294117665173 0.4141592856780017 0
1128 0.9748166856123485 0.2778487768861779 0
1129 0.4411764705900416 0.4905732918939106 0
1130 0.1911764705908162 0.5669872981100643 0
1131 0.382352941178394 0.2868026086510759 0
1132 0.2058823529437423 0.7452866459474927 0
1133 0.2205882352966364 0.7198153105421181 0
1134 0.2647058823551084 0.337745279461898 0
1135 0.8235294117658113 0.388687950272312 0
1136 0.3529411764726188 0.3886879502725775 0
1137 0.2500000000021597 0.3122739440565263 0
1138 0.882336450544565 0.2358694587114305 0
1139 0.8235294117658652 0.490573291893739 0
1140 0.5441176470604062 0.821700652162866 0
1141 0.5147058823545776 0.465101956488533 0
1142 0.5294117647075647 0.6943439751363871 0
1143 0.9698620882342872 0.1330985011828505 0
1144 0.9115102255474694 0.4397907299376259 0
1145 0.5294225994132775 0.1849179298878926 0
1146 0.8971912685145942 0.6179802290892771 0
1147 0.9264705882363502 0.1594459316238541 0
1148 0.6617647058833159 0.974528664594677 0
1149 0.176470588237943 0.5415159627047514 0
1150 0.4705882352961143 0.8471719875681829 0
1151 0.4558823529429721 0.4141592856778667 0
1152 0.5147058823544538 0.1085032608131695 0
1153 0.4852941176487704 0.312273944056394 0
1154 0.4558823529429442 0.3122739440564142 0
1155 0.945523220971046 0.440853434053133 0
1156 0.4117647058846006 0.8981146583788543 0
1157 0.4705882352960072 0.6434013043257782 0
1158 0.7941176470600622 0.4905732918937552 0
1159 0.1323529411762202 0.02547133540535345 0
1160 0.205882352943324 0.286802608651206 0
1161 0.6911764705892116 0.8726433229735344 0
1162 0.5588235294132394 0.8981146583787135 0
1163 0.5882353068296509 0.2358599403589468 0
1164 0.8088235294128959 0.3632166148669591 0
1165 0.3676470588255003 0.3122739440564498 0
1166 0.5294117647075391 0.8981146583787157 0
1167 0.720588235294749 0.9745286645947125 0
1168 0.1764705882378865 0.6943439751368501 0
1169 0.5882352941193325 0.3377452794618624 0
1170 0.5735294117661266 0.1085032608131112 0
1171 0.2794117647081875 0.617929968920661 0
1172 0.6323529411776071 0.821700652162964 0
1173 0.8823285005560045 0.5415300735038194 0
1174 0.5588235294134789 0.694343975136484 0
1175 0.6911764705898565 0.6179299689206605 0
1176 0.5588235294133014 0.796229316757606 0
1177 0.1617840251526075 0.1084995489115834 0
1178 0.4706518501590383 0.1848787747678758 0
1179 0.89697778634236 0.2103991491727872 0
1180 0.3382352941199337 0.7707579813526745 0
1181 0.5735294117661374 0.8217006521629417 0
1182 0.2352941176491296 0.1849172670295141 0
1183 0.7941176470601309 0.5924586335152007 0
1184 0.9741744748032108 0.07306776441688428 0
1185 0.2794117647081097 0.5160446272993664 0
1186 0.3088235294139719 0.6179299689206454 0
1187 0.02260109070632935 0.8093190073691267 0
1188 0.5294117647075376 0.3377452794617919 0
1189 0.5441176470605165 0.7707579813523437 0
1190 0.3529411764726734 0.4396306210832864 0
1191 0.2500000000024875 0.872643322974212 0
1192 0.2058825280527034 0.1849171659300299 0
1193 0.7794117647070629 0.1594459316239091 0
1194 0.2205882352962459 0.261331273245739 0
1195 0.8382645074750872 0.1085201271522066 0
1196 0.4705882352958543 0.3886879502725132 0
1197 0.8235294117657952 0.3377452794615995 0
1198 0.1176635494585611 0.235869458711797 0
1199 0.7058823529427285 0.5924586335152832 0
1200 0.7047054720159448 0.08408114365424497 0
1201 0.1029411764727236 0.3122739440567674 0
1202 0.07107967835058142 0.02625233392275137 0
1203 0.8382352941188533 0.6688726397312533 0
1204 0.397058823531345 0.6179299689206439 0
1205 0.8088232385043465 0.8726431550177605 0
1206 0.3970588235316149 0.6688726397311355 0
1207 0.1323556896173687 0.2103901892468681 0
1208 0.3088235294141561 0.8217006521633838 0
1209 0.8088235294129771 0.5160446272991107 0
1210 0.7205882352955503 0.4651019564884579 0
1211 0.8382332092730078 0.8726421192877023 0
1212 0.2205882352966856 0.8217006521635384 0
1213 0.1617673914669352 0.4651004059674051 0
1214 0.1911764705907659 0.6688726397314918 0
1215 0.426504670483273 0.02538819357892953 0
1216 0.4558823529429462 0.3632166148671558 0
1217 0.7941176470601224 0.6943439751366134 0
1218 0.6470588235310594 0.4396306210832601 0
1219 0.3235294117671026 0.8981146583794969 0
1220 0.5000010831640559 0.2358599765720749 0
1221 0.8968148016772568 0.821522528124681 0
1222 0.7941176470600914 0.5415159627044792 0
1223 0.3529411764725767 0.2868026086510842 0
1224 0.1323529411792099 0.9235859937849342 0
1225 0.3088235294138847 0.5160446272993441 0
1226 0.3823529411787225 0.6943439751364875 0
1227 0.6617647058840286 0.5669872981099957 0
1228 0.6617647058839158 0.4141592856778632 0
1229 0.750000000001204 0.1594459316239201 0
1230 0.926470588236097 0.3122739440562114 0
1231 0.8970588235303305 0.3122739440561996 0
1232 0.8676470588245527 0.3122739440562048 0
1233 0.5441176470604141 0.5160446272991925 0
1234 0.8088232809795082 0.7707581247858177 0
1235 0.8088235294130072 0.5669872981098227 0
1236 0.1911764705908856 0.8726433229743344 0
1237 0.4705882352958473 0.3377452794617821 0
1238 0.6764705882366735 0.2358599378401605 0
1239 0.602941176471966 0.9745286645947002 0
1240 0.9457113318024634 0.5906476723640072 0
1241 0.1031724531893537 0.2107860999907576 0
1242 0.8529411764716146 0.3377452794615828 0
1243 0.912405170567496 0.1845156568567858 0
1244 0.3382352941196416 0.2613312732456832 0
1245 0.8528215350763586 0.08316524648552449 0
1246 0.8382352941188215 0.5669872981098012 0
1247 0.2058838425619339 0.1339811782700255 0
1248 0.6911764707824 0.2103886024729384 0
1249 0.4853037814243235 0.210385538855207 0
1250 0.3235294117668286 0.4905732918940013 0
1251 0.7352941176482559 0.1339745962185209 0
1252 0.7941171037074983 0.7452869596520906 0
1253 0.07352941176683714 0.3122739440568126 0
1254 0.1911773323443866 0.4651014589551307 0
1255 0.3088235294141486 0.7707579813527003 0
1256 0.8676429853877217 0.5669896499096774 0
1257 0.2058829107258541 0.4396302990477592 0
1258 0.6764705882367533 0.3377452794617438 0
1259 0.2058823529434753 0.3886879502728302 0
1260 0.2352941176493423 0.3886879502727315 0
1261 0.7501252000996599 0.1081901276663838 0
1262 0.8968662567473175 0.5669497538802099 0
1263 0.3088235294141947 0.923585993784816 0
1264 0.6764705882368814 0.5415159627046368 0
1265 0.6617647058838509 0.3122739440564083 0
1266 0.2352941176492427 0.337745279461983 0
1267 0.8668633260075063 0.05569136667664545 0
1268 0.6323529842440201 0.1594459401581988 0
1269 0.6470588683913309 0.1339746051084013 0
1270 0.6911764705897668 0.5160446272992785 0
1271 0.2941176470612555 0.7962293167580553 0
1272 0.7349499607757786 0.08198225178132877 0
1273 0.3676470588254955 0.5160446272993005 0
1274 0.3970588235312814 0.5160446272992749 0
1275 0.7058823529426523 0.4905732918938963 0
1276 0.426470588237041 0.5160446272992705 0
1277 0.6336872885893332 0.1088882018630551 0
1278 0.9117647058833942 0.5924586335151293 0
1279 0.6764705884615886 0.184917267073901 0
1280 0.6470588235309916 0.3886879502725656 0
1281 0.647058823530732 0.1849172670292881 0
1282 0.2205882352966936 0.8726433229742843 0
1283 0.1911771912254204 0.4141588696195276 0
1284 0.808822137889409 0.7198161139384587 0
1285 0.602941176471998 0.923585993783967 0
1286 0.4558823529430552 0.617929968920524 0
1287 0.4558823529432767 0.9235859937839728 0
1288 0.1323604224638495 0.6179342882424281 0
1289 0.6617647058838677 0.3632166148671666 0
1290 0.4558823529432994 0.8217006521629482 0
1291 0.26470588235543 0.7962293167580998 0
1292 0.4264705882372587 0.6179299689205566 0
1293 0.5735294117661517 0.9235859937839535 0
1294 0.2500000000024976 0.8217006521634832 0
1295 0.4705882352960781 0.7962293167576719 0
1296 0.2352941176495876 0.8471719875688764 0
1297 0.1470600704129313 0.5924593534023516 0
1298 0.39705882353162 0.8217006521631354 0
1299 0.8823033626921173 0.6943422541740694 0
1300 0.8235283808275555 0.6943445703491269 0
1301 0.1617651831364286 0.3632163393260914 0
1302 0.2352941176496547 0.898114658379574 0
1303 0.8529293611079961 0.6943457392209436 0
1304 0.8964818325664035 0.7199006179956502 0
1305 0.3823529411787479 0.8471719875684629 0
1306 0.1764714786516043 0.3886874361921496 0
1307 0.1470588235318985 0.9490573291898143 0
1308 0.2500000000026085 0.9235859937846982 0
1309 0.426470588237603 0.9235859937840223 0
1310 0.5735294117663801 0.5160446272993069 0
1311 0.4264705882374299 0.8217006521630502 0
1312 0.1028632916046772 0.4141208034634286 0
1313 0.5735294117663536 0.6179299689206414 0
1314 0.6176470588252775 0.694343975136731 0
1315 0.3676470588251101 0.9745286645947189 0
1316 0.6176470588247664 0.7962293167579417 0
1317 0.5882352941190405 0.7962293167579443 0
1318 0.6323529411779744 0.7707579813524847 0
1319 0.6617647058837133 0.7707579813525555 0
1320 0.7058823529421577 0.7962293167578185 0
1321 0.7352941176479881 0.796229316757878 0
1322 0.7794117647060257 0.9745286645953171 0
1323 0.808823529411826 0.9745286645952043 0
1324 0.8235282804536126 0.9490566760267637 0
1325 0.4117647058847655 0.9490573291893807 0
1326 0.3970588235315745 0.974528664594803 0
1327 0.8676466062987981 0.974528403329681 0
1328 0.3529411764729325 0.9490573291894759 0
1329 0.8822990010084195 0.9490877990771058 0
1330 0.3235294117671592 0.9490573291893976 0
1331 0.8965427990294503 0.9237020268943947 0
1332 0.294117647061168 0.9490573291895067 0
1333 0.2647058823554126 0.9490573291893616 0
1334 0.1617647058839191 0.9745286645950292 0
1335 0.2352941176495652 0.9490573291895157 0
1336 0.205882352943452 0.9490573291899582 0
1337 0.1911764705898373 0.9745286645949611 0
1338 0.1176537361278105 0.9490611843318526 0
1339 0.08842533611268291 0.9490028654309022 0
1340 0.05478906533807295 0.9470054778139608 0
1341 0.08893148038165757 0.796576238914789 0
1342 0.08857554199354467 0.7454840922800107 0
1343 0.07190206018121585 0.5138346247442224 0
1344 0.103465571332111 0.7710109866915472 0
1345 0.9280268763017134 0.7218931277074159 0
1346 0.9754495754816004 0.193635670345396 0
1347 0.06168759298038251 0.7965082624166899 0
1348 0.1041662796992122 0.1591689196504688 0
1349 0.0235841007864184 0.04395318209878772 0
1350 0.9548584183050167 0.02186814716669601 0
1351 0.0443928427401506 0.9759360917682165 0
1352 0.9730849290445551 0.9537314564916693 0
1353 0.09057302808397852 0.1862489665293486 0
1354 0.9283789914742371 0.9230946514126647 0
1355 0.9750795135919392 0.3977800729816293 0
1356 0.9260897689511238 0.8698572067517016 0
1357 0.07398976037946166 0.1050691714523235 0
1358 0.9755167548635826 0.6022045998682511 0
1359 0.07793723735107194 0.05233198810711009 0
1360 0.04498190116025919 0.6153863970750102 0
1361 0.9755457540057025 0.6335234450540799 0
1362 0.9238912063901584 0.7713753365355142 0
1363 0.07594556289761614 0.4643422330516725 0
1364 0.04837346910255916 0.2049499398181805 0
1365 0.04745838130774124 0.8184121243307756 0
1366 0.951657935233175 0.06011725315966453 0
1367 0.9231575070519177 0.8197878438496208 0
1368 0.04724832434839259 0.4124300542718238 0
1369 0.9751690509326504 0.4276418707140922 0
1370 0.04767962377995738 0.2633877814635766 0
1371 0.9541501697241246 0.2578186783168299 0
1372 0.02095925349083035 0.7794117647060255 0
1373 0.9532017544568856 0.4733378989818607 0
1374 0.9792131217446841 0.2205882352936151 0
1375 0.04848660547980835 0.6725122510163386 0
1376 0.9513969073367806 0.6716397470713513 0
1377 0.9511761867457651 0.5636439876491574 0
1378 0.9508509047606362 0.1123389391811284 0
1379 0.01989075323414528 0.8676470588231017 0
1380 0.04915824349990412 0.3592751219822128 0
1381 0.9509968210891793 0.3588917254387416 0
1382 0.04910081072204648 0.3167732279475726 0
1383 0.950985519499208 0.3166950254272961 0
1384 0.01961461381603738 0.7205882352946691 0
1385 0.04880006284888906 0.9187367943244731 0
1386 0.9506999319145625 0.1564538594485186 0
1387 0.950603178697497 0.5190925599701994 0
1388 0.02101169339182715 0.569950185362272 0
1389 0.4622912716991016 0.1133877529030353 0
1390 0.1849675140554221 0.02097456302471642 0
1391 0.6241392042248078 0.08660203175351838 0
1392 0.6111633128102141 0.04728565283131746 0
1393 0.785527138241181 0.05740311232603139 0
1394 0.8013355685706721 0.03837598092417476 0
1395 0.8466378045405394 0.03692902691354057 0
1396 0.7142645198930668 0.06247902245212381 0
1397 0.2267971951171753 0.02097456302384714 0
1398 0.3300163621147827 0.04742086371682665 0
1399 0.3170397192798419 0.08667202804558659 0
1400 0.4180112122531869 0.09645435308478614 0
1401 0.9784690938949352 0.9784690938949472 0
1402 0.02153090610505787 0.9784690938949425 0
1403 0.9784690938950632 0.02153090610490157 0
1404 0.02153090610489308 0.02153090610494076 0
1405 0.04651074894661841 0.5224912102237328 0
1406 0.9532859618147169 0.7131836045065814 0
1407 0.06790010676990468 0.0735294117650892 0
1408 0.06712570855183418 0.4877563180752586 0
1409 0.9117090326429054 0.04115769064007237 0
1410 0.8823529411775495 0.04151596270446792 0
1411 0.1176470588233189 0.04151596270287244 0
1412 0.750000000001119 0.06698729811011085 0
1413 0.1470588235291228 0.04151596270283987 0
1414 0.2647058823523101 0.04151596270277778 0
1415 0.2926188388044593 0.04166468392726183 0
1416 0.6764379976233068 0.04158263589816186 0
1417 0.6485514866355587 0.04165064057008788 0
1418 0.3544396278237213 0.09232530893985418 0
1419 0.3823529411755646 0.09245863351352573 0
1420 0.4999999999988034 0.0924586335134461 0
1421 0.5588235294104862 0.09245863351340185 0
1422 0.5294117647046225 0.09245863351342254 0
1423 0.5867365467518875 0.09232446840885045 0
1424 0.9326557230645064 0.7479322748254937 0
1425 0.9320322156924759 0.8404223782462588 0
1426 0.2355960900888333 0.04107567341010712 0
1427 0.4232532493628801 0.1158527026313703 0
1428 0.705450653073969 0.04226157559179167 0
1429 0.837830157478482 0.01694555601430557 0
1430 0.1761686442213932 0.0410621056302491 0
1431 0.8093995923841343 0.01762113414814409 0
1432 0.4709220971775638 0.09301180483227221 0
1433 0.06715008210059747 0.1326635211306116 0
1434 0.9334318727620918 0.8966944483013759 0
1435 0.9409329934390258 0.04109922761121061 0
1436 0.02044113618551781 0.6107075439847872 0
1437 0.06723948137571852 0.1900976961132339 0
1438 0.9541684060122072 0.9323238258488955 0
1439 0.9612884820102174 0.2344712630429912 0
1440 0.03951665669598722 0.7938388258736011 0
1441 0.9593812087383292 0.4982645328609916 0
$EndNodes
$Elements
2884
1 15 2 0 1 1
2 15 2 0 2 2
3 15 2 0 3 3
4 15 2 0 4 4
5 1 2 0 1 1 5
6 1 2 0 1 5 6
7 1 2 0 1 6 7
8 1 2 0 1 7 8
9 1 2 0 1 8 9
10 1 2 0 1 9 10
11 1 2 0 1 10 11
12 1 2 0 1 11 12
13 1 2 0 1 12 13
14 1 2 0 1 13 14
15 1 2 0 1 14 15
16 1 2 0 1 15 16
17 1 2 0 1 16 17
18 1 2 0 1 17 18
19 1 2 0 1 18 19
20 1 2 0 1 19 20
21 1 2 0 1 20 21
22 1 2 0 1 21 22
23 1 2 0 1 22 23
24 1 2 0 1 23 24
25 1 2 0 1 24 25
26 1 2 0 1 25 26
27 1 2 0 1 26 27
28 1 2 0 1 27 28
29 1 2 0 1 28 29
30 1 2 0 1 29 30
31 1 2 0 1 30 31
32 1 2 0 1 31 32
33 1 2 0 1 32 33
34 1 2 0 1 33 34
35 1 2 0 1 34 35
36 1 2 0 1 35 36
37 1 2 0 1 36 37
38 1 2 0 1 37 2
39 1 2 0 2 2 38
40 1 2 0 2 38 39
41 1 2 0 2 39 40
42 1 2 0 2 40 41
43 1 2 0 2 41 42
44 1 2 0 2 42 43
45 1 2 0 2 43 44
46 1 2 0 2 44 45
47 1 2 0 2 45 46
48 1 2 0 2 46 47
49 1 2 0 2 47 48
50 1 2 0 2 48 49
51 1 2 0 2 49 50
52 1 2 0 2 50 51
53 1 2 0 2 51 52
54 1 2 0 2 52 53
55 1 2 0 2 53 54
56 1 2 0 2 54 55
57 1 2 0 2 55 56
58 1 2 0 2 56 57
59 1 2 0 2 57 58
60 1 2 0 2 58 59
61 1 2 0 2 59 60
62 1 2 0 2 60 61
63 1 2 0 2 61 62
64 1 2 0 2 62 63
65 1 2 0 2 63 64
66 1 2 0 2 64 65
67 1 2 0 2 65 66
68 1 2 0 2 66 67
69 1 2 0 2 67 68
70 1 2 0 2 68 69
71 1 2 0 2 69 70
72 1 2 0 2 70 3
73 1 2 0 3 3 71
74 1 2 0 3 71 72
75 1 2 0 3 72 73
76 1 2 0 3 73 74
77 1 2 0 3 74 75
78 1 2 0 3 75 76
79 1 2 0 3 76 77
80 1 2 0 3 77 78
81 1 2 0 3 78 79
82 1 2 0 3 79 80
83 1 2 0 3 80 81
84 1 2 0 3 81 82
85 1 2 0 3 82 83
86 1 2 0 3 83 84
87 1 2 0 3 84 85
88 1 2 0 3 85 86
89 1 2 0 3 86 87
90 1 2 0 3 87 88
91 1 2 0 3 88 89
92 1 2 0 3 89 90
93 1 2 0 3 90 91
94 1 2 0 3 91 92
95 1 2 0 3 92 93
96 1 2 0 3 93 94
97 1 2 0 3 94 95
98 1 2 0 3 95 96
99 1 2 0 3 96 97
100 1 2 0 3 97 98
101 1 2 0 3 98 99
102 1 2 0 3 99 100
103 1 2 0 3 100 101
104 1 2 0 3 101 102
105 1 2 0 3 102 103
106 1 2 0 3 103 4
107 1 2 0 4 4 104
108 1 2 0 4 104 105
109 1 2 0 4 105 106
110 1 2 0 4 106 107
111 1 2 0 4 107 108
112 1 2 0 4 108 109
113 1 2 0 4 109 110
114 1 2 0 4 110 111
115 1 2 0 4 111 112
116 1 2 0 4 112 113
117 1 2 0 4 113 114
118 1 2 0 4 114 115
119 1 2 0 4 115 116
120 1 2 0 4 116 117
121 1 2 0 4 117 118
122 1 2 0 4 118 119
123 1 2 0 4 119 120
124 1 2 0 4 120 121
125 1 2 0 4 121 122
126 1 2 0 4 122 123
127 1 2 0 4 123 124
128 1 2 0 4 124 125
129 1 2 0 4 125 126
130 1 2 0 4 126 127
131 1 2 0 4 127 128
132 1 2 0 4 128 129
133 1 2 0 4 129 130
134 1 2 0 4 130 131
135 1 2 0 4 131 132
136 1 2 0 4 132 133
137 1 2 0 4 133 134
138 1 2 0 4 134 135
139 1 2 0 4 135 136
140 1 2 0 4 136 1
141 2 2 0 1 838 160 1346
142 2 2 0 1 191 961 1340
143 2 2 0 1 980 189 1202
144 2 2 0 1 176 842 991
145 2 2 0 1 181 834 1128
146 2 2 0 1 160 838 1386
147 2 2 0 1 803 930 931
148 2 2 0 1 980 1202 1359
149 2 2 0 1 157 843 861
150 2 2 0 1 1080 144 1355
151 2 2 0 1 1340 961 1385
152 2 2 0 1 179 829 1184
153 2 2 0 1 141 841 1105
154 2 2 0 1 991 842 1382
155 2 2 0 1 834 181 1383
156 2 2 0 1 1240 167 1358
157 2 2 0 1 155 839 1006
158 2 2 0 1 146 831 1361
159 2 2 0 1 670 881 933
160 2 2 0 1 719 998 1367
161 2 2 0 1 803 931 1380
162 2 2 0 1 144 1080 1381
163 2 2 0 1 173 1155 1369
164 2 2 0 1 157 861 1379
165 2 2 0 1 829 179 1378
166 2 2 0 1 881 670 1363
167 2 2 0 1 998 719 1362
168 2 2 0 1 167 1240 1377
169 2 2 0 1 149 847 848
170 2 2 0 1 1105 841 1375
171 2 2 0 1 831 146 1376
172 2 2 0 1 180 1005 1359
173 2 2 0 1 839 155 1364
174 2 2 0 1 184 845 847
175 2 2 0 1 1202 180 1359
176 2 2 0 1 1155 173 1373
177 2 2 0 1 1155 1081 1369
178 2 2 0 1 998 996 1367
179 2 2 0 1 1006 839 1370
180 2 2 0 1 1358 58 1361
181 2 2 0 1 1355 51 1369
182 2 2 0 1 149 848 849
183 2 2 0 1 831 833 1361
184 2 2 0 1 905 821 1387
185 2 2 0 1 833 1240 1358
186 2 2 0 1 1023 156 1393
187 2 2 0 1 1393 156 1394
188 2 2 0 1 170 861 1103
189 2 2 0 1 1081 1080 1355
190 2 2 0 1 1037 1143 1386
191 2 2 0 1 841 141 1360
192 2 2 0 1 192 951 1352
193 2 2 0 1 847 149 1384
194 2 2 0 1 837 838 1346
195 2 2 0 1 170 1103 1385
196 2 2 0 1 933 881 1368
197 2 2 0 1 172 894 895
198 2 2 0 1 851 147 1382
199 2 2 0 1 1126 827 1383
200 2 2 0 1 191 1340 1351
201 2 2 0 1 189 980 1349
202 2 2 0 1 858 1015 1392
203 2 2 0 1 1015 858 1391
204 2 2 0 1 924 852 1398
205 2 2 0 1 852 924 1399
206 2 2 0 1 147 851 1380
207 2 2 0 1 827 1126 1381
208 2 2 0 1 1357 979 1407
209 2 2 0 1 1348 513 1353
210 2 2 0 1 833 1358 1361
211 2 2 0 1 1081 1355 1369
212 2 2 0 1 140 905 1387
213 2 2 0 1 1143 1037 1378
214 2 2 0 1 879 881 1363
215 2 2 0 1 184 847 1384
216 2 2 0 1 1184 829 1366
217 2 2 0 1 821 905 1377
218 2 2 0 1 1352 951 1438
219 2 2 0 1 999 998 1362
220 2 2 0 1 845 184 1375
221 2 2 0 1 1003 830 1376
222 2 2 0 1 843 157 1365
223 2 2 0 1 930 803 1368
224 2 2 0 1 1005 746 1359
225 2 2 0 1 842 176 1370
226 2 2 0 1 1128 834 1371
227 2 2 0 1 1143 160 1386
228 2 2 0 1 849 848 850
229 2 2 0 1 1342 552 1344
230 2 2 0 1 746 1357 1407
231 2 2 0 1 961 170 1385
232 2 2 0 1 830 1003 1406
233 2 2 0 1 894 172 1405
234 2 2 0 1 983 1348 1353
235 2 2 0 1 849 850 1347
236 2 2 0 1 147 991 1382
237 2 2 0 1 181 1126 1383
238 2 2 0 1 840 839 1364
239 2 2 0 1 850 1341 1347
240 2 2 0 1 850 1342 1344
241 2 2 0 1 977 979 1357
242 2 2 0 1 99 161 1334
243 2 2 0 1 863 971 1161
244 2 2 0 1 863 553 971
245 2 2 0 1 553 863 864
246 2 2 0 1 387 399 1007
247 2 2 0 1 888 150 947
248 2 2 0 1 329 371 1321
249 2 2 0 1 211 865 1070
250 2 2 0 1 865 681 1070
251 2 2 0 1 681 865 1174
252 2 2 0 1 866 681 1174
253 2 2 0 1 680 866 1174
254 2 2 0 1 782 1011 1319
255 2 2 0 1 567 421 1047
256 2 2 0 1 91 1315 1326
257 2 2 0 1 888 947 973
258 2 2 0 1 224 227 956
259 2 2 0 1 945 671 973
260 2 2 0 1 671 862 971
261 2 2 0 1 862 671 945
262 2 2 0 1 947 945 973
263 2 2 0 1 971 862 1161
264 2 2 0 1 933 802 1312
265 2 2 0 1 399 553 1007
266 2 2 0 1 553 864 1007
267 2 2 0 1 710 974 1141
268 2 2 0 1 371 387 1007
269 2 2 0 1 721 1045 1313
270 2 2 0 1 710 870 974
271 2 2 0 1 607 606 1059
272 2 2 0 1 503 677 1035
273 2 2 0 1 677 874 1035
274 2 2 0 1 956 227 957
275 2 2 0 1 874 677 875
276 2 2 0 1 774 874 875
277 2 2 0 1 892 940 1239
278 2 2 0 1 1070 809 1189
279 2 2 0 1 866 680 1046
280 2 2 0 1 761 956 957
281 2 2 0 1 809 1176 1189
282 2 2 0 1 871 660 872
283 2 2 0 1 762 871 872
284 2 2 0 1 1051 876 1188
285 2 2 0 1 211 1070 1189
286 2 2 0 1 660 871 873
287 2 2 0 1 675 867 1045
288 2 2 0 1 867 675 1046
289 2 2 0 1 868 223 956
290 2 2 0 1 558 935 1034
291 2 2 0 1 421 422 1047
292 2 2 0 1 223 868 1124
293 2 2 0 1 223 224 956
294 2 2 0 1 675 567 1047
295 2 2 0 1 692 583 959
296 2 2 0 1 935 796 1034
297 2 2 0 1 161 1307 1334
298 2 2 0 1 941 898 1117
299 2 2 0 1 761 957 1059
300 2 2 0 1 232 974 975
301 2 2 0 1 84 85 891
302 2 2 0 1 430 429 1226
303 2 2 0 1 774 875 876
304 2 2 0 1 786 986 1130
305 2 2 0 1 670 933 1312
306 2 2 0 1 232 975 1233
307 2 2 0 1 1129 704 1276
308 2 2 0 1 974 232 1141
309 2 2 0 1 1204 767 1292
310 2 2 0 1 371 1007 1321
311 2 2 0 1 496 430 897
312 2 2 0 1 137 193 194
313 2 2 0 1 877 225 913
314 2 2 0 1 225 222 913
315 2 2 0 1 965 966 1324
316 2 2 0 1 137 88 193
317 2 2 0 1 897 430 1226
318 2 2 0 1 138 121 878
319 2 2 0 1 870 710 1035
320 2 2 0 1 899 856 1084
321 2 2 0 1 1011 732 1319
322 2 2 0 1 734 692 1156
323 2 2 0 1 693 1009 1288
324 2 2 0 1 138 878 879
325 2 2 0 1 887 899 1084
326 2 2 0 1 222 221 913
327 2 2 0 1 692 959 1156
328 2 2 0 1 891 892 1239
329 2 2 0 1 678 882 898
330 2 2 0 1 720 887 1084
331 2 2 0 1 762 872 1009
332 2 2 0 1 895 873 896
333 2 2 0 1 606 761 1059
334 2 2 0 1 583 579 1305
335 2 2 0 1 610 607 1059
336 2 2 0 1 876 875 1188
337 2 2 0 1 710 503 1035
338 2 2 0 1 328 274 932
339 2 2 0 1 885 328 932
340 2 2 0 1 209 941 1117
341 2 2 0 1 704 1086 1276
342 2 2 0 1 771 772 901
343 2 2 0 1 1050 328 1169
344 2 2 0 1 171 883 890
345 2 2 0 1 887 720 968
346 2 2 0 1 554 968 1247
347 2 2 0 1 1178 685 1249
348 2 2 0 1 274 276 932
349 2 2 0 1 1057 610 1310
350 2 2 0 1 678 496 897
351 2 2 0 1 193 165 869
352 2 2 0 1 882 678 897
353 2 2 0 1 878 166 881
354 2 2 0 1 328 885 1169
355 2 2 0 1 926 925 1250
356 2 2 0 1 565 1285 1293
357 2 2 0 1 883 171 952
358 2 2 0 1 701 521 893
359 2 2 0 1 946 183 1019
360 2 2 0 1 1045 867 1313
361 2 2 0 1 229 226 1110
362 2 2 0 1 968 720 1247
363 2 2 0 1 684 904 1112
364 2 2 0 1 906 142 940
365 2 2 0 1 866 1046 1314
366 2 2 0 1 904 776 1112
367 2 2 0 1 87 88 137
368 2 2 0 1 906 1019 1148
369 2 2 0 1 120 121 138
370 2 2 0 1 1117 898 1118
371 2 2 0 1 776 903 1112
372 2 2 0 1 893 873 895
373 2 2 0 1 1046 1047 1314
374 2 2 0 1 225 877 1110
375 2 2 0 1 85 171 891
376 2 2 0 1 946 947 1167
377 2 2 0 1 925 617 1250
378 2 2 0 1 142 906 1148
379 2 2 0 1 177 1000 1001
380 2 2 0 1 466 902 988
381 2 2 0 1 1086 704 1110
382 2 2 0 1 613 614 1009
383 2 2 0 1 1019 183 1148
384 2 2 0 1 296 1102 1113
385 2 2 0 1 621 723 1114
386 2 2 0 1 986 636 1130
387 2 2 0 1 876 1050 1169
388 2 2 0 1 137 195 952
389 2 2 0 1 948 789 1266
390 2 2 0 1 87 137 952
391 2 2 0 1 958 699 965
392 2 2 0 1 183 946 1167
393 2 2 0 1 927 437 929
394 2 2 0 1 357 358 1039
395 2 2 0 1 898 882 1118
396 2 2 0 1 780 927 929
397 2 2 0 1 940 142 1239
398 2 2 0 1 89 165 193
399 2 2 0 1 122 166 878
400 2 2 0 1 723 1056 1114
401 2 2 0 1 947 150 1167
402 2 2 0 1 422 562 1314
403 2 2 0 1 786 901 986
404 2 2 0 1 734 1156 1309
405 2 2 0 1 62 63 1000
406 2 2 0 1 888 807 1322
407 2 2 0 1 143 921 923
408 2 2 0 1 701 893 894
409 2 2 0 1 143 923 1099
410 2 2 0 1 125 147 931
411 2 2 0 1 158 1323 1324
412 2 2 0 1 771 901 1039
413 2 2 0 1 140 55 905
414 2 2 0 1 916 918 1215
415 2 2 0 1 120 138 928
416 2 2 0 1 1028 926 1250
417 2 2 0 1 731 958 965
418 2 2 0 1 139 22 907
419 2 2 0 1 904 684 1113
420 2 2 0 1 139 907 908
421 2 2 0 1 921 143 939
422 2 2 0 1 558 556 1301
423 2 2 0 1 1050 876 1051
424 2 2 0 1 1322 807 1323
425 2 2 0 1 540 698 1206
426 2 2 0 1 966 158 1324
427 2 2 0 1 902 466 989
428 2 2 0 1 429 540 1226
429 2 2 0 1 172 119 928
430 2 2 0 1 174 914 916
431 2 2 0 1 944 438 1073
432 2 2 0 1 195 883 952
433 2 2 0 1 1092 778 1123
434 2 2 0 1 177 62 1000
435 2 2 0 1 698 889 1206
436 2 2 0 1 84 891 1239
437 2 2 0 1 573 948 1266
438 2 2 0 1 944 942 1163
439 2 2 0 1 1102 904 1113
440 2 2 0 1 521 660 893
441 2 2 0 1 889 698 1204
442 2 2 0 1 778 688 1123
443 2 2 0 1 777 936 1168
444 2 2 0 1 540 1206 1226
445 2 2 0 1 901 772 986
446 2 2 0 1 154 997 998
447 2 2 0 1 138 880 928
448 2 2 0 1 119 120 928
449 2 2 0 1 912 1013 1014
450 2 2 0 1 438 944 1163
451 2 2 0 1 295 942 943
452 2 2 0 1 959 583 1305
453 2 2 0 1 174 916 1215
454 2 2 0 1 1027 926 1028
455 2 2 0 1 154 998 999
456 2 2 0 1 914 174 967
457 2 2 0 1 1039 361 1214
458 2 2 0 1 1315 811 1326
459 2 2 0 1 1027 1026 1190
460 2 2 0 1 88 89 193
461 2 2 0 1 89 90 165
462 2 2 0 1 932 276 1265
463 2 2 0 1 121 122 878
464 2 2 0 1 908 907 1013
465 2 2 0 1 276 278 1265
466 2 2 0 1 633 532 937
467 2 2 0 1 1064 473 1066
468 2 2 0 1 942 295 1163
469 2 2 0 1 122 123 166
470 2 2 0 1 171 890 891
471 2 2 0 1 614 762 1009
472 2 2 0 1 1073 438 1074
473 2 2 0 1 192 949 951
474 2 2 0 1 226 225 1110
475 2 2 0 1 935 558 1301
476 2 2 0 1 54 55 140
477 2 2 0 1 269 267 1074
478 2 2 0 1 704 229 1110
479 2 2 0 1 708 1147 1243
480 2 2 0 1 903 776 1114
481 2 2 0 1 21 22 139
482 2 2 0 1 1113 1178 1249
483 2 2 0 1 295 943 953
484 2 2 0 1 901 357 1039
485 2 2 0 1 685 1075 1249
486 2 2 0 1 1210 307 1275
487 2 2 0 1 1056 723 1120
488 2 2 0 1 660 873 893
489 2 2 0 1 17 18 939
490 2 2 0 1 137 194 195
491 2 2 0 1 938 941 1295
492 2 2 0 1 937 898 941
493 2 2 0 1 73 74 169
494 2 2 0 1 1090 767 1204
495 2 2 0 1 776 621 1114
496 2 2 0 1 693 613 1009
497 2 2 0 1 949 950 951
498 2 2 0 1 574 1120 1244
499 2 2 0 1 1290 938 1295
500 2 2 0 1 811 1325 1326
501 2 2 0 1 106 107 170
502 2 2 0 1 56 167 905
503 2 2 0 1 26 148 964
504 2 2 0 1 21 139 967
505 2 2 0 1 926 1027 1190
506 2 2 0 1 23 168 907
507 2 2 0 1 1013 963 1014
508 2 2 0 1 877 1086 1110
509 2 2 0 1 138 879 880
510 2 2 0 1 358 361 1039
511 2 2 0 1 1009 872 1288
512 2 2 0 1 633 937 938
513 2 2 0 1 192 72 949
514 2 2 0 1 416 473 1064
515 2 2 0 1 86 87 952
516 2 2 0 1 166 123 930
517 2 2 0 1 912 908 1013
518 2 2 0 1 768 913 1286
519 2 2 0 1 143 17 939
520 2 2 0 1 277 275 953
521 2 2 0 1 769 431 1274
522 2 2 0 1 154 64 997
523 2 2 0 1 918 939 1215
524 2 2 0 1 431 1129 1276
525 2 2 0 1 889 1204 1292
526 2 2 0 1 155 130 984
527 2 2 0 1 438 269 1074
528 2 2 0 1 699 958 1211
529 2 2 0 1 702 1053 1186
530 2 2 0 1 936 777 1133
531 2 2 0 1 54 140 960
532 2 2 0 1 772 693 1288
533 2 2 0 1 63 154 1000
534 2 2 0 1 986 772 1297
535 2 2 0 1 772 1288 1297
536 2 2 0 1 1274 431 1276
537 2 2 0 1 925 769 1273
538 2 2 0 1 653 755 989
539 2 2 0 1 139 909 967
540 2 2 0 1 1160 1030 1194
541 2 2 0 1 391 1248 1279
542 2 2 0 1 667 834 1230
543 2 2 0 1 768 1286 1292
544 2 2 0 1 171 86 952
545 2 2 0 1 1273 769 1274
546 2 2 0 1 767 768 1292
547 2 2 0 1 173 53 960
548 2 2 0 1 934 294 1137
549 2 2 0 1 168 963 1013
550 2 2 0 1 525 699 1211
551 2 2 0 1 1090 778 1092
552 2 2 0 1 361 777 1214
553 2 2 0 1 1218 628 1228
554 2 2 0 1 191 105 961
555 2 2 0 1 275 295 953
556 2 2 0 1 1233 975 1310
557 2 2 0 1 778 1090 1204
558 2 2 0 1 678 898 937
559 2 2 0 1 929 437 1210
560 2 2 0 1 532 678 937
561 2 2 0 1 1062 560 1063
562 2 2 0 1 1053 702 1104
563 2 2 0 1 294 934 1160
564 2 2 0 1 802 1034 1312
565 2 2 0 1 65 995 997
566 2 2 0 1 969 787 1192
567 2 2 0 1 968 554 1177
568 2 2 0 1 53 54 960
569 2 2 0 1 909 914 967
570 2 2 0 1 979 188 980
571 2 2 0 1 927 1218 1228
572 2 2 0 1 688 702 1123
573 2 2 0 1 397 1051 1188
574 2 2 0 1 1075 1074 1220
575 2 2 0 1 56 57 167
576 2 2 0 1 55 56 905
577 2 2 0 1 957 227 1233
578 2 2 0 1 755 902 989
579 2 2 0 1 927 780 1218
580 2 2 0 1 362 364 1133
581 2 2 0 1 22 23 907
582 2 2 0 1 610 1059 1310
583 2 2 0 1 124 125 931
584 2 2 0 1 23 24 168
585 2 2 0 1 653 754 755
586 2 2 0 1 520 667 1231
587 2 2 0 1 1285 892 1293
588 2 2 0 1 755 754 843
589 2 2 0 1 918 921 939
590 2 2 0 1 194 193 869
591 2 2 0 1 506 653 989
592 2 2 0 1 560 416 1064
593 2 2 0 1 976 188 979
594 2 2 0 1 907 168 1013
595 2 2 0 1 130 131 984
596 2 2 0 1 1258 425 1289
597 2 2 0 1 554 488 1177
598 2 2 0 1 552 547 990
599 2 2 0 1 1154 1153 1237
600 2 2 0 1 20 21 967
601 2 2 0 1 547 395 990
602 2 2 0 1 1147 838 1243
603 2 2 0 1 930 124 931
604 2 2 0 1 161 100 972
605 2 2 0 1 397 955 1153
606 2 2 0 1 174 20 967
607 2 2 0 1 449 969 1192
608 2 2 0 1 560 1062 1067
609 2 2 0 1 894 893 895
610 2 2 0 1 640 676 973
611 2 2 0 1 145 93 970
612 2 2 0 1 65 66 995
613 2 2 0 1 168 24 962
614 2 2 0 1 466 407 989
615 2 2 0 1 134 188 976
616 2 2 0 1 1120 723 1244
617 2 2 0 1 1066 473 1232
618 2 2 0 1 162 992 993
619 2 2 0 1 1123 702 1186
620 2 2 0 1 782 1010 1011
621 2 2 0 1 774 876 1169
622 2 2 0 1 1063 560 1064
623 2 2 0 1 96 153 985
624 2 2 0 1 713 1033 1199
625 2 2 0 1 997 996 998
626 2 2 0 1 294 1160 1194
627 2 2 0 1 395 386 987
628 2 2 0 1 407 506 989
629 2 2 0 1 162 67 992
630 2 2 0 1 168 962 963
631 2 2 0 1 64 65 997
632 2 2 0 1 1052 1053 1104
633 2 2 0 1 139 908 909
634 2 2 0 1 395 987 990
635 2 2 0 1 1240 832 1278
636 2 2 0 1 331 329 1321
637 2 2 0 1 676 888 973
638 2 2 0 1 667 1230 1231
639 2 2 0 1 755 843 844
640 2 2 0 1 995 996 997
641 2 2 0 1 147 126 991
642 2 2 0 1 591 483 1008
643 2 2 0 1 473 520 1232
644 2 2 0 1 1033 1031 1199
645 2 2 0 1 777 362 1133
646 2 2 0 1 61 177 1003
647 2 2 0 1 803 802 933
648 2 2 0 1 1041 1010 1082
649 2 2 0 1 705 1012 1076
650 2 2 0 1 1012 471 1076
651 2 2 0 1 777 1168 1214
652 2 2 0 1 953 954 1238
653 2 2 0 1 965 735 966
654 2 2 0 1 164 34 1004
655 2 2 0 1 969 554 1247
656 2 2 0 1 384 414 1067
657 2 2 0 1 981 978 982
658 2 2 0 1 802 559 1034
659 2 2 0 1 879 878 881
660 2 2 0 1 1011 331 1320
661 2 2 0 1 530 409 1017
662 2 2 0 1 813 1336 1337
663 2 2 0 1 962 25 964
664 2 2 0 1 531 671 971
665 2 2 0 1 671 640 973
666 2 2 0 1 25 26 964
667 2 2 0 1 1026 632 1190
668 2 2 0 1 1010 782 1082
669 2 2 0 1 948 573 1260
670 2 2 0 1 1073 1074 1075
671 2 2 0 1 393 466 987
672 2 2 0 1 929 1210 1275
673 2 2 0 1 938 937 941
674 2 2 0 1 129 155 1006
675 2 2 0 1 632 1026 1136
676 2 2 0 1 163 978 981
677 2 2 0 1 955 397 1188
678 2 2 0 1 296 1113 1249
679 2 2 0 1 178 1021 1022
680 2 2 0 1 163 976 977
681 2 2 0 1 409 389 1017
682 2 2 0 1 822 1240 1278
683 2 2 0 1 699 735 965
684 2 2 0 1 617 925 1273
685 2 2 0 1 553 531 971
686 2 2 0 1 771 1039 1214
687 2 2 0 1 453 1162 1166
688 2 2 0 1 364 367 1133
689 2 2 0 1 1025 1026 1027
690 2 2 0 1 559 558 1034
691 2 2 0 1 653 669 754
692 2 2 0 1 664 517 1043
693 2 2 0 1 1075 685 1145
694 2 2 0 1 397 268 1051
695 2 2 0 1 99 100 161
696 2 2 0 1 162 993 994
697 2 2 0 1 1063 1065 1111
698 2 2 0 1 891 890 892
699 2 2 0 1 1008 483 1040
700 2 2 0 1 982 978 983
701 2 2 0 1 619 697 1020
702 2 2 0 1 94 175 970
703 2 2 0 1 789 934 1266
704 2 2 0 1 592 744 745
705 2 2 0 1 957 1233 1310
706 2 2 0 1 386 393 987
707 2 2 0 1 1153 955 1237
708 2 2 0 1 949 169 950
709 2 2 0 1 28 178 1018
710 2 2 0 1 644 801 1208
711 2 2 0 1 414 560 1067
712 2 2 0 1 745 825 853
713 2 2 0 1 501 339 1025
714 2 2 0 1 708 706 1036
715 2 2 0 1 987 466 988
716 2 2 0 1 178 29 1021
717 2 2 0 1 175 95 985
718 2 2 0 1 163 133 976
719 2 2 0 1 977 976 979
720 2 2 0 1 687 946 1019
721 2 2 0 1 101 186 972
722 2 2 0 1 245 243 1136
723 2 2 0 1 680 867 1046
724 2 2 0 1 953 943 954
725 2 2 0 1 195 194 196
726 2 2 0 1 1074 267 1220
727 2 2 0 1 574 1024 1120
728 2 2 0 1 398 388 1115
729 2 2 0 1 939 18 1215
730 2 2 0 1 344 1259 1260
731 2 2 0 1 682 586 1156
732 2 2 0 1 66 67 162
733 2 2 0 1 134 135 188
734 2 2 0 1 779 555 1029
735 2 2 0 1 556 555 635
736 2 2 0 1 717 559 802
737 2 2 0 1 745 744 825
738 2 2 0 1 375 386 395
739 2 2 0 1 555 482 1029
740 2 2 0 1 92 93 145
741 2 2 0 1 868 721 1313
742 2 2 0 1 708 1036 1147
743 2 2 0 1 508 555 556
744 2 2 0 1 574 289 1024
745 2 2 0 1 393 407 466
746 2 2 0 1 339 337 1025
747 2 2 0 1 154 999 1000
748 2 2 0 1 459 619 1020
749 2 2 0 1 370 374 375
750 2 2 0 1 992 185 1002
751 2 2 0 1 1029 1030 1160
752 2 2 0 1 327 1010 1041
753 2 2 0 1 94 95 175
754 2 2 0 1 520 1231 1232
755 2 2 0 1 1075 1220 1249
756 2 2 0 1 501 1025 1027
757 2 2 0 1 1021 156 1023
758 2 2 0 1 127 176 991
759 2 2 0 1 35 187 1004
760 2 2 0 1 146 60 1003
761 2 2 0 1 387 398 399
762 2 2 0 1 1035 874 1127
763 2 2 0 1 717 802 803
764 2 2 0 1 382 1067 1093
765 2 2 0 1 546 395 547
766 2 2 0 1 487 700 1040
767 2 2 0 1 446 444 1030
768 2 2 0 1 805 649 806
769 2 2 0 1 402 705 1076
770 2 2 0 1 96 97 153
771 2 2 0 1 451 488 554
772 2 2 0 1 557 556 558
773 2 2 0 1 449 451 969
774 2 2 0 1 614 666 741
775 2 2 0 1 709 760 1036
776 2 2 0 1 68 185 992
777 2 2 0 1 1036 760 1037
778 2 2 0 1 1162 884 1166
779 2 2 0 1 806 1017 1234
780 2 2 0 1 132 163 981
781 2 2 0 1 506 651 653
782 2 2 0 1 501 1028 1048
783 2 2 0 1 548 547 549
784 2 2 0 1 382 384 1067
785 2 2 0 1 870 1035 1127
786 2 2 0 1 234 231 1129
787 2 2 0 1 635 789 790
788 2 2 0 1 125 126 147
789 2 2 0 1 541 543 1145
790 2 2 0 1 1048 1028 1049
791 2 2 0 1 35 36 187
792 2 2 0 1 132 133 163
793 2 2 0 1 131 981 984
794 2 2 0 1 336 382 1093
795 2 2 0 1 324 327 1041
796 2 2 0 1 790 789 948
797 2 2 0 1 176 128 1006
798 2 2 0 1 1113 684 1178
799 2 2 0 1 399 398 500
800 2 2 0 1 1060 1061 1100
801 2 2 0 1 1052 359 1053
802 2 2 0 1 987 988 990
803 2 2 0 1 1132 936 1133
804 2 2 0 1 123 124 930
805 2 2 0 1 531 500 640
806 2 2 0 1 1022 1021 1023
807 2 2 0 1 1205 1115 1211
808 2 2 0 1 613 551 614
809 2 2 0 1 721 571 1045
810 2 2 0 1 550 549 551
811 2 2 0 1 243 632 1136
812 2 2 0 1 340 339 341
813 2 2 0 1 346 343 1085
814 2 2 0 1 741 666 845
815 2 2 0 1 846 666 1089
816 2 2 0 1 676 731 807
817 2 2 0 1 163 977 978
818 2 2 0 1 63 64 154
819 2 2 0 1 706 709 1036
820 2 2 0 1 452 446 1030
821 2 2 0 1 66 162 995
822 2 2 0 1 762 741 841
823 2 2 0 1 508 482 555
824 2 2 0 1 1061 1063 1111
825 2 2 0 1 61 62 177
826 2 2 0 1 349 346 1085
827 2 2 0 1 375 374 386
828 2 2 0 1 614 551 666
829 2 2 0 1 59 60 146
830 2 2 0 1 1063 1064 1065
831 2 2 0 1 531 640 671
832 2 2 0 1 666 551 1089
833 2 2 0 1 399 500 531
834 2 2 0 1 549 547 552
835 2 2 0 1 375 395 546
836 2 2 0 1 312 315 1031
837 2 2 0 1 418 1041 1082
838 2 2 0 1 342 343 345
839 2 2 0 1 525 657 699
840 2 2 0 1 549 552 1089
841 2 2 0 1 899 855 900
842 2 2 0 1 340 341 342
843 2 2 0 1 403 487 1040
844 2 2 0 1 268 270 1051
845 2 2 0 1 649 530 1017
846 2 2 0 1 127 128 176
847 2 2 0 1 307 308 1044
848 2 2 0 1 101 102 186
849 2 2 0 1 1055 1056 1120
850 2 2 0 1 379 412 1055
851 2 2 0 1 338 339 340
852 2 2 0 1 100 101 972
853 2 2 0 1 1073 1075 1145
854 2 2 0 1 640 641 676
855 2 2 0 1 257 251 337
856 2 2 0 1 705 708 1012
857 2 2 0 1 730 692 734
858 2 2 0 1 338 337 339
859 2 2 0 1 482 452 1029
860 2 2 0 1 573 338 1260
861 2 2 0 1 342 341 343
862 2 2 0 1 1014 963 1015
863 2 2 0 1 360 359 1052
864 2 2 0 1 350 352 1054
865 2 2 0 1 676 807 888
866 2 2 0 1 1238 954 1248
867 2 2 0 1 854 853 855
868 2 2 0 1 231 704 1129
869 2 2 0 1 352 355 1054
870 2 2 0 1 993 992 1002
871 2 2 0 1 133 134 976
872 2 2 0 1 247 564 1087
873 2 2 0 1 24 25 962
874 2 2 0 1 337 1016 1025
875 2 2 0 1 33 34 164
876 2 2 0 1 611 610 1057
877 2 2 0 1 464 462 1038
878 2 2 0 1 635 779 789
879 2 2 0 1 148 27 1018
880 2 2 0 1 251 249 1016
881 2 2 0 1 67 68 992
882 2 2 0 1 363 360 1052
883 2 2 0 1 1055 412 1056
884 2 2 0 1 515 701 1043
885 2 2 0 1 93 94 970
886 2 2 0 1 546 547 548
887 2 2 0 1 501 1027 1028
888 2 2 0 1 959 682 1156
889 2 2 0 1 1000 999 1001
890 2 2 0 1 289 297 1024
891 2 2 0 1 709 753 760
892 2 2 0 1 71 72 192
893 2 2 0 1 697 686 906
894 2 2 0 1 705 706 708
895 2 2 0 1 239 237 431
896 2 2 0 1 334 379 1055
897 2 2 0 1 1232 783 1242
898 2 2 0 1 417 363 1052
899 2 2 0 1 30 156 1021
900 2 2 0 1 367 370 1132
901 2 2 0 1 129 130 155
902 2 2 0 1 426 417 427
903 2 2 0 1 270 1050 1051
904 2 2 0 1 913 221 1286
905 2 2 0 1 1029 452 1030
906 2 2 0 1 700 1008 1040
907 2 2 0 1 375 546 1132
908 2 2 0 1 804 649 805
909 2 2 0 1 517 478 1043
910 2 2 0 1 451 554 969
911 2 2 0 1 745 853 854
912 2 2 0 1 345 346 347
913 2 2 0 1 1054 786 1130
914 2 2 0 1 355 357 786
915 2 2 0 1 260 574 1042
916 2 2 0 1 404 403 1040
917 2 2 0 1 350 1054 1106
918 2 2 0 1 95 96 985
919 2 2 0 1 428 427 429
920 2 2 0 1 512 464 1038
921 2 2 0 1 624 611 1057
922 2 2 0 1 253 259 1154
923 2 2 0 1 408 396 478
924 2 2 0 1 337 251 1016
925 2 2 0 1 398 1115 1205
926 2 2 0 1 377 376 396
927 2 2 0 1 345 343 346
928 2 2 0 1 588 486 1058
929 2 2 0 1 322 324 1041
930 2 2 0 1 1067 1062 1093
931 2 2 0 1 250 255 1071
932 2 2 0 1 365 426 1069
933 2 2 0 1 26 27 148
934 2 2 0 1 365 363 417
935 2 2 0 1 417 1052 1104
936 2 2 0 1 548 549 550
937 2 2 0 1 806 649 1017
938 2 2 0 1 619 620 686
939 2 2 0 1 126 127 991
940 2 2 0 1 599 517 664
941 2 2 0 1 347 348 376
942 2 2 0 1 887 855 899
943 2 2 0 1 1032 1031 1033
944 2 2 0 1 60 61 1003
945 2 2 0 1 316 319 1068
946 2 2 0 1 283 280 1060
947 2 2 0 1 614 741 762
948 2 2 0 1 28 29 178
949 2 2 0 1 700 742 743
950 2 2 0 1 521 522 660
951 2 2 0 1 324 326 327
952 2 2 0 1 592 602 744
953 2 2 0 1 687 945 946
954 2 2 0 1 327 329 331
955 2 2 0 1 297 332 334
956 2 2 0 1 515 521 701
957 2 2 0 1 428 429 430
958 2 2 0 1 532 496 678
959 2 2 0 1 429 504 540
960 2 2 0 1 648 530 649
961 2 2 0 1 619 686 697
962 2 2 0 1 334 378 379
963 2 2 0 1 311 312 1031
964 2 2 0 1 546 936 1132
965 2 2 0 1 1068 319 1107
966 2 2 0 1 487 696 700
967 2 2 0 1 257 337 338
968 2 2 0 1 387 388 398
969 2 2 0 1 249 245 1136
970 2 2 0 1 743 826 852
971 2 2 0 1 426 427 428
972 2 2 0 1 685 541 1145
973 2 2 0 1 30 31 156
974 2 2 0 1 550 551 613
975 2 2 0 1 1025 1016 1026
976 2 2 0 1 270 272 1050
977 2 2 0 1 272 274 328
978 2 2 0 1 743 742 826
979 2 2 0 1 515 516 521
980 2 2 0 1 316 318 319
981 2 2 0 1 315 314 316
982 2 2 0 1 414 394 415
983 2 2 0 1 425 286 1091
984 2 2 0 1 478 515 1043
985 2 2 0 1 697 906 940
986 2 2 0 1 355 786 1054
987 2 2 0 1 845 846 847
988 2 2 0 1 414 415 416
989 2 2 0 1 321 320 322
990 2 2 0 1 762 841 871
991 2 2 0 1 384 394 414
992 2 2 0 1 312 314 315
993 2 2 0 1 341 501 1048
994 2 2 0 1 68 69 185
995 2 2 0 1 564 253 1154
996 2 2 0 1 459 499 619
997 2 2 0 1 341 339 501
998 2 2 0 1 686 687 1019
999 2 2 0 1 34 35 1004
1000 2 2 0 1 676 641 731
1001 2 2 0 1 379 403 404
1002 2 2 0 1 1024 334 1055
1003 2 2 0 1 644 728 801
1004 2 2 0 1 248 250 1071
1005 2 2 0 1 640 500 641
1006 2 2 0 1 1100 1061 1111
1007 2 2 0 1 909 911 914
1008 2 2 0 1 408 478 517
1009 2 2 0 1 700 696 742
1010 2 2 0 1 327 326 329
1011 2 2 0 1 281 283 284
1012 2 2 0 1 315 316 1068
1013 2 2 0 1 377 396 408
1014 2 2 0 1 347 376 377
1015 2 2 0 1 488 514 592
1016 2 2 0 1 278 280 281
1017 2 2 0 1 457 459 1020
1018 2 2 0 1 319 320 321
1019 2 2 0 1 379 378 403
1020 2 2 0 1 490 406 585
1021 2 2 0 1 402 468 705
1022 2 2 0 1 311 1031 1032
1023 2 2 0 1 347 346 348
1024 2 2 0 1 429 427 504
1025 2 2 0 1 128 129 1006
1026 2 2 0 1 260 289 574
1027 2 2 0 1 451 480 488
1028 2 2 0 1 382 383 384
1029 2 2 0 1 483 404 1040
1030 2 2 0 1 297 334 1024
1031 2 2 0 1 497 496 532
1032 2 2 0 1 416 415 472
1033 2 2 0 1 365 417 426
1034 2 2 0 1 282 694 1060
1035 2 2 0 1 1078 818 1080
1036 2 2 0 1 471 1012 1179
1037 2 2 0 1 319 318 320
1038 2 2 0 1 755 844 902
1039 2 2 0 1 1298 633 1311
1040 2 2 0 1 455 457 565
1041 2 2 0 1 478 479 515
1042 2 2 0 1 488 592 1177
1043 2 2 0 1 334 332 378
1044 2 2 0 1 974 763 975
1045 2 2 0 1 760 753 829
1046 2 2 0 1 280 282 1060
1047 2 2 0 1 384 385 394
1048 2 2 0 1 29 30 1021
1049 2 2 0 1 255 260 1042
1050 2 2 0 1 571 569 1045
1051 2 2 0 1 702 504 1104
1052 2 2 0 1 540 688 698
1053 2 2 0 1 412 404 413
1054 2 2 0 1 543 1072 1145
1055 2 2 0 1 1065 1096 1111
1056 2 2 0 1 484 483 591
1057 2 2 0 1 131 132 981
1058 2 2 0 1 367 1132 1133
1059 2 2 0 1 832 659 1146
1060 2 2 0 1 399 531 553
1061 2 2 0 1 562 561 563
1062 2 2 0 1 272 328 1050
1063 2 2 0 1 281 280 283
1064 2 2 0 1 786 357 901
1065 2 2 0 1 1065 1064 1066
1066 2 2 0 1 540 504 688
1067 2 2 0 1 562 563 587
1068 2 2 0 1 906 686 1019
1069 2 2 0 1 255 1042 1071
1070 2 2 0 1 1259 948 1260
1071 2 2 0 1 321 322 418
1072 2 2 0 1 343 1048 1085
1073 2 2 0 1 312 313 314
1074 2 2 0 1 237 234 1129
1075 2 2 0 1 348 349 350
1076 2 2 0 1 533 532 633
1077 2 2 0 1 413 483 484
1078 2 2 0 1 413 404 483
1079 2 2 0 1 284 285 286
1080 2 2 0 1 761 721 868
1081 2 2 0 1 565 457 1020
1082 2 2 0 1 477 464 512
1083 2 2 0 1 504 427 1104
1084 2 2 0 1 27 28 1018
1085 2 2 0 1 1010 331 1011
1086 2 2 0 1 638 818 1078
1087 2 2 0 1 266 268 397
1088 2 2 0 1 284 283 285
1089 2 2 0 1 484 591 1058
1090 2 2 0 1 420 418 1082
1091 2 2 0 1 946 945 947
1092 2 2 0 1 449 450 451
1093 2 2 0 1 674 587 808
1094 2 2 0 1 422 561 562
1095 2 2 0 1 674 809 1070
1096 2 2 0 1 519 469 1077
1097 2 2 0 1 1072 944 1073
1098 2 2 0 1 569 567 675
1099 2 2 0 1 343 341 1048
1100 2 2 0 1 308 311 1044
1101 2 2 0 1 418 322 1041
1102 2 2 0 1 543 545 1072
1103 2 2 0 1 557 558 559
1104 2 2 0 1 940 892 1285
1105 2 2 0 1 619 499 620
1106 2 2 0 1 1060 694 1061
1107 2 2 0 1 674 808 809
1108 2 2 0 1 239 431 769
1109 2 2 0 1 635 555 779
1110 2 2 0 1 686 620 687
1111 2 2 0 1 606 571 721
1112 2 2 0 1 379 404 412
1113 2 2 0 1 486 484 1058
1114 2 2 0 1 277 953 1238
1115 2 2 0 1 416 472 473
1116 2 2 0 1 870 763 974
1117 2 2 0 1 914 915 916
1118 2 2 0 1 473 472 520
1119 2 2 0 1 507 482 508
1120 2 2 0 1 494 486 588
1121 2 2 0 1 539 595 1152
1122 2 2 0 1 244 247 1087
1123 2 2 0 1 348 350 1106
1124 2 2 0 1 336 381 382
1125 2 2 0 1 421 420 422
1126 2 2 0 1 854 855 887
1127 2 2 0 1 809 808 1317
1128 2 2 0 1 422 420 561
1129 2 2 0 1 761 868 956
1130 2 2 0 1 605 587 674
1131 2 2 0 1 545 726 1072
1132 2 2 0 1 563 782 1319
1133 2 2 0 1 726 944 1072
1134 2 2 0 1 1106 1130 1149
1135 2 2 0 1 436 430 496
1136 2 2 0 1 282 300 694
1137 2 2 0 1 789 779 934
1138 2 2 0 1 104 105 191
1139 2 2 0 1 419 418 420
1140 2 2 0 1 569 675 1045
1141 2 2 0 1 392 475 476
1142 2 2 0 1 1031 315 1199
1143 2 2 0 1 916 917 918
1144 2 2 0 1 478 396 479
1145 2 2 0 1 667 816 834
1146 2 2 0 1 918 919 921
1147 2 2 0 1 278 279 280
1148 2 2 0 1 606 721 761
1149 2 2 0 1 433 710 1141
1150 2 2 0 1 1048 1049 1085
1151 2 2 0 1 831 659 832
1152 2 2 0 1 520 604 667
1153 2 2 0 1 415 394 471
1154 2 2 0 1 1046 675 1047
1155 2 2 0 1 288 293 301
1156 2 2 0 1 700 743 1008
1157 2 2 0 1 403 424 487
1158 2 2 0 1 1026 1016 1136
1159 2 2 0 1 376 348 1106
1160 2 2 0 1 286 287 288
1161 2 2 0 1 266 397 1153
1162 2 2 0 1 681 674 1070
1163 2 2 0 1 914 911 915
1164 2 2 0 1 696 720 1084
1165 2 2 0 1 726 942 944
1166 2 2 0 1 1248 954 1279
1167 2 2 0 1 909 910 911
1168 2 2 0 1 626 624 763
1169 2 2 0 1 286 285 287
1170 2 2 0 1 350 349 351
1171 2 2 0 1 763 624 1057
1172 2 2 0 1 259 264 1154
1173 2 2 0 1 419 420 421
1174 2 2 0 1 909 908 910
1175 2 2 0 1 311 1032 1044
1176 2 2 0 1 874 630 1127
1177 2 2 0 1 698 688 778
1178 2 2 0 1 284 286 425
1179 2 2 0 1 384 383 385
1180 2 2 0 1 487 695 696
1181 2 2 0 1 654 583 692
1182 2 2 0 1 288 292 293
1183 2 2 0 1 195 196 197
1184 2 2 0 1 661 519 1077
1185 2 2 0 1 1077 469 1098
1186 2 2 0 1 453 454 455
1187 2 2 0 1 283 1060 1100
1188 2 2 0 1 520 472 604
1189 2 2 0 1 414 416 560
1190 2 2 0 1 1016 249 1136
1191 2 2 0 1 521 516 522
1192 2 2 0 1 311 310 312
1193 2 2 0 1 562 587 605
1194 2 2 0 1 327 331 1010
1195 2 2 0 1 371 372 387
1196 2 2 0 1 1061 1062 1063
1197 2 2 0 1 238 237 239
1198 2 2 0 1 745 854 1177
1199 2 2 0 1 1047 422 1314
1200 2 2 0 1 515 479 516
1201 2 2 0 1 705 468 706
1202 2 2 0 1 288 287 292
1203 2 2 0 1 508 556 557
1204 2 2 0 1 699 657 735
1205 2 2 0 1 768 877 913
1206 2 2 0 1 485 484 486
1207 2 2 0 1 551 549 1089
1208 2 2 0 1 667 604 816
1209 2 2 0 1 1083 1097 1125
1210 2 2 0 1 711 437 927
1211 2 2 0 1 301 293 302
1212 2 2 0 1 301 302 437
1213 2 2 0 1 570 569 571
1214 2 2 0 1 638 784 818
1215 2 2 0 1 767 766 768
1216 2 2 0 1 523 638 1078
1217 2 2 0 1 276 277 278
1218 2 2 0 1 274 275 276
1219 2 2 0 1 425 1091 1094
1220 2 2 0 1 572 571 606
1221 2 2 0 1 321 418 419
1222 2 2 0 1 774 630 874
1223 2 2 0 1 244 246 247
1224 2 2 0 1 485 903 1109
1225 2 2 0 1 660 522 872
1226 2 2 0 1 272 273 274
1227 2 2 0 1 348 346 349
1228 2 2 0 1 481 452 482
1229 2 2 0 1 432 718 1119
1230 2 2 0 1 415 471 1138
1231 2 2 0 1 16 17 143
1232 2 2 0 1 814 661 819
1233 2 2 0 1 819 661 820
1234 2 2 0 1 367 368 370
1235 2 2 0 1 886 932 1265
1236 2 2 0 1 818 784 827
1237 2 2 0 1 605 674 681
1238 2 2 0 1 40 41 179
1239 2 2 0 1 1130 636 1149
1240 2 2 0 1 72 73 949
1241 2 2 0 1 329 330 371
1242 2 2 0 1 609 607 610
1243 2 2 0 1 826 742 856
1244 2 2 0 1 771 693 772
1245 2 2 0 1 647 797 798
1246 2 2 0 1 324 325 326
1247 2 2 0 1 648 649 804
1248 2 2 0 1 453 455 1162
1249 2 2 0 1 835 836 837
1250 2 2 0 1 361 362 777
1251 2 2 0 1 493 486 494
1252 2 2 0 1 691 765 766
1253 2 2 0 1 1056 412 1109
1254 2 2 0 1 779 1029 1160
1255 2 2 0 1 691 766 767
1256 2 2 0 1 1083 434 1097
1257 2 2 0 1 1066 1232 1242
1258 2 2 0 1 632 241 1122
1259 2 2 0 1 440 434 1083
1260 2 2 0 1 689 613 693
1261 2 2 0 1 297 298 332
1262 2 2 0 1 1175 713 1199
1263 2 2 0 1 916 915 917
1264 2 2 0 1 413 484 485
1265 2 2 0 1 563 561 782
1266 2 2 0 1 1079 1080 1081
1267 2 2 0 1 301 437 711
1268 2 2 0 1 616 690 691
1269 2 2 0 1 442 474 1098
1270 2 2 0 1 385 402 1076
1271 2 2 0 1 455 456 457
1272 2 2 0 1 376 1106 1149
1273 2 2 0 1 1109 903 1114
1274 2 2 0 1 1097 292 1125
1275 2 2 0 1 195 197 883
1276 2 2 0 1 643 519 661
1277 2 2 0 1 280 279 282
1278 2 2 0 1 737 652 1236
1279 2 2 0 1 270 271 272
1280 2 2 0 1 469 442 1098
1281 2 2 0 1 918 917 919
1282 2 2 0 1 474 523 597
1283 2 2 0 1 436 496 497
1284 2 2 0 1 1079 1078 1080
1285 2 2 0 1 262 258 495
1286 2 2 0 1 616 691 1090
1287 2 2 0 1 534 494 535
1288 2 2 0 1 768 766 877
1289 2 2 0 1 736 652 737
1290 2 2 0 1 413 485 1109
1291 2 2 0 1 457 458 459
1292 2 2 0 1 322 323 324
1293 2 2 0 1 382 381 383
1294 2 2 0 1 820 661 1077
1295 2 2 0 1 316 317 318
1296 2 2 0 1 845 666 846
1297 2 2 0 1 264 265 266
1298 2 2 0 1 392 476 1115
1299 2 2 0 1 441 440 442
1300 2 2 0 1 975 763 1057
1301 2 2 0 1 995 994 996
1302 2 2 0 1 386 390 393
1303 2 2 0 1 820 1144 1155
1304 2 2 0 1 388 392 1115
1305 2 2 0 1 510 616 1092
1306 2 2 0 1 1012 708 1243
1307 2 2 0 1 857 748 858
1308 2 2 0 1 355 356 357
1309 2 2 0 1 921 922 923
1310 2 2 0 1 626 763 870
1311 2 2 0 1 286 288 1091
1312 2 2 0 1 370 375 1132
1313 2 2 0 1 631 510 1092
1314 2 2 0 1 597 523 1078
1315 2 2 0 1 240 242 712
1316 2 2 0 1 1061 694 1062
1317 2 2 0 1 691 767 1090
1318 2 2 0 1 289 290 297
1319 2 2 0 1 820 1077 1144
1320 2 2 0 1 278 281 1265
1321 2 2 0 1 539 537 595
1322 2 2 0 1 604 472 1138
1323 2 2 0 1 854 968 1177
1324 2 2 0 1 208 206 209
1325 2 2 0 1 214 213 215
1326 2 2 0 1 568 567 569
1327 2 2 0 1 312 310 313
1328 2 2 0 1 16 143 1099
1329 2 2 0 1 816 817 835
1330 2 2 0 1 287 285 291
1331 2 2 0 1 474 597 1098
1332 2 2 0 1 370 373 374
1333 2 2 0 1 497 532 533
1334 2 2 0 1 302 303 304
1335 2 2 0 1 1069 426 1101
1336 2 2 0 1 485 486 493
1337 2 2 0 1 883 884 890
1338 2 2 0 1 428 430 436
1339 2 2 0 1 427 417 1104
1340 2 2 0 1 597 1078 1079
1341 2 2 0 1 825 744 1005
1342 2 2 0 1 479 396 1149
1343 2 2 0 1 441 442 469
1344 2 2 0 1 212 210 213
1345 2 2 0 1 247 246 252
1346 2 2 0 1 566 421 567
1347 2 2 0 1 304 303 305
1348 2 2 0 1 445 447 449
1349 2 2 0 1 643 661 814
1350 2 2 0 1 493 494 534
1351 2 2 0 1 570 571 572
1352 2 2 0 1 459 498 499
1353 2 2 0 1 688 504 702
1354 2 2 0 1 510 615 616
1355 2 2 0 1 220 218 221
1356 2 2 0 1 433 503 710
1357 2 2 0 1 691 690 765
1358 2 2 0 1 247 253 564
1359 2 2 0 1 204 202 205
1360 2 2 0 1 292 287 1095
1361 2 2 0 1 545 725 726
1362 2 2 0 1 618 776 904
1363 2 2 0 1 302 293 303
1364 2 2 0 1 726 729 942
1365 2 2 0 1 1182 333 1192
1366 2 2 0 1 308 310 311
1367 2 2 0 1 403 378 424
1368 2 2 0 1 278 277 279
1369 2 2 0 1 305 303 434
1370 2 2 0 1 638 783 784
1371 2 2 0 1 301 711 1091
1372 2 2 0 1 442 443 474
1373 2 2 0 1 534 684 1112
1374 2 2 0 1 242 244 1087
1375 2 2 0 1 631 1092 1123
1376 2 2 0 1 477 512 526
1377 2 2 0 1 921 919 922
1378 2 2 0 1 572 606 607
1379 2 2 0 1 442 440 443
1380 2 2 0 1 523 637 638
1381 2 2 0 1 474 511 523
1382 2 2 0 1 412 413 1109
1383 2 2 0 1 1038 462 1183
1384 2 2 0 1 49 50 144
1385 2 2 0 1 434 303 1097
1386 2 2 0 1 1068 1175 1199
1387 2 2 0 1 254 251 257
1388 2 2 0 1 439 440 441
1389 2 2 0 1 485 493 903
1390 2 2 0 1 300 336 1093
1391 2 2 0 1 981 982 984
1392 2 2 0 1 616 615 690
1393 2 2 0 1 240 712 1151
1394 2 2 0 1 1024 1055 1120
1395 2 2 0 1 15 16 1099
1396 2 2 0 1 268 269 270
1397 2 2 0 1 260 261 289
1398 2 2 0 1 369 366 1069
1399 2 2 0 1 443 440 1083
1400 2 2 0 1 623 611 624
1401 2 2 0 1 259 258 262
1402 2 2 0 1 287 291 1095
1403 2 2 0 1 439 434 440
1404 2 2 0 1 201 203 453
1405 2 2 0 1 288 301 1091
1406 2 2 0 1 253 252 258
1407 2 2 0 1 766 765 1086
1408 2 2 0 1 293 292 1097
1409 2 2 0 1 1056 1109 1114
1410 2 2 0 1 616 1090 1092
1411 2 2 0 1 266 267 268
1412 2 2 0 1 182 15 1099
1413 2 2 0 1 470 469 519
1414 2 2 0 1 115 116 141
1415 2 2 0 1 534 535 536
1416 2 2 0 1 1091 711 1094
1417 2 2 0 1 1036 1037 1147
1418 2 2 0 1 561 420 1082
1419 2 2 0 1 687 862 945
1420 2 2 0 1 48 49 1126
1421 2 2 0 1 903 493 1112
1422 2 2 0 1 534 536 684
1423 2 2 0 1 292 1095 1125
1424 2 2 0 1 493 534 1112
1425 2 2 0 1 7 8 180
1426 2 2 0 1 233 235 433
1427 2 2 0 1 255 256 260
1428 2 2 0 1 202 200 1150
1429 2 2 0 1 609 610 611
1430 2 2 0 1 605 681 866
1431 2 2 0 1 411 410 509
1432 2 2 0 1 244 245 246
1433 2 2 0 1 672 863 1161
1434 2 2 0 1 883 197 884
1435 2 2 0 1 215 213 1118
1436 2 2 0 1 262 495 618
1437 2 2 0 1 568 569 570
1438 2 2 0 1 744 746 1005
1439 2 2 0 1 476 525 1211
1440 2 2 0 1 353 351 410
1441 2 2 0 1 214 215 216
1442 2 2 0 1 770 769 925
1443 2 2 0 1 220 221 222
1444 2 2 0 1 411 510 631
1445 2 2 0 1 837 836 838
1446 2 2 0 1 236 234 237
1447 2 2 0 1 696 695 720
1448 2 2 0 1 536 535 537
1449 2 2 0 1 1033 713 1227
1450 2 2 0 1 431 237 1129
1451 2 2 0 1 636 479 1149
1452 2 2 0 1 258 252 1131
1453 2 2 0 1 474 443 511
1454 2 2 0 1 448 446 452
1455 2 2 0 1 411 509 510
1456 2 2 0 1 356 354 1171
1457 2 2 0 1 817 604 1138
1458 2 2 0 1 303 293 1097
1459 2 2 0 1 265 263 296
1460 2 2 0 1 590 575 793
1461 2 2 0 1 618 621 776
1462 2 2 0 1 319 321 1107
1463 2 2 0 1 441 469 470
1464 2 2 0 1 49 144 1126
1465 2 2 0 1 419 421 566
1466 2 2 0 1 250 249 251
1467 2 2 0 1 105 106 961
1468 2 2 0 1 453 203 454
1469 2 2 0 1 305 434 439
1470 2 2 0 1 523 511 637
1471 2 2 0 1 808 1316 1317
1472 2 2 0 1 353 410 411
1473 2 2 0 1 638 637 783
1474 2 2 0 1 847 846 848
1475 2 2 0 1 208 209 210
1476 2 2 0 1 495 258 1131
1477 2 2 0 1 228 230 232
1478 2 2 0 1 625 624 626
1479 2 2 0 1 212 213 214
1480 2 2 0 1 197 196 198
1481 2 2 0 1 204 205 206
1482 2 2 0 1 19 20 174
1483 2 2 0 1 52 53 173
1484 2 2 0 1 14 15 182
1485 2 2 0 1 942 729 943
1486 2 2 0 1 247 252 253
1487 2 2 0 1 877 766 1086
1488 2 2 0 1 423 682 727
1489 2 2 0 1 618 495 621
1490 2 2 0 1 637 511 639
1491 2 2 0 1 231 229 704
1492 2 2 0 1 243 241 632
1493 2 2 0 1 224 226 227
1494 2 2 0 1 542 539 1152
1495 2 2 0 1 358 360 361
1496 2 2 0 1 1095 291 1096
1497 2 2 0 1 764 612 882
1498 2 2 0 1 276 275 277
1499 2 2 0 1 472 415 1138
1500 2 2 0 1 787 1182 1192
1501 2 2 0 1 715 791 792
1502 2 2 0 1 223 222 224
1503 2 2 0 1 364 363 365
1504 2 2 0 1 242 243 244
1505 2 2 0 1 726 725 729
1506 2 2 0 1 642 519 643
1507 2 2 0 1 917 915 920
1508 2 2 0 1 816 604 817
1509 2 2 0 1 224 222 225
1510 2 2 0 1 219 218 220
1511 2 2 0 1 487 424 695
1512 2 2 0 1 455 454 456
1513 2 2 0 1 210 209 1117
1514 2 2 0 1 352 354 355
1515 2 2 0 1 639 511 1135
1516 2 2 0 1 510 509 615
1517 2 2 0 1 220 222 223
1518 2 2 0 1 228 226 229
1519 2 2 0 1 732 673 733
1520 2 2 0 1 396 376 1149
1521 2 2 0 1 394 385 1076
1522 2 2 0 1 441 470 1139
1523 2 2 0 1 304 306 307
1524 2 2 0 1 205 202 1150
1525 2 2 0 1 47 48 181
1526 2 2 0 1 274 273 275
1527 2 2 0 1 264 263 265
1528 2 2 0 1 307 306 308
1529 2 2 0 1 538 541 685
1530 2 2 0 1 476 524 525
1531 2 2 0 1 608 607 609
1532 2 2 0 1 712 242 1087
1533 2 2 0 1 296 263 1102
1534 2 2 0 1 366 365 1069
1535 2 2 0 1 368 366 369
1536 2 2 0 1 227 226 228
1537 2 2 0 1 626 870 1127
1538 2 2 0 1 212 214 1142
1539 2 2 0 1 566 567 568
1540 2 2 0 1 843 754 861
1541 2 2 0 1 439 441 1139
1542 2 2 0 1 747 594 748
1543 2 2 0 1 923 922 924
1544 2 2 0 1 623 624 625
1545 2 2 0 1 228 229 230
1546 2 2 0 1 259 263 264
1547 2 2 0 1 489 406 490
1548 2 2 0 1 1072 1073 1145
1549 2 2 0 1 239 769 770
1550 2 2 0 1 272 271 273
1551 2 2 0 1 1053 359 1171
1552 2 2 0 1 1144 1079 1155
1553 2 2 0 1 321 419 1107
1554 2 2 0 1 770 925 926
1555 2 2 0 1 835 817 836
1556 2 2 0 1 217 219 491
1557 2 2 0 1 882 612 1118
1558 2 2 0 1 622 780 781
1559 2 2 0 1 291 285 1100
1560 2 2 0 1 224 225 226
1561 2 2 0 1 1042 574 1244
1562 2 2 0 1 672 724 863
1563 2 2 0 1 546 548 936
1564 2 2 0 1 1087 564 1216
1565 2 2 0 1 81 82 1148
1566 2 2 0 1 216 215 435
1567 2 2 0 1 213 210 1117
1568 2 2 0 1 114 115 1105
1569 2 2 0 1 689 693 771
1570 2 2 0 1 82 83 142
1571 2 2 0 1 285 283 1100
1572 2 2 0 1 457 456 458
1573 2 2 0 1 639 1135 1164
1574 2 2 0 1 217 216 218
1575 2 2 0 1 217 218 219
1576 2 2 0 1 359 356 1171
1577 2 2 0 1 350 351 352
1578 2 2 0 1 459 458 498
1579 2 2 0 1 629 627 630
1580 2 2 0 1 536 537 538
1581 2 2 0 1 618 904 1102
1582 2 2 0 1 1106 1054 1130
1583 2 2 0 1 773 630 774
1584 2 2 0 1 264 266 1153
1585 2 2 0 1 322 320 323
1586 2 2 0 1 742 696 1084
1587 2 2 0 1 282 299 300
1588 2 2 0 1 609 611 622
1589 2 2 0 1 262 618 1102
1590 2 2 0 1 316 314 317
1591 2 2 0 1 219 220 1124
1592 2 2 0 1 491 492 680
1593 2 2 0 1 622 611 623
1594 2 2 0 1 181 48 1126
1595 2 2 0 1 511 443 1135
1596 2 2 0 1 609 622 1108
1597 2 2 0 1 162 994 995
1598 2 2 0 1 1077 1098 1144
1599 2 2 0 1 46 47 1128
1600 2 2 0 1 544 542 596
1601 2 2 0 1 581 579 583
1602 2 2 0 1 470 519 642
1603 2 2 0 1 435 679 714
1604 2 2 0 1 550 613 689
1605 2 2 0 1 597 1079 1144
1606 2 2 0 1 757 839 840
1607 2 2 0 1 1079 1081 1155
1608 2 2 0 1 1085 1049 1185
1609 2 2 0 1 644 645 728
1610 2 2 0 1 364 366 367
1611 2 2 0 1 782 561 1082
1612 2 2 0 1 252 246 1165
1613 2 2 0 1 491 219 492
1614 2 2 0 1 354 1088 1171
1615 2 2 0 1 385 401 402
1616 2 2 0 1 309 1209 1222
1617 2 2 0 1 471 394 1076
1618 2 2 0 1 1098 597 1144
1619 2 2 0 1 266 265 267
1620 2 2 0 1 622 623 780
1621 2 2 0 1 1030 444 1194
1622 2 2 0 1 781 780 929
1623 2 2 0 1 593 490 594
1624 2 2 0 1 934 779 1160
1625 2 2 0 1 291 1100 1111
1626 2 2 0 1 714 679 889
1627 2 2 0 1 221 218 1157
1628 2 2 0 1 1096 291 1111
1629 2 2 0 1 300 335 336
1630 2 2 0 1 621 495 703
1631 2 2 0 1 240 241 242
1632 2 2 0 1 353 411 1088
1633 2 2 0 1 257 338 573
1634 2 2 0 1 13 14 1121
1635 2 2 0 1 214 216 217
1636 2 2 0 1 470 642 715
1637 2 2 0 1 568 570 713
1638 2 2 0 1 115 141 1105
1639 2 2 0 1 308 306 309
1640 2 2 0 1 455 565 1162
1641 2 2 0 1 248 245 249
1642 2 2 0 1 488 480 514
1643 2 2 0 1 220 223 1124
1644 2 2 0 1 443 1083 1135
1645 2 2 0 1 608 609 1108
1646 2 2 0 1 233 234 235
1647 2 2 0 1 411 631 1088
1648 2 2 0 1 253 258 259
1649 2 2 0 1 451 450 480
1650 2 2 0 1 203 202 204
1651 2 2 0 1 214 217 1142
1652 2 2 0 1 329 326 330
1653 2 2 0 1 615 509 617
1654 2 2 0 1 352 351 353
1655 2 2 0 1 213 1117 1118
1656 2 2 0 1 435 215 612
1657 2 2 0 1 345 1254 1257
1658 2 2 0 1 785 634 788
1659 2 2 0 1 1135 1125 1164
1660 2 2 0 1 419 566 1107
1661 2 2 0 1 545 584 725
1662 2 2 0 1 694 300 1093
1663 2 2 0 1 680 492 867
1664 2 2 0 1 492 219 1124
1665 2 2 0 1 516 479 636
1666 2 2 0 1 775 885 886
1667 2 2 0 1 476 475 524
1668 2 2 0 1 625 626 627
1669 2 2 0 1 703 495 1131
1670 2 2 0 1 625 627 628
1671 2 2 0 1 865 212 1142
1672 2 2 0 1 817 1138 1179
1673 2 2 0 1 270 269 271
1674 2 2 0 1 733 673 1172
1675 2 2 0 1 612 215 1118
1676 2 2 0 1 470 715 1139
1677 2 2 0 1 629 773 775
1678 2 2 0 1 426 428 1101
1679 2 2 0 1 687 620 862
1680 2 2 0 1 572 607 608
1681 2 2 0 1 1083 1125 1135
1682 2 2 0 1 958 1205 1211
1683 2 2 0 1 643 814 815
1684 2 2 0 1 308 309 310
1685 2 2 0 1 45 46 152
1686 2 2 0 1 432 463 718
1687 2 2 0 1 706 707 709
1688 2 2 0 1 304 305 306
1689 2 2 0 1 744 602 746
1690 2 2 0 1 764 882 897
1691 2 2 0 1 433 502 503
1692 2 2 0 1 445 449 1192
1693 2 2 0 1 499 498 672
1694 2 2 0 1 268 267 269
1695 2 2 0 1 622 781 1108
1696 2 2 0 1 233 433 1141
1697 2 2 0 1 271 269 438
1698 2 2 0 1 543 544 545
1699 2 2 0 1 1062 694 1093
1700 2 2 0 1 423 727 1150
1701 2 2 0 1 113 114 184
1702 2 2 0 1 428 436 1101
1703 2 2 0 1 621 703 723
1704 2 2 0 1 629 630 773
1705 2 2 0 1 733 1316 1318
1706 2 2 0 1 836 817 1179
1707 2 2 0 1 1131 252 1165
1708 2 2 0 1 211 212 865
1709 2 2 0 1 211 210 212
1710 2 2 0 1 627 626 1127
1711 2 2 0 1 865 1142 1174
1712 2 2 0 1 207 206 208
1713 2 2 0 1 230 231 233
1714 2 2 0 1 340 342 344
1715 2 2 0 1 684 536 1178
1716 2 2 0 1 259 262 263
1717 2 2 0 1 642 643 1173
1718 2 2 0 1 232 230 1141
1719 2 2 0 1 863 724 864
1720 2 2 0 1 481 482 507
1721 2 2 0 1 592 745 1177
1722 2 2 0 1 628 627 629
1723 2 2 0 1 198 200 201
1724 2 2 0 1 200 423 1150
1725 2 2 0 1 433 235 502
1726 2 2 0 1 775 773 885
1727 2 2 0 1 264 1153 1154
1728 2 2 0 1 715 642 791
1729 2 2 0 1 630 627 1127
1730 2 2 0 1 449 447 450
1731 2 2 0 1 538 537 539
1732 2 2 0 1 297 290 298
1733 2 2 0 1 856 742 1084
1734 2 2 0 1 788 1196 1216
1735 2 2 0 1 580 582 644
1736 2 2 0 1 362 360 363
1737 2 2 0 1 677 785 875
1738 2 2 0 1 248 1071 1165
1739 2 2 0 1 263 262 1102
1740 2 2 0 1 503 634 677
1741 2 2 0 1 679 612 764
1742 2 2 0 1 402 467 468
1743 2 2 0 1 305 439 1158
1744 2 2 0 1 256 1134 1137
1745 2 2 0 1 336 380 381
1746 2 2 0 1 12 13 151
1747 2 2 0 1 80 81 183
1748 2 2 0 1 332 298 333
1749 2 2 0 1 541 542 543
1750 2 2 0 1 1068 1107 1175
1751 2 2 0 1 757 840 1241
1752 2 2 0 1 405 391 406
1753 2 2 0 1 236 237 238
1754 2 2 0 1 653 651 669
1755 2 2 0 1 14 182 1121
1756 2 2 0 1 886 885 932
1757 2 2 0 1 282 279 299
1758 2 2 0 1 831 832 833
1759 2 2 0 1 545 544 584
1760 2 2 0 1 564 1154 1237
1761 2 2 0 1 39 40 1184
1762 2 2 0 1 424 378 1182
1763 2 2 0 1 601 759 810
1764 2 2 0 1 592 514 602
1765 2 2 0 1 358 356 359
1766 2 2 0 1 1209 792 1222
1767 2 2 0 1 355 354 356
1768 2 2 0 1 238 239 1122
1769 2 2 0 1 246 245 248
1770 2 2 0 1 854 887 968
1771 2 2 0 1 1138 471 1179
1772 2 2 0 1 435 612 679
1773 2 2 0 1 218 216 1157
1774 2 2 0 1 320 318 1119
1775 2 2 0 1 448 452 481
1776 2 2 0 1 538 539 541
1777 2 2 0 1 47 181 1128
1778 2 2 0 1 1095 1096 1164
1779 2 2 0 1 596 542 1152
1780 2 2 0 1 230 233 1141
1781 2 2 0 1 598 756 757
1782 2 2 0 1 458 456 460
1783 2 2 0 1 543 542 544
1784 2 2 0 1 785 788 955
1785 2 2 0 1 244 243 245
1786 2 2 0 1 208 210 211
1787 2 2 0 1 367 366 368
1788 2 2 0 1 503 502 634
1789 2 2 0 1 230 229 231
1790 2 2 0 1 201 202 203
1791 2 2 0 1 260 256 261
1792 2 2 0 1 250 254 255
1793 2 2 0 1 799 584 800
1794 2 2 0 1 465 464 477
1795 2 2 0 1 349 1085 1185
1796 2 2 0 1 677 634 785
1797 2 2 0 1 204 206 207
1798 2 2 0 1 289 261 290
1799 2 2 0 1 454 203 1140
1800 2 2 0 1 1125 1095 1164
1801 2 2 0 1 600 530 648
1802 2 2 0 1 246 248 1165
1803 2 2 0 1 324 323 325
1804 2 2 0 1 538 685 1178
1805 2 2 0 1 502 235 1151
1806 2 2 0 1 203 204 1140
1807 2 2 0 1 217 491 1142
1808 2 2 0 1 236 238 240
1809 2 2 0 1 82 142 1148
1810 2 2 0 1 672 498 673
1811 2 2 0 1 724 673 732
1812 2 2 0 1 385 383 401
1813 2 2 0 1 541 539 542
1814 2 2 0 1 79 80 1167
1815 2 2 0 1 477 526 1146
1816 2 2 0 1 255 254 256
1817 2 2 0 1 361 360 362
1818 2 2 0 1 437 302 1210
1819 2 2 0 1 672 673 724
1820 2 2 0 1 118 119 172
1821 2 2 0 1 508 557 1201
1822 2 2 0 1 85 86 171
1823 2 2 0 1 248 249 250
1824 2 2 0 1 725 584 799
1825 2 2 0 1 387 372 388
1826 2 2 0 1 386 374 390
1827 2 2 0 1 351 349 1185
1828 2 2 0 1 254 257 1134
1829 2 2 0 1 42 43 160
1830 2 2 0 1 318 317 432
1831 2 2 0 1 463 462 464
1832 2 2 0 1 716 559 717
1833 2 2 0 1 216 435 1157
1834 2 2 0 1 201 200 202
1835 2 2 0 1 371 330 372
1836 2 2 0 1 235 234 236
1837 2 2 0 1 201 453 1166
1838 2 2 0 1 304 307 1210
1839 2 2 0 1 378 332 1182
1840 2 2 0 1 242 241 243
1841 2 2 0 1 736 737 738
1842 2 2 0 1 314 313 1183
1843 2 2 0 1 357 356 358
1844 2 2 0 1 332 333 1182
1845 2 2 0 1 240 238 241
1846 2 2 0 1 184 114 1105
1847 2 2 0 1 791 642 1173
1848 2 2 0 1 709 752 753
1849 2 2 0 1 408 517 518
1850 2 2 0 1 773 774 1169
1851 2 2 0 1 489 490 593
1852 2 2 0 1 589 749 750
1853 2 2 0 1 489 593 722
1854 2 2 0 1 439 1139 1158
1855 2 2 0 1 1071 1042 1223
1856 2 2 0 1 235 236 1151
1857 2 2 0 1 318 432 1119
1858 2 2 0 1 435 714 1157
1859 2 2 0 1 358 359 360
1860 2 2 0 1 233 231 234
1861 2 2 0 1 241 238 1122
1862 2 2 0 1 152 46 1128
1863 2 2 0 1 620 499 1161
1864 2 2 0 1 750 823 828
1865 2 2 0 1 78 79 150
1866 2 2 0 1 275 273 295
1867 2 2 0 1 1142 491 1174
1868 2 2 0 1 41 42 1143
1869 2 2 0 1 529 409 530
1870 2 2 0 1 1088 631 1186
1871 2 2 0 1 300 299 335
1872 2 2 0 1 1140 1176 1181
1873 2 2 0 1 271 438 1163
1874 2 2 0 1 362 363 364
1875 2 2 0 1 256 254 1134
1876 2 2 0 1 336 335 380
1877 2 2 0 1 568 713 1175
1878 2 2 0 1 576 578 795
1879 2 2 0 1 405 406 489
1880 2 2 0 1 815 814 821
1881 2 2 0 1 306 305 1158
1882 2 2 0 1 728 645 1191
1883 2 2 0 1 910 908 912
1884 2 2 0 1 715 792 1209
1885 2 2 0 1 536 538 1178
1886 2 2 0 1 352 353 354
1887 2 2 0 1 236 240 1151
1888 2 2 0 1 250 251 254
1889 2 2 0 1 183 81 1148
1890 2 2 0 1 204 207 1140
1891 2 2 0 1 317 314 1183
1892 2 2 0 1 465 527 528
1893 2 2 0 1 787 969 1247
1894 2 2 0 1 499 672 1161
1895 2 2 0 1 273 271 1163
1896 2 2 0 1 198 199 200
1897 2 2 0 1 380 335 391
1898 2 2 0 1 491 680 1174
1899 2 2 0 1 936 548 1168
1900 2 2 0 1 706 468 707
1901 2 2 0 1 111 112 149
1902 2 2 0 1 410 351 1185
1903 2 2 0 1 643 815 1173
1904 2 2 0 1 885 773 1169
1905 2 2 0 1 9 10 159
1906 2 2 0 1 370 368 373
1907 2 2 0 1 354 353 1088
1908 2 2 0 1 151 13 1121
1909 2 2 0 1 544 596 1170
1910 2 2 0 1 631 1123 1186
1911 2 2 0 1 197 198 1166
1912 2 2 0 1 1140 207 1176
1913 2 2 0 1 566 568 1175
1914 2 2 0 1 198 196 199
1915 2 2 0 1 364 365 366
1916 2 2 0 1 239 770 1122
1917 2 2 0 1 18 19 1215
1918 2 2 0 1 695 424 787
1919 2 2 0 1 432 317 462
1920 2 2 0 1 1196 712 1216
1921 2 2 0 1 788 634 1196
1922 2 2 0 1 1038 1183 1235
1923 2 2 0 1 800 584 1170
1924 2 2 0 1 393 400 407
1925 2 2 0 1 749 590 751
1926 2 2 0 1 889 679 1206
1927 2 2 0 1 884 197 1166
1928 2 2 0 1 454 1140 1181
1929 2 2 0 1 261 256 1137
1930 2 2 0 1 309 306 1158
1931 2 2 0 1 673 498 1172
1932 2 2 0 1 290 261 294
1933 2 2 0 1 747 748 857
1934 2 2 0 1 208 211 1189
1935 2 2 0 1 380 391 405
1936 2 2 0 1 793 575 1193
1937 2 2 0 1 1107 566 1175
1938 2 2 0 1 6 7 1202
1939 2 2 0 1 862 620 1161
1940 2 2 0 1 498 458 1172
1941 2 2 0 1 257 573 1134
1942 2 2 0 1 1065 1066 1197
1943 2 2 0 1 528 527 601
1944 2 2 0 1 727 682 794
1945 2 2 0 1 383 381 1193
1946 2 2 0 1 644 582 645
1947 2 2 0 1 875 785 1188
1948 2 2 0 1 757 756 839
1949 2 2 0 1 785 955 1188
1950 2 2 0 1 458 460 1172
1951 2 2 0 1 810 759 830
1952 2 2 0 1 787 424 1182
1953 2 2 0 1 500 398 1205
1954 2 2 0 1 548 550 1168
1955 2 2 0 1 333 444 445
1956 2 2 0 1 1171 1088 1186
1957 2 2 0 1 462 317 1183
1958 2 2 0 1 584 544 1170
1959 2 2 0 1 315 1068 1199
1960 2 2 0 1 393 390 400
1961 2 2 0 1 8 9 1159
1962 2 2 0 1 589 575 590
1963 2 2 0 1 179 41 1143
1964 2 2 0 1 402 401 467
1965 2 2 0 1 497 533 576
1966 2 2 0 1 436 497 1180
1967 2 2 0 1 525 603 657
1968 2 2 0 1 512 1038 1246
1969 2 2 0 1 109 110 1187
1970 2 2 0 1 593 594 747
1971 2 2 0 1 1094 711 1228
1972 2 2 0 1 432 462 463
1973 2 2 0 1 200 199 423
1974 2 2 0 1 333 298 444
1975 2 2 0 1 518 517 599
1976 2 2 0 1 1151 712 1196
1977 2 2 0 1 445 446 447
1978 2 2 0 1 456 454 1181
1979 2 2 0 1 598 507 663
1980 2 2 0 1 750 749 823
1981 2 2 0 1 467 401 575
1982 2 2 0 1 295 273 1163
1983 2 2 0 1 207 208 1189
1984 2 2 0 1 784 783 1231
1985 2 2 0 1 829 753 1116
1986 2 2 0 1 80 183 1167
1987 2 2 0 1 468 467 1195
1988 2 2 0 1 447 446 448
1989 2 2 0 1 445 444 446
1990 2 2 0 1 323 320 1119
1991 2 2 0 1 557 716 1201
1992 2 2 0 1 75 76 158
1993 2 2 0 1 698 778 1204
1994 2 2 0 1 550 689 1168
1995 2 2 0 1 806 1234 1252
1996 2 2 0 1 709 707 752
1997 2 2 0 1 718 463 1203
1998 2 2 0 1 481 507 598
1999 2 2 0 1 601 527 659
2000 2 2 0 1 770 926 1190
2001 2 2 0 1 600 648 665
2002 2 2 0 1 460 456 1181
2003 2 2 0 1 198 201 1166
2004 2 2 0 1 463 464 465
2005 2 2 0 1 576 533 577
2006 2 2 0 1 1176 207 1189
2007 2 2 0 1 647 798 1213
2008 2 2 0 1 815 821 822
2009 2 2 0 1 756 663 842
2010 2 2 0 1 639 1164 1197
2011 2 2 0 1 589 590 749
2012 2 2 0 1 294 261 1137
2013 2 2 0 1 747 857 859
2014 2 2 0 1 529 530 600
2015 2 2 0 1 581 583 654
2016 2 2 0 1 467 575 589
2017 2 2 0 1 625 628 1218
2018 2 2 0 1 401 383 1193
2019 2 2 0 1 1096 1065 1197
2020 2 2 0 1 632 1122 1190
2021 2 2 0 1 634 502 1196
2022 2 2 0 1 480 450 513
2023 2 2 0 1 83 84 1239
2024 2 2 0 1 529 600 719
2025 2 2 0 1 598 757 1198
2026 2 2 0 1 654 692 730
2027 2 2 0 1 828 823 860
2028 2 2 0 1 780 623 1218
2029 2 2 0 1 310 309 1222
2030 2 2 0 1 227 228 1233
2031 2 2 0 1 377 408 1213
2032 2 2 0 1 886 1258 1289
2033 2 2 0 1 507 508 1201
2034 2 2 0 1 108 109 157
2035 2 2 0 1 526 512 1256
2036 2 2 0 1 647 796 797
2037 2 2 0 1 601 659 759
2038 2 2 0 1 598 663 756
2039 2 2 0 1 557 559 716
2040 2 2 0 1 465 477 527
2041 2 2 0 1 576 577 578
2042 2 2 0 1 679 764 1206
2043 2 2 0 1 1320 331 1321
2044 2 2 0 1 1053 1171 1186
2045 2 2 0 1 1158 1139 1209
2046 2 2 0 1 388 389 392
2047 2 2 0 1 1185 1049 1225
2048 2 2 0 1 502 1151 1196
2049 2 2 0 1 390 374 1212
2050 2 2 0 1 641 500 1205
2051 2 2 0 1 759 659 831
2052 2 2 0 1 529 719 1221
2053 2 2 0 1 1164 1096 1197
2054 2 2 0 1 307 1044 1275
2055 2 2 0 1 42 160 1143
2056 2 2 0 1 150 79 1167
2057 2 2 0 1 527 477 1146
2058 2 2 0 1 525 524 603
2059 2 2 0 1 465 528 1203
2060 2 2 0 1 753 752 824
2061 2 2 0 1 518 646 647
2062 2 2 0 1 650 505 652
2063 2 2 0 1 617 509 1225
2064 2 2 0 1 40 179 1184
2065 2 2 0 1 392 409 475
2066 2 2 0 1 267 265 1220
2067 2 2 0 1 589 750 1195
2068 2 2 0 1 645 656 1191
2069 2 2 0 1 750 828 1245
2070 2 2 0 1 1101 436 1180
2071 2 2 0 1 333 445 1192
2072 2 2 0 1 713 570 1227
2073 2 2 0 1 448 481 1198
2074 2 2 0 1 580 644 1208
2075 2 2 0 1 707 468 1195
2076 2 2 0 1 572 608 1227
2077 2 2 0 1 603 524 658
2078 2 2 0 1 38 39 190
2079 2 2 0 1 722 593 1200
2080 2 2 0 1 388 372 389
2081 2 2 0 1 279 277 1238
2082 2 2 0 1 180 8 1159
2083 2 2 0 1 302 304 1210
2084 2 2 0 1 645 655 656
2085 2 2 0 1 407 505 506
2086 2 2 0 1 1258 886 1265
2087 2 2 0 1 369 1069 1255
2088 2 2 0 1 617 1225 1250
2089 2 2 0 1 783 637 1242
2090 2 2 0 1 309 1158 1209
2091 2 2 0 1 298 290 1194
2092 2 2 0 1 1212 1294 1296
2093 2 2 0 1 683 652 736
2094 2 2 0 1 602 514 668
2095 2 2 0 1 645 582 655
2096 2 2 0 1 497 576 1180
2097 2 2 0 1 475 409 529
2098 2 2 0 1 669 758 1103
2099 2 2 0 1 575 401 1193
2100 2 2 0 1 392 389 409
2101 2 2 0 1 450 447 1207
2102 2 2 0 1 1139 715 1209
2103 2 2 0 1 1223 1042 1244
2104 2 2 0 1 578 577 579
2105 2 2 0 1 657 603 662
2106 2 2 0 1 506 650 651
2107 2 2 0 1 941 209 1295
2108 2 2 0 1 646 599 670
2109 2 2 0 1 1122 770 1190
2110 2 2 0 1 689 771 1214
2111 2 2 0 1 290 294 1194
2112 2 2 0 1 467 589 1195
2113 2 2 0 1 447 448 1207
2114 2 2 0 1 1131 1165 1223
2115 2 2 0 1 578 579 580
2116 2 2 0 1 663 507 1201
2117 2 2 0 1 580 581 582
2118 2 2 0 1 576 795 1180
2119 2 2 0 1 345 347 1254
2120 2 2 0 1 731 641 958
2121 2 2 0 1 374 373 1212
2122 2 2 0 1 444 298 1194
2123 2 2 0 1 400 390 461
2124 2 2 0 1 753 824 1116
2125 2 2 0 1 448 1198 1207
2126 2 2 0 1 730 734 811
2127 2 2 0 1 408 518 1213
2128 2 2 0 1 265 296 1220
2129 2 2 0 1 659 527 1146
2130 2 2 0 1 797 796 935
2131 2 2 0 1 423 199 586
2132 2 2 0 1 19 174 1215
2133 2 2 0 1 712 1087 1216
2134 2 2 0 1 1183 313 1235
2135 2 2 0 1 481 598 1198
2136 2 2 0 1 9 159 1159
2137 2 2 0 1 410 1185 1225
2138 2 2 0 1 281 284 1258
2139 2 2 0 1 423 586 682
2140 2 2 0 1 506 505 650
2141 2 2 0 1 73 169 949
2142 2 2 0 1 747 859 1200
2143 2 2 0 1 407 400 505
2144 2 2 0 1 518 599 646
2145 2 2 0 1 795 578 1208
2146 2 2 0 1 593 747 1200
2147 2 2 0 1 623 625 1218
2148 2 2 0 1 650 652 683
2149 2 2 0 1 461 390 1212
2150 2 2 0 1 647 646 796
2151 2 2 0 1 1193 381 1229
2152 2 2 0 1 513 450 1207
2153 2 2 0 1 5 6 189
2154 2 2 0 1 1115 476 1211
2155 2 2 0 1 656 655 812
2156 2 2 0 1 1168 689 1214
2157 2 2 0 1 326 325 1252
2158 2 2 0 1 754 669 1103
2159 2 2 0 1 1119 718 1217
2160 2 2 0 1 509 410 1225
2161 2 2 0 1 794 682 959
2162 2 2 0 1 463 465 1203
2163 2 2 0 1 1206 764 1226
2164 2 2 0 1 338 340 1260
2165 2 2 0 1 639 1197 1242
2166 2 2 0 1 711 927 1228
2167 2 2 0 1 827 784 1230
2168 2 2 0 1 313 310 1222
2169 2 2 0 1 190 39 1184
2170 2 2 0 1 580 579 581
2171 2 2 0 1 1017 389 1234
2172 2 2 0 1 570 572 1227
2173 2 2 0 1 1231 783 1232
2174 2 2 0 1 7 180 1202
2175 2 2 0 1 669 740 758
2176 2 2 0 1 380 405 1229
2177 2 2 0 1 1197 1066 1242
2178 2 2 0 1 512 1246 1256
2179 2 2 0 1 1227 608 1264
2180 2 2 0 1 716 717 851
2181 2 2 0 1 836 1179 1243
2182 2 2 0 1 703 1131 1223
2183 2 2 0 1 1032 1033 1264
2184 2 2 0 1 793 1193 1229
2185 2 2 0 1 683 736 813
2186 2 2 0 1 1216 564 1237
2187 2 2 0 1 228 232 1233
2188 2 2 0 1 764 897 1226
2189 2 2 0 1 381 380 1229
2190 2 2 0 1 1044 1032 1270
2191 2 2 0 1 1179 1012 1243
2192 2 2 0 1 1165 1071 1223
2193 2 2 0 1 578 580 1208
2194 2 2 0 1 106 170 961
2195 2 2 0 1 518 647 1213
2196 2 2 0 1 489 722 1251
2197 2 2 0 1 842 663 1253
2198 2 2 0 1 157 109 1187
2199 2 2 0 1 955 788 1237
2200 2 2 0 1 372 330 1234
2201 2 2 0 1 669 651 740
2202 2 2 0 1 1229 405 1251
2203 2 2 0 1 391 335 1248
2204 2 2 0 1 475 529 1221
2205 2 2 0 1 695 787 1247
2206 2 2 0 1 1225 1049 1250
2207 2 2 0 1 1094 1228 1280
2208 2 2 0 1 934 1137 1266
2209 2 2 0 1 142 83 1239
2210 2 2 0 1 654 730 739
2211 2 2 0 1 325 323 1217
2212 2 2 0 1 637 639 1242
2213 2 2 0 1 565 1020 1285
2214 2 2 0 1 344 342 1257
2215 2 2 0 1 526 1256 1262
2216 2 2 0 1 389 372 1234
2217 2 2 0 1 524 475 1221
2218 2 2 0 1 299 279 1238
2219 2 2 0 1 751 590 1261
2220 2 2 0 1 838 836 1243
2221 2 2 0 1 703 1223 1244
2222 2 2 0 1 751 1261 1272
2223 2 2 0 1 720 695 1247
2224 2 2 0 1 1262 822 1278
2225 2 2 0 1 1254 798 1257
2226 2 2 0 1 958 641 1205
2227 2 2 0 1 954 943 1281
2228 2 2 0 1 323 1119 1217
2229 2 2 0 1 723 703 1244
2230 2 2 0 1 792 791 1246
2231 2 2 0 1 1137 1134 1266
2232 2 2 0 1 725 799 1268
2233 2 2 0 1 406 391 1279
2234 2 2 0 1 655 582 1219
2235 2 2 0 1 1208 801 1271
2236 2 2 0 1 658 524 1221
2237 2 2 0 1 189 6 1202
2238 2 2 0 1 788 1216 1237
2239 2 2 0 1 1044 1270 1275
2240 2 2 0 1 1038 1235 1246
2241 2 2 0 1 833 832 1240
2242 2 2 0 1 707 1195 1245
2243 2 2 0 1 490 585 1269
2244 2 2 0 1 1230 784 1231
2245 2 2 0 1 377 1213 1254
2246 2 2 0 1 651 650 1224
2247 2 2 0 1 1213 798 1254
2248 2 2 0 1 1049 1028 1250
2249 2 2 0 1 582 581 1219
2250 2 2 0 1 579 577 1305
2251 2 2 0 1 740 651 1224
2252 2 2 0 1 1033 1227 1264
2253 2 2 0 1 1294 728 1296
2254 2 2 0 1 1201 716 1253
2255 2 2 0 1 793 1229 1251
2256 2 2 0 1 1032 1264 1270
2257 2 2 0 1 1222 792 1235
2258 2 2 0 1 313 1222 1235
2259 2 2 0 1 1094 1280 1289
2260 2 2 0 1 652 505 1236
2261 2 2 0 1 369 1255 1271
2262 2 2 0 1 752 707 1245
2263 2 2 0 1 347 377 1254
2264 2 2 0 1 615 617 1273
2265 2 2 0 1 815 822 1262
2266 2 2 0 1 650 683 1224
2267 2 2 0 1 1235 792 1246
2268 2 2 0 1 1195 750 1245
2269 2 2 0 1 1207 1198 1241
2270 2 2 0 1 581 654 1219
2271 2 2 0 1 1252 325 1284
2272 2 2 0 1 330 326 1252
2273 2 2 0 1 1246 791 1256
2274 2 2 0 1 1300 1203 1303
2275 2 2 0 1 400 461 1236
2276 2 2 0 1 697 940 1285
2277 2 2 0 1 299 1238 1248
2278 2 2 0 1 169 1327 1329
2279 2 2 0 1 335 299 1248
2280 2 2 0 1 1162 565 1293
2281 2 2 0 1 594 1269 1277
2282 2 2 0 1 655 1219 1263
2283 2 2 0 1 1101 1180 1255
2284 2 2 0 1 505 400 1236
2285 2 2 0 1 342 345 1257
2286 2 2 0 1 1198 757 1241
2287 2 2 0 1 628 629 1280
2288 2 2 0 1 425 1094 1289
2289 2 2 0 1 738 737 1302
2290 2 2 0 1 513 1207 1241
2291 2 2 0 1 1245 828 1267
2292 2 2 0 1 1279 954 1281
2293 2 2 0 1 405 489 1251
2294 2 2 0 1 1069 1101 1255
2295 2 2 0 1 790 948 1259
2296 2 2 0 1 791 1173 1256
2297 2 2 0 1 1269 799 1277
2298 2 2 0 1 861 754 1103
2299 2 2 0 1 1234 330 1252
2300 2 2 0 1 284 425 1258
2301 2 2 0 1 832 1146 1278
2302 2 2 0 1 716 851 1253
2303 2 2 0 1 1180 795 1255
2304 2 2 0 1 805 806 1284
2305 2 2 0 1 1220 296 1249
2306 2 2 0 1 528 1299 1303
2307 2 2 0 1 663 1201 1253
2308 2 2 0 1 654 739 1219
2309 2 2 0 1 1251 722 1261
2310 2 2 0 1 340 344 1260
2311 2 2 0 1 526 1262 1278
2312 2 2 0 1 1228 628 1280
2313 2 2 0 1 1261 722 1272
2314 2 2 0 1 590 793 1261
2315 2 2 0 1 1256 1173 1262
2316 2 2 0 1 281 1258 1265
2317 2 2 0 1 1173 815 1262
2318 2 2 0 1 594 490 1269
2319 2 2 0 1 608 1108 1264
2320 2 2 0 1 1134 573 1266
2321 2 2 0 1 1219 739 1263
2322 2 2 0 1 729 725 1268
2323 2 2 0 1 209 206 1295
2324 2 2 0 1 752 1245 1267
2325 2 2 0 1 196 194 1287
2326 2 2 0 1 975 1057 1310
2327 2 2 0 1 221 1157 1286
2328 2 2 0 1 1264 1108 1270
2329 2 2 0 1 636 986 1297
2330 2 2 0 1 1271 801 1291
2331 2 2 0 1 1268 799 1269
2332 2 2 0 1 718 1203 1300
2333 2 2 0 1 812 655 1263
2334 2 2 0 1 556 635 1301
2335 2 2 0 1 824 752 1267
2336 2 2 0 1 1255 795 1271
2337 2 2 0 1 793 1251 1261
2338 2 2 0 1 585 1268 1269
2339 2 2 0 1 1108 781 1270
2340 2 2 0 1 194 869 1287
2341 2 2 0 1 690 615 1273
2342 2 2 0 1 765 690 1274
2343 2 2 0 1 806 1252 1284
2344 2 2 0 1 1270 781 1275
2345 2 2 0 1 690 1273 1274
2346 2 2 0 1 765 1274 1276
2347 2 2 0 1 1086 765 1276
2348 2 2 0 1 516 636 1297
2349 2 2 0 1 781 929 1275
2350 2 2 0 1 373 368 1291
2351 2 2 0 1 799 800 1277
2352 2 2 0 1 1150 727 1290
2353 2 2 0 1 369 1271 1291
2354 2 2 0 1 729 1268 1281
2355 2 2 0 1 1212 373 1294
2356 2 2 0 1 1290 727 1311
2357 2 2 0 1 738 1302 1308
2358 2 2 0 1 748 594 1277
2359 2 2 0 1 722 1200 1272
2360 2 2 0 1 795 1208 1271
2361 2 2 0 1 601 810 1299
2362 2 2 0 1 1146 526 1278
2363 2 2 0 1 585 406 1279
2364 2 2 0 1 577 533 1298
2365 2 2 0 1 1268 585 1281
2366 2 2 0 1 892 890 1293
2367 2 2 0 1 344 1257 1283
2368 2 2 0 1 737 1236 1282
2369 2 2 0 1 1301 790 1306
2370 2 2 0 1 586 199 1287
2371 2 2 0 1 890 884 1293
2372 2 2 0 1 728 1191 1296
2373 2 2 0 1 629 775 1280
2374 2 2 0 1 1020 697 1285
2375 2 2 0 1 943 729 1281
2376 2 2 0 1 373 1291 1294
2377 2 2 0 1 794 1298 1311
2378 2 2 0 1 1034 796 1312
2379 2 2 0 1 811 734 1325
2380 2 2 0 1 798 797 1283
2381 2 2 0 1 1280 775 1289
2382 2 2 0 1 1299 804 1303
2383 2 2 0 1 794 959 1305
2384 2 2 0 1 585 1279 1281
2385 2 2 0 1 872 522 1288
2386 2 2 0 1 586 1287 1309
2387 2 2 0 1 775 886 1289
2388 2 2 0 1 1157 714 1286
2389 2 2 0 1 199 196 1287
2390 2 2 0 1 1286 714 1292
2391 2 2 0 1 205 1150 1290
2392 2 2 0 1 1259 344 1283
2393 2 2 0 1 325 1217 1284
2394 2 2 0 1 633 938 1311
2395 2 2 0 1 1236 461 1282
2396 2 2 0 1 1323 807 1324
2397 2 2 0 1 368 369 1291
2398 2 2 0 1 648 804 1304
2399 2 2 0 1 714 889 1292
2400 2 2 0 1 1257 798 1283
2401 2 2 0 1 205 1290 1295
2402 2 2 0 1 935 1301 1306
2403 2 2 0 1 683 813 1307
2404 2 2 0 1 884 1162 1293
2405 2 2 0 1 938 1290 1311
2406 2 2 0 1 206 205 1295
2407 2 2 0 1 1282 461 1296
2408 2 2 0 1 801 728 1294
2409 2 2 0 1 1288 522 1297
2410 2 2 0 1 150 888 1322
2411 2 2 0 1 1124 868 1313
2412 2 2 0 1 1203 528 1303
2413 2 2 0 1 1191 1282 1296
2414 2 2 0 1 805 1284 1300
2415 2 2 0 1 522 516 1297
2416 2 2 0 1 805 1300 1303
2417 2 2 0 1 461 1212 1296
2418 2 2 0 1 796 646 1312
2419 2 2 0 1 161 972 1338
2420 2 2 0 1 1291 801 1294
2421 2 2 0 1 533 633 1298
2422 2 2 0 1 1283 797 1306
2423 2 2 0 1 665 648 1304
2424 2 2 0 1 1287 869 1309
2425 2 2 0 1 492 1124 1313
2426 2 2 0 1 528 601 1299
2427 2 2 0 1 562 605 1314
2428 2 2 0 1 972 186 1339
2429 2 2 0 1 91 92 1315
2430 2 2 0 1 635 790 1301
2431 2 2 0 1 1298 794 1305
2432 2 2 0 1 1259 1283 1306
2433 2 2 0 1 1191 656 1302
2434 2 2 0 1 1217 718 1300
2435 2 2 0 1 804 805 1303
2436 2 2 0 1 1284 1217 1300
2437 2 2 0 1 1299 810 1304
2438 2 2 0 1 790 1259 1306
2439 2 2 0 1 804 1299 1304
2440 2 2 0 1 1316 808 1318
2441 2 2 0 1 577 1298 1305
2442 2 2 0 1 797 935 1306
2443 2 2 0 1 1302 656 1308
2444 2 2 0 1 1156 586 1309
2445 2 2 0 1 587 563 1318
2446 2 2 0 1 1338 972 1339
2447 2 2 0 1 732 1011 1320
2448 2 2 0 1 985 153 1335
2449 2 2 0 1 1282 1191 1302
2450 2 2 0 1 656 812 1308
2451 2 2 0 1 1224 683 1307
2452 2 2 0 1 1335 153 1336
2453 2 2 0 1 1059 957 1310
2454 2 2 0 1 733 1172 1316
2455 2 2 0 1 737 1282 1302
2456 2 2 0 1 1181 1176 1317
2457 2 2 0 1 1176 809 1317
2458 2 2 0 1 724 732 1320
2459 2 2 0 1 98 99 1334
2460 2 2 0 1 727 794 1311
2461 2 2 0 1 646 670 1312
2462 2 2 0 1 78 150 1322
2463 2 2 0 1 158 76 1323
2464 2 2 0 1 1336 153 1337
2465 2 2 0 1 867 492 1313
2466 2 2 0 1 605 866 1314
2467 2 2 0 1 175 985 1333
2468 2 2 0 1 145 970 1330
2469 2 2 0 1 92 145 1315
2470 2 2 0 1 169 74 1327
2471 2 2 0 1 970 175 1332
2472 2 2 0 1 731 965 1324
2473 2 2 0 1 158 966 1327
2474 2 2 0 1 90 91 1326
2475 2 2 0 1 1332 175 1333
2476 2 2 0 1 732 733 1319
2477 2 2 0 1 75 158 1327
2478 2 2 0 1 1316 460 1317
2479 2 2 0 1 1172 460 1316
2480 2 2 0 1 460 1181 1317
2481 2 2 0 1 808 587 1318
2482 2 2 0 1 1318 563 1319
2483 2 2 0 1 1325 165 1326
2484 2 2 0 1 1330 970 1332
2485 2 2 0 1 1327 966 1329
2486 2 2 0 1 864 724 1320
2487 2 2 0 1 734 1309 1325
2488 2 2 0 1 1328 145 1330
2489 2 2 0 1 730 811 1328
2490 2 2 0 1 1007 864 1321
2491 2 2 0 1 869 165 1325
2492 2 2 0 1 864 1320 1321
2493 2 2 0 1 657 662 1331
2494 2 2 0 1 77 78 1322
2495 2 2 0 1 76 77 1323
2496 2 2 0 1 77 1322 1323
2497 2 2 0 1 1315 145 1328
2498 2 2 0 1 1309 869 1325
2499 2 2 0 1 807 731 1324
2500 2 2 0 1 733 1318 1319
2501 2 2 0 1 811 1315 1328
2502 2 2 0 1 813 736 1336
2503 2 2 0 1 165 90 1326
2504 2 2 0 1 1333 985 1335
2505 2 2 0 1 74 75 1327
2506 2 2 0 1 1224 1307 1338
2507 2 2 0 1 1307 161 1338
2508 2 2 0 1 739 730 1328
2509 2 2 0 1 950 169 1329
2510 2 2 0 1 966 735 1329
2511 2 2 0 1 739 1328 1330
2512 2 2 0 1 950 1329 1331
2513 2 2 0 1 97 98 1337
2514 2 2 0 1 1263 739 1330
2515 2 2 0 1 153 97 1337
2516 2 2 0 1 1329 735 1331
2517 2 2 0 1 735 657 1331
2518 2 2 0 1 1263 1330 1332
2519 2 2 0 1 812 1263 1332
2520 2 2 0 1 812 1332 1333
2521 2 2 0 1 1308 812 1333
2522 2 2 0 1 738 1335 1336
2523 2 2 0 1 1307 813 1334
2524 2 2 0 1 736 738 1336
2525 2 2 0 1 738 1308 1335
2526 2 2 0 1 740 1224 1338
2527 2 2 0 1 740 1338 1339
2528 2 2 0 1 1308 1333 1335
2529 2 2 0 1 758 740 1339
2530 2 2 0 1 98 1334 1337
2531 2 2 0 1 1334 813 1337
2532 2 2 0 1 1339 186 1340
2533 2 2 0 1 758 1339 1340
2534 2 2 0 1 994 1356 1425
2535 2 2 0 1 988 902 1341
2536 2 2 0 1 902 844 1341
2537 2 2 0 1 1350 190 1435
2538 2 2 0 1 931 147 1380
2539 2 2 0 1 1126 144 1381
2540 2 2 0 1 994 993 1356
2541 2 2 0 1 983 668 1348
2542 2 2 0 1 850 848 1342
2543 2 2 0 1 1373 960 1441
2544 2 2 0 1 190 1366 1435
2545 2 2 0 1 535 920 1389
2546 2 2 0 1 11 900 1390
2547 2 2 0 1 852 182 1398
2548 2 2 0 1 924 591 1399
2549 2 2 0 1 588 919 1400
2550 2 2 0 1 964 858 1392
2551 2 2 0 1 900 11 1397
2552 2 2 0 1 800 1015 1391
2553 2 2 0 1 751 1023 1393
2554 2 2 0 1 164 1267 1395
2555 2 2 0 1 1022 1272 1396
2556 2 2 0 1 1089 552 1342
2557 2 2 0 1 848 846 1342
2558 2 2 0 1 988 1341 1344
2559 2 2 0 1 701 894 1343
2560 2 2 0 1 664 1043 1343
2561 2 2 0 1 552 990 1344
2562 2 2 0 1 1341 850 1344
2563 2 2 0 1 810 830 1345
2564 2 2 0 1 665 1304 1345
2565 2 2 0 1 819 1373 1441
2566 2 2 0 1 43 44 1346
2567 2 2 0 1 480 513 1348
2568 2 2 0 1 668 514 1348
2569 2 2 0 1 980 188 1349
2570 2 2 0 1 135 136 1349
2571 2 2 0 1 36 37 1350
2572 2 2 0 1 102 103 1351
2573 2 2 0 1 69 70 1352
2574 2 2 0 1 1340 186 1351
2575 2 2 0 1 179 1143 1378
2576 2 2 0 1 846 1089 1342
2577 2 2 0 1 513 1241 1353
2578 2 2 0 1 1043 701 1343
2579 2 2 0 1 951 950 1354
2580 2 2 0 1 1331 662 1354
2581 2 2 0 1 1346 44 1374
2582 2 2 0 1 990 988 1344
2583 2 2 0 1 149 849 1372
2584 2 2 0 1 50 51 1355
2585 2 2 0 1 1304 810 1345
2586 2 2 0 1 861 170 1379
2587 2 2 0 1 662 603 1356
2588 2 2 0 1 602 668 1357
2589 2 2 0 1 905 167 1377
2590 2 2 0 1 57 58 1358
2591 2 2 0 1 1359 746 1407
2592 2 2 0 1 871 841 1360
2593 2 2 0 1 896 873 1360
2594 2 2 0 1 58 59 1361
2595 2 2 0 1 664 1343 1408
2596 2 2 0 1 600 665 1362
2597 2 2 0 1 599 664 1363
2598 2 2 0 1 160 43 1346
2599 2 2 0 1 984 982 1364
2600 2 2 0 1 1371 835 1439
2601 2 2 0 1 1356 658 1425
2602 2 2 0 1 184 1105 1375
2603 2 2 0 1 146 1003 1376
2604 2 2 0 1 1341 844 1347
2605 2 2 0 1 514 480 1348
2606 2 2 0 1 658 1221 1367
2607 2 2 0 1 51 52 1369
2608 2 2 0 1 188 135 1349
2609 2 2 0 1 186 102 1351
2610 2 2 0 1 187 36 1350
2611 2 2 0 1 185 69 1352
2612 2 2 0 1 839 756 1370
2613 2 2 0 1 816 835 1371
2614 2 2 0 1 837 1346 1374
2615 2 2 0 1 111 149 1372
2616 2 2 0 1 1187 110 1372
2617 2 2 0 1 1343 880 1408
2618 2 2 0 1 665 1345 1424
2619 2 2 0 1 820 1155 1373
2620 2 2 0 1 45 152 1374
2621 2 2 0 1 881 166 1368
2622 2 2 0 1 1241 840 1353
2623 2 2 0 1 841 741 1375
2624 2 2 0 1 759 831 1376
2625 2 2 0 1 668 983 1433
2626 2 2 0 1 1240 822 1377
2627 2 2 0 1 760 829 1378
2628 2 2 0 1 170 107 1379
2629 2 2 0 1 108 157 1379
2630 2 2 0 1 717 803 1380
2631 2 2 0 1 1080 818 1381
2632 2 2 0 1 1347 1365 1440
2633 2 2 0 1 950 1331 1354
2634 2 2 0 1 842 1253 1382
2635 2 2 0 1 1230 834 1383
2636 2 2 0 1 113 184 1384
2637 2 2 0 1 149 112 1384
2638 2 2 0 1 758 1340 1385
2639 2 2 0 1 838 1147 1386
2640 2 2 0 1 814 819 1387
2641 2 2 0 1 144 50 1355
2642 2 2 0 1 117 896 1436
2643 2 2 0 1 1345 1001 1424
2644 2 2 0 1 1015 963 1392
2645 2 2 0 1 537 535 1389
2646 2 2 0 1 962 964 1392
2647 2 2 0 1 858 748 1391
2648 2 2 0 1 10 11 1390
2649 2 2 0 1 749 751 1393
2650 2 2 0 1 1277 800 1391
2651 2 2 0 1 923 924 1398
2652 2 2 0 1 182 1099 1398
2653 2 2 0 1 591 1008 1399
2654 2 2 0 1 743 852 1399
2655 2 2 0 1 11 12 1397
2656 2 2 0 1 1267 828 1395
2657 2 2 0 1 919 917 1400
2658 2 2 0 1 1272 1200 1396
2659 2 2 0 1 3 71 1401
2660 2 2 0 1 70 3 1401
2661 2 2 0 1 4 104 1402
2662 2 2 0 1 103 4 1402
2663 2 2 0 1 37 2 1403
2664 2 2 0 1 2 38 1403
2665 2 2 0 1 136 1 1404
2666 2 2 0 1 1 5 1404
2667 2 2 0 1 172 928 1405
2668 2 2 0 1 173 960 1373
2669 2 2 0 1 1347 844 1365
2670 2 2 0 1 1003 177 1406
2671 2 2 0 1 116 117 1436
2672 2 2 0 1 983 978 1433
2673 2 2 0 1 899 900 1426
2674 2 2 0 1 178 1022 1428
2675 2 2 0 1 900 855 1430
2676 2 2 0 1 156 31 1431
2677 2 2 0 1 33 164 1429
2678 2 2 0 1 920 915 1432
2679 2 2 0 1 494 588 1427
2680 2 2 0 1 603 658 1356
2681 2 2 0 1 746 602 1357
2682 2 2 0 1 591 924 1418
2683 2 2 0 1 1005 180 1411
2684 2 2 0 1 182 852 1415
2685 2 2 0 1 919 588 1419
2686 2 2 0 1 1023 751 1412
2687 2 2 0 1 1267 164 1410
2688 2 2 0 1 858 964 1417
2689 2 2 0 1 1272 1022 1412
2690 2 2 0 1 1015 800 1423
2691 2 2 0 1 920 535 1427
2692 2 2 0 1 152 1371 1439
2693 2 2 0 1 951 1354 1438
2694 2 2 0 1 167 57 1358
2695 2 2 0 1 873 871 1360
2696 2 2 0 1 176 1006 1370
2697 2 2 0 1 152 1128 1371
2698 2 2 0 1 59 146 1361
2699 2 2 0 1 719 600 1362
2700 2 2 0 1 829 1116 1366
2701 2 2 0 1 670 599 1363
2702 2 2 0 1 155 984 1364
2703 2 2 0 1 166 930 1368
2704 2 2 0 1 1365 1187 1440
2705 2 2 0 1 844 843 1365
2706 2 2 0 1 157 1187 1365
2707 2 2 0 1 190 1184 1366
2708 2 2 0 1 982 983 1437
2709 2 2 0 1 1221 719 1367
2710 2 2 0 1 803 933 1368
2711 2 2 0 1 185 1352 1438
2712 2 2 0 1 52 173 1369
2713 2 2 0 1 756 842 1370
2714 2 2 0 1 834 816 1371
2715 2 2 0 1 896 117 1388
2716 2 2 0 1 1354 662 1434
2717 2 2 0 1 1354 1002 1438
2718 2 2 0 1 1345 830 1406
2719 2 2 0 1 1343 894 1405
2720 2 2 0 1 117 118 1388
2721 2 2 0 1 110 111 1372
2722 2 2 0 1 819 820 1373
2723 2 2 0 1 44 45 1374
2724 2 2 0 1 172 895 1388
2725 2 2 0 1 118 172 1388
2726 2 2 0 1 983 1353 1437
2727 2 2 0 1 1389 920 1432
2728 2 2 0 1 1390 900 1430
2729 2 2 0 1 1394 156 1431
2730 2 2 0 1 900 1397 1426
2731 2 2 0 1 164 1395 1429
2732 2 2 0 1 1022 1396 1428
2733 2 2 0 1 588 1400 1427
2734 2 2 0 1 1001 1345 1406
2735 2 2 0 1 741 845 1375
2736 2 2 0 1 830 759 1376
2737 2 2 0 1 880 1343 1405
2738 2 2 0 1 822 821 1377
2739 2 2 0 1 662 1356 1434
2740 2 2 0 1 1037 760 1378
2741 2 2 0 1 107 108 1379
2742 2 2 0 1 851 717 1380
2743 2 2 0 1 818 827 1381
2744 2 2 0 1 1357 668 1433
2745 2 2 0 1 1253 851 1382
2746 2 2 0 1 827 1230 1383
2747 2 2 0 1 896 1360 1436
2748 2 2 0 1 112 113 1384
2749 2 2 0 1 1103 758 1385
2750 2 2 0 1 1002 1354 1434
2751 2 2 0 1 1147 1037 1386
2752 2 2 0 1 821 814 1387
2753 2 2 0 1 1364 982 1437
2754 2 2 0 1 895 896 1388
2755 2 2 0 1 1349 136 1404
2756 2 2 0 1 1350 37 1403
2757 2 2 0 1 1351 103 1402
2758 2 2 0 1 1352 70 1401
2759 2 2 0 1 1362 665 1424
2760 2 2 0 1 595 537 1389
2761 2 2 0 1 159 10 1390
2762 2 2 0 1 963 962 1392
2763 2 2 0 1 748 1277 1391
2764 2 2 0 1 823 749 1393
2765 2 2 0 1 823 1393 1394
2766 2 2 0 1 860 823 1394
2767 2 2 0 1 828 860 1395
2768 2 2 0 1 1099 923 1398
2769 2 2 0 1 1200 859 1396
2770 2 2 0 1 12 151 1397
2771 2 2 0 1 1008 743 1399
2772 2 2 0 1 917 920 1400
2773 2 2 0 1 1387 819 1441
2774 2 2 0 1 1363 664 1408
2775 2 2 0 1 71 192 1401
2776 2 2 0 1 104 191 1402
2777 2 2 0 1 38 190 1403
2778 2 2 0 1 5 189 1404
2779 2 2 0 1 1187 1372 1440
2780 2 2 0 1 928 880 1405
2781 2 2 0 1 1374 152 1439
2782 2 2 0 1 996 994 1425
2783 2 2 0 1 658 1367 1425
2784 2 2 0 1 177 1001 1406
2785 2 2 0 1 979 980 1407
2786 2 2 0 1 835 837 1439
2787 2 2 0 1 1356 993 1434
2788 2 2 0 1 1429 860 1431
2789 2 2 0 1 1413 159 1430
2790 2 2 0 1 1420 595 1432
2791 2 2 0 1 859 1416 1428
2792 2 2 0 1 151 1414 1426
2793 2 2 0 1 880 879 1408
2794 2 2 0 1 1170 1421 1423
2795 2 2 0 1 852 826 1415
2796 2 2 0 1 826 856 1414
2797 2 2 0 1 588 1058 1419
2798 2 2 0 1 1421 596 1422
2799 2 2 0 1 964 148 1417
2800 2 2 0 1 1058 591 1418
2801 2 2 0 1 1152 595 1420
2802 2 2 0 1 826 1414 1415
2803 2 2 0 1 1058 1418 1419
2804 2 2 0 1 596 1152 1422
2805 2 2 0 1 1152 1420 1422
2806 2 2 0 1 1170 596 1421
2807 2 2 0 1 853 825 1413
2808 2 2 0 1 825 1005 1411
2809 2 2 0 1 800 1170 1423
2810 2 2 0 1 148 1018 1416
2811 2 2 0 1 825 1411 1413
2812 2 2 0 1 1022 1023 1412
2813 2 2 0 1 164 1004 1410
2814 2 2 0 1 148 1416 1417
2815 2 2 0 1 1004 187 1409
2816 2 2 0 1 1004 1409 1410
2817 2 2 0 1 912 1014 1421
2818 2 2 0 1 1421 1014 1423
2819 2 2 0 1 1116 824 1409
2820 2 2 0 1 1409 824 1410
2821 2 2 0 1 1121 182 1415
2822 2 2 0 1 180 1159 1411
2823 2 2 0 1 151 1121 1414
2824 2 2 0 1 1414 1121 1415
2825 2 2 0 1 857 858 1417
2826 2 2 0 1 912 1421 1422
2827 2 2 0 1 1159 159 1413
2828 2 2 0 1 824 1267 1410
2829 2 2 0 1 859 857 1416
2830 2 2 0 1 924 922 1418
2831 2 2 0 1 922 919 1419
2832 2 2 0 1 1418 922 1419
2833 2 2 0 1 1411 1159 1413
2834 2 2 0 1 1416 857 1417
2835 2 2 0 1 911 910 1420
2836 2 2 0 1 1420 910 1422
2837 2 2 0 1 1014 1015 1423
2838 2 2 0 1 910 912 1422
2839 2 2 0 1 751 1272 1412
2840 2 2 0 1 1001 999 1424
2841 2 2 0 1 853 1413 1430
2842 2 2 0 1 911 1420 1432
2843 2 2 0 1 1416 1018 1428
2844 2 2 0 1 1414 856 1426
2845 2 2 0 1 856 899 1426
2846 2 2 0 1 535 494 1427
2847 2 2 0 1 1018 178 1428
2848 2 2 0 1 32 33 1429
2849 2 2 0 1 32 1429 1431
2850 2 2 0 1 855 853 1430
2851 2 2 0 1 31 32 1431
2852 2 2 0 1 915 911 1432
2853 2 2 0 1 978 977 1433
2854 2 2 0 1 993 1002 1434
2855 2 2 0 1 141 116 1436
2856 2 2 0 1 1002 185 1438
2857 2 2 0 1 977 1357 1433
2858 2 2 0 1 960 140 1441
2859 2 2 0 1 1116 1409 1435
2860 2 2 0 1 189 1349 1404
2861 2 2 0 1 190 1350 1403
2862 2 2 0 1 191 1351 1402
2863 2 2 0 1 192 1352 1401
2864 2 2 0 1 1409 187 1435
2865 2 2 0 1 1360 141 1436
2866 2 2 0 1 840 1364 1437
2867 2 2 0 1 849 1347 1440
2868 2 2 0 1 999 1362 1424
2869 2 2 0 1 187 1350 1435
2870 2 2 0 1 980 1359 1407
2871 2 2 0 1 879 1363 1408
2872 2 2 0 1 1353 840 1437
2873 2 2 0 1 1367 996 1425
2874 2 2 0 1 1366 1116 1435
2875 2 2 0 1 837 1374 1439
2876 2 2 0 1 1372 849 1440
2877 2 2 0 1 595 1389 1432
2878 2 2 0 1 159 1390 1430
2879 2 2 0 1 860 1394 1431
2880 2 2 0 1 1395 860 1429
2881 2 2 0 1 1396 859 1428
2882 2 2 0 1 1397 151 1426
2883 2 2 0 1 1400 920 1427
2884 2 2 0 1 140 1387 1441
$EndElements
