0; 0.474847
1; 0.464961
2; 0.457043
3; 0.450199
4; 0.444059
5; 0.438428
6; 0.43319
7; 0.428267
8; 0.423605
9; 0.419164
10; 0.414914
11; 0.410832
12; 0.406898
13; 0.403098
14; 0.399418
15; 0.395848
16; 0.392378
17; 0.389001
18; 0.38571
19; 0.382499
20; 0.379362
21; 0.376296
22; 0.373295
23; 0.370357
24; 0.367478
25; 0.364654
26; 0.361883
27; 0.359163
28; 0.356491
29; 0.353866
30; 0.351284
31; 0.348745
32; 0.346246
33; 0.343787
34; 0.341365
35; 0.33898
36; 0.33663
37; 0.334314
38; 0.33203
39; 0.329778
40; 0.327557
41; 0.325366
42; 0.323204
43; 0.32107
44; 0.318963
45; 0.316883
46; 0.314829
47; 0.3128
48; 0.310796
49; 0.308816
50; 0.306859
51; 0.304925
52; 0.303013
53; 0.301123
54; 0.299254
55; 0.297406
56; 0.295578
57; 0.293771
58; 0.291983
59; 0.290214
60; 0.288463
61; 0.286731
62; 0.285017
63; 0.283321
64; 0.281642
65; 0.27998
66; 0.278335
67; 0.276706
68; 0.275093
69; 0.273496
70; 0.271914
71; 0.270348
72; 0.268797
73; 0.26726
74; 0.265738
75; 0.264231
76; 0.262737
77; 0.261257
78; 0.259791
79; 0.258338
80; 0.256898
81; 0.255472
82; 0.254058
83; 0.252657
84; 0.251268
85; 0.249891
86; 0.248527
87; 0.247174
88; 0.245833
89; 0.244504
90; 0.243186
91; 0.24188
92; 0.240584
93; 0.2393
94; 0.238026
95; 0.236763
96; 0.23551
97; 0.234268
98; 0.233036
99; 0.231815
100; 0.230603
101; 0.229401
102; 0.228209
103; 0.227026
104; 0.225853
105; 0.22469
106; 0.223536
107; 0.222391
108; 0.221255
109; 0.220127
110; 0.219009
111; 0.2179
112; 0.216799
113; 0.215707
114; 0.214623
115; 0.213548
116; 0.212481
117; 0.211422
118; 0.210371
119; 0.209328
120; 0.208293
121; 0.207266
122; 0.206247
123; 0.205235
124; 0.204231
125; 0.203234
126; 0.202245
127; 0.201263
128; 0.200289
129; 0.199321
130; 0.198361
131; 0.197408
132; 0.196461
133; 0.195522
134; 0.194589
135; 0.193664
136; 0.192745
137; 0.191832
138; 0.190926
139; 0.190027
140; 0.189134
141; 0.188247
142; 0.187367
143; 0.186493
144; 0.185625
145; 0.184763
146; 0.183907
147; 0.183058
148; 0.182214
149; 0.181376
150; 0.180544
151; 0.179718
152; 0.178897
153; 0.178082
154; 0.177273
155; 0.176469
156; 0.175671
157; 0.174878
158; 0.174091
159; 0.173309
160; 0.172533
161; 0.171761
162; 0.170995
163; 0.170234
164; 0.169478
165; 0.168728
166; 0.167982
167; 0.167241
168; 0.166506
169; 0.165775
170; 0.165049
171; 0.164328
172; 0.163611
173; 0.162899
174; 0.162192
175; 0.16149
176; 0.160792
177; 0.160099
178; 0.159411
179; 0.158726
180; 0.158047
181; 0.157371
182; 0.156701
183; 0.156034
184; 0.155372
185; 0.154714
186; 0.15406
187; 0.15341
188; 0.152765
189; 0.152124
190; 0.151486
191; 0.150853
192; 0.150224
193; 0.149599
194; 0.148978
195; 0.14836
196; 0.147747
197; 0.147137
198; 0.146532
199; 0.14593
200; 0.145331
201; 0.144737
202; 0.144146
203; 0.143559
204; 0.142976
205; 0.142396
206; 0.141819
207; 0.141247
208; 0.140677
209; 0.140112
210; 0.139549
211; 0.138991
212; 0.138435
213; 0.137883
214; 0.137334
215; 0.136789
216; 0.136247
217; 0.135708
218; 0.135173
219; 0.13464
220; 0.134111
221; 0.133585
222; 0.133062
223; 0.132543
224; 0.132026
225; 0.131513
226; 0.131002
227; 0.130495
228; 0.12999
229; 0.129489
230; 0.12899
231; 0.128494
232; 0.128002
233; 0.127512
234; 0.127025
235; 0.126541
236; 0.126059
237; 0.125581
238; 0.125105
239; 0.124632
240; 0.124162
241; 0.123694
242; 0.123229
243; 0.122767
244; 0.122308
245; 0.121851
246; 0.121396
247; 0.120944
248; 0.120495
249; 0.120049
250; 0.119604
251; 0.119163
252; 0.118724
253; 0.118287
254; 0.117853
255; 0.117421
256; 0.116992
257; 0.116565
258; 0.11614
259; 0.115718
260; 0.115298
261; 0.11488
262; 0.114465
263; 0.114052
264; 0.113641
265; 0.113233
266; 0.112827
267; 0.112423
268; 0.112021
269; 0.111621
270; 0.111224
271; 0.110829
272; 0.110435
273; 0.110044
274; 0.109656
275; 0.109269
276; 0.108884
277; 0.108501
278; 0.108121
279; 0.107742
280; 0.107365
281; 0.106991
282; 0.106618
283; 0.106247
284; 0.105879
285; 0.105512
286; 0.105147
287; 0.104784
288; 0.104423
289; 0.104064
290; 0.103707
291; 0.103351
292; 0.102998
293; 0.102646
294; 0.102296
295; 0.101948
296; 0.101602
297; 0.101257
298; 0.100915
299; 0.100573
300; 0.100234
301; 0.0998967
302; 0.0995608
303; 0.0992267
304; 0.0988942
305; 0.0985635
306; 0.0982344
307; 0.0979069
308; 0.0975811
309; 0.0972569
310; 0.0969344
311; 0.0966134
312; 0.0962941
313; 0.0959763
314; 0.0956601
315; 0.0953455
316; 0.0950324
317; 0.0947209
318; 0.0944109
319; 0.0941024
320; 0.0937954
321; 0.0934899
322; 0.0931859
323; 0.0928833
324; 0.0925823
325; 0.0922827
326; 0.0919845
327; 0.0916878
328; 0.0913925
329; 0.0910986
330; 0.0908061
331; 0.090515
332; 0.0902253
333; 0.089937
334; 0.08965
335; 0.0893644
336; 0.0890801
337; 0.0887972
338; 0.0885156
339; 0.0882354
340; 0.0879564
341; 0.0876787
342; 0.0874024
343; 0.0871273
344; 0.0868535
345; 0.0865809
346; 0.0863097
347; 0.0860396
348; 0.0857708
349; 0.0855033
350; 0.0852369
351; 0.0849718
352; 0.0847079
353; 0.0844452
354; 0.0841836
355; 0.0839233
356; 0.0836641
357; 0.0834061
358; 0.0831493
359; 0.0828936
360; 0.082639
361; 0.0823856
362; 0.0821333
363; 0.0818822
364; 0.0816321
365; 0.0813832
366; 0.0811353
367; 0.0808886
368; 0.0806429
369; 0.0803983
370; 0.0801548
371; 0.0799123
372; 0.0796709
373; 0.0794305
374; 0.0791912
375; 0.0789529
376; 0.0787157
377; 0.0784794
378; 0.0782442
379; 0.07801
380; 0.0777768
381; 0.0775446
382; 0.0773134
383; 0.0770831
384; 0.0768539
385; 0.0766256
386; 0.0763982
387; 0.0761718
388; 0.0759464
389; 0.0757219
390; 0.0754984
391; 0.0752758
392; 0.0750541
393; 0.0748333
394; 0.0746135
395; 0.0743946
396; 0.0741765
397; 0.0739594
398; 0.0737431
399; 0.0735278
400; 0.0733133
401; 0.0730997
402; 0.072887
403; 0.0726751
404; 0.0724641
405; 0.072254
406; 0.0720446
407; 0.0718362
408; 0.0716286
409; 0.0714218
410; 0.0712158
411; 0.0710107
412; 0.0708063
413; 0.0706028
414; 0.0704001
415; 0.0701982
416; 0.0699971
417; 0.0697968
418; 0.0695973
419; 0.0693985
420; 0.0692006
421; 0.0690034
422; 0.068807
423; 0.0686113
424; 0.0684164
425; 0.0682223
426; 0.0680289
427; 0.0678362
428; 0.0676443
429; 0.0674531
430; 0.0672627
431; 0.067073
432; 0.066884
433; 0.0666958
434; 0.0665082
435; 0.0663214
436; 0.0661352
437; 0.0659498
438; 0.0657651
439; 0.065581
440; 0.0653977
441; 0.065215
442; 0.0650331
443; 0.0648518
444; 0.0646712
445; 0.0644912
446; 0.0643119
447; 0.0641333
448; 0.0639553
449; 0.063778
450; 0.0636014
451; 0.0634254
452; 0.06325
453; 0.0630753
454; 0.0629012
455; 0.0627278
456; 0.0625549
457; 0.0623827
458; 0.0622112
459; 0.0620402
460; 0.0618699
461; 0.0617002
462; 0.061531
463; 0.0613625
464; 0.0611946
465; 0.0610273
466; 0.0608606
467; 0.0606945
468; 0.0605289
469; 0.060364
470; 0.0601996
471; 0.0600359
472; 0.0598726
473; 0.05971
474; 0.0595479
475; 0.0593864
476; 0.0592255
477; 0.0590651
478; 0.0589053
479; 0.0587461
480; 0.0585873
481; 0.0584292
482; 0.0582716
483; 0.0581145
484; 0.057958
485; 0.057802
486; 0.0576465
487; 0.0574916
488; 0.0573372
489; 0.0571833
490; 0.0570299
491; 0.0568771
492; 0.0567248
493; 0.056573
494; 0.0564217
495; 0.0562709
496; 0.0561207
497; 0.0559709
498; 0.0558216
499; 0.0556729
500; 0.0555246
501; 0.0553768
502; 0.0552295
503; 0.0550828
504; 0.0549364
505; 0.0547906
506; 0.0546453
507; 0.0545004
508; 0.054356
509; 0.0542121
510; 0.0540687
511; 0.0539257
512; 0.0537832
513; 0.0536412
514; 0.0534996
515; 0.0533585
516; 0.0532179
517; 0.0530777
518; 0.0529379
519; 0.0527986
520; 0.0526598
521; 0.0525214
522; 0.0523834
523; 0.0522459
524; 0.0521089
525; 0.0519722
526; 0.051836
527; 0.0517003
528; 0.051565
529; 0.0514301
530; 0.0512956
531; 0.0511616
532; 0.0510279
533; 0.0508947
534; 0.050762
535; 0.0506296
536; 0.0504977
537; 0.0503662
538; 0.050235
539; 0.0501043
540; 0.049974
541; 0.0498442
542; 0.0497147
543; 0.0495856
544; 0.0494569
545; 0.0493286
546; 0.0492007
547; 0.0490733
548; 0.0489462
549; 0.0488195
550; 0.0486932
551; 0.0485672
552; 0.0484417
553; 0.0483165
554; 0.0481918
555; 0.0480674
556; 0.0479434
557; 0.0478197
558; 0.0476965
559; 0.0475736
560; 0.0474511
561; 0.047329
562; 0.0472072
563; 0.0470858
564; 0.0469648
565; 0.0468441
566; 0.0467238
567; 0.0466039
568; 0.0464843
569; 0.046365
570; 0.0462462
571; 0.0461277
572; 0.0460095
573; 0.0458917
574; 0.0457743
575; 0.0456571
576; 0.0455404
577; 0.045424
578; 0.0453079
579; 0.0451922
580; 0.0450768
581; 0.0449618
582; 0.0448471
583; 0.0447327
584; 0.0446187
585; 0.044505
586; 0.0443916
587; 0.0442786
588; 0.0441659
589; 0.0440535
590; 0.0439415
591; 0.0438298
592; 0.0437184
593; 0.0436073
594; 0.0434966
595; 0.0433862
596; 0.0432761
597; 0.0431663
598; 0.0430568
599; 0.0429477
600; 0.0428389
601; 0.0427303
602; 0.0426221
603; 0.0425142
604; 0.0424066
605; 0.0422994
606; 0.0421924
607; 0.0420857
608; 0.0419794
609; 0.0418733
610; 0.0417676
611; 0.0416621
612; 0.041557
613; 0.0414521
614; 0.0413476
615; 0.0412433
616; 0.0411393
617; 0.0410357
618; 0.0409323
619; 0.0408292
620; 0.0407264
621; 0.0406239
622; 0.0405217
623; 0.0404198
624; 0.0403182
625; 0.0402168
626; 0.0401157
627; 0.040015
628; 0.0399144
629; 0.0398142
630; 0.0397143
631; 0.0396146
632; 0.0395152
633; 0.0394161
634; 0.0393173
635; 0.0392187
636; 0.0391205
637; 0.0390224
638; 0.0389247
639; 0.0388272
640; 0.03873
641; 0.0386331
642; 0.0385365
643; 0.0384401
644; 0.0383439
645; 0.0382481
646; 0.0381525
647; 0.0380571
648; 0.0379621
649; 0.0378673
650; 0.0377727
651; 0.0376784
652; 0.0375844
653; 0.0374906
654; 0.0373971
655; 0.0373038
656; 0.0372108
657; 0.037118
658; 0.0370255
659; 0.0369333
660; 0.0368413
661; 0.0367495
662; 0.036658
663; 0.0365668
664; 0.0364758
665; 0.036385
666; 0.0362945
667; 0.0362042
668; 0.0361142
669; 0.0360244
670; 0.0359349
671; 0.0358456
672; 0.0357565
673; 0.0356677
674; 0.0355791
675; 0.0354908
676; 0.0354027
677; 0.0353148
678; 0.0352272
679; 0.0351398
680; 0.0350526
681; 0.0349657
682; 0.034879
683; 0.0347926
684; 0.0347063
685; 0.0346203
686; 0.0345346
687; 0.034449
688; 0.0343637
689; 0.0342786
690; 0.0341937
691; 0.0341091
692; 0.0340247
693; 0.0339405
694; 0.0338566
695; 0.0337728
696; 0.0336893
697; 0.033606
698; 0.0335229
699; 0.0334401
700; 0.0333574
701; 0.033275
702; 0.0331928
703; 0.0331108
704; 0.0330291
705; 0.0329475
706; 0.0328662
707; 0.0327851
708; 0.0327041
709; 0.0326234
710; 0.032543
711; 0.0324627
712; 0.0323826
713; 0.0323028
714; 0.0322231
715; 0.0321437
716; 0.0320645
717; 0.0319855
718; 0.0319066
719; 0.031828
720; 0.0317496
721; 0.0316714
722; 0.0315934
723; 0.0315157
724; 0.0314381
725; 0.0313607
726; 0.0312835
727; 0.0312065
728; 0.0311298
729; 0.0310532
730; 0.0309768
731; 0.0309006
732; 0.0308246
733; 0.0307488
734; 0.0306732
735; 0.0305978
736; 0.0305226
737; 0.0304476
738; 0.0303728
739; 0.0302982
740; 0.0302238
741; 0.0301496
742; 0.0300755
743; 0.0300017
744; 0.029928
745; 0.0298546
746; 0.0297813
747; 0.0297082
748; 0.0296353
749; 0.0295626
750; 0.02949
751; 0.0294177
752; 0.0293456
753; 0.0292736
754; 0.0292018
755; 0.0291302
756; 0.0290588
757; 0.0289876
758; 0.0289165
759; 0.0288456
760; 0.028775
761; 0.0287045
762; 0.0286341
763; 0.028564
764; 0.028494
765; 0.0284243
766; 0.0283546
767; 0.0282852
768; 0.028216
769; 0.0281469
770; 0.028078
771; 0.0280093
772; 0.0279407
773; 0.0278724
774; 0.0278042
775; 0.0277361
776; 0.0276683
777; 0.0276006
778; 0.0275331
779; 0.0274658
780; 0.0273986
781; 0.0273316
782; 0.0272648
783; 0.0271982
784; 0.0271317
785; 0.0270654
786; 0.0269992
787; 0.0269333
788; 0.0268674
789; 0.0268018
790; 0.0267363
791; 0.026671
792; 0.0266059
793; 0.0265409
794; 0.0264761
795; 0.0264114
796; 0.0263469
797; 0.0262826
798; 0.0262185
799; 0.0261545
800; 0.0260906
801; 0.026027
802; 0.0259634
803; 0.0259001
804; 0.0258369
805; 0.0257739
806; 0.025711
807; 0.0256483
808; 0.0255857
809; 0.0255233
810; 0.0254611
811; 0.025399
812; 0.025337
813; 0.0252753
814; 0.0252136
815; 0.0251522
816; 0.0250909
817; 0.0250297
818; 0.0249687
819; 0.0249079
820; 0.0248472
821; 0.0247866
822; 0.0247262
823; 0.024666
824; 0.0246059
825; 0.024546
826; 0.0244862
827; 0.0244265
828; 0.024367
829; 0.0243077
830; 0.0242485
831; 0.0241895
832; 0.0241306
833; 0.0240718
834; 0.0240132
835; 0.0239548
836; 0.0238965
837; 0.0238383
838; 0.0237803
839; 0.0237224
840; 0.0236647
841; 0.0236071
842; 0.0235497
843; 0.0234924
844; 0.0234352
845; 0.0233782
846; 0.0233214
847; 0.0232646
848; 0.023208
849; 0.0231516
850; 0.0230953
851; 0.0230391
852; 0.0229831
853; 0.0229272
854; 0.0228715
855; 0.0228159
856; 0.0227604
857; 0.0227051
858; 0.0226499
859; 0.0225949
860; 0.0225399
861; 0.0224852
862; 0.0224305
863; 0.022376
864; 0.0223217
865; 0.0222674
866; 0.0222133
867; 0.0221594
868; 0.0221055
869; 0.0220518
870; 0.0219983
871; 0.0219448
872; 0.0218915
873; 0.0218384
874; 0.0217853
875; 0.0217324
876; 0.0216797
877; 0.021627
878; 0.0215745
879; 0.0215221
880; 0.0214699
881; 0.0214178
882; 0.0213658
883; 0.0213139
884; 0.0212622
885; 0.0212106
886; 0.0211591
887; 0.0211077
888; 0.0210565
889; 0.0210054
890; 0.0209544
891; 0.0209036
892; 0.0208529
893; 0.0208023
894; 0.0207518
895; 0.0207015
896; 0.0206513
897; 0.0206012
898; 0.0205512
899; 0.0205014
900; 0.0204516
901; 0.020402
902; 0.0203526
903; 0.0203032
904; 0.020254
905; 0.0202049
906; 0.0201559
907; 0.020107
908; 0.0200582
909; 0.0200096
910; 0.0199611
911; 0.0199127
912; 0.0198645
913; 0.0198163
914; 0.0197683
915; 0.0197204
916; 0.0196726
917; 0.0196249
918; 0.0195773
919; 0.0195299
920; 0.0194826
921; 0.0194354
922; 0.0193883
923; 0.0193413
924; 0.0192944
925; 0.0192477
926; 0.019201
927; 0.0191545
928; 0.0191081
929; 0.0190618
930; 0.0190157
931; 0.0189696
932; 0.0189237
933; 0.0188778
934; 0.0188321
935; 0.0187865
936; 0.018741
937; 0.0186956
938; 0.0186504
939; 0.0186052
940; 0.0185602
941; 0.0185152
942; 0.0184704
943; 0.0184257
944; 0.0183811
945; 0.0183366
946; 0.0182922
947; 0.0182479
948; 0.0182037
949; 0.0181597
950; 0.0181157
951; 0.0180719
952; 0.0180281
953; 0.0179845
954; 0.017941
955; 0.0178976
956; 0.0178542
957; 0.017811
958; 0.0177679
959; 0.017725
960; 0.0176821
961; 0.0176393
962; 0.0175966
963; 0.017554
964; 0.0175116
965; 0.0174692
966; 0.017427
967; 0.0173848
968; 0.0173427
969; 0.0173008
970; 0.0172589
971; 0.0172172
972; 0.0171756
973; 0.017134
974; 0.0170926
975; 0.0170513
976; 0.01701
977; 0.0169689
978; 0.0169279
979; 0.0168869
980; 0.0168461
981; 0.0168054
982; 0.0167647
983; 0.0167242
984; 0.0166838
985; 0.0166434
986; 0.0166032
987; 0.0165631
988; 0.016523
989; 0.0164831
990; 0.0164432
991; 0.0164035
992; 0.0163638
993; 0.0163243
994; 0.0162848
995; 0.0162455
996; 0.0162062
997; 0.0161671
998; 0.016128
999; 0.016089
1000; 0.0160501
1001; 0.0160114
1002; 0.0159727
1003; 0.0159341
1004; 0.0158956
1005; 0.0158572
1006; 0.0158189
1007; 0.0157806
1008; 0.0157425
1009; 0.0157045
1010; 0.0156666
1011; 0.0156287
1012; 0.015591
1013; 0.0155533
1014; 0.0155157
1015; 0.0154783
1016; 0.0154409
1017; 0.0154036
1018; 0.0153664
1019; 0.0153293
1020; 0.0152923
1021; 0.0152553
1022; 0.0152185
1023; 0.0151817
1024; 0.0151451
1025; 0.0151085
1026; 0.015072
1027; 0.0150356
1028; 0.0149993
1029; 0.0149631
1030; 0.014927
1031; 0.014891
1032; 0.014855
1033; 0.0148191
1034; 0.0147834
1035; 0.0147477
1036; 0.0147121
1037; 0.0146766
1038; 0.0146411
1039; 0.0146058
1040; 0.0145706
1041; 0.0145354
1042; 0.0145003
1043; 0.0144653
1044; 0.0144304
1045; 0.0143956
1046; 0.0143608
1047; 0.0143262
1048; 0.0142916
1049; 0.0142571
1050; 0.0142227
1051; 0.0141884
1052; 0.0141542
1053; 0.01412
1054; 0.014086
1055; 0.014052
1056; 0.0140181
1057; 0.0139842
1058; 0.0139505
1059; 0.0139169
1060; 0.0138833
1061; 0.0138498
1062; 0.0138164
1063; 0.0137831
1064; 0.0137498
1065; 0.0137167
1066; 0.0136836
1067; 0.0136506
1068; 0.0136176
1069; 0.0135848
1070; 0.013552
1071; 0.0135194
1072; 0.0134868
1073; 0.0134542
1074; 0.0134218
1075; 0.0133894
1076; 0.0133571
1077; 0.0133249
1078; 0.0132928
1079; 0.0132608
1080; 0.0132288
1081; 0.0131969
1082; 0.0131651
1083; 0.0131333
1084; 0.0131017
1085; 0.0130701
1086; 0.0130386
1087; 0.0130072
1088; 0.0129758
1089; 0.0129445
1090; 0.0129133
1091; 0.0128822
1092; 0.0128511
1093; 0.0128202
1094; 0.0127893
1095; 0.0127584
1096; 0.0127277
1097; 0.012697
1098; 0.0126664
1099; 0.0126359
1100; 0.0126055
1101; 0.0125751
1102; 0.0125448
1103; 0.0125146
1104; 0.0124844
1105; 0.0124543
1106; 0.0124243
1107; 0.0123944
1108; 0.0123645
1109; 0.0123347
1110; 0.012305
1111; 0.0122754
1112; 0.0122458
1113; 0.0122163
1114; 0.0121869
1115; 0.0121575
1116; 0.0121282
1117; 0.012099
1118; 0.0120699
1119; 0.0120408
1120; 0.0120118
1121; 0.0119829
1122; 0.011954
1123; 0.0119252
1124; 0.0118965
1125; 0.0118679
1126; 0.0118393
1127; 0.0118108
1128; 0.0117823
1129; 0.011754
1130; 0.0117257
1131; 0.0116974
1132; 0.0116693
1133; 0.0116412
1134; 0.0116132
1135; 0.0115852
1136; 0.0115573
1137; 0.0115295
1138; 0.0115017
1139; 0.011474
1140; 0.0114464
1141; 0.0114189
1142; 0.0113914
1143; 0.011364
1144; 0.0113366
1145; 0.0113093
1146; 0.0112821
1147; 0.011255
1148; 0.0112279
1149; 0.0112008
1150; 0.0111739
1151; 0.011147
1152; 0.0111202
1153; 0.0110934
1154; 0.0110667
1155; 0.0110401
1156; 0.0110135
1157; 0.010987
1158; 0.0109606
1159; 0.0109342
1160; 0.0109079
1161; 0.0108817
1162; 0.0108555
1163; 0.0108294
1164; 0.0108033
1165; 0.0107773
1166; 0.0107514
1167; 0.0107256
1168; 0.0106998
1169; 0.010674
1170; 0.0106484
1171; 0.0106227
1172; 0.0105972
1173; 0.0105717
1174; 0.0105463
1175; 0.0105209
1176; 0.0104956
1177; 0.0104704
1178; 0.0104452
1179; 0.0104201
1180; 0.010395
1181; 0.01037
1182; 0.0103451
1183; 0.0103202
1184; 0.0102954
1185; 0.0102707
1186; 0.010246
1187; 0.0102214
1188; 0.0101968
1189; 0.0101723
1190; 0.0101478
1191; 0.0101234
1192; 0.0100991
1193; 0.0100748
1194; 0.0100506
1195; 0.0100264
1196; 0.0100023
1197; 0.00997831
1198; 0.00995433
1199; 0.00993041
1200; 0.00990654
1201; 0.00988274
1202; 0.00985899
1203; 0.0098353
1204; 0.00981167
1205; 0.00978809
1206; 0.00976458
1207; 0.00974112
1208; 0.00971771
1209; 0.00969437
1210; 0.00967108
1211; 0.00964784
1212; 0.00962467
1213; 0.00960155
1214; 0.00957848
1215; 0.00955548
1216; 0.00953252
1217; 0.00950963
1218; 0.00948679
1219; 0.009464
1220; 0.00944127
1221; 0.0094186
1222; 0.00939598
1223; 0.00937342
1224; 0.00935091
1225; 0.00932845
1226; 0.00930606
1227; 0.00928371
1228; 0.00926142
1229; 0.00923918
1230; 0.009217
1231; 0.00919487
1232; 0.0091728
1233; 0.00915078
1234; 0.00912881
1235; 0.0091069
1236; 0.00908504
1237; 0.00906323
1238; 0.00904147
1239; 0.00901977
1240; 0.00899812
1241; 0.00897653
1242; 0.00895498
1243; 0.00893349
1244; 0.00891205
1245; 0.00889067
1246; 0.00886933
1247; 0.00884805
1248; 0.00882682
1249; 0.00880564
1250; 0.00878451
1251; 0.00876344
1252; 0.00874241
1253; 0.00872144
1254; 0.00870051
1255; 0.00867964
1256; 0.00865882
1257; 0.00863805
1258; 0.00861733
1259; 0.00859666
1260; 0.00857604
1261; 0.00855547
1262; 0.00853495
1263; 0.00851448
1264; 0.00849406
1265; 0.00847369
1266; 0.00845337
1267; 0.0084331
1268; 0.00841288
1269; 0.00839271
1270; 0.00837258
1271; 0.00835251
1272; 0.00833248
1273; 0.00831251
1274; 0.00829258
1275; 0.0082727
1276; 0.00825287
1277; 0.00823308
1278; 0.00821335
1279; 0.00819366
1280; 0.00817402
1281; 0.00815443
1282; 0.00813489
1283; 0.00811539
1284; 0.00809594
1285; 0.00807654
1286; 0.00805719
1287; 0.00803788
1288; 0.00801862
1289; 0.00799941
1290; 0.00798024
1291; 0.00796112
1292; 0.00794205
1293; 0.00792302
1294; 0.00790404
1295; 0.0078851
1296; 0.00786621
1297; 0.00784737
1298; 0.00782857
1299; 0.00780982
1300; 0.00779112
1301; 0.00777246
1302; 0.00775384
1303; 0.00773527
1304; 0.00771675
1305; 0.00769827
1306; 0.00767984
1307; 0.00766145
1308; 0.0076431
1309; 0.0076248
1310; 0.00760655
1311; 0.00758834
1312; 0.00757017
1313; 0.00755205
1314; 0.00753397
1315; 0.00751593
1316; 0.00749794
1317; 0.00748
1318; 0.00746209
1319; 0.00744423
1320; 0.00742642
1321; 0.00740865
1322; 0.00739092
1323; 0.00737323
1324; 0.00735559
1325; 0.00733799
1326; 0.00732043
1327; 0.00730291
1328; 0.00728544
1329; 0.00726801
1330; 0.00725062
1331; 0.00723328
1332; 0.00721598
1333; 0.00719872
1334; 0.0071815
1335; 0.00716432
1336; 0.00714719
1337; 0.00713009
1338; 0.00711304
1339; 0.00709603
1340; 0.00707906
1341; 0.00706213
1342; 0.00704525
1343; 0.0070284
1344; 0.0070116
1345; 0.00699483
1346; 0.00697811
1347; 0.00696143
1348; 0.00694479
1349; 0.00692819
1350; 0.00691163
1351; 0.00689511
1352; 0.00687863
1353; 0.00686219
1354; 0.00684579
1355; 0.00682943
1356; 0.00681311
1357; 0.00679683
1358; 0.00678059
1359; 0.00676439
1360; 0.00674822
1361; 0.0067321
1362; 0.00671602
1363; 0.00669997
1364; 0.00668397
1365; 0.006668
1366; 0.00665208
1367; 0.00663619
1368; 0.00662034
1369; 0.00660453
1370; 0.00658875
1371; 0.00657302
1372; 0.00655732
1373; 0.00654167
1374; 0.00652605
1375; 0.00651046
1376; 0.00649492
1377; 0.00647942
1378; 0.00646395
1379; 0.00644852
1380; 0.00643312
1381; 0.00641777
1382; 0.00640245
1383; 0.00638717
1384; 0.00637193
1385; 0.00635672
1386; 0.00634155
1387; 0.00632642
1388; 0.00631132
1389; 0.00629626
1390; 0.00628124
1391; 0.00626625
1392; 0.00625131
1393; 0.00623639
1394; 0.00622152
1395; 0.00620668
1396; 0.00619187
1397; 0.0061771
1398; 0.00616237
1399; 0.00614768
1400; 0.00613301
1401; 0.00611839
1402; 0.0061038
1403; 0.00608925
1404; 0.00607473
1405; 0.00606025
1406; 0.0060458
1407; 0.00603139
1408; 0.00601701
1409; 0.00600267
1410; 0.00598836
1411; 0.00597409
1412; 0.00595985
1413; 0.00594565
1414; 0.00593148
1415; 0.00591734
1416; 0.00590324
1417; 0.00588918
1418; 0.00587515
1419; 0.00586115
1420; 0.00584719
1421; 0.00583326
1422; 0.00581936
1423; 0.0058055
1424; 0.00579168
1425; 0.00577788
1426; 0.00576412
1427; 0.0057504
1428; 0.0057367
1429; 0.00572304
1430; 0.00570942
1431; 0.00569582
1432; 0.00568226
1433; 0.00566874
1434; 0.00565524
1435; 0.00564178
1436; 0.00562835
1437; 0.00561496
1438; 0.00560159
1439; 0.00558826
1440; 0.00557496
1441; 0.0055617
1442; 0.00554847
1443; 0.00553526
1444; 0.0055221
1445; 0.00550896
1446; 0.00549585
1447; 0.00548278
1448; 0.00546974
1449; 0.00545673
1450; 0.00544375
1451; 0.00543081
1452; 0.00541789
1453; 0.00540501
1454; 0.00539216
1455; 0.00537934
1456; 0.00536655
1457; 0.00535379
1458; 0.00534106
1459; 0.00532837
1460; 0.0053157
1461; 0.00530307
1462; 0.00529047
1463; 0.00527789
1464; 0.00526535
1465; 0.00525284
1466; 0.00524036
1467; 0.00522791
1468; 0.00521549
1469; 0.0052031
1470; 0.00519074
1471; 0.00517841
1472; 0.00516611
1473; 0.00515384
1474; 0.0051416
1475; 0.00512939
1476; 0.00511721
1477; 0.00510506
1478; 0.00509294
1479; 0.00508085
1480; 0.00506879
1481; 0.00505676
1482; 0.00504476
1483; 0.00503278
1484; 0.00502084
1485; 0.00500892
1486; 0.00499704
1487; 0.00498518
1488; 0.00497335
1489; 0.00496155
1490; 0.00494978
1491; 0.00493804
1492; 0.00492633
1493; 0.00491464
1494; 0.00490299
1495; 0.00489136
1496; 0.00487976
1497; 0.00486819
1498; 0.00485664
1499; 0.00484513
1500; 0.00483364
1501; 0.00482218
1502; 0.00481075
1503; 0.00479935
1504; 0.00478797
1505; 0.00477663
1506; 0.00476531
1507; 0.00475402
1508; 0.00474275
1509; 0.00473151
1510; 0.0047203
1511; 0.00470912
1512; 0.00469797
1513; 0.00468684
1514; 0.00467574
1515; 0.00466466
1516; 0.00465362
1517; 0.0046426
1518; 0.00463161
1519; 0.00462064
1520; 0.0046097
1521; 0.00459879
1522; 0.0045879
1523; 0.00457704
1524; 0.00456621
1525; 0.0045554
1526; 0.00454462
1527; 0.00453387
1528; 0.00452314
1529; 0.00451244
1530; 0.00450176
1531; 0.00449112
1532; 0.00448049
1533; 0.00446989
1534; 0.00445932
1535; 0.00444878
1536; 0.00443826
1537; 0.00442776
1538; 0.0044173
1539; 0.00440685
1540; 0.00439643
1541; 0.00438604
1542; 0.00437568
1543; 0.00436533
1544; 0.00435502
1545; 0.00434473
1546; 0.00433446
1547; 0.00432422
1548; 0.004314
1549; 0.00430381
1550; 0.00429365
1551; 0.00428351
1552; 0.00427339
1553; 0.0042633
1554; 0.00425323
1555; 0.00424319
1556; 0.00423317
1557; 0.00422318
1558; 0.00421321
1559; 0.00420326
1560; 0.00419334
1561; 0.00418344
1562; 0.00417357
1563; 0.00416372
1564; 0.0041539
1565; 0.0041441
1566; 0.00413432
1567; 0.00412457
1568; 0.00411484
1569; 0.00410514
1570; 0.00409546
1571; 0.0040858
1572; 0.00407617
1573; 0.00406656
1574; 0.00405697
1575; 0.00404741
1576; 0.00403787
1577; 0.00402835
1578; 0.00401886
1579; 0.00400939
1580; 0.00399994
1581; 0.00399051
1582; 0.00398111
1583; 0.00397173
1584; 0.00396238
1585; 0.00395305
1586; 0.00394374
1587; 0.00393445
1588; 0.00392519
1589; 0.00391595
1590; 0.00390673
1591; 0.00389753
1592; 0.00388836
1593; 0.0038792
1594; 0.00387008
1595; 0.00386097
1596; 0.00385188
1597; 0.00384282
1598; 0.00383378
1599; 0.00382476
1600; 0.00381577
1601; 0.00380679
1602; 0.00379784
1603; 0.00378891
1604; 0.00378
1605; 0.00377112
1606; 0.00376225
1607; 0.00375341
1608; 0.00374459
1609; 0.00373579
1610; 0.00372701
1611; 0.00371825
1612; 0.00370951
1613; 0.0037008
1614; 0.00369211
1615; 0.00368343
1616; 0.00367478
1617; 0.00366615
1618; 0.00365755
1619; 0.00364896
1620; 0.00364039
1621; 0.00363185
1622; 0.00362332
1623; 0.00361482
1624; 0.00360634
1625; 0.00359787
1626; 0.00358943
1627; 0.00358101
1628; 0.00357261
1629; 0.00356423
1630; 0.00355587
1631; 0.00354753
1632; 0.00353922
1633; 0.00353092
1634; 0.00352264
1635; 0.00351438
1636; 0.00350615
1637; 0.00349793
1638; 0.00348973
1639; 0.00348155
1640; 0.0034734
1641; 0.00346526
1642; 0.00345714
1643; 0.00344905
1644; 0.00344097
1645; 0.00343291
1646; 0.00342487
1647; 0.00341685
1648; 0.00340886
1649; 0.00340088
1650; 0.00339292
1651; 0.00338498
1652; 0.00337706
1653; 0.00336916
1654; 0.00336127
1655; 0.00335341
1656; 0.00334557
1657; 0.00333774
1658; 0.00332994
1659; 0.00332215
1660; 0.00331438
1661; 0.00330664
1662; 0.00329891
1663; 0.0032912
1664; 0.00328351
1665; 0.00327583
1666; 0.00326818
1667; 0.00326055
1668; 0.00325293
1669; 0.00324533
1670; 0.00323775
1671; 0.00323019
1672; 0.00322265
1673; 0.00321513
1674; 0.00320762
1675; 0.00320014
1676; 0.00319267
1677; 0.00318522
1678; 0.00317779
1679; 0.00317037
1680; 0.00316298
1681; 0.0031556
1682; 0.00314824
1683; 0.0031409
1684; 0.00313358
1685; 0.00312627
1686; 0.00311898
1687; 0.00311172
1688; 0.00310446
1689; 0.00309723
1690; 0.00309001
1691; 0.00308282
1692; 0.00307563
1693; 0.00306847
1694; 0.00306133
1695; 0.0030542
1696; 0.00304709
1697; 0.00303999
1698; 0.00303292
1699; 0.00302586
1700; 0.00301882
1701; 0.00301179
1702; 0.00300479
1703; 0.0029978
1704; 0.00299082
1705; 0.00298387
1706; 0.00297693
1707; 0.00297001
1708; 0.0029631
1709; 0.00295622
1710; 0.00294935
1711; 0.00294249
1712; 0.00293565
1713; 0.00292883
1714; 0.00292203
1715; 0.00291524
1716; 0.00290847
1717; 0.00290172
1718; 0.00289498
1719; 0.00288826
1720; 0.00288156
1721; 0.00287487
1722; 0.0028682
1723; 0.00286154
1724; 0.00285491
1725; 0.00284828
1726; 0.00284168
1727; 0.00283509
1728; 0.00282851
1729; 0.00282196
1730; 0.00281542
1731; 0.00280889
1732; 0.00280238
1733; 0.00279589
1734; 0.00278941
1735; 0.00278295
1736; 0.0027765
1737; 0.00277007
1738; 0.00276366
1739; 0.00275726
1740; 0.00275088
1741; 0.00274451
1742; 0.00273816
1743; 0.00273182
1744; 0.0027255
1745; 0.0027192
1746; 0.00271291
1747; 0.00270663
1748; 0.00270037
1749; 0.00269413
1750; 0.0026879
1751; 0.00268169
1752; 0.00267549
1753; 0.00266931
1754; 0.00266314
1755; 0.00265699
1756; 0.00265086
1757; 0.00264473
1758; 0.00263863
1759; 0.00263254
1760; 0.00262646
1761; 0.0026204
1762; 0.00261435
1763; 0.00260832
1764; 0.0026023
1765; 0.0025963
1766; 0.00259031
1767; 0.00258434
1768; 0.00257838
1769; 0.00257244
1770; 0.00256651
1771; 0.00256059
1772; 0.00255469
1773; 0.00254881
1774; 0.00254294
1775; 0.00253708
1776; 0.00253124
1777; 0.00252541
1778; 0.00251959
1779; 0.0025138
1780; 0.00250801
1781; 0.00250224
1782; 0.00249648
1783; 0.00249074
1784; 0.00248501
1785; 0.0024793
1786; 0.0024736
1787; 0.00246791
1788; 0.00246224
1789; 0.00245658
1790; 0.00245093
1791; 0.0024453
1792; 0.00243969
1793; 0.00243408
1794; 0.0024285
1795; 0.00242292
1796; 0.00241736
1797; 0.00241181
1798; 0.00240628
1799; 0.00240075
1800; 0.00239525
1801; 0.00238975
1802; 0.00238427
1803; 0.00237881
1804; 0.00237335
1805; 0.00236791
1806; 0.00236249
1807; 0.00235707
1808; 0.00235167
1809; 0.00234629
1810; 0.00234091
1811; 0.00233555
1812; 0.00233021
1813; 0.00232487
1814; 0.00231955
1815; 0.00231424
1816; 0.00230895
1817; 0.00230367
1818; 0.0022984
1819; 0.00229314
1820; 0.0022879
1821; 0.00228267
1822; 0.00227745
1823; 0.00227225
1824; 0.00226706
1825; 0.00226188
1826; 0.00225671
1827; 0.00225156
1828; 0.00224642
1829; 0.00224129
1830; 0.00223618
1831; 0.00223107
1832; 0.00222598
1833; 0.00222091
1834; 0.00221584
1835; 0.00221079
1836; 0.00220575
1837; 0.00220072
1838; 0.00219571
1839; 0.0021907
1840; 0.00218571
1841; 0.00218073
1842; 0.00217577
1843; 0.00217081
1844; 0.00216587
1845; 0.00216094
1846; 0.00215603
1847; 0.00215112
1848; 0.00214623
1849; 0.00214135
1850; 0.00213648
1851; 0.00213162
1852; 0.00212677
1853; 0.00212194
1854; 0.00211712
1855; 0.00211231
1856; 0.00210751
1857; 0.00210273
1858; 0.00209795
1859; 0.00209319
1860; 0.00208844
1861; 0.0020837
1862; 0.00207897
1863; 0.00207426
1864; 0.00206955
1865; 0.00206486
1866; 0.00206018
1867; 0.00205551
1868; 0.00205085
1869; 0.00204621
1870; 0.00204157
1871; 0.00203695
1872; 0.00203234
1873; 0.00202774
1874; 0.00202315
1875; 0.00201857
1876; 0.002014
1877; 0.00200945
1878; 0.0020049
1879; 0.00200037
1880; 0.00199585
1881; 0.00199134
1882; 0.00198684
1883; 0.00198235
1884; 0.00197787
1885; 0.00197341
1886; 0.00196895
1887; 0.00196451
1888; 0.00196007
1889; 0.00195565
1890; 0.00195124
1891; 0.00194684
1892; 0.00194245
1893; 0.00193807
1894; 0.0019337
1895; 0.00192935
1896; 0.001925
1897; 0.00192066
1898; 0.00191634
1899; 0.00191202
1900; 0.00190772
1901; 0.00190343
1902; 0.00189914
1903; 0.00189487
1904; 0.00189061
1905; 0.00188636
1906; 0.00188212
1907; 0.00187789
1908; 0.00187367
1909; 0.00186946
1910; 0.00186526
1911; 0.00186107
1912; 0.00185689
1913; 0.00185273
1914; 0.00184857
1915; 0.00184442
1916; 0.00184028
1917; 0.00183616
1918; 0.00183204
1919; 0.00182793
1920; 0.00182384
1921; 0.00181975
1922; 0.00181567
1923; 0.00181161
1924; 0.00180755
1925; 0.00180351
1926; 0.00179947
1927; 0.00179544
1928; 0.00179143
1929; 0.00178742
1930; 0.00178342
1931; 0.00177944
1932; 0.00177546
1933; 0.00177149
1934; 0.00176754
1935; 0.00176359
1936; 0.00175965
1937; 0.00175573
1938; 0.00175181
1939; 0.0017479
1940; 0.001744
1941; 0.00174011
1942; 0.00173623
1943; 0.00173236
1944; 0.0017285
1945; 0.00172465
1946; 0.00172081
1947; 0.00171698
1948; 0.00171316
1949; 0.00170934
1950; 0.00170554
1951; 0.00170174
1952; 0.00169796
1953; 0.00169418
1954; 0.00169042
1955; 0.00168666
1956; 0.00168291
1957; 0.00167918
1958; 0.00167545
1959; 0.00167173
1960; 0.00166802
1961; 0.00166432
1962; 0.00166062
1963; 0.00165694
1964; 0.00165327
1965; 0.0016496
1966; 0.00164595
1967; 0.0016423
1968; 0.00163866
1969; 0.00163503
1970; 0.00163141
1971; 0.0016278
1972; 0.0016242
1973; 0.00162061
1974; 0.00161702
1975; 0.00161345
1976; 0.00160988
1977; 0.00160633
1978; 0.00160278
1979; 0.00159924
1980; 0.00159571
1981; 0.00159218
1982; 0.00158867
1983; 0.00158516
1984; 0.00158167
1985; 0.00157818
1986; 0.0015747
1987; 0.00157123
1988; 0.00156777
1989; 0.00156432
1990; 0.00156087
1991; 0.00155743
1992; 0.00155401
1993; 0.00155059
1994; 0.00154718
1995; 0.00154377
1996; 0.00154038
1997; 0.001537
1998; 0.00153362
1999; 0.00153025
2000; 0.00152689
2001; 0.00152354
2002; 0.00152019
2003; 0.00151686
2004; 0.00151353
2005; 0.00151021
2006; 0.0015069
2007; 0.0015036
2008; 0.0015003
2009; 0.00149702
2010; 0.00149374
2011; 0.00149047
2012; 0.00148721
2013; 0.00148395
2014; 0.00148071
2015; 0.00147747
2016; 0.00147424
2017; 0.00147102
2018; 0.00146781
2019; 0.0014646
2020; 0.0014614
2021; 0.00145821
2022; 0.00145503
2023; 0.00145186
2024; 0.00144869
2025; 0.00144553
2026; 0.00144238
2027; 0.00143924
2028; 0.0014361
2029; 0.00143298
2030; 0.00142986
2031; 0.00142674
2032; 0.00142364
2033; 0.00142054
2034; 0.00141746
2035; 0.00141437
2036; 0.0014113
2037; 0.00140824
2038; 0.00140518
2039; 0.00140213
2040; 0.00139908
2041; 0.00139605
2042; 0.00139302
2043; 0.00139
2044; 0.00138699
2045; 0.00138398
2046; 0.00138098
2047; 0.00137799
2048; 0.00137501
2049; 0.00137203
2050; 0.00136907
2051; 0.00136611
2052; 0.00136315
2053; 0.00136021
2054; 0.00135727
2055; 0.00135434
2056; 0.00135141
2057; 0.00134849
2058; 0.00134558
2059; 0.00134268
2060; 0.00133979
2061; 0.0013369
2062; 0.00133402
2063; 0.00133114
2064; 0.00132827
2065; 0.00132542
2066; 0.00132256
2067; 0.00131972
2068; 0.00131688
2069; 0.00131405
2070; 0.00131122
2071; 0.0013084
2072; 0.00130559
2073; 0.00130279
2074; 0.00129999
2075; 0.0012972
2076; 0.00129442
2077; 0.00129165
2078; 0.00128888
2079; 0.00128612
2080; 0.00128336
2081; 0.00128061
2082; 0.00127787
2083; 0.00127514
2084; 0.00127241
2085; 0.00126969
2086; 0.00126697
2087; 0.00126427
2088; 0.00126156
2089; 0.00125887
2090; 0.00125618
2091; 0.0012535
2092; 0.00125083
2093; 0.00124816
2094; 0.0012455
2095; 0.00124284
2096; 0.0012402
2097; 0.00123756
2098; 0.00123492
2099; 0.00123229
2100; 0.00122967
2101; 0.00122706
2102; 0.00122445
2103; 0.00122185
2104; 0.00121925
2105; 0.00121666
2106; 0.00121408
2107; 0.0012115
2108; 0.00120893
2109; 0.00120637
2110; 0.00120381
2111; 0.00120126
2112; 0.00119872
2113; 0.00119618
2114; 0.00119365
2115; 0.00119112
2116; 0.0011886
2117; 0.00118609
2118; 0.00118358
2119; 0.00118108
2120; 0.00117859
2121; 0.0011761
2122; 0.00117362
2123; 0.00117114
2124; 0.00116867
2125; 0.00116621
2126; 0.00116375
2127; 0.0011613
2128; 0.00115886
2129; 0.00115642
2130; 0.00115398
2131; 0.00115156
2132; 0.00114914
2133; 0.00114672
2134; 0.00114431
2135; 0.00114191
2136; 0.00113951
2137; 0.00113712
2138; 0.00113474
2139; 0.00113236
2140; 0.00112999
2141; 0.00112762
2142; 0.00112526
2143; 0.0011229
2144; 0.00112055
2145; 0.00111821
2146; 0.00111587
2147; 0.00111354
2148; 0.00111121
2149; 0.00110889
2150; 0.00110658
2151; 0.00110427
2152; 0.00110196
2153; 0.00109967
2154; 0.00109737
2155; 0.00109509
2156; 0.00109281
2157; 0.00109053
2158; 0.00108826
2159; 0.001086
2160; 0.00108374
2161; 0.00108149
2162; 0.00107924
2163; 0.001077
2164; 0.00107477
2165; 0.00107254
2166; 0.00107031
2167; 0.00106809
2168; 0.00106588
2169; 0.00106367
2170; 0.00106147
2171; 0.00105927
2172; 0.00105708
2173; 0.00105489
2174; 0.00105271
2175; 0.00105054
2176; 0.00104837
2177; 0.00104621
2178; 0.00104405
2179; 0.00104189
2180; 0.00103974
2181; 0.0010376
2182; 0.00103546
2183; 0.00103333
2184; 0.00103121
2185; 0.00102908
2186; 0.00102697
2187; 0.00102486
2188; 0.00102275
2189; 0.00102065
2190; 0.00101855
2191; 0.00101646
2192; 0.00101438
2193; 0.0010123
2194; 0.00101022
2195; 0.00100816
2196; 0.00100609
2197; 0.00100403
2198; 0.00100198
2199; 0.000999929
2200; 0.000997885
2201; 0.000995846
2202; 0.000993813
2203; 0.000991784
2204; 0.000989761
2205; 0.000987742
2206; 0.000985729
2207; 0.00098372
2208; 0.000981717
2209; 0.000979718
2210; 0.000977724
2211; 0.000975736
2212; 0.000973752
2213; 0.000971773
2214; 0.0009698
2215; 0.000967831
2216; 0.000965867
2217; 0.000963908
2218; 0.000961954
2219; 0.000960004
2220; 0.00095806
2221; 0.00095612
2222; 0.000954185
2223; 0.000952255
2224; 0.00095033
2225; 0.000948409
2226; 0.000946494
2227; 0.000944583
2228; 0.000942677
2229; 0.000940775
2230; 0.000938878
2231; 0.000936987
2232; 0.000935099
2233; 0.000933217
2234; 0.000931339
2235; 0.000929466
2236; 0.000927597
2237; 0.000925733
2238; 0.000923874
2239; 0.000922019
2240; 0.000920169
2241; 0.000918324
2242; 0.000916483
2243; 0.000914647
2244; 0.000912815
2245; 0.000910988
2246; 0.000909165
2247; 0.000907347
2248; 0.000905533
2249; 0.000903724
2250; 0.00090192
2251; 0.00090012
2252; 0.000898324
2253; 0.000896533
2254; 0.000894746
2255; 0.000892964
2256; 0.000891186
2257; 0.000889413
2258; 0.000887644
2259; 0.000885879
2260; 0.000884119
2261; 0.000882363
2262; 0.000880612
2263; 0.000878865
2264; 0.000877122
2265; 0.000875384
2266; 0.00087365
2267; 0.00087192
2268; 0.000870194
2269; 0.000868473
2270; 0.000866756
2271; 0.000865044
2272; 0.000863335
2273; 0.000861631
2274; 0.000859931
2275; 0.000858235
2276; 0.000856544
2277; 0.000854857
2278; 0.000853174
2279; 0.000851495
2280; 0.00084982
2281; 0.000848149
2282; 0.000846483
2283; 0.000844821
2284; 0.000843163
2285; 0.000841509
2286; 0.000839859
2287; 0.000838213
2288; 0.000836571
2289; 0.000834933
2290; 0.0008333
2291; 0.00083167
2292; 0.000830045
2293; 0.000828423
2294; 0.000826806
2295; 0.000825193
2296; 0.000823583
2297; 0.000821978
2298; 0.000820376
2299; 0.000818779
2300; 0.000817185
2301; 0.000815596
2302; 0.00081401
2303; 0.000812429
2304; 0.000810851
2305; 0.000809277
2306; 0.000807707
2307; 0.000806141
2308; 0.000804579
2309; 0.000803021
2310; 0.000801467
2311; 0.000799916
2312; 0.00079837
2313; 0.000796827
2314; 0.000795288
2315; 0.000793753
2316; 0.000792221
2317; 0.000790694
2318; 0.00078917
2319; 0.00078765
2320; 0.000786134
2321; 0.000784621
2322; 0.000783113
2323; 0.000781608
2324; 0.000780106
2325; 0.000778609
2326; 0.000777115
2327; 0.000775625
2328; 0.000774139
2329; 0.000772656
2330; 0.000771177
2331; 0.000769702
2332; 0.00076823
2333; 0.000766762
2334; 0.000765297
2335; 0.000763837
2336; 0.000762379
2337; 0.000760926
2338; 0.000759476
2339; 0.00075803
2340; 0.000756587
2341; 0.000755148
2342; 0.000753712
2343; 0.00075228
2344; 0.000750851
2345; 0.000749426
2346; 0.000748005
2347; 0.000746587
2348; 0.000745173
2349; 0.000743762
2350; 0.000742354
2351; 0.00074095
2352; 0.00073955
2353; 0.000738153
2354; 0.000736759
2355; 0.000735369
2356; 0.000733982
2357; 0.000732599
2358; 0.000731219
2359; 0.000729843
2360; 0.00072847
2361; 0.0007271
2362; 0.000725734
2363; 0.000724371
2364; 0.000723012
2365; 0.000721656
2366; 0.000720303
2367; 0.000718954
2368; 0.000717608
2369; 0.000716265
2370; 0.000714925
2371; 0.000713589
2372; 0.000712257
2373; 0.000710927
2374; 0.000709601
2375; 0.000708278
2376; 0.000706958
2377; 0.000705642
2378; 0.000704329
2379; 0.000703019
2380; 0.000701712
2381; 0.000700409
2382; 0.000699108
2383; 0.000697811
2384; 0.000696517
2385; 0.000695227
2386; 0.000693939
2387; 0.000692655
2388; 0.000691374
2389; 0.000690096
2390; 0.000688821
2391; 0.00068755
2392; 0.000686281
2393; 0.000685016
2394; 0.000683754
2395; 0.000682494
2396; 0.000681238
2397; 0.000679985
2398; 0.000678736
2399; 0.000677489
2400; 0.000676245
2401; 0.000675005
2402; 0.000673767
2403; 0.000672532
2404; 0.000671301
2405; 0.000670073
2406; 0.000668847
2407; 0.000667625
2408; 0.000666405
2409; 0.000665189
2410; 0.000663976
2411; 0.000662765
2412; 0.000661558
2413; 0.000660353
2414; 0.000659152
2415; 0.000657953
2416; 0.000656758
2417; 0.000655565
2418; 0.000654375
2419; 0.000653189
2420; 0.000652005
2421; 0.000650824
2422; 0.000649646
2423; 0.000648471
2424; 0.000647298
2425; 0.000646129
2426; 0.000644962
2427; 0.000643799
2428; 0.000642638
2429; 0.00064148
2430; 0.000640325
2431; 0.000639173
2432; 0.000638023
2433; 0.000636877
2434; 0.000635733
2435; 0.000634592
2436; 0.000633454
2437; 0.000632318
2438; 0.000631186
2439; 0.000630056
2440; 0.000628929
2441; 0.000627805
2442; 0.000626683
2443; 0.000625564
2444; 0.000624448
2445; 0.000623335
2446; 0.000622225
2447; 0.000621117
2448; 0.000620012
2449; 0.000618909
2450; 0.000617809
2451; 0.000616712
2452; 0.000615618
2453; 0.000614526
2454; 0.000613437
2455; 0.000612351
2456; 0.000611267
2457; 0.000610186
2458; 0.000609108
2459; 0.000608032
2460; 0.000606959
2461; 0.000605889
2462; 0.000604821
2463; 0.000603755
2464; 0.000602693
2465; 0.000601633
2466; 0.000600575
2467; 0.00059952
2468; 0.000598468
2469; 0.000597418
2470; 0.000596371
2471; 0.000595327
2472; 0.000594284
2473; 0.000593245
2474; 0.000592208
2475; 0.000591174
2476; 0.000590142
2477; 0.000589112
2478; 0.000588085
2479; 0.000587061
2480; 0.000586039
2481; 0.000585019
2482; 0.000584003
2483; 0.000582988
2484; 0.000581976
2485; 0.000580967
2486; 0.000579959
2487; 0.000578955
2488; 0.000577953
2489; 0.000576953
2490; 0.000575956
2491; 0.000574961
2492; 0.000573968
2493; 0.000572978
2494; 0.000571991
2495; 0.000571005
2496; 0.000570022
2497; 0.000569042
2498; 0.000568064
2499; 0.000567088
2500; 0.000566115
2501; 0.000565144
2502; 0.000564175
2503; 0.000563209
2504; 0.000562245
2505; 0.000561284
2506; 0.000560324
2507; 0.000559367
2508; 0.000558413
2509; 0.00055746
2510; 0.00055651
2511; 0.000555563
2512; 0.000554617
2513; 0.000553674
2514; 0.000552733
2515; 0.000551795
2516; 0.000550859
2517; 0.000549925
2518; 0.000548993
2519; 0.000548063
2520; 0.000547136
2521; 0.000546211
2522; 0.000545288
2523; 0.000544368
2524; 0.000543449
2525; 0.000542533
2526; 0.00054162
2527; 0.000540708
2528; 0.000539798
2529; 0.000538891
2530; 0.000537986
2531; 0.000537083
2532; 0.000536182
2533; 0.000535284
2534; 0.000534387
2535; 0.000533493
2536; 0.000532601
2537; 0.000531711
2538; 0.000530823
2539; 0.000529938
2540; 0.000529054
2541; 0.000528173
2542; 0.000527293
2543; 0.000526416
2544; 0.000525541
2545; 0.000524668
2546; 0.000523797
2547; 0.000522929
2548; 0.000522062
2549; 0.000521197
2550; 0.000520335
2551; 0.000519474
2552; 0.000518616
2553; 0.00051776
2554; 0.000516905
2555; 0.000516053
2556; 0.000515203
2557; 0.000514355
2558; 0.000513509
2559; 0.000512664
2560; 0.000511822
2561; 0.000510982
2562; 0.000510144
2563; 0.000509308
2564; 0.000508474
2565; 0.000507642
2566; 0.000506812
2567; 0.000505984
2568; 0.000505158
2569; 0.000504334
2570; 0.000503512
2571; 0.000502691
2572; 0.000501873
2573; 0.000501057
2574; 0.000500242
2575; 0.00049943
2576; 0.00049862
2577; 0.000497811
2578; 0.000497004
2579; 0.0004962
2580; 0.000495397
2581; 0.000494596
2582; 0.000493797
2583; 0.000493
2584; 0.000492205
2585; 0.000491412
2586; 0.00049062
2587; 0.000489831
2588; 0.000489043
2589; 0.000488257
2590; 0.000487474
2591; 0.000486692
2592; 0.000485911
2593; 0.000485133
2594; 0.000484357
2595; 0.000483582
2596; 0.000482809
2597; 0.000482038
2598; 0.000481269
2599; 0.000480502
2600; 0.000479736
2601; 0.000478972
2602; 0.000478211
2603; 0.00047745
2604; 0.000476692
2605; 0.000475936
2606; 0.000475181
2607; 0.000474428
2608; 0.000473677
2609; 0.000472927
2610; 0.00047218
2611; 0.000471434
2612; 0.00047069
2613; 0.000469947
2614; 0.000469207
2615; 0.000468468
2616; 0.000467731
2617; 0.000466995
2618; 0.000466262
2619; 0.00046553
2620; 0.0004648
2621; 0.000464071
2622; 0.000463344
2623; 0.000462619
2624; 0.000461896
2625; 0.000461174
2626; 0.000460454
2627; 0.000459736
2628; 0.000459019
2629; 0.000458305
2630; 0.000457591
2631; 0.00045688
2632; 0.00045617
2633; 0.000455462
2634; 0.000454755
2635; 0.00045405
2636; 0.000453347
2637; 0.000452645
2638; 0.000451945
2639; 0.000451247
2640; 0.00045055
2641; 0.000449855
2642; 0.000449161
2643; 0.000448469
2644; 0.000447779
2645; 0.00044709
2646; 0.000446403
2647; 0.000445718
2648; 0.000445034
2649; 0.000444352
2650; 0.000443671
2651; 0.000442992
2652; 0.000442314
2653; 0.000441638
2654; 0.000440964
2655; 0.000440291
2656; 0.00043962
2657; 0.00043895
2658; 0.000438282
2659; 0.000437616
2660; 0.00043695
2661; 0.000436287
2662; 0.000435625
2663; 0.000434965
2664; 0.000434306
2665; 0.000433648
2666; 0.000432992
2667; 0.000432338
2668; 0.000431685
2669; 0.000431034
2670; 0.000430384
2671; 0.000429736
2672; 0.000429089
2673; 0.000428443
2674; 0.000427799
2675; 0.000427157
2676; 0.000426516
2677; 0.000425877
2678; 0.000425239
2679; 0.000424602
2680; 0.000423967
2681; 0.000423334
2682; 0.000422702
2683; 0.000422071
2684; 0.000421442
2685; 0.000420814
2686; 0.000420187
2687; 0.000419563
2688; 0.000418939
2689; 0.000418317
2690; 0.000417696
2691; 0.000417077
2692; 0.000416459
2693; 0.000415843
2694; 0.000415228
2695; 0.000414615
2696; 0.000414002
2697; 0.000413392
2698; 0.000412782
2699; 0.000412174
2700; 0.000411568
2701; 0.000410962
2702; 0.000410359
2703; 0.000409756
2704; 0.000409155
2705; 0.000408555
2706; 0.000407957
2707; 0.00040736
2708; 0.000406764
2709; 0.00040617
2710; 0.000405577
2711; 0.000404985
2712; 0.000404395
2713; 0.000403806
2714; 0.000403218
2715; 0.000402632
2716; 0.000402047
2717; 0.000401464
2718; 0.000400881
2719; 0.0004003
2720; 0.000399721
2721; 0.000399142
2722; 0.000398565
2723; 0.000397989
2724; 0.000397415
2725; 0.000396842
2726; 0.00039627
2727; 0.000395699
2728; 0.00039513
2729; 0.000394562
2730; 0.000393995
2731; 0.00039343
2732; 0.000392865
2733; 0.000392302
2734; 0.000391741
2735; 0.00039118
2736; 0.000390621
2737; 0.000390063
2738; 0.000389506
2739; 0.000388951
2740; 0.000388397
2741; 0.000387844
2742; 0.000387292
2743; 0.000386742
2744; 0.000386192
2745; 0.000385644
2746; 0.000385098
2747; 0.000384552
2748; 0.000384008
2749; 0.000383464
2750; 0.000382922
2751; 0.000382382
2752; 0.000381842
2753; 0.000381304
2754; 0.000380767
2755; 0.000380231
2756; 0.000379696
2757; 0.000379162
2758; 0.00037863
2759; 0.000378099
2760; 0.000377569
2761; 0.00037704
2762; 0.000376512
2763; 0.000375985
2764; 0.00037546
2765; 0.000374936
2766; 0.000374413
2767; 0.000373891
2768; 0.00037337
2769; 0.00037285
2770; 0.000372332
2771; 0.000371815
2772; 0.000371298
2773; 0.000370783
2774; 0.000370269
2775; 0.000369757
2776; 0.000369245
2777; 0.000368734
2778; 0.000368225
2779; 0.000367716
2780; 0.000367209
2781; 0.000366703
2782; 0.000366198
2783; 0.000365694
2784; 0.000365191
2785; 0.00036469
2786; 0.000364189
2787; 0.00036369
2788; 0.000363191
2789; 0.000362694
2790; 0.000362198
2791; 0.000361702
2792; 0.000361208
2793; 0.000360715
2794; 0.000360223
2795; 0.000359733
2796; 0.000359243
2797; 0.000358754
2798; 0.000358266
2799; 0.00035778
2800; 0.000357294
2801; 0.000356809
2802; 0.000356326
2803; 0.000355844
2804; 0.000355362
2805; 0.000354882
2806; 0.000354402
2807; 0.000353924
2808; 0.000353447
2809; 0.000352971
2810; 0.000352495
2811; 0.000352021
2812; 0.000351548
2813; 0.000351076
2814; 0.000350605
2815; 0.000350135
2816; 0.000349666
2817; 0.000349197
2818; 0.00034873
2819; 0.000348264
2820; 0.000347799
2821; 0.000347335
2822; 0.000346872
2823; 0.00034641
2824; 0.000345949
2825; 0.000345488
2826; 0.000345029
2827; 0.000344571
2828; 0.000344114
2829; 0.000343658
2830; 0.000343202
2831; 0.000342748
2832; 0.000342295
2833; 0.000341842
2834; 0.000341391
2835; 0.00034094
2836; 0.000340491
2837; 0.000340042
2838; 0.000339595
2839; 0.000339148
2840; 0.000338702
2841; 0.000338257
2842; 0.000337813
2843; 0.000337371
2844; 0.000336929
2845; 0.000336488
2846; 0.000336047
2847; 0.000335608
2848; 0.00033517
2849; 0.000334733
2850; 0.000334296
2851; 0.000333861
2852; 0.000333426
2853; 0.000332992
2854; 0.00033256
2855; 0.000332128
2856; 0.000331697
2857; 0.000331267
2858; 0.000330837
2859; 0.000330409
2860; 0.000329982
2861; 0.000329555
2862; 0.00032913
2863; 0.000328705
2864; 0.000328281
2865; 0.000327858
2866; 0.000327436
2867; 0.000327015
2868; 0.000326595
2869; 0.000326175
2870; 0.000325757
2871; 0.000325339
2872; 0.000324922
2873; 0.000324506
2874; 0.000324091
2875; 0.000323677
2876; 0.000323263
2877; 0.000322851
2878; 0.000322439
2879; 0.000322028
2880; 0.000321618
2881; 0.000321209
2882; 0.000320801
2883; 0.000320393
2884; 0.000319987
2885; 0.000319581
2886; 0.000319176
2887; 0.000318772
2888; 0.000318368
2889; 0.000317966
2890; 0.000317564
2891; 0.000317163
2892; 0.000316763
2893; 0.000316364
2894; 0.000315966
2895; 0.000315568
2896; 0.000315171
2897; 0.000314775
2898; 0.00031438
2899; 0.000313986
2900; 0.000313592
2901; 0.000313199
2902; 0.000312807
2903; 0.000312416
2904; 0.000312026
2905; 0.000311636
2906; 0.000311248
2907; 0.00031086
2908; 0.000310472
2909; 0.000310086
2910; 0.0003097
2911; 0.000309315
2912; 0.000308931
2913; 0.000308548
2914; 0.000308165
2915; 0.000307783
2916; 0.000307402
2917; 0.000307022
2918; 0.000306643
2919; 0.000306264
2920; 0.000305886
2921; 0.000305509
2922; 0.000305132
2923; 0.000304757
2924; 0.000304382
2925; 0.000304007
2926; 0.000303634
2927; 0.000303261
2928; 0.000302889
2929; 0.000302518
2930; 0.000302148
2931; 0.000301778
2932; 0.000301409
2933; 0.00030104
2934; 0.000300673
2935; 0.000300306
2936; 0.00029994
2937; 0.000299575
2938; 0.00029921
2939; 0.000298846
2940; 0.000298483
2941; 0.00029812
2942; 0.000297758
2943; 0.000297397
2944; 0.000297037
2945; 0.000296677
2946; 0.000296318
2947; 0.00029596
2948; 0.000295603
2949; 0.000295246
2950; 0.00029489
2951; 0.000294534
2952; 0.00029418
2953; 0.000293825
2954; 0.000293472
2955; 0.000293119
2956; 0.000292767
2957; 0.000292416
2958; 0.000292066
2959; 0.000291716
2960; 0.000291366
2961; 0.000291018
2962; 0.00029067
2963; 0.000290323
2964; 0.000289976
2965; 0.00028963
2966; 0.000289285
2967; 0.000288941
2968; 0.000288597
2969; 0.000288254
2970; 0.000287911
2971; 0.000287569
2972; 0.000287228
2973; 0.000286888
2974; 0.000286548
2975; 0.000286208
2976; 0.00028587
2977; 0.000285532
2978; 0.000285195
2979; 0.000284858
2980; 0.000284522
2981; 0.000284187
2982; 0.000283852
2983; 0.000283518
2984; 0.000283185
2985; 0.000282852
2986; 0.00028252
2987; 0.000282188
2988; 0.000281857
2989; 0.000281527
2990; 0.000281197
2991; 0.000280868
2992; 0.00028054
2993; 0.000280212
2994; 0.000279885
2995; 0.000279559
2996; 0.000279233
2997; 0.000278908
2998; 0.000278583
2999; 0.000278259
3000; 0.000277936
3001; 0.000277613
3002; 0.000277291
3003; 0.000276969
3004; 0.000276648
3005; 0.000276328
3006; 0.000276008
3007; 0.000275689
3008; 0.00027537
3009; 0.000275052
3010; 0.000274735
3011; 0.000274418
3012; 0.000274102
3013; 0.000273786
3014; 0.000273471
3015; 0.000273157
3016; 0.000272843
3017; 0.00027253
3018; 0.000272217
3019; 0.000271905
3020; 0.000271593
3021; 0.000271282
3022; 0.000270972
3023; 0.000270662
3024; 0.000270353
3025; 0.000270045
3026; 0.000269736
3027; 0.000269429
3028; 0.000269122
3029; 0.000268816
3030; 0.00026851
3031; 0.000268205
3032; 0.0002679
3033; 0.000267596
3034; 0.000267293
3035; 0.00026699
3036; 0.000266687
3037; 0.000266385
3038; 0.000266084
3039; 0.000265783
3040; 0.000265483
3041; 0.000265183
3042; 0.000264884
3043; 0.000264586
3044; 0.000264288
3045; 0.00026399
3046; 0.000263693
3047; 0.000263397
3048; 0.000263101
3049; 0.000262806
3050; 0.000262511
3051; 0.000262217
3052; 0.000261923
3053; 0.00026163
3054; 0.000261337
3055; 0.000261045
3056; 0.000260754
3057; 0.000260463
3058; 0.000260172
3059; 0.000259882
3060; 0.000259593
3061; 0.000259304
3062; 0.000259015
3063; 0.000258727
3064; 0.00025844
3065; 0.000258153
3066; 0.000257867
3067; 0.000257581
3068; 0.000257296
3069; 0.000257011
3070; 0.000256727
3071; 0.000256443
3072; 0.00025616
3073; 0.000255877
3074; 0.000255594
3075; 0.000255313
3076; 0.000255031
3077; 0.000254751
3078; 0.00025447
3079; 0.000254191
3080; 0.000253911
3081; 0.000253633
3082; 0.000253354
3083; 0.000253076
3084; 0.000252799
3085; 0.000252522
3086; 0.000252246
3087; 0.00025197
3088; 0.000251695
3089; 0.00025142
3090; 0.000251146
3091; 0.000250872
3092; 0.000250598
3093; 0.000250325
3094; 0.000250053
3095; 0.000249781
3096; 0.00024951
3097; 0.000249238
3098; 0.000248968
3099; 0.000248698
3100; 0.000248428
3101; 0.000248159
3102; 0.000247891
3103; 0.000247622
3104; 0.000247355
3105; 0.000247087
3106; 0.000246821
3107; 0.000246554
3108; 0.000246288
3109; 0.000246023
3110; 0.000245758
3111; 0.000245494
3112; 0.00024523
3113; 0.000244966
3114; 0.000244703
3115; 0.00024444
3116; 0.000244178
3117; 0.000243916
3118; 0.000243655
3119; 0.000243394
3120; 0.000243134
3121; 0.000242874
3122; 0.000242614
3123; 0.000242355
3124; 0.000242097
3125; 0.000241839
3126; 0.000241581
3127; 0.000241324
3128; 0.000241067
3129; 0.00024081
3130; 0.000240554
3131; 0.000240299
3132; 0.000240044
3133; 0.000239789
3134; 0.000239535
3135; 0.000239281
3136; 0.000239028
3137; 0.000238775
3138; 0.000238522
3139; 0.00023827
3140; 0.000238019
3141; 0.000237767
3142; 0.000237517
3143; 0.000237266
3144; 0.000237016
3145; 0.000236767
3146; 0.000236518
3147; 0.000236269
3148; 0.000236021
3149; 0.000235773
3150; 0.000235525
3151; 0.000235278
3152; 0.000235032
3153; 0.000234786
3154; 0.00023454
3155; 0.000234294
3156; 0.00023405
3157; 0.000233805
3158; 0.000233561
3159; 0.000233317
3160; 0.000233074
3161; 0.000232831
3162; 0.000232588
3163; 0.000232346
3164; 0.000232105
3165; 0.000231863
3166; 0.000231622
3167; 0.000231382
3168; 0.000231142
3169; 0.000230902
3170; 0.000230663
3171; 0.000230424
3172; 0.000230185
3173; 0.000229947
3174; 0.00022971
3175; 0.000229472
3176; 0.000229235
3177; 0.000228999
3178; 0.000228763
3179; 0.000228527
3180; 0.000228292
3181; 0.000228057
3182; 0.000227822
3183; 0.000227588
3184; 0.000227354
3185; 0.00022712
3186; 0.000226887
3187; 0.000226655
3188; 0.000226422
3189; 0.00022619
3190; 0.000225959
3191; 0.000225728
3192; 0.000225497
3193; 0.000225266
3194; 0.000225036
3195; 0.000224807
3196; 0.000224577
3197; 0.000224348
3198; 0.00022412
3199; 0.000223892
3200; 0.000223664
3201; 0.000223436
3202; 0.000223209
3203; 0.000222983
3204; 0.000222756
3205; 0.00022253
3206; 0.000222305
3207; 0.000222079
3208; 0.000221854
3209; 0.00022163
3210; 0.000221406
3211; 0.000221182
3212; 0.000220958
3213; 0.000220735
3214; 0.000220513
3215; 0.00022029
3216; 0.000220068
3217; 0.000219846
3218; 0.000219625
3219; 0.000219404
3220; 0.000219184
3221; 0.000218963
3222; 0.000218743
3223; 0.000218524
3224; 0.000218305
3225; 0.000218086
3226; 0.000217867
3227; 0.000217649
3228; 0.000217431
3229; 0.000217214
3230; 0.000216997
3231; 0.00021678
3232; 0.000216563
3233; 0.000216347
3234; 0.000216131
3235; 0.000215916
3236; 0.000215701
3237; 0.000215486
3238; 0.000215272
3239; 0.000215058
3240; 0.000214844
3241; 0.000214631
3242; 0.000214417
3243; 0.000214205
3244; 0.000213992
3245; 0.00021378
3246; 0.000213569
3247; 0.000213357
3248; 0.000213146
3249; 0.000212935
3250; 0.000212725
3251; 0.000212515
3252; 0.000212305
3253; 0.000212096
3254; 0.000211886
3255; 0.000211678
3256; 0.000211469
3257; 0.000211261
3258; 0.000211053
3259; 0.000210846
3260; 0.000210639
3261; 0.000210432
3262; 0.000210225
3263; 0.000210019
3264; 0.000209813
3265; 0.000209607
3266; 0.000209402
3267; 0.000209197
3268; 0.000208993
3269; 0.000208788
3270; 0.000208584
3271; 0.000208381
3272; 0.000208177
3273; 0.000207974
3274; 0.000207771
3275; 0.000207569
3276; 0.000207367
3277; 0.000207165
3278; 0.000206964
3279; 0.000206762
3280; 0.000206561
3281; 0.000206361
3282; 0.000206161
3283; 0.000205961
3284; 0.000205761
3285; 0.000205561
3286; 0.000205362
3287; 0.000205164
3288; 0.000204965
3289; 0.000204767
3290; 0.000204569
3291; 0.000204372
3292; 0.000204174
3293; 0.000203977
3294; 0.000203781
3295; 0.000203584
3296; 0.000203388
3297; 0.000203192
3298; 0.000202997
3299; 0.000202802
3300; 0.000202607
3301; 0.000202412
3302; 0.000202218
3303; 0.000202024
3304; 0.00020183
3305; 0.000201637
3306; 0.000201444
3307; 0.000201251
3308; 0.000201058
3309; 0.000200866
3310; 0.000200674
3311; 0.000200482
3312; 0.000200291
3313; 0.0002001
3314; 0.000199909
3315; 0.000199718
3316; 0.000199528
3317; 0.000199338
3318; 0.000199148
3319; 0.000198959
3320; 0.00019877
3321; 0.000198581
3322; 0.000198392
3323; 0.000198204
3324; 0.000198016
3325; 0.000197828
3326; 0.000197641
3327; 0.000197453
3328; 0.000197266
3329; 0.00019708
3330; 0.000196893
3331; 0.000196707
3332; 0.000196521
3333; 0.000196336
3334; 0.000196151
3335; 0.000195966
3336; 0.000195781
3337; 0.000195596
3338; 0.000195412
3339; 0.000195228
3340; 0.000195045
3341; 0.000194861
3342; 0.000194678
3343; 0.000194495
3344; 0.000194313
3345; 0.00019413
3346; 0.000193948
3347; 0.000193767
3348; 0.000193585
3349; 0.000193404
3350; 0.000193223
3351; 0.000193042
3352; 0.000192862
3353; 0.000192681
3354; 0.000192501
3355; 0.000192322
3356; 0.000192142
3357; 0.000191963
3358; 0.000191784
3359; 0.000191606
3360; 0.000191427
3361; 0.000191249
3362; 0.000191071
3363; 0.000190894
3364; 0.000190716
3365; 0.000190539
3366; 0.000190362
3367; 0.000190186
3368; 0.00019001
3369; 0.000189833
3370; 0.000189658
3371; 0.000189482
3372; 0.000189307
3373; 0.000189132
3374; 0.000188957
3375; 0.000188782
3376; 0.000188608
3377; 0.000188434
3378; 0.00018826
3379; 0.000188087
3380; 0.000187913
3381; 0.00018774
3382; 0.000187567
3383; 0.000187395
3384; 0.000187222
3385; 0.00018705
3386; 0.000186878
3387; 0.000186707
3388; 0.000186536
3389; 0.000186364
3390; 0.000186194
3391; 0.000186023
3392; 0.000185853
3393; 0.000185682
3394; 0.000185513
3395; 0.000185343
3396; 0.000185173
3397; 0.000185004
3398; 0.000184835
3399; 0.000184667
3400; 0.000184498
3401; 0.00018433
3402; 0.000184162
3403; 0.000183994
3404; 0.000183827
3405; 0.000183659
3406; 0.000183492
3407; 0.000183326
3408; 0.000183159
3409; 0.000182993
3410; 0.000182827
3411; 0.000182661
3412; 0.000182495
3413; 0.00018233
3414; 0.000182164
3415; 0.000182
3416; 0.000181835
3417; 0.00018167
3418; 0.000181506
3419; 0.000181342
3420; 0.000181178
3421; 0.000181015
3422; 0.000180851
3423; 0.000180688
3424; 0.000180525
3425; 0.000180363
3426; 0.0001802
3427; 0.000180038
3428; 0.000179876
3429; 0.000179714
3430; 0.000179553
3431; 0.000179392
3432; 0.000179231
3433; 0.00017907
3434; 0.000178909
3435; 0.000178749
3436; 0.000178588
3437; 0.000178428
3438; 0.000178269
3439; 0.000178109
3440; 0.00017795
3441; 0.000177791
3442; 0.000177632
3443; 0.000177473
3444; 0.000177315
3445; 0.000177157
3446; 0.000176999
3447; 0.000176841
3448; 0.000176683
3449; 0.000176526
3450; 0.000176369
3451; 0.000176212
3452; 0.000176055
3453; 0.000175899
3454; 0.000175743
3455; 0.000175587
3456; 0.000175431
3457; 0.000175275
3458; 0.00017512
3459; 0.000174965
3460; 0.00017481
3461; 0.000174655
3462; 0.0001745
3463; 0.000174346
3464; 0.000174192
3465; 0.000174038
3466; 0.000173884
3467; 0.000173731
3468; 0.000173577
3469; 0.000173424
3470; 0.000173271
3471; 0.000173119
3472; 0.000172966
3473; 0.000172814
3474; 0.000172662
3475; 0.00017251
3476; 0.000172359
3477; 0.000172207
3478; 0.000172056
3479; 0.000171905
3480; 0.000171754
3481; 0.000171603
3482; 0.000171453
3483; 0.000171303
3484; 0.000171153
3485; 0.000171003
3486; 0.000170853
3487; 0.000170704
3488; 0.000170555
3489; 0.000170406
3490; 0.000170257
3491; 0.000170109
3492; 0.00016996
3493; 0.000169812
3494; 0.000169664
3495; 0.000169516
3496; 0.000169369
3497; 0.000169221
3498; 0.000169074
3499; 0.000168927
3500; 0.00016878
3501; 0.000168634
3502; 0.000168487
3503; 0.000168341
3504; 0.000168195
3505; 0.000168049
3506; 0.000167904
3507; 0.000167758
3508; 0.000167613
3509; 0.000167468
3510; 0.000167323
3511; 0.000167178
3512; 0.000167034
3513; 0.00016689
3514; 0.000166746
3515; 0.000166602
3516; 0.000166458
3517; 0.000166315
3518; 0.000166171
3519; 0.000166028
3520; 0.000165885
3521; 0.000165742
3522; 0.0001656
3523; 0.000165458
3524; 0.000165315
3525; 0.000165173
3526; 0.000165032
3527; 0.00016489
3528; 0.000164749
3529; 0.000164607
3530; 0.000164466
3531; 0.000164326
3532; 0.000164185
3533; 0.000164044
3534; 0.000163904
3535; 0.000163764
3536; 0.000163624
3537; 0.000163484
3538; 0.000163345
3539; 0.000163205
3540; 0.000163066
3541; 0.000162927
3542; 0.000162788
3543; 0.00016265
3544; 0.000162511
3545; 0.000162373
3546; 0.000162235
3547; 0.000162097
3548; 0.000161959
3549; 0.000161822
3550; 0.000161684
3551; 0.000161547
3552; 0.00016141
3553; 0.000161273
3554; 0.000161137
3555; 0.000161
3556; 0.000160864
3557; 0.000160728
3558; 0.000160592
3559; 0.000160456
3560; 0.000160321
3561; 0.000160185
3562; 0.00016005
3563; 0.000159915
3564; 0.00015978
3565; 0.000159646
3566; 0.000159511
3567; 0.000159377
3568; 0.000159243
3569; 0.000159109
3570; 0.000158975
3571; 0.000158841
3572; 0.000158708
3573; 0.000158574
3574; 0.000158441
3575; 0.000158308
3576; 0.000158176
3577; 0.000158043
3578; 0.000157911
3579; 0.000157778
3580; 0.000157646
3581; 0.000157514
3582; 0.000157383
3583; 0.000157251
3584; 0.00015712
3585; 0.000156989
3586; 0.000156858
3587; 0.000156727
3588; 0.000156596
3589; 0.000156465
3590; 0.000156335
3591; 0.000156205
3592; 0.000156075
3593; 0.000155945
3594; 0.000155815
3595; 0.000155686
3596; 0.000155556
3597; 0.000155427
3598; 0.000155298
3599; 0.000155169
3600; 0.000155041
3601; 0.000154912
3602; 0.000154784
3603; 0.000154656
3604; 0.000154528
3605; 0.0001544
3606; 0.000154272
3607; 0.000154145
3608; 0.000154017
3609; 0.00015389
3610; 0.000153763
3611; 0.000153636
3612; 0.000153509
3613; 0.000153383
3614; 0.000153256
3615; 0.00015313
3616; 0.000153004
3617; 0.000152878
3618; 0.000152753
3619; 0.000152627
3620; 0.000152502
3621; 0.000152376
3622; 0.000152251
3623; 0.000152126
3624; 0.000152002
3625; 0.000151877
3626; 0.000151753
3627; 0.000151628
3628; 0.000151504
3629; 0.00015138
3630; 0.000151256
3631; 0.000151133
3632; 0.000151009
3633; 0.000150886
3634; 0.000150763
3635; 0.00015064
3636; 0.000150517
3637; 0.000150394
3638; 0.000150272
3639; 0.000150149
3640; 0.000150027
3641; 0.000149905
3642; 0.000149783
3643; 0.000149661
3644; 0.00014954
3645; 0.000149418
3646; 0.000149297
3647; 0.000149176
3648; 0.000149055
3649; 0.000148934
3650; 0.000148813
3651; 0.000148693
3652; 0.000148572
3653; 0.000148452
3654; 0.000148332
3655; 0.000148212
3656; 0.000148092
3657; 0.000147973
3658; 0.000147853
3659; 0.000147734
3660; 0.000147615
3661; 0.000147496
3662; 0.000147377
3663; 0.000147258
3664; 0.00014714
3665; 0.000147021
3666; 0.000146903
3667; 0.000146785
3668; 0.000146667
3669; 0.000146549
3670; 0.000146432
3671; 0.000146314
3672; 0.000146197
3673; 0.00014608
3674; 0.000145963
3675; 0.000145846
3676; 0.000145729
3677; 0.000145612
3678; 0.000145496
3679; 0.000145379
3680; 0.000145263
3681; 0.000145147
3682; 0.000145031
3683; 0.000144916
3684; 0.0001448
3685; 0.000144685
3686; 0.000144569
3687; 0.000144454
3688; 0.000144339
3689; 0.000144224
3690; 0.00014411
3691; 0.000143995
3692; 0.000143881
3693; 0.000143767
3694; 0.000143652
3695; 0.000143538
3696; 0.000143425
3697; 0.000143311
3698; 0.000143197
3699; 0.000143084
3700; 0.000142971
3701; 0.000142858
3702; 0.000142745
3703; 0.000142632
3704; 0.000142519
3705; 0.000142407
3706; 0.000142294
3707; 0.000142182
3708; 0.00014207
3709; 0.000141958
3710; 0.000141846
3711; 0.000141734
3712; 0.000141623
3713; 0.000141511
3714; 0.0001414
3715; 0.000141289
3716; 0.000141178
3717; 0.000141067
3718; 0.000140956
3719; 0.000140846
3720; 0.000140735
3721; 0.000140625
3722; 0.000140515
3723; 0.000140405
3724; 0.000140295
3725; 0.000140185
3726; 0.000140076
3727; 0.000139966
3728; 0.000139857
3729; 0.000139748
3730; 0.000139639
3731; 0.00013953
3732; 0.000139421
3733; 0.000139312
3734; 0.000139204
3735; 0.000139095
3736; 0.000138987
3737; 0.000138879
3738; 0.000138771
3739; 0.000138663
3740; 0.000138556
3741; 0.000138448
3742; 0.000138341
3743; 0.000138233
3744; 0.000138126
3745; 0.000138019
3746; 0.000137912
3747; 0.000137805
3748; 0.000137699
3749; 0.000137592
3750; 0.000137486
3751; 0.00013738
3752; 0.000137274
3753; 0.000137168
3754; 0.000137062
3755; 0.000136956
3756; 0.000136851
3757; 0.000136745
3758; 0.00013664
3759; 0.000136535
3760; 0.00013643
3761; 0.000136325
3762; 0.00013622
3763; 0.000136116
3764; 0.000136011
3765; 0.000135907
3766; 0.000135802
3767; 0.000135698
3768; 0.000135594
3769; 0.00013549
3770; 0.000135387
3771; 0.000135283
3772; 0.00013518
3773; 0.000135076
3774; 0.000134973
3775; 0.00013487
3776; 0.000134767
3777; 0.000134664
3778; 0.000134562
3779; 0.000134459
3780; 0.000134357
3781; 0.000134254
3782; 0.000134152
3783; 0.00013405
3784; 0.000133948
3785; 0.000133846
3786; 0.000133745
3787; 0.000133643
3788; 0.000133542
3789; 0.000133441
3790; 0.000133339
3791; 0.000133238
3792; 0.000133137
3793; 0.000133037
3794; 0.000132936
3795; 0.000132836
3796; 0.000132735
3797; 0.000132635
3798; 0.000132535
3799; 0.000132435
3800; 0.000132335
3801; 0.000132235
3802; 0.000132135
3803; 0.000132036
3804; 0.000131936
3805; 0.000131837
3806; 0.000131738
3807; 0.000131639
3808; 0.00013154
3809; 0.000131441
3810; 0.000131343
3811; 0.000131244
3812; 0.000131146
3813; 0.000131047
3814; 0.000130949
3815; 0.000130851
3816; 0.000130753
3817; 0.000130655
3818; 0.000130558
3819; 0.00013046
3820; 0.000130363
3821; 0.000130265
3822; 0.000130168
3823; 0.000130071
3824; 0.000129974
3825; 0.000129877
3826; 0.000129781
3827; 0.000129684
3828; 0.000129588
3829; 0.000129491
3830; 0.000129395
3831; 0.000129299
3832; 0.000129203
3833; 0.000129107
3834; 0.000129011
3835; 0.000128916
3836; 0.00012882
3837; 0.000128725
3838; 0.00012863
3839; 0.000128534
3840; 0.000128439
3841; 0.000128344
3842; 0.00012825
3843; 0.000128155
3844; 0.00012806
3845; 0.000127966
3846; 0.000127872
3847; 0.000127777
3848; 0.000127683
3849; 0.000127589
3850; 0.000127496
3851; 0.000127402
3852; 0.000127308
3853; 0.000127215
3854; 0.000127121
3855; 0.000127028
3856; 0.000126935
3857; 0.000126842
3858; 0.000126749
3859; 0.000126656
3860; 0.000126563
3861; 0.000126471
3862; 0.000126378
3863; 0.000126286
3864; 0.000126194
3865; 0.000126102
3866; 0.00012601
3867; 0.000125918
3868; 0.000125826
3869; 0.000125734
3870; 0.000125643
3871; 0.000125551
3872; 0.00012546
3873; 0.000125369
3874; 0.000125278
3875; 0.000125187
3876; 0.000125096
3877; 0.000125005
3878; 0.000124915
3879; 0.000124824
3880; 0.000124734
3881; 0.000124643
3882; 0.000124553
3883; 0.000124463
3884; 0.000124373
3885; 0.000124283
3886; 0.000124194
3887; 0.000124104
3888; 0.000124014
3889; 0.000123925
3890; 0.000123836
3891; 0.000123747
3892; 0.000123658
3893; 0.000123569
3894; 0.00012348
3895; 0.000123391
3896; 0.000123302
3897; 0.000123214
3898; 0.000123126
3899; 0.000123037
3900; 0.000122949
3901; 0.000122861
3902; 0.000122773
3903; 0.000122685
3904; 0.000122597
3905; 0.00012251
3906; 0.000122422
3907; 0.000122335
3908; 0.000122248
3909; 0.00012216
3910; 0.000122073
3911; 0.000121986
3912; 0.000121899
3913; 0.000121813
3914; 0.000121726
3915; 0.00012164
3916; 0.000121553
3917; 0.000121467
3918; 0.000121381
3919; 0.000121294
3920; 0.000121208
3921; 0.000121123
3922; 0.000121037
3923; 0.000120951
3924; 0.000120865
3925; 0.00012078
3926; 0.000120695
3927; 0.000120609
3928; 0.000120524
3929; 0.000120439
3930; 0.000120354
3931; 0.000120269
3932; 0.000120185
3933; 0.0001201
3934; 0.000120016
3935; 0.000119931
3936; 0.000119847
3937; 0.000119763
3938; 0.000119679
3939; 0.000119595
3940; 0.000119511
3941; 0.000119427
3942; 0.000119343
3943; 0.00011926
3944; 0.000119176
3945; 0.000119093
3946; 0.00011901
3947; 0.000118927
3948; 0.000118844
3949; 0.000118761
3950; 0.000118678
3951; 0.000118595
3952; 0.000118512
3953; 0.00011843
3954; 0.000118348
3955; 0.000118265
3956; 0.000118183
3957; 0.000118101
3958; 0.000118019
3959; 0.000117937
3960; 0.000117855
3961; 0.000117773
3962; 0.000117692
3963; 0.00011761
3964; 0.000117529
3965; 0.000117448
3966; 0.000117367
3967; 0.000117285
3968; 0.000117204
3969; 0.000117124
3970; 0.000117043
3971; 0.000116962
3972; 0.000116882
3973; 0.000116801
3974; 0.000116721
3975; 0.00011664
3976; 0.00011656
3977; 0.00011648
3978; 0.0001164
3979; 0.00011632
3980; 0.000116241
3981; 0.000116161
3982; 0.000116081
3983; 0.000116002
3984; 0.000115923
3985; 0.000115843
3986; 0.000115764
3987; 0.000115685
3988; 0.000115606
3989; 0.000115527
3990; 0.000115448
3991; 0.00011537
3992; 0.000115291
3993; 0.000115213
3994; 0.000115134
3995; 0.000115056
3996; 0.000114978
3997; 0.0001149
3998; 0.000114822
3999; 0.000114744
4000; 0.000114666
4001; 0.000114588
4002; 0.000114511
4003; 0.000114433
4004; 0.000114356
4005; 0.000114279
4006; 0.000114201
4007; 0.000114124
4008; 0.000114047
4009; 0.00011397
4010; 0.000113894
4011; 0.000113817
4012; 0.00011374
4013; 0.000113664
4014; 0.000113587
4015; 0.000113511
4016; 0.000113435
4017; 0.000113359
4018; 0.000113283
4019; 0.000113207
4020; 0.000113131
4021; 0.000113055
4022; 0.000112979
4023; 0.000112904
4024; 0.000112828
4025; 0.000112753
4026; 0.000112678
4027; 0.000112603
4028; 0.000112527
4029; 0.000112452
4030; 0.000112378
4031; 0.000112303
4032; 0.000112228
4033; 0.000112153
4034; 0.000112079
4035; 0.000112005
4036; 0.00011193
4037; 0.000111856
4038; 0.000111782
4039; 0.000111708
4040; 0.000111634
4041; 0.00011156
4042; 0.000111486
4043; 0.000111413
4044; 0.000111339
4045; 0.000111265
4046; 0.000111192
4047; 0.000111119
4048; 0.000111046
4049; 0.000110972
4050; 0.000110899
4051; 0.000110826
4052; 0.000110754
4053; 0.000110681
4054; 0.000110608
4055; 0.000110536
4056; 0.000110463
4057; 0.000110391
4058; 0.000110319
4059; 0.000110246
4060; 0.000110174
4061; 0.000110102
4062; 0.00011003
4063; 0.000109959
4064; 0.000109887
4065; 0.000109815
4066; 0.000109744
4067; 0.000109672
4068; 0.000109601
4069; 0.00010953
4070; 0.000109458
4071; 0.000109387
4072; 0.000109316
4073; 0.000109245
4074; 0.000109174
4075; 0.000109104
4076; 0.000109033
4077; 0.000108963
4078; 0.000108892
4079; 0.000108822
4080; 0.000108751
4081; 0.000108681
4082; 0.000108611
4083; 0.000108541
4084; 0.000108471
4085; 0.000108401
4086; 0.000108332
4087; 0.000108262
4088; 0.000108192
4089; 0.000108123
4090; 0.000108054
4091; 0.000107984
4092; 0.000107915
4093; 0.000107846
4094; 0.000107777
4095; 0.000107708
4096; 0.000107639
4097; 0.00010757
4098; 0.000107502
4099; 0.000107433
4100; 0.000107364
4101; 0.000107296
4102; 0.000107228
4103; 0.000107159
4104; 0.000107091
4105; 0.000107023
4106; 0.000106955
4107; 0.000106887
4108; 0.00010682
4109; 0.000106752
4110; 0.000106684
4111; 0.000106617
4112; 0.000106549
4113; 0.000106482
4114; 0.000106414
4115; 0.000106347
4116; 0.00010628
4117; 0.000106213
4118; 0.000106146
4119; 0.000106079
4120; 0.000106013
4121; 0.000105946
4122; 0.000105879
4123; 0.000105813
4124; 0.000105746
4125; 0.00010568
4126; 0.000105614
4127; 0.000105548
4128; 0.000105481
4129; 0.000105415
4130; 0.000105349
4131; 0.000105284
4132; 0.000105218
4133; 0.000105152
4134; 0.000105087
4135; 0.000105021
4136; 0.000104956
4137; 0.00010489
4138; 0.000104825
4139; 0.00010476
4140; 0.000104695
4141; 0.00010463
4142; 0.000104565
4143; 0.0001045
4144; 0.000104435
4145; 0.000104371
4146; 0.000104306
4147; 0.000104242
4148; 0.000104177
4149; 0.000104113
4150; 0.000104049
4151; 0.000103985
4152; 0.000103921
4153; 0.000103857
4154; 0.000103793
4155; 0.000103729
4156; 0.000103665
4157; 0.000103601
4158; 0.000103538
4159; 0.000103474
4160; 0.000103411
4161; 0.000103348
4162; 0.000103284
4163; 0.000103221
4164; 0.000103158
4165; 0.000103095
4166; 0.000103032
4167; 0.000102969
4168; 0.000102907
4169; 0.000102844
4170; 0.000102781
4171; 0.000102719
4172; 0.000102656
4173; 0.000102594
4174; 0.000102532
4175; 0.00010247
4176; 0.000102407
4177; 0.000102345
4178; 0.000102283
4179; 0.000102222
4180; 0.00010216
4181; 0.000102098
4182; 0.000102037
4183; 0.000101975
4184; 0.000101913
4185; 0.000101852
4186; 0.000101791
4187; 0.00010173
4188; 0.000101668
4189; 0.000101607
4190; 0.000101546
4191; 0.000101485
4192; 0.000101425
4193; 0.000101364
4194; 0.000101303
4195; 0.000101243
4196; 0.000101182
4197; 0.000101122
4198; 0.000101061
4199; 0.000101001
4200; 0.000100941
4201; 0.000100881
4202; 0.000100821
4203; 0.000100761
4204; 0.000100701
4205; 0.000100641
4206; 0.000100581
4207; 0.000100522
4208; 0.000100462
4209; 0.000100403
4210; 0.000100343
4211; 0.000100284
4212; 0.000100225
4213; 0.000100166
4214; 0.000100106
4215; 0.000100047
4216; 9.99885e-05
4217; 9.99296e-05
4218; 9.98708e-05
4219; 9.98121e-05
4220; 9.97535e-05
4221; 9.96949e-05
4222; 9.96364e-05
4223; 9.9578e-05
4224; 9.95197e-05
4225; 9.94614e-05
4226; 9.94033e-05
4227; 9.93452e-05
4228; 9.92872e-05
4229; 9.92292e-05
4230; 9.91713e-05
4231; 9.91136e-05
4232; 9.90558e-05
4233; 9.89982e-05
4234; 9.89406e-05
4235; 9.88832e-05
4236; 9.88257e-05
4237; 9.87684e-05
4238; 9.87111e-05
4239; 9.8654e-05
4240; 9.85969e-05
4241; 9.85398e-05
4242; 9.84829e-05
4243; 9.8426e-05
4244; 9.83692e-05
4245; 9.83124e-05
4246; 9.82558e-05
4247; 9.81992e-05
4248; 9.81427e-05
4249; 9.80863e-05
4250; 9.80299e-05
4251; 9.79736e-05
4252; 9.79174e-05
4253; 9.78613e-05
4254; 9.78052e-05
4255; 9.77492e-05
4256; 9.76933e-05
4257; 9.76375e-05
4258; 9.75817e-05
4259; 9.7526e-05
4260; 9.74704e-05
4261; 9.74149e-05
4262; 9.73594e-05
4263; 9.7304e-05
4264; 9.72487e-05
4265; 9.71935e-05
4266; 9.71383e-05
4267; 9.70832e-05
4268; 9.70282e-05
4269; 9.69732e-05
4270; 9.69183e-05
4271; 9.68635e-05
4272; 9.68088e-05
4273; 9.67541e-05
4274; 9.66995e-05
4275; 9.6645e-05
4276; 9.65906e-05
4277; 9.65362e-05
4278; 9.64819e-05
4279; 9.64277e-05
4280; 9.63735e-05
4281; 9.63195e-05
4282; 9.62654e-05
4283; 9.62115e-05
4284; 9.61576e-05
4285; 9.61038e-05
4286; 9.60501e-05
4287; 9.59965e-05
4288; 9.59429e-05
4289; 9.58894e-05
4290; 9.5836e-05
4291; 9.57826e-05
4292; 9.57293e-05
4293; 9.56761e-05
4294; 9.56229e-05
4295; 9.55699e-05
4296; 9.55169e-05
4297; 9.54639e-05
4298; 9.54111e-05
4299; 9.53583e-05
4300; 9.53055e-05
4301; 9.52529e-05
4302; 9.52003e-05
4303; 9.51478e-05
4304; 9.50954e-05
4305; 9.5043e-05
4306; 9.49907e-05
4307; 9.49385e-05
4308; 9.48863e-05
4309; 9.48342e-05
4310; 9.47822e-05
4311; 9.47303e-05
4312; 9.46784e-05
4313; 9.46266e-05
4314; 9.45748e-05
4315; 9.45232e-05
4316; 9.44716e-05
4317; 9.442e-05
4318; 9.43686e-05
4319; 9.43172e-05
4320; 9.42659e-05
4321; 9.42146e-05
4322; 9.41634e-05
4323; 9.41123e-05
4324; 9.40613e-05
4325; 9.40103e-05
4326; 9.39594e-05
4327; 9.39085e-05
4328; 9.38578e-05
4329; 9.38071e-05
4330; 9.37564e-05
4331; 9.37059e-05
4332; 9.36554e-05
4333; 9.3605e-05
4334; 9.35546e-05
4335; 9.35043e-05
4336; 9.34541e-05
4337; 9.34039e-05
4338; 9.33538e-05
4339; 9.33038e-05
4340; 9.32539e-05
4341; 9.3204e-05
4342; 9.31542e-05
4343; 9.31044e-05
4344; 9.30547e-05
4345; 9.30051e-05
4346; 9.29556e-05
4347; 9.29061e-05
4348; 9.28567e-05
4349; 9.28073e-05
4350; 9.27581e-05
4351; 9.27089e-05
4352; 9.26597e-05
4353; 9.26106e-05
4354; 9.25616e-05
4355; 9.25127e-05
4356; 9.24638e-05
4357; 9.2415e-05
4358; 9.23663e-05
4359; 9.23176e-05
4360; 9.2269e-05
4361; 9.22204e-05
4362; 9.2172e-05
4363; 9.21235e-05
4364; 9.20752e-05
4365; 9.20269e-05
4366; 9.19787e-05
4367; 9.19306e-05
4368; 9.18825e-05
4369; 9.18345e-05
4370; 9.17865e-05
4371; 9.17386e-05
4372; 9.16908e-05
4373; 9.16431e-05
4374; 9.15954e-05
4375; 9.15477e-05
4376; 9.15002e-05
4377; 9.14527e-05
4378; 9.14053e-05
4379; 9.13579e-05
4380; 9.13106e-05
4381; 9.12634e-05
4382; 9.12162e-05
4383; 9.11691e-05
4384; 9.11221e-05
4385; 9.10751e-05
4386; 9.10282e-05
4387; 9.09813e-05
4388; 9.09346e-05
4389; 9.08878e-05
4390; 9.08412e-05
4391; 9.07946e-05
4392; 9.07481e-05
4393; 9.07016e-05
4394; 9.06552e-05
4395; 9.06089e-05
4396; 9.05626e-05
4397; 9.05164e-05
4398; 9.04703e-05
4399; 9.04242e-05
4400; 9.03782e-05
4401; 9.03322e-05
4402; 9.02864e-05
4403; 9.02405e-05
4404; 9.01948e-05
4405; 9.01491e-05
4406; 9.01034e-05
4407; 9.00579e-05
4408; 9.00124e-05
4409; 8.99669e-05
4410; 8.99215e-05
4411; 8.98762e-05
4412; 8.9831e-05
4413; 8.97858e-05
4414; 8.97406e-05
4415; 8.96956e-05
4416; 8.96506e-05
4417; 8.96056e-05
4418; 8.95607e-05
4419; 8.95159e-05
4420; 8.94712e-05
4421; 8.94265e-05
4422; 8.93818e-05
4423; 8.93373e-05
4424; 8.92928e-05
4425; 8.92483e-05
4426; 8.92039e-05
4427; 8.91596e-05
4428; 8.91153e-05
4429; 8.90711e-05
4430; 8.9027e-05
4431; 8.89829e-05
4432; 8.89389e-05
4433; 8.88949e-05
4434; 8.88511e-05
4435; 8.88072e-05
4436; 8.87634e-05
4437; 8.87197e-05
4438; 8.86761e-05
4439; 8.86325e-05
4440; 8.8589e-05
4441; 8.85455e-05
4442; 8.85021e-05
4443; 8.84587e-05
4444; 8.84155e-05
4445; 8.83722e-05
4446; 8.83291e-05
4447; 8.8286e-05
4448; 8.82429e-05
4449; 8.81999e-05
4450; 8.8157e-05
4451; 8.81142e-05
4452; 8.80714e-05
4453; 8.80286e-05
4454; 8.79859e-05
4455; 8.79433e-05
4456; 8.79007e-05
4457; 8.78582e-05
4458; 8.78158e-05
4459; 8.77734e-05
4460; 8.77311e-05
4461; 8.76888e-05
4462; 8.76466e-05
4463; 8.76045e-05
4464; 8.75624e-05
4465; 8.75203e-05
4466; 8.74784e-05
4467; 8.74365e-05
4468; 8.73946e-05
4469; 8.73528e-05
4470; 8.73111e-05
4471; 8.72694e-05
4472; 8.72278e-05
4473; 8.71862e-05
4474; 8.71447e-05
4475; 8.71033e-05
4476; 8.70619e-05
4477; 8.70206e-05
4478; 8.69793e-05
4479; 8.69381e-05
4480; 8.68969e-05
4481; 8.68558e-05
4482; 8.68148e-05
4483; 8.67738e-05
4484; 8.67329e-05
4485; 8.66921e-05
4486; 8.66513e-05
4487; 8.66105e-05
4488; 8.65698e-05
4489; 8.65292e-05
4490; 8.64886e-05
4491; 8.64481e-05
4492; 8.64076e-05
4493; 8.63672e-05
4494; 8.63269e-05
4495; 8.62866e-05
4496; 8.62464e-05
4497; 8.62062e-05
4498; 8.61661e-05
4499; 8.6126e-05
4500; 8.6086e-05
4501; 8.60461e-05
4502; 8.60062e-05
4503; 8.59664e-05
4504; 8.59266e-05
4505; 8.58869e-05
4506; 8.58472e-05
4507; 8.58076e-05
4508; 8.57681e-05
4509; 8.57286e-05
4510; 8.56891e-05
4511; 8.56498e-05
4512; 8.56104e-05
4513; 8.55712e-05
4514; 8.5532e-05
4515; 8.54928e-05
4516; 8.54537e-05
4517; 8.54147e-05
4518; 8.53757e-05
4519; 8.53367e-05
4520; 8.52979e-05
4521; 8.5259e-05
4522; 8.52203e-05
4523; 8.51816e-05
4524; 8.51429e-05
4525; 8.51043e-05
4526; 8.50658e-05
4527; 8.50273e-05
4528; 8.49888e-05
4529; 8.49505e-05
4530; 8.49121e-05
4531; 8.48739e-05
4532; 8.48357e-05
4533; 8.47975e-05
4534; 8.47594e-05
4535; 8.47213e-05
4536; 8.46833e-05
4537; 8.46454e-05
4538; 8.46075e-05
4539; 8.45697e-05
4540; 8.45319e-05
4541; 8.44942e-05
4542; 8.44565e-05
4543; 8.44189e-05
4544; 8.43813e-05
4545; 8.43438e-05
4546; 8.43064e-05
4547; 8.4269e-05
4548; 8.42316e-05
4549; 8.41943e-05
4550; 8.41571e-05
4551; 8.41199e-05
4552; 8.40828e-05
4553; 8.40457e-05
4554; 8.40087e-05
4555; 8.39717e-05
4556; 8.39348e-05
4557; 8.38979e-05
4558; 8.38611e-05
4559; 8.38243e-05
4560; 8.37876e-05
4561; 8.3751e-05
4562; 8.37144e-05
4563; 8.36778e-05
4564; 8.36413e-05
4565; 8.36049e-05
4566; 8.35685e-05
4567; 8.35322e-05
4568; 8.34959e-05
4569; 8.34597e-05
4570; 8.34235e-05
4571; 8.33874e-05
4572; 8.33513e-05
4573; 8.33153e-05
4574; 8.32793e-05
4575; 8.32434e-05
4576; 8.32075e-05
4577; 8.31717e-05
4578; 8.31359e-05
4579; 8.31002e-05
4580; 8.30646e-05
4581; 8.3029e-05
4582; 8.29934e-05
4583; 8.29579e-05
4584; 8.29225e-05
4585; 8.28871e-05
4586; 8.28517e-05
4587; 8.28164e-05
4588; 8.27812e-05
4589; 8.2746e-05
4590; 8.27109e-05
4591; 8.26758e-05
4592; 8.26407e-05
4593; 8.26057e-05
4594; 8.25708e-05
4595; 8.25359e-05
4596; 8.25011e-05
4597; 8.24663e-05
4598; 8.24316e-05
4599; 8.23969e-05
4600; 8.23623e-05
4601; 8.23277e-05
4602; 8.22932e-05
4603; 8.22587e-05
4604; 8.22242e-05
4605; 8.21899e-05
4606; 8.21555e-05
4607; 8.21213e-05
4608; 8.2087e-05
4609; 8.20529e-05
4610; 8.20187e-05
4611; 8.19846e-05
4612; 8.19506e-05
4613; 8.19166e-05
4614; 8.18827e-05
4615; 8.18488e-05
4616; 8.1815e-05
4617; 8.17812e-05
4618; 8.17475e-05
4619; 8.17138e-05
4620; 8.16802e-05
4621; 8.16466e-05
4622; 8.16131e-05
4623; 8.15796e-05
4624; 8.15462e-05
4625; 8.15128e-05
4626; 8.14794e-05
4627; 8.14462e-05
4628; 8.14129e-05
4629; 8.13797e-05
4630; 8.13466e-05
4631; 8.13135e-05
4632; 8.12805e-05
4633; 8.12475e-05
4634; 8.12145e-05
4635; 8.11816e-05
4636; 8.11488e-05
4637; 8.1116e-05
4638; 8.10832e-05
4639; 8.10505e-05
4640; 8.10179e-05
4641; 8.09853e-05
4642; 8.09527e-05
4643; 8.09202e-05
4644; 8.08878e-05
4645; 8.08553e-05
4646; 8.0823e-05
4647; 8.07907e-05
4648; 8.07584e-05
4649; 8.07262e-05
4650; 8.0694e-05
4651; 8.06619e-05
4652; 8.06298e-05
4653; 8.05978e-05
4654; 8.05658e-05
4655; 8.05339e-05
4656; 8.0502e-05
4657; 8.04701e-05
4658; 8.04383e-05
4659; 8.04066e-05
4660; 8.03749e-05
4661; 8.03432e-05
4662; 8.03116e-05
4663; 8.02801e-05
4664; 8.02486e-05
4665; 8.02171e-05
4666; 8.01857e-05
4667; 8.01543e-05
4668; 8.0123e-05
4669; 8.00917e-05
4670; 8.00605e-05
4671; 8.00293e-05
4672; 7.99982e-05
4673; 7.99671e-05
4674; 7.9936e-05
4675; 7.9905e-05
4676; 7.98741e-05
4677; 7.98432e-05
4678; 7.98123e-05
4679; 7.97815e-05
4680; 7.97507e-05
4681; 7.972e-05
4682; 7.96894e-05
4683; 7.96587e-05
4684; 7.96281e-05
4685; 7.95976e-05
4686; 7.95671e-05
4687; 7.95367e-05
4688; 7.95063e-05
4689; 7.94759e-05
4690; 7.94456e-05
4691; 7.94153e-05
4692; 7.93851e-05
4693; 7.9355e-05
4694; 7.93248e-05
4695; 7.92947e-05
4696; 7.92647e-05
4697; 7.92347e-05
4698; 7.92048e-05
4699; 7.91749e-05
4700; 7.9145e-05
4701; 7.91152e-05
4702; 7.90854e-05
4703; 7.90557e-05
4704; 7.9026e-05
4705; 7.89964e-05
4706; 7.89668e-05
4707; 7.89373e-05
4708; 7.89078e-05
4709; 7.88783e-05
4710; 7.88489e-05
4711; 7.88195e-05
4712; 7.87902e-05
4713; 7.87609e-05
4714; 7.87317e-05
4715; 7.87025e-05
4716; 7.86734e-05
4717; 7.86443e-05
4718; 7.86152e-05
4719; 7.85862e-05
4720; 7.85572e-05
4721; 7.85283e-05
4722; 7.84994e-05
4723; 7.84706e-05
4724; 7.84418e-05
4725; 7.8413e-05
4726; 7.83843e-05
4727; 7.83557e-05
4728; 7.8327e-05
4729; 7.82985e-05
4730; 7.82699e-05
4731; 7.82414e-05
4732; 7.8213e-05
4733; 7.81846e-05
4734; 7.81562e-05
4735; 7.81279e-05
4736; 7.80996e-05
4737; 7.80714e-05
4738; 7.80432e-05
4739; 7.80151e-05
4740; 7.7987e-05
4741; 7.79589e-05
4742; 7.79309e-05
4743; 7.79029e-05
4744; 7.7875e-05
4745; 7.78471e-05
4746; 7.78192e-05
4747; 7.77914e-05
4748; 7.77637e-05
4749; 7.77359e-05
4750; 7.77083e-05
4751; 7.76806e-05
4752; 7.7653e-05
4753; 7.76255e-05
4754; 7.7598e-05
4755; 7.75705e-05
4756; 7.75431e-05
4757; 7.75157e-05
4758; 7.74883e-05
4759; 7.7461e-05
4760; 7.74338e-05
4761; 7.74066e-05
4762; 7.73794e-05
4763; 7.73522e-05
4764; 7.73251e-05
4765; 7.72981e-05
4766; 7.72711e-05
4767; 7.72441e-05
4768; 7.72172e-05
4769; 7.71903e-05
4770; 7.71635e-05
4771; 7.71367e-05
4772; 7.71099e-05
4773; 7.70832e-05
4774; 7.70565e-05
4775; 7.70298e-05
4776; 7.70032e-05
4777; 7.69767e-05
4778; 7.69502e-05
4779; 7.69237e-05
4780; 7.68973e-05
4781; 7.68709e-05
4782; 7.68445e-05
4783; 7.68182e-05
4784; 7.67919e-05
4785; 7.67657e-05
4786; 7.67395e-05
4787; 7.67133e-05
4788; 7.66872e-05
4789; 7.66611e-05
4790; 7.66351e-05
4791; 7.66091e-05
4792; 7.65832e-05
4793; 7.65573e-05
4794; 7.65314e-05
4795; 7.65055e-05
4796; 7.64798e-05
4797; 7.6454e-05
4798; 7.64283e-05
4799; 7.64026e-05
4800; 7.6377e-05
4801; 7.63514e-05
4802; 7.63258e-05
4803; 7.63003e-05
4804; 7.62748e-05
4805; 7.62494e-05
4806; 7.6224e-05
4807; 7.61986e-05
4808; 7.61733e-05
4809; 7.61481e-05
4810; 7.61228e-05
4811; 7.60976e-05
4812; 7.60724e-05
4813; 7.60473e-05
4814; 7.60222e-05
4815; 7.59972e-05
4816; 7.59722e-05
4817; 7.59472e-05
4818; 7.59223e-05
4819; 7.58974e-05
4820; 7.58725e-05
4821; 7.58477e-05
4822; 7.5823e-05
4823; 7.57982e-05
4824; 7.57735e-05
4825; 7.57489e-05
4826; 7.57242e-05
4827; 7.56997e-05
4828; 7.56751e-05
4829; 7.56506e-05
4830; 7.56261e-05
4831; 7.56017e-05
4832; 7.55773e-05
4833; 7.5553e-05
4834; 7.55287e-05
4835; 7.55044e-05
4836; 7.54801e-05
4837; 7.54559e-05
4838; 7.54318e-05
4839; 7.54076e-05
4840; 7.53835e-05
4841; 7.53595e-05
4842; 7.53355e-05
4843; 7.53115e-05
4844; 7.52876e-05
4845; 7.52637e-05
4846; 7.52398e-05
4847; 7.5216e-05
4848; 7.51922e-05
4849; 7.51684e-05
4850; 7.51447e-05
4851; 7.5121e-05
4852; 7.50974e-05
4853; 7.50738e-05
4854; 7.50502e-05
4855; 7.50267e-05
4856; 7.50032e-05
4857; 7.49797e-05
4858; 7.49563e-05
4859; 7.49329e-05
4860; 7.49096e-05
4861; 7.48863e-05
4862; 7.4863e-05
4863; 7.48398e-05
4864; 7.48166e-05
4865; 7.47934e-05
4866; 7.47703e-05
4867; 7.47472e-05
4868; 7.47241e-05
4869; 7.47011e-05
4870; 7.46781e-05
4871; 7.46552e-05
4872; 7.46323e-05
4873; 7.46094e-05
4874; 7.45865e-05
4875; 7.45637e-05
4876; 7.4541e-05
4877; 7.45182e-05
4878; 7.44955e-05
4879; 7.44729e-05
4880; 7.44503e-05
4881; 7.44277e-05
4882; 7.44051e-05
4883; 7.43826e-05
4884; 7.43601e-05
4885; 7.43377e-05
4886; 7.43153e-05
4887; 7.42929e-05
4888; 7.42706e-05
4889; 7.42482e-05
4890; 7.4226e-05
4891; 7.42037e-05
4892; 7.41815e-05
4893; 7.41594e-05
4894; 7.41373e-05
4895; 7.41152e-05
4896; 7.40931e-05
4897; 7.40711e-05
4898; 7.40491e-05
4899; 7.40271e-05
4900; 7.40052e-05
4901; 7.39833e-05
4902; 7.39615e-05
4903; 7.39397e-05
4904; 7.39179e-05
4905; 7.38961e-05
4906; 7.38744e-05
4907; 7.38527e-05
4908; 7.38311e-05
4909; 7.38095e-05
4910; 7.37879e-05
4911; 7.37664e-05
4912; 7.37449e-05
4913; 7.37234e-05
4914; 7.3702e-05
4915; 7.36806e-05
4916; 7.36592e-05
4917; 7.36378e-05
4918; 7.36165e-05
4919; 7.35953e-05
4920; 7.3574e-05
4921; 7.35528e-05
4922; 7.35317e-05
4923; 7.35105e-05
4924; 7.34894e-05
4925; 7.34684e-05
4926; 7.34473e-05
4927; 7.34263e-05
4928; 7.34054e-05
4929; 7.33844e-05
4930; 7.33636e-05
4931; 7.33427e-05
4932; 7.33219e-05
4933; 7.33011e-05
4934; 7.32803e-05
4935; 7.32596e-05
4936; 7.32389e-05
4937; 7.32182e-05
4938; 7.31976e-05
4939; 7.3177e-05
4940; 7.31564e-05
4941; 7.31359e-05
4942; 7.31154e-05
4943; 7.30949e-05
4944; 7.30745e-05
4945; 7.3054e-05
4946; 7.30337e-05
4947; 7.30133e-05
4948; 7.2993e-05
4949; 7.29728e-05
4950; 7.29525e-05
4951; 7.29323e-05
4952; 7.29121e-05
4953; 7.2892e-05
4954; 7.28719e-05
4955; 7.28518e-05
4956; 7.28318e-05
4957; 7.28117e-05
4958; 7.27918e-05
4959; 7.27718e-05
4960; 7.27519e-05
4961; 7.2732e-05
4962; 7.27122e-05
4963; 7.26923e-05
4964; 7.26725e-05
4965; 7.26528e-05
4966; 7.26331e-05
4967; 7.26134e-05
4968; 7.25937e-05
4969; 7.25741e-05
4970; 7.25545e-05
4971; 7.25349e-05
4972; 7.25154e-05
4973; 7.24959e-05
4974; 7.24764e-05
4975; 7.24569e-05
4976; 7.24375e-05
4977; 7.24181e-05
4978; 7.23988e-05
4979; 7.23795e-05
4980; 7.23602e-05
4981; 7.23409e-05
4982; 7.23217e-05
4983; 7.23025e-05
4984; 7.22834e-05
4985; 7.22642e-05
4986; 7.22451e-05
4987; 7.22261e-05
4988; 7.2207e-05
4989; 7.2188e-05
4990; 7.2169e-05
4991; 7.21501e-05
4992; 7.21312e-05
4993; 7.21123e-05
4994; 7.20934e-05
4995; 7.20746e-05
4996; 7.20558e-05
4997; 7.20371e-05
4998; 7.20183e-05
4999; 7.19996e-05
5000; 7.19809e-05
5001; 7.19623e-05
5002; 7.19437e-05
5003; 7.19251e-05
5004; 7.19066e-05
5005; 7.1888e-05
5006; 7.18695e-05
5007; 7.18511e-05
5008; 7.18327e-05
5009; 7.18143e-05
5010; 7.17959e-05
5011; 7.17775e-05
5012; 7.17592e-05
5013; 7.17409e-05
5014; 7.17227e-05
5015; 7.17045e-05
5016; 7.16863e-05
5017; 7.16681e-05
5018; 7.165e-05
5019; 7.16319e-05
5020; 7.16138e-05
5021; 7.15958e-05
5022; 7.15777e-05
5023; 7.15597e-05
5024; 7.15418e-05
5025; 7.15239e-05
5026; 7.1506e-05
5027; 7.14881e-05
5028; 7.14703e-05
5029; 7.14524e-05
5030; 7.14347e-05
5031; 7.14169e-05
5032; 7.13992e-05
5033; 7.13815e-05
5034; 7.13638e-05
5035; 7.13462e-05
5036; 7.13286e-05
5037; 7.1311e-05
5038; 7.12934e-05
5039; 7.12759e-05
5040; 7.12584e-05
5041; 7.1241e-05
5042; 7.12235e-05
5043; 7.12061e-05
5044; 7.11887e-05
5045; 7.11714e-05
5046; 7.11541e-05
5047; 7.11368e-05
5048; 7.11195e-05
5049; 7.11023e-05
5050; 7.1085e-05
5051; 7.10679e-05
5052; 7.10507e-05
5053; 7.10336e-05
5054; 7.10165e-05
5055; 7.09994e-05
5056; 7.09824e-05
5057; 7.09654e-05
5058; 7.09484e-05
5059; 7.09314e-05
5060; 7.09145e-05
5061; 7.08976e-05
5062; 7.08807e-05
5063; 7.08639e-05
5064; 7.0847e-05
5065; 7.08303e-05
5066; 7.08135e-05
5067; 7.07968e-05
5068; 7.078e-05
5069; 7.07634e-05
5070; 7.07467e-05
5071; 7.07301e-05
5072; 7.07135e-05
5073; 7.06969e-05
5074; 7.06804e-05
5075; 7.06638e-05
5076; 7.06474e-05
5077; 7.06309e-05
5078; 7.06145e-05
5079; 7.0598e-05
5080; 7.05817e-05
5081; 7.05653e-05
5082; 7.0549e-05
5083; 7.05327e-05
5084; 7.05164e-05
5085; 7.05002e-05
5086; 7.04839e-05
5087; 7.04677e-05
5088; 7.04516e-05
5089; 7.04354e-05
5090; 7.04193e-05
5091; 7.04032e-05
5092; 7.03872e-05
5093; 7.03711e-05
5094; 7.03551e-05
5095; 7.03392e-05
5096; 7.03232e-05
5097; 7.03073e-05
5098; 7.02914e-05
5099; 7.02755e-05
5100; 7.02596e-05
5101; 7.02438e-05
5102; 7.0228e-05
5103; 7.02123e-05
5104; 7.01965e-05
5105; 7.01808e-05
5106; 7.01651e-05
5107; 7.01494e-05
5108; 7.01338e-05
5109; 7.01182e-05
5110; 7.01026e-05
5111; 7.0087e-05
5112; 7.00715e-05
5113; 7.0056e-05
5114; 7.00405e-05
5115; 7.0025e-05
5116; 7.00096e-05
5117; 6.99942e-05
5118; 6.99788e-05
5119; 6.99635e-05
5120; 6.99481e-05
5121; 6.99328e-05
5122; 6.99175e-05
5123; 6.99023e-05
5124; 6.9887e-05
5125; 6.98718e-05
5126; 6.98567e-05
5127; 6.98415e-05
5128; 6.98264e-05
5129; 6.98113e-05
5130; 6.97962e-05
5131; 6.97811e-05
5132; 6.97661e-05
5133; 6.97511e-05
5134; 6.97361e-05
5135; 6.97212e-05
5136; 6.97062e-05
5137; 6.96913e-05
5138; 6.96765e-05
5139; 6.96616e-05
5140; 6.96468e-05
5141; 6.9632e-05
5142; 6.96172e-05
5143; 6.96024e-05
5144; 6.95877e-05
5145; 6.9573e-05
5146; 6.95583e-05
5147; 6.95437e-05
5148; 6.9529e-05
5149; 6.95144e-05
5150; 6.94998e-05
5151; 6.94853e-05
5152; 6.94707e-05
5153; 6.94562e-05
5154; 6.94417e-05
5155; 6.94273e-05
5156; 6.94128e-05
5157; 6.93984e-05
5158; 6.9384e-05
5159; 6.93697e-05
5160; 6.93553e-05
5161; 6.9341e-05
5162; 6.93267e-05
5163; 6.93125e-05
5164; 6.92982e-05
5165; 6.9284e-05
5166; 6.92698e-05
5167; 6.92556e-05
5168; 6.92415e-05
5169; 6.92273e-05
5170; 6.92132e-05
5171; 6.91992e-05
5172; 6.91851e-05
5173; 6.91711e-05
5174; 6.91571e-05
5175; 6.91431e-05
5176; 6.91291e-05
5177; 6.91152e-05
5178; 6.91013e-05
5179; 6.90874e-05
5180; 6.90735e-05
5181; 6.90597e-05
5182; 6.90458e-05
5183; 6.9032e-05
5184; 6.90183e-05
5185; 6.90045e-05
5186; 6.89908e-05
5187; 6.89771e-05
5188; 6.89634e-05
5189; 6.89497e-05
5190; 6.89361e-05
5191; 6.89225e-05
5192; 6.89089e-05
5193; 6.88953e-05
5194; 6.88818e-05
5195; 6.88682e-05
5196; 6.88547e-05
5197; 6.88413e-05
5198; 6.88278e-05
5199; 6.88144e-05
5200; 6.8801e-05
5201; 6.87876e-05
5202; 6.87742e-05
5203; 6.87609e-05
5204; 6.87476e-05
5205; 6.87343e-05
5206; 6.8721e-05
5207; 6.87077e-05
5208; 6.86945e-05
5209; 6.86813e-05
5210; 6.86681e-05
5211; 6.8655e-05
5212; 6.86418e-05
5213; 6.86287e-05
5214; 6.86156e-05
5215; 6.86025e-05
5216; 6.85895e-05
5217; 6.85764e-05
5218; 6.85634e-05
5219; 6.85505e-05
5220; 6.85375e-05
5221; 6.85246e-05
5222; 6.85116e-05
5223; 6.84987e-05
5224; 6.84859e-05
5225; 6.8473e-05
5226; 6.84602e-05
5227; 6.84474e-05
5228; 6.84346e-05
5229; 6.84218e-05
5230; 6.84091e-05
5231; 6.83963e-05
5232; 6.83836e-05
5233; 6.8371e-05
5234; 6.83583e-05
5235; 6.83457e-05
5236; 6.8333e-05
5237; 6.83204e-05
5238; 6.83079e-05
5239; 6.82953e-05
5240; 6.82828e-05
5241; 6.82703e-05
5242; 6.82578e-05
5243; 6.82453e-05
5244; 6.82329e-05
5245; 6.82204e-05
5246; 6.8208e-05
5247; 6.81957e-05
5248; 6.81833e-05
5249; 6.8171e-05
5250; 6.81586e-05
5251; 6.81463e-05
5252; 6.81341e-05
5253; 6.81218e-05
5254; 6.81096e-05
5255; 6.80974e-05
5256; 6.80852e-05
5257; 6.8073e-05
5258; 6.80608e-05
5259; 6.80487e-05
5260; 6.80366e-05
5261; 6.80245e-05
5262; 6.80124e-05
5263; 6.80004e-05
5264; 6.79883e-05
5265; 6.79763e-05
5266; 6.79643e-05
5267; 6.79524e-05
5268; 6.79404e-05
5269; 6.79285e-05
5270; 6.79166e-05
5271; 6.79047e-05
5272; 6.78928e-05
5273; 6.7881e-05
5274; 6.78692e-05
5275; 6.78574e-05
5276; 6.78456e-05
5277; 6.78338e-05
5278; 6.78221e-05
5279; 6.78103e-05
5280; 6.77986e-05
5281; 6.7787e-05
5282; 6.77753e-05
5283; 6.77636e-05
5284; 6.7752e-05
5285; 6.77404e-05
5286; 6.77288e-05
5287; 6.77173e-05
5288; 6.77057e-05
5289; 6.76942e-05
5290; 6.76827e-05
5291; 6.76712e-05
5292; 6.76597e-05
5293; 6.76483e-05
5294; 6.76369e-05
5295; 6.76254e-05
5296; 6.76141e-05
5297; 6.76027e-05
5298; 6.75913e-05
5299; 6.758e-05
5300; 6.75687e-05
5301; 6.75574e-05
5302; 6.75461e-05
5303; 6.75349e-05
5304; 6.75236e-05
5305; 6.75124e-05
5306; 6.75012e-05
5307; 6.74901e-05
5308; 6.74789e-05
5309; 6.74678e-05
5310; 6.74566e-05
5311; 6.74455e-05
5312; 6.74345e-05
5313; 6.74234e-05
5314; 6.74124e-05
5315; 6.74013e-05
5316; 6.73903e-05
5317; 6.73793e-05
5318; 6.73684e-05
5319; 6.73574e-05
5320; 6.73465e-05
5321; 6.73356e-05
5322; 6.73247e-05
5323; 6.73138e-05
5324; 6.7303e-05
5325; 6.72921e-05
5326; 6.72813e-05
5327; 6.72705e-05
5328; 6.72597e-05
5329; 6.7249e-05
5330; 6.72382e-05
5331; 6.72275e-05
5332; 6.72168e-05
5333; 6.72061e-05
5334; 6.71954e-05
5335; 6.71848e-05
5336; 6.71742e-05
5337; 6.71635e-05
5338; 6.7153e-05
5339; 6.71424e-05
5340; 6.71318e-05
5341; 6.71213e-05
5342; 6.71108e-05
5343; 6.71002e-05
5344; 6.70898e-05
5345; 6.70793e-05
5346; 6.70688e-05
5347; 6.70584e-05
5348; 6.7048e-05
5349; 6.70376e-05
5350; 6.70272e-05
5351; 6.70169e-05
5352; 6.70065e-05
5353; 6.69962e-05
5354; 6.69859e-05
5355; 6.69756e-05
5356; 6.69653e-05
5357; 6.69551e-05
5358; 6.69448e-05
5359; 6.69346e-05
5360; 6.69244e-05
5361; 6.69142e-05
5362; 6.69041e-05
5363; 6.68939e-05
5364; 6.68838e-05
5365; 6.68737e-05
5366; 6.68636e-05
5367; 6.68535e-05
5368; 6.68434e-05
5369; 6.68334e-05
5370; 6.68234e-05
5371; 6.68134e-05
5372; 6.68034e-05
5373; 6.67934e-05
5374; 6.67835e-05
5375; 6.67735e-05
5376; 6.67636e-05
5377; 6.67537e-05
5378; 6.67438e-05
5379; 6.67339e-05
5380; 6.67241e-05
5381; 6.67142e-05
5382; 6.67044e-05
5383; 6.66946e-05
5384; 6.66848e-05
5385; 6.66751e-05
5386; 6.66653e-05
5387; 6.66556e-05
5388; 6.66459e-05
5389; 6.66362e-05
5390; 6.66265e-05
5391; 6.66168e-05
5392; 6.66072e-05
5393; 6.65975e-05
5394; 6.65879e-05
5395; 6.65783e-05
5396; 6.65687e-05
5397; 6.65592e-05
5398; 6.65496e-05
5399; 6.65401e-05
5400; 6.65306e-05
5401; 6.65211e-05
5402; 6.65116e-05
5403; 6.65021e-05
5404; 6.64927e-05
5405; 6.64832e-05
5406; 6.64738e-05
5407; 6.64644e-05
5408; 6.6455e-05
5409; 6.64457e-05
5410; 6.64363e-05
5411; 6.6427e-05
5412; 6.64176e-05
5413; 6.64083e-05
5414; 6.63991e-05
5415; 6.63898e-05
5416; 6.63805e-05
5417; 6.63713e-05
5418; 6.63621e-05
5419; 6.63529e-05
5420; 6.63437e-05
5421; 6.63345e-05
5422; 6.63253e-05
5423; 6.63162e-05
5424; 6.63071e-05
5425; 6.6298e-05
5426; 6.62889e-05
5427; 6.62798e-05
5428; 6.62707e-05
5429; 6.62617e-05
5430; 6.62526e-05
5431; 6.62436e-05
5432; 6.62346e-05
5433; 6.62256e-05
5434; 6.62167e-05
5435; 6.62077e-05
5436; 6.61988e-05
5437; 6.61899e-05
5438; 6.61809e-05
5439; 6.61721e-05
5440; 6.61632e-05
5441; 6.61543e-05
5442; 6.61455e-05
5443; 6.61367e-05
5444; 6.61278e-05
5445; 6.6119e-05
5446; 6.61103e-05
5447; 6.61015e-05
5448; 6.60927e-05
5449; 6.6084e-05
5450; 6.60753e-05
5451; 6.60666e-05
5452; 6.60579e-05
5453; 6.60492e-05
5454; 6.60405e-05
5455; 6.60319e-05
5456; 6.60233e-05
5457; 6.60147e-05
5458; 6.60061e-05
5459; 6.59975e-05
5460; 6.59889e-05
5461; 6.59803e-05
5462; 6.59718e-05
5463; 6.59633e-05
5464; 6.59548e-05
5465; 6.59463e-05
5466; 6.59378e-05
5467; 6.59293e-05
5468; 6.59209e-05
5469; 6.59124e-05
5470; 6.5904e-05
5471; 6.58956e-05
5472; 6.58872e-05
5473; 6.58788e-05
5474; 6.58705e-05
5475; 6.58621e-05
5476; 6.58538e-05
5477; 6.58455e-05
5478; 6.58372e-05
5479; 6.58289e-05
5480; 6.58206e-05
5481; 6.58124e-05
5482; 6.58041e-05
5483; 6.57959e-05
5484; 6.57877e-05
5485; 6.57795e-05
5486; 6.57713e-05
5487; 6.57631e-05
5488; 6.57549e-05
5489; 6.57468e-05
5490; 6.57387e-05
5491; 6.57306e-05
5492; 6.57225e-05
5493; 6.57144e-05
5494; 6.57063e-05
5495; 6.56982e-05
5496; 6.56902e-05
5497; 6.56822e-05
5498; 6.56741e-05
5499; 6.56661e-05
5500; 6.56582e-05
5501; 6.56502e-05
5502; 6.56422e-05
5503; 6.56343e-05
5504; 6.56263e-05
5505; 6.56184e-05
5506; 6.56105e-05
5507; 6.56026e-05
5508; 6.55948e-05
5509; 6.55869e-05
5510; 6.5579e-05
5511; 6.55712e-05
5512; 6.55634e-05
5513; 6.55556e-05
5514; 6.55478e-05
5515; 6.554e-05
5516; 6.55322e-05
5517; 6.55245e-05
5518; 6.55167e-05
5519; 6.5509e-05
5520; 6.55013e-05
5521; 6.54936e-05
5522; 6.54859e-05
5523; 6.54783e-05
5524; 6.54706e-05
5525; 6.5463e-05
5526; 6.54553e-05
5527; 6.54477e-05
5528; 6.54401e-05
5529; 6.54325e-05
5530; 6.54249e-05
5531; 6.54174e-05
5532; 6.54098e-05
5533; 6.54023e-05
5534; 6.53948e-05
5535; 6.53873e-05
5536; 6.53798e-05
5537; 6.53723e-05
5538; 6.53648e-05
5539; 6.53573e-05
5540; 6.53499e-05
5541; 6.53425e-05
5542; 6.53351e-05
5543; 6.53277e-05
5544; 6.53203e-05
5545; 6.53129e-05
5546; 6.53055e-05
5547; 6.52982e-05
5548; 6.52908e-05
5549; 6.52835e-05
5550; 6.52762e-05
5551; 6.52689e-05
5552; 6.52616e-05
5553; 6.52543e-05
5554; 6.52471e-05
5555; 6.52398e-05
5556; 6.52326e-05
5557; 6.52254e-05
5558; 6.52181e-05
5559; 6.52109e-05
5560; 6.52038e-05
5561; 6.51966e-05
5562; 6.51894e-05
5563; 6.51823e-05
5564; 6.51752e-05
5565; 6.5168e-05
5566; 6.51609e-05
5567; 6.51538e-05
5568; 6.51467e-05
5569; 6.51397e-05
5570; 6.51326e-05
5571; 6.51256e-05
5572; 6.51185e-05
5573; 6.51115e-05
5574; 6.51045e-05
5575; 6.50975e-05
5576; 6.50905e-05
5577; 6.50836e-05
5578; 6.50766e-05
5579; 6.50696e-05
5580; 6.50627e-05
5581; 6.50558e-05
5582; 6.50489e-05
5583; 6.5042e-05
5584; 6.50351e-05
5585; 6.50282e-05
5586; 6.50214e-05
5587; 6.50145e-05
5588; 6.50077e-05
5589; 6.50009e-05
5590; 6.4994e-05
5591; 6.49872e-05
5592; 6.49805e-05
5593; 6.49737e-05
5594; 6.49669e-05
5595; 6.49602e-05
5596; 6.49534e-05
5597; 6.49467e-05
5598; 6.494e-05
5599; 6.49333e-05
5600; 6.49266e-05
5601; 6.49199e-05
5602; 6.49132e-05
5603; 6.49066e-05
5604; 6.48999e-05
5605; 6.48933e-05
5606; 6.48867e-05
5607; 6.48801e-05
5608; 6.48735e-05
5609; 6.48669e-05
5610; 6.48603e-05
5611; 6.48538e-05
5612; 6.48472e-05
5613; 6.48407e-05
5614; 6.48341e-05
5615; 6.48276e-05
5616; 6.48211e-05
5617; 6.48146e-05
5618; 6.48081e-05
5619; 6.48017e-05
5620; 6.47952e-05
5621; 6.47888e-05
5622; 6.47823e-05
5623; 6.47759e-05
5624; 6.47695e-05
5625; 6.47631e-05
5626; 6.47567e-05
5627; 6.47503e-05
5628; 6.4744e-05
5629; 6.47376e-05
5630; 6.47313e-05
5631; 6.47249e-05
5632; 6.47186e-05
5633; 6.47123e-05
5634; 6.4706e-05
5635; 6.46997e-05
5636; 6.46934e-05
5637; 6.46872e-05
5638; 6.46809e-05
5639; 6.46747e-05
5640; 6.46684e-05
5641; 6.46622e-05
5642; 6.4656e-05
5643; 6.46498e-05
5644; 6.46436e-05
5645; 6.46375e-05
5646; 6.46313e-05
5647; 6.46251e-05
5648; 6.4619e-05
5649; 6.46129e-05
5650; 6.46067e-05
5651; 6.46006e-05
5652; 6.45945e-05
5653; 6.45884e-05
5654; 6.45824e-05
5655; 6.45763e-05
5656; 6.45702e-05
5657; 6.45642e-05
5658; 6.45582e-05
5659; 6.45521e-05
5660; 6.45461e-05
5661; 6.45401e-05
5662; 6.45341e-05
5663; 6.45282e-05
5664; 6.45222e-05
5665; 6.45162e-05
5666; 6.45103e-05
5667; 6.45043e-05
5668; 6.44984e-05
5669; 6.44925e-05
5670; 6.44866e-05
5671; 6.44807e-05
5672; 6.44748e-05
5673; 6.44689e-05
5674; 6.44631e-05
5675; 6.44572e-05
5676; 6.44514e-05
5677; 6.44455e-05
5678; 6.44397e-05
5679; 6.44339e-05
5680; 6.44281e-05
5681; 6.44223e-05
5682; 6.44165e-05
5683; 6.44108e-05
5684; 6.4405e-05
5685; 6.43993e-05
5686; 6.43935e-05
5687; 6.43878e-05
5688; 6.43821e-05
5689; 6.43764e-05
5690; 6.43707e-05
5691; 6.4365e-05
5692; 6.43593e-05
5693; 6.43536e-05
5694; 6.4348e-05
5695; 6.43423e-05
5696; 6.43367e-05
5697; 6.43311e-05
5698; 6.43255e-05
5699; 6.43198e-05
5700; 6.43143e-05
5701; 6.43087e-05
5702; 6.43031e-05
5703; 6.42975e-05
5704; 6.4292e-05
5705; 6.42864e-05
5706; 6.42809e-05
5707; 6.42754e-05
5708; 6.42698e-05
5709; 6.42643e-05
5710; 6.42588e-05
5711; 6.42534e-05
5712; 6.42479e-05
5713; 6.42424e-05
5714; 6.42369e-05
5715; 6.42315e-05
5716; 6.42261e-05
5717; 6.42206e-05
5718; 6.42152e-05
5719; 6.42098e-05
5720; 6.42044e-05
5721; 6.4199e-05
5722; 6.41936e-05
5723; 6.41883e-05
5724; 6.41829e-05
5725; 6.41776e-05
5726; 6.41722e-05
5727; 6.41669e-05
5728; 6.41616e-05
5729; 6.41563e-05
5730; 6.41509e-05
5731; 6.41457e-05
5732; 6.41404e-05
5733; 6.41351e-05
5734; 6.41298e-05
5735; 6.41246e-05
5736; 6.41193e-05
5737; 6.41141e-05
5738; 6.41089e-05
5739; 6.41037e-05
5740; 6.40984e-05
5741; 6.40932e-05
5742; 6.40881e-05
5743; 6.40829e-05
5744; 6.40777e-05
5745; 6.40725e-05
5746; 6.40674e-05
5747; 6.40622e-05
5748; 6.40571e-05
5749; 6.4052e-05
5750; 6.40469e-05
5751; 6.40418e-05
5752; 6.40367e-05
5753; 6.40316e-05
5754; 6.40265e-05
5755; 6.40214e-05
5756; 6.40164e-05
5757; 6.40113e-05
5758; 6.40063e-05
5759; 6.40013e-05
5760; 6.39962e-05
5761; 6.39912e-05
5762; 6.39862e-05
5763; 6.39812e-05
5764; 6.39762e-05
5765; 6.39712e-05
5766; 6.39663e-05
5767; 6.39613e-05
5768; 6.39564e-05
5769; 6.39514e-05
5770; 6.39465e-05
5771; 6.39416e-05
5772; 6.39366e-05
5773; 6.39317e-05
5774; 6.39268e-05
5775; 6.39219e-05
5776; 6.39171e-05
5777; 6.39122e-05
5778; 6.39073e-05
5779; 6.39025e-05
5780; 6.38976e-05
5781; 6.38928e-05
5782; 6.3888e-05
5783; 6.38831e-05
5784; 6.38783e-05
5785; 6.38735e-05
5786; 6.38687e-05
5787; 6.3864e-05
5788; 6.38592e-05
5789; 6.38544e-05
5790; 6.38497e-05
5791; 6.38449e-05
5792; 6.38402e-05
5793; 6.38354e-05
5794; 6.38307e-05
5795; 6.3826e-05
5796; 6.38213e-05
5797; 6.38166e-05
5798; 6.38119e-05
5799; 6.38072e-05
5800; 6.38025e-05
5801; 6.37979e-05
5802; 6.37932e-05
5803; 6.37886e-05
5804; 6.37839e-05
5805; 6.37793e-05
5806; 6.37747e-05
5807; 6.37701e-05
5808; 6.37654e-05
5809; 6.37609e-05
5810; 6.37563e-05
5811; 6.37517e-05
5812; 6.37471e-05
5813; 6.37425e-05
5814; 6.3738e-05
5815; 6.37334e-05
5816; 6.37289e-05
5817; 6.37244e-05
5818; 6.37198e-05
5819; 6.37153e-05
5820; 6.37108e-05
5821; 6.37063e-05
5822; 6.37018e-05
5823; 6.36973e-05
5824; 6.36929e-05
5825; 6.36884e-05
5826; 6.36839e-05
5827; 6.36795e-05
5828; 6.36751e-05
5829; 6.36706e-05
5830; 6.36662e-05
5831; 6.36618e-05
5832; 6.36574e-05
5833; 6.3653e-05
5834; 6.36486e-05
5835; 6.36442e-05
5836; 6.36398e-05
5837; 6.36354e-05
5838; 6.36311e-05
5839; 6.36267e-05
5840; 6.36224e-05
5841; 6.3618e-05
5842; 6.36137e-05
5843; 6.36094e-05
5844; 6.36051e-05
5845; 6.36007e-05
5846; 6.35964e-05
5847; 6.35922e-05
5848; 6.35879e-05
5849; 6.35836e-05
5850; 6.35793e-05
5851; 6.35751e-05
5852; 6.35708e-05
5853; 6.35666e-05
5854; 6.35623e-05
5855; 6.35581e-05
5856; 6.35539e-05
5857; 6.35497e-05
5858; 6.35454e-05
5859; 6.35412e-05
5860; 6.35371e-05
5861; 6.35329e-05
5862; 6.35287e-05
5863; 6.35245e-05
5864; 6.35204e-05
5865; 6.35162e-05
5866; 6.35121e-05
5867; 6.35079e-05
5868; 6.35038e-05
5869; 6.34997e-05
5870; 6.34956e-05
5871; 6.34914e-05
5872; 6.34873e-05
5873; 6.34832e-05
5874; 6.34792e-05
5875; 6.34751e-05
5876; 6.3471e-05
5877; 6.34669e-05
5878; 6.34629e-05
5879; 6.34588e-05
5880; 6.34548e-05
5881; 6.34508e-05
5882; 6.34467e-05
5883; 6.34427e-05
5884; 6.34387e-05
5885; 6.34347e-05
5886; 6.34307e-05
5887; 6.34267e-05
5888; 6.34227e-05
5889; 6.34187e-05
5890; 6.34148e-05
5891; 6.34108e-05
5892; 6.34069e-05
5893; 6.34029e-05
5894; 6.3399e-05
5895; 6.3395e-05
5896; 6.33911e-05
5897; 6.33872e-05
5898; 6.33833e-05
5899; 6.33794e-05
5900; 6.33755e-05
5901; 6.33716e-05
5902; 6.33677e-05
5903; 6.33638e-05
5904; 6.33599e-05
5905; 6.33561e-05
5906; 6.33522e-05
5907; 6.33484e-05
5908; 6.33445e-05
5909; 6.33407e-05
5910; 6.33369e-05
5911; 6.33331e-05
5912; 6.33292e-05
5913; 6.33254e-05
5914; 6.33216e-05
5915; 6.33178e-05
5916; 6.33141e-05
5917; 6.33103e-05
5918; 6.33065e-05
5919; 6.33027e-05
5920; 6.3299e-05
5921; 6.32952e-05
5922; 6.32915e-05
5923; 6.32877e-05
5924; 6.3284e-05
5925; 6.32803e-05
5926; 6.32766e-05
5927; 6.32729e-05
5928; 6.32691e-05
5929; 6.32655e-05
5930; 6.32618e-05
5931; 6.32581e-05
5932; 6.32544e-05
5933; 6.32507e-05
5934; 6.32471e-05
5935; 6.32434e-05
5936; 6.32398e-05
5937; 6.32361e-05
5938; 6.32325e-05
5939; 6.32288e-05
5940; 6.32252e-05
5941; 6.32216e-05
5942; 6.3218e-05
5943; 6.32144e-05
5944; 6.32108e-05
5945; 6.32072e-05
5946; 6.32036e-05
5947; 6.32e-05
5948; 6.31965e-05
5949; 6.31929e-05
5950; 6.31893e-05
5951; 6.31858e-05
5952; 6.31822e-05
5953; 6.31787e-05
5954; 6.31752e-05
5955; 6.31716e-05
5956; 6.31681e-05
5957; 6.31646e-05
5958; 6.31611e-05
5959; 6.31576e-05
5960; 6.31541e-05
5961; 6.31506e-05
5962; 6.31471e-05
5963; 6.31437e-05
5964; 6.31402e-05
5965; 6.31367e-05
5966; 6.31333e-05
5967; 6.31298e-05
5968; 6.31264e-05
5969; 6.31229e-05
5970; 6.31195e-05
5971; 6.31161e-05
5972; 6.31127e-05
5973; 6.31093e-05
5974; 6.31058e-05
5975; 6.31024e-05
5976; 6.30991e-05
5977; 6.30957e-05
5978; 6.30923e-05
5979; 6.30889e-05
5980; 6.30855e-05
5981; 6.30822e-05
5982; 6.30788e-05
5983; 6.30755e-05
5984; 6.30721e-05
5985; 6.30688e-05
5986; 6.30655e-05
5987; 6.30621e-05
5988; 6.30588e-05
5989; 6.30555e-05
5990; 6.30522e-05
5991; 6.30489e-05
5992; 6.30456e-05
5993; 6.30423e-05
5994; 6.3039e-05
5995; 6.30357e-05
5996; 6.30325e-05
5997; 6.30292e-05
5998; 6.30259e-05
5999; 6.30227e-05
