0; 0.99518
1; 0.990382
2; 0.984648
3; 0.977988
4; 0.971576
5; 0.966732
6; 0.960808
7; 0.955477
8; 0.950545
9; 0.944316
10; 0.939821
11; 0.934958
12; 0.929354
13; 0.92431
14; 0.919878
15; 0.914991
16; 0.909681
17; 0.904807
18; 0.900543
19; 0.895999
20; 0.891195
21; 0.886154
22; 0.881683
23; 0.877548
24; 0.873242
25; 0.868778
26; 0.864169
27; 0.859431
28; 0.855348
29; 0.851368
30; 0.847285
31; 0.843108
32; 0.838845
33; 0.834504
34; 0.830092
35; 0.826265
36; 0.822474
37; 0.818623
38; 0.814717
39; 0.81076
40; 0.806758
41; 0.802715
42; 0.798636
43; 0.794898
44; 0.791321
45; 0.787709
46; 0.784066
47; 0.780395
48; 0.776699
49; 0.77298
50; 0.769241
51; 0.765484
52; 0.761713
53; 0.75833
54; 0.75496
55; 0.751573
56; 0.748171
57; 0.744757
58; 0.741331
59; 0.737895
60; 0.734451
61; 0.731001
62; 0.727545
63; 0.724084
64; 0.720753
65; 0.717613
66; 0.714466
67; 0.711314
68; 0.708157
69; 0.704997
70; 0.701834
71; 0.698669
72; 0.695504
73; 0.692339
74; 0.689174
75; 0.686011
76; 0.682851
77; 0.679693
78; 0.676715
79; 0.673807
80; 0.670899
81; 0.667993
82; 0.665088
83; 0.662184
84; 0.659284
85; 0.656386
86; 0.653491
87; 0.650601
88; 0.647715
89; 0.644834
90; 0.641958
91; 0.639087
92; 0.636223
93; 0.633364
94; 0.630589
95; 0.627924
96; 0.625264
97; 0.622608
98; 0.619956
99; 0.61731
100; 0.614668
101; 0.612032
102; 0.609401
103; 0.606777
104; 0.604158
105; 0.601546
106; 0.59894
107; 0.596342
108; 0.59375
109; 0.591165
110; 0.588588
111; 0.586018
112; 0.583456
113; 0.580902
114; 0.578474
115; 0.576066
116; 0.573664
117; 0.571269
118; 0.56888
119; 0.566497
120; 0.564121
121; 0.561751
122; 0.559388
123; 0.557033
124; 0.554684
125; 0.552342
126; 0.550008
127; 0.547681
128; 0.545361
129; 0.543049
130; 0.540745
131; 0.538448
132; 0.536159
133; 0.533878
134; 0.531605
135; 0.52934
136; 0.527083
137; 0.524861
138; 0.522714
139; 0.520574
140; 0.518441
141; 0.516314
142; 0.514194
143; 0.512081
144; 0.509975
145; 0.507876
146; 0.505784
147; 0.503699
148; 0.501621
149; 0.499551
150; 0.497488
151; 0.495432
152; 0.493383
153; 0.491342
154; 0.489308
155; 0.487282
156; 0.485263
157; 0.483252
158; 0.481248
159; 0.479251
160; 0.477262
161; 0.475281
162; 0.473307
163; 0.471341
164; 0.469383
165; 0.467432
166; 0.465516
167; 0.463645
168; 0.46178
169; 0.459923
170; 0.458072
171; 0.456228
172; 0.45439
173; 0.452559
174; 0.450735
175; 0.448918
176; 0.447108
177; 0.445304
178; 0.443507
179; 0.441717
180; 0.439934
181; 0.438158
182; 0.436388
183; 0.434625
184; 0.432869
185; 0.43112
186; 0.429378
187; 0.427643
188; 0.425915
189; 0.424193
190; 0.422478
191; 0.42077
192; 0.419069
193; 0.417375
194; 0.415688
195; 0.414007
196; 0.412334
197; 0.410667
198; 0.409007
199; 0.407354
200; 0.405707
201; 0.404068
202; 0.402449
203; 0.400865
204; 0.399287
205; 0.397716
206; 0.396151
207; 0.394592
208; 0.393039
209; 0.391492
210; 0.389951
211; 0.388416
212; 0.386888
213; 0.385365
214; 0.383849
215; 0.382339
216; 0.380835
217; 0.379336
218; 0.377844
219; 0.376358
220; 0.374878
221; 0.373405
222; 0.371937
223; 0.370475
224; 0.369019
225; 0.367569
226; 0.366125
227; 0.364687
228; 0.363255
229; 0.361829
230; 0.360409
231; 0.358995
232; 0.357586
233; 0.356184
234; 0.354787
235; 0.353397
236; 0.352012
237; 0.350633
238; 0.34926
239; 0.347892
240; 0.346531
241; 0.345175
242; 0.343825
243; 0.342481
244; 0.341142
245; 0.339809
246; 0.338482
247; 0.337161
248; 0.335845
249; 0.334553
250; 0.333274
251; 0.332
252; 0.330732
253; 0.329469
254; 0.328211
255; 0.326958
256; 0.32571
257; 0.324468
258; 0.32323
259; 0.321998
260; 0.320771
261; 0.319549
262; 0.318332
263; 0.31712
264; 0.315914
265; 0.314712
266; 0.313515
267; 0.312324
268; 0.311137
269; 0.309956
270; 0.308779
271; 0.307607
272; 0.306441
273; 0.305279
274; 0.304122
275; 0.30297
276; 0.301823
277; 0.300681
278; 0.299544
279; 0.298411
280; 0.297283
281; 0.29616
282; 0.295042
283; 0.293929
284; 0.29282
285; 0.291717
286; 0.290617
287; 0.289523
288; 0.288433
289; 0.287348
290; 0.286268
291; 0.285192
292; 0.284121
293; 0.283054
294; 0.281992
295; 0.280935
296; 0.279882
297; 0.278834
298; 0.27779
299; 0.276751
300; 0.275716
301; 0.274686
302; 0.27366
303; 0.272638
304; 0.271621
305; 0.270609
306; 0.2696
307; 0.268597
308; 0.267597
309; 0.266602
310; 0.265611
311; 0.264624
312; 0.263642
313; 0.262674
314; 0.261714
315; 0.260758
316; 0.259805
317; 0.258857
318; 0.257913
319; 0.256973
320; 0.256036
321; 0.255104
322; 0.254176
323; 0.253251
324; 0.252331
325; 0.251414
326; 0.250501
327; 0.249592
328; 0.248687
329; 0.247786
330; 0.246888
331; 0.245995
332; 0.245105
333; 0.244219
334; 0.243336
335; 0.242458
336; 0.241583
337; 0.240711
338; 0.239844
339; 0.23898
340; 0.23812
341; 0.237263
342; 0.236411
343; 0.235561
344; 0.234716
345; 0.233874
346; 0.233035
347; 0.2322
348; 0.231369
349; 0.230541
350; 0.229717
351; 0.228896
352; 0.228078
353; 0.227264
354; 0.226454
355; 0.225647
356; 0.224843
357; 0.224043
358; 0.223246
359; 0.222453
360; 0.221663
361; 0.220876
362; 0.220093
363; 0.219313
364; 0.218536
365; 0.217763
366; 0.216992
367; 0.216226
368; 0.215462
369; 0.214702
370; 0.213944
371; 0.21319
372; 0.21244
373; 0.211692
374; 0.210948
375; 0.210208
376; 0.209472
377; 0.208739
378; 0.208009
379; 0.207283
380; 0.206559
381; 0.205838
382; 0.205121
383; 0.204406
384; 0.203695
385; 0.202986
386; 0.20228
387; 0.201578
388; 0.200878
389; 0.200181
390; 0.199487
391; 0.198796
392; 0.198108
393; 0.197423
394; 0.196741
395; 0.196061
396; 0.195385
397; 0.194711
398; 0.19404
399; 0.193372
400; 0.192706
401; 0.192044
402; 0.191384
403; 0.190727
404; 0.190073
405; 0.189421
406; 0.188772
407; 0.188126
408; 0.187483
409; 0.186842
410; 0.186204
411; 0.185569
412; 0.184936
413; 0.18431
414; 0.183688
415; 0.183068
416; 0.182451
417; 0.181837
418; 0.181225
419; 0.180615
420; 0.180008
421; 0.179403
422; 0.178801
423; 0.178202
424; 0.177604
425; 0.17701
426; 0.176417
427; 0.175827
428; 0.17524
429; 0.174655
430; 0.174072
431; 0.173491
432; 0.172913
433; 0.172338
434; 0.171764
435; 0.171193
436; 0.170624
437; 0.170058
438; 0.169494
439; 0.168932
440; 0.168372
441; 0.167815
442; 0.16726
443; 0.166707
444; 0.166156
445; 0.165608
446; 0.165061
447; 0.164517
448; 0.163976
449; 0.163436
450; 0.162899
451; 0.162363
452; 0.16183
453; 0.161299
454; 0.16077
455; 0.160243
456; 0.159719
457; 0.159196
458; 0.158676
459; 0.158157
460; 0.157641
461; 0.157127
462; 0.156614
463; 0.156104
464; 0.155596
465; 0.15509
466; 0.154586
467; 0.154084
468; 0.153584
469; 0.153086
470; 0.15259
471; 0.152096
472; 0.151603
473; 0.151113
474; 0.150625
475; 0.150139
476; 0.149654
477; 0.149172
478; 0.148691
479; 0.148212
480; 0.147736
481; 0.147261
482; 0.146788
483; 0.146317
484; 0.145847
485; 0.14538
486; 0.144914
487; 0.14445
488; 0.143988
489; 0.143528
490; 0.14307
491; 0.142613
492; 0.142159
493; 0.141706
494; 0.141254
495; 0.140805
496; 0.140357
497; 0.139911
498; 0.139467
499; 0.139025
500; 0.138584
501; 0.138145
502; 0.137708
503; 0.137272
504; 0.136838
505; 0.136406
506; 0.135975
507; 0.135546
508; 0.135119
509; 0.134694
510; 0.13427
511; 0.133847
512; 0.133427
513; 0.133008
514; 0.13259
515; 0.132174
516; 0.13176
517; 0.131348
518; 0.130937
519; 0.130527
520; 0.130119
521; 0.129713
522; 0.129308
523; 0.128905
524; 0.128504
525; 0.128104
526; 0.127705
527; 0.127308
528; 0.126912
529; 0.126518
530; 0.126126
531; 0.125735
532; 0.125345
533; 0.124957
534; 0.124571
535; 0.124186
536; 0.123802
537; 0.12342
538; 0.123039
539; 0.12266
540; 0.122282
541; 0.121906
542; 0.121531
543; 0.121157
544; 0.120785
545; 0.120414
546; 0.120045
547; 0.119677
548; 0.11931
549; 0.118945
550; 0.118581
551; 0.118219
552; 0.117858
553; 0.117498
554; 0.11714
555; 0.116783
556; 0.116427
557; 0.116072
558; 0.115719
559; 0.115368
560; 0.115017
561; 0.114668
562; 0.11432
563; 0.113974
564; 0.113628
565; 0.113284
566; 0.112942
567; 0.1126
568; 0.11226
569; 0.111921
570; 0.111584
571; 0.111247
572; 0.110912
573; 0.110578
574; 0.110246
575; 0.109914
576; 0.109584
577; 0.109255
578; 0.108927
579; 0.1086
580; 0.108275
581; 0.107951
582; 0.107628
583; 0.107306
584; 0.106985
585; 0.106666
586; 0.106347
587; 0.10603
588; 0.105714
589; 0.105399
590; 0.105086
591; 0.104773
592; 0.104462
593; 0.104151
594; 0.103842
595; 0.103534
596; 0.103227
597; 0.102921
598; 0.102617
599; 0.102313
600; 0.102011
601; 0.101709
602; 0.101409
603; 0.10111
604; 0.100811
605; 0.100514
606; 0.100218
607; 0.0999233
608; 0.0996294
609; 0.0993365
610; 0.0990447
611; 0.0987539
612; 0.0984642
613; 0.0981755
614; 0.0978879
615; 0.0976012
616; 0.0973156
617; 0.097031
618; 0.0967475
619; 0.0964649
620; 0.0961833
621; 0.0959027
622; 0.0956232
623; 0.0953446
624; 0.095068
625; 0.0947924
626; 0.0945177
627; 0.0942441
628; 0.0939713
629; 0.0936996
630; 0.0934288
631; 0.0931589
632; 0.09289
633; 0.092622
634; 0.0923549
635; 0.0920888
636; 0.0918236
637; 0.0915594
638; 0.091296
639; 0.0910336
640; 0.0907721
641; 0.0905115
642; 0.0902518
643; 0.089993
644; 0.0897351
645; 0.089478
646; 0.0892219
647; 0.0889667
648; 0.0887123
649; 0.0884588
650; 0.0882062
651; 0.0879545
652; 0.0877036
653; 0.0874536
654; 0.0872045
655; 0.0869562
656; 0.0867087
657; 0.0864621
658; 0.0862164
659; 0.0859715
660; 0.0857274
661; 0.0854842
662; 0.0852418
663; 0.0850002
664; 0.0847594
665; 0.0845195
666; 0.0842804
667; 0.0840421
668; 0.0838046
669; 0.0835679
670; 0.083332
671; 0.0830969
672; 0.0828627
673; 0.0826292
674; 0.0823965
675; 0.0821645
676; 0.0819334
677; 0.0817031
678; 0.0814735
679; 0.0812447
680; 0.0810167
681; 0.0807894
682; 0.0805629
683; 0.0803371
684; 0.0801122
685; 0.0798879
686; 0.0796645
687; 0.0794417
688; 0.0792198
689; 0.0789985
690; 0.078778
691; 0.0785582
692; 0.0783392
693; 0.0781209
694; 0.0779033
695; 0.0776865
696; 0.0774704
697; 0.077255
698; 0.0770403
699; 0.0768263
700; 0.076613
701; 0.0764004
702; 0.0761886
703; 0.0759774
704; 0.0757669
705; 0.0755572
706; 0.0753481
707; 0.0751397
708; 0.074932
709; 0.074725
710; 0.0745187
711; 0.074313
712; 0.074108
713; 0.0739037
714; 0.0737001
715; 0.0734971
716; 0.0732948
717; 0.0730931
718; 0.0728922
719; 0.0726918
720; 0.0724922
721; 0.0722931
722; 0.0720948
723; 0.071897
724; 0.0716999
725; 0.0715035
726; 0.0713077
727; 0.0711125
728; 0.070918
729; 0.0707241
730; 0.0705308
731; 0.0703382
732; 0.0701461
733; 0.0699547
734; 0.0697639
735; 0.0695738
736; 0.0693842
737; 0.0691952
738; 0.0690069
739; 0.0688192
740; 0.068632
741; 0.0684455
742; 0.0682596
743; 0.0680742
744; 0.0678895
745; 0.0677054
746; 0.0675218
747; 0.0673388
748; 0.0671564
749; 0.0669746
750; 0.0667934
751; 0.0666128
752; 0.0664327
753; 0.0662532
754; 0.0660743
755; 0.0658959
756; 0.0657181
757; 0.0655409
758; 0.0653643
759; 0.0651882
760; 0.0650126
761; 0.0648376
762; 0.0646632
763; 0.0644893
764; 0.064316
765; 0.0641432
766; 0.0639709
767; 0.0637992
768; 0.0636281
769; 0.0634575
770; 0.0632874
771; 0.0631178
772; 0.0629488
773; 0.0627803
774; 0.0626124
775; 0.062445
776; 0.0622781
777; 0.0621117
778; 0.0619458
779; 0.0617805
780; 0.0616156
781; 0.0614513
782; 0.0612875
783; 0.0611242
784; 0.0609615
785; 0.0607992
786; 0.0606374
787; 0.0604761
788; 0.0603154
789; 0.0601551
790; 0.0599953
791; 0.0598361
792; 0.0596773
793; 0.059519
794; 0.0593612
795; 0.059204
796; 0.0590473
797; 0.058891
798; 0.0587353
799; 0.05858
800; 0.0584252
801; 0.0582709
802; 0.0581171
803; 0.0579637
804; 0.0578108
805; 0.0576584
806; 0.0575064
807; 0.0573549
808; 0.0572039
809; 0.0570533
810; 0.0569032
811; 0.0567536
812; 0.0566044
813; 0.0564556
814; 0.0563073
815; 0.0561595
816; 0.0560121
817; 0.0558651
818; 0.0557186
819; 0.0555726
820; 0.055427
821; 0.0552818
822; 0.055137
823; 0.0549928
824; 0.0548489
825; 0.0547055
826; 0.0545625
827; 0.0544199
828; 0.0542778
829; 0.0541361
830; 0.0539948
831; 0.053854
832; 0.0537135
833; 0.0535735
834; 0.0534339
835; 0.0532948
836; 0.053156
837; 0.0530177
838; 0.0528798
839; 0.0527423
840; 0.0526052
841; 0.0524685
842; 0.0523322
843; 0.0521963
844; 0.0520609
845; 0.0519258
846; 0.0517912
847; 0.0516569
848; 0.051523
849; 0.0513896
850; 0.0512565
851; 0.0511239
852; 0.0509916
853; 0.0508597
854; 0.0507282
855; 0.0505971
856; 0.0504664
857; 0.0503361
858; 0.0502061
859; 0.0500766
860; 0.0499474
861; 0.0498186
862; 0.0496902
863; 0.0495622
864; 0.0494345
865; 0.0493072
866; 0.0491803
867; 0.0490538
868; 0.0489276
869; 0.0488018
870; 0.0486764
871; 0.0485514
872; 0.0484267
873; 0.0483024
874; 0.0481784
875; 0.0480548
876; 0.0479316
877; 0.0478087
878; 0.0476862
879; 0.047564
880; 0.0474422
881; 0.0473208
882; 0.0471997
883; 0.047079
884; 0.0469586
885; 0.0468385
886; 0.0467188
887; 0.0465995
888; 0.0464805
889; 0.0463619
890; 0.0462436
891; 0.0461256
892; 0.046008
893; 0.0458907
894; 0.0457738
895; 0.0456572
896; 0.0455409
897; 0.045425
898; 0.0453094
899; 0.0451941
900; 0.0450792
901; 0.0449646
902; 0.0448503
903; 0.0447364
904; 0.0446228
905; 0.0445095
906; 0.0443965
907; 0.0442839
908; 0.0441716
909; 0.0440596
910; 0.0439479
911; 0.0438366
912; 0.0437256
913; 0.0436149
914; 0.0435045
915; 0.0433944
916; 0.0432846
917; 0.0431752
918; 0.043066
919; 0.0429572
920; 0.0428487
921; 0.0427405
922; 0.0426326
923; 0.042525
924; 0.0424177
925; 0.0423107
926; 0.042204
927; 0.0420977
928; 0.0419916
929; 0.0418858
930; 0.0417804
931; 0.0416752
932; 0.0415703
933; 0.0414657
934; 0.0413615
935; 0.0412575
936; 0.0411538
937; 0.0410504
938; 0.0409473
939; 0.0408445
940; 0.0407419
941; 0.0406397
942; 0.0405377
943; 0.0404361
944; 0.0403347
945; 0.0402336
946; 0.0401328
947; 0.0400323
948; 0.039932
949; 0.0398321
950; 0.0397324
951; 0.039633
952; 0.0395339
953; 0.039435
954; 0.0393365
955; 0.0392382
956; 0.0391401
957; 0.0390424
958; 0.0389449
959; 0.0388477
960; 0.0387508
961; 0.0386542
962; 0.0385578
963; 0.0384616
964; 0.0383658
965; 0.0382702
966; 0.0381749
967; 0.0380798
968; 0.0379851
969; 0.0378905
970; 0.0377963
971; 0.0377023
972; 0.0376085
973; 0.037515
974; 0.0374218
975; 0.0373289
976; 0.0372362
977; 0.0371437
978; 0.0370515
979; 0.0369596
980; 0.0368679
981; 0.0367765
982; 0.0366853
983; 0.0365943
984; 0.0365037
985; 0.0364132
986; 0.0363231
987; 0.0362331
988; 0.0361435
989; 0.036054
990; 0.0359648
991; 0.0358759
992; 0.0357872
993; 0.0356987
994; 0.0356105
995; 0.0355225
996; 0.0354348
997; 0.0353473
998; 0.0352601
999; 0.0351731
1000; 0.0350863
1001; 0.0349998
1002; 0.0349135
1003; 0.0348274
1004; 0.0347416
1005; 0.034656
1006; 0.0345706
1007; 0.0344855
1008; 0.0344006
1009; 0.0343159
1010; 0.0342315
1011; 0.0341473
1012; 0.0340633
1013; 0.0339796
1014; 0.033896
1015; 0.0338127
1016; 0.0337297
1017; 0.0336468
1018; 0.0335642
1019; 0.0334818
1020; 0.0333997
1021; 0.0333177
1022; 0.033236
1023; 0.0331545
1024; 0.0330732
1025; 0.0329922
1026; 0.0329113
1027; 0.0328307
1028; 0.0327503
1029; 0.0326701
1030; 0.0325901
1031; 0.0325104
1032; 0.0324308
1033; 0.0323515
1034; 0.0322724
1035; 0.0321935
1036; 0.0321148
1037; 0.0320363
1038; 0.0319581
1039; 0.03188
1040; 0.0318022
1041; 0.0317246
1042; 0.0316471
1043; 0.0315699
1044; 0.0314929
1045; 0.0314161
1046; 0.0313395
1047; 0.0312631
1048; 0.0311869
1049; 0.0311109
1050; 0.0310352
1051; 0.0309596
1052; 0.0308842
1053; 0.030809
1054; 0.0307341
1055; 0.0306593
1056; 0.0305847
1057; 0.0305103
1058; 0.0304362
1059; 0.0303622
1060; 0.0302884
1061; 0.0302148
1062; 0.0301414
1063; 0.0300682
1064; 0.0299952
1065; 0.0299224
1066; 0.0298498
1067; 0.0297774
1068; 0.0297052
1069; 0.0296332
1070; 0.0295613
1071; 0.0294897
1072; 0.0294182
1073; 0.0293469
1074; 0.0292759
1075; 0.029205
1076; 0.0291343
1077; 0.0290637
1078; 0.0289934
1079; 0.0289233
1080; 0.0288533
1081; 0.0287835
1082; 0.0287139
1083; 0.0286445
1084; 0.0285753
1085; 0.0285063
1086; 0.0284374
1087; 0.0283687
1088; 0.0283002
1089; 0.0282319
1090; 0.0281638
1091; 0.0280958
1092; 0.028028
1093; 0.0279604
1094; 0.027893
1095; 0.0278258
1096; 0.0277587
1097; 0.0276918
1098; 0.0276251
1099; 0.0275586
1100; 0.0274922
1101; 0.027426
1102; 0.02736
1103; 0.0272942
1104; 0.0272285
1105; 0.027163
1106; 0.0270977
1107; 0.0270325
1108; 0.0269675
1109; 0.0269027
1110; 0.0268381
1111; 0.0267736
1112; 0.0267093
1113; 0.0266451
1114; 0.0265812
1115; 0.0265174
1116; 0.0264537
1117; 0.0263902
1118; 0.0263269
1119; 0.0262638
1120; 0.0262008
1121; 0.026138
1122; 0.0260753
1123; 0.0260129
1124; 0.0259505
1125; 0.0258884
1126; 0.0258264
1127; 0.0257645
1128; 0.0257029
1129; 0.0256413
1130; 0.02558
1131; 0.0255188
1132; 0.0254577
1133; 0.0253969
1134; 0.0253361
1135; 0.0252756
1136; 0.0252152
1137; 0.0251549
1138; 0.0250948
1139; 0.0250349
1140; 0.0249751
1141; 0.0249154
1142; 0.024856
1143; 0.0247966
1144; 0.0247375
1145; 0.0246785
1146; 0.0246196
1147; 0.0245609
1148; 0.0245023
1149; 0.0244439
1150; 0.0243856
1151; 0.0243275
1152; 0.0242696
1153; 0.0242118
1154; 0.0241541
1155; 0.0240966
1156; 0.0240392
1157; 0.023982
1158; 0.0239249
1159; 0.023868
1160; 0.0238112
1161; 0.0237546
1162; 0.0236981
1163; 0.0236418
1164; 0.0235856
1165; 0.0235295
1166; 0.0234736
1167; 0.0234179
1168; 0.0233623
1169; 0.0233068
1170; 0.0232514
1171; 0.0231963
1172; 0.0231412
1173; 0.0230863
1174; 0.0230315
1175; 0.0229769
1176; 0.0229224
1177; 0.0228681
1178; 0.0228138
1179; 0.0227598
1180; 0.0227058
1181; 0.022652
1182; 0.0225984
1183; 0.0225449
1184; 0.0224915
1185; 0.0224382
1186; 0.0223851
1187; 0.0223321
1188; 0.0222793
1189; 0.0222266
1190; 0.022174
1191; 0.0221216
1192; 0.0220693
1193; 0.0220171
1194; 0.021965
1195; 0.0219131
1196; 0.0218614
1197; 0.0218097
1198; 0.0217582
1199; 0.0217068
1200; 0.0216556
1201; 0.0216044
1202; 0.0215534
1203; 0.0215026
1204; 0.0214519
1205; 0.0214012
1206; 0.0213508
1207; 0.0213004
1208; 0.0212502
1209; 0.0212001
1210; 0.0211501
1211; 0.0211003
1212; 0.0210506
1213; 0.021001
1214; 0.0209515
1215; 0.0209022
1216; 0.020853
1217; 0.0208039
1218; 0.0207549
1219; 0.0207061
1220; 0.0206574
1221; 0.0206088
1222; 0.0205603
1223; 0.020512
1224; 0.0204638
1225; 0.0204156
1226; 0.0203677
1227; 0.0203198
1228; 0.0202721
1229; 0.0202244
1230; 0.0201769
1231; 0.0201296
1232; 0.0200823
1233; 0.0200352
1234; 0.0199881
1235; 0.0199412
1236; 0.0198944
1237; 0.0198478
1238; 0.0198012
1239; 0.0197548
1240; 0.0197085
1241; 0.0196623
1242; 0.0196162
1243; 0.0195702
1244; 0.0195243
1245; 0.0194786
1246; 0.019433
1247; 0.0193875
1248; 0.0193421
1249; 0.0192969
1250; 0.0192518
1251; 0.0192069
1252; 0.019162
1253; 0.0191173
1254; 0.0190727
1255; 0.0190282
1256; 0.0189838
1257; 0.0189395
1258; 0.0188953
1259; 0.0188513
1260; 0.0188073
1261; 0.0187635
1262; 0.0187198
1263; 0.0186761
1264; 0.0186326
1265; 0.0185892
1266; 0.0185459
1267; 0.0185027
1268; 0.0184597
1269; 0.0184167
1270; 0.0183738
1271; 0.0183311
1272; 0.0182884
1273; 0.0182459
1274; 0.0182034
1275; 0.0181611
1276; 0.0181189
1277; 0.0180768
1278; 0.0180347
1279; 0.0179928
1280; 0.017951
1281; 0.0179093
1282; 0.0178677
1283; 0.0178262
1284; 0.0177848
1285; 0.0177435
1286; 0.0177023
1287; 0.0176612
1288; 0.0176203
1289; 0.0175794
1290; 0.0175386
1291; 0.0174979
1292; 0.0174573
1293; 0.0174168
1294; 0.0173765
1295; 0.0173362
1296; 0.017296
1297; 0.0172559
1298; 0.0172159
1299; 0.0171761
1300; 0.0171363
1301; 0.0170966
1302; 0.017057
1303; 0.0170175
1304; 0.0169781
1305; 0.0169388
1306; 0.0168996
1307; 0.0168605
1308; 0.0168215
1309; 0.0167826
1310; 0.0167438
1311; 0.0167051
1312; 0.0166665
1313; 0.0166279
1314; 0.0165895
1315; 0.0165512
1316; 0.0165129
1317; 0.0164748
1318; 0.0164367
1319; 0.0163988
1320; 0.0163609
1321; 0.0163231
1322; 0.0162854
1323; 0.0162479
1324; 0.0162104
1325; 0.016173
1326; 0.0161357
1327; 0.0160984
1328; 0.0160613
1329; 0.0160243
1330; 0.0159873
1331; 0.0159505
1332; 0.0159137
1333; 0.015877
1334; 0.0158405
1335; 0.015804
1336; 0.0157676
1337; 0.0157313
1338; 0.015695
1339; 0.0156589
1340; 0.0156228
1341; 0.0155869
1342; 0.015551
1343; 0.0155152
1344; 0.0154795
1345; 0.0154439
1346; 0.0154084
1347; 0.015373
1348; 0.0153376
1349; 0.0153024
1350; 0.0152672
1351; 0.0152321
1352; 0.0151971
1353; 0.0151622
1354; 0.0151274
1355; 0.0150926
1356; 0.015058
1357; 0.0150234
1358; 0.0149889
1359; 0.0149545
1360; 0.0149202
1361; 0.014886
1362; 0.0148519
1363; 0.0148178
1364; 0.0147838
1365; 0.0147499
1366; 0.0147161
1367; 0.0146824
1368; 0.0146487
1369; 0.0146152
1370; 0.0145817
1371; 0.0145483
1372; 0.014515
1373; 0.0144817
1374; 0.0144486
1375; 0.0144155
1376; 0.0143825
1377; 0.0143496
1378; 0.0143167
1379; 0.014284
1380; 0.0142513
1381; 0.0142187
1382; 0.0141862
1383; 0.0141538
1384; 0.0141214
1385; 0.0140891
1386; 0.0140569
1387; 0.0140248
1388; 0.0139927
1389; 0.0139608
1390; 0.0139289
1391; 0.0138971
1392; 0.0138653
1393; 0.0138337
1394; 0.0138021
1395; 0.0137706
1396; 0.0137391
1397; 0.0137078
1398; 0.0136765
1399; 0.0136453
1400; 0.0136142
1401; 0.0135831
1402; 0.0135522
1403; 0.0135213
1404; 0.0134904
1405; 0.0134597
1406; 0.013429
1407; 0.0133984
1408; 0.0133679
1409; 0.0133374
1410; 0.0133071
1411; 0.0132767
1412; 0.0132465
1413; 0.0132164
1414; 0.0131863
1415; 0.0131563
1416; 0.0131263
1417; 0.0130964
1418; 0.0130666
1419; 0.0130369
1420; 0.0130073
1421; 0.0129777
1422; 0.0129482
1423; 0.0129187
1424; 0.0128894
1425; 0.0128601
1426; 0.0128308
1427; 0.0128017
1428; 0.0127726
1429; 0.0127436
1430; 0.0127146
1431; 0.0126858
1432; 0.012657
1433; 0.0126282
1434; 0.0125996
1435; 0.012571
1436; 0.0125424
1437; 0.012514
1438; 0.0124856
1439; 0.0124572
1440; 0.012429
1441; 0.0124008
1442; 0.0123727
1443; 0.0123446
1444; 0.0123166
1445; 0.0122887
1446; 0.0122609
1447; 0.0122331
1448; 0.0122054
1449; 0.0121777
1450; 0.0121501
1451; 0.0121226
1452; 0.0120952
1453; 0.0120678
1454; 0.0120405
1455; 0.0120132
1456; 0.011986
1457; 0.0119589
1458; 0.0119318
1459; 0.0119049
1460; 0.0118779
1461; 0.0118511
1462; 0.0118243
1463; 0.0117975
1464; 0.0117709
1465; 0.0117443
1466; 0.0117177
1467; 0.0116912
1468; 0.0116648
1469; 0.0116385
1470; 0.0116122
1471; 0.0115859
1472; 0.0115598
1473; 0.0115337
1474; 0.0115076
1475; 0.0114817
1476; 0.0114557
1477; 0.0114299
1478; 0.0114041
1479; 0.0113784
1480; 0.0113527
1481; 0.0113271
1482; 0.0113016
1483; 0.0112761
1484; 0.0112507
1485; 0.0112253
1486; 0.0112
1487; 0.0111748
1488; 0.0111496
1489; 0.0111245
1490; 0.0110994
1491; 0.0110744
1492; 0.0110494
1493; 0.0110246
1494; 0.0109997
1495; 0.010975
1496; 0.0109503
1497; 0.0109256
1498; 0.010901
1499; 0.0108765
1500; 0.0108521
1501; 0.0108276
1502; 0.0108033
1503; 0.010779
1504; 0.0107548
1505; 0.0107306
1506; 0.0107065
1507; 0.0106824
1508; 0.0106584
1509; 0.0106344
1510; 0.0106106
1511; 0.0105867
1512; 0.0105629
1513; 0.0105392
1514; 0.0105156
1515; 0.0104919
1516; 0.0104684
1517; 0.0104449
1518; 0.0104215
1519; 0.0103981
1520; 0.0103747
1521; 0.0103515
1522; 0.0103282
1523; 0.0103051
1524; 0.010282
1525; 0.0102589
1526; 0.0102359
1527; 0.010213
1528; 0.0101901
1529; 0.0101672
1530; 0.0101445
1531; 0.0101217
1532; 0.0100991
1533; 0.0100764
1534; 0.0100539
1535; 0.0100314
1536; 0.0100089
1537; 0.0099865
1538; 0.00996415
1539; 0.00994185
1540; 0.00991961
1541; 0.00989741
1542; 0.00987527
1543; 0.00985318
1544; 0.00983115
1545; 0.00980916
1546; 0.00978723
1547; 0.00976535
1548; 0.00974352
1549; 0.00972174
1550; 0.00970002
1551; 0.00967834
1552; 0.00965672
1553; 0.00963515
1554; 0.00961363
1555; 0.00959216
1556; 0.00957074
1557; 0.00954937
1558; 0.00952806
1559; 0.00950679
1560; 0.00948557
1561; 0.00946441
1562; 0.00944329
1563; 0.00942222
1564; 0.0094012
1565; 0.00938024
1566; 0.00935932
1567; 0.00933845
1568; 0.00931763
1569; 0.00929686
1570; 0.00927614
1571; 0.00925547
1572; 0.00923485
1573; 0.00921427
1574; 0.00919374
1575; 0.00917327
1576; 0.00915284
1577; 0.00913246
1578; 0.00911212
1579; 0.00909184
1580; 0.0090716
1581; 0.00905141
1582; 0.00903127
1583; 0.00901117
1584; 0.00899113
1585; 0.00897113
1586; 0.00895117
1587; 0.00893127
1588; 0.00891141
1589; 0.0088916
1590; 0.00887183
1591; 0.00885211
1592; 0.00883244
1593; 0.00881281
1594; 0.00879323
1595; 0.0087737
1596; 0.00875421
1597; 0.00873477
1598; 0.00871537
1599; 0.00869602
1600; 0.00867671
1601; 0.00865745
1602; 0.00863824
1603; 0.00861907
1604; 0.00859994
1605; 0.00858086
1606; 0.00856183
1607; 0.00854284
1608; 0.00852389
1609; 0.00850499
1610; 0.00848614
1611; 0.00846732
1612; 0.00844855
1613; 0.00842983
1614; 0.00841115
1615; 0.00839251
1616; 0.00837392
1617; 0.00835537
1618; 0.00833687
1619; 0.0083184
1620; 0.00829998
1621; 0.00828161
1622; 0.00826328
1623; 0.00824499
1624; 0.00822674
1625; 0.00820853
1626; 0.00819037
1627; 0.00817225
1628; 0.00815418
1629; 0.00813614
1630; 0.00811815
1631; 0.0081002
1632; 0.00808229
1633; 0.00806443
1634; 0.0080466
1635; 0.00802882
1636; 0.00801108
1637; 0.00799338
1638; 0.00797572
1639; 0.00795811
1640; 0.00794053
1641; 0.007923
1642; 0.00790551
1643; 0.00788805
1644; 0.00787064
1645; 0.00785327
1646; 0.00783594
1647; 0.00781865
1648; 0.0078014
1649; 0.00778419
1650; 0.00776702
1651; 0.0077499
1652; 0.00773281
1653; 0.00771576
1654; 0.00769875
1655; 0.00768178
1656; 0.00766485
1657; 0.00764796
1658; 0.00763111
1659; 0.0076143
1660; 0.00759753
1661; 0.00758079
1662; 0.0075641
1663; 0.00754744
1664; 0.00753083
1665; 0.00751425
1666; 0.00749771
1667; 0.00748121
1668; 0.00746475
1669; 0.00744832
1670; 0.00743194
1671; 0.00741559
1672; 0.00739928
1673; 0.00738301
1674; 0.00736678
1675; 0.00735058
1676; 0.00733443
1677; 0.00731831
1678; 0.00730222
1679; 0.00728618
1680; 0.00727017
1681; 0.0072542
1682; 0.00723827
1683; 0.00722237
1684; 0.00720651
1685; 0.00719069
1686; 0.0071749
1687; 0.00715916
1688; 0.00714344
1689; 0.00712777
1690; 0.00711213
1691; 0.00709652
1692; 0.00708096
1693; 0.00706543
1694; 0.00704993
1695; 0.00703447
1696; 0.00701905
1697; 0.00700367
1698; 0.00698831
1699; 0.006973
1700; 0.00695772
1701; 0.00694248
1702; 0.00692727
1703; 0.00691209
1704; 0.00689695
1705; 0.00688185
1706; 0.00686678
1707; 0.00685175
1708; 0.00683675
1709; 0.00682179
1710; 0.00680686
1711; 0.00679196
1712; 0.0067771
1713; 0.00676228
1714; 0.00674749
1715; 0.00673273
1716; 0.00671801
1717; 0.00670332
1718; 0.00668867
1719; 0.00667412
1720; 0.0066596
1721; 0.00664511
1722; 0.00663065
1723; 0.00661623
1724; 0.00660184
1725; 0.00658748
1726; 0.00657316
1727; 0.00655887
1728; 0.00654461
1729; 0.00653039
1730; 0.0065162
1731; 0.00650204
1732; 0.00648792
1733; 0.00647382
1734; 0.00645976
1735; 0.00644573
1736; 0.00643174
1737; 0.00641778
1738; 0.00640384
1739; 0.00638995
1740; 0.00637608
1741; 0.00636224
1742; 0.00634844
1743; 0.00633467
1744; 0.00632093
1745; 0.00630722
1746; 0.00629355
1747; 0.0062799
1748; 0.00626629
1749; 0.00625271
1750; 0.00623915
1751; 0.00622564
1752; 0.00621215
1753; 0.00619869
1754; 0.00618526
1755; 0.00617187
1756; 0.0061585
1757; 0.00614517
1758; 0.00613187
1759; 0.00611859
1760; 0.00610535
1761; 0.00609214
1762; 0.00607896
1763; 0.00606581
1764; 0.00605269
1765; 0.0060396
1766; 0.00602654
1767; 0.00601351
1768; 0.00600051
1769; 0.00598754
1770; 0.00597459
1771; 0.00596168
1772; 0.0059488
1773; 0.00593595
1774; 0.00592313
1775; 0.00591034
1776; 0.00589757
1777; 0.00588484
1778; 0.00587213
1779; 0.00585946
1780; 0.00584681
1781; 0.00583419
1782; 0.0058216
1783; 0.00580904
1784; 0.00579651
1785; 0.00578401
1786; 0.00577154
1787; 0.00575909
1788; 0.00574668
1789; 0.00573429
1790; 0.00572193
1791; 0.0057096
1792; 0.00569729
1793; 0.00568502
1794; 0.00567277
1795; 0.00566055
1796; 0.00564836
1797; 0.0056362
1798; 0.00562406
1799; 0.00561196
1800; 0.00559988
1801; 0.00558783
1802; 0.0055758
1803; 0.00556381
1804; 0.00555184
1805; 0.00553989
1806; 0.00552798
1807; 0.00551609
1808; 0.00550423
1809; 0.0054924
1810; 0.00548059
1811; 0.00546881
1812; 0.00545706
1813; 0.00544534
1814; 0.00543364
1815; 0.00542197
1816; 0.00541032
1817; 0.0053987
1818; 0.00538711
1819; 0.00537555
1820; 0.00536401
1821; 0.00535249
1822; 0.00534101
1823; 0.00532955
1824; 0.00531811
1825; 0.00530671
1826; 0.00529532
1827; 0.00528397
1828; 0.00527264
1829; 0.00526133
1830; 0.00525006
1831; 0.0052388
1832; 0.00522758
1833; 0.00521637
1834; 0.0052052
1835; 0.00519405
1836; 0.00518292
1837; 0.00517182
1838; 0.00516075
1839; 0.0051497
1840; 0.00513868
1841; 0.00512768
1842; 0.0051167
1843; 0.00510576
1844; 0.00509483
1845; 0.00508393
1846; 0.00507306
1847; 0.00506221
1848; 0.00505138
1849; 0.00504058
1850; 0.00502981
1851; 0.00501906
1852; 0.00500833
1853; 0.00499763
1854; 0.00498695
1855; 0.0049763
1856; 0.00496567
1857; 0.00495506
1858; 0.00494448
1859; 0.00493393
1860; 0.00492339
1861; 0.00491288
1862; 0.0049024
1863; 0.00489194
1864; 0.0048815
1865; 0.00487109
1866; 0.0048607
1867; 0.00485033
1868; 0.00483999
1869; 0.00482967
1870; 0.00481937
1871; 0.0048091
1872; 0.00479885
1873; 0.00478862
1874; 0.00477842
1875; 0.00476824
1876; 0.00475808
1877; 0.00474795
1878; 0.00473784
1879; 0.00472775
1880; 0.00471768
1881; 0.00470764
1882; 0.00469762
1883; 0.00468763
1884; 0.00467765
1885; 0.0046677
1886; 0.00465777
1887; 0.00464786
1888; 0.00463798
1889; 0.00462812
1890; 0.00461828
1891; 0.00460846
1892; 0.00459867
1893; 0.0045889
1894; 0.00457914
1895; 0.00456942
1896; 0.00455971
1897; 0.00455003
1898; 0.00454036
1899; 0.00453072
1900; 0.0045211
1901; 0.00451151
1902; 0.00450193
1903; 0.00449238
1904; 0.00448284
1905; 0.00447333
1906; 0.00446384
1907; 0.00445438
1908; 0.00444493
1909; 0.00443551
1910; 0.0044261
1911; 0.00441672
1912; 0.00440736
1913; 0.00439802
1914; 0.0043887
1915; 0.0043794
1916; 0.00437012
1917; 0.00436087
1918; 0.00435163
1919; 0.00434242
1920; 0.00433323
1921; 0.00432405
1922; 0.0043149
1923; 0.00430577
1924; 0.00429666
1925; 0.00428757
1926; 0.0042785
1927; 0.00426945
1928; 0.00426042
1929; 0.00425141
1930; 0.00424242
1931; 0.00423345
1932; 0.00422451
1933; 0.00421558
1934; 0.00420667
1935; 0.00419778
1936; 0.00418892
1937; 0.00418007
1938; 0.00417124
1939; 0.00416243
1940; 0.00415364
1941; 0.00414488
1942; 0.00413613
1943; 0.0041274
1944; 0.00411869
1945; 0.00411
1946; 0.00410133
1947; 0.00409268
1948; 0.00408405
1949; 0.00407544
1950; 0.00406684
1951; 0.00405827
1952; 0.00404972
1953; 0.00404118
1954; 0.00403267
1955; 0.00402417
1956; 0.00401569
1957; 0.00400724
1958; 0.0039988
1959; 0.00399038
1960; 0.00398197
1961; 0.00397359
1962; 0.00396523
1963; 0.00395688
1964; 0.00394856
1965; 0.00394025
1966; 0.00393196
1967; 0.00392369
1968; 0.00391544
1969; 0.00390721
1970; 0.00389899
1971; 0.00389079
1972; 0.00388262
1973; 0.00387446
1974; 0.00386632
1975; 0.00385819
1976; 0.00385009
1977; 0.003842
1978; 0.00383393
1979; 0.00382588
1980; 0.00381785
1981; 0.00380983
1982; 0.00380184
1983; 0.00379386
1984; 0.0037859
1985; 0.00377796
1986; 0.00377003
1987; 0.00376212
1988; 0.00375423
1989; 0.00374636
1990; 0.00373851
1991; 0.00373067
1992; 0.00372285
1993; 0.00371505
1994; 0.00370726
1995; 0.0036995
1996; 0.00369175
1997; 0.00368404
1998; 0.00367637
1999; 0.00366872
2000; 0.00366109
2001; 0.00365348
2002; 0.00364588
2003; 0.0036383
2004; 0.00363073
2005; 0.00362319
2006; 0.00361566
2007; 0.00360814
2008; 0.00360065
2009; 0.00359317
2010; 0.0035857
2011; 0.00357826
2012; 0.00357083
2013; 0.00356341
2014; 0.00355602
2015; 0.00354864
2016; 0.00354127
2017; 0.00353392
2018; 0.00352659
2019; 0.00351928
2020; 0.00351198
2021; 0.0035047
2022; 0.00349743
2023; 0.00349018
2024; 0.00348294
2025; 0.00347573
2026; 0.00346852
2027; 0.00346134
2028; 0.00345417
2029; 0.00344701
2030; 0.00343987
2031; 0.00343275
2032; 0.00342564
2033; 0.00341855
2034; 0.00341148
2035; 0.00340442
2036; 0.00339737
2037; 0.00339034
2038; 0.00338333
2039; 0.00337633
2040; 0.00336935
2041; 0.00336238
2042; 0.00335543
2043; 0.0033485
2044; 0.00334158
2045; 0.00333467
2046; 0.00332778
2047; 0.00332091
2048; 0.00331405
2049; 0.0033072
2050; 0.00330038
2051; 0.00329356
2052; 0.00328676
2053; 0.00327998
2054; 0.00327321
2055; 0.00326646
2056; 0.00325972
2057; 0.00325299
2058; 0.00324628
2059; 0.00323959
2060; 0.00323291
2061; 0.00322625
2062; 0.0032196
2063; 0.00321296
2064; 0.00320634
2065; 0.00319973
2066; 0.00319314
2067; 0.00318657
2068; 0.00318
2069; 0.00317346
2070; 0.00316692
2071; 0.0031604
2072; 0.0031539
2073; 0.00314741
2074; 0.00314093
2075; 0.00313447
2076; 0.00312802
2077; 0.00312159
2078; 0.00311517
2079; 0.00310877
2080; 0.00310237
2081; 0.003096
2082; 0.00308963
2083; 0.00308329
2084; 0.00307695
2085; 0.00307063
2086; 0.00306432
2087; 0.00305803
2088; 0.00305175
2089; 0.00304549
2090; 0.00303923
2091; 0.003033
2092; 0.00302677
2093; 0.00302056
2094; 0.00301437
2095; 0.00300818
2096; 0.00300201
2097; 0.00299586
2098; 0.00298971
2099; 0.00298359
2100; 0.00297747
2101; 0.00297137
2102; 0.00296528
2103; 0.0029592
2104; 0.00295314
2105; 0.00294709
2106; 0.00294106
2107; 0.00293504
2108; 0.00292903
2109; 0.00292303
2110; 0.00291705
2111; 0.00291108
2112; 0.00290512
2113; 0.00289918
2114; 0.00289325
2115; 0.00288733
2116; 0.00288143
2117; 0.00287554
2118; 0.00286966
2119; 0.00286379
2120; 0.00285794
2121; 0.0028521
2122; 0.00284627
2123; 0.00284046
2124; 0.00283466
2125; 0.00282887
2126; 0.00282309
2127; 0.00281733
2128; 0.00281158
2129; 0.00280584
2130; 0.00280011
2131; 0.0027944
2132; 0.0027887
2133; 0.00278301
2134; 0.00277734
2135; 0.00277167
2136; 0.00276602
2137; 0.00276038
2138; 0.00275476
2139; 0.00274914
2140; 0.00274354
2141; 0.00273795
2142; 0.00273237
2143; 0.00272681
2144; 0.00272126
2145; 0.00271571
2146; 0.00271019
2147; 0.00270467
2148; 0.00269916
2149; 0.00269367
2150; 0.00268819
2151; 0.00268272
2152; 0.00267727
2153; 0.00267182
2154; 0.00266639
2155; 0.00266097
2156; 0.00265556
2157; 0.00265016
2158; 0.00264477
2159; 0.0026394
2160; 0.00263404
2161; 0.00262869
2162; 0.00262335
2163; 0.00261802
2164; 0.0026127
2165; 0.0026074
2166; 0.00260211
2167; 0.00259682
2168; 0.00259156
2169; 0.0025863
2170; 0.00258105
2171; 0.00257581
2172; 0.00257059
2173; 0.00256538
2174; 0.00256018
2175; 0.00255499
2176; 0.00254981
2177; 0.00254464
2178; 0.00253948
2179; 0.00253434
2180; 0.0025292
2181; 0.00252408
2182; 0.00251897
2183; 0.00251387
2184; 0.00250878
2185; 0.0025037
2186; 0.00249863
2187; 0.00249358
2188; 0.00248853
2189; 0.0024835
2190; 0.00247847
2191; 0.00247346
2192; 0.00246849
2193; 0.00246354
2194; 0.0024586
2195; 0.00245367
2196; 0.00244876
2197; 0.00244385
2198; 0.00243895
2199; 0.00243407
2200; 0.00242919
2201; 0.00242433
2202; 0.00241948
2203; 0.00241463
2204; 0.0024098
2205; 0.00240498
2206; 0.00240017
2207; 0.00239537
2208; 0.00239057
2209; 0.00238579
2210; 0.00238102
2211; 0.00237626
2212; 0.00237151
2213; 0.00236677
2214; 0.00236204
2215; 0.00235732
2216; 0.00235262
2217; 0.00234792
2218; 0.00234323
2219; 0.00233855
2220; 0.00233388
2221; 0.00232922
2222; 0.00232457
2223; 0.00231993
2224; 0.0023153
2225; 0.00231069
2226; 0.00230608
2227; 0.00230148
2228; 0.00229689
2229; 0.00229231
2230; 0.00228774
2231; 0.00228318
2232; 0.00227863
2233; 0.00227409
2234; 0.00226956
2235; 0.00226504
2236; 0.00226053
2237; 0.00225603
2238; 0.00225153
2239; 0.00224705
2240; 0.00224258
2241; 0.00223812
2242; 0.00223366
2243; 0.00222922
2244; 0.00222479
2245; 0.00222036
2246; 0.00221595
2247; 0.00221154
2248; 0.00220714
2249; 0.00220276
2250; 0.00219838
2251; 0.00219401
2252; 0.00218965
2253; 0.0021853
2254; 0.00218096
2255; 0.00217663
2256; 0.00217231
2257; 0.002168
2258; 0.00216369
2259; 0.0021594
2260; 0.00215512
2261; 0.00215084
2262; 0.00214657
2263; 0.00214232
2264; 0.00213807
2265; 0.00213383
2266; 0.0021296
2267; 0.00212538
2268; 0.00212116
2269; 0.00211696
2270; 0.00211277
2271; 0.00210858
2272; 0.0021044
2273; 0.00210024
2274; 0.00209608
2275; 0.00209193
2276; 0.00208779
2277; 0.00208366
2278; 0.00207953
2279; 0.00207542
2280; 0.00207131
2281; 0.00206721
2282; 0.00206313
2283; 0.00205905
2284; 0.00205498
2285; 0.00205091
2286; 0.00204686
2287; 0.00204281
2288; 0.00203878
2289; 0.00203475
2290; 0.00203073
2291; 0.00202672
2292; 0.00202272
2293; 0.00201872
2294; 0.00201474
2295; 0.00201076
2296; 0.00200679
2297; 0.00200283
2298; 0.00199888
2299; 0.00199494
2300; 0.001991
2301; 0.00198708
2302; 0.00198316
2303; 0.00197925
2304; 0.00197535
2305; 0.00197146
2306; 0.00196757
2307; 0.00196369
2308; 0.00195983
2309; 0.00195597
2310; 0.00195211
2311; 0.00194827
2312; 0.00194443
2313; 0.00194061
2314; 0.00193679
2315; 0.00193297
2316; 0.00192917
2317; 0.00192538
2318; 0.00192159
2319; 0.00191781
2320; 0.00191404
2321; 0.00191027
2322; 0.00190652
2323; 0.00190277
2324; 0.00189903
2325; 0.0018953
2326; 0.00189158
2327; 0.00188786
2328; 0.00188415
2329; 0.00188045
2330; 0.00187676
2331; 0.00187308
2332; 0.0018694
2333; 0.00186573
2334; 0.00186207
2335; 0.00185841
2336; 0.00185477
2337; 0.00185113
2338; 0.0018475
2339; 0.00184388
2340; 0.00184027
2341; 0.0018367
2342; 0.00183314
2343; 0.00182958
2344; 0.00182604
2345; 0.0018225
2346; 0.00181896
2347; 0.00181544
2348; 0.00181192
2349; 0.00180841
2350; 0.00180491
2351; 0.00180141
2352; 0.00179792
2353; 0.00179444
2354; 0.00179097
2355; 0.0017875
2356; 0.00178404
2357; 0.00178059
2358; 0.00177714
2359; 0.0017737
2360; 0.00177027
2361; 0.00176685
2362; 0.00176343
2363; 0.00176002
2364; 0.00175662
2365; 0.00175323
2366; 0.00174984
2367; 0.00174646
2368; 0.00174308
2369; 0.00173972
2370; 0.00173636
2371; 0.001733
2372; 0.00172966
2373; 0.00172632
2374; 0.00172299
2375; 0.00171966
2376; 0.00171634
2377; 0.00171303
2378; 0.00170973
2379; 0.00170643
2380; 0.00170314
2381; 0.00169986
2382; 0.00169658
2383; 0.00169331
2384; 0.00169005
2385; 0.00168679
2386; 0.00168354
2387; 0.0016803
2388; 0.00167706
2389; 0.00167383
2390; 0.00167061
2391; 0.0016674
2392; 0.00166419
2393; 0.00166098
2394; 0.00165779
2395; 0.0016546
2396; 0.00165142
2397; 0.00164824
2398; 0.00164507
2399; 0.00164191
2400; 0.00163875
2401; 0.0016356
2402; 0.00163246
2403; 0.00162932
2404; 0.00162619
2405; 0.00162307
2406; 0.00161995
2407; 0.00161684
2408; 0.00161373
2409; 0.00161064
2410; 0.00160754
2411; 0.00160446
2412; 0.00160138
2413; 0.00159831
2414; 0.00159524
2415; 0.00159218
2416; 0.00158913
2417; 0.00158608
2418; 0.00158304
2419; 0.00158001
2420; 0.00157698
2421; 0.00157396
2422; 0.00157094
2423; 0.00156793
2424; 0.00156493
2425; 0.00156193
2426; 0.00155894
2427; 0.00155595
2428; 0.00155298
2429; 0.00155
2430; 0.00154704
2431; 0.00154408
2432; 0.00154112
2433; 0.00153817
2434; 0.00153523
2435; 0.0015323
2436; 0.00152937
2437; 0.00152644
2438; 0.00152352
2439; 0.00152061
2440; 0.00151771
2441; 0.00151481
2442; 0.00151191
2443; 0.00150902
2444; 0.00150614
2445; 0.00150327
2446; 0.0015004
2447; 0.00149753
2448; 0.00149467
2449; 0.00149182
2450; 0.00148897
2451; 0.00148613
2452; 0.0014833
2453; 0.00148047
2454; 0.00147765
2455; 0.00147483
2456; 0.00147202
2457; 0.00146921
2458; 0.00146641
2459; 0.00146363
2460; 0.00146087
2461; 0.00145813
2462; 0.00145538
2463; 0.00145265
2464; 0.00144991
2465; 0.00144719
2466; 0.00144447
2467; 0.00144175
2468; 0.00143904
2469; 0.00143634
2470; 0.00143364
2471; 0.00143094
2472; 0.00142826
2473; 0.00142557
2474; 0.0014229
2475; 0.00142023
2476; 0.00141756
2477; 0.0014149
2478; 0.00141224
2479; 0.00140959
2480; 0.00140695
2481; 0.00140431
2482; 0.00140168
2483; 0.00139905
2484; 0.00139642
2485; 0.00139381
2486; 0.00139119
2487; 0.00138859
2488; 0.00138599
2489; 0.00138339
2490; 0.0013808
2491; 0.00137821
2492; 0.00137563
2493; 0.00137305
2494; 0.00137048
2495; 0.00136792
2496; 0.00136536
2497; 0.0013628
2498; 0.00136025
2499; 0.00135771
2500; 0.00135517
2501; 0.00135264
2502; 0.00135011
2503; 0.00134758
2504; 0.00134506
2505; 0.00134255
2506; 0.00134004
2507; 0.00133754
2508; 0.00133504
2509; 0.00133254
2510; 0.00133006
2511; 0.00132757
2512; 0.00132509
2513; 0.00132262
2514; 0.00132015
2515; 0.00131769
2516; 0.00131523
2517; 0.00131277
2518; 0.00131033
2519; 0.00130788
2520; 0.00130544
2521; 0.00130301
2522; 0.00130058
2523; 0.00129815
2524; 0.00129574
2525; 0.00129332
2526; 0.00129091
2527; 0.00128851
2528; 0.00128611
2529; 0.00128371
2530; 0.00128132
2531; 0.00127893
2532; 0.00127655
2533; 0.00127418
2534; 0.00127181
2535; 0.00126944
2536; 0.00126708
2537; 0.00126472
2538; 0.00126237
2539; 0.00126002
2540; 0.00125768
2541; 0.00125534
2542; 0.00125301
2543; 0.00125068
2544; 0.00124835
2545; 0.00124603
2546; 0.00124372
2547; 0.00124141
2548; 0.0012391
2549; 0.0012368
2550; 0.0012345
2551; 0.00123221
2552; 0.00122992
2553; 0.00122764
2554; 0.00122536
2555; 0.00122309
2556; 0.00122082
2557; 0.00121856
2558; 0.00121632
2559; 0.0012141
2560; 0.00121188
2561; 0.00120967
2562; 0.00120746
2563; 0.00120525
2564; 0.00120305
2565; 0.00120085
2566; 0.00119866
2567; 0.00119647
2568; 0.00119429
2569; 0.00119211
2570; 0.00118993
2571; 0.00118776
2572; 0.00118559
2573; 0.00118343
2574; 0.00118127
2575; 0.00117912
2576; 0.00117697
2577; 0.00117482
2578; 0.00117268
2579; 0.00117054
2580; 0.00116841
2581; 0.00116628
2582; 0.00116416
2583; 0.00116204
2584; 0.00115992
2585; 0.00115781
2586; 0.0011557
2587; 0.00115359
2588; 0.0011515
2589; 0.0011494
2590; 0.00114731
2591; 0.00114522
2592; 0.00114314
2593; 0.00114106
2594; 0.00113898
2595; 0.00113691
2596; 0.00113485
2597; 0.00113278
2598; 0.00113072
2599; 0.00112867
2600; 0.00112662
2601; 0.00112457
2602; 0.00112253
2603; 0.00112049
2604; 0.00111845
2605; 0.00111642
2606; 0.0011144
2607; 0.00111237
2608; 0.00111036
2609; 0.00110834
2610; 0.00110633
2611; 0.00110432
2612; 0.00110232
2613; 0.00110032
2614; 0.00109833
2615; 0.00109633
2616; 0.00109435
2617; 0.00109236
2618; 0.00109038
2619; 0.00108841
2620; 0.00108644
2621; 0.00108447
2622; 0.0010825
2623; 0.00108054
2624; 0.00107859
2625; 0.00107663
2626; 0.00107468
2627; 0.00107274
2628; 0.0010708
2629; 0.00106886
2630; 0.00106693
2631; 0.001065
2632; 0.00106307
2633; 0.00106115
2634; 0.00105923
2635; 0.00105731
2636; 0.0010554
2637; 0.00105349
2638; 0.00105159
2639; 0.00104969
2640; 0.00104779
2641; 0.00104591
2642; 0.00104405
2643; 0.00104219
2644; 0.00104034
2645; 0.00103849
2646; 0.00103665
2647; 0.00103481
2648; 0.00103297
2649; 0.00103114
2650; 0.00102931
2651; 0.00102748
2652; 0.00102566
2653; 0.00102384
2654; 0.00102202
2655; 0.00102021
2656; 0.0010184
2657; 0.00101659
2658; 0.00101479
2659; 0.00101299
2660; 0.00101119
2661; 0.0010094
2662; 0.00100761
2663; 0.00100583
2664; 0.00100405
2665; 0.00100227
2666; 0.00100049
2667; 0.000998721
2668; 0.000996952
2669; 0.000995187
2670; 0.000993426
2671; 0.000991668
2672; 0.000989913
2673; 0.000988161
2674; 0.000986413
2675; 0.000984668
2676; 0.000982927
2677; 0.000981189
2678; 0.000979454
2679; 0.000977722
2680; 0.000975994
2681; 0.000974269
2682; 0.000972548
2683; 0.000970829
2684; 0.000969114
2685; 0.000967402
2686; 0.000965694
2687; 0.000963988
2688; 0.000962286
2689; 0.000960587
2690; 0.000958892
2691; 0.000957199
2692; 0.00095551
2693; 0.000953824
2694; 0.000952142
2695; 0.000950462
2696; 0.000948786
2697; 0.000947112
2698; 0.000945442
2699; 0.000943776
2700; 0.000942112
2701; 0.000940451
2702; 0.000938794
2703; 0.00093714
2704; 0.000935489
2705; 0.000933841
2706; 0.000932196
2707; 0.000930554
2708; 0.000928915
2709; 0.00092728
2710; 0.000925647
2711; 0.000924018
2712; 0.000922392
2713; 0.000920769
2714; 0.000919178
2715; 0.00091759
2716; 0.000916005
2717; 0.000914423
2718; 0.000912844
2719; 0.000911268
2720; 0.000909694
2721; 0.000908124
2722; 0.000906557
2723; 0.000904992
2724; 0.000903431
2725; 0.000901872
2726; 0.000900316
2727; 0.000898764
2728; 0.000897214
2729; 0.000895667
2730; 0.000894122
2731; 0.000892581
2732; 0.000891043
2733; 0.000889507
2734; 0.000887975
2735; 0.000886445
2736; 0.000884918
2737; 0.000883394
2738; 0.000881872
2739; 0.000880354
2740; 0.000878838
2741; 0.000877325
2742; 0.000875815
2743; 0.000874308
2744; 0.000872803
2745; 0.000871302
2746; 0.000869803
2747; 0.000868307
2748; 0.000866813
2749; 0.000865323
2750; 0.000863835
2751; 0.00086235
2752; 0.000860868
2753; 0.000859388
2754; 0.000857911
2755; 0.000856437
2756; 0.000854966
2757; 0.000853497
2758; 0.000852031
2759; 0.000850568
2760; 0.000849108
2761; 0.00084765
2762; 0.000846195
2763; 0.000844742
2764; 0.000843292
2765; 0.000841845
2766; 0.000840401
2767; 0.000838959
2768; 0.00083752
2769; 0.000836084
2770; 0.00083465
2771; 0.000833219
2772; 0.00083179
2773; 0.000830364
2774; 0.000828941
2775; 0.00082752
2776; 0.000826102
2777; 0.000824705
2778; 0.00082332
2779; 0.000821938
2780; 0.000820558
2781; 0.000819181
2782; 0.000817806
2783; 0.000816434
2784; 0.000815064
2785; 0.000813697
2786; 0.000812332
2787; 0.00081097
2788; 0.00080961
2789; 0.000808252
2790; 0.000806897
2791; 0.000805545
2792; 0.000804195
2793; 0.000802847
2794; 0.000801502
2795; 0.000800159
2796; 0.000798819
2797; 0.000797481
2798; 0.000796145
2799; 0.000794812
2800; 0.000793481
2801; 0.000792153
2802; 0.000790827
2803; 0.000789504
2804; 0.000788183
2805; 0.000786864
2806; 0.000785548
2807; 0.000784234
2808; 0.000782922
2809; 0.000781613
2810; 0.000780306
2811; 0.000779001
2812; 0.000777699
2813; 0.000776399
2814; 0.000775102
2815; 0.000773806
2816; 0.000772514
2817; 0.000771223
2818; 0.000769935
2819; 0.000768649
2820; 0.000767365
2821; 0.000766084
2822; 0.000764805
2823; 0.000763528
2824; 0.000762254
2825; 0.000760982
2826; 0.000759712
2827; 0.000758444
2828; 0.000757179
2829; 0.000755916
2830; 0.000754655
2831; 0.000753397
2832; 0.00075214
2833; 0.000750897
2834; 0.000749673
2835; 0.00074845
2836; 0.00074723
2837; 0.000746012
2838; 0.000744796
2839; 0.000743582
2840; 0.00074237
2841; 0.00074116
2842; 0.000739953
2843; 0.000738747
2844; 0.000737544
2845; 0.000736343
2846; 0.000735144
2847; 0.000733947
2848; 0.000732752
2849; 0.000731559
2850; 0.000730369
2851; 0.00072918
2852; 0.000727994
2853; 0.000726809
2854; 0.000725627
2855; 0.000724447
2856; 0.000723269
2857; 0.000722092
2858; 0.000720918
2859; 0.000719746
2860; 0.000718576
2861; 0.000717409
2862; 0.000716243
2863; 0.000715079
2864; 0.000713917
2865; 0.000712757
2866; 0.0007116
2867; 0.000710444
2868; 0.00070929
2869; 0.000708139
2870; 0.000706989
2871; 0.000705841
2872; 0.000704696
2873; 0.000703552
2874; 0.00070241
2875; 0.000701271
2876; 0.000700133
2877; 0.000698997
2878; 0.000697864
2879; 0.000696732
2880; 0.000695602
2881; 0.000694474
2882; 0.000693349
2883; 0.000692225
2884; 0.000691128
2885; 0.000690035
2886; 0.000688943
2887; 0.000687853
2888; 0.000686765
2889; 0.000685678
2890; 0.000684594
2891; 0.000683511
2892; 0.000682431
2893; 0.000681352
2894; 0.000680275
2895; 0.0006792
2896; 0.000678126
2897; 0.000677055
2898; 0.000675985
2899; 0.000674917
2900; 0.000673851
2901; 0.000672787
2902; 0.000671725
2903; 0.000670664
2904; 0.000669605
2905; 0.000668548
2906; 0.000667493
2907; 0.00066644
2908; 0.000665388
2909; 0.000664338
2910; 0.00066329
2911; 0.000662244
2912; 0.000661199
2913; 0.000660157
2914; 0.000659116
2915; 0.000658077
2916; 0.000657039
2917; 0.000656004
2918; 0.00065497
2919; 0.000653937
2920; 0.000652907
2921; 0.000651878
2922; 0.000650851
2923; 0.000649826
2924; 0.000648803
2925; 0.000647781
2926; 0.000646761
2927; 0.000645743
2928; 0.000644726
2929; 0.000643721
2930; 0.000642733
2931; 0.000641747
2932; 0.000640763
2933; 0.00063978
2934; 0.0006388
2935; 0.00063782
2936; 0.000636842
2937; 0.000635866
2938; 0.000634892
2939; 0.000633919
2940; 0.000632948
2941; 0.000631978
2942; 0.00063101
2943; 0.000630044
2944; 0.000629079
2945; 0.000628115
2946; 0.000627154
2947; 0.000626194
2948; 0.000625235
2949; 0.000624278
2950; 0.000623323
2951; 0.000622369
2952; 0.000621417
2953; 0.000620466
2954; 0.000619517
2955; 0.00061857
2956; 0.000617624
2957; 0.000616679
2958; 0.000615736
2959; 0.000614795
2960; 0.000613855
2961; 0.000612917
2962; 0.000611981
2963; 0.000611045
2964; 0.000610112
2965; 0.00060918
2966; 0.000608249
2967; 0.00060732
2968; 0.000606393
2969; 0.000605467
2970; 0.000604542
2971; 0.000603639
2972; 0.000602743
2973; 0.000601848
2974; 0.000600954
2975; 0.000600062
2976; 0.000599172
2977; 0.000598282
2978; 0.000597394
2979; 0.000596508
2980; 0.000595623
2981; 0.000594739
2982; 0.000593857
2983; 0.000592976
2984; 0.000592097
2985; 0.000591219
2986; 0.000590343
2987; 0.000589467
2988; 0.000588594
2989; 0.000587721
2990; 0.00058685
2991; 0.000585981
2992; 0.000585113
2993; 0.000584246
2994; 0.00058338
2995; 0.000582516
2996; 0.000581654
2997; 0.000580792
2998; 0.000579933
2999; 0.000579074
3000; 0.000578217
3001; 0.000577361
3002; 0.000576507
3003; 0.000575653
3004; 0.000574802
3005; 0.000573951
3006; 0.000573102
3007; 0.000572255
3008; 0.000571408
3009; 0.000570579
3010; 0.00056976
3011; 0.000568942
3012; 0.000568125
3013; 0.00056731
3014; 0.000566496
3015; 0.000565683
3016; 0.000564871
3017; 0.000564061
3018; 0.000563252
3019; 0.000562444
3020; 0.000561637
3021; 0.000560832
3022; 0.000560027
3023; 0.000559225
3024; 0.000558423
3025; 0.000557622
3026; 0.000556823
3027; 0.000556025
3028; 0.000555229
3029; 0.000554433
3030; 0.000553639
3031; 0.000552846
3032; 0.000552054
3033; 0.000551263
3034; 0.000550474
3035; 0.000549686
3036; 0.000548899
3037; 0.000548113
3038; 0.000547329
3039; 0.000546545
3040; 0.000545763
3041; 0.000544982
3042; 0.000544202
3043; 0.000543424
3044; 0.000542657
3045; 0.000541905
3046; 0.000541154
3047; 0.000540403
3048; 0.000539655
3049; 0.000538907
3050; 0.00053816
3051; 0.000537415
3052; 0.00053667
3053; 0.000535927
3054; 0.000535185
3055; 0.000534444
3056; 0.000533704
3057; 0.000532965
3058; 0.000532227
3059; 0.00053149
3060; 0.000530755
3061; 0.00053002
3062; 0.000529287
3063; 0.000528555
3064; 0.000527823
3065; 0.000527093
3066; 0.000526364
3067; 0.000525636
3068; 0.000524909
3069; 0.000524184
3070; 0.000523459
3071; 0.000522735
3072; 0.000522013
3073; 0.000521291
3074; 0.000520571
3075; 0.000519851
3076; 0.000519133
3077; 0.000518433
3078; 0.00051774
3079; 0.000517048
3080; 0.000516357
3081; 0.000515667
3082; 0.000514979
3083; 0.000514291
3084; 0.000513604
3085; 0.000512918
3086; 0.000512233
3087; 0.000511549
3088; 0.000510866
3089; 0.000510184
3090; 0.000509503
3091; 0.000508824
3092; 0.000508145
3093; 0.000507466
3094; 0.000506789
3095; 0.000506113
3096; 0.000505438
3097; 0.000504764
3098; 0.000504091
3099; 0.000503419
3100; 0.000502747
3101; 0.000502077
3102; 0.000501408
3103; 0.000500739
3104; 0.000500072
3105; 0.000499406
3106; 0.00049874
3107; 0.000498097
3108; 0.000497456
3109; 0.000496816
3110; 0.000496177
3111; 0.000495539
3112; 0.000494901
3113; 0.000494265
3114; 0.000493629
3115; 0.000492995
3116; 0.000492361
3117; 0.000491728
3118; 0.000491096
3119; 0.000490465
3120; 0.000489835
3121; 0.000489205
3122; 0.000488577
3123; 0.000487949
3124; 0.000487322
3125; 0.000486696
3126; 0.000486071
3127; 0.000485447
3128; 0.000484823
3129; 0.000484201
3130; 0.000483579
3131; 0.000482958
3132; 0.000482339
3133; 0.000481719
3134; 0.000481101
3135; 0.0004805
3136; 0.000479906
3137; 0.000479313
3138; 0.00047872
3139; 0.000478128
3140; 0.000477537
3141; 0.000476947
3142; 0.000476358
3143; 0.000475769
3144; 0.000475181
3145; 0.000474594
3146; 0.000474008
3147; 0.000473422
3148; 0.000472837
3149; 0.000472253
3150; 0.00047167
3151; 0.000471087
3152; 0.000470506
3153; 0.000469925
3154; 0.000469344
3155; 0.000468765
3156; 0.000468186
3157; 0.000467608
3158; 0.000467031
3159; 0.000466455
3160; 0.000465879
3161; 0.000465304
3162; 0.000464746
3163; 0.000464194
3164; 0.000463643
3165; 0.000463093
3166; 0.000462544
3167; 0.000461995
3168; 0.000461447
3169; 0.0004609
3170; 0.000460353
3171; 0.000459807
3172; 0.000459262
3173; 0.000458717
3174; 0.000458174
3175; 0.00045763
3176; 0.000457088
3177; 0.000456546
3178; 0.000456005
3179; 0.000455465
3180; 0.000454925
3181; 0.000454386
3182; 0.000453847
3183; 0.00045331
3184; 0.000452772
3185; 0.000452236
3186; 0.0004517
3187; 0.000451167
3188; 0.000450654
3189; 0.000450141
3190; 0.000449629
3191; 0.000449118
3192; 0.000448608
3193; 0.000448098
3194; 0.000447589
3195; 0.00044708
3196; 0.000446572
3197; 0.000446064
3198; 0.000445558
3199; 0.000445051
3200; 0.000444546
3201; 0.000444041
3202; 0.000443536
3203; 0.000443032
3204; 0.000442529
3205; 0.000442027
3206; 0.000441525
3207; 0.000441023
3208; 0.000440522
3209; 0.000440022
3210; 0.000439523
3211; 0.000439024
3212; 0.000438538
3213; 0.000438061
3214; 0.000437584
3215; 0.000437108
3216; 0.000436633
3217; 0.000436158
3218; 0.000435684
3219; 0.00043521
3220; 0.000434737
3221; 0.000434264
3222; 0.000433792
3223; 0.000433321
3224; 0.00043285
3225; 0.000432379
3226; 0.000431909
3227; 0.00043144
3228; 0.000430971
3229; 0.000430502
3230; 0.000430035
3231; 0.000429567
3232; 0.0004291
3233; 0.000428634
3234; 0.000428168
3235; 0.000427707
3236; 0.000427262
3237; 0.000426818
3238; 0.000426375
3239; 0.000425932
3240; 0.000425489
3241; 0.000425047
3242; 0.000424606
3243; 0.000424165
3244; 0.000423724
3245; 0.000423284
3246; 0.000422844
3247; 0.000422405
3248; 0.000421967
3249; 0.000421528
3250; 0.000421091
3251; 0.000420653
3252; 0.000420217
3253; 0.00041978
3254; 0.000419344
3255; 0.000418909
3256; 0.000418474
3257; 0.000418039
3258; 0.000417617
3259; 0.000417203
3260; 0.000416789
3261; 0.000416376
3262; 0.000415964
3263; 0.000415552
3264; 0.00041514
3265; 0.000414729
3266; 0.000414318
3267; 0.000413907
3268; 0.000413497
3269; 0.000413087
3270; 0.000412678
3271; 0.000412269
3272; 0.000411861
3273; 0.000411453
3274; 0.000411045
3275; 0.000410638
3276; 0.000410231
3277; 0.000409824
3278; 0.000409418
3279; 0.000409013
3280; 0.00040862
3281; 0.000408235
3282; 0.000407849
3283; 0.000407464
3284; 0.00040708
3285; 0.000406696
3286; 0.000406312
3287; 0.000405928
3288; 0.000405545
3289; 0.000405162
3290; 0.00040478
3291; 0.000404398
3292; 0.000404016
3293; 0.000403635
3294; 0.000403254
3295; 0.000402873
3296; 0.000402493
3297; 0.000402113
3298; 0.000401733
3299; 0.000401354
3300; 0.000400975
3301; 0.000400602
3302; 0.000400243
3303; 0.000399883
3304; 0.000399524
3305; 0.000399166
3306; 0.000398807
3307; 0.000398449
3308; 0.000398091
3309; 0.000397734
3310; 0.000397377
3311; 0.00039702
3312; 0.000396663
3313; 0.000396307
3314; 0.000395951
3315; 0.000395596
3316; 0.00039524
3317; 0.000394885
3318; 0.000394531
3319; 0.000394176
3320; 0.000393822
3321; 0.000393468
3322; 0.000393121
3323; 0.000392786
3324; 0.000392451
3325; 0.000392116
3326; 0.000391781
3327; 0.000391447
3328; 0.000391113
3329; 0.00039078
3330; 0.000390446
3331; 0.000390113
3332; 0.00038978
3333; 0.000389448
3334; 0.000389115
3335; 0.000388783
3336; 0.000388451
3337; 0.00038812
3338; 0.000387789
3339; 0.000387458
3340; 0.000387127
3341; 0.000386796
3342; 0.000386466
3343; 0.000386146
3344; 0.000385834
3345; 0.000385521
3346; 0.00038521
3347; 0.000384898
3348; 0.000384586
3349; 0.000384275
3350; 0.000383964
3351; 0.000383653
3352; 0.000383342
3353; 0.000383032
3354; 0.000382722
3355; 0.000382411
3356; 0.000382102
3357; 0.000381792
3358; 0.000381483
3359; 0.000381174
3360; 0.000380865
3361; 0.000380556
3362; 0.000380247
3363; 0.000379939
3364; 0.000379647
3365; 0.000379355
3366; 0.000379064
3367; 0.000378774
3368; 0.000378483
3369; 0.000378193
3370; 0.000377902
3371; 0.000377612
3372; 0.000377322
3373; 0.000377033
3374; 0.000376743
3375; 0.000376454
3376; 0.000376165
3377; 0.000375876
3378; 0.000375587
3379; 0.000375298
3380; 0.00037501
3381; 0.000374721
3382; 0.000374433
3383; 0.000374145
3384; 0.00037386
3385; 0.000373589
3386; 0.000373317
3387; 0.000373046
3388; 0.000372775
3389; 0.000372504
3390; 0.000372233
3391; 0.000371963
3392; 0.000371692
3393; 0.000371422
3394; 0.000371152
3395; 0.000370882
3396; 0.000370612
3397; 0.000370342
3398; 0.000370072
3399; 0.000369803
3400; 0.000369534
3401; 0.000369264
3402; 0.000368995
3403; 0.000368726
3404; 0.000368458
3405; 0.000368191
3406; 0.000367938
3407; 0.000367685
3408; 0.000367432
3409; 0.00036718
3410; 0.000366927
3411; 0.000366674
3412; 0.000366422
3413; 0.00036617
3414; 0.000365918
3415; 0.000365666
3416; 0.000365414
3417; 0.000365162
3418; 0.00036491
3419; 0.000364658
3420; 0.000364407
3421; 0.000364156
3422; 0.000363904
3423; 0.000363653
3424; 0.000363402
3425; 0.000363151
3426; 0.0003629
3427; 0.000362659
3428; 0.000362423
3429; 0.000362187
3430; 0.000361952
3431; 0.000361716
3432; 0.000361481
3433; 0.000361245
3434; 0.00036101
3435; 0.000360774
3436; 0.000360539
3437; 0.000360304
3438; 0.000360069
3439; 0.000359834
3440; 0.000359599
3441; 0.000359364
3442; 0.00035913
3443; 0.000358895
3444; 0.000358661
3445; 0.000358426
3446; 0.000358192
3447; 0.000357958
3448; 0.000357723
3449; 0.000357495
3450; 0.000357275
3451; 0.000357055
3452; 0.000356836
3453; 0.000356616
3454; 0.000356396
3455; 0.000356176
3456; 0.000355956
3457; 0.000355737
3458; 0.000355517
3459; 0.000355298
3460; 0.000355078
3461; 0.000354859
3462; 0.00035464
3463; 0.000354421
3464; 0.000354201
3465; 0.000353982
3466; 0.000353763
3467; 0.000353544
3468; 0.000353325
3469; 0.000353107
3470; 0.000352888
3471; 0.000352669
3472; 0.000352454
3473; 0.000352249
3474; 0.000352043
3475; 0.000351838
3476; 0.000351633
3477; 0.000351428
3478; 0.000351223
3479; 0.000351017
3480; 0.000350812
3481; 0.000350607
3482; 0.000350402
3483; 0.000350197
3484; 0.000349992
3485; 0.000349788
3486; 0.000349583
3487; 0.000349378
3488; 0.000349173
3489; 0.000348969
3490; 0.000348764
3491; 0.000348559
3492; 0.000348355
3493; 0.00034815
3494; 0.000347946
3495; 0.000347741
3496; 0.000347537
3497; 0.000347343
3498; 0.000347151
3499; 0.00034696
3500; 0.000346768
3501; 0.000346576
3502; 0.000346384
3503; 0.000346193
3504; 0.000346001
3505; 0.000345809
3506; 0.000345618
3507; 0.000345426
3508; 0.000345234
3509; 0.000345043
3510; 0.000344851
3511; 0.00034466
3512; 0.000344468
3513; 0.000344277
3514; 0.000344085
3515; 0.000343894
3516; 0.000343703
3517; 0.000343511
3518; 0.00034332
3519; 0.000343129
3520; 0.000342937
3521; 0.000342746
3522; 0.000342555
3523; 0.000342373
3524; 0.000342194
3525; 0.000342014
3526; 0.000341835
3527; 0.000341656
3528; 0.000341476
3529; 0.000341297
3530; 0.000341117
3531; 0.000340938
3532; 0.000340759
3533; 0.000340579
3534; 0.0003404
3535; 0.000340221
3536; 0.000340041
3537; 0.000339862
3538; 0.000339683
3539; 0.000339503
3540; 0.000339324
3541; 0.000339145
3542; 0.000338965
3543; 0.000338786
3544; 0.000338607
3545; 0.000338428
3546; 0.000338249
3547; 0.000338069
3548; 0.00033789
3549; 0.000337711
3550; 0.000337532
3551; 0.000337361
3552; 0.000337192
3553; 0.000337024
3554; 0.000336856
3555; 0.000336688
3556; 0.00033652
3557; 0.000336352
3558; 0.000336183
3559; 0.000336015
3560; 0.000335847
3561; 0.000335679
3562; 0.000335511
3563; 0.000335343
3564; 0.000335174
3565; 0.000335006
3566; 0.000334838
3567; 0.00033467
3568; 0.000334502
3569; 0.000334334
3570; 0.000334165
3571; 0.000333997
3572; 0.000333829
3573; 0.000333661
3574; 0.000333493
3575; 0.000333325
3576; 0.000333156
3577; 0.000332988
3578; 0.00033282
3579; 0.000332652
3580; 0.000332484
3581; 0.000332316
3582; 0.000332158
3583; 0.000332
3584; 0.000331843
3585; 0.000331685
3586; 0.000331527
3587; 0.000331369
3588; 0.000331211
3589; 0.000331053
3590; 0.000330895
3591; 0.000330737
3592; 0.000330579
3593; 0.000330421
3594; 0.000330263
3595; 0.000330105
3596; 0.000329946
3597; 0.000329788
3598; 0.00032963
3599; 0.000329472
3600; 0.000329314
3601; 0.000329156
3602; 0.000328998
3603; 0.00032884
3604; 0.000328682
3605; 0.000328524
3606; 0.000328366
3607; 0.000328208
3608; 0.000328049
3609; 0.000327891
3610; 0.000327733
3611; 0.000327575
3612; 0.000327417
3613; 0.000327259
3614; 0.000327101
3615; 0.000326945
3616; 0.000326796
3617; 0.000326647
3618; 0.000326499
3619; 0.00032635
3620; 0.000326201
3621; 0.000326052
3622; 0.000325903
3623; 0.000325755
3624; 0.000325606
3625; 0.000325457
3626; 0.000325308
3627; 0.000325159
3628; 0.000325011
3629; 0.000324862
3630; 0.000324713
3631; 0.000324564
3632; 0.000324415
3633; 0.000324266
3634; 0.000324117
3635; 0.000323968
3636; 0.000323819
3637; 0.00032367
3638; 0.000323521
3639; 0.000323372
3640; 0.000323223
3641; 0.000323074
3642; 0.000322926
3643; 0.000322777
3644; 0.000322628
3645; 0.000322479
3646; 0.00032233
3647; 0.000322181
3648; 0.000322031
3649; 0.000321882
3650; 0.000321733
3651; 0.000321584
3652; 0.000321435
3653; 0.00032129
3654; 0.000321149
3655; 0.000321009
3656; 0.000320868
3657; 0.000320728
3658; 0.000320588
3659; 0.000320447
3660; 0.000320307
3661; 0.000320166
3662; 0.000320026
3663; 0.000319885
3664; 0.000319744
3665; 0.000319604
3666; 0.000319463
3667; 0.000319323
3668; 0.000319182
3669; 0.000319042
3670; 0.000318901
3671; 0.00031876
3672; 0.00031862
3673; 0.000318479
3674; 0.000318338
3675; 0.000318198
3676; 0.000318057
3677; 0.000317916
3678; 0.000317776
3679; 0.000317635
3680; 0.000317494
3681; 0.000317353
3682; 0.000317213
3683; 0.000317072
3684; 0.000316931
3685; 0.000316791
3686; 0.00031665
3687; 0.000316509
3688; 0.000316368
3689; 0.000316227
3690; 0.000316087
3691; 0.000315946
3692; 0.000315805
3693; 0.000315664
3694; 0.000315524
3695; 0.000315383
3696; 0.000315247
3697; 0.000315114
3698; 0.000314981
3699; 0.000314848
3700; 0.000314715
3701; 0.000314582
3702; 0.000314449
3703; 0.000314316
3704; 0.000314183
3705; 0.00031405
3706; 0.000313917
3707; 0.000313784
3708; 0.000313651
3709; 0.000313518
3710; 0.000313385
3711; 0.000313252
3712; 0.000313119
3713; 0.000312986
3714; 0.000312853
3715; 0.000312719
3716; 0.000312586
3717; 0.000312453
3718; 0.00031232
3719; 0.000312187
3720; 0.000312054
3721; 0.000311921
3722; 0.000311787
3723; 0.000311654
3724; 0.000311521
3725; 0.000311388
3726; 0.000311255
3727; 0.000311121
3728; 0.000310988
3729; 0.000310855
3730; 0.000310722
3731; 0.000310588
3732; 0.000310455
3733; 0.000310322
3734; 0.000310189
3735; 0.000310055
3736; 0.000309922
3737; 0.000309789
3738; 0.000309656
3739; 0.000309522
3740; 0.000309389
3741; 0.000309256
3742; 0.000309123
3743; 0.000308989
3744; 0.000308856
3745; 0.000308729
3746; 0.000308603
3747; 0.000308477
3748; 0.000308351
3749; 0.000308224
3750; 0.000308098
3751; 0.000307972
3752; 0.000307846
3753; 0.00030772
3754; 0.000307594
3755; 0.000307467
3756; 0.000307341
3757; 0.000307215
3758; 0.000307089
3759; 0.000306962
3760; 0.000306836
3761; 0.00030671
3762; 0.000306584
3763; 0.000306457
3764; 0.000306331
3765; 0.000306205
3766; 0.000306079
3767; 0.000305952
3768; 0.000305826
3769; 0.0003057
3770; 0.000305574
3771; 0.000305447
3772; 0.000305321
3773; 0.000305195
3774; 0.000305068
3775; 0.000304942
3776; 0.000304816
3777; 0.00030469
3778; 0.000304563
3779; 0.000304437
3780; 0.000304311
3781; 0.000304184
3782; 0.000304058
3783; 0.000303932
3784; 0.000303806
3785; 0.000303679
3786; 0.000303553
3787; 0.000303427
3788; 0.0003033
3789; 0.000303174
3790; 0.000303048
3791; 0.000302922
3792; 0.000302795
3793; 0.000302669
3794; 0.000302543
3795; 0.000302417
3796; 0.00030229
3797; 0.000302164
3798; 0.000302038
3799; 0.000301912
3800; 0.000301785
3801; 0.000301662
3802; 0.000301543
3803; 0.000301423
3804; 0.000301303
3805; 0.000301183
3806; 0.000301063
3807; 0.000300944
3808; 0.000300824
3809; 0.000300704
3810; 0.000300584
3811; 0.000300464
3812; 0.000300344
3813; 0.000300225
3814; 0.000300105
3815; 0.000299985
3816; 0.000299865
3817; 0.000299745
3818; 0.000299626
3819; 0.000299506
3820; 0.000299386
3821; 0.000299266
3822; 0.000299146
3823; 0.000299026
3824; 0.000298907
3825; 0.000298787
3826; 0.000298667
3827; 0.000298547
3828; 0.000298427
3829; 0.000298308
3830; 0.000298188
3831; 0.000298068
3832; 0.000297948
3833; 0.000297829
3834; 0.000297709
3835; 0.000297589
3836; 0.000297469
3837; 0.000297349
3838; 0.00029723
3839; 0.00029711
3840; 0.00029699
3841; 0.000296871
3842; 0.000296751
3843; 0.000296631
3844; 0.000296511
3845; 0.000296392
3846; 0.000296272
3847; 0.000296152
3848; 0.000296033
3849; 0.000295913
3850; 0.000295793
3851; 0.000295674
3852; 0.000295554
3853; 0.000295434
3854; 0.000295315
3855; 0.000295195
3856; 0.000295076
3857; 0.000294956
3858; 0.000294837
3859; 0.000294717
3860; 0.000294597
3861; 0.000294478
3862; 0.000294358
3863; 0.000294239
3864; 0.000294119
3865; 0.000294
3866; 0.00029388
3867; 0.000293766
3868; 0.000293652
3869; 0.000293539
3870; 0.000293425
3871; 0.000293311
3872; 0.000293198
3873; 0.000293084
3874; 0.00029297
3875; 0.000292857
3876; 0.000292743
3877; 0.000292629
3878; 0.000292516
3879; 0.000292402
3880; 0.000292288
3881; 0.000292175
3882; 0.000292061
3883; 0.000291948
3884; 0.000291834
3885; 0.00029172
3886; 0.000291607
3887; 0.000291493
3888; 0.00029138
3889; 0.000291266
3890; 0.000291153
3891; 0.000291039
3892; 0.000290925
3893; 0.000290812
3894; 0.000290698
3895; 0.000290585
3896; 0.000290472
3897; 0.000290358
3898; 0.000290245
3899; 0.000290131
3900; 0.000290018
3901; 0.000289904
3902; 0.000289791
3903; 0.000289678
3904; 0.000289564
3905; 0.000289451
3906; 0.000289338
3907; 0.000289224
3908; 0.000289111
3909; 0.000288998
3910; 0.000288884
3911; 0.000288771
3912; 0.000288658
3913; 0.000288545
3914; 0.000288431
3915; 0.000288318
3916; 0.000288205
3917; 0.000288092
3918; 0.000287979
3919; 0.000287866
3920; 0.000287752
3921; 0.000287639
3922; 0.000287526
3923; 0.000287413
3924; 0.0002873
3925; 0.000287187
3926; 0.000287074
3927; 0.000286961
3928; 0.000286848
3929; 0.000286735
3930; 0.000286622
3931; 0.000286509
3932; 0.000286396
3933; 0.000286283
3934; 0.000286171
3935; 0.000286058
3936; 0.000285945
3937; 0.000285832
3938; 0.000285719
3939; 0.000285607
3940; 0.000285494
3941; 0.000285381
3942; 0.000285269
3943; 0.000285156
3944; 0.000285048
3945; 0.00028494
3946; 0.000284833
3947; 0.000284725
3948; 0.000284618
3949; 0.00028451
3950; 0.000284403
3951; 0.000284295
3952; 0.000284188
3953; 0.00028408
3954; 0.000283973
3955; 0.000283865
3956; 0.000283758
3957; 0.000283651
3958; 0.000283543
3959; 0.000283436
3960; 0.000283329
3961; 0.000283221
3962; 0.000283114
3963; 0.000283007
3964; 0.0002829
3965; 0.000282792
3966; 0.000282685
3967; 0.000282578
3968; 0.000282471
3969; 0.000282364
3970; 0.000282257
3971; 0.00028215
3972; 0.000282043
3973; 0.000281935
3974; 0.000281828
3975; 0.000281721
3976; 0.000281614
3977; 0.000281507
3978; 0.000281401
3979; 0.000281294
3980; 0.000281187
3981; 0.00028108
3982; 0.000280973
3983; 0.000280866
3984; 0.000280759
3985; 0.000280653
3986; 0.000280546
3987; 0.000280439
3988; 0.000280332
3989; 0.000280226
3990; 0.000280119
3991; 0.000280012
3992; 0.000279906
3993; 0.000279799
3994; 0.000279692
3995; 0.000279586
3996; 0.000279479
3997; 0.000279373
3998; 0.000279266
3999; 0.00027916
4000; 0.000279054
4001; 0.000278947
4002; 0.000278841
4003; 0.000278734
4004; 0.000278628
4005; 0.000278522
4006; 0.000278415
4007; 0.000278309
4008; 0.000278203
4009; 0.000278097
4010; 0.000277991
4011; 0.000277884
4012; 0.000277778
4013; 0.000277672
4014; 0.000277566
4015; 0.00027746
4016; 0.000277354
4017; 0.000277248
4018; 0.000277142
4019; 0.000277036
4020; 0.00027693
4021; 0.000276825
4022; 0.000276719
4023; 0.000276613
4024; 0.000276507
4025; 0.000276401
4026; 0.000276296
4027; 0.00027619
4028; 0.000276084
4029; 0.000275979
4030; 0.000275873
4031; 0.000275768
4032; 0.000275662
4033; 0.000275556
4034; 0.000275451
4035; 0.000275349
4036; 0.000275248
4037; 0.000275147
4038; 0.000275046
4039; 0.000274945
4040; 0.000274844
4041; 0.000274744
4042; 0.000274643
4043; 0.000274542
4044; 0.000274441
4045; 0.000274341
4046; 0.00027424
4047; 0.000274139
4048; 0.000274039
4049; 0.000273938
4050; 0.000273837
4051; 0.000273737
4052; 0.000273636
4053; 0.000273536
4054; 0.000273435
4055; 0.000273335
4056; 0.000273234
4057; 0.000273134
4058; 0.000273034
4059; 0.000272933
4060; 0.000272833
4061; 0.000272733
4062; 0.000272632
4063; 0.000272532
4064; 0.000272432
4065; 0.000272332
4066; 0.000272232
4067; 0.000272131
4068; 0.000272031
4069; 0.000271931
4070; 0.000271831
4071; 0.000271731
4072; 0.000271631
4073; 0.000271531
4074; 0.000271431
4075; 0.000271332
4076; 0.000271232
4077; 0.000271132
4078; 0.000271032
4079; 0.000270932
4080; 0.000270833
4081; 0.000270733
4082; 0.000270633
4083; 0.000270534
4084; 0.000270434
4085; 0.000270335
4086; 0.000270235
4087; 0.000270136
4088; 0.000270036
4089; 0.000269937
4090; 0.000269837
4091; 0.000269738
4092; 0.000269639
4093; 0.000269539
4094; 0.00026944
4095; 0.000269341
4096; 0.000269242
4097; 0.000269142
4098; 0.000269043
4099; 0.000268944
4100; 0.000268845
4101; 0.000268746
4102; 0.000268647
4103; 0.000268548
4104; 0.000268449
4105; 0.00026835
4106; 0.000268251
4107; 0.000268153
4108; 0.000268054
4109; 0.000267955
4110; 0.000267856
4111; 0.000267758
4112; 0.000267659
4113; 0.00026756
4114; 0.000267462
4115; 0.000267363
4116; 0.000267265
4117; 0.000267166
4118; 0.000267068
4119; 0.000266969
4120; 0.000266871
4121; 0.000266773
4122; 0.000266674
4123; 0.000266576
4124; 0.000266478
4125; 0.00026638
4126; 0.000266282
4127; 0.000266183
4128; 0.000266085
4129; 0.000265987
4130; 0.000265889
4131; 0.000265791
4132; 0.000265693
4133; 0.000265596
4134; 0.000265498
4135; 0.0002654
4136; 0.000265302
4137; 0.000265204
4138; 0.000265107
4139; 0.000265009
4140; 0.000264911
4141; 0.000264814
4142; 0.000264716
4143; 0.00026462
4144; 0.000264527
4145; 0.000264433
4146; 0.00026434
4147; 0.000264246
4148; 0.000264153
4149; 0.000264059
4150; 0.000263966
4151; 0.000263873
4152; 0.000263779
4153; 0.000263686
4154; 0.000263593
4155; 0.0002635
4156; 0.000263406
4157; 0.000263313
4158; 0.00026322
4159; 0.000263127
4160; 0.000263034
4161; 0.000262941
4162; 0.000262848
4163; 0.000262755
4164; 0.000262662
4165; 0.000262569
4166; 0.000262477
4167; 0.000262384
4168; 0.000262291
4169; 0.000262198
4170; 0.000262106
4171; 0.000262013
4172; 0.00026192
4173; 0.000261828
4174; 0.000261735
4175; 0.000261643
4176; 0.00026155
4177; 0.000261458
4178; 0.000261366
4179; 0.000261273
4180; 0.000261181
4181; 0.000261089
4182; 0.000260996
4183; 0.000260904
4184; 0.000260812
4185; 0.00026072
4186; 0.000260628
4187; 0.000260536
4188; 0.000260444
4189; 0.000260352
4190; 0.00026026
4191; 0.000260168
4192; 0.000260076
4193; 0.000259984
4194; 0.000259893
4195; 0.000259801
4196; 0.000259709
4197; 0.000259618
4198; 0.000259526
4199; 0.000259434
4200; 0.000259343
4201; 0.000259251
4202; 0.00025916
4203; 0.000259068
4204; 0.000258977
4205; 0.000258886
4206; 0.000258794
4207; 0.000258703
4208; 0.000258612
4209; 0.000258521
4210; 0.00025843
4211; 0.000258338
4212; 0.000258247
4213; 0.000258156
4214; 0.000258065
4215; 0.000257974
4216; 0.000257884
4217; 0.000257793
4218; 0.000257702
4219; 0.000257611
4220; 0.00025752
4221; 0.00025743
4222; 0.000257339
4223; 0.000257248
4224; 0.000257158
4225; 0.000257067
4226; 0.000256977
4227; 0.000256886
4228; 0.000256796
4229; 0.000256705
4230; 0.000256615
4231; 0.000256525
4232; 0.000256435
4233; 0.000256344
4234; 0.000256254
4235; 0.000256164
4236; 0.000256074
4237; 0.000255984
4238; 0.000255894
4239; 0.000255804
4240; 0.000255714
4241; 0.000255624
4242; 0.000255534
4243; 0.000255445
4244; 0.000255355
4245; 0.000255265
4246; 0.000255175
4247; 0.000255086
4248; 0.000254996
4249; 0.000254907
4250; 0.000254817
4251; 0.000254728
4252; 0.000254638
4253; 0.000254549
4254; 0.00025446
4255; 0.00025437
4256; 0.000254281
4257; 0.000254192
4258; 0.000254103
4259; 0.000254014
4260; 0.000253925
4261; 0.000253836
4262; 0.000253747
4263; 0.000253658
4264; 0.000253569
4265; 0.00025348
4266; 0.000253391
4267; 0.000253303
4268; 0.000253214
4269; 0.000253125
4270; 0.000253037
4271; 0.000252948
4272; 0.000252859
4273; 0.000252774
4274; 0.000252689
4275; 0.000252604
4276; 0.000252519
4277; 0.000252434
4278; 0.000252349
4279; 0.000252264
4280; 0.000252179
4281; 0.000252094
4282; 0.000252009
4283; 0.000251925
4284; 0.00025184
4285; 0.000251755
4286; 0.000251671
4287; 0.000251586
4288; 0.000251502
4289; 0.000251417
4290; 0.000251333
4291; 0.000251248
4292; 0.000251164
4293; 0.00025108
4294; 0.000250995
4295; 0.000250911
4296; 0.000250827
4297; 0.000250743
4298; 0.000250659
4299; 0.000250575
4300; 0.000250491
4301; 0.000250407
4302; 0.000250323
4303; 0.000250239
4304; 0.000250155
4305; 0.000250071
4306; 0.000249987
4307; 0.000249904
4308; 0.00024982
4309; 0.000249736
4310; 0.000249653
4311; 0.000249569
4312; 0.000249486
4313; 0.000249402
4314; 0.000249319
4315; 0.000249235
4316; 0.000249152
4317; 0.000249069
4318; 0.000248986
4319; 0.000248902
4320; 0.000248819
4321; 0.000248736
4322; 0.000248653
4323; 0.00024857
4324; 0.000248487
4325; 0.000248404
4326; 0.000248321
4327; 0.000248238
4328; 0.000248155
4329; 0.000248073
4330; 0.00024799
4331; 0.000247907
4332; 0.000247825
4333; 0.000247742
4334; 0.000247659
4335; 0.000247577
4336; 0.000247494
4337; 0.000247412
4338; 0.00024733
4339; 0.000247247
4340; 0.000247165
4341; 0.000247083
4342; 0.000247
4343; 0.000246918
4344; 0.000246836
4345; 0.000246754
4346; 0.000246672
4347; 0.00024659
4348; 0.000246508
4349; 0.000246426
4350; 0.000246344
4351; 0.000246263
4352; 0.000246181
4353; 0.000246099
4354; 0.000246017
4355; 0.000245936
4356; 0.000245854
4357; 0.000245773
4358; 0.000245691
4359; 0.00024561
4360; 0.000245528
4361; 0.000245447
4362; 0.000245366
4363; 0.000245284
4364; 0.000245203
4365; 0.000245122
4366; 0.000245041
4367; 0.00024496
4368; 0.000244879
4369; 0.000244798
4370; 0.000244717
4371; 0.000244636
4372; 0.000244555
4373; 0.000244474
4374; 0.000244393
4375; 0.000244313
4376; 0.000244232
4377; 0.000244151
4378; 0.000244071
4379; 0.00024399
4380; 0.00024391
4381; 0.000243829
4382; 0.000243749
4383; 0.000243668
4384; 0.000243588
4385; 0.000243508
4386; 0.000243428
4387; 0.000243347
4388; 0.000243267
4389; 0.000243187
4390; 0.000243107
4391; 0.000243027
4392; 0.000242947
4393; 0.000242867
4394; 0.000242787
4395; 0.000242708
4396; 0.000242628
4397; 0.000242548
4398; 0.000242468
4399; 0.000242389
4400; 0.000242309
4401; 0.00024223
4402; 0.00024215
4403; 0.000242071
4404; 0.000241991
4405; 0.000241912
4406; 0.000241833
4407; 0.000241753
4408; 0.000241674
4409; 0.000241595
4410; 0.000241516
4411; 0.000241437
4412; 0.000241358
4413; 0.000241279
4414; 0.0002412
4415; 0.000241121
4416; 0.000241042
4417; 0.000240963
4418; 0.000240885
4419; 0.000240806
4420; 0.000240727
4421; 0.000240649
4422; 0.00024057
4423; 0.000240492
4424; 0.000240413
4425; 0.000240335
4426; 0.000240256
4427; 0.000240178
4428; 0.0002401
4429; 0.000240024
4430; 0.000239948
4431; 0.000239873
4432; 0.000239798
4433; 0.000239723
4434; 0.000239647
4435; 0.000239572
4436; 0.000239497
4437; 0.000239422
4438; 0.000239347
4439; 0.000239272
4440; 0.000239197
4441; 0.000239123
4442; 0.000239048
4443; 0.000238973
4444; 0.000238898
4445; 0.000238824
4446; 0.000238749
4447; 0.000238674
4448; 0.0002386
4449; 0.000238525
4450; 0.000238451
4451; 0.000238377
4452; 0.000238302
4453; 0.000238228
4454; 0.000238154
4455; 0.000238079
4456; 0.000238005
4457; 0.000237931
4458; 0.000237857
4459; 0.000237783
4460; 0.000237709
4461; 0.000237635
4462; 0.000237561
4463; 0.000237487
4464; 0.000237413
4465; 0.00023734
4466; 0.000237266
4467; 0.000237192
4468; 0.000237119
4469; 0.000237045
4470; 0.000236971
4471; 0.000236898
4472; 0.000236824
4473; 0.000236751
4474; 0.000236678
4475; 0.000236604
4476; 0.000236531
4477; 0.000236458
4478; 0.000236385
4479; 0.000236311
4480; 0.000236238
4481; 0.000236165
4482; 0.000236092
4483; 0.000236019
4484; 0.000235946
4485; 0.000235873
4486; 0.000235801
4487; 0.000235728
4488; 0.000235655
4489; 0.000235582
4490; 0.00023551
4491; 0.000235437
4492; 0.000235365
4493; 0.000235292
4494; 0.00023522
4495; 0.000235147
4496; 0.000235075
4497; 0.000235003
4498; 0.00023493
4499; 0.000234858
4500; 0.000234786
4501; 0.000234714
4502; 0.000234642
4503; 0.00023457
4504; 0.000234498
4505; 0.000234426
4506; 0.000234354
4507; 0.000234282
4508; 0.00023421
4509; 0.000234138
4510; 0.000234066
4511; 0.000233995
4512; 0.000233923
4513; 0.000233851
4514; 0.00023378
4515; 0.000233708
4516; 0.000233637
4517; 0.000233566
4518; 0.000233494
4519; 0.000233423
4520; 0.000233352
4521; 0.00023328
4522; 0.000233209
4523; 0.000233138
4524; 0.000233067
4525; 0.000232996
4526; 0.000232925
4527; 0.000232854
4528; 0.000232783
4529; 0.000232712
4530; 0.000232641
4531; 0.000232571
4532; 0.0002325
4533; 0.000232429
4534; 0.000232358
4535; 0.000232288
4536; 0.000232217
4537; 0.000232147
4538; 0.000232076
4539; 0.000232006
4540; 0.000231936
4541; 0.000231865
4542; 0.000231795
4543; 0.000231725
4544; 0.000231655
4545; 0.000231584
4546; 0.000231514
4547; 0.000231444
4548; 0.000231374
4549; 0.000231304
4550; 0.000231235
4551; 0.000231165
4552; 0.000231095
4553; 0.000231025
4554; 0.000230955
4555; 0.000230886
4556; 0.000230816
4557; 0.000230747
4558; 0.000230677
4559; 0.000230607
4560; 0.000230538
4561; 0.000230469
4562; 0.000230399
4563; 0.00023033
4564; 0.000230261
4565; 0.000230192
4566; 0.000230122
4567; 0.000230053
4568; 0.000229984
4569; 0.000229915
4570; 0.000229846
4571; 0.000229777
4572; 0.000229708
4573; 0.00022964
4574; 0.000229571
4575; 0.000229502
4576; 0.000229433
4577; 0.000229365
4578; 0.000229296
4579; 0.000229227
4580; 0.000229159
4581; 0.000229091
4582; 0.000229022
4583; 0.000228954
4584; 0.000228885
4585; 0.000228817
4586; 0.000228749
4587; 0.000228681
4588; 0.000228613
4589; 0.000228544
4590; 0.000228476
4591; 0.000228408
4592; 0.00022834
4593; 0.000228272
4594; 0.000228205
4595; 0.000228137
4596; 0.000228069
4597; 0.000228001
4598; 0.000227934
4599; 0.000227866
4600; 0.000227798
4601; 0.000227731
4602; 0.000227663
4603; 0.000227596
4604; 0.000227528
4605; 0.000227461
4606; 0.000227394
4607; 0.000227327
4608; 0.000227259
4609; 0.000227192
4610; 0.000227125
4611; 0.000227058
4612; 0.000226991
4613; 0.000226924
4614; 0.000226857
4615; 0.00022679
4616; 0.000226723
4617; 0.000226656
4618; 0.00022659
4619; 0.000226524
4620; 0.00022646
4621; 0.000226395
4622; 0.000226331
4623; 0.000226267
4624; 0.000226203
4625; 0.000226139
4626; 0.000226075
4627; 0.000226011
4628; 0.000225947
4629; 0.000225883
4630; 0.000225819
4631; 0.000225756
4632; 0.000225692
4633; 0.000225628
4634; 0.000225564
4635; 0.000225501
4636; 0.000225437
4637; 0.000225374
4638; 0.00022531
4639; 0.000225247
4640; 0.000225183
4641; 0.00022512
4642; 0.000225057
4643; 0.000224993
4644; 0.00022493
4645; 0.000224867
4646; 0.000224804
4647; 0.000224741
4648; 0.000224678
4649; 0.000224615
4650; 0.000224552
4651; 0.000224489
4652; 0.000224426
4653; 0.000224363
4654; 0.0002243
4655; 0.000224238
4656; 0.000224175
4657; 0.000224112
4658; 0.00022405
4659; 0.000223987
4660; 0.000223924
4661; 0.000223862
4662; 0.0002238
4663; 0.000223737
4664; 0.000223675
4665; 0.000223612
4666; 0.00022355
4667; 0.000223488
4668; 0.000223426
4669; 0.000223364
4670; 0.000223302
4671; 0.00022324
4672; 0.000223178
4673; 0.000223116
4674; 0.000223054
4675; 0.000222992
4676; 0.00022293
4677; 0.000222868
4678; 0.000222807
4679; 0.000222745
4680; 0.000222683
4681; 0.000222622
4682; 0.00022256
4683; 0.000222498
4684; 0.000222437
4685; 0.000222376
4686; 0.000222314
4687; 0.000222253
4688; 0.000222192
4689; 0.00022213
4690; 0.000222069
4691; 0.000222008
4692; 0.000221947
4693; 0.000221886
4694; 0.000221825
4695; 0.000221764
4696; 0.000221703
4697; 0.000221642
4698; 0.000221581
4699; 0.00022152
4700; 0.000221459
4701; 0.000221399
4702; 0.000221338
4703; 0.000221277
4704; 0.000221217
4705; 0.000221156
4706; 0.000221096
4707; 0.000221035
4708; 0.000220975
4709; 0.000220914
4710; 0.000220854
4711; 0.000220794
4712; 0.000220734
4713; 0.000220673
4714; 0.000220613
4715; 0.000220553
4716; 0.000220493
4717; 0.000220433
4718; 0.000220373
4719; 0.000220313
4720; 0.000220253
4721; 0.000220193
4722; 0.000220134
4723; 0.000220074
4724; 0.000220014
4725; 0.000219954
4726; 0.000219895
4727; 0.000219835
4728; 0.000219776
4729; 0.000219716
4730; 0.000219657
4731; 0.000219597
4732; 0.000219538
4733; 0.000219479
4734; 0.000219419
4735; 0.00021936
4736; 0.000219301
4737; 0.000219242
4738; 0.000219183
4739; 0.000219124
4740; 0.000219064
4741; 0.000219006
4742; 0.000218947
4743; 0.000218888
4744; 0.000218829
4745; 0.00021877
4746; 0.000218711
4747; 0.000218653
4748; 0.000218594
4749; 0.000218535
4750; 0.000218477
4751; 0.000218418
4752; 0.00021836
4753; 0.000218301
4754; 0.000218243
4755; 0.000218184
4756; 0.000218126
4757; 0.000218068
4758; 0.000218009
4759; 0.000217951
4760; 0.000217893
4761; 0.000217835
4762; 0.000217777
4763; 0.000217719
4764; 0.000217661
4765; 0.000217603
4766; 0.000217545
4767; 0.000217487
4768; 0.000217429
4769; 0.000217372
4770; 0.000217314
4771; 0.000217256
4772; 0.000217199
4773; 0.000217141
4774; 0.000217083
4775; 0.000217026
4776; 0.000216969
4777; 0.000216911
4778; 0.000216854
4779; 0.000216796
4780; 0.000216739
4781; 0.000216682
4782; 0.000216625
4783; 0.000216567
4784; 0.00021651
4785; 0.000216453
4786; 0.000216396
4787; 0.000216339
4788; 0.000216282
4789; 0.000216225
4790; 0.000216169
4791; 0.000216112
4792; 0.000216055
4793; 0.000215998
4794; 0.000215941
4795; 0.000215885
4796; 0.000215828
4797; 0.000215772
4798; 0.000215715
4799; 0.000215659
4800; 0.000215602
4801; 0.000215546
4802; 0.00021549
4803; 0.000215433
4804; 0.000215377
4805; 0.000215321
4806; 0.000215265
4807; 0.000215208
4808; 0.000215152
4809; 0.000215096
4810; 0.00021504
4811; 0.000214984
4812; 0.000214928
4813; 0.000214872
4814; 0.000214817
4815; 0.000214761
4816; 0.000214705
4817; 0.000214649
4818; 0.000214594
4819; 0.000214538
4820; 0.000214483
4821; 0.000214427
4822; 0.000214372
4823; 0.000214316
4824; 0.000214261
4825; 0.000214205
4826; 0.00021415
4827; 0.000214095
4828; 0.000214039
4829; 0.000213984
4830; 0.000213929
4831; 0.000213874
4832; 0.000213819
4833; 0.000213764
4834; 0.000213709
4835; 0.000213654
4836; 0.000213599
4837; 0.000213544
4838; 0.000213489
4839; 0.000213435
4840; 0.00021338
4841; 0.000213325
4842; 0.000213271
4843; 0.000213216
4844; 0.000213161
4845; 0.000213107
4846; 0.000213052
4847; 0.000212998
4848; 0.000212944
4849; 0.000212889
4850; 0.000212835
4851; 0.000212781
4852; 0.000212726
4853; 0.000212672
4854; 0.000212618
4855; 0.000212564
4856; 0.00021251
4857; 0.000212458
4858; 0.000212406
4859; 0.000212354
4860; 0.000212302
4861; 0.00021225
4862; 0.000212198
4863; 0.000212146
4864; 0.000212094
4865; 0.000212043
4866; 0.000211991
4867; 0.000211939
4868; 0.000211887
4869; 0.000211836
4870; 0.000211784
4871; 0.000211733
4872; 0.000211681
4873; 0.00021163
4874; 0.000211578
4875; 0.000211527
4876; 0.000211476
4877; 0.000211424
4878; 0.000211373
4879; 0.000211322
4880; 0.000211271
4881; 0.00021122
4882; 0.000211168
4883; 0.000211117
4884; 0.000211066
4885; 0.000211015
4886; 0.000210964
4887; 0.000210914
4888; 0.000210863
4889; 0.000210812
4890; 0.000210761
4891; 0.00021071
4892; 0.00021066
4893; 0.000210609
4894; 0.000210558
4895; 0.000210508
4896; 0.000210457
4897; 0.000210407
4898; 0.000210356
4899; 0.000210306
4900; 0.000210255
4901; 0.000210205
4902; 0.000210155
4903; 0.000210105
4904; 0.000210054
4905; 0.000210004
4906; 0.000209954
4907; 0.000209904
4908; 0.000209854
4909; 0.000209804
4910; 0.000209754
4911; 0.000209704
4912; 0.000209654
4913; 0.000209604
4914; 0.000209554
4915; 0.000209504
4916; 0.000209455
4917; 0.000209405
4918; 0.000209355
4919; 0.000209306
4920; 0.000209256
4921; 0.000209206
4922; 0.000209157
4923; 0.000209107
4924; 0.000209058
4925; 0.000209009
4926; 0.000208959
4927; 0.00020891
4928; 0.000208861
4929; 0.000208811
4930; 0.000208762
4931; 0.000208713
4932; 0.000208664
4933; 0.000208615
4934; 0.000208566
4935; 0.000208517
4936; 0.000208468
4937; 0.000208419
4938; 0.00020837
4939; 0.000208321
4940; 0.000208272
4941; 0.000208224
4942; 0.000208175
4943; 0.000208126
4944; 0.000208077
4945; 0.000208029
4946; 0.00020798
4947; 0.000207932
4948; 0.000207883
4949; 0.000207835
4950; 0.000207786
4951; 0.000207738
4952; 0.00020769
4953; 0.000207641
4954; 0.000207593
4955; 0.000207545
4956; 0.000207496
4957; 0.000207448
4958; 0.0002074
4959; 0.000207352
4960; 0.000207304
4961; 0.000207256
4962; 0.000207208
4963; 0.00020716
4964; 0.000207112
4965; 0.000207064
4966; 0.000207017
4967; 0.000206969
4968; 0.000206921
4969; 0.000206873
4970; 0.000206826
4971; 0.000206778
4972; 0.000206731
4973; 0.000206683
4974; 0.000206635
4975; 0.000206588
4976; 0.000206541
4977; 0.000206493
4978; 0.000206446
4979; 0.000206399
4980; 0.000206351
4981; 0.000206304
4982; 0.000206257
4983; 0.00020621
4984; 0.000206163
4985; 0.000206115
4986; 0.000206068
4987; 0.000206021
4988; 0.000205974
4989; 0.000205927
4990; 0.000205881
4991; 0.000205834
4992; 0.000205787
4993; 0.00020574
4994; 0.000205693
4995; 0.000205647
4996; 0.0002056
4997; 0.000205553
4998; 0.000205507
4999; 0.00020546
5000; 0.000205414
5001; 0.000205367
5002; 0.000205321
5003; 0.000205274
5004; 0.000205228
5005; 0.000205182
5006; 0.000205135
5007; 0.000205089
5008; 0.000205043
5009; 0.000204997
5010; 0.000204951
5011; 0.000204904
5012; 0.000204858
5013; 0.000204812
5014; 0.000204766
5015; 0.00020472
5016; 0.000204675
5017; 0.000204629
5018; 0.000204583
5019; 0.000204537
5020; 0.000204491
5021; 0.000204446
5022; 0.0002044
5023; 0.000204354
5024; 0.000204309
5025; 0.000204263
5026; 0.000204217
5027; 0.000204172
5028; 0.000204126
5029; 0.000204081
5030; 0.000204036
5031; 0.00020399
5032; 0.000203945
5033; 0.0002039
5034; 0.000203854
5035; 0.000203809
5036; 0.000203764
5037; 0.000203719
5038; 0.000203674
5039; 0.000203629
5040; 0.000203584
5041; 0.000203539
5042; 0.000203494
5043; 0.000203449
5044; 0.000203404
5045; 0.000203359
5046; 0.000203314
5047; 0.00020327
5048; 0.000203225
5049; 0.00020318
5050; 0.000203136
5051; 0.000203091
5052; 0.000203046
5053; 0.000203002
5054; 0.000202957
5055; 0.000202913
5056; 0.000202868
5057; 0.000202824
5058; 0.00020278
5059; 0.000202735
5060; 0.000202691
5061; 0.000202647
5062; 0.000202603
5063; 0.000202558
5064; 0.000202514
5065; 0.00020247
5066; 0.000202426
5067; 0.000202382
5068; 0.000202338
5069; 0.000202294
5070; 0.00020225
5071; 0.000202206
5072; 0.000202162
5073; 0.000202119
5074; 0.000202075
5075; 0.000202031
5076; 0.000201987
5077; 0.000201944
5078; 0.0002019
5079; 0.000201856
5080; 0.000201813
5081; 0.000201769
5082; 0.000201726
5083; 0.000201682
5084; 0.000201639
5085; 0.000201596
5086; 0.000201552
5087; 0.000201509
5088; 0.000201466
5089; 0.000201422
5090; 0.000201379
5091; 0.000201336
5092; 0.000201293
5093; 0.00020125
5094; 0.000201207
5095; 0.000201164
5096; 0.000201121
5097; 0.000201078
5098; 0.000201035
5099; 0.000200992
5100; 0.000200949
5101; 0.000200906
5102; 0.000200864
5103; 0.000200821
5104; 0.000200778
5105; 0.000200736
5106; 0.000200693
5107; 0.00020065
5108; 0.000200608
5109; 0.000200565
5110; 0.000200523
5111; 0.00020048
5112; 0.000200438
5113; 0.000200396
5114; 0.000200353
5115; 0.000200311
5116; 0.000200269
5117; 0.000200226
5118; 0.000200184
5119; 0.000200142
5120; 0.0002001
5121; 0.000200058
5122; 0.000200016
5123; 0.000199974
5124; 0.000199932
5125; 0.00019989
5126; 0.000199848
5127; 0.000199806
5128; 0.000199764
5129; 0.000199722
5130; 0.000199681
5131; 0.000199639
5132; 0.000199597
5133; 0.000199555
5134; 0.000199514
5135; 0.000199472
5136; 0.000199431
5137; 0.000199389
5138; 0.000199348
5139; 0.000199306
5140; 0.000199265
5141; 0.000199223
5142; 0.000199182
5143; 0.000199141
5144; 0.000199099
5145; 0.000199058
5146; 0.000199017
5147; 0.000198976
5148; 0.000198935
5149; 0.000198893
5150; 0.000198852
5151; 0.000198811
5152; 0.00019877
5153; 0.000198729
5154; 0.000198688
5155; 0.000198647
5156; 0.000198607
5157; 0.000198566
5158; 0.000198525
5159; 0.000198484
5160; 0.000198443
5161; 0.000198403
5162; 0.000198362
5163; 0.000198321
5164; 0.000198281
5165; 0.000198241
5166; 0.000198201
5167; 0.000198162
5168; 0.000198123
5169; 0.000198084
5170; 0.000198045
5171; 0.000198007
5172; 0.000197968
5173; 0.000197929
5174; 0.00019789
5175; 0.000197851
5176; 0.000197813
5177; 0.000197774
5178; 0.000197735
5179; 0.000197697
5180; 0.000197658
5181; 0.000197619
5182; 0.000197581
5183; 0.000197542
5184; 0.000197504
5185; 0.000197465
5186; 0.000197427
5187; 0.000197389
5188; 0.00019735
5189; 0.000197312
5190; 0.000197274
5191; 0.000197235
5192; 0.000197197
5193; 0.000197159
5194; 0.000197121
5195; 0.000197083
5196; 0.000197045
5197; 0.000197007
5198; 0.000196968
5199; 0.00019693
5200; 0.000196893
5201; 0.000196855
5202; 0.000196817
5203; 0.000196779
5204; 0.000196741
5205; 0.000196703
5206; 0.000196665
5207; 0.000196628
5208; 0.00019659
5209; 0.000196552
5210; 0.000196515
5211; 0.000196477
5212; 0.00019644
5213; 0.000196402
5214; 0.000196364
5215; 0.000196327
5216; 0.00019629
5217; 0.000196252
5218; 0.000196215
5219; 0.000196177
5220; 0.00019614
5221; 0.000196103
5222; 0.000196066
5223; 0.000196028
5224; 0.000195991
5225; 0.000195954
5226; 0.000195917
5227; 0.00019588
5228; 0.000195843
5229; 0.000195806
5230; 0.000195769
5231; 0.000195732
5232; 0.000195695
5233; 0.000195658
5234; 0.000195621
5235; 0.000195584
5236; 0.000195547
5237; 0.000195511
5238; 0.000195474
5239; 0.000195437
5240; 0.0001954
5241; 0.000195364
5242; 0.000195327
5243; 0.00019529
5244; 0.000195254
5245; 0.000195217
5246; 0.000195181
5247; 0.000195144
5248; 0.000195108
5249; 0.000195072
5250; 0.000195035
5251; 0.000194999
5252; 0.000194963
5253; 0.000194926
5254; 0.00019489
5255; 0.000194854
5256; 0.000194818
5257; 0.000194782
5258; 0.000194745
5259; 0.000194709
5260; 0.000194673
5261; 0.000194637
5262; 0.000194601
5263; 0.000194565
5264; 0.000194529
5265; 0.000194493
5266; 0.000194458
5267; 0.000194422
5268; 0.000194386
5269; 0.00019435
5270; 0.000194314
5271; 0.000194279
5272; 0.000194243
5273; 0.000194207
5274; 0.000194172
5275; 0.000194136
5276; 0.0001941
5277; 0.000194065
5278; 0.000194029
5279; 0.000193994
5280; 0.000193959
5281; 0.000193923
5282; 0.000193888
5283; 0.000193852
5284; 0.000193817
5285; 0.000193782
5286; 0.000193746
5287; 0.000193711
5288; 0.000193676
5289; 0.000193641
5290; 0.000193606
5291; 0.000193571
5292; 0.000193536
5293; 0.000193501
5294; 0.000193466
5295; 0.000193431
5296; 0.000193396
5297; 0.000193361
5298; 0.000193326
5299; 0.000193291
5300; 0.000193256
5301; 0.000193221
5302; 0.000193186
5303; 0.000193152
5304; 0.000193117
5305; 0.000193082
5306; 0.000193048
5307; 0.000193013
5308; 0.000192978
5309; 0.000192944
5310; 0.000192909
5311; 0.000192875
5312; 0.00019284
5313; 0.000192806
5314; 0.000192772
5315; 0.000192737
5316; 0.000192703
5317; 0.000192668
5318; 0.000192634
5319; 0.0001926
5320; 0.000192566
5321; 0.000192531
5322; 0.000192497
5323; 0.000192463
5324; 0.000192429
5325; 0.000192395
5326; 0.000192361
5327; 0.000192327
5328; 0.000192293
5329; 0.000192259
5330; 0.000192225
5331; 0.000192191
5332; 0.000192157
5333; 0.000192123
5334; 0.000192089
5335; 0.000192056
5336; 0.000192022
5337; 0.000191988
5338; 0.000191954
5339; 0.000191921
5340; 0.000191887
5341; 0.000191854
5342; 0.00019182
5343; 0.000191786
5344; 0.000191753
5345; 0.000191719
5346; 0.000191686
5347; 0.000191653
5348; 0.000191619
5349; 0.000191586
5350; 0.000191552
5351; 0.000191519
5352; 0.000191486
5353; 0.000191452
5354; 0.000191419
5355; 0.000191386
5356; 0.000191353
5357; 0.00019132
5358; 0.000191287
5359; 0.000191254
5360; 0.00019122
5361; 0.000191187
5362; 0.000191154
5363; 0.000191121
5364; 0.000191089
5365; 0.000191056
5366; 0.000191023
5367; 0.00019099
5368; 0.000190957
5369; 0.000190924
5370; 0.000190891
5371; 0.000190859
5372; 0.000190826
5373; 0.000190793
5374; 0.000190761
5375; 0.000190728
5376; 0.000190695
5377; 0.000190663
5378; 0.00019063
5379; 0.000190598
5380; 0.000190565
5381; 0.000190533
5382; 0.0001905
5383; 0.000190468
5384; 0.000190436
5385; 0.000190403
5386; 0.000190371
5387; 0.000190339
5388; 0.000190306
5389; 0.000190274
5390; 0.000190242
5391; 0.00019021
5392; 0.000190178
5393; 0.000190146
5394; 0.000190114
5395; 0.000190081
5396; 0.000190049
5397; 0.000190017
5398; 0.000189985
5399; 0.000189954
5400; 0.000189922
5401; 0.00018989
5402; 0.000189858
5403; 0.000189826
5404; 0.000189794
5405; 0.000189762
5406; 0.000189731
5407; 0.000189699
5408; 0.000189667
5409; 0.000189636
5410; 0.000189604
5411; 0.000189572
5412; 0.000189541
5413; 0.000189509
5414; 0.000189478
5415; 0.000189446
5416; 0.000189415
5417; 0.000189383
5418; 0.000189352
5419; 0.00018932
5420; 0.000189289
5421; 0.000189258
5422; 0.000189227
5423; 0.000189195
5424; 0.000189164
5425; 0.000189133
5426; 0.000189102
5427; 0.00018907
5428; 0.000189039
5429; 0.000189008
5430; 0.000188977
5431; 0.000188946
5432; 0.000188915
5433; 0.000188884
5434; 0.000188853
5435; 0.000188822
5436; 0.000188791
5437; 0.00018876
5438; 0.000188729
5439; 0.000188699
5440; 0.000188668
5441; 0.000188637
5442; 0.000188606
5443; 0.000188576
5444; 0.000188545
5445; 0.000188514
5446; 0.000188483
5447; 0.000188453
5448; 0.000188422
5449; 0.000188392
5450; 0.000188361
5451; 0.000188331
5452; 0.0001883
5453; 0.00018827
5454; 0.000188239
5455; 0.000188209
5456; 0.000188179
5457; 0.000188148
5458; 0.000188118
5459; 0.000188088
5460; 0.000188057
5461; 0.000188027
5462; 0.000187997
5463; 0.000187967
5464; 0.000187937
5465; 0.000187906
5466; 0.000187876
5467; 0.000187846
5468; 0.000187816
5469; 0.000187786
5470; 0.000187756
5471; 0.000187726
5472; 0.000187696
5473; 0.000187666
5474; 0.000187636
5475; 0.000187607
5476; 0.000187577
5477; 0.000187547
5478; 0.000187517
5479; 0.000187487
5480; 0.000187458
5481; 0.000187428
5482; 0.000187398
5483; 0.000187369
5484; 0.000187339
5485; 0.000187309
5486; 0.00018728
5487; 0.00018725
5488; 0.000187221
5489; 0.000187191
5490; 0.000187162
5491; 0.000187132
5492; 0.000187103
5493; 0.000187074
5494; 0.000187044
5495; 0.000187015
5496; 0.000186986
5497; 0.000186956
5498; 0.000186927
5499; 0.000186898
5500; 0.000186869
5501; 0.000186839
5502; 0.00018681
5503; 0.000186781
5504; 0.000186752
5505; 0.000186723
5506; 0.000186694
5507; 0.000186665
5508; 0.000186636
5509; 0.000186607
5510; 0.000186578
5511; 0.000186549
5512; 0.00018652
5513; 0.000186491
5514; 0.000186462
5515; 0.000186434
5516; 0.000186405
5517; 0.000186376
5518; 0.000186347
5519; 0.000186319
5520; 0.00018629
5521; 0.000186261
5522; 0.000186233
5523; 0.000186204
5524; 0.000186175
5525; 0.000186147
5526; 0.000186118
5527; 0.00018609
5528; 0.000186061
5529; 0.000186033
5530; 0.000186004
5531; 0.000185976
5532; 0.000185948
5533; 0.000185919
5534; 0.000185891
5535; 0.000185863
5536; 0.000185834
5537; 0.000185806
5538; 0.000185778
5539; 0.00018575
5540; 0.000185722
5541; 0.000185693
5542; 0.000185665
5543; 0.000185637
5544; 0.000185609
5545; 0.000185581
5546; 0.000185553
5547; 0.000185525
5548; 0.000185497
5549; 0.000185469
5550; 0.000185441
5551; 0.000185413
5552; 0.000185385
5553; 0.000185358
5554; 0.00018533
5555; 0.000185302
5556; 0.000185274
5557; 0.000185246
5558; 0.000185219
5559; 0.000185191
5560; 0.000185163
5561; 0.000185136
5562; 0.000185108
5563; 0.00018508
5564; 0.000185053
5565; 0.000185025
5566; 0.000184998
5567; 0.00018497
5568; 0.000184943
5569; 0.000184915
5570; 0.000184888
5571; 0.00018486
5572; 0.000184833
5573; 0.000184806
5574; 0.000184778
5575; 0.000184751
5576; 0.000184724
5577; 0.000184697
5578; 0.000184669
5579; 0.000184642
5580; 0.000184615
5581; 0.000184588
5582; 0.000184561
5583; 0.000184534
5584; 0.000184507
5585; 0.000184479
5586; 0.000184452
5587; 0.000184425
5588; 0.000184398
5589; 0.000184371
5590; 0.000184345
5591; 0.000184318
5592; 0.000184291
5593; 0.000184264
5594; 0.000184237
5595; 0.00018421
5596; 0.000184183
5597; 0.000184157
5598; 0.00018413
5599; 0.000184103
5600; 0.000184077
5601; 0.00018405
5602; 0.000184023
5603; 0.000183998
5604; 0.000183972
5605; 0.000183946
5606; 0.000183921
5607; 0.000183895
5608; 0.00018387
5609; 0.000183844
5610; 0.000183819
5611; 0.000183793
5612; 0.000183768
5613; 0.000183742
5614; 0.000183717
5615; 0.000183692
5616; 0.000183666
5617; 0.000183641
5618; 0.000183616
5619; 0.00018359
5620; 0.000183565
5621; 0.00018354
5622; 0.000183515
5623; 0.00018349
5624; 0.000183464
5625; 0.000183439
5626; 0.000183414
5627; 0.000183389
5628; 0.000183364
5629; 0.000183339
5630; 0.000183314
5631; 0.000183289
5632; 0.000183264
5633; 0.000183239
5634; 0.000183214
5635; 0.000183189
5636; 0.000183164
5637; 0.00018314
5638; 0.000183115
5639; 0.00018309
5640; 0.000183065
5641; 0.00018304
5642; 0.000183016
5643; 0.000182991
5644; 0.000182966
5645; 0.000182941
5646; 0.000182917
5647; 0.000182892
5648; 0.000182868
5649; 0.000182843
5650; 0.000182818
5651; 0.000182794
5652; 0.000182769
5653; 0.000182745
5654; 0.00018272
5655; 0.000182696
5656; 0.000182671
5657; 0.000182647
5658; 0.000182623
5659; 0.000182598
5660; 0.000182574
5661; 0.00018255
5662; 0.000182525
5663; 0.000182501
5664; 0.000182477
5665; 0.000182452
5666; 0.000182428
5667; 0.000182404
5668; 0.00018238
5669; 0.000182356
5670; 0.000182332
5671; 0.000182308
5672; 0.000182283
5673; 0.000182259
5674; 0.000182235
5675; 0.000182211
5676; 0.000182187
5677; 0.000182163
5678; 0.000182139
5679; 0.000182115
5680; 0.000182092
5681; 0.000182068
5682; 0.000182044
5683; 0.00018202
5684; 0.000181996
5685; 0.000181972
5686; 0.000181949
5687; 0.000181925
5688; 0.000181901
5689; 0.000181877
5690; 0.000181854
5691; 0.00018183
5692; 0.000181806
5693; 0.000181783
5694; 0.000181759
5695; 0.000181736
5696; 0.000181712
5697; 0.000181688
5698; 0.000181665
5699; 0.000181641
5700; 0.000181618
5701; 0.000181594
5702; 0.000181571
5703; 0.000181548
5704; 0.000181524
5705; 0.000181501
5706; 0.000181478
5707; 0.000181454
5708; 0.000181431
5709; 0.000181408
5710; 0.000181384
5711; 0.000181361
5712; 0.000181338
5713; 0.000181315
5714; 0.000181291
5715; 0.000181268
5716; 0.000181245
5717; 0.000181222
5718; 0.000181199
5719; 0.000181176
5720; 0.000181153
5721; 0.00018113
5722; 0.000181107
5723; 0.000181084
5724; 0.000181061
5725; 0.000181038
5726; 0.000181015
5727; 0.000180992
5728; 0.000180969
5729; 0.000180946
5730; 0.000180923
5731; 0.000180901
5732; 0.000180878
5733; 0.000180855
5734; 0.000180832
5735; 0.00018081
5736; 0.000180787
5737; 0.000180764
5738; 0.000180741
5739; 0.000180719
5740; 0.000180696
5741; 0.000180674
5742; 0.000180651
5743; 0.000180628
5744; 0.000180606
5745; 0.000180583
5746; 0.000180561
5747; 0.000180538
5748; 0.000180516
5749; 0.000180493
5750; 0.000180471
5751; 0.000180449
5752; 0.000180426
5753; 0.000180404
5754; 0.000180381
5755; 0.000180359
5756; 0.000180337
5757; 0.000180315
5758; 0.000180292
5759; 0.00018027
5760; 0.000180248
5761; 0.000180226
5762; 0.000180203
5763; 0.000180181
5764; 0.000180159
5765; 0.000180137
5766; 0.000180115
5767; 0.000180093
5768; 0.000180071
5769; 0.000180049
5770; 0.000180027
5771; 0.000180005
5772; 0.000179983
5773; 0.000179961
5774; 0.000179939
5775; 0.000179917
5776; 0.000179895
5777; 0.000179873
5778; 0.000179851
5779; 0.000179829
5780; 0.000179808
5781; 0.000179786
5782; 0.000179764
5783; 0.000179742
5784; 0.00017972
5785; 0.000179699
5786; 0.000179677
5787; 0.000179655
5788; 0.000179634
5789; 0.000179612
5790; 0.00017959
5791; 0.000179569
5792; 0.000179547
5793; 0.000179526
5794; 0.000179504
5795; 0.000179483
5796; 0.000179461
5797; 0.00017944
5798; 0.000179418
5799; 0.000179397
5800; 0.000179375
5801; 0.000179354
5802; 0.000179333
5803; 0.000179311
5804; 0.00017929
5805; 0.000179269
5806; 0.000179247
5807; 0.000179226
5808; 0.000179205
5809; 0.000179183
5810; 0.000179162
5811; 0.000179141
5812; 0.00017912
5813; 0.000179099
5814; 0.000179077
5815; 0.000179056
5816; 0.000179035
5817; 0.000179014
5818; 0.000178993
5819; 0.000178972
5820; 0.000178951
5821; 0.00017893
5822; 0.000178909
5823; 0.000178888
5824; 0.000178867
5825; 0.000178846
5826; 0.000178825
5827; 0.000178804
5828; 0.000178783
5829; 0.000178763
5830; 0.000178742
5831; 0.000178721
5832; 0.0001787
5833; 0.000178679
5834; 0.000178659
5835; 0.000178638
5836; 0.000178617
5837; 0.000178596
5838; 0.000178576
5839; 0.000178555
5840; 0.000178534
5841; 0.000178514
5842; 0.000178493
5843; 0.000178473
5844; 0.000178452
5845; 0.000178431
5846; 0.000178411
5847; 0.00017839
5848; 0.00017837
5849; 0.000178349
5850; 0.000178329
5851; 0.000178309
5852; 0.000178288
5853; 0.000178268
5854; 0.000178247
5855; 0.000178227
5856; 0.000178207
5857; 0.000178186
5858; 0.000178166
5859; 0.000178146
5860; 0.000178125
5861; 0.000178105
5862; 0.000178085
5863; 0.000178065
5864; 0.000178045
5865; 0.000178024
5866; 0.000178004
5867; 0.000177984
5868; 0.000177964
5869; 0.000177944
5870; 0.000177924
5871; 0.000177904
5872; 0.000177884
5873; 0.000177864
5874; 0.000177844
5875; 0.000177824
5876; 0.000177804
5877; 0.000177784
5878; 0.000177764
5879; 0.000177744
5880; 0.000177724
5881; 0.000177704
5882; 0.000177684
5883; 0.000177664
5884; 0.000177644
5885; 0.000177625
5886; 0.000177605
5887; 0.000177585
5888; 0.000177565
5889; 0.000177546
5890; 0.000177526
5891; 0.000177506
5892; 0.000177487
5893; 0.000177467
5894; 0.000177447
5895; 0.000177428
5896; 0.000177408
5897; 0.000177388
5898; 0.000177369
5899; 0.000177349
5900; 0.00017733
5901; 0.00017731
5902; 0.000177291
5903; 0.000177271
5904; 0.000177252
5905; 0.000177232
5906; 0.000177213
5907; 0.000177194
5908; 0.000177174
5909; 0.000177155
5910; 0.000177135
5911; 0.000177116
5912; 0.000177097
5913; 0.000177077
5914; 0.000177058
5915; 0.000177039
5916; 0.00017702
5917; 0.000177
5918; 0.000176981
5919; 0.000176962
5920; 0.000176943
5921; 0.000176924
5922; 0.000176905
5923; 0.000176885
5924; 0.000176866
5925; 0.000176847
5926; 0.000176828
5927; 0.000176809
5928; 0.00017679
5929; 0.000176771
5930; 0.000176752
5931; 0.000176733
5932; 0.000176714
5933; 0.000176695
5934; 0.000176676
5935; 0.000176657
5936; 0.000176638
5937; 0.00017662
5938; 0.000176601
5939; 0.000176582
5940; 0.000176563
5941; 0.000176544
5942; 0.000176525
5943; 0.000176507
5944; 0.000176488
5945; 0.000176469
5946; 0.00017645
5947; 0.000176432
5948; 0.000176413
5949; 0.000176394
5950; 0.000176376
5951; 0.000176357
5952; 0.000176339
5953; 0.00017632
5954; 0.000176301
5955; 0.000176283
5956; 0.000176264
5957; 0.000176246
5958; 0.000176227
5959; 0.000176209
5960; 0.00017619
5961; 0.000176172
5962; 0.000176153
5963; 0.000176135
5964; 0.000176117
5965; 0.000176098
5966; 0.00017608
5967; 0.000176061
5968; 0.000176043
5969; 0.000176025
5970; 0.000176006
5971; 0.000175988
5972; 0.00017597
5973; 0.000175952
5974; 0.000175933
5975; 0.000175915
5976; 0.000175897
5977; 0.000175879
5978; 0.000175861
5979; 0.000175842
5980; 0.000175824
5981; 0.000175806
5982; 0.000175788
5983; 0.00017577
5984; 0.000175752
5985; 0.000175734
5986; 0.000175716
5987; 0.000175698
5988; 0.00017568
5989; 0.000175662
5990; 0.000175644
5991; 0.000175626
5992; 0.000175608
5993; 0.00017559
5994; 0.000175572
5995; 0.000175554
5996; 0.000175536
5997; 0.000175519
5998; 0.000175501
5999; 0.000175483
