0,0,2
0.00990099,0,2
0.019802,0,2
0.029703,0,2
0.039604,0,2
0.049505,0,2
0.0594059,0,2
0.0693069,0,2
0.0792079,0,2
0.0891089,0,2
0.0990099,0,2
0.108911,0,2
0.118812,0,2
0.128713,0,2
0.138614,0,2
0.148515,0,2
0.158416,0,2
0.168317,0,2
0.178218,0,2
0.188119,0,2
0.19802,0,2
0.207921,0,2
0.217822,0,2
0.227723,0,2
0.237624,0,2
0.247525,0,2
0.257426,0,2
0.267327,0,2
0.277228,0,2
0.287129,0,2
0.29703,0,2
0.306931,0,2
0.316832,0,2
0.326733,0,2
0.336634,0,2
0.346535,0,2
0.356436,0,2
0.366337,0,2
0.376238,0,2
0.386139,0,2
0.39604,0,2
0.405941,0,2
0.415842,0,2
0.425743,0,2
0.435644,0,2
0.445545,0,2
0.455446,0,2
0.465347,0,2
0.475248,0,2
0.485149,0,2
0.49505,0,2
0.50495,0,2
0.514851,0,2
0.524752,0,2
0.534653,0,2
0.544554,0,2
0.554455,0,2
0.564356,0,2
0.574257,0,2
0.584158,0,2
0.594059,0,2
0.60396,0,2
0.613861,0,2
0.623762,0,2
0.633663,0,2
0.643564,0,2
0.653465,0,2
0.663366,0,2
0.673267,0,2
0.683168,0,2
0.693069,0,2
0.70297,0,2
0.712871,0,2
0.722772,0,2
0.732673,0,2
0.742574,0,2
0.752475,0,2
0.762376,0,2
0.772277,0,2
0.782178,0,2
0.792079,0,2
0.80198,0,2
0.811881,0,2
0.821782,0,2
0.831683,0,2
0.841584,0,2
0.851485,0,2
0.861386,0,2
0.871287,0,2
0.881188,0,2
0.891089,0,2
0.90099,0,2
0.910891,0,2
0.920792,0,2
0.930693,0,2
0.940594,0,2
0.950495,0,2
0.960396,0,2
0.970297,0,2
0.980198,0,2
0.990099,0,2
1,0,2
0,0.00990099,2.00193
0.00990099,0.00990099,2.01318
0.019802,0.00990099,2.02014
0.029703,0.00990099,2.02458
0.039604,0.00990099,2.02733
0.049505,0.00990099,2.02887
0.0594059,0.00990099,2.02948
0.0693069,0.00990099,2.02937
0.0792079,0.00990099,2.02869
0.0891089,0.00990099,2.02754
0.0990099,0.00990099,2.02601
0.108911,0.00990099,2.02417
0.118812,0.00990099,2.02209
0.128713,0.00990099,2.0198
0.138614,0.00990099,2.01735
0.148515,0.00990099,2.01477
0.158416,0.00990099,2.01209
0.168317,0.00990099,2.00934
0.178218,0.00990099,2.00653
0.188119,0.00990099,2.00369
0.19802,0.00990099,2.00084
0.207921,0.00990099,1.99797
0.217822,0.00990099,1.99512
0.227723,0.00990099,1.99228
0.237624,0.00990099,1.98946
0.247525,0.00990099,1.98668
0.257426,0.00990099,1.98394
0.267327,0.00990099,1.98123
0.277228,0.00990099,1.97858
0.287129,0.00990099,1.97597
0.29703,0.00990099,1.97342
0.306931,0.00990099,1.97092
0.316832,0.00990099,1.96848
0.326733,0.00990099,1.96609
0.336634,0.00990099,1.96376
0.346535,0.00990099,1.96148
0.356436,0.00990099,1.95926
0.366337,0.00990099,1.9571
0.376238,0.00990099,1.95499
0.386139,0.00990099,1.95293
0.39604,0.00990099,1.95093
0.405941,0.00990099,1.94898
0.415842,0.00990099,1.94709
0.425743,0.00990099,1.94524
0.435644,0.00990099,1.94345
0.445545,0.00990099,1.9417
0.455446,0.00990099,1.94001
0.465347,0.00990099,1.93836
0.475248,0.00990099,1.93677
0.485149,0.00990099,1.93522
0.49505,0.00990099,1.93373
0.50495,0.00990099,1.93228
0.514851,0.00990099,1.93089
0.524752,0.00990099,1.92955
0.534653,0.00990099,1.92826
0.544554,0.00990099,1.92702
0.554455,0.00990099,1.92584
0.564356,0.00990099,1.92472
0.574257,0.00990099,1.92365
0.584158,0.00990099,1.92265
0.594059,0.00990099,1.92171
0.60396,0.00990099,1.92083
0.613861,0.00990099,1.92003
0.623762,0.00990099,1.91929
0.633663,0.00990099,1.91863
0.643564,0.00990099,1.91805
0.653465,0.00990099,1.91754
0.663366,0.00990099,1.91712
0.673267,0.00990099,1.91679
0.683168,0.00990099,1.91654
0.693069,0.00990099,1.91639
0.70297,0.00990099,1.91634
0.712871,0.00990099,1.91638
0.722772,0.00990099,1.91653
0.732673,0.00990099,1.91679
0.742574,0.00990099,1.91716
0.752475,0.00990099,1.91765
0.762376,0.00990099,1.91826
0.772277,0.00990099,1.91899
0.782178,0.00990099,1.91985
0.792079,0.00990099,1.92085
0.80198,0.00990099,1.92198
0.811881,0.00990099,1.92326
0.821782,0.00990099,1.92468
0.831683,0.00990099,1.92627
0.841584,0.00990099,1.92802
0.851485,0.00990099,1.92994
0.861386,0.00990099,1.93205
0.871287,0.00990099,1.93435
0.881188,0.00990099,1.93686
0.891089,0.00990099,1.93959
0.90099,0.00990099,1.94257
0.910891,0.00990099,1.94582
0.920792,0.00990099,1.94937
0.930693,0.00990099,1.95327
0.940594,0.00990099,1.95756
0.950495,0.00990099,1.96231
0.960396,0.00990099,1.96764
0.970297,0.00990099,1.97369
0.980198,0.00990099,1.98071
0.990099,0.00990099,1.98916
1,0.00990099,2
0,0.019802,2.00773
0.00990099,0.019802,2.02583
0.019802,0.019802,2.03801
0.029703,0.019802,2.04607
0.039604,0.019802,2.05114
0.049505,0.019802,2.05395
0.0594059,0.019802,2.05501
0.0693069,0.019802,2.05469
0.0792079,0.019802,2.05326
0.0891089,0.019802,2.05092
0.0990099,0.019802,2.04785
0.108911,0.019802,2.04418
0.118812,0.019802,2.04002
0.128713,0.019802,2.03546
0.138614,0.019802,2.0306
0.148515,0.019802,2.02548
0.158416,0.019802,2.02018
0.168317,0.019802,2.01473
0.178218,0.019802,2.00919
0.188119,0.019802,2.00358
0.19802,0.019802,1.99794
0.207921,0.019802,1.9923
0.217822,0.019802,1.98667
0.227723,0.019802,1.98109
0.237624,0.019802,1.97555
0.247525,0.019802,1.97009
0.257426,0.019802,1.96471
0.267327,0.019802,1.95941
0.277228,0.019802,1.95421
0.287129,0.019802,1.94911
0.29703,0.019802,1.94413
0.306931,0.019802,1.93925
0.316832,0.019802,1.93448
0.326733,0.019802,1.92983
0.336634,0.019802,1.92529
0.346535,0.019802,1.92087
0.356436,0.019802,1.91657
0.366337,0.019802,1.91237
0.376238,0.019802,1.90829
0.386139,0.019802,1.90432
0.39604,0.019802,1.90046
0.405941,0.019802,1.8967
0.415842,0.019802,1.89306
0.425743,0.019802,1.88951
0.435644,0.019802,1.88607
0.445545,0.019802,1.88273
0.455446,0.019802,1.87949
0.465347,0.019802,1.87635
0.475248,0.019802,1.8733
0.485149,0.019802,1.87036
0.49505,0.019802,1.86752
0.50495,0.019802,1.86478
0.514851,0.019802,1.86214
0.524752,0.019802,1.8596
0.534653,0.019802,1.85717
0.544554,0.019802,1.85484
0.554455,0.019802,1.85263
0.564356,0.019802,1.85053
0.574257,0.019802,1.84854
0.584158,0.019802,1.84668
0.594059,0.019802,1.84494
0.60396,0.019802,1.84333
0.613861,0.019802,1.84186
0.623762,0.019802,1.84053
0.633663,0.019802,1.83934
0.643564,0.019802,1.8383
0.653465,0.019802,1.83743
0.663366,0.019802,1.83671
0.673267,0.019802,1.83617
0.683168,0.019802,1.8358
0.693069,0.019802,1.83562
0.70297,0.019802,1.83563
0.712871,0.019802,1.83584
0.722772,0.019802,1.83625
0.732673,0.019802,1.83688
0.742574,0.019802,1.83772
0.752475,0.019802,1.8388
0.762376,0.019802,1.84011
0.772277,0.019802,1.84167
0.782178,0.019802,1.84348
0.792079,0.019802,1.84555
0.80198,0.019802,1.8479
0.811881,0.019802,1.85053
0.821782,0.019802,1.85346
0.831683,0.019802,1.85669
0.841584,0.019802,1.86025
0.851485,0.019802,1.86415
0.861386,0.019802,1.86841
0.871287,0.019802,1.87305
0.881188,0.019802,1.8781
0.891089,0.019802,1.88359
0.90099,0.019802,1.88956
0.910891,0.019802,1.89607
0.920792,0.019802,1.90316
0.930693,0.019802,1.91092
0.940594,0.019802,1.91945
0.950495,0.019802,1.92888
0.960396,0.019802,1.93939
0.970297,0.019802,1.95124
0.980198,0.019802,1.96483
0.990099,0.019802,1.98076
1,0.019802,2
0,0.029703,2.01736
0.00990099,0.029703,2.03962
0.019802,0.029703,2.05526
0.029703,0.029703,2.06585
0.039604,0.029703,2.07253
0.049505,0.029703,2.07616
0.0594059,0.029703,2.07736
0.0693069,0.029703,2.07661
0.0792079,0.029703,2.07427
0.0891089,0.029703,2.07064
0.0990099,0.029703,2.06595
0.108911,0.029703,2.0604
0.118812,0.029703,2.05414
0.128713,0.029703,2.04732
0.138614,0.029703,2.04005
0.148515,0.029703,2.03243
0.158416,0.029703,2.02453
0.168317,0.029703,2.01643
0.178218,0.029703,2.0082
0.188119,0.029703,1.99989
0.19802,0.029703,1.99154
0.207921,0.029703,1.98319
0.217822,0.029703,1.97487
0.227723,0.029703,1.96662
0.237624,0.029703,1.95846
0.247525,0.029703,1.95041
0.257426,0.029703,1.94249
0.267327,0.029703,1.9347
0.277228,0.029703,1.92707
0.287129,0.029703,1.91959
0.29703,0.029703,1.91228
0.306931,0.029703,1.90514
0.316832,0.029703,1.89818
0.326733,0.029703,1.89139
0.336634,0.029703,1.88478
0.346535,0.029703,1.87834
0.356436,0.029703,1.87208
0.366337,0.029703,1.86599
0.376238,0.029703,1.86007
0.386139,0.029703,1.85432
0.39604,0.029703,1.84874
0.405941,0.029703,1.84332
0.415842,0.029703,1.83806
0.425743,0.029703,1.83296
0.435644,0.029703,1.82801
0.445545,0.029703,1.82322
0.455446,0.029703,1.81857
0.465347,0.029703,1.81408
0.475248,0.029703,1.80974
0.485149,0.029703,1.80555
0.49505,0.029703,1.80151
0.50495,0.029703,1.79762
0.514851,0.029703,1.79388
0.524752,0.029703,1.79029
0.534653,0.029703,1.78686
0.544554,0.029703,1.78359
0.554455,0.029703,1.78049
0.564356,0.029703,1.77755
0.574257,0.029703,1.77479
0.584158,0.029703,1.77221
0.594059,0.029703,1.76981
0.60396,0.029703,1.76761
0.613861,0.029703,1.7656
0.623762,0.029703,1.76381
0.633663,0.029703,1.76223
0.643564,0.029703,1.76087
0.653465,0.029703,1.75975
0.663366,0.029703,1.75886
0.673267,0.029703,1.75823
0.683168,0.029703,1.75787
0.693069,0.029703,1.75777
0.70297,0.029703,1.75796
0.712871,0.029703,1.75843
0.722772,0.029703,1.75922
0.732673,0.029703,1.76031
0.742574,0.029703,1.76173
0.752475,0.029703,1.76349
0.762376,0.029703,1.76559
0.772277,0.029703,1.76806
0.782178,0.029703,1.7709
0.792079,0.029703,1.77413
0.80198,0.029703,1.77776
0.811881,0.029703,1.78181
0.821782,0.029703,1.78629
0.831683,0.029703,1.79123
0.841584,0.029703,1.79664
0.851485,0.029703,1.80255
0.861386,0.029703,1.80899
0.871287,0.029703,1.81599
0.881188,0.029703,1.82359
0.891089,0.029703,1.83184
0.90099,0.029703,1.84079
0.910891,0.029703,1.85051
0.920792,0.029703,1.86109
0.930693,0.029703,1.87264
0.940594,0.029703,1.88528
0.950495,0.029703,1.8992
0.960396,0.029703,1.91464
0.970297,0.029703,1.93191
0.980198,0.029703,1.95145
0.990099,0.029703,1.97387
1,0.029703,2
0,0.039604,2.0308
0.00990099,0.039604,2.05531
0.019802,0.039604,2.0729
0.029703,0.039604,2.08491
0.039604,0.039604,2.09242
0.049505,0.039604,2.09629
0.0594059,0.039604,2.09721
0.0693069,0.039604,2.09572
0.0792079,0.039604,2.09226
0.0891089,0.039604,2.08716
0.0990099,0.039604,2.08074
0.108911,0.039604,2.07322
0.118812,0.039604,2.06482
0.128713,0.039604,2.0557
0.138614,0.039604,2.04601
0.148515,0.039604,2.03587
0.158416,0.039604,2.0254
0.168317,0.039604,2.01469
0.178218,0.039604,2.00381
0.188119,0.039604,1.99284
0.19802,0.039604,1.98183
0.207921,0.039604,1.97084
0.217822,0.039604,1.95992
0.227723,0.039604,1.94908
0.237624,0.039604,1.93838
0.247525,0.039604,1.92784
0.257426,0.039604,1.91747
0.267327,0.039604,1.90729
0.277228,0.039604,1.89733
0.287129,0.039604,1.88758
0.29703,0.039604,1.87807
0.306931,0.039604,1.86878
0.316832,0.039604,1.85974
0.326733,0.039604,1.85093
0.336634,0.039604,1.84237
0.346535,0.039604,1.83404
0.356436,0.039604,1.82596
0.366337,0.039604,1.8181
0.376238,0.039604,1.81048
0.386139,0.039604,1.80309
0.39604,0.039604,1.79592
0.405941,0.039604,1.78898
0.415842,0.039604,1.78225
0.425743,0.039604,1.77573
0.435644,0.039604,1.76942
0.445545,0.039604,1.76332
0.455446,0.039604,1.75742
0.465347,0.039604,1.75172
0.475248,0.039604,1.74622
0.485149,0.039604,1.74093
0.49505,0.039604,1.73583
0.50495,0.039604,1.73093
0.514851,0.039604,1.72624
0.524752,0.039604,1.72175
0.534653,0.039604,1.71746
0.544554,0.039604,1.71339
0.554455,0.039604,1.70954
0.564356,0.039604,1.70591
0.574257,0.039604,1.70251
0.584158,0.039604,1.69935
0.594059,0.039604,1.69643
0.60396,0.039604,1.69376
0.613861,0.039604,1.69136
0.623762,0.039604,1.68923
0.633663,0.039604,1.68738
0.643564,0.039604,1.68583
0.653465,0.039604,1.68458
0.663366,0.039604,1.68366
0.673267,0.039604,1.68306
0.683168,0.039604,1.6828
0.693069,0.039604,1.6829
0.70297,0.039604,1.68337
0.712871,0.039604,1.68423
0.722772,0.039604,1.68548
0.732673,0.039604,1.68714
0.742574,0.039604,1.68922
0.752475,0.039604,1.69175
0.762376,0.039604,1.69473
0.772277,0.039604,1.69818
0.782178,0.039604,1.70213
0.792079,0.039604,1.70658
0.80198,0.039604,1.71155
0.811881,0.039604,1.71707
0.821782,0.039604,1.72315
0.831683,0.039604,1.72983
0.841584,0.039604,1.73713
0.851485,0.039604,1.74507
0.861386,0.039604,1.75371
0.871287,0.039604,1.76307
0.881188,0.039604,1.77321
0.891089,0.039604,1.78418
0.90099,0.039604,1.79606
0.910891,0.039604,1.80894
0.920792,0.039604,1.82291
0.930693,0.039604,1.8381
0.940594,0.039604,1.85469
0.950495,0.039604,1.87286
0.960396,0.039604,1.8929
0.970297,0.039604,1.91513
0.980198,0.039604,1.93999
0.990099,0.039604,1.96805
1,0.039604,2
0,0.049505,2.04799
0.00990099,0.049505,2.07328
0.019802,0.049505,2.09154
0.029703,0.049505,2.10395
0.039604,0.049505,2.11148
0.049505,0.049505,2.11499
0.0594059,0.049505,2.11516
0.0693069,0.049505,2.11258
0.0792079,0.049505,2.1077
0.0891089,0.049505,2.10094
0.0990099,0.049505,2.09262
0.108911,0.049505,2.08303
0.118812,0.049505,2.07239
0.128713,0.049505,2.06091
0.138614,0.049505,2.04877
0.148515,0.049505,2.03611
0.158416,0.049505,2.02307
0.168317,0.049505,2.00975
0.178218,0.049505,1.99626
0.188119,0.049505,1.98267
0.19802,0.049505,1.96906
0.207921,0.049505,1.95549
0.217822,0.049505,1.94202
0.227723,0.049505,1.92868
0.237624,0.049505,1.91552
0.247525,0.049505,1.90256
0.257426,0.049505,1.88984
0.267327,0.049505,1.87738
0.277228,0.049505,1.86518
0.287129,0.049505,1.85327
0.29703,0.049505,1.84166
0.306931,0.049505,1.83035
0.316832,0.049505,1.81934
0.326733,0.049505,1.80864
0.336634,0.049505,1.79824
0.346535,0.049505,1.78815
0.356436,0.049505,1.77837
0.366337,0.049505,1.76888
0.376238,0.049505,1.75969
0.386139,0.049505,1.75079
0.39604,0.049505,1.74217
0.405941,0.049505,1.73384
0.415842,0.049505,1.72577
0.425743,0.049505,1.71798
0.435644,0.049505,1.71045
0.445545,0.049505,1.70317
0.455446,0.049505,1.69616
0.465347,0.049505,1.6894
0.475248,0.049505,1.68289
0.485149,0.049505,1.67663
0.49505,0.049505,1.67061
0.50495,0.049505,1.66485
0.514851,0.049505,1.65934
0.524752,0.049505,1.65409
0.534653,0.049505,1.6491
0.544554,0.049505,1.64436
0.554455,0.049505,1.6399
0.564356,0.049505,1.63571
0.574257,0.049505,1.63181
0.584158,0.049505,1.6282
0.594059,0.049505,1.62489
0.60396,0.049505,1.62189
0.613861,0.049505,1.61922
0.623762,0.049505,1.61688
0.633663,0.049505,1.6149
0.643564,0.049505,1.61327
0.653465,0.049505,1.61202
0.663366,0.049505,1.61116
0.673267,0.049505,1.61071
0.683168,0.049505,1.61067
0.693069,0.049505,1.61108
0.70297,0.049505,1.61193
0.712871,0.049505,1.61326
0.722772,0.049505,1.61507
0.732673,0.049505,1.61739
0.742574,0.049505,1.62022
0.752475,0.049505,1.6236
0.762376,0.049505,1.62753
0.772277,0.049505,1.63204
0.782178,0.049505,1.63715
0.792079,0.049505,1.64288
0.80198,0.049505,1.64924
0.811881,0.049505,1.65628
0.821782,0.049505,1.664
0.831683,0.049505,1.67244
0.841584,0.049505,1.68164
0.851485,0.049505,1.69163
0.861386,0.049505,1.70245
0.871287,0.049505,1.71416
0.881188,0.049505,1.7268
0.891089,0.049505,1.74045
0.90099,0.049505,1.75519
0.910891,0.049505,1.77112
0.920792,0.049505,1.78835
0.930693,0.049505,1.80704
0.940594,0.049505,1.82735
0.950495,0.049505,1.8495
0.960396,0.049505,1.87378
0.970297,0.049505,1.9005
0.980198,0.049505,1.9301
0.990099,0.049505,1.96307
1,0.049505,2
0,0.0594059,2.06886
0.00990099,0.0594059,2.09372
0.019802,0.0594059,2.11158
0.029703,0.0594059,2.12345
0.039604,0.0594059,2.13025
0.049505,0.0594059,2.13277
0.0594059,0.0594059,2.13171
0.0693069,0.0594059,2.12764
0.0792079,0.0594059,2.12105
0.0891089,0.0594059,2.11238
0.0990099,0.0594059,2.10198
0.108911,0.0594059,2.09016
0.118812,0.0594059,2.07718
0.128713,0.0594059,2.06327
0.138614,0.0594059,2.04862
0.148515,0.0594059,2.03341
0.158416,0.0594059,2.01779
0.168317,0.0594059,2.00188
0.178218,0.0594059,1.98579
0.188119,0.0594059,1.96962
0.19802,0.0594059,1.95345
0.207921,0.0594059,1.93735
0.217822,0.0594059,1.92139
0.227723,0.0594059,1.90561
0.237624,0.0594059,1.89007
0.247525,0.0594059,1.87479
0.257426,0.0594059,1.8598
0.267327,0.0594059,1.84514
0.277228,0.0594059,1.83082
0.287129,0.0594059,1.81685
0.29703,0.0594059,1.80324
0.306931,0.0594059,1.79001
0.316832,0.0594059,1.77715
0.326733,0.0594059,1.76467
0.336634,0.0594059,1.75257
0.346535,0.0594059,1.74084
0.356436,0.0594059,1.72949
0.366337,0.0594059,1.71849
0.376238,0.0594059,1.70786
0.386139,0.0594059,1.69758
0.39604,0.0594059,1.68765
0.405941,0.0594059,1.67805
0.415842,0.0594059,1.66879
0.425743,0.0594059,1.65985
0.435644,0.0594059,1.65124
0.445545,0.0594059,1.64293
0.455446,0.0594059,1.63494
0.465347,0.0594059,1.62725
0.475248,0.0594059,1.61987
0.485149,0.0594059,1.61278
0.49505,0.0594059,1.60599
0.50495,0.0594059,1.59951
0.514851,0.0594059,1.59332
0.524752,0.0594059,1.58744
0.534653,0.0594059,1.58187
0.544554,0.0594059,1.57661
0.554455,0.0594059,1.57168
0.564356,0.0594059,1.56706
0.574257,0.0594059,1.56279
0.584158,0.0594059,1.55886
0.594059,0.0594059,1.55529
0.60396,0.0594059,1.55209
0.613861,0.0594059,1.54927
0.623762,0.0594059,1.54685
0.633663,0.0594059,1.54484
0.643564,0.0594059,1.54326
0.653465,0.0594059,1.54212
0.663366,0.0594059,1.54144
0.673267,0.0594059,1.54124
0.683168,0.0594059,1.54153
0.693069,0.0594059,1.54234
0.70297,0.0594059,1.54368
0.712871,0.0594059,1.54557
0.722772,0.0594059,1.54803
0.732673,0.0594059,1.55109
0.742574,0.0594059,1.55475
0.752475,0.0594059,1.55905
0.762376,0.0594059,1.564
0.772277,0.0594059,1.56963
0.782178,0.0594059,1.57596
0.792079,0.0594059,1.58301
0.80198,0.0594059,1.59082
0.811881,0.0594059,1.59939
0.821782,0.0594059,1.60878
0.831683,0.0594059,1.61901
0.841584,0.0594059,1.63011
0.851485,0.0594059,1.64214
0.861386,0.0594059,1.65513
0.871287,0.0594059,1.66914
0.881188,0.0594059,1.68424
0.891089,0.0594059,1.70049
0.90099,0.0594059,1.718
0.910891,0.0594059,1.73687
0.920792,0.0594059,1.75721
0.930693,0.0594059,1.77919
0.940594,0.0594059,1.80299
0.950495,0.0594059,1.82882
0.960396,0.0594059,1.85697
0.970297,0.0594059,1.88775
0.980198,0.0594059,1.92154
0.990099,0.0594059,1.95879
1,0.0594059,2
0,0.0693069,2.09333
0.00990099,0.0693069,2.11675
0.019802,0.0693069,2.13326
0.029703,0.0693069,2.14377
0.039604,0.0693069,2.14912
0.049505,0.0693069,2.15006
0.0594059,0.0693069,2.14727
0.0693069,0.0693069,2.14131
0.0792079,0.0693069,2.13269
0.0891089,0.0693069,2.12185
0.0990099,0.0693069,2.10916
0.108911,0.0693069,2.09495
0.118812,0.0693069,2.07951
0.128713,0.0693069,2.06307
0.138614,0.0693069,2.04586
0.148515,0.0693069,2.02806
0.158416,0.0693069,2.00983
0.168317,0.0693069,1.99132
0.178218,0.0693069,1.97264
0.188119,0.0693069,1.95391
0.19802,0.0693069,1.93522
0.207921,0.0693069,1.91664
0.217822,0.0693069,1.89825
0.227723,0.0693069,1.8801
0.237624,0.0693069,1.86224
0.247525,0.0693069,1.84472
0.257426,0.0693069,1.82756
0.267327,0.0693069,1.81079
0.277228,0.0693069,1.79443
0.287129,0.0693069,1.7785
0.29703,0.0693069,1.76301
0.306931,0.0693069,1.74796
0.316832,0.0693069,1.73337
0.326733,0.0693069,1.71923
0.336634,0.0693069,1.70553
0.346535,0.0693069,1.69228
0.356436,0.0693069,1.67948
0.366337,0.0693069,1.6671
0.376238,0.0693069,1.65515
0.386139,0.0693069,1.64362
0.39604,0.0693069,1.6325
0.405941,0.0693069,1.62178
0.415842,0.0693069,1.61145
0.425743,0.0693069,1.60151
0.435644,0.0693069,1.59194
0.445545,0.0693069,1.58274
0.455446,0.0693069,1.5739
0.465347,0.0693069,1.56542
0.475248,0.0693069,1.5573
0.485149,0.0693069,1.54952
0.49505,0.0693069,1.5421
0.50495,0.0693069,1.53502
0.514851,0.0693069,1.52829
0.524752,0.0693069,1.52192
0.534653,0.0693069,1.51591
0.544554,0.0693069,1.51025
0.554455,0.0693069,1.50497
0.564356,0.0693069,1.50006
0.574257,0.0693069,1.49555
0.584158,0.0693069,1.49143
0.594059,0.0693069,1.48772
0.60396,0.0693069,1.48444
0.613861,0.0693069,1.48159
0.623762,0.0693069,1.47921
0.633663,0.0693069,1.47729
0.643564,0.0693069,1.47586
0.653465,0.0693069,1.47494
0.663366,0.0693069,1.47455
0.673267,0.0693069,1.4747
0.683168,0.0693069,1.47542
0.693069,0.0693069,1.47673
0.70297,0.0693069,1.47864
0.712871,0.0693069,1.48118
0.722772,0.0693069,1.48438
0.732673,0.0693069,1.48825
0.742574,0.0693069,1.49282
0.752475,0.0693069,1.49811
0.762376,0.0693069,1.50414
0.772277,0.0693069,1.51094
0.782178,0.0693069,1.51854
0.792079,0.0693069,1.52695
0.80198,0.0693069,1.53622
0.811881,0.0693069,1.54637
0.821782,0.0693069,1.55743
0.831683,0.0693069,1.56945
0.841584,0.0693069,1.58245
0.851485,0.0693069,1.59649
0.861386,0.0693069,1.61162
0.871287,0.0693069,1.62789
0.881188,0.0693069,1.64537
0.891089,0.0693069,1.66415
0.90099,0.0693069,1.68432
0.910891,0.0693069,1.70598
0.920792,0.0693069,1.72927
0.930693,0.0693069,1.75434
0.940594,0.0693069,1.78137
0.950495,0.0693069,1.81059
0.960396,0.0693069,1.84225
0.970297,0.0693069,1.87665
0.980198,0.0693069,1.91413
0.990099,0.0693069,1.95511
1,0.0693069,2
0,0.0792079,2.12131
0.00990099,0.0792079,2.1424
0.019802,0.0792079,2.15673
0.029703,0.0792079,2.16513
0.039604,0.0792079,2.16838
0.049505,0.0792079,2.16718
0.0594059,0.0792079,2.16218
0.0693069,0.0792079,2.15394
0.0792079,0.0792079,2.14296
0.0891089,0.0792079,2.12968
0.0990099,0.0792079,2.11449
0.108911,0.0792079,2.09772
0.118812,0.0792079,2.07967
0.128713,0.0792079,2.06061
0.138614,0.0792079,2.04075
0.148515,0.0792079,2.02031
0.158416,0.0792079,1.99944
0.168317,0.0792079,1.97832
0.178218,0.0792079,1.95706
0.188119,0.0792079,1.93579
0.19802,0.0792079,1.9146
0.207921,0.0792079,1.89359
0.217822,0.0792079,1.87282
0.227723,0.0792079,1.85236
0.237624,0.0792079,1.83226
0.247525,0.0792079,1.81256
0.257426,0.0792079,1.7933
0.267327,0.0792079,1.77451
0.277228,0.0792079,1.75621
0.287129,0.0792079,1.73842
0.29703,0.0792079,1.72114
0.306931,0.0792079,1.70439
0.316832,0.0792079,1.68816
0.326733,0.0792079,1.67247
0.336634,0.0792079,1.6573
0.346535,0.0792079,1.64265
0.356436,0.0792079,1.62851
0.366337,0.0792079,1.61487
0.376238,0.0792079,1.60173
0.386139,0.0792079,1.58908
0.39604,0.0792079,1.57689
0.405941,0.0792079,1.56518
0.415842,0.0792079,1.55391
0.425743,0.0792079,1.54309
0.435644,0.0792079,1.5327
0.445545,0.0792079,1.52273
0.455446,0.0792079,1.51318
0.465347,0.0792079,1.50404
0.475248,0.0792079,1.49531
0.485149,0.0792079,1.48697
0.49505,0.0792079,1.47904
0.50495,0.0792079,1.4715
0.514851,0.0792079,1.46437
0.524752,0.0792079,1.45763
0.534653,0.0792079,1.4513
0.544554,0.0792079,1.44538
0.554455,0.0792079,1.43988
0.564356,0.0792079,1.4348
0.574257,0.0792079,1.43017
0.584158,0.0792079,1.42598
0.594059,0.0792079,1.42226
0.60396,0.0792079,1.41901
0.613861,0.0792079,1.41626
0.623762,0.0792079,1.41401
0.633663,0.0792079,1.4123
0.643564,0.0792079,1.41113
0.653465,0.0792079,1.41054
0.663366,0.0792079,1.41053
0.673267,0.0792079,1.41114
0.683168,0.0792079,1.41237
0.693069,0.0792079,1.41427
0.70297,0.0792079,1.41684
0.712871,0.0792079,1.42012
0.722772,0.0792079,1.42412
0.732673,0.0792079,1.42888
0.742574,0.0792079,1.43441
0.752475,0.0792079,1.44075
0.762376,0.0792079,1.44792
0.772277,0.0792079,1.45594
0.782178,0.0792079,1.46484
0.792079,0.0792079,1.47466
0.80198,0.0792079,1.48541
0.811881,0.0792079,1.49715
0.821782,0.0792079,1.50989
0.831683,0.0792079,1.52369
0.841584,0.0792079,1.53857
0.851485,0.0792079,1.55459
0.861386,0.0792079,1.57181
0.871287,0.0792079,1.59028
0.881188,0.0792079,1.61007
0.891089,0.0792079,1.63127
0.90099,0.0792079,1.65397
0.910891,0.0792079,1.67829
0.920792,0.0792079,1.70434
0.930693,0.0792079,1.73228
0.940594,0.0792079,1.7623
0.950495,0.0792079,1.7946
0.960396,0.0792079,1.82941
0.970297,0.0792079,1.86703
0.980198,0.0792079,1.90776
0.990099,0.0792079,1.95196
1,0.0792079,2
0,0.0891089,2.15269
0.00990099,0.0891089,2.17067
0.019802,0.0891089,2.18208
0.029703,0.0891089,2.1877
0.039604,0.0891089,2.18825
0.049505,0.0891089,2.18439
0.0594059,0.0891089,2.17673
0.0693069,0.0891089,2.16582
0.0792079,0.0891089,2.15215
0.0891089,0.0891089,2.13616
0.0990099,0.0891089,2.11825
0.108911,0.0891089,2.09874
0.118812,0.0891089,2.07795
0.128713,0.0891089,2.05614
0.138614,0.0891089,2.03356
0.148515,0.0891089,2.01041
0.158416,0.0891089,1.98688
0.168317,0.0891089,1.96312
0.178218,0.0891089,1.93928
0.188119,0.0891089,1.91548
0.19802,0.0891089,1.89183
0.207921,0.0891089,1.86841
0.217822,0.0891089,1.84531
0.227723,0.0891089,1.82259
0.237624,0.0891089,1.80031
0.247525,0.0891089,1.77851
0.257426,0.0891089,1.75724
0.267327,0.0891089,1.73651
0.277228,0.0891089,1.71636
0.287129,0.0891089,1.69679
0.29703,0.0891089,1.67783
0.306931,0.0891089,1.65947
0.316832,0.0891089,1.64172
0.326733,0.0891089,1.62458
0.336634,0.0891089,1.60804
0.346535,0.0891089,1.5921
0.356436,0.0891089,1.57675
0.366337,0.0891089,1.56197
0.376238,0.0891089,1.54776
0.386139,0.0891089,1.5341
0.39604,0.0891089,1.52098
0.405941,0.0891089,1.50839
0.415842,0.0891089,1.49631
0.425743,0.0891089,1.48473
0.435644,0.0891089,1.47365
0.445545,0.0891089,1.46304
0.455446,0.0891089,1.45291
0.465347,0.0891089,1.44324
0.475248,0.0891089,1.43402
0.485149,0.0891089,1.42526
0.49505,0.0891089,1.41694
0.50495,0.0891089,1.40907
0.514851,0.0891089,1.40165
0.524752,0.0891089,1.39468
0.534653,0.0891089,1.38816
0.544554,0.0891089,1.38209
0.554455,0.0891089,1.37649
0.564356,0.0891089,1.37137
0.574257,0.0891089,1.36673
0.584158,0.0891089,1.36259
0.594059,0.0891089,1.35897
0.60396,0.0891089,1.35587
0.613861,0.0891089,1.35332
0.623762,0.0891089,1.35133
0.633663,0.0891089,1.34992
0.643564,0.0891089,1.34912
0.653465,0.0891089,1.34895
0.663366,0.0891089,1.34942
0.673267,0.0891089,1.35057
0.683168,0.0891089,1.35242
0.693069,0.0891089,1.35498
0.70297,0.0891089,1.3583
0.712871,0.0891089,1.36238
0.722772,0.0891089,1.36726
0.732673,0.0891089,1.37297
0.742574,0.0891089,1.37953
0.752475,0.0891089,1.38697
0.762376,0.0891089,1.39531
0.772277,0.0891089,1.40459
0.782178,0.0891089,1.41483
0.792079,0.0891089,1.42607
0.80198,0.0891089,1.43833
0.811881,0.0891089,1.45166
0.821782,0.0891089,1.46608
0.831683,0.0891089,1.48164
0.841584,0.0891089,1.49838
0.851485,0.0891089,1.51635
0.861386,0.0891089,1.5356
0.871287,0.0891089,1.55619
0.881188,0.0891089,1.57821
0.891089,0.0891089,1.60172
0.90099,0.0891089,1.62682
0.910891,0.0891089,1.65362
0.920792,0.0891089,1.68225
0.930693,0.0891089,1.71285
0.940594,0.0891089,1.7456
0.950495,0.0891089,1.78068
0.960396,0.0891089,1.81832
0.970297,0.0891089,1.85878
0.980198,0.0891089,1.90233
0.990099,0.0891089,1.94929
1,0.0891089,2
0,0.0990099,2.18734
0.00990099,0.0990099,2.20151
0.019802,0.0990099,2.20936
0.029703,0.0990099,2.21159
0.039604,0.0990099,2.20888
0.049505,0.0990099,2.20187
0.0594059,0.0990099,2.19113
0.0693069,0.0990099,2.17718
0.0792079,0.0990099,2.16052
0.0891089,0.0990099,2.14156
0.0990099,0.0990099,2.12069
0.108911,0.0990099,2.09827
0.118812,0.0990099,2.07459
0.128713,0.0990099,2.04993
0.138614,0.0990099,2.02454
0.148515,0.0990099,1.99863
0.158416,0.0990099,1.97238
0.168317,0.0990099,1.94597
0.178218,0.0990099,1.91954
0.188119,0.0990099,1.89322
0.19802,0.0990099,1.86712
0.207921,0.0990099,1.84133
0.217822,0.0990099,1.81594
0.227723,0.0990099,1.79102
0.237624,0.0990099,1.76662
0.247525,0.0990099,1.74279
0.257426,0.0990099,1.71956
0.267327,0.0990099,1.69698
0.277228,0.0990099,1.67506
0.287129,0.0990099,1.65381
0.29703,0.0990099,1.63326
0.306931,0.0990099,1.61339
0.316832,0.0990099,1.59422
0.326733,0.0990099,1.57574
0.336634,0.0990099,1.55795
0.346535,0.0990099,1.54083
0.356436,0.0990099,1.52437
0.366337,0.0990099,1.50856
0.376238,0.0990099,1.49339
0.386139,0.0990099,1.47885
0.39604,0.0990099,1.46491
0.405941,0.0990099,1.45156
0.415842,0.0990099,1.43879
0.425743,0.0990099,1.42659
0.435644,0.0990099,1.41493
0.445545,0.0990099,1.40381
0.455446,0.0990099,1.39321
0.465347,0.0990099,1.38313
0.475248,0.0990099,1.37356
0.485149,0.0990099,1.36449
0.49505,0.0990099,1.35591
0.50495,0.0990099,1.34783
0.514851,0.0990099,1.34025
0.524752,0.0990099,1.33316
0.534653,0.0990099,1.32656
0.544554,0.0990099,1.32047
0.554455,0.0990099,1.3149
0.564356,0.0990099,1.30984
0.574257,0.0990099,1.30531
0.584158,0.0990099,1.30134
0.594059,0.0990099,1.29792
0.60396,0.0990099,1.29507
0.613861,0.0990099,1.29283
0.623762,0.0990099,1.2912
0.633663,0.0990099,1.2902
0.643564,0.0990099,1.28986
0.653465,0.0990099,1.2902
0.663366,0.0990099,1.29125
0.673267,0.0990099,1.29303
0.683168,0.0990099,1.29556
0.693069,0.0990099,1.29888
0.70297,0.0990099,1.303
0.712871,0.0990099,1.30797
0.722772,0.0990099,1.31379
0.732673,0.0990099,1.32051
0.742574,0.0990099,1.32814
0.752475,0.0990099,1.33673
0.762376,0.0990099,1.34629
0.772277,0.0990099,1.35686
0.782178,0.0990099,1.36846
0.792079,0.0990099,1.38114
0.80198,0.0990099,1.39491
0.811881,0.0990099,1.40983
0.821782,0.0990099,1.42591
0.831683,0.0990099,1.44321
0.841584,0.0990099,1.46177
0.851485,0.0990099,1.48163
0.861386,0.0990099,1.50286
0.871287,0.0990099,1.5255
0.881188,0.0990099,1.54964
0.891089,0.0990099,1.57534
0.90099,0.0990099,1.60271
0.910891,0.0990099,1.63184
0.920792,0.0990099,1.66285
0.930693,0.0990099,1.69589
0.940594,0.0990099,1.73111
0.950495,0.0990099,1.76869
0.960396,0.0990099,1.80883
0.970297,0.0990099,1.85177
0.980198,0.0990099,1.89776
0.990099,0.0990099,1.94707
1,0.0990099,2
0,0.108911,2.22514
0.00990099,0.108911,2.23487
0.019802,0.108911,2.23855
0.029703,0.108911,2.23685
0.039604,0.108911,2.2304
0.049505,0.108911,2.21978
0.0594059,0.108911,2.20556
0.0693069,0.108911,2.18824
0.0792079,0.108911,2.16827
0.0891089,0.108911,2.14609
0.0990099,0.108911,2.12206
0.108911,0.108911,2.09654
0.118812,0.108911,2.06983
0.128713,0.108911,2.04221
0.138614,0.108911,2.01392
0.148515,0.108911,1.98517
0.158416,0.108911,1.95617
0.168317,0.108911,1.92708
0.178218,0.108911,1.89805
0.188119,0.108911,1.86922
0.19802,0.108911,1.84069
0.207921,0.108911,1.81256
0.217822,0.108911,1.78492
0.227723,0.108911,1.75784
0.237624,0.108911,1.73138
0.247525,0.108911,1.70558
0.257426,0.108911,1.68048
0.267327,0.108911,1.65612
0.277228,0.108911,1.63251
0.287129,0.108911,1.60968
0.29703,0.108911,1.58762
0.306931,0.108911,1.56634
0.316832,0.108911,1.54585
0.326733,0.108911,1.52613
0.336634,0.108911,1.50718
0.346535,0.108911,1.48898
0.356436,0.108911,1.47153
0.366337,0.108911,1.45481
0.376238,0.108911,1.4388
0.386139,0.108911,1.42348
0.39604,0.108911,1.40884
0.405941,0.108911,1.39485
0.415842,0.108911,1.38151
0.425743,0.108911,1.36879
0.435644,0.108911,1.35667
0.445545,0.108911,1.34515
0.455446,0.108911,1.33422
0.465347,0.108911,1.32385
0.475248,0.108911,1.31403
0.485149,0.108911,1.30477
0.49505,0.108911,1.29606
0.50495,0.108911,1.28789
0.514851,0.108911,1.28025
0.524752,0.108911,1.27316
0.534653,0.108911,1.26661
0.544554,0.108911,1.26061
0.554455,0.108911,1.25516
0.564356,0.108911,1.25028
0.574257,0.108911,1.24598
0.584158,0.108911,1.24227
0.594059,0.108911,1.23916
0.60396,0.108911,1.23668
0.613861,0.108911,1.23483
0.623762,0.108911,1.23366
0.633663,0.108911,1.23316
0.643564,0.108911,1.23338
0.653465,0.108911,1.23432
0.663366,0.108911,1.23603
0.673267,0.108911,1.23852
0.683168,0.108911,1.24182
0.693069,0.108911,1.24595
0.70297,0.108911,1.25096
0.712871,0.108911,1.25686
0.722772,0.108911,1.26368
0.732673,0.108911,1.27146
0.742574,0.108911,1.28021
0.752475,0.108911,1.28998
0.762376,0.108911,1.3008
0.772277,0.108911,1.31268
0.782178,0.108911,1.32567
0.792079,0.108911,1.33979
0.80198,0.108911,1.35508
0.811881,0.108911,1.37157
0.821782,0.108911,1.3893
0.831683,0.108911,1.40831
0.841584,0.108911,1.42865
0.851485,0.108911,1.45035
0.861386,0.108911,1.47348
0.871287,0.108911,1.49808
0.881188,0.108911,1.52423
0.891089,0.108911,1.55201
0.90099,0.108911,1.58149
0.910891,0.108911,1.61278
0.920792,0.108911,1.64599
0.930693,0.108911,1.68125
0.940594,0.108911,1.71869
0.950495,0.108911,1.7585
0.960396,0.108911,1.80084
0.970297,0.108911,1.84593
0.980198,0.108911,1.89399
0.990099,0.108911,1.94526
1,0.108911,2
0,0.118812,2.26594
0.00990099,0.118812,2.27067
0.019802,0.118812,2.26965
0.029703,0.118812,2.26352
0.039604,0.118812,2.25286
0.049505,0.118812,2.23824
0.0594059,0.118812,2.22017
0.0693069,0.118812,2.19914
0.0792079,0.118812,2.1756
0.0891089,0.118812,2.14995
0.0990099,0.118812,2.12256
0.108911,0.118812,2.09378
0.118812,0.118812,2.0639
0.128713,0.118812,2.03319
0.138614,0.118812,2.00191
0.148515,0.118812,1.97028
0.158416,0.118812,1.93847
0.168317,0.118812,1.90668
0.178218,0.118812,1.87504
0.188119,0.118812,1.84369
0.19802,0.118812,1.81275
0.207921,0.118812,1.78231
0.217822,0.118812,1.75246
0.227723,0.118812,1.72327
0.237624,0.118812,1.6948
0.247525,0.118812,1.66709
0.257426,0.118812,1.64019
0.267327,0.118812,1.61412
0.277228,0.118812,1.58891
0.287129,0.118812,1.56456
0.29703,0.118812,1.54109
0.306931,0.118812,1.51849
0.316832,0.118812,1.49677
0.326733,0.118812,1.47591
0.336634,0.118812,1.45591
0.346535,0.118812,1.43674
0.356436,0.118812,1.4184
0.366337,0.118812,1.40087
0.376238,0.118812,1.38412
0.386139,0.118812,1.36814
0.39604,0.118812,1.3529
0.405941,0.118812,1.33839
0.415842,0.118812,1.32458
0.425743,0.118812,1.31146
0.435644,0.118812,1.29901
0.445545,0.118812,1.28721
0.455446,0.118812,1.27604
0.465347,0.118812,1.26549
0.475248,0.118812,1.25556
0.485149,0.118812,1.24622
0.49505,0.118812,1.23748
0.50495,0.118812,1.22932
0.514851,0.118812,1.22175
0.524752,0.118812,1.21477
0.534653,0.118812,1.20837
0.544554,0.118812,1.20256
0.554455,0.118812,1.19736
0.564356,0.118812,1.19276
0.574257,0.118812,1.18878
0.584158,0.118812,1.18544
0.594059,0.118812,1.18274
0.60396,0.118812,1.18071
0.613861,0.118812,1.17937
0.623762,0.118812,1.17874
0.633663,0.118812,1.17883
0.643564,0.118812,1.17969
0.653465,0.118812,1.18132
0.663366,0.118812,1.18376
0.673267,0.118812,1.18703
0.683168,0.118812,1.19117
0.693069,0.118812,1.19619
0.70297,0.118812,1.20214
0.712871,0.118812,1.20903
0.722772,0.118812,1.2169
0.732673,0.118812,1.22579
0.742574,0.118812,1.23571
0.752475,0.118812,1.24669
0.762376,0.118812,1.25878
0.772277,0.118812,1.272
0.782178,0.118812,1.28638
0.792079,0.118812,1.30195
0.80198,0.118812,1.31875
0.811881,0.118812,1.3368
0.821782,0.118812,1.35616
0.831683,0.118812,1.37684
0.841584,0.118812,1.3989
0.851485,0.118812,1.42238
0.861386,0.118812,1.44733
0.871287,0.118812,1.47381
0.881188,0.118812,1.50187
0.891089,0.118812,1.53159
0.90099,0.118812,1.56305
0.910891,0.118812,1.59633
0.920792,0.118812,1.63154
0.930693,0.118812,1.6688
0.940594,0.118812,1.70824
0.950495,0.118812,1.75
0.960396,0.118812,1.79425
0.970297,0.118812,1.84117
0.980198,0.118812,1.89095
0.990099,0.118812,1.94382
1,0.118812,2
0,0.128713,2.30958
0.00990099,0.128713,2.30879
0.019802,0.128713,2.3026
0.029703,0.128713,2.29159
0.039604,0.128713,2.27632
0.049505,0.128713,2.25731
0.0594059,0.128713,2.23506
0.0693069,0.128713,2.21003
0.0792079,0.128713,2.18265
0.0891089,0.128713,2.15331
0.0990099,0.128713,2.12237
0.108911,0.128713,2.09016
0.118812,0.128713,2.05697
0.128713,0.128713,2.02308
0.138614,0.128713,1.98873
0.148515,0.128713,1.95414
0.158416,0.128713,1.91949
0.168317,0.128713,1.88496
0.178218,0.128713,1.8507
0.188119,0.128713,1.81685
0.19802,0.128713,1.78351
0.207921,0.128713,1.75078
0.217822,0.128713,1.71875
0.227723,0.128713,1.6875
0.237624,0.128713,1.65707
0.247525,0.128713,1.62752
0.257426,0.128713,1.59888
0.267327,0.128713,1.57117
0.277228,0.128713,1.54443
0.287129,0.128713,1.51865
0.29703,0.128713,1.49385
0.306931,0.128713,1.47002
0.316832,0.128713,1.44716
0.326733,0.128713,1.42526
0.336634,0.128713,1.4043
0.346535,0.128713,1.38426
0.356436,0.128713,1.36513
0.366337,0.128713,1.34689
0.376238,0.128713,1.32951
0.386139,0.128713,1.31297
0.39604,0.128713,1.29725
0.405941,0.128713,1.28231
0.415842,0.128713,1.26815
0.425743,0.128713,1.25474
0.435644,0.128713,1.24206
0.445545,0.128713,1.23008
0.455446,0.128713,1.21879
0.465347,0.128713,1.20817
0.475248,0.128713,1.19822
0.485149,0.128713,1.18892
0.49505,0.128713,1.18025
0.50495,0.128713,1.17222
0.514851,0.128713,1.16482
0.524752,0.128713,1.15805
0.534653,0.128713,1.15191
0.544554,0.128713,1.1464
0.554455,0.128713,1.14154
0.564356,0.128713,1.13732
0.574257,0.128713,1.13376
0.584158,0.128713,1.13088
0.594059,0.128713,1.12869
0.60396,0.128713,1.12721
0.613861,0.128713,1.12646
0.623762,0.128713,1.12645
0.633663,0.128713,1.12722
0.643564,0.128713,1.12879
0.653465,0.128713,1.13119
0.663366,0.128713,1.13443
0.673267,0.128713,1.13856
0.683168,0.128713,1.1436
0.693069,0.128713,1.14957
0.70297,0.128713,1.15651
0.712871,0.128713,1.16445
0.722772,0.128713,1.17342
0.732673,0.128713,1.18345
0.742574,0.128713,1.19456
0.752475,0.128713,1.2068
0.762376,0.128713,1.22018
0.772277,0.128713,1.23475
0.782178,0.128713,1.25052
0.792079,0.128713,1.26754
0.80198,0.128713,1.28583
0.811881,0.128713,1.30543
0.821782,0.128713,1.32637
0.831683,0.128713,1.34869
0.841584,0.128713,1.37242
0.851485,0.128713,1.39761
0.861386,0.128713,1.4243
0.871287,0.128713,1.45255
0.881188,0.128713,1.48241
0.891089,0.128713,1.51395
0.90099,0.128713,1.54723
0.910891,0.128713,1.58234
0.920792,0.128713,1.61938
0.930693,0.128713,1.65843
0.940594,0.128713,1.69963
0.950495,0.128713,1.74309
0.960396,0.128713,1.78897
0.970297,0.128713,1.83742
0.980198,0.128713,1.88862
0.990099,0.128713,1.94274
1,0.128713,2
0,0.138614,2.35589
0.00990099,0.138614,2.34913
0.019802,0.138614,2.33733
0.029703,0.138614,2.32104
0.039604,0.138614,2.30078
0.049505,0.138614,2.27705
0.0594059,0.138614,2.25031
0.0693069,0.138614,2.22101
0.0792079,0.138614,2.18955
0.0891089,0.138614,2.15632
0.0990099,0.138614,2.12164
0.108911,0.138614,2.08586
0.118812,0.138614,2.04924
0.128713,0.138614,2.01207
0.138614,0.138614,1.97457
0.148515,0.138614,1.93696
0.158416,0.138614,1.89942
0.168317,0.138614,1.86214
0.178218,0.138614,1.82524
0.188119,0.138614,1.78888
0.19802,0.138614,1.75316
0.207921,0.138614,1.71817
0.217822,0.138614,1.684
0.227723,0.138614,1.65072
0.237624,0.138614,1.61839
0.247525,0.138614,1.58705
0.257426,0.138614,1.55673
0.267327,0.138614,1.52746
0.277228,0.138614,1.49926
0.287129,0.138614,1.47213
0.29703,0.138614,1.44608
0.306931,0.138614,1.42111
0.316832,0.138614,1.3972
0.326733,0.138614,1.37434
0.336634,0.138614,1.35251
0.346535,0.138614,1.3317
0.356436,0.138614,1.31188
0.366337,0.138614,1.29303
0.376238,0.138614,1.27511
0.386139,0.138614,1.25812
0.39604,0.138614,1.24201
0.405941,0.138614,1.22676
0.415842,0.138614,1.21234
0.425743,0.138614,1.19874
0.435644,0.138614,1.18593
0.445545,0.138614,1.17388
0.455446,0.138614,1.16257
0.465347,0.138614,1.152
0.475248,0.138614,1.14213
0.485149,0.138614,1.13296
0.49505,0.138614,1.12448
0.50495,0.138614,1.11667
0.514851,0.138614,1.10954
0.524752,0.138614,1.10308
0.534653,0.138614,1.0973
0.544554,0.138614,1.09219
0.554455,0.138614,1.08775
0.564356,0.138614,1.08401
0.574257,0.138614,1.08097
0.584158,0.138614,1.07864
0.594059,0.138614,1.07704
0.60396,0.138614,1.07619
0.613861,0.138614,1.07611
0.623762,0.138614,1.07682
0.633663,0.138614,1.07834
0.643564,0.138614,1.0807
0.653465,0.138614,1.08392
0.663366,0.138614,1.08804
0.673267,0.138614,1.09309
0.683168,0.138614,1.09908
0.693069,0.138614,1.10606
0.70297,0.138614,1.11404
0.712871,0.138614,1.12307
0.722772,0.138614,1.13317
0.732673,0.138614,1.14438
0.742574,0.138614,1.15672
0.752475,0.138614,1.17022
0.762376,0.138614,1.18491
0.772277,0.138614,1.20083
0.782178,0.138614,1.21801
0.792079,0.138614,1.23646
0.80198,0.138614,1.25623
0.811881,0.138614,1.27735
0.821782,0.138614,1.29984
0.831683,0.138614,1.32374
0.841584,0.138614,1.34909
0.851485,0.138614,1.37592
0.861386,0.138614,1.40427
0.871287,0.138614,1.4342
0.881188,0.138614,1.46574
0.891089,0.138614,1.49896
0.90099,0.138614,1.53393
0.910891,0.138614,1.5707
0.920792,0.138614,1.60937
0.930693,0.138614,1.65002
0.940594,0.138614,1.69275
0.950495,0.138614,1.73767
0.960396,0.138614,1.78492
0.970297,0.138614,1.83462
0.980198,0.138614,1.88693
0.990099,0.138614,1.942
1,0.138614,2
0,0.148515,2.40469
0.00990099,0.148515,2.39155
0.019802,0.148515,2.37375
0.029703,0.148515,2.35182
0.039604,0.148515,2.32624
0.049505,0.148515,2.29748
0.0594059,0.148515,2.26599
0.0693069,0.148515,2.23217
0.0792079,0.148515,2.19642
0.0891089,0.148515,2.15909
0.0990099,0.148515,2.12053
0.108911,0.148515,2.08103
0.118812,0.148515,2.04087
0.128713,0.148515,2.00032
0.138614,0.148515,1.95959
0.148515,0.148515,1.91891
0.158416,0.148515,1.87845
0.168317,0.148515,1.83839
0.178218,0.148515,1.79885
0.188119,0.148515,1.75999
0.19802,0.148515,1.72189
0.207921,0.148515,1.68467
0.217822,0.148515,1.64839
0.227723,0.148515,1.61313
0.237624,0.148515,1.57894
0.247525,0.148515,1.54587
0.257426,0.148515,1.51393
0.267327,0.148515,1.48316
0.277228,0.148515,1.45358
0.287129,0.148515,1.42517
0.29703,0.148515,1.39795
0.306931,0.148515,1.37191
0.316832,0.148515,1.34703
0.326733,0.148515,1.32331
0.336634,0.148515,1.3007
0.346535,0.148515,1.27921
0.356436,0.148515,1.25879
0.366337,0.148515,1.23942
0.376238,0.148515,1.22107
0.386139,0.148515,1.20371
0.39604,0.148515,1.18731
0.405941,0.148515,1.17184
0.415842,0.148515,1.15727
0.425743,0.148515,1.14358
0.435644,0.148515,1.13074
0.445545,0.148515,1.11871
0.455446,0.148515,1.10749
0.465347,0.148515,1.09704
0.475248,0.148515,1.08736
0.485149,0.148515,1.07842
0.49505,0.148515,1.07022
0.50495,0.148515,1.06274
0.514851,0.148515,1.05597
0.524752,0.148515,1.04992
0.534653,0.148515,1.04458
0.544554,0.148515,1.03995
0.554455,0.148515,1.03605
0.564356,0.148515,1.03287
0.574257,0.148515,1.03042
0.584158,0.148515,1.02873
0.594059,0.148515,1.02781
0.60396,0.148515,1.02766
0.613861,0.148515,1.02833
0.623762,0.148515,1.02982
0.633663,0.148515,1.03216
0.643564,0.148515,1.03538
0.653465,0.148515,1.03951
0.663366,0.148515,1.04456
0.673267,0.148515,1.05057
0.683168,0.148515,1.05758
0.693069,0.148515,1.06561
0.70297,0.148515,1.07468
0.712871,0.148515,1.08484
0.722772,0.148515,1.09611
0.732673,0.148515,1.10852
0.742574,0.148515,1.1221
0.752475,0.148515,1.13689
0.762376,0.148515,1.1529
0.772277,0.148515,1.17018
0.782178,0.148515,1.18874
0.792079,0.148515,1.20862
0.80198,0.148515,1.22985
0.811881,0.148515,1.25245
0.821782,0.148515,1.27645
0.831683,0.148515,1.30188
0.841584,0.148515,1.32878
0.851485,0.148515,1.35718
0.861386,0.148515,1.3871
0.871287,0.148515,1.41861
0.881188,0.148515,1.45172
0.891089,0.148515,1.4865
0.90099,0.148515,1.523
0.910891,0.148515,1.56128
0.920792,0.148515,1.60141
0.930693,0.148515,1.64345
0.940594,0.148515,1.68751
0.950495,0.148515,1.73366
0.960396,0.148515,1.78203
0.970297,0.148515,1.83271
0.980198,0.148515,1.88585
0.990099,0.148515,1.94156
1,0.148515,2
0,0.158416,2.4558
0.00990099,0.158416,2.4359
0.019802,0.158416,2.41177
0.029703,0.158416,2.38388
0.039604,0.158416,2.35268
0.049505,0.158416,2.31863
0.0594059,0.158416,2.28212
0.0693069,0.158416,2.24357
0.0792079,0.158416,2.20333
0.0891089,0.158416,2.16174
0.0990099,0.158416,2.11914
0.108911,0.158416,2.0758
0.118812,0.158416,2.032
0.128713,0.158416,1.98798
0.138614,0.158416,1.94397
0.148515,0.158416,1.90017
0.158416,0.158416,1.85675
0.168317,0.158416,1.81389
0.178218,0.158416,1.77171
0.188119,0.158416,1.73034
0.19802,0.158416,1.6899
0.207921,0.158416,1.65046
0.217822,0.158416,1.61211
0.227723,0.158416,1.57491
0.237624,0.158416,1.53891
0.247525,0.158416,1.50415
0.257426,0.158416,1.47066
0.267327,0.158416,1.43846
0.277228,0.158416,1.40755
0.287129,0.158416,1.37794
0.29703,0.158416,1.34963
0.306931,0.158416,1.3226
0.316832,0.158416,1.29683
0.326733,0.158416,1.27232
0.336634,0.158416,1.24903
0.346535,0.158416,1.22693
0.356436,0.158416,1.206
0.366337,0.158416,1.1862
0.376238,0.158416,1.1675
0.386139,0.158416,1.14987
0.39604,0.158416,1.13328
0.405941,0.158416,1.11768
0.415842,0.158416,1.10305
0.425743,0.158416,1.08936
0.435644,0.158416,1.07658
0.445545,0.158416,1.06468
0.455446,0.158416,1.05363
0.465347,0.158416,1.04341
0.475248,0.158416,1.034
0.485149,0.158416,1.02538
0.49505,0.158416,1.01755
0.50495,0.158416,1.01048
0.514851,0.158416,1.00417
0.524752,0.158416,0.998607
0.534653,0.158416,0.993799
0.544554,0.158416,0.989743
0.554455,0.158416,0.986443
0.564356,0.158416,0.983906
0.574257,0.158416,0.982143
0.584158,0.158416,0.981165
0.594059,0.158416,0.980989
0.60396,0.158416,0.981631
0.613861,0.158416,0.983113
0.623762,0.158416,0.985456
0.633663,0.158416,0.988685
0.643564,0.158416,0.992824
0.653465,0.158416,0.997902
0.663366,0.158416,1.00395
0.673267,0.158416,1.01098
0.683168,0.158416,1.01905
0.693069,0.158416,1.02817
0.70297,0.158416,1.03837
0.712871,0.158416,1.04969
0.722772,0.158416,1.06215
0.732673,0.158416,1.07579
0.742574,0.158416,1.09064
0.752475,0.158416,1.10671
0.762376,0.158416,1.12405
0.772277,0.158416,1.14268
0.782178,0.158416,1.16263
0.792079,0.158416,1.18391
0.80198,0.158416,1.20657
0.811881,0.158416,1.23062
0.821782,0.158416,1.25608
0.831683,0.158416,1.283
0.841584,0.158416,1.31138
0.851485,0.158416,1.34127
0.861386,0.158416,1.37268
0.871287,0.158416,1.40566
0.881188,0.158416,1.44023
0.891089,0.158416,1.47645
0.90099,0.158416,1.51434
0.910891,0.158416,1.55396
0.920792,0.158416,1.59537
0.930693,0.158416,1.63863
0.940594,0.158416,1.6838
0.950495,0.158416,1.73097
0.960396,0.158416,1.78022
0.970297,0.158416,1.83164
0.980198,0.158416,1.88533
0.990099,0.158416,1.94141
1,0.158416,2
0,0.168317,2.50901
0.00990099,0.168317,2.48204
0.019802,0.168317,2.45127
0.029703,0.168317,2.41713
0.039604,0.168317,2.38006
0.049505,0.168317,2.34046
0.0594059,0.168317,2.29874
0.0693069,0.168317,2.25525
0.0792079,0.168317,2.21035
0.0891089,0.168317,2.16436
0.0990099,0.168317,2.11758
0.108911,0.168317,2.07029
0.118812,0.168317,2.02276
0.128713,0.168317,1.97521
0.138614,0.168317,1.92785
0.148515,0.168317,1.88089
0.158416,0.168317,1.83449
0.168317,0.168317,1.78881
0.178218,0.168317,1.74398
0.188119,0.168317,1.70012
0.19802,0.168317,1.65734
0.207921,0.168317,1.61572
0.217822,0.168317,1.57532
0.227723,0.168317,1.53622
0.237624,0.168317,1.49846
0.247525,0.168317,1.46207
0.257426,0.168317,1.42708
0.267327,0.168317,1.3935
0.277228,0.168317,1.36134
0.287129,0.168317,1.3306
0.29703,0.168317,1.30126
0.306931,0.168317,1.27332
0.316832,0.168317,1.24675
0.326733,0.168317,1.22153
0.336634,0.168317,1.19762
0.346535,0.168317,1.17501
0.356436,0.168317,1.15365
0.366337,0.168317,1.13351
0.376238,0.168317,1.11455
0.386139,0.168317,1.09674
0.39604,0.168317,1.08003
0.405941,0.168317,1.06439
0.415842,0.168317,1.04979
0.425743,0.168317,1.03619
0.435644,0.168317,1.02356
0.445545,0.168317,1.01186
0.455446,0.168317,1.00107
0.465347,0.168317,0.991162
0.475248,0.168317,0.982115
0.485149,0.168317,0.973907
0.49505,0.168317,0.966523
0.50495,0.168317,0.959947
0.514851,0.168317,0.954171
0.524752,0.168317,0.949187
0.534653,0.168317,0.944992
0.544554,0.168317,0.941585
0.554455,0.168317,0.938969
0.564356,0.168317,0.937151
0.574257,0.168317,0.93614
0.584158,0.168317,0.935948
0.594059,0.168317,0.936589
0.60396,0.168317,0.938082
0.613861,0.168317,0.940446
0.623762,0.168317,0.943702
0.633663,0.168317,0.947875
0.643564,0.168317,0.952991
0.653465,0.168317,0.959075
0.663366,0.168317,0.966156
0.673267,0.168317,0.974262
0.683168,0.168317,0.983425
0.693069,0.168317,0.993672
0.70297,0.168317,1.00503
0.712871,0.168317,1.01754
0.722772,0.168317,1.03122
0.732673,0.168317,1.04611
0.742574,0.168317,1.06223
0.752475,0.168317,1.0796
0.762376,0.168317,1.09827
0.772277,0.168317,1.11824
0.782178,0.168317,1.13955
0.792079,0.168317,1.16222
0.80198,0.168317,1.18627
0.811881,0.168317,1.21173
0.821782,0.168317,1.23862
0.831683,0.168317,1.26695
0.841584,0.168317,1.29676
0.851485,0.168317,1.32805
0.861386,0.168317,1.36087
0.871287,0.168317,1.39522
0.881188,0.168317,1.43114
0.891089,0.168317,1.46866
0.90099,0.168317,1.50781
0.910891,0.168317,1.54863
0.920792,0.168317,1.59116
0.930693,0.168317,1.63545
0.940594,0.168317,1.68155
0.950495,0.168317,1.72952
0.960396,0.168317,1.77942
0.970297,0.168317,1.83134
0.980198,0.168317,1.88535
0.990099,0.168317,1.94154
1,0.168317,2
0,0.178218,2.56412
0.00990099,0.178218,2.5298
0.019802,0.178218,2.49212
0.029703,0.178218,2.45149
0.039604,0.178218,2.40831
0.049505,0.178218,2.36297
0.0594059,0.178218,2.31583
0.0693069,0.178218,2.26725
0.0792079,0.178218,2.21753
0.0891089,0.178218,2.16701
0.0990099,0.178218,2.11595
0.108911,0.178218,2.06462
0.118812,0.178218,2.01327
0.128713,0.178218,1.96212
0.138614,0.178218,1.91137
0.148515,0.178218,1.86122
0.158416,0.178218,1.81181
0.168317,0.178218,1.76331
0.178218,0.178218,1.71583
0.188119,0.178218,1.66949
0.19802,0.178218,1.62439
0.207921,0.178218,1.5806
0.217822,0.178218,1.53821
0.227723,0.178218,1.49725
0.237624,0.178218,1.45777
0.247525,0.178218,1.4198
0.257426,0.178218,1.38337
0.267327,0.178218,1.34847
0.277228,0.178218,1.31512
0.287129,0.178218,1.28331
0.29703,0.178218,1.25302
0.306931,0.178218,1.22423
0.316832,0.178218,1.19692
0.326733,0.178218,1.17107
0.336634,0.178218,1.14663
0.346535,0.178218,1.12358
0.356436,0.178218,1.10187
0.366337,0.178218,1.08147
0.376238,0.178218,1.06233
0.386139,0.178218,1.04441
0.39604,0.178218,1.02767
0.405941,0.178218,1.01208
0.415842,0.178218,0.997583
0.425743,0.178218,0.984152
0.435644,0.178218,0.971749
0.445545,0.178218,0.960339
0.455446,0.178218,0.949891
0.465347,0.178218,0.940376
0.475248,0.178218,0.93177
0.485149,0.178218,0.924049
0.49505,0.178218,0.917195
0.50495,0.178218,0.911191
0.514851,0.178218,0.906027
0.524752,0.178218,0.901692
0.534653,0.178218,0.898183
0.544554,0.178218,0.895497
0.554455,0.178218,0.893637
0.564356,0.178218,0.892606
0.574257,0.178218,0.892415
0.584158,0.178218,0.893073
0.594059,0.178218,0.894595
0.60396,0.178218,0.896998
0.613861,0.178218,0.900302
0.623762,0.178218,0.904527
0.633663,0.178218,0.909697
0.643564,0.178218,0.915837
0.653465,0.178218,0.922974
0.663366,0.178218,0.931136
0.673267,0.178218,0.94035
0.683168,0.178218,0.950646
0.693069,0.178218,0.962054
0.70297,0.178218,0.974602
0.712871,0.178218,0.98832
0.722772,0.178218,1.00324
0.732673,0.178218,1.01938
0.742574,0.178218,1.03678
0.752475,0.178218,1.05545
0.762376,0.178218,1.07543
0.772277,0.178218,1.09674
0.782178,0.178218,1.1194
0.792079,0.178218,1.14343
0.80198,0.178218,1.16884
0.811881,0.178218,1.19567
0.821782,0.178218,1.22393
0.831683,0.178218,1.25362
0.841584,0.178218,1.28478
0.851485,0.178218,1.31741
0.861386,0.178218,1.35153
0.871287,0.178218,1.38716
0.881188,0.178218,1.42432
0.891089,0.178218,1.46302
0.90099,0.178218,1.5033
0.910891,0.178218,1.54517
0.920792,0.178218,1.58866
0.930693,0.178218,1.6338
0.940594,0.178218,1.68064
0.950495,0.178218,1.72922
0.960396,0.178218,1.77958
0.970297,0.178218,1.83178
0.980198,0.178218,1.88587
0.990099,0.178218,1.94192
1,0.178218,2
0,0.188119,2.62091
0.00990099,0.188119,2.579
0.019802,0.188119,2.53418
0.029703,0.188119,2.48685
0.039604,0.188119,2.43738
0.049505,0.188119,2.38611
0.0594059,0.188119,2.3334
0.0693069,0.188119,2.27957
0.0792079,0.188119,2.22492
0.0891089,0.188119,2.16975
0.0990099,0.188119,2.11431
0.108911,0.188119,2.05886
0.118812,0.188119,2.00363
0.128713,0.188119,1.94883
0.138614,0.188119,1.89466
0.148515,0.188119,1.84128
0.158416,0.188119,1.78886
0.168317,0.188119,1.73752
0.178218,0.188119,1.6874
0.188119,0.188119,1.63859
0.19802,0.188119,1.5912
0.207921,0.188119,1.54528
0.217822,0.188119,1.50091
0.227723,0.188119,1.45813
0.237624,0.188119,1.41698
0.247525,0.188119,1.37749
0.257426,0.188119,1.33966
0.267327,0.188119,1.30351
0.277228,0.188119,1.26903
0.287129,0.188119,1.23621
0.29703,0.188119,1.20503
0.306931,0.188119,1.17547
0.316832,0.188119,1.1475
0.326733,0.188119,1.12109
0.336634,0.188119,1.09619
0.346535,0.188119,1.07277
0.356436,0.188119,1.05079
0.366337,0.188119,1.03019
0.376238,0.188119,1.01095
0.386139,0.188119,0.993
0.39604,0.188119,0.97631
0.405941,0.188119,0.960831
0.415842,0.188119,0.94652
0.425743,0.188119,0.933336
0.435644,0.188119,0.921239
0.445545,0.188119,0.910191
0.455446,0.188119,0.900159
0.465347,0.188119,0.891111
0.475248,0.188119,0.883019
0.485149,0.188119,0.875858
0.49505,0.188119,0.869606
0.50495,0.188119,0.864245
0.514851,0.188119,0.859762
0.524752,0.188119,0.856146
0.534653,0.188119,0.85339
0.544554,0.188119,0.851491
0.554455,0.188119,0.85045
0.564356,0.188119,0.85027
0.574257,0.188119,0.850958
0.584158,0.188119,0.852525
0.594059,0.188119,0.854985
0.60396,0.188119,0.858353
0.613861,0.188119,0.862648
0.623762,0.188119,0.867891
0.633663,0.188119,0.874104
0.643564,0.188119,0.881313
0.653465,0.188119,0.889543
0.663366,0.188119,0.898822
0.673267,0.188119,0.909176
0.683168,0.188119,0.920636
0.693069,0.188119,0.933229
0.70297,0.188119,0.946985
0.712871,0.188119,0.96193
0.722772,0.188119,0.978093
0.732673,0.188119,0.9955
0.742574,0.188119,1.01418
0.752475,0.188119,1.03415
0.762376,0.188119,1.05544
0.772277,0.188119,1.07806
0.782178,0.188119,1.10205
0.792079,0.188119,1.1274
0.80198,0.188119,1.15415
0.811881,0.188119,1.1823
0.821782,0.188119,1.21187
0.831683,0.188119,1.24287
0.841584,0.188119,1.27531
0.851485,0.188119,1.3092
0.861386,0.188119,1.34454
0.871287,0.188119,1.38135
0.881188,0.188119,1.41964
0.891089,0.188119,1.45941
0.90099,0.188119,1.50068
0.910891,0.188119,1.54345
0.920792,0.188119,1.58775
0.930693,0.188119,1.6336
0.940594,0.188119,1.68101
0.950495,0.188119,1.73
0.960396,0.188119,1.78062
0.970297,0.188119,1.83288
0.980198,0.188119,1.88684
0.990099,0.188119,1.94253
1,0.188119,2
0,0.19802,2.67917
0.00990099,0.19802,2.62946
0.019802,0.19802,2.57732
0.029703,0.19802,2.52311
0.039604,0.19802,2.46718
0.049505,0.19802,2.40984
0.0594059,0.19802,2.35143
0.0693069,0.19802,2.29223
0.0792079,0.19802,2.23254
0.0891089,0.19802,2.17262
0.0990099,0.19802,2.11273
0.108911,0.19802,2.0531
0.118812,0.19802,1.99394
0.128713,0.19802,1.93546
0.138614,0.19802,1.87783
0.148515,0.19802,1.82121
0.158416,0.19802,1.76576
0.168317,0.19802,1.7116
0.178218,0.19802,1.65884
0.188119,0.19802,1.60758
0.19802,0.19802,1.55791
0.207921,0.19802,1.5099
0.217822,0.19802,1.46359
0.227723,0.19802,1.41904
0.237624,0.19802,1.37626
0.247525,0.19802,1.33529
0.257426,0.19802,1.29612
0.267327,0.19802,1.25877
0.277228,0.19802,1.22322
0.287129,0.19802,1.18945
0.29703,0.19802,1.15745
0.306931,0.19802,1.12718
0.316832,0.19802,1.09861
0.326733,0.19802,1.0717
0.336634,0.19802,1.04641
0.346535,0.19802,1.02269
0.356436,0.19802,1.0005
0.366337,0.19802,0.979793
0.376238,0.19802,0.960511
0.386139,0.19802,0.942608
0.39604,0.19802,0.926035
0.405941,0.19802,0.910743
0.415842,0.19802,0.896686
0.425743,0.19802,0.883819
0.435644,0.19802,0.872097
0.445545,0.19802,0.861482
0.455446,0.19802,0.851935
0.465347,0.19802,0.843421
0.475248,0.19802,0.835911
0.485149,0.19802,0.829375
0.49505,0.19802,0.823791
0.50495,0.19802,0.819138
0.514851,0.19802,0.815399
0.524752,0.19802,0.812564
0.534653,0.19802,0.810622
0.544554,0.19802,0.809569
0.554455,0.19802,0.809404
0.564356,0.19802,0.81013
0.574257,0.19802,0.811753
0.584158,0.19802,0.814282
0.594059,0.19802,0.817729
0.60396,0.19802,0.822109
0.613861,0.19802,0.827442
0.623762,0.19802,0.833745
0.633663,0.19802,0.841042
0.643564,0.19802,0.849357
0.653465,0.19802,0.858714
0.663366,0.19802,0.869141
0.673267,0.19802,0.880664
0.683168,0.19802,0.893311
0.693069,0.19802,0.90711
0.70297,0.19802,0.922088
0.712871,0.19802,0.938273
0.722772,0.19802,0.95569
0.732673,0.19802,0.974364
0.742574,0.19802,0.994319
0.752475,0.19802,1.01558
0.762376,0.19802,1.03816
0.772277,0.19802,1.06208
0.782178,0.19802,1.08737
0.792079,0.19802,1.11402
0.80198,0.19802,1.14206
0.811881,0.19802,1.17149
0.821782,0.19802,1.20232
0.831683,0.19802,1.23456
0.841584,0.19802,1.26822
0.851485,0.19802,1.30328
0.861386,0.19802,1.33976
0.871287,0.19802,1.37765
0.881188,0.19802,1.41696
0.891089,0.19802,1.45769
0.90099,0.19802,1.49982
0.910891,0.19802,1.54337
0.920792,0.19802,1.58834
0.930693,0.19802,1.63473
0.940594,0.19802,1.68254
0.950495,0.19802,1.73178
0.960396,0.19802,1.78247
0.970297,0.19802,1.83462
0.980198,0.19802,1.88824
0.990099,0.19802,1.94336
1,0.19802,2
0,0.207921,2.73868
0.00990099,0.207921,2.681
0.019802,0.207921,2.62139
0.029703,0.207921,2.56015
0.039604,0.207921,2.49762
0.049505,0.207921,2.4341
0.0594059,0.207921,2.36987
0.0693069,0.207921,2.30521
0.0792079,0.207921,2.2404
0.0891089,0.207921,2.17567
0.0990099,0.207921,2.11127
0.108911,0.207921,2.0474
0.118812,0.207921,1.98428
0.128713,0.207921,1.92208
0.138614,0.207921,1.86098
0.148515,0.207921,1.80111
0.158416,0.207921,1.74263
0.168317,0.207921,1.68565
0.178218,0.207921,1.63028
0.188119,0.207921,1.57659
0.19802,0.207921,1.52468
0.207921,0.207921,1.4746
0.217822,0.207921,1.42639
0.227723,0.207921,1.3801
0.237624,0.207921,1.33574
0.247525,0.207921,1.29334
0.257426,0.207921,1.25289
0.267327,0.207921,1.21439
0.277228,0.207921,1.17782
0.287129,0.207921,1.14317
0.29703,0.207921,1.1104
0.306931,0.207921,1.07948
0.316832,0.207921,1.05038
0.326733,0.207921,1.02304
0.336634,0.207921,0.997417
0.346535,0.207921,0.973468
0.356436,0.207921,0.951139
0.366337,0.207921,0.930374
0.376238,0.207921,0.911121
0.386139,0.207921,0.893326
0.39604,0.207921,0.876935
0.405941,0.207921,0.861896
0.415842,0.207921,0.848157
0.425743,0.207921,0.835671
0.435644,0.207921,0.824389
0.445545,0.207921,0.814269
0.455446,0.207921,0.805269
0.465347,0.207921,0.797352
0.475248,0.207921,0.790484
0.485149,0.207921,0.784634
0.49505,0.207921,0.779776
0.50495,0.207921,0.775888
0.514851,0.207921,0.772952
0.524752,0.207921,0.770952
0.534653,0.207921,0.769878
0.544554,0.207921,0.769724
0.554455,0.207921,0.770488
0.564356,0.207921,0.77217
0.574257,0.207921,0.774774
0.584158,0.207921,0.77831
0.594059,0.207921,0.782789
0.60396,0.207921,0.788224
0.613861,0.207921,0.794632
0.623762,0.207921,0.802033
0.633663,0.207921,0.810448
0.643564,0.207921,0.8199
0.653465,0.207921,0.830413
0.663366,0.207921,0.842013
0.673267,0.207921,0.854726
0.683168,0.207921,0.868579
0.693069,0.207921,0.883599
0.70297,0.207921,0.899811
0.712871,0.207921,0.917241
0.722772,0.207921,0.935915
0.732673,0.207921,0.955853
0.742574,0.207921,0.97708
0.752475,0.207921,0.999614
0.762376,0.207921,1.02347
0.772277,0.207921,1.04867
0.782178,0.207921,1.07523
0.792079,0.207921,1.10314
0.80198,0.207921,1.13243
0.811881,0.207921,1.16309
0.821782,0.207921,1.19513
0.831683,0.207921,1.22855
0.841584,0.207921,1.26335
0.851485,0.207921,1.29952
0.861386,0.207921,1.33705
0.871287,0.207921,1.37593
0.881188,0.207921,1.41616
0.891089,0.207921,1.45773
0.90099,0.207921,1.50062
0.910891,0.207921,1.54482
0.920792,0.207921,1.59031
0.930693,0.207921,1.6371
0.940594,0.207921,1.68516
0.950495,0.207921,1.73449
0.960396,0.207921,1.78508
0.970297,0.207921,1.83693
0.980198,0.207921,1.89003
0.990099,0.207921,1.94439
1,0.207921,2
0,0.217822,2.79919
0.00990099,0.217822,2.73342
0.019802,0.217822,2.66621
0.029703,0.217822,2.59785
0.039604,0.217822,2.52862
0.049505,0.217822,2.45881
0.0594059,0.217822,2.38869
0.0693069,0.217822,2.31851
0.0792079,0.217822,2.24851
0.0891089,0.217822,2.17892
0.0990099,0.217822,2.10996
0.108911,0.217822,2.04183
0.118812,0.217822,1.97472
0.128713,0.217822,1.90879
0.138614,0.217822,1.8442
0.148515,0.217822,1.7811
0.158416,0.217822,1.7196
0.168317,0.217822,1.65981
0.178218,0.217822,1.60184
0.188119,0.217822,1.54575
0.19802,0.217822,1.49162
0.207921,0.217822,1.43951
0.217822,0.217822,1.38944
0.227723,0.217822,1.34145
0.237624,0.217822,1.29556
0.247525,0.217822,1.25178
0.257426,0.217822,1.21009
0.267327,0.217822,1.1705
0.277228,0.217822,1.13297
0.287129,0.217822,1.09749
0.29703,0.217822,1.06401
0.306931,0.217822,1.0325
0.316832,0.217822,1.00292
0.326733,0.217822,0.975208
0.336634,0.217822,0.94932
0.346535,0.217822,0.925199
0.356436,0.217822,0.902789
0.366337,0.217822,0.882031
0.376238,0.217822,0.862868
0.386139,0.217822,0.845241
0.39604,0.217822,0.829091
0.405941,0.217822,0.814364
0.415842,0.217822,0.801002
0.425743,0.217822,0.788955
0.435644,0.217822,0.778171
0.445545,0.217822,0.768602
0.455446,0.217822,0.760206
0.465347,0.217822,0.752941
0.475248,0.217822,0.746769
0.485149,0.217822,0.741659
0.49505,0.217822,0.737581
0.50495,0.217822,0.73451
0.514851,0.217822,0.732425
0.524752,0.217822,0.73131
0.534653,0.217822,0.731152
0.544554,0.217822,0.731944
0.554455,0.217822,0.73368
0.564356,0.217822,0.73636
0.574257,0.217822,0.739989
0.584158,0.217822,0.744571
0.594059,0.217822,0.750118
0.60396,0.217822,0.756643
0.613861,0.217822,0.76416
0.623762,0.217822,0.772689
0.633663,0.217822,0.78225
0.643564,0.217822,0.792865
0.653465,0.217822,0.804557
0.663366,0.217822,0.81735
0.673267,0.217822,0.83127
0.683168,0.217822,0.846342
0.693069,0.217822,0.862592
0.70297,0.217822,0.880044
0.712871,0.217822,0.898722
0.722772,0.217822,0.918649
0.732673,0.217822,0.939847
0.742574,0.217822,0.962333
0.752475,0.217822,0.986127
0.762376,0.217822,1.01124
0.772277,0.217822,1.03769
0.782178,0.217822,1.06548
0.792079,0.217822,1.09463
0.80198,0.217822,1.12512
0.811881,0.217822,1.15696
0.821782,0.217822,1.19016
0.831683,0.217822,1.2247
0.841584,0.217822,1.26057
0.851485,0.217822,1.29776
0.861386,0.217822,1.33626
0.871287,0.217822,1.37605
0.881188,0.217822,1.4171
0.891089,0.217822,1.45941
0.90099,0.217822,1.50293
0.910891,0.217822,1.54766
0.920792,0.217822,1.59356
0.930693,0.217822,1.64061
0.940594,0.217822,1.68878
0.950495,0.217822,1.73804
0.960396,0.217822,1.78838
0.970297,0.217822,1.83977
0.980198,0.217822,1.89218
0.990099,0.217822,1.9456
1,0.217822,2
0,0.227723,2.86048
0.00990099,0.227723,2.78653
0.019802,0.227723,2.71163
0.029703,0.227723,2.63606
0.039604,0.227723,2.56007
0.049505,0.227723,2.48391
0.0594059,0.227723,2.40784
0.0693069,0.227723,2.33208
0.0792079,0.227723,2.25686
0.0891089,0.227723,2.18238
0.0990099,0.227723,2.10884
0.108911,0.227723,2.03643
0.118812,0.227723,1.96532
0.128713,0.227723,1.89566
0.138614,0.227723,1.82759
0.148515,0.227723,1.76125
0.158416,0.227723,1.69675
0.168317,0.227723,1.63418
0.178218,0.227723,1.57363
0.188119,0.227723,1.51517
0.19802,0.227723,1.45887
0.207921,0.227723,1.40475
0.217822,0.227723,1.35287
0.227723,0.227723,1.30323
0.237624,0.227723,1.25585
0.247525,0.227723,1.21073
0.257426,0.227723,1.16787
0.267327,0.227723,1.12723
0.277228,0.227723,1.08879
0.287129,0.227723,1.05253
0.29703,0.227723,1.0184
0.306931,0.227723,0.986357
0.316832,0.227723,0.95635
0.326733,0.227723,0.928323
0.336634,0.227723,0.902221
0.346535,0.227723,0.877984
0.356436,0.227723,0.855549
0.366337,0.227723,0.834853
0.376238,0.227723,0.815835
0.386139,0.227723,0.79843
0.39604,0.227723,0.782577
0.405941,0.227723,0.768214
0.415842,0.227723,0.755283
0.425743,0.227723,0.743726
0.435644,0.227723,0.733491
0.445545,0.227723,0.724526
0.455446,0.227723,0.716783
0.465347,0.227723,0.710218
0.475248,0.227723,0.704792
0.485149,0.227723,0.700469
0.49505,0.227723,0.697216
0.50495,0.227723,0.695007
0.514851,0.227723,0.693818
0.524752,0.227723,0.69363
0.534653,0.227723,0.694429
0.544554,0.227723,0.696206
0.554455,0.227723,0.698953
0.564356,0.227723,0.702669
0.574257,0.227723,0.707355
0.584158,0.227723,0.713017
0.594059,0.227723,0.719664
0.60396,0.227723,0.727307
0.613861,0.227723,0.735961
0.623762,0.227723,0.745643
0.633663,0.227723,0.756372
0.643564,0.227723,0.768169
0.653465,0.227723,0.781056
0.663366,0.227723,0.795057
0.673267,0.227723,0.810194
0.683168,0.227723,0.826494
0.693069,0.227723,0.843978
0.70297,0.227723,0.862671
0.712871,0.227723,0.882594
0.722772,0.227723,0.903769
0.732673,0.227723,0.926214
0.742574,0.227723,0.949947
0.752475,0.227723,0.974981
0.762376,0.227723,1.00133
0.772277,0.227723,1.029
0.782178,0.227723,1.058
0.792079,0.227723,1.08833
0.80198,0.227723,1.11998
0.811881,0.227723,1.15296
0.821782,0.227723,1.18725
0.831683,0.227723,1.22285
0.841584,0.227723,1.25973
0.851485,0.227723,1.29787
0.861386,0.227723,1.33726
0.871287,0.227723,1.37786
0.881188,0.227723,1.41965
0.891089,0.227723,1.46259
0.90099,0.227723,1.50665
0.910891,0.227723,1.55179
0.920792,0.227723,1.59797
0.930693,0.227723,1.64516
0.940594,0.227723,1.6933
0.950495,0.227723,1.74237
0.960396,0.227723,1.79231
0.970297,0.227723,1.84308
0.980198,0.227723,1.89465
0.990099,0.227723,1.94697
1,0.227723,2
0,0.237624,2.92232
0.00990099,0.237624,2.84012
0.019802,0.237624,2.75748
0.029703,0.237624,2.67465
0.039604,0.237624,2.59185
0.049505,0.237624,2.50932
0.0594059,0.237624,2.42726
0.0693069,0.237624,2.3459
0.0792079,0.237624,2.26543
0.0891089,0.237624,2.18605
0.0990099,0.237624,2.10793
0.108911,0.237624,2.03123
0.118812,0.237624,1.95613
0.128713,0.237624,1.88275
0.138614,0.237624,1.81122
0.148515,0.237624,1.74166
0.158416,0.237624,1.67418
0.168317,0.237624,1.60886
0.178218,0.237624,1.54577
0.188119,0.237624,1.48497
0.19802,0.237624,1.42652
0.207921,0.237624,1.37045
0.217822,0.237624,1.31679
0.227723,0.237624,1.26555
0.237624,0.237624,1.21673
0.247525,0.237624,1.17033
0.257426,0.237624,1.12632
0.267327,0.237624,1.08469
0.277228,0.237624,1.0454
0.287129,0.237624,1.00841
0.29703,0.237624,0.973678
0.306931,0.237624,0.94115
0.316832,0.237624,0.910771
0.326733,0.237624,0.882481
0.336634,0.237624,0.856217
0.346535,0.237624,0.831914
0.356436,0.237624,0.809505
0.366337,0.237624,0.788922
0.376238,0.237624,0.770098
0.386139,0.237624,0.752965
0.39604,0.237624,0.737456
0.405941,0.237624,0.723506
0.415842,0.237624,0.711052
0.425743,0.237624,0.700034
0.435644,0.237624,0.690393
0.445545,0.237624,0.682075
0.455446,0.237624,0.67503
0.465347,0.237624,0.669209
0.475248,0.237624,0.66457
0.485149,0.237624,0.661074
0.49505,0.237624,0.658686
0.50495,0.237624,0.657377
0.514851,0.237624,0.657121
0.524752,0.237624,0.657896
0.534653,0.237624,0.659687
0.544554,0.237624,0.662482
0.554455,0.237624,0.666271
0.564356,0.237624,0.671053
0.574257,0.237624,0.676826
0.584158,0.237624,0.683594
0.594059,0.237624,0.691366
0.60396,0.237624,0.70015
0.613861,0.237624,0.709962
0.623762,0.237624,0.720815
0.633663,0.237624,0.732728
0.643564,0.237624,0.745721
0.653465,0.237624,0.759815
0.663366,0.237624,0.775031
0.673267,0.237624,0.791393
0.683168,0.237624,0.808922
0.693069,0.237624,0.827641
0.70297,0.237624,0.847571
0.712871,0.237624,0.868733
0.722772,0.237624,0.891145
0.732673,0.237624,0.914824
0.742574,0.237624,0.939784
0.752475,0.237624,0.966037
0.762376,0.237624,0.99359
0.772277,0.237624,1.02245
0.782178,0.237624,1.05262
0.792079,0.237624,1.08409
0.80198,0.237624,1.11687
0.811881,0.237624,1.15093
0.821782,0.237624,1.18627
0.831683,0.237624,1.22286
0.841584,0.237624,1.26068
0.851485,0.237624,1.29971
0.861386,0.237624,1.3399
0.871287,0.237624,1.38124
0.881188,0.237624,1.42367
0.891089,0.237624,1.46715
0.90099,0.237624,1.51164
0.910891,0.237624,1.55709
0.920792,0.237624,1.60344
0.930693,0.237624,1.65065
0.940594,0.237624,1.69865
0.950495,0.237624,1.74738
0.960396,0.237624,1.79679
0.970297,0.237624,1.84682
0.980198,0.237624,1.8974
0.990099,0.237624,1.94848
1,0.237624,2
0,0.247525,2.98445
0.00990099,0.247525,2.89398
0.019802,0.247525,2.80359
0.029703,0.247525,2.71348
0.039604,0.247525,2.62386
0.049505,0.247525,2.53494
0.0594059,0.247525,2.4469
0.0693069,0.247525,2.35993
0.0792079,0.247525,2.27422
0.0891089,0.247525,2.18994
0.0990099,0.247525,2.10724
0.108911,0.247525,2.02628
0.118812,0.247525,1.9472
0.128713,0.247525,1.87011
0.138614,0.247525,1.79515
0.148515,0.247525,1.72241
0.158416,0.247525,1.65198
0.168317,0.247525,1.58393
0.178218,0.247525,1.51834
0.188119,0.247525,1.45525
0.19802,0.247525,1.3947
0.207921,0.247525,1.33672
0.217822,0.247525,1.28132
0.227723,0.247525,1.22852
0.237624,0.247525,1.17831
0.247525,0.247525,1.13066
0.257426,0.247525,1.08557
0.267327,0.247525,1.04299
0.277228,0.247525,1.0029
0.287129,0.247525,0.965231
0.29703,0.247525,0.929945
0.306931,0.247525,0.896982
0.316832,0.247525,0.866281
0.326733,0.247525,0.837774
0.336634,0.247525,0.811396
0.346535,0.247525,0.787074
0.356436,0.247525,0.764737
0.366337,0.247525,0.744312
0.376238,0.247525,0.725728
0.386139,0.247525,0.70891
0.39604,0.247525,0.693789
0.405941,0.247525,0.680294
0.415842,0.247525,0.668359
0.425743,0.247525,0.657919
0.435644,0.247525,0.648912
0.445545,0.247525,0.64128
0.455446,0.247525,0.634969
0.465347,0.247525,0.629928
0.475248,0.247525,0.626112
0.485149,0.247525,0.623477
0.49505,0.247525,0.621988
0.50495,0.247525,0.621611
0.514851,0.247525,0.622318
0.524752,0.247525,0.624086
0.534653,0.247525,0.626897
0.544554,0.247525,0.630737
0.554455,0.247525,0.635594
0.564356,0.247525,0.641465
0.574257,0.247525,0.648346
0.584158,0.247525,0.656242
0.594059,0.247525,0.665156
0.60396,0.247525,0.675099
0.613861,0.247525,0.686082
0.623762,0.247525,0.69812
0.633663,0.247525,0.711228
0.643564,0.247525,0.725426
0.653465,0.247525,0.740732
0.663366,0.247525,0.757168
0.673267,0.247525,0.774754
0.683168,0.247525,0.793511
0.693069,0.247525,0.813459
0.70297,0.247525,0.834619
0.712871,0.247525,0.857007
0.722772,0.247525,0.880642
0.732673,0.247525,0.905536
0.742574,0.247525,0.931702
0.752475,0.247525,0.959148
0.762376,0.247525,0.987879
0.772277,0.247525,1.0179
0.782178,0.247525,1.0492
0.792079,0.247525,1.08178
0.80198,0.247525,1.11562
0.811881,0.247525,1.15072
0.821782,0.247525,1.18704
0.831683,0.247525,1.22457
0.841584,0.247525,1.26327
0.851485,0.247525,1.30311
0.861386,0.247525,1.34404
0.871287,0.247525,1.38603
0.881188,0.247525,1.42902
0.891089,0.247525,1.47296
0.90099,0.247525,1.51779
0.910891,0.247525,1.56344
0.920792,0.247525,1.60987
0.930693,0.247525,1.65698
0.940594,0.247525,1.70472
0.950495,0.247525,1.75301
0.960396,0.247525,1.80178
0.970297,0.247525,1.85094
0.980198,0.247525,1.90042
0.990099,0.247525,1.95013
1,0.247525,2
0,0.257426,3.04664
0.00990099,0.257426,2.94792
0.019802,0.257426,2.84978
0.029703,0.257426,2.75241
0.039604,0.257426,2.65598
0.049505,0.257426,2.56068
0.0594059,0.257426,2.46667
0.0693069,0.257426,2.37412
0.0792079,0.257426,2.28319
0.0891089,0.257426,2.19403
0.0990099,0.257426,2.10679
0.108911,0.257426,2.02159
0.118812,0.257426,1.93856
0.128713,0.257426,1.85781
0.138614,0.257426,1.77945
0.148515,0.257426,1.70356
0.158416,0.257426,1.63022
0.168317,0.257426,1.5595
0.178218,0.257426,1.49144
0.188119,0.257426,1.42609
0.19802,0.257426,1.36349
0.207921,0.257426,1.30364
0.217822,0.257426,1.24656
0.227723,0.257426,1.19225
0.237624,0.257426,1.14069
0.247525,0.257426,1.09185
0.257426,0.257426,1.04572
0.267327,0.257426,1.00225
0.277228,0.257426,0.961389
0.287129,0.257426,0.923092
0.29703,0.257426,0.887299
0.306931,0.257426,0.853947
0.316832,0.257426,0.822967
0.326733,0.257426,0.794289
0.336634,0.257426,0.767839
0.346535,0.257426,0.743541
0.356436,0.257426,0.721318
0.366337,0.257426,0.701092
0.376238,0.257426,0.682786
0.386139,0.257426,0.666323
0.39604,0.257426,0.651627
0.405941,0.257426,0.638624
0.415842,0.257426,0.627243
0.425743,0.257426,0.617416
0.435644,0.257426,0.609076
0.445545,0.257426,0.602163
0.455446,0.257426,0.596618
0.465347,0.257426,0.592387
0.475248,0.257426,0.589422
0.485149,0.257426,0.587677
0.49505,0.257426,0.587112
0.50495,0.257426,0.587693
0.514851,0.257426,0.589388
0.524752,0.257426,0.592172
0.534653,0.257426,0.596025
0.544554,0.257426,0.600929
0.554455,0.257426,0.606873
0.564356,0.257426,0.61385
0.574257,0.257426,0.621857
0.584158,0.257426,0.630893
0.594059,0.257426,0.640964
0.60396,0.257426,0.652076
0.613861,0.257426,0.664239
0.623762,0.257426,0.677468
0.633663,0.257426,0.691776
0.643564,0.257426,0.707181
0.653465,0.257426,0.723701
0.663366,0.257426,0.741354
0.673267,0.257426,0.76016
0.683168,0.257426,0.780137
0.693069,0.257426,0.801306
0.70297,0.257426,0.823682
0.712871,0.257426,0.847283
0.722772,0.257426,0.872121
0.732673,0.257426,0.89821
0.742574,0.257426,0.925557
0.752475,0.257426,0.954168
0.762376,0.257426,0.984045
0.772277,0.257426,1.01518
0.782178,0.257426,1.04758
0.792079,0.257426,1.08122
0.80198,0.257426,1.11609
0.811881,0.257426,1.15217
0.821782,0.257426,1.18943
0.831683,0.257426,1.22783
0.841584,0.257426,1.26735
0.851485,0.257426,1.30793
0.861386,0.257426,1.34953
0.871287,0.257426,1.39209
0.881188,0.257426,1.43556
0.891089,0.257426,1.47987
0.90099,0.257426,1.52496
0.910891,0.257426,1.57073
0.920792,0.257426,1.61713
0.930693,0.257426,1.66406
0.940594,0.257426,1.71145
0.950495,0.257426,1.75919
0.960396,0.257426,1.8072
0.970297,0.257426,1.85539
0.980198,0.257426,1.90365
0.990099,0.257426,1.95189
1,0.257426,2
0,0.267327,3.10865
0.00990099,0.267327,3.00171
0.019802,0.267327,2.89587
0.029703,0.267327,2.79128
0.039604,0.267327,2.68809
0.049505,0.267327,2.58645
0.0594059,0.267327,2.48652
0.0693069,0.267327,2.38842
0.0792079,0.267327,2.29232
0.0891089,0.267327,2.19832
0.0990099,0.267327,2.10657
0.108911,0.267327,2.01718
0.118812,0.267327,1.93025
0.128713,0.267327,1.84588
0.138614,0.267327,1.76417
0.148515,0.267327,1.68518
0.158416,0.267327,1.60897
0.168317,0.267327,1.53562
0.178218,0.267327,1.46515
0.188119,0.267327,1.3976
0.19802,0.267327,1.33299
0.207921,0.267327,1.27132
0.217822,0.267327,1.21261
0.227723,0.267327,1.15683
0.237624,0.267327,1.10397
0.247525,0.267327,1.05399
0.257426,0.267327,1.00687
0.267327,0.267327,0.962542
0.277228,0.267327,0.920968
0.287129,0.267327,0.882085
0.29703,0.267327,0.845829
0.306931,0.267327,0.812129
0.316832,0.267327,0.780913
0.326733,0.267327,0.752104
0.336634,0.267327,0.725622
0.346535,0.267327,0.701385
0.356436,0.267327,0.679313
0.366337,0.267327,0.659322
0.376238,0.267327,0.641329
0.386139,0.267327,0.625254
0.39604,0.267327,0.611015
0.405941,0.267327,0.598535
0.415842,0.267327,0.587739
0.425743,0.267327,0.578553
0.435644,0.267327,0.570908
0.445545,0.267327,0.56474
0.455446,0.267327,0.559986
0.465347,0.267327,0.556589
0.475248,0.267327,0.554498
0.485149,0.267327,0.553664
0.49505,0.267327,0.554045
0.50495,0.267327,0.555602
0.514851,0.267327,0.558304
0.524752,0.267327,0.56212
0.534653,0.267327,0.567029
0.544554,0.267327,0.573013
0.554455,0.267327,0.580056
0.564356,0.267327,0.588151
0.574257,0.267327,0.597292
0.584158,0.267327,0.607477
0.594059,0.267327,0.61871
0.60396,0.267327,0.630996
0.613861,0.267327,0.644343
0.623762,0.267327,0.658764
0.633663,0.267327,0.674272
0.643564,0.267327,0.690881
0.653465,0.267327,0.708609
0.663366,0.267327,0.727473
0.673267,0.267327,0.747489
0.683168,0.267327,0.768677
0.693069,0.267327,0.791051
0.70297,0.267327,0.814628
0.712871,0.267327,0.839421
0.722772,0.267327,0.865443
0.732673,0.267327,0.892701
0.742574,0.267327,0.921202
0.752475,0.267327,0.950947
0.762376,0.267327,0.981935
0.772277,0.267327,1.01416
0.782178,0.267327,1.04761
0.792079,0.267327,1.08227
0.80198,0.267327,1.11812
0.811881,0.267327,1.15513
0.821782,0.267327,1.19326
0.831683,0.267327,1.23249
0.841584,0.267327,1.27276
0.851485,0.267327,1.31402
0.861386,0.267327,1.35622
0.871287,0.267327,1.39929
0.881188,0.267327,1.44317
0.891089,0.267327,1.48777
0.90099,0.267327,1.53303
0.910891,0.267327,1.57884
0.920792,0.267327,1.62513
0.930693,0.267327,1.67179
0.940594,0.267327,1.71873
0.950495,0.267327,1.76583
0.960396,0.267327,1.813
0.970297,0.267327,1.86012
0.980198,0.267327,1.90707
0.990099,0.267327,1.95374
1,0.267327,2
0,0.277228,3.17024
0.00990099,0.277228,3.05517
0.019802,0.277228,2.9417
0.029703,0.277228,2.82995
0.039604,0.277228,2.72006
0.049505,0.277228,2.61216
0.0594059,0.277228,2.50635
0.0693069,0.277228,2.40278
0.0792079,0.277228,2.30156
0.0891089,0.277228,2.20279
0.0990099,0.277228,2.10659
0.108911,0.277228,2.01306
0.118812,0.277228,1.92229
0.128713,0.277228,1.83436
0.138614,0.277228,1.74935
0.148515,0.277228,1.66731
0.158416,0.277228,1.5883
0.168317,0.277228,1.51237
0.178218,0.277228,1.43954
0.188119,0.277228,1.36984
0.19802,0.277228,1.30328
0.207921,0.277228,1.23985
0.217822,0.277228,1.17955
0.227723,0.277228,1.12236
0.237624,0.277228,1.06824
0.247525,0.277228,1.01717
0.257426,0.277228,0.969098
0.267327,0.277228,0.923968
0.277228,0.277228,0.881722
0.287129,0.277228,0.842296
0.29703,0.277228,0.805616
0.306931,0.277228,0.77161
0.316832,0.277228,0.740195
0.326733,0.277228,0.711291
0.336634,0.277228,0.684812
0.346535,0.277228,0.660672
0.356436,0.277228,0.638783
0.366337,0.277228,0.619057
0.376238,0.277228,0.601408
0.386139,0.277228,0.585748
0.39604,0.277228,0.571994
0.405941,0.277228,0.560062
0.415842,0.277228,0.549874
0.425743,0.277228,0.541352
0.435644,0.277228,0.534424
0.445545,0.277228,0.529021
0.455446,0.277228,0.525077
0.465347,0.277228,0.522533
0.475248,0.277228,0.521333
0.485149,0.277228,0.521425
0.49505,0.277228,0.522766
0.50495,0.277228,0.525313
0.514851,0.277228,0.529031
0.524752,0.277228,0.533891
0.534653,0.277228,0.539866
0.544554,0.277228,0.546936
0.554455,0.277228,0.555085
0.564356,0.277228,0.564302
0.574257,0.277228,0.574581
0.584158,0.277228,0.585917
0.594059,0.277228,0.598313
0.60396,0.277228,0.611772
0.613861,0.277228,0.626301
0.623762,0.277228,0.64191
0.633663,0.277228,0.658611
0.643564,0.277228,0.676417
0.653465,0.277228,0.695343
0.663366,0.277228,0.715405
0.673267,0.277228,0.736619
0.683168,0.277228,0.759
0.693069,0.277228,0.782562
0.70297,0.277228,0.807319
0.712871,0.277228,0.833282
0.722772,0.277228,0.860461
0.732673,0.277228,0.888861
0.742574,0.277228,0.918484
0.752475,0.277228,0.949331
0.762376,0.277228,0.981396
0.772277,0.277228,1.01467
0.782178,0.277228,1.04913
0.792079,0.277228,1.08477
0.80198,0.277228,1.12154
0.811881,0.277228,1.15943
0.821782,0.277228,1.1984
0.831683,0.277228,1.23839
0.841584,0.277228,1.27936
0.851485,0.277228,1.32124
0.861386,0.277228,1.36397
0.871287,0.277228,1.40749
0.881188,0.277228,1.4517
0.891089,0.277228,1.49653
0.90099,0.277228,1.54188
0.910891,0.277228,1.58766
0.920792,0.277228,1.63375
0.930693,0.277228,1.68007
0.940594,0.277228,1.72648
0.950495,0.277228,1.77287
0.960396,0.277228,1.81911
0.970297,0.277228,1.86508
0.980198,0.277228,1.91064
0.990099,0.277228,1.95566
1,0.277228,2
0,0.287129,3.23118
0.00990099,0.287129,3.10807
0.019802,0.287129,2.98707
0.029703,0.287129,2.86827
0.039604,0.287129,2.75178
0.049505,0.287129,2.63769
0.0594059,0.287129,2.52611
0.0693069,0.287129,2.41714
0.0792079,0.287129,2.31087
0.0891089,0.287129,2.20741
0.0990099,0.287129,2.10684
0.108911,0.287129,2.00925
0.118812,0.287129,1.9147
0.128713,0.287129,1.82328
0.138614,0.287129,1.73503
0.148515,0.287129,1.65001
0.158416,0.287129,1.56827
0.168317,0.287129,1.48982
0.178218,0.287129,1.41469
0.188119,0.287129,1.3429
0.19802,0.287129,1.27443
0.207921,0.287129,1.20929
0.217822,0.287129,1.14746
0.227723,0.287129,1.08891
0.237624,0.287129,1.03359
0.247525,0.287129,0.981473
0.257426,0.287129,0.932498
0.267327,0.287129,0.886606
0.277228,0.287129,0.843731
0.287129,0.287129,0.803801
0.29703,0.287129,0.766738
0.306931,0.287129,0.73246
0.316832,0.287129,0.700883
0.326733,0.287129,0.671917
0.336634,0.287129,0.645473
0.346535,0.287129,0.621458
0.356436,0.287129,0.59978
0.366337,0.287129,0.580346
0.376238,0.287129,0.563065
0.386139,0.287129,0.547844
0.39604,0.287129,0.534596
0.405941,0.287129,0.523233
0.415842,0.287129,0.513672
0.425743,0.287129,0.505832
0.435644,0.287129,0.499636
0.445545,0.287129,0.495012
0.455446,0.287129,0.491892
0.465347,0.287129,0.490212
0.475248,0.287129,0.489913
0.485149,0.287129,0.490941
0.49505,0.287129,0.493249
0.50495,0.287129,0.496792
0.514851,0.287129,0.501533
0.524752,0.287129,0.50744
0.534653,0.287129,0.514483
0.544554,0.287129,0.522642
0.554455,0.287129,0.531897
0.564356,0.287129,0.542236
0.574257,0.287129,0.55365
0.584158,0.287129,0.566134
0.594059,0.287129,0.579688
0.60396,0.287129,0.594313
0.613861,0.287129,0.610015
0.623762,0.287129,0.626802
0.633663,0.287129,0.644685
0.643564,0.287129,0.663675
0.653465,0.287129,0.683785
0.663366,0.287129,0.70503
0.673267,0.287129,0.727422
0.683168,0.287129,0.750976
0.693069,0.287129,0.775703
0.70297,0.287129,0.801616
0.712871,0.287129,0.828723
0.722772,0.287129,0.857031
0.732673,0.287129,0.886541
0.742574,0.287129,0.917256
0.752475,0.287129,0.949169
0.762376,0.287129,0.982271
0.772277,0.287129,1.01655
0.782178,0.287129,1.05198
0.792079,0.287129,1.08855
0.80198,0.287129,1.12621
0.811881,0.287129,1.16494
0.821782,0.287129,1.20467
0.831683,0.287129,1.24538
0.841584,0.287129,1.28698
0.851485,0.287129,1.32943
0.861386,0.287129,1.37264
0.871287,0.287129,1.41653
0.881188,0.287129,1.46101
0.891089,0.287129,1.506
0.90099,0.287129,1.55139
0.910891,0.287129,1.59706
0.920792,0.287129,1.6429
0.930693,0.287129,1.6888
0.940594,0.287129,1.73461
0.950495,0.287129,1.78022
0.960396,0.287129,1.82547
0.970297,0.287129,1.87023
0.980198,0.287129,1.91434
0.990099,0.287129,1.95765
1,0.287129,2
0,0.29703,3.29121
0.00990099,0.29703,3.16022
0.019802,0.29703,3.03182
0.029703,0.29703,2.90609
0.039604,0.29703,2.7831
0.049505,0.29703,2.66295
0.0594059,0.29703,2.54569
0.0693069,0.29703,2.43143
0.0792079,0.29703,2.32022
0.0891089,0.29703,2.21216
0.0990099,0.29703,2.10731
0.108911,0.29703,2.00573
0.118812,0.29703,1.9075
0.128713,0.29703,1.81266
0.138614,0.29703,1.72126
0.148515,0.29703,1.63333
0.158416,0.29703,1.54891
0.168317,0.29703,1.46801
0.178218,0.29703,1.39065
0.188119,0.29703,1.31683
0.19802,0.29703,1.24653
0.207921,0.29703,1.17974
0.217822,0.29703,1.11643
0.227723,0.29703,1.05656
0.237624,0.29703,1.00009
0.247525,0.29703,0.946975
0.257426,0.29703,0.897143
0.267327,0.29703,0.850533
0.277228,0.29703,0.807068
0.287129,0.29703,0.766673
0.29703,0.29703,0.729262
0.306931,0.29703,0.694747
0.316832,0.29703,0.663038
0.326733,0.29703,0.634041
0.336634,0.29703,0.607659
0.346535,0.29703,0.583796
0.356436,0.29703,0.562353
0.366337,0.29703,0.543233
0.376238,0.29703,0.526339
0.386139,0.29703,0.511576
0.39604,0.29703,0.49885
0.405941,0.29703,0.48807
0.415842,0.29703,0.479149
0.425743,0.29703,0.472003
0.435644,0.29703,0.46655
0.445545,0.29703,0.462714
0.455446,0.29703,0.460424
0.465347,0.29703,0.459614
0.475248,0.29703,0.46022
0.485149,0.29703,0.462188
0.49505,0.29703,0.465465
0.50495,0.29703,0.470005
0.514851,0.29703,0.475769
0.524752,0.29703,0.48272
0.534653,0.29703,0.49083
0.544554,0.29703,0.500072
0.554455,0.29703,0.510428
0.564356,0.29703,0.521882
0.574257,0.29703,0.534423
0.584158,0.29703,0.548045
0.594059,0.29703,0.562745
0.60396,0.29703,0.578524
0.613861,0.29703,0.595386
0.623762,0.29703,0.613336
0.633663,0.29703,0.632385
0.643564,0.29703,0.65254
0.653465,0.29703,0.673815
0.663366,0.29703,0.696221
0.673267,0.29703,0.719769
0.683168,0.29703,0.744472
0.693069,0.29703,0.770339
0.70297,0.29703,0.79738
0.712871,0.29703,0.825601
0.722772,0.29703,0.855005
0.732673,0.29703,0.885593
0.742574,0.29703,0.917363
0.752475,0.29703,0.950305
0.762376,0.29703,0.984407
0.772277,0.29703,1.01965
0.782178,0.29703,1.05601
0.792079,0.29703,1.09346
0.80198,0.29703,1.13196
0.811881,0.29703,1.17147
0.821782,0.29703,1.21194
0.831683,0.29703,1.2533
0.841584,0.29703,1.29549
0.851485,0.29703,1.33844
0.861386,0.29703,1.38207
0.871287,0.29703,1.42628
0.881188,0.29703,1.47099
0.891089,0.29703,1.51607
0.90099,0.29703,1.56143
0.910891,0.29703,1.60694
0.920792,0.29703,1.65247
0.930693,0.29703,1.69789
0.940594,0.29703,1.74305
0.950495,0.29703,1.78782
0.960396,0.29703,1.83202
0.970297,0.29703,1.87551
0.980198,0.29703,1.91812
0.990099,0.29703,1.95967
1,0.29703,2
0,0.306931,3.35013
0.00990099,0.306931,3.2114
0.019802,0.306931,3.07576
0.029703,0.306931,2.94325
0.039604,0.306931,2.81392
0.049505,0.306931,2.68783
0.0594059,0.306931,2.56503
0.0693069,0.306931,2.44559
0.0792079,0.306931,2.32956
0.0891089,0.306931,2.217
0.0990099,0.306931,2.10797
0.108911,0.306931,2.00252
0.118812,0.306931,1.90069
0.128713,0.306931,1.80252
0.138614,0.306931,1.70805
0.148515,0.306931,1.6173
0.158416,0.306931,1.53028
0.168317,0.306931,1.44701
0.178218,0.306931,1.36749
0.188119,0.306931,1.2917
0.19802,0.306931,1.21962
0.207921,0.306931,1.15124
0.217822,0.306931,1.08651
0.227723,0.306931,1.02538
0.237624,0.306931,0.967817
0.247525,0.306931,0.913746
0.257426,0.306931,0.863104
0.267327,0.306931,0.815816
0.277228,0.306931,0.771802
0.287129,0.306931,0.730977
0.29703,0.306931,0.693252
0.306931,0.306931,0.658532
0.316832,0.306931,0.62672
0.326733,0.306931,0.597717
0.336634,0.306931,0.571422
0.346535,0.306931,0.547731
0.356436,0.306931,0.526542
0.366337,0.306931,0.507753
0.376238,0.306931,0.491263
0.386139,0.306931,0.47697
0.39604,0.306931,0.464778
0.405941,0.306931,0.454592
0.415842,0.306931,0.446319
0.425743,0.306931,0.439872
0.435644,0.306931,0.435166
0.445545,0.306931,0.432122
0.455446,0.306931,0.430664
0.465347,0.306931,0.430723
0.475248,0.306931,0.432235
0.485149,0.306931,0.435138
0.49505,0.306931,0.439381
0.50495,0.306931,0.444913
0.514851,0.306931,0.451692
0.524752,0.306931,0.459681
0.534653,0.306931,0.468847
0.544554,0.306931,0.479163
0.554455,0.306931,0.490608
0.564356,0.306931,0.503164
0.574257,0.306931,0.516819
0.584158,0.306931,0.531564
0.594059,0.306931,0.547395
0.60396,0.306931,0.56431
0.613861,0.306931,0.582313
0.623762,0.306931,0.601407
0.633663,0.306931,0.621599
0.643564,0.306931,0.642898
0.653465,0.306931,0.665312
0.663366,0.306931,0.688854
0.673267,0.306931,0.713531
0.683168,0.306931,0.739354
0.693069,0.306931,0.766331
0.70297,0.306931,0.794469
0.712871,0.306931,0.82377
0.722772,0.306931,0.854237
0.732673,0.306931,0.885868
0.742574,0.306931,0.918655
0.752475,0.306931,0.952586
0.762376,0.306931,0.987648
0.772277,0.306931,1.02382
0.782178,0.306931,1.06106
0.792079,0.306931,1.09935
0.80198,0.306931,1.13864
0.811881,0.306931,1.17889
0.821782,0.306931,1.22003
0.831683,0.306931,1.262
0.841584,0.306931,1.30473
0.851485,0.306931,1.34814
0.861386,0.306931,1.39213
0.871287,0.306931,1.43661
0.881188,0.306931,1.48148
0.891089,0.306931,1.52661
0.90099,0.306931,1.57189
0.910891,0.306931,1.61718
0.920792,0.306931,1.66235
0.930693,0.306931,1.70724
0.940594,0.306931,1.75171
0.950495,0.306931,1.79559
0.960396,0.306931,1.8387
0.970297,0.306931,1.88089
0.980198,0.306931,1.92196
0.990099,0.306931,1.96173
1,0.306931,2
0,0.316832,3.40768
0.00990099,0.316832,3.26143
0.019802,0.316832,3.11873
0.029703,0.316832,2.97962
0.039604,0.316832,2.84411
0.049505,0.316832,2.71223
0.0594059,0.316832,2.58404
0.0693069,0.316832,2.45956
0.0792079,0.316832,2.33883
0.0891089,0.316832,2.22191
0.0990099,0.316832,2.10881
0.108911,0.316832,1.99959
0.118812,0.316832,1.89427
0.128713,0.316832,1.79288
0.138614,0.316832,1.69543
0.148515,0.316832,1.60195
0.158416,0.316832,1.51242
0.168317,0.316832,1.42686
0.178218,0.316832,1.34524
0.188119,0.316832,1.26756
0.19802,0.316832,1.19378
0.207921,0.316832,1.12386
0.217822,0.316832,1.05777
0.227723,0.316832,0.995445
0.237624,0.316832,0.936829
0.247525,0.316832,0.881853
0.257426,0.316832,0.830443
0.267327,0.316832,0.782519
0.277228,0.316832,0.737993
0.287129,0.316832,0.696774
0.29703,0.316832,0.658766
0.306931,0.316832,0.623869
0.316832,0.316832,0.59198
0.326733,0.316832,0.562994
0.336634,0.316832,0.536805
0.346535,0.316832,0.513305
0.356436,0.316832,0.492386
0.366337,0.316832,0.473941
0.376238,0.316832,0.457864
0.386139,0.316832,0.444051
0.39604,0.316832,0.4324
0.405941,0.316832,0.422811
0.415842,0.316832,0.415189
0.425743,0.316832,0.409442
0.435644,0.316832,0.405482
0.445545,0.316832,0.403227
0.455446,0.316832,0.402598
0.465347,0.316832,0.403521
0.475248,0.316832,0.40593
0.485149,0.316832,0.409762
0.49505,0.316832,0.41496
0.50495,0.316832,0.421473
0.514851,0.316832,0.429256
0.524752,0.316832,0.438268
0.534653,0.316832,0.448476
0.544554,0.316832,0.459851
0.554455,0.316832,0.472367
0.564356,0.316832,0.486007
0.574257,0.316832,0.500756
0.584158,0.316832,0.516604
0.594059,0.316832,0.533544
0.60396,0.316832,0.551573
0.613861,0.316832,0.570693
0.623762,0.316832,0.590905
0.633663,0.316832,0.612215
0.643564,0.316832,0.634629
0.653465,0.316832,0.658156
0.663366,0.316832,0.682803
0.673267,0.316832,0.708579
0.683168,0.316832,0.73549
0.693069,0.316832,0.763543
0.70297,0.316832,0.792742
0.712871,0.316832,0.823089
0.722772,0.316832,0.854582
0.732673,0.316832,0.887216
0.742574,0.316832,0.92098
0.752475,0.316832,0.955862
0.762376,0.316832,0.99184
0.772277,0.316832,1.02889
0.782178,0.316832,1.06697
0.792079,0.316832,1.10606
0.80198,0.316832,1.1461
0.811881,0.316832,1.18703
0.821782,0.316832,1.2288
0.831683,0.316832,1.27133
0.841584,0.316832,1.31455
0.851485,0.316832,1.35836
0.861386,0.316832,1.40268
0.871287,0.316832,1.44738
0.881188,0.316832,1.49236
0.891089,0.316832,1.5375
0.90099,0.316832,1.58265
0.910891,0.316832,1.62768
0.920792,0.316832,1.67244
0.930693,0.316832,1.71677
0.940594,0.316832,1.7605
0.950495,0.316832,1.80346
0.960396,0.316832,1.84546
0.970297,0.316832,1.88631
0.980198,0.316832,1.92583
0.990099,0.316832,1.96379
1,0.316832,2
0,0.326733,3.46366
0.00990099,0.326733,3.3101
0.019802,0.326733,3.16056
0.029703,0.326733,3.01504
0.039604,0.326733,2.87353
0.049505,0.326733,2.73606
0.0594059,0.326733,2.60263
0.0693069,0.326733,2.47327
0.0792079,0.326733,2.348
0.0891089,0.326733,2.22684
0.0990099,0.326733,2.10982
0.108911,0.326733,1.99696
0.118812,0.326733,1.88826
0.128713,0.326733,1.78375
0.138614,0.326733,1.68343
0.148515,0.326733,1.58731
0.158416,0.326733,1.49536
0.168317,0.326733,1.40759
0.178218,0.326733,1.32397
0.188119,0.326733,1.24447
0.19802,0.326733,1.16905
0.207921,0.326733,1.09767
0.217822,0.326733,1.03027
0.227723,0.326733,0.966801
0.237624,0.326733,0.907187
0.247525,0.326733,0.851354
0.257426,0.326733,0.799221
0.267327,0.326733,0.7507
0.277228,0.326733,0.705699
0.287129,0.326733,0.664118
0.29703,0.326733,0.625856
0.306931,0.326733,0.590808
0.316832,0.326733,0.558864
0.326733,0.326733,0.529915
0.336634,0.326733,0.50385
0.346535,0.326733,0.480554
0.356436,0.326733,0.459916
0.366337,0.326733,0.441824
0.376238,0.326733,0.426167
0.386139,0.326733,0.412837
0.39604,0.326733,0.401728
0.405941,0.326733,0.392736
0.415842,0.326733,0.385763
0.425743,0.326733,0.380712
0.435644,0.326733,0.377493
0.445545,0.326733,0.376019
0.455446,0.326733,0.376208
0.465347,0.326733,0.377985
0.475248,0.326733,0.381279
0.485149,0.326733,0.386025
0.49505,0.326733,0.392163
0.50495,0.326733,0.399641
0.514851,0.326733,0.408409
0.524752,0.326733,0.418426
0.534653,0.326733,0.429656
0.544554,0.326733,0.442067
0.554455,0.326733,0.455634
0.564356,0.326733,0.470334
0.574257,0.326733,0.486153
0.584158,0.326733,0.503077
0.594059,0.326733,0.521099
0.60396,0.326733,0.540215
0.613861,0.326733,0.560423
0.623762,0.326733,0.581724
0.633663,0.326733,0.604121
0.643564,0.326733,0.627619
0.653465,0.326733,0.652225
0.663366,0.326733,0.677944
0.673267,0.326733,0.704783
0.683168,0.326733,0.732747
0.693069,0.326733,0.761839
0.70297,0.326733,0.792063
0.712871,0.326733,0.823416
0.722772,0.326733,0.855895
0.732673,0.326733,0.889491
0.742574,0.326733,0.924192
0.752475,0.326733,0.959981
0.762376,0.326733,0.996832
0.772277,0.326733,1.03472
0.782178,0.326733,1.0736
0.792079,0.326733,1.11344
0.80198,0.326733,1.15417
0.811881,0.326733,1.19575
0.821782,0.326733,1.2381
0.831683,0.326733,1.28115
0.841584,0.326733,1.32481
0.851485,0.326733,1.36899
0.861386,0.326733,1.41357
0.871287,0.326733,1.45846
0.881188,0.326733,1.50351
0.891089,0.326733,1.5486
0.90099,0.326733,1.5936
0.910891,0.326733,1.63833
0.920792,0.326733,1.68265
0.930693,0.326733,1.72638
0.940594,0.326733,1.76935
0.950495,0.326733,1.81137
0.960396,0.326733,1.85223
0.970297,0.326733,1.89174
0.980198,0.326733,1.92969
0.990099,0.326733,1.96585
1,0.326733,2
0,0.336634,3.51785
0.00990099,0.336634,3.35723
0.019802,0.336634,3.20108
0.029703,0.336634,3.04937
0.039604,0.336634,2.90208
0.049505,0.336634,2.7592
0.0594059,0.336634,2.62072
0.0693069,0.336634,2.48666
0.0792079,0.336634,2.357
0.0891089,0.336634,2.23177
0.0990099,0.336634,2.11096
0.108911,0.336634,1.99459
0.118812,0.336634,1.88265
0.128713,0.336634,1.77514
0.138614,0.336634,1.67206
0.148515,0.336634,1.5734
0.158416,0.336634,1.47914
0.168317,0.336634,1.38925
0.178218,0.336634,1.3037
0.188119,0.336634,1.22246
0.19802,0.336634,1.14548
0.207921,0.336634,1.0727
0.217822,0.336634,1.00406
0.227723,0.336634,0.939505
0.237624,0.336634,0.878945
0.247525,0.336634,0.822304
0.257426,0.336634,0.76949
0.267327,0.336634,0.720412
0.277228,0.336634,0.674969
0.287129,0.336634,0.633057
0.29703,0.336634,0.594569
0.306931,0.336634,0.559393
0.316832,0.336634,0.527415
0.326733,0.336634,0.498519
0.336634,0.336634,0.47259
0.346535,0.336634,0.449509
0.356436,0.336634,0.429159
0.366337,0.336634,0.411425
0.376238,0.336634,0.39619
0.386139,0.336634,0.383343
0.39604,0.336634,0.372773
0.405941,0.336634,0.364374
0.415842,0.336634,0.358042
0.425743,0.336634,0.353678
0.435644,0.336634,0.351188
0.445545,0.336634,0.350482
0.455446,0.336634,0.351476
0.465347,0.336634,0.35409
0.475248,0.336634,0.358251
0.485149,0.336634,0.363892
0.49505,0.336634,0.37095
0.50495,0.336634,0.37937
0.514851,0.336634,0.389101
0.524752,0.336634,0.400098
0.534653,0.336634,0.412324
0.544554,0.336634,0.425746
0.554455,0.336634,0.440334
0.564356,0.336634,0.456066
0.574257,0.336634,0.472925
0.584158,0.336634,0.490895
0.594059,0.336634,0.509969
0.60396,0.336634,0.530138
0.613861,0.336634,0.5514
0.623762,0.336634,0.573755
0.633663,0.336634,0.597205
0.643564,0.336634,0.621751
0.653465,0.336634,0.647399
0.663366,0.336634,0.674153
0.673267,0.336634,0.702017
0.683168,0.336634,0.730993
0.693069,0.336634,0.761086
0.70297,0.336634,0.792292
0.712871,0.336634,0.824611
0.722772,0.336634,0.858033
0.732673,0.336634,0.89255
0.742574,0.336634,0.928144
0.752475,0.336634,0.964796
0.762376,0.336634,1.00248
0.772277,0.336634,1.04116
0.782178,0.336634,1.08079
0.792079,0.336634,1.12133
0.80198,0.336634,1.16272
0.811881,0.336634,1.2049
0.821782,0.336634,1.24779
0.831683,0.336634,1.29131
0.841584,0.336634,1.33537
0.851485,0.336634,1.37987
0.861386,0.336634,1.42469
0.871287,0.336634,1.46971
0.881188,0.336634,1.5148
0.891089,0.336634,1.55982
0.90099,0.336634,1.60461
0.910891,0.336634,1.64903
0.920792,0.336634,1.69288
0.930693,0.336634,1.736
0.940594,0.336634,1.77818
0.950495,0.336634,1.81924
0.960396,0.336634,1.85896
0.970297,0.336634,1.89713
0.980198,0.336634,1.93351
0.990099,0.336634,1.96788
1,0.336634,2
0,0.346535,3.57003
0.00990099,0.346535,3.40264
0.019802,0.346535,3.24014
0.029703,0.346535,3.08248
0.039604,0.346535,2.92963
0.049505,0.346535,2.78156
0.0594059,0.346535,2.63824
0.0693069,0.346535,2.49966
0.0792079,0.346535,2.3658
0.0891089,0.346535,2.23666
0.0990099,0.346535,2.11222
0.108911,0.346535,1.99248
0.118812,0.346535,1.87743
0.128713,0.346535,1.76706
0.138614,0.346535,1.66134
0.148515,0.346535,1.56025
0.158416,0.346535,1.46377
0.168317,0.346535,1.37186
0.178218,0.346535,1.28448
0.188119,0.346535,1.20158
0.19802,0.346535,1.12311
0.207921,0.346535,1.049
0.217822,0.346535,0.979194
0.227723,0.346535,0.913605
0.237624,0.346535,0.852153
0.247525,0.346535,0.79475
0.257426,0.346535,0.741299
0.267327,0.346535,0.691701
0.277228,0.346535,0.645851
0.287129,0.346535,0.603637
0.29703,0.346535,0.564947
0.306931,0.346535,0.529663
0.316832,0.346535,0.497668
0.326733,0.346535,0.46884
0.336634,0.346535,0.443057
0.346535,0.346535,0.420198
0.356436,0.346535,0.400141
0.366337,0.346535,0.382764
0.376238,0.346535,0.36795
0.386139,0.346535,0.355581
0.39604,0.346535,0.345543
0.405941,0.346535,0.337726
0.415842,0.346535,0.332024
0.425743,0.346535,0.328333
0.435644,0.346535,0.326556
0.445545,0.346535,0.326601
0.455446,0.346535,0.328379
0.465347,0.346535,0.331809
0.475248,0.346535,0.336814
0.485149,0.346535,0.343325
0.49505,0.346535,0.351278
0.50495,0.346535,0.360612
0.514851,0.346535,0.371277
0.524752,0.346535,0.383226
0.534653,0.346535,0.396418
0.544554,0.346535,0.410818
0.554455,0.346535,0.426395
0.564356,0.346535,0.443126
0.574257,0.346535,0.460989
0.584158,0.346535,0.479971
0.594059,0.346535,0.500059
0.60396,0.346535,0.521245
0.613861,0.346535,0.543524
0.623762,0.346535,0.566895
0.633663,0.346535,0.591357
0.643564,0.346535,0.616911
0.653465,0.346535,0.64356
0.663366,0.346535,0.671307
0.673267,0.346535,0.700154
0.683168,0.346535,0.730102
0.693069,0.346535,0.76115
0.70297,0.346535,0.793297
0.712871,0.346535,0.826536
0.722772,0.346535,0.860859
0.732673,0.346535,0.89625
0.742574,0.346535,0.932693
0.752475,0.346535,0.970163
0.762376,0.346535,1.00863
0.772277,0.346535,1.04805
0.782178,0.346535,1.08839
0.792079,0.346535,1.1296
0.80198,0.346535,1.1716
0.811881,0.346535,1.21434
0.821782,0.346535,1.25772
0.831683,0.346535,1.30168
0.841584,0.346535,1.3461
0.851485,0.346535,1.39087
0.861386,0.346535,1.43589
0.871287,0.346535,1.48101
0.881188,0.346535,1.52611
0.891089,0.346535,1.57102
0.90099,0.346535,1.6156
0.910891,0.346535,1.65966
0.920792,0.346535,1.70303
0.930693,0.346535,1.74552
0.940594,0.346535,1.78692
0.950495,0.346535,1.82702
0.960396,0.346535,1.8656
0.970297,0.346535,1.90243
0.980198,0.346535,1.93728
0.990099,0.346535,1.96989
1,0.346535,2
0,0.356436,3.62001
0.00990099,0.356436,3.44613
0.019802,0.356436,3.27757
0.029703,0.356436,3.11424
0.039604,0.356436,2.95608
0.049505,0.356436,2.80305
0.0594059,0.356436,2.6551
0.0693069,0.356436,2.5122
0.0792079,0.356436,2.37433
0.0891089,0.356436,2.24146
0.0990099,0.356436,2.11356
0.108911,0.356436,1.99062
0.118812,0.356436,1.87261
0.128713,0.356436,1.7595
0.138614,0.356436,1.65127
0.148515,0.356436,1.54788
0.158416,0.356436,1.44929
0.168317,0.356436,1.35546
0.178218,0.356436,1.26633
0.188119,0.356436,1.18186
0.19802,0.356436,1.10198
0.207921,0.356436,1.02662
0.217822,0.356436,0.955704
0.227723,0.356436,0.889145
0.237624,0.356436,0.826854
0.247525,0.356436,0.768737
0.257426,0.356436,0.714691
0.267327,0.356436,0.664611
0.277228,0.356436,0.618385
0.287129,0.356436,0.575897
0.29703,0.356436,0.537028
0.306931,0.356436,0.501656
0.316832,0.356436,0.469658
0.326733,0.356436,0.440908
0.336634,0.356436,0.415278
0.346535,0.356436,0.392644
0.356436,0.356436,0.372879
0.366337,0.356436,0.355857
0.376238,0.356436,0.341457
0.386139,0.356436,0.329557
0.39604,0.356436,0.32004
0.405941,0.356436,0.312792
0.415842,0.356436,0.307703
0.425743,0.356436,0.304667
0.435644,0.356436,0.303582
0.445545,0.356436,0.304355
0.455446,0.356436,0.306893
0.465347,0.356436,0.311112
0.475248,0.356436,0.316935
0.485149,0.356436,0.324287
0.49505,0.356436,0.333103
0.50495,0.356436,0.343321
0.514851,0.356436,0.354887
0.524752,0.356436,0.367752
0.534653,0.356436,0.381874
0.544554,0.356436,0.397215
0.554455,0.356436,0.413744
0.564356,0.356436,0.431435
0.574257,0.356436,0.450265
0.584158,0.356436,0.470217
0.594059,0.356436,0.491279
0.60396,0.356436,0.51344
0.613861,0.356436,0.536694
0.623762,0.356436,0.561038
0.633663,0.356436,0.586469
0.643564,0.356436,0.612988
0.653465,0.356436,0.640594
0.663366,0.356436,0.669289
0.673267,0.356436,0.699074
0.683168,0.356436,0.729947
0.693069,0.356436,0.761906
0.70297,0.356436,0.794946
0.712871,0.356436,0.82906
0.722772,0.356436,0.864235
0.732673,0.356436,0.900456
0.742574,0.356436,0.937701
0.752475,0.356436,0.975943
0.762376,0.356436,1.01515
0.772277,0.356436,1.05528
0.782178,0.356436,1.09628
0.792079,0.356436,1.1381
0.80198,0.356436,1.18067
0.811881,0.356436,1.22392
0.821782,0.356436,1.26776
0.831683,0.356436,1.31211
0.841584,0.356436,1.35685
0.851485,0.356436,1.40187
0.861386,0.356436,1.44705
0.871287,0.356436,1.49225
0.881188,0.356436,1.53732
0.891089,0.356436,1.58211
0.90099,0.356436,1.62645
0.910891,0.356436,1.67015
0.920792,0.356436,1.71302
0.930693,0.356436,1.75487
0.940594,0.356436,1.79549
0.950495,0.356436,1.83464
0.960396,0.356436,1.87209
0.970297,0.356436,1.90762
0.980198,0.356436,1.94095
0.990099,0.356436,1.97184
1,0.356436,2
0,0.366337,3.66759
0.00990099,0.366337,3.48756
0.019802,0.366337,3.31322
0.029703,0.366337,3.1445
0.039604,0.366337,2.9813
0.049505,0.366337,2.82356
0.0594059,0.366337,2.67122
0.0693069,0.366337,2.52424
0.0792079,0.366337,2.38256
0.0891089,0.366337,2.24615
0.0990099,0.366337,2.11497
0.108911,0.366337,1.98899
0.118812,0.366337,1.86817
0.128713,0.366337,1.75247
0.138614,0.366337,1.64186
0.148515,0.366337,1.53629
0.158416,0.366337,1.4357
0.168317,0.366337,1.34006
0.178218,0.366337,1.2493
0.188119,0.366337,1.16334
0.19802,0.366337,1.08214
0.207921,0.366337,1.00559
0.217822,0.366337,0.933633
0.227723,0.366337,0.866163
0.237624,0.366337,0.803087
0.247525,0.366337,0.744304
0.257426,0.366337,0.689706
0.267327,0.366337,0.639179
0.277228,0.366337,0.592608
0.287129,0.366337,0.549872
0.29703,0.366337,0.510845
0.306931,0.366337,0.475402
0.316832,0.366337,0.443413
0.326733,0.366337,0.414748
0.336634,0.366337,0.389276
0.346535,0.366337,0.366867
0.356436,0.366337,0.347391
0.366337,0.366337,0.330718
0.376238,0.366337,0.316722
0.386139,0.366337,0.305279
0.39604,0.366337,0.296267
0.405941,0.366337,0.289569
0.415842,0.366337,0.285073
0.425743,0.366337,0.282668
0.435644,0.366337,0.282251
0.445545,0.366337,0.283724
0.455446,0.366337,0.286993
0.465347,0.366337,0.291972
0.475248,0.366337,0.298578
0.485149,0.366337,0.306738
0.49505,0.366337,0.316381
0.50495,0.366337,0.327446
0.514851,0.366337,0.339875
0.524752,0.366337,0.353618
0.534653,0.366337,0.36863
0.544554,0.366337,0.384872
0.554455,0.366337,0.402311
0.564356,0.366337,0.420918
0.574257,0.366337,0.440671
0.584158,0.366337,0.46155
0.594059,0.366337,0.48354
0.60396,0.366337,0.506631
0.613861,0.366337,0.530814
0.623762,0.366337,0.556084
0.633663,0.366337,0.582437
0.643564,0.366337,0.609872
0.653465,0.366337,0.638388
0.663366,0.366337,0.667983
0.673267,0.366337,0.698657
0.683168,0.366337,0.730407
0.693069,0.366337,0.763228
0.70297,0.366337,0.797114
0.712871,0.366337,0.832053
0.722772,0.366337,0.868034
0.732673,0.366337,0.905036
0.742574,0.366337,0.943035
0.752475,0.366337,0.982001
0.762376,0.366337,1.0219
0.772277,0.366337,1.06268
0.782178,0.366337,1.1043
0.792079,0.366337,1.14669
0.80198,0.366337,1.18979
0.811881,0.366337,1.23351
0.821782,0.366337,1.27777
0.831683,0.366337,1.32247
0.841584,0.366337,1.3675
0.851485,0.366337,1.41274
0.861386,0.366337,1.45805
0.871287,0.366337,1.5033
0.881188,0.366337,1.54833
0.891089,0.366337,1.59297
0.90099,0.366337,1.63705
0.910891,0.366337,1.68038
0.920792,0.366337,1.72276
0.930693,0.366337,1.76398
0.940594,0.366337,1.80382
0.950495,0.366337,1.84204
0.960396,0.366337,1.8784
0.970297,0.366337,1.91264
0.980198,0.366337,1.94451
0.990099,0.366337,1.97372
1,0.366337,2
0,0.376238,3.71258
0.00990099,0.376238,3.52674
0.019802,0.376238,3.34697
0.029703,0.376238,3.17315
0.039604,0.376238,3.0052
0.049505,0.376238,2.84302
0.0594059,0.376238,2.68654
0.0693069,0.376238,2.53569
0.0792079,0.376238,2.39042
0.0891089,0.376238,2.25068
0.0990099,0.376238,2.11641
0.108911,0.376238,1.98757
0.118812,0.376238,1.8641
0.128713,0.376238,1.74597
0.138614,0.376238,1.63312
0.148515,0.376238,1.5255
0.158416,0.376238,1.42304
0.168317,0.376238,1.3257
0.178218,0.376238,1.23339
0.188119,0.376238,1.14605
0.19802,0.376238,1.0636
0.207921,0.376238,0.98595
0.217822,0.376238,0.913014
0.227723,0.376238,0.844695
0.237624,0.376238,0.780889
0.247525,0.376238,0.721487
0.257426,0.376238,0.666377
0.267327,0.376238,0.61544
0.277228,0.376238,0.568555
0.287129,0.376238,0.525594
0.29703,0.376238,0.486429
0.306931,0.376238,0.450928
0.316832,0.376238,0.418958
0.326733,0.376238,0.390384
0.336634,0.376238,0.365071
0.346535,0.376238,0.342885
0.356436,0.376238,0.32369
0.366337,0.376238,0.307356
0.376238,0.376238,0.293751
0.386139,0.376238,0.282748
0.39604,0.376238,0.274222
0.405941,0.376238,0.268053
0.415842,0.376238,0.264124
0.425743,0.376238,0.262323
0.435644,0.376238,0.262545
0.445545,0.376238,0.264687
0.455446,0.376238,0.268654
0.465347,0.376238,0.274356
0.475248,0.376238,0.28171
0.485149,0.376238,0.290639
0.49505,0.376238,0.30107
0.50495,0.376238,0.31294
0.514851,0.376238,0.32619
0.524752,0.376238,0.340767
0.534653,0.376238,0.356624
0.544554,0.376238,0.373722
0.554455,0.376238,0.392024
0.564356,0.376238,0.411501
0.574257,0.376238,0.432129
0.584158,0.376238,0.453886
0.594059,0.376238,0.476756
0.60396,0.376238,0.500726
0.613861,0.376238,0.525788
0.623762,0.376238,0.551934
0.633663,0.376238,0.579159
0.643564,0.376238,0.60746
0.653465,0.376238,0.636834
0.663366,0.376238,0.667278
0.673267,0.376238,0.69879
0.683168,0.376238,0.731365
0.693069,0.376238,0.764997
0.70297,0.376238,0.799677
0.712871,0.376238,0.835393
0.722772,0.376238,0.872128
0.732673,0.376238,0.909861
0.742574,0.376238,0.948566
0.752475,0.376238,0.988209
0.762376,0.376238,1.02875
0.772277,0.376238,1.07014
0.782178,0.376238,1.11233
0.792079,0.376238,1.15526
0.80198,0.376238,1.19884
0.811881,0.376238,1.24299
0.821782,0.376238,1.28763
0.831683,0.376238,1.33265
0.841584,0.376238,1.37794
0.851485,0.376238,1.42336
0.861386,0.376238,1.46878
0.871287,0.376238,1.51406
0.881188,0.376238,1.55902
0.891089,0.376238,1.60351
0.90099,0.376238,1.64733
0.910891,0.376238,1.69029
0.920792,0.376238,1.73217
0.930693,0.376238,1.77277
0.940594,0.376238,1.81185
0.950495,0.376238,1.84916
0.960396,0.376238,1.88445
0.970297,0.376238,1.91747
0.980198,0.376238,1.94792
0.990099,0.376238,1.97553
1,0.376238,2
0,0.386139,3.75482
0.00990099,0.386139,3.56353
0.019802,0.386139,3.37866
0.029703,0.386139,3.20008
0.039604,0.386139,3.02767
0.049505,0.386139,2.86133
0.0594059,0.386139,2.70097
0.0693069,0.386139,2.54651
0.0792079,0.386139,2.39788
0.0891089,0.386139,2.25502
0.0990099,0.386139,2.11786
0.108911,0.386139,1.98634
0.118812,0.386139,1.8604
0.128713,0.386139,1.74
0.138614,0.386139,1.62505
0.148515,0.386139,1.51552
0.158416,0.386139,1.41131
0.168317,0.386139,1.31238
0.178218,0.386139,1.21863
0.188119,0.386139,1.13
0.19802,0.386139,1.04639
0.207921,0.386139,0.967718
0.217822,0.386139,0.893879
0.227723,0.386139,0.824772
0.237624,0.386139,0.76029
0.247525,0.386139,0.700318
0.257426,0.386139,0.644738
0.267327,0.386139,0.593425
0.277228,0.386139,0.546253
0.287129,0.386139,0.503091
0.29703,0.386139,0.463805
0.306931,0.386139,0.428259
0.316832,0.386139,0.396315
0.326733,0.386139,0.367835
0.336634,0.386139,0.34268
0.346535,0.386139,0.32071
0.356436,0.386139,0.301789
0.366337,0.386139,0.28578
0.376238,0.386139,0.272549
0.386139,0.386139,0.261966
0.39604,0.386139,0.253903
0.405941,0.386139,0.248236
0.415842,0.386139,0.244847
0.425743,0.386139,0.24362
0.435644,0.386139,0.244446
0.445545,0.386139,0.247222
0.455446,0.386139,0.251849
0.465347,0.386139,0.258236
0.475248,0.386139,0.266296
0.485149,0.386139,0.275951
0.49505,0.386139,0.287127
0.50495,0.386139,0.299757
0.514851,0.386139,0.313781
0.524752,0.386139,0.329144
0.534653,0.386139,0.345798
0.544554,0.386139,0.363702
0.554455,0.386139,0.382817
0.564356,0.386139,0.403113
0.574257,0.386139,0.424564
0.584158,0.386139,0.447146
0.594059,0.386139,0.470843
0.60396,0.386139,0.495641
0.613861,0.386139,0.521528
0.623762,0.386139,0.548496
0.633663,0.386139,0.576538
0.643564,0.386139,0.605651
0.653465,0.386139,0.635829
0.663366,0.386139,0.667068
0.673267,0.386139,0.699365
0.683168,0.386139,0.732712
0.693069,0.386139,0.767101
0.70297,0.386139,0.802522
0.712871,0.386139,0.838961
0.722772,0.386139,0.876399
0.732673,0.386139,0.914812
0.742574,0.386139,0.954172
0.752475,0.386139,0.994443
0.762376,0.386139,1.03558
0.772277,0.386139,1.07754
0.782178,0.386139,1.12026
0.792079,0.386139,1.16366
0.80198,0.386139,1.20769
0.811881,0.386139,1.25224
0.821782,0.386139,1.29722
0.831683,0.386139,1.34253
0.841584,0.386139,1.38804
0.851485,0.386139,1.43362
0.861386,0.386139,1.47913
0.871287,0.386139,1.52441
0.881188,0.386139,1.5693
0.891089,0.386139,1.61362
0.90099,0.386139,1.65718
0.910891,0.386139,1.69977
0.920792,0.386139,1.74117
0.930693,0.386139,1.78117
0.940594,0.386139,1.81951
0.950495,0.386139,1.85595
0.960396,0.386139,1.89023
0.970297,0.386139,1.92206
0.980198,0.386139,1.95117
0.990099,0.386139,1.97725
1,0.386139,2
0,0.39604,3.79414
0.00990099,0.39604,3.59779
0.019802,0.39604,3.40818
0.029703,0.39604,3.22517
0.039604,0.39604,3.04862
0.049505,0.39604,2.87842
0.0594059,0.39604,2.71445
0.0693069,0.39604,2.55664
0.0792079,0.39604,2.40489
0.0891089,0.39604,2.25913
0.0990099,0.39604,2.11929
0.108911,0.39604,1.98529
0.118812,0.39604,1.85706
0.128713,0.39604,1.73454
0.138614,0.39604,1.61766
0.148515,0.39604,1.50635
0.158416,0.39604,1.40053
0.168317,0.39604,1.30013
0.178218,0.39604,1.20505
0.188119,0.39604,1.11522
0.19802,0.39604,1.03055
0.207921,0.39604,0.950925
0.217822,0.39604,0.876253
0.227723,0.39604,0.806423
0.237624,0.39604,0.74132
0.247525,0.39604,0.680825
0.257426,0.39604,0.624814
0.267327,0.39604,0.57316
0.277228,0.39604,0.52573
0.287129,0.39604,0.482388
0.29703,0.39604,0.442997
0.306931,0.39604,0.407416
0.316832,0.39604,0.375504
0.326733,0.39604,0.347119
0.336634,0.39604,0.322116
0.346535,0.39604,0.300355
0.356436,0.39604,0.281694
0.366337,0.39604,0.265994
0.376238,0.39604,0.253118
0.386139,0.39604,0.242932
0.39604,0.39604,0.235306
0.405941,0.39604,0.230112
0.415842,0.39604,0.22723
0.425743,0.39604,0.226542
0.435644,0.39604,0.227936
0.445545,0.39604,0.231306
0.455446,0.39604,0.236553
0.465347,0.39604,0.243581
0.475248,0.39604,0.252303
0.485149,0.39604,0.262638
0.49505,0.39604,0.27451
0.50495,0.39604,0.287851
0.514851,0.39604,0.302599
0.524752,0.39604,0.318697
0.534653,0.39604,0.336095
0.544554,0.39604,0.354751
0.554455,0.39604,0.374625
0.564356,0.39604,0.395686
0.574257,0.39604,0.417903
0.584158,0.39604,0.441256
0.594059,0.39604,0.465724
0.60396,0.39604,0.491291
0.613861,0.39604,0.517947
0.623762,0.39604,0.54568
0.633663,0.39604,0.574483
0.643564,0.39604,0.60435
0.653465,0.39604,0.635275
0.663366,0.39604,0.667253
0.673267,0.39604,0.700277
0.683168,0.39604,0.73434
0.693069,0.39604,0.769431
0.70297,0.39604,0.805539
0.712871,0.39604,0.842647
0.722772,0.39604,0.880734
0.732673,0.39604,0.919776
0.742574,0.39604,0.959739
0.752475,0.39604,1.00059
0.762376,0.39604,1.04228
0.772277,0.39604,1.08475
0.782178,0.39604,1.12795
0.792079,0.39604,1.1718
0.80198,0.39604,1.21623
0.811881,0.39604,1.26114
0.821782,0.39604,1.30643
0.831683,0.39604,1.35199
0.841584,0.39604,1.3977
0.851485,0.39604,1.44341
0.861386,0.39604,1.48899
0.871287,0.39604,1.53427
0.881188,0.39604,1.57907
0.891089,0.39604,1.62322
0.90099,0.39604,1.66652
0.910891,0.39604,1.70875
0.920792,0.39604,1.74969
0.930693,0.39604,1.78911
0.940594,0.39604,1.82675
0.950495,0.39604,1.86237
0.960396,0.39604,1.89568
0.970297,0.39604,1.92639
0.980198,0.39604,1.95423
0.990099,0.39604,1.97887
1,0.39604,2
0,0.405941,3.83039
0.00990099,0.405941,3.62938
0.019802,0.405941,3.43541
0.029703,0.405941,3.24832
0.039604,0.405941,3.06796
0.049505,0.405941,2.8942
0.0594059,0.405941,2.72693
0.0693069,0.405941,2.56603
0.0792079,0.405941,2.41141
0.0891089,0.405941,2.26299
0.0990099,0.405941,2.12068
0.108911,0.405941,1.98439
0.118812,0.405941,1.85406
0.128713,0.405941,1.72961
0.138614,0.405941,1.61095
0.148515,0.405941,1.49801
0.158416,0.405941,1.3907
0.168317,0.405941,1.28895
0.178218,0.405941,1.19266
0.188119,0.405941,1.10174
0.19802,0.405941,1.01608
0.207921,0.405941,0.935594
0.217822,0.405941,0.860162
0.227723,0.405941,0.78967
0.237624,0.405941,0.724002
0.247525,0.405941,0.663032
0.257426,0.405941,0.606632
0.267327,0.405941,0.554669
0.277228,0.405941,0.507007
0.287129,0.405941,0.463506
0.29703,0.405941,0.424025
0.306931,0.405941,0.388418
0.316832,0.405941,0.356542
0.326733,0.405941,0.328248
0.336634,0.405941,0.303393
0.346535,0.405941,0.28183
0.356436,0.405941,0.263414
0.366337,0.405941,0.248004
0.376238,0.405941,0.23546
0.386139,0.405941,0.225645
0.39604,0.405941,0.218425
0.405941,0.405941,0.213673
0.415842,0.405941,0.211262
0.425743,0.405941,0.211075
0.435644,0.405941,0.212997
0.445545,0.405941,0.216919
0.455446,0.405941,0.22274
0.465347,0.405941,0.230363
0.475248,0.405941,0.239698
0.485149,0.405941,0.250663
0.49505,0.405941,0.26318
0.50495,0.405941,0.277179
0.514851,0.405941,0.292596
0.524752,0.405941,0.309374
0.534653,0.405941,0.327461
0.544554,0.405941,0.346812
0.554455,0.405941,0.367388
0.564356,0.405941,0.389154
0.574257,0.405941,0.41208
0.584158,0.405941,0.436143
0.594059,0.405941,0.461322
0.60396,0.405941,0.4876
0.613861,0.405941,0.514964
0.623762,0.405941,0.543403
0.633663,0.405941,0.572907
0.643564,0.405941,0.603468
0.653465,0.405941,0.635081
0.663366,0.405941,0.667738
0.673267,0.405941,0.701431
0.683168,0.405941,0.736151
0.693069,0.405941,0.771887
0.70297,0.405941,0.808625
0.712871,0.405941,0.846346
0.722772,0.405941,0.885028
0.732673,0.405941,0.924644
0.742574,0.405941,0.96516
0.752475,0.405941,1.00654
0.762376,0.405941,1.04872
0.772277,0.405941,1.09167
0.782178,0.405941,1.1353
0.792079,0.405941,1.17956
0.80198,0.405941,1.22435
0.811881,0.405941,1.26958
0.821782,0.405941,1.31515
0.831683,0.405941,1.36094
0.841584,0.405941,1.40681
0.851485,0.405941,1.45264
0.861386,0.405941,1.49827
0.871287,0.405941,1.54353
0.881188,0.405941,1.58825
0.891089,0.405941,1.63223
0.90099,0.405941,1.67527
0.910891,0.405941,1.71716
0.920792,0.405941,1.75766
0.930693,0.405941,1.79653
0.940594,0.405941,1.83352
0.950495,0.405941,1.86835
0.960396,0.405941,1.90076
0.970297,0.405941,1.93043
0.980198,0.405941,1.95708
0.990099,0.405941,1.98038
1,0.405941,2
0,0.415842,3.86342
0.00990099,0.415842,3.65817
0.019802,0.415842,3.46023
0.029703,0.415842,3.26943
0.039604,0.415842,3.08561
0.049505,0.415842,2.90862
0.0594059,0.415842,2.73833
0.0693069,0.415842,2.57462
0.0792079,0.415842,2.4174
0.0891089,0.415842,2.26656
0.0990099,0.415842,2.122
0.108911,0.415842,1.98364
0.118812,0.415842,1.8514
0.128713,0.415842,1.72518
0.138614,0.415842,1.60491
0.148515,0.415842,1.49049
0.158416,0.415842,1.38184
0.168317,0.415842,1.27887
0.178218,0.415842,1.18147
0.188119,0.415842,1.08956
0.19802,0.415842,1.00302
0.207921,0.415842,0.921745
0.217822,0.415842,0.845624
0.227723,0.415842,0.774537
0.237624,0.415842,0.708359
0.247525,0.415842,0.646962
0.257426,0.415842,0.590212
0.267327,0.415842,0.537974
0.277228,0.415842,0.490106
0.287129,0.415842,0.446465
0.29703,0.415842,0.406906
0.306931,0.415842,0.371281
0.316832,0.415842,0.339441
0.326733,0.415842,0.311237
0.336634,0.415842,0.28652
0.346535,0.415842,0.265141
0.356436,0.415842,0.246953
0.366337,0.415842,0.231812
0.376238,0.415842,0.219574
0.386139,0.415842,0.210101
0.39604,0.415842,0.203256
0.405941,0.415842,0.198909
0.415842,0.415842,0.196932
0.425743,0.415842,0.197205
0.435644,0.415842,0.19961
0.445545,0.415842,0.204039
0.455446,0.415842,0.210386
0.465347,0.415842,0.218554
0.475248,0.415842,0.228451
0.485149,0.415842,0.239992
0.49505,0.415842,0.253099
0.50495,0.415842,0.2677
0.514851,0.415842,0.283729
0.524752,0.415842,0.301128
0.534653,0.415842,0.319845
0.544554,0.415842,0.339831
0.554455,0.415842,0.361047
0.564356,0.415842,0.383457
0.574257,0.415842,0.407031
0.584158,0.415842,0.431742
0.594059,0.415842,0.45757
0.60396,0.415842,0.484496
0.613861,0.415842,0.512505
0.623762,0.415842,0.541586
0.633663,0.415842,0.571728
0.643564,0.415842,0.602923
0.653465,0.415842,0.635161
0.663366,0.415842,0.668436
0.673267,0.415842,0.702737
0.683168,0.415842,0.738054
0.693069,0.415842,0.774376
0.70297,0.415842,0.811684
0.712871,0.415842,0.849961
0.722772,0.415842,0.889182
0.732673,0.415842,0.929318
0.742574,0.415842,0.970333
0.752475,0.415842,1.01218
0.762376,0.415842,1.05482
0.772277,0.415842,1.09819
0.782178,0.415842,1.14222
0.792079,0.415842,1.18684
0.80198,0.415842,1.23195
0.811881,0.415842,1.27747
0.821782,0.415842,1.32328
0.831683,0.415842,1.36927
0.841584,0.415842,1.41529
0.851485,0.415842,1.46122
0.861386,0.415842,1.50689
0.871287,0.415842,1.55212
0.881188,0.415842,1.59675
0.891089,0.415842,1.64057
0.90099,0.415842,1.68337
0.910891,0.415842,1.72493
0.920792,0.415842,1.76502
0.930693,0.415842,1.80338
0.940594,0.415842,1.83975
0.950495,0.415842,1.87387
0.960396,0.415842,1.90543
0.970297,0.415842,1.93415
0.980198,0.415842,1.9597
0.990099,0.415842,1.98176
1,0.415842,2
0,0.425743,3.89312
0.00990099,0.425743,3.68406
0.019802,0.425743,3.48256
0.029703,0.425743,3.28843
0.039604,0.425743,3.10149
0.049505,0.425743,2.9216
0.0594059,0.425743,2.7486
0.0693069,0.425743,2.58238
0.0792079,0.425743,2.42282
0.0891089,0.425743,2.2698
0.0990099,0.425743,2.12324
0.108911,0.425743,1.98302
0.118812,0.425743,1.84906
0.128713,0.425743,1.72127
0.138614,0.425743,1.59955
0.148515,0.425743,1.48381
0.158416,0.425743,1.37395
0.168317,0.425743,1.26988
0.178218,0.425743,1.1715
0.188119,0.425743,1.0787
0.19802,0.425743,0.991367
0.207921,0.425743,0.909394
0.217822,0.425743,0.83266
0.227723,0.425743,0.761041
0.237624,0.425743,0.69441
0.247525,0.425743,0.632633
0.257426,0.425743,0.575573
0.267327,0.425743,0.523091
0.277228,0.425743,0.475042
0.287129,0.425743,0.43128
0.29703,0.425743,0.391655
0.306931,0.425743,0.356017
0.316832,0.425743,0.324214
0.326733,0.425743,0.296094
0.336634,0.425743,0.271505
0.346535,0.425743,0.250296
0.356436,0.425743,0.232316
0.366337,0.425743,0.217419
0.376238,0.425743,0.20546
0.386139,0.425743,0.196297
0.39604,0.425743,0.189792
0.405941,0.425743,0.185812
0.415842,0.425743,0.184228
0.425743,0.425743,0.184916
0.435644,0.425743,0.18776
0.445545,0.425743,0.192646
0.455446,0.425743,0.199468
0.465347,0.425743,0.208128
0.475248,0.425743,0.218532
0.485149,0.425743,0.230593
0.49505,0.425743,0.244232
0.50495,0.425743,0.259376
0.514851,0.425743,0.275957
0.524752,0.425743,0.293916
0.534653,0.425743,0.313199
0.544554,0.425743,0.333758
0.554455,0.425743,0.355551
0.564356,0.425743,0.378541
0.574257,0.425743,0.402697
0.584158,0.425743,0.427992
0.594059,0.425743,0.454403
0.60396,0.425743,0.481911
0.613861,0.425743,0.510501
0.623762,0.425743,0.540159
0.633663,0.425743,0.570875
0.643564,0.425743,0.602637
0.653465,0.425743,0.635437
0.663366,0.425743,0.669266
0.673267,0.425743,0.704112
0.683168,0.425743,0.739966
0.693069,0.425743,0.776811
0.70297,0.425743,0.814631
0.712871,0.425743,0.853406
0.722772,0.425743,0.893109
0.732673,0.425743,0.933709
0.742574,0.425743,0.975169
0.752475,0.425743,1.01745
0.762376,0.425743,1.06049
0.772277,0.425743,1.10423
0.782178,0.425743,1.14861
0.792079,0.425743,1.19354
0.80198,0.425743,1.23895
0.811881,0.425743,1.28472
0.821782,0.425743,1.33074
0.831683,0.425743,1.3769
0.841584,0.425743,1.42305
0.851485,0.425743,1.46906
0.861386,0.425743,1.51475
0.871287,0.425743,1.55996
0.881188,0.425743,1.60449
0.891089,0.425743,1.64816
0.90099,0.425743,1.69073
0.910891,0.425743,1.732
0.920792,0.425743,1.7717
0.930693,0.425743,1.8096
0.940594,0.425743,1.84542
0.950495,0.425743,1.87887
0.960396,0.425743,1.90968
0.970297,0.425743,1.93752
0.980198,0.425743,1.96208
0.990099,0.425743,1.98302
1,0.425743,2
0,0.435644,3.91935
0.00990099,0.435644,3.70693
0.019802,0.435644,3.50229
0.029703,0.435644,3.30522
0.039604,0.435644,3.11554
0.049505,0.435644,2.93308
0.0594059,0.435644,2.7577
0.0693069,0.435644,2.58926
0.0792079,0.435644,2.42763
0.0891089,0.435644,2.2727
0.0990099,0.435644,2.12436
0.108911,0.435644,1.98251
0.118812,0.435644,1.84704
0.128713,0.435644,1.71786
0.138614,0.435644,1.59486
0.148515,0.435644,1.47795
0.158416,0.435644,1.36704
0.168317,0.435644,1.262
0.178218,0.435644,1.16275
0.188119,0.435644,1.06917
0.19802,0.435644,0.981145
0.207921,0.435644,0.898557
0.217822,0.435644,0.821284
0.227723,0.435644,0.7492
0.237624,0.435644,0.682171
0.247525,0.435644,0.620061
0.257426,0.435644,0.562731
0.267327,0.435644,0.510037
0.277228,0.435644,0.461831
0.287129,0.435644,0.417965
0.29703,0.435644,0.378285
0.306931,0.435644,0.342638
0.316832,0.435644,0.310871
0.326733,0.435644,0.282828
0.336634,0.435644,0.258355
0.346535,0.435644,0.237298
0.356436,0.435644,0.219505
0.366337,0.435644,0.204827
0.376238,0.435644,0.193116
0.386139,0.435644,0.18423
0.39604,0.435644,0.178027
0.405941,0.435644,0.174374
0.415842,0.435644,0.173139
0.425743,0.435644,0.174197
0.435644,0.435644,0.177429
0.445545,0.435644,0.182721
0.455446,0.435644,0.189965
0.465347,0.435644,0.199061
0.475248,0.435644,0.209914
0.485149,0.435644,0.222437
0.49505,0.435644,0.236547
0.50495,0.435644,0.252172
0.514851,0.435644,0.269242
0.524752,0.435644,0.287697
0.534653,0.435644,0.307482
0.544554,0.435644,0.328548
0.554455,0.435644,0.350851
0.564356,0.435644,0.374354
0.574257,0.435644,0.399025
0.584158,0.435644,0.424836
0.594059,0.435644,0.451763
0.60396,0.435644,0.479786
0.613861,0.435644,0.508889
0.623762,0.435644,0.539057
0.633663,0.435644,0.570279
0.643564,0.435644,0.602543
0.653465,0.435644,0.635838
0.663366,0.435644,0.670156
0.673267,0.435644,0.705483
0.683168,0.435644,0.741808
0.693069,0.435644,0.779116
0.70297,0.435644,0.817386
0.712871,0.435644,0.856599
0.722772,0.435644,0.896725
0.732673,0.435644,0.937734
0.742574,0.435644,0.979585
0.752475,0.435644,1.02223
0.762376,0.435644,1.06563
0.772277,0.435644,1.1097
0.782178,0.435644,1.15438
0.792079,0.435644,1.1996
0.80198,0.435644,1.24525
0.811881,0.435644,1.29124
0.821782,0.435644,1.33745
0.831683,0.435644,1.38375
0.841584,0.435644,1.43001
0.851485,0.435644,1.47608
0.861386,0.435644,1.52179
0.871287,0.435644,1.56697
0.881188,0.435644,1.61142
0.891089,0.435644,1.65494
0.90099,0.435644,1.69731
0.910891,0.435644,1.7383
0.920792,0.435644,1.77767
0.930693,0.435644,1.81514
0.940594,0.435644,1.85046
0.950495,0.435644,1.88333
0.960396,0.435644,1.91346
0.970297,0.435644,1.94052
0.980198,0.435644,1.96419
0.990099,0.435644,1.98414
1,0.435644,2
0,0.445545,3.94203
0.00990099,0.445545,3.72671
0.019802,0.445545,3.51936
0.029703,0.445545,3.31975
0.039604,0.445545,3.1277
0.049505,0.445545,2.94303
0.0594059,0.445545,2.76559
0.0693069,0.445545,2.59523
0.0792079,0.445545,2.43182
0.0891089,0.445545,2.27524
0.0990099,0.445545,2.12537
0.108911,0.445545,1.9821
0.118812,0.445545,1.84533
0.128713,0.445545,1.71494
0.138614,0.445545,1.59085
0.148515,0.445545,1.47294
0.158416,0.445545,1.3611
0.168317,0.445545,1.25524
0.178218,0.445545,1.15524
0.188119,0.445545,1.06099
0.19802,0.445545,0.972362
0.207921,0.445545,0.889246
0.217822,0.445545,0.81151
0.227723,0.445545,0.739025
0.237624,0.445545,0.671655
0.247525,0.445545,0.609261
0.257426,0.445545,0.5517
0.267327,0.445545,0.498825
0.277228,0.445545,0.450486
0.287129,0.445545,0.406531
0.29703,0.445545,0.366806
0.306931,0.445545,0.331155
0.316832,0.445545,0.29942
0.326733,0.445545,0.271446
0.336634,0.445545,0.247075
0.346535,0.445545,0.226152
0.356436,0.445545,0.208522
0.366337,0.445545,0.194035
0.376238,0.445545,0.182541
0.386139,0.445545,0.173895
0.39604,0.445545,0.167956
0.405941,0.445545,0.164586
0.415842,0.445545,0.163655
0.425743,0.445545,0.165034
0.435644,0.445545,0.168603
0.445545,0.445545,0.174247
0.455446,0.445545,0.181857
0.465347,0.445545,0.191332
0.475248,0.445545,0.202575
0.485149,0.445545,0.215497
0.49505,0.445545,0.230016
0.50495,0.445545,0.246057
0.514851,0.445545,0.263551
0.524752,0.445545,0.282436
0.534653,0.445545,0.302655
0.544554,0.445545,0.324159
0.554455,0.445545,0.346904
0.564356,0.445545,0.370852
0.574257,0.445545,0.395968
0.584158,0.445545,0.422225
0.594059,0.445545,0.449598
0.60396,0.445545,0.478067
0.613861,0.445545,0.507613
0.623762,0.445545,0.538222
0.633663,0.445545,0.569881
0.643564,0.445545,0.602578
0.653465,0.445545,0.636302
0.663366,0.445545,0.671041
0.673267,0.445545,0.706784
0.683168,0.445545,0.743516
0.693069,0.445545,0.781221
0.70297,0.445545,0.81988
0.712871,0.445545,0.859469
0.722772,0.445545,0.899961
0.732673,0.445545,0.94132
0.742574,0.445545,0.983508
0.752475,0.445545,1.02648
0.762376,0.445545,1.07017
0.772277,0.445545,1.11453
0.782178,0.445545,1.15947
0.792079,0.445545,1.20492
0.80198,0.445545,1.25079
0.811881,0.445545,1.29696
0.821782,0.445545,1.34333
0.831683,0.445545,1.38976
0.841584,0.445545,1.43611
0.851485,0.445545,1.48223
0.861386,0.445545,1.52795
0.871287,0.445545,1.5731
0.881188,0.445545,1.61747
0.891089,0.445545,1.66086
0.90099,0.445545,1.70305
0.910891,0.445545,1.7438
0.920792,0.445545,1.78287
0.930693,0.445545,1.81998
0.940594,0.445545,1.85486
0.950495,0.445545,1.88721
0.960396,0.445545,1.91674
0.970297,0.445545,1.94313
0.980198,0.445545,1.96603
0.990099,0.445545,1.98511
1,0.445545,2
0,0.455446,3.96107
0.00990099,0.455446,3.74332
0.019802,0.455446,3.53368
0.029703,0.455446,3.33194
0.039604,0.455446,3.13791
0.049505,0.455446,2.95138
0.0594059,0.455446,2.77222
0.0693069,0.455446,2.60025
0.0792079,0.455446,2.43535
0.0891089,0.455446,2.27738
0.0990099,0.455446,2.12623
0.108911,0.455446,1.98177
0.118812,0.455446,1.84391
0.128713,0.455446,1.71252
0.138614,0.455446,1.58751
0.148515,0.455446,1.46875
0.158416,0.455446,1.35615
0.168317,0.455446,1.2496
0.178218,0.455446,1.14897
0.188119,0.455446,1.05415
0.19802,0.455446,0.96503
0.207921,0.455446,0.881471
0.217822,0.455446,0.803349
0.227723,0.455446,0.73053
0.237624,0.455446,0.662875
0.247525,0.455446,0.600244
0.257426,0.455446,0.54249
0.267327,0.455446,0.489465
0.277228,0.455446,0.441016
0.287129,0.455446,0.396989
0.29703,0.455446,0.357228
0.306931,0.455446,0.321574
0.316832,0.455446,0.289869
0.326733,0.455446,0.261953
0.336634,0.455446,0.237669
0.346535,0.455446,0.21686
0.356436,0.455446,0.199369
0.366337,0.455446,0.185043
0.376238,0.455446,0.173732
0.386139,0.455446,0.16529
0.39604,0.455446,0.159572
0.405941,0.455446,0.156442
0.415842,0.455446,0.155766
0.425743,0.455446,0.157416
0.435644,0.455446,0.161269
0.445545,0.455446,0.16721
0.455446,0.455446,0.175128
0.465347,0.455446,0.184921
0.475248,0.455446,0.196492
0.485149,0.455446,0.20975
0.49505,0.455446,0.224613
0.50495,0.455446,0.241005
0.514851,0.455446,0.258855
0.524752,0.455446,0.2781
0.534653,0.455446,0.298685
0.544554,0.455446,0.320557
0.554455,0.455446,0.343674
0.564356,0.455446,0.367994
0.574257,0.455446,0.393485
0.584158,0.455446,0.420117
0.594059,0.455446,0.447864
0.60396,0.455446,0.476707
0.613861,0.455446,0.506625
0.623762,0.455446,0.537604
0.633663,0.455446,0.56963
0.643564,0.455446,0.60269
0.653465,0.455446,0.636773
0.663366,0.455446,0.671866
0.673267,0.455446,0.707956
0.683168,0.455446,0.74503
0.693069,0.455446,0.783068
0.70297,0.455446,0.822052
0.712871,0.455446,0.861957
0.722772,0.455446,0.902754
0.732673,0.455446,0.944407
0.742574,0.455446,0.986875
0.752475,0.455446,1.03011
0.762376,0.455446,1.07406
0.772277,0.455446,1.11865
0.782178,0.455446,1.16381
0.792079,0.455446,1.20946
0.80198,0.455446,1.2555
0.811881,0.455446,1.30183
0.821782,0.455446,1.34832
0.831683,0.455446,1.39485
0.841584,0.455446,1.44128
0.851485,0.455446,1.48744
0.861386,0.455446,1.53317
0.871287,0.455446,1.57829
0.881188,0.455446,1.62259
0.891089,0.455446,1.66587
0.90099,0.455446,1.70791
0.910891,0.455446,1.74845
0.920792,0.455446,1.78726
0.930693,0.455446,1.82406
0.940594,0.455446,1.85857
0.950495,0.455446,1.89049
0.960396,0.455446,1.91952
0.970297,0.455446,1.94533
0.980198,0.455446,1.96758
0.990099,0.455446,1.98593
1,0.455446,2
0,0.465347,3.97639
0.00990099,0.465347,3.75668
0.019802,0.465347,3.54521
0.029703,0.465347,3.34176
0.039604,0.465347,3.14613
0.049505,0.465347,2.95811
0.0594059,0.465347,2.77756
0.0693069,0.465347,2.6043
0.0792079,0.465347,2.4382
0.0891089,0.465347,2.27912
0.0990099,0.465347,2.12693
0.108911,0.465347,1.98153
0.118812,0.465347,1.84278
0.128713,0.465347,1.71059
0.138614,0.465347,1.58483
0.148515,0.465347,1.4654
0.158416,0.465347,1.35219
0.168317,0.465347,1.24508
0.178218,0.465347,1.14395
0.188119,0.465347,1.04868
0.19802,0.465347,0.959155
0.207921,0.465347,0.875242
0.217822,0.465347,0.79681
0.227723,0.465347,0.723722
0.237624,0.465347,0.65584
0.247525,0.465347,0.593019
0.257426,0.465347,0.535112
0.267327,0.465347,0.481967
0.277228,0.465347,0.433431
0.287129,0.465347,0.389347
0.29703,0.465347,0.349557
0.306931,0.465347,0.313902
0.316832,0.465347,0.282221
0.326733,0.465347,0.254354
0.336634,0.465347,0.230142
0.346535,0.465347,0.209424
0.356436,0.465347,0.192045
0.366337,0.465347,0.17785
0.376238,0.465347,0.166688
0.386139,0.465347,0.15841
0.39604,0.465347,0.152872
0.405941,0.465347,0.149935
0.415842,0.465347,0.149465
0.425743,0.465347,0.151333
0.435644,0.465347,0.155416
0.445545,0.465347,0.161596
0.455446,0.465347,0.169763
0.465347,0.465347,0.179812
0.475248,0.465347,0.191647
0.485149,0.465347,0.205177
0.49505,0.465347,0.220317
0.50495,0.465347,0.236991
0.514851,0.465347,0.255128
0.524752,0.465347,0.274664
0.534653,0.465347,0.295543
0.544554,0.465347,0.317712
0.554455,0.465347,0.341128
0.564356,0.465347,0.365749
0.574257,0.465347,0.391541
0.584158,0.465347,0.418474
0.594059,0.465347,0.446523
0.60396,0.465347,0.475666
0.613861,0.465347,0.505884
0.623762,0.465347,0.537161
0.633663,0.465347,0.569482
0.643564,0.465347,0.602834
0.653465,0.465347,0.637206
0.663366,0.465347,0.672583
0.673267,0.465347,0.708953
0.683168,0.465347,0.7463
0.693069,0.465347,0.784607
0.70297,0.465347,0.823852
0.712871,0.465347,0.86401
0.722772,0.465347,0.905051
0.732673,0.465347,0.94694
0.742574,0.465347,0.989634
0.752475,0.465347,1.03308
0.762376,0.465347,1.07723
0.772277,0.465347,1.12201
0.782178,0.465347,1.16735
0.792079,0.465347,1.21316
0.80198,0.465347,1.25934
0.811881,0.465347,1.30579
0.821782,0.465347,1.35238
0.831683,0.465347,1.39899
0.841584,0.465347,1.44547
0.851485,0.465347,1.49167
0.861386,0.465347,1.5374
0.871287,0.465347,1.58249
0.881188,0.465347,1.62674
0.891089,0.465347,1.66993
0.90099,0.465347,1.71184
0.910891,0.465347,1.75222
0.920792,0.465347,1.79082
0.930693,0.465347,1.82736
0.940594,0.465347,1.86157
0.950495,0.465347,1.89314
0.960396,0.465347,1.92176
0.970297,0.465347,1.94711
0.980198,0.465347,1.96883
0.990099,0.465347,1.98659
1,0.465347,2
0,0.475248,3.98793
0.00990099,0.475248,3.76674
0.019802,0.475248,3.5539
0.029703,0.475248,3.34916
0.039604,0.475248,3.15232
0.049505,0.475248,2.96319
0.0594059,0.475248,2.78159
0.0693069,0.475248,2.60736
0.0792079,0.475248,2.44035
0.0891089,0.475248,2.28043
0.0990099,0.475248,2.12747
0.108911,0.475248,1.98135
0.118812,0.475248,1.84195
0.128713,0.475248,1.70914
0.138614,0.475248,1.58283
0.148515,0.475248,1.46289
0.158416,0.475248,1.34922
0.168317,0.475248,1.24168
0.178218,0.475248,1.14018
0.188119,0.475248,1.04457
0.19802,0.475248,0.954743
0.207921,0.475248,0.870564
0.217822,0.475248,0.791899
0.227723,0.475248,0.718611
0.237624,0.475248,0.650558
0.247525,0.475248,0.587595
0.257426,0.475248,0.529572
0.267327,0.475248,0.476338
0.277228,0.475248,0.427736
0.287129,0.475248,0.38361
0.29703,0.475248,0.343799
0.306931,0.475248,0.308144
0.316832,0.475248,0.276482
0.326733,0.475248,0.248652
0.336634,0.475248,0.224494
0.346535,0.475248,0.203846
0.356436,0.475248,0.186553
0.366337,0.475248,0.172457
0.376238,0.475248,0.161406
0.386139,0.475248,0.153252
0.39604,0.475248,0.14785
0.405941,0.475248,0.14506
0.415842,0.475248,0.144746
0.425743,0.475248,0.146778
0.435644,0.475248,0.151034
0.445545,0.475248,0.157395
0.455446,0.475248,0.165749
0.465347,0.475248,0.175993
0.475248,0.475248,0.188027
0.485149,0.475248,0.201761
0.49505,0.475248,0.21711
0.50495,0.475248,0.233997
0.514851,0.475248,0.25235
0.524752,0.475248,0.272106
0.534653,0.475248,0.293207
0.544554,0.475248,0.3156
0.554455,0.475248,0.339241
0.564356,0.475248,0.364088
0.574257,0.475248,0.390107
0.584158,0.475248,0.417268
0.594059,0.475248,0.445545
0.60396,0.475248,0.474914
0.613861,0.475248,0.505358
0.623762,0.475248,0.536859
0.633663,0.475248,0.569402
0.643564,0.475248,0.602974
0.653465,0.475248,0.637563
0.663366,0.475248,0.673154
0.673267,0.475248,0.709735
0.683168,0.475248,0.747288
0.693069,0.475248,0.785796
0.70297,0.475248,0.825238
0.712871,0.475248,0.865586
0.722772,0.475248,0.906811
0.732673,0.475248,0.948877
0.742574,0.475248,0.99174
0.752475,0.475248,1.03535
0.762376,0.475248,1.07965
0.772277,0.475248,1.12457
0.782178,0.475248,1.17004
0.792079,0.475248,1.21596
0.80198,0.475248,1.26225
0.811881,0.475248,1.30879
0.821782,0.475248,1.35546
0.831683,0.475248,1.40213
0.841584,0.475248,1.44865
0.851485,0.475248,1.49487
0.861386,0.475248,1.54061
0.871287,0.475248,1.58568
0.881188,0.475248,1.62988
0.891089,0.475248,1.673
0.90099,0.475248,1.71481
0.910891,0.475248,1.75506
0.920792,0.475248,1.7935
0.930693,0.475248,1.82986
0.940594,0.475248,1.86384
0.950495,0.475248,1.89514
0.960396,0.475248,1.92346
0.970297,0.475248,1.94845
0.980198,0.475248,1.96978
0.990099,0.475248,1.98709
1,0.475248,2
0,0.485149,3.99565
0.00990099,0.485149,3.77348
0.019802,0.485149,3.55971
0.029703,0.485149,3.35411
0.039604,0.485149,3.15647
0.049505,0.485149,2.96658
0.0594059,0.485149,2.78428
0.0693069,0.485149,2.6094
0.0792079,0.485149,2.44179
0.0891089,0.485149,2.28131
0.0990099,0.485149,2.12784
0.108911,0.485149,1.98123
0.118812,0.485149,1.84139
0.128713,0.485149,1.70818
0.138614,0.485149,1.5815
0.148515,0.485149,1.46122
0.158416,0.485149,1.34723
0.168317,0.485149,1.23942
0.178218,0.485149,1.13766
0.188119,0.485149,1.04183
0.19802,0.485149,0.9518
0.207921,0.485149,0.867443
0.217822,0.485149,0.788622
0.227723,0.485149,0.7152
0.237624,0.485149,0.647033
0.247525,0.485149,0.583975
0.257426,0.485149,0.525876
0.267327,0.485149,0.472582
0.277228,0.485149,0.423937
0.287129,0.485149,0.379783
0.29703,0.485149,0.339959
0.306931,0.485149,0.304303
0.316832,0.485149,0.272654
0.326733,0.485149,0.24485
0.336634,0.485149,0.220727
0.346535,0.485149,0.200127
0.356436,0.485149,0.182891
0.366337,0.485149,0.168861
0.376238,0.485149,0.157886
0.386139,0.485149,0.149816
0.39604,0.485149,0.144504
0.405941,0.485149,0.141812
0.415842,0.485149,0.141602
0.425743,0.485149,0.143745
0.435644,0.485149,0.148117
0.445545,0.485149,0.154598
0.455446,0.485149,0.163079
0.465347,0.485149,0.173452
0.475248,0.485149,0.18562
0.485149,0.485149,0.199491
0.49505,0.485149,0.21498
0.50495,0.485149,0.232009
0.514851,0.485149,0.250507
0.524752,0.485149,0.27041
0.534653,0.485149,0.291659
0.544554,0.485149,0.314202
0.554455,0.485149,0.337994
0.564356,0.485149,0.362993
0.574257,0.485149,0.389164
0.584158,0.485149,0.416477
0.594059,0.485149,0.444905
0.60396,0.485149,0.474426
0.613861,0.485149,0.505021
0.623762,0.485149,0.536671
0.633663,0.485149,0.569363
0.643564,0.485149,0.603083
0.653465,0.485149,0.637817
0.663366,0.485149,0.673551
0.673267,0.485149,0.710272
0.683168,0.485149,0.747964
0.693069,0.485149,0.786606
0.70297,0.485149,0.826179
0.712871,0.485149,0.866655
0.722772,0.485149,0.908003
0.732673,0.485149,0.950186
0.742574,0.485149,0.993162
0.752475,0.485149,1.03688
0.762376,0.485149,1.08128
0.772277,0.485149,1.1263
0.782178,0.485149,1.17185
0.792079,0.485149,1.21785
0.80198,0.485149,1.26421
0.811881,0.485149,1.31081
0.821782,0.485149,1.35753
0.831683,0.485149,1.40424
0.841584,0.485149,1.45079
0.851485,0.485149,1.49702
0.861386,0.485149,1.54276
0.871287,0.485149,1.58782
0.881188,0.485149,1.63199
0.891089,0.485149,1.67506
0.90099,0.485149,1.71681
0.910891,0.485149,1.75698
0.920792,0.485149,1.79531
0.930693,0.485149,1.83153
0.940594,0.485149,1.86536
0.950495,0.485149,1.89649
0.960396,0.485149,1.92459
0.970297,0.485149,1.94935
0.980198,0.485149,1.97041
0.990099,0.485149,1.98742
1,0.485149,2
0,0.49505,3.99952
0.00990099,0.49505,3.77685
0.019802,0.49505,3.56262
0.029703,0.49505,3.35659
0.039604,0.49505,3.15855
0.049505,0.49505,2.96829
0.0594059,0.49505,2.78563
0.0693069,0.49505,2.61043
0.0792079,0.49505,2.44252
0.0891089,0.49505,2.28176
0.0990099,0.49505,2.12802
0.108911,0.49505,1.98118
0.118812,0.49505,1.84111
0.128713,0.49505,1.7077
0.138614,0.49505,1.58083
0.148515,0.49505,1.46038
0.158416,0.49505,1.34624
0.168317,0.49505,1.23829
0.178218,0.49505,1.1364
0.188119,0.49505,1.04046
0.19802,0.49505,0.950327
0.207921,0.49505,0.865881
0.217822,0.49505,0.786983
0.227723,0.49505,0.713494
0.237624,0.49505,0.64527
0.247525,0.49505,0.582164
0.257426,0.49505,0.524027
0.267327,0.49505,0.470703
0.277228,0.49505,0.422036
0.287129,0.49505,0.377868
0.29703,0.49505,0.338038
0.306931,0.49505,0.302382
0.316832,0.49505,0.27074
0.326733,0.49505,0.242948
0.336634,0.49505,0.218844
0.346535,0.49505,0.198268
0.356436,0.49505,0.18106
0.366337,0.49505,0.167064
0.376238,0.49505,0.156126
0.386139,0.49505,0.148097
0.39604,0.49505,0.142832
0.405941,0.49505,0.140188
0.415842,0.49505,0.140031
0.425743,0.49505,0.14223
0.435644,0.49505,0.146659
0.445545,0.49505,0.153202
0.455446,0.49505,0.161745
0.465347,0.49505,0.172183
0.475248,0.49505,0.184418
0.485149,0.49505,0.198358
0.49505,0.49505,0.213917
0.50495,0.49505,0.231018
0.514851,0.49505,0.249589
0.524752,0.49505,0.269565
0.534653,0.49505,0.290888
0.544554,0.49505,0.313506
0.554455,0.49505,0.337373
0.564356,0.49505,0.362448
0.574257,0.49505,0.388696
0.584158,0.49505,0.416085
0.594059,0.49505,0.444589
0.60396,0.49505,0.474186
0.613861,0.49505,0.504856
0.623762,0.49505,0.536582
0.633663,0.49505,0.569349
0.643564,0.49505,0.603142
0.653465,0.49505,0.637948
0.663366,0.49505,0.673755
0.673267,0.49505,0.710546
0.683168,0.49505,0.748306
0.693069,0.49505,0.787017
0.70297,0.49505,0.826655
0.712871,0.49505,0.867194
0.722772,0.49505,0.908604
0.732673,0.49505,0.950847
0.742574,0.49505,0.993879
0.752475,0.49505,1.03765
0.762376,0.49505,1.0821
0.772277,0.49505,1.12716
0.782178,0.49505,1.17276
0.792079,0.49505,1.2188
0.80198,0.49505,1.2652
0.811881,0.49505,1.31183
0.821782,0.49505,1.35857
0.831683,0.49505,1.4053
0.841584,0.49505,1.45187
0.851485,0.49505,1.4981
0.861386,0.49505,1.54384
0.871287,0.49505,1.58889
0.881188,0.49505,1.63305
0.891089,0.49505,1.6761
0.90099,0.49505,1.71781
0.910891,0.49505,1.75793
0.920792,0.49505,1.79621
0.930693,0.49505,1.83237
0.940594,0.49505,1.86612
0.950495,0.49505,1.89716
0.960396,0.49505,1.92516
0.970297,0.49505,1.9498
0.980198,0.49505,1.97073
0.990099,0.49505,1.98759
1,0.49505,2
0,0.50495,3.99952
0.00990099,0.50495,3.77685
0.019802,0.50495,3.56262
0.029703,0.50495,3.35659
0.039604,0.50495,3.15855
0.049505,0.50495,2.96829
0.0594059,0.50495,2.78563
0.0693069,0.50495,2.61043
0.0792079,0.50495,2.44252
0.0891089,0.50495,2.28176
0.0990099,0.50495,2.12802
0.108911,0.50495,1.98118
0.118812,0.50495,1.84111
0.128713,0.50495,1.7077
0.138614,0.50495,1.58083
0.148515,0.50495,1.46038
0.158416,0.50495,1.34624
0.168317,0.50495,1.23829
0.178218,0.50495,1.1364
0.188119,0.50495,1.04046
0.19802,0.50495,0.950327
0.207921,0.50495,0.865881
0.217822,0.50495,0.786983
0.227723,0.50495,0.713494
0.237624,0.50495,0.64527
0.247525,0.50495,0.582164
0.257426,0.50495,0.524027
0.267327,0.50495,0.470703
0.277228,0.50495,0.422036
0.287129,0.50495,0.377868
0.29703,0.50495,0.338038
0.306931,0.50495,0.302382
0.316832,0.50495,0.27074
0.326733,0.50495,0.242948
0.336634,0.50495,0.218844
0.346535,0.50495,0.198268
0.356436,0.50495,0.18106
0.366337,0.50495,0.167064
0.376238,0.50495,0.156126
0.386139,0.50495,0.148097
0.39604,0.50495,0.142832
0.405941,0.50495,0.140188
0.415842,0.50495,0.140031
0.425743,0.50495,0.14223
0.435644,0.50495,0.146659
0.445545,0.50495,0.153202
0.455446,0.50495,0.161745
0.465347,0.50495,0.172183
0.475248,0.50495,0.184418
0.485149,0.50495,0.198358
0.49505,0.50495,0.213917
0.50495,0.50495,0.231018
0.514851,0.50495,0.249589
0.524752,0.50495,0.269565
0.534653,0.50495,0.290888
0.544554,0.50495,0.313506
0.554455,0.50495,0.337373
0.564356,0.50495,0.362448
0.574257,0.50495,0.388696
0.584158,0.50495,0.416085
0.594059,0.50495,0.444589
0.60396,0.50495,0.474186
0.613861,0.50495,0.504856
0.623762,0.50495,0.536582
0.633663,0.50495,0.569349
0.643564,0.50495,0.603142
0.653465,0.50495,0.637948
0.663366,0.50495,0.673755
0.673267,0.50495,0.710546
0.683168,0.50495,0.748306
0.693069,0.50495,0.787017
0.70297,0.50495,0.826655
0.712871,0.50495,0.867194
0.722772,0.50495,0.908604
0.732673,0.50495,0.950847
0.742574,0.50495,0.993879
0.752475,0.50495,1.03765
0.762376,0.50495,1.0821
0.772277,0.50495,1.12716
0.782178,0.50495,1.17276
0.792079,0.50495,1.2188
0.80198,0.50495,1.2652
0.811881,0.50495,1.31183
0.821782,0.50495,1.35857
0.831683,0.50495,1.4053
0.841584,0.50495,1.45187
0.851485,0.50495,1.4981
0.861386,0.50495,1.54384
0.871287,0.50495,1.58889
0.881188,0.50495,1.63305
0.891089,0.50495,1.6761
0.90099,0.50495,1.71781
0.910891,0.50495,1.75793
0.920792,0.50495,1.79621
0.930693,0.50495,1.83237
0.940594,0.50495,1.86612
0.950495,0.50495,1.89716
0.960396,0.50495,1.92516
0.970297,0.50495,1.9498
0.980198,0.50495,1.97073
0.990099,0.50495,1.98759
1,0.50495,2
0,0.514851,3.99565
0.00990099,0.514851,3.77348
0.019802,0.514851,3.55971
0.029703,0.514851,3.35411
0.039604,0.514851,3.15647
0.049505,0.514851,2.96658
0.0594059,0.514851,2.78428
0.0693069,0.514851,2.6094
0.0792079,0.514851,2.44179
0.0891089,0.514851,2.28131
0.0990099,0.514851,2.12784
0.108911,0.514851,1.98123
0.118812,0.514851,1.84139
0.128713,0.514851,1.70818
0.138614,0.514851,1.5815
0.148515,0.514851,1.46122
0.158416,0.514851,1.34723
0.168317,0.514851,1.23942
0.178218,0.514851,1.13766
0.188119,0.514851,1.04183
0.19802,0.514851,0.9518
0.207921,0.514851,0.867443
0.217822,0.514851,0.788622
0.227723,0.514851,0.7152
0.237624,0.514851,0.647033
0.247525,0.514851,0.583975
0.257426,0.514851,0.525876
0.267327,0.514851,0.472582
0.277228,0.514851,0.423937
0.287129,0.514851,0.379783
0.29703,0.514851,0.339959
0.306931,0.514851,0.304303
0.316832,0.514851,0.272654
0.326733,0.514851,0.24485
0.336634,0.514851,0.220727
0.346535,0.514851,0.200127
0.356436,0.514851,0.182891
0.366337,0.514851,0.168861
0.376238,0.514851,0.157886
0.386139,0.514851,0.149816
0.39604,0.514851,0.144504
0.405941,0.514851,0.141812
0.415842,0.514851,0.141602
0.425743,0.514851,0.143745
0.435644,0.514851,0.148117
0.445545,0.514851,0.154598
0.455446,0.514851,0.163079
0.465347,0.514851,0.173452
0.475248,0.514851,0.18562
0.485149,0.514851,0.199491
0.49505,0.514851,0.21498
0.50495,0.514851,0.232009
0.514851,0.514851,0.250507
0.524752,0.514851,0.27041
0.534653,0.514851,0.291659
0.544554,0.514851,0.314202
0.554455,0.514851,0.337994
0.564356,0.514851,0.362993
0.574257,0.514851,0.389164
0.584158,0.514851,0.416477
0.594059,0.514851,0.444905
0.60396,0.514851,0.474426
0.613861,0.514851,0.505021
0.623762,0.514851,0.536671
0.633663,0.514851,0.569363
0.643564,0.514851,0.603083
0.653465,0.514851,0.637817
0.663366,0.514851,0.673551
0.673267,0.514851,0.710272
0.683168,0.514851,0.747964
0.693069,0.514851,0.786606
0.70297,0.514851,0.826179
0.712871,0.514851,0.866655
0.722772,0.514851,0.908003
0.732673,0.514851,0.950186
0.742574,0.514851,0.993162
0.752475,0.514851,1.03688
0.762376,0.514851,1.08128
0.772277,0.514851,1.1263
0.782178,0.514851,1.17185
0.792079,0.514851,1.21785
0.80198,0.514851,1.26421
0.811881,0.514851,1.31081
0.821782,0.514851,1.35753
0.831683,0.514851,1.40424
0.841584,0.514851,1.45079
0.851485,0.514851,1.49702
0.861386,0.514851,1.54276
0.871287,0.514851,1.58782
0.881188,0.514851,1.63199
0.891089,0.514851,1.67506
0.90099,0.514851,1.71681
0.910891,0.514851,1.75698
0.920792,0.514851,1.79531
0.930693,0.514851,1.83153
0.940594,0.514851,1.86536
0.950495,0.514851,1.89649
0.960396,0.514851,1.92459
0.970297,0.514851,1.94935
0.980198,0.514851,1.97041
0.990099,0.514851,1.98742
1,0.514851,2
0,0.524752,3.98793
0.00990099,0.524752,3.76674
0.019802,0.524752,3.5539
0.029703,0.524752,3.34916
0.039604,0.524752,3.15232
0.049505,0.524752,2.96319
0.0594059,0.524752,2.78159
0.0693069,0.524752,2.60736
0.0792079,0.524752,2.44035
0.0891089,0.524752,2.28043
0.0990099,0.524752,2.12747
0.108911,0.524752,1.98135
0.118812,0.524752,1.84195
0.128713,0.524752,1.70914
0.138614,0.524752,1.58283
0.148515,0.524752,1.46289
0.158416,0.524752,1.34922
0.168317,0.524752,1.24168
0.178218,0.524752,1.14018
0.188119,0.524752,1.04457
0.19802,0.524752,0.954743
0.207921,0.524752,0.870564
0.217822,0.524752,0.791899
0.227723,0.524752,0.718611
0.237624,0.524752,0.650558
0.247525,0.524752,0.587595
0.257426,0.524752,0.529572
0.267327,0.524752,0.476338
0.277228,0.524752,0.427736
0.287129,0.524752,0.38361
0.29703,0.524752,0.343799
0.306931,0.524752,0.308144
0.316832,0.524752,0.276482
0.326733,0.524752,0.248652
0.336634,0.524752,0.224494
0.346535,0.524752,0.203846
0.356436,0.524752,0.186553
0.366337,0.524752,0.172457
0.376238,0.524752,0.161406
0.386139,0.524752,0.153252
0.39604,0.524752,0.14785
0.405941,0.524752,0.14506
0.415842,0.524752,0.144746
0.425743,0.524752,0.146778
0.435644,0.524752,0.151034
0.445545,0.524752,0.157395
0.455446,0.524752,0.165749
0.465347,0.524752,0.175993
0.475248,0.524752,0.188027
0.485149,0.524752,0.201761
0.49505,0.524752,0.21711
0.50495,0.524752,0.233997
0.514851,0.524752,0.25235
0.524752,0.524752,0.272106
0.534653,0.524752,0.293207
0.544554,0.524752,0.3156
0.554455,0.524752,0.339241
0.564356,0.524752,0.364088
0.574257,0.524752,0.390107
0.584158,0.524752,0.417268
0.594059,0.524752,0.445545
0.60396,0.524752,0.474914
0.613861,0.524752,0.505358
0.623762,0.524752,0.536859
0.633663,0.524752,0.569402
0.643564,0.524752,0.602974
0.653465,0.524752,0.637563
0.663366,0.524752,0.673154
0.673267,0.524752,0.709735
0.683168,0.524752,0.747288
0.693069,0.524752,0.785796
0.70297,0.524752,0.825238
0.712871,0.524752,0.865586
0.722772,0.524752,0.906811
0.732673,0.524752,0.948877
0.742574,0.524752,0.99174
0.752475,0.524752,1.03535
0.762376,0.524752,1.07965
0.772277,0.524752,1.12457
0.782178,0.524752,1.17004
0.792079,0.524752,1.21596
0.80198,0.524752,1.26225
0.811881,0.524752,1.30879
0.821782,0.524752,1.35546
0.831683,0.524752,1.40213
0.841584,0.524752,1.44865
0.851485,0.524752,1.49487
0.861386,0.524752,1.54061
0.871287,0.524752,1.58568
0.881188,0.524752,1.62988
0.891089,0.524752,1.673
0.90099,0.524752,1.71481
0.910891,0.524752,1.75506
0.920792,0.524752,1.7935
0.930693,0.524752,1.82986
0.940594,0.524752,1.86384
0.950495,0.524752,1.89514
0.960396,0.524752,1.92346
0.970297,0.524752,1.94845
0.980198,0.524752,1.96978
0.990099,0.524752,1.98709
1,0.524752,2
0,0.534653,3.97639
0.00990099,0.534653,3.75668
0.019802,0.534653,3.54521
0.029703,0.534653,3.34176
0.039604,0.534653,3.14613
0.049505,0.534653,2.95811
0.0594059,0.534653,2.77756
0.0693069,0.534653,2.6043
0.0792079,0.534653,2.4382
0.0891089,0.534653,2.27912
0.0990099,0.534653,2.12693
0.108911,0.534653,1.98153
0.118812,0.534653,1.84278
0.128713,0.534653,1.71059
0.138614,0.534653,1.58483
0.148515,0.534653,1.4654
0.158416,0.534653,1.35219
0.168317,0.534653,1.24508
0.178218,0.534653,1.14395
0.188119,0.534653,1.04868
0.19802,0.534653,0.959155
0.207921,0.534653,0.875242
0.217822,0.534653,0.79681
0.227723,0.534653,0.723722
0.237624,0.534653,0.65584
0.247525,0.534653,0.593019
0.257426,0.534653,0.535112
0.267327,0.534653,0.481967
0.277228,0.534653,0.433431
0.287129,0.534653,0.389347
0.29703,0.534653,0.349557
0.306931,0.534653,0.313902
0.316832,0.534653,0.282221
0.326733,0.534653,0.254354
0.336634,0.534653,0.230142
0.346535,0.534653,0.209424
0.356436,0.534653,0.192045
0.366337,0.534653,0.17785
0.376238,0.534653,0.166688
0.386139,0.534653,0.15841
0.39604,0.534653,0.152872
0.405941,0.534653,0.149935
0.415842,0.534653,0.149465
0.425743,0.534653,0.151333
0.435644,0.534653,0.155416
0.445545,0.534653,0.161596
0.455446,0.534653,0.169763
0.465347,0.534653,0.179812
0.475248,0.534653,0.191647
0.485149,0.534653,0.205177
0.49505,0.534653,0.220317
0.50495,0.534653,0.236991
0.514851,0.534653,0.255128
0.524752,0.534653,0.274664
0.534653,0.534653,0.295543
0.544554,0.534653,0.317712
0.554455,0.534653,0.341128
0.564356,0.534653,0.365749
0.574257,0.534653,0.391541
0.584158,0.534653,0.418474
0.594059,0.534653,0.446523
0.60396,0.534653,0.475666
0.613861,0.534653,0.505884
0.623762,0.534653,0.537161
0.633663,0.534653,0.569482
0.643564,0.534653,0.602834
0.653465,0.534653,0.637206
0.663366,0.534653,0.672583
0.673267,0.534653,0.708953
0.683168,0.534653,0.7463
0.693069,0.534653,0.784607
0.70297,0.534653,0.823852
0.712871,0.534653,0.86401
0.722772,0.534653,0.905051
0.732673,0.534653,0.94694
0.742574,0.534653,0.989634
0.752475,0.534653,1.03308
0.762376,0.534653,1.07723
0.772277,0.534653,1.12201
0.782178,0.534653,1.16735
0.792079,0.534653,1.21316
0.80198,0.534653,1.25934
0.811881,0.534653,1.30579
0.821782,0.534653,1.35238
0.831683,0.534653,1.39899
0.841584,0.534653,1.44547
0.851485,0.534653,1.49167
0.861386,0.534653,1.5374
0.871287,0.534653,1.58249
0.881188,0.534653,1.62674
0.891089,0.534653,1.66993
0.90099,0.534653,1.71184
0.910891,0.534653,1.75222
0.920792,0.534653,1.79082
0.930693,0.534653,1.82736
0.940594,0.534653,1.86157
0.950495,0.534653,1.89314
0.960396,0.534653,1.92176
0.970297,0.534653,1.94711
0.980198,0.534653,1.96883
0.990099,0.534653,1.98659
1,0.534653,2
0,0.544554,3.96107
0.00990099,0.544554,3.74332
0.019802,0.544554,3.53368
0.029703,0.544554,3.33194
0.039604,0.544554,3.13791
0.049505,0.544554,2.95138
0.0594059,0.544554,2.77222
0.0693069,0.544554,2.60025
0.0792079,0.544554,2.43535
0.0891089,0.544554,2.27738
0.0990099,0.544554,2.12623
0.108911,0.544554,1.98177
0.118812,0.544554,1.84391
0.128713,0.544554,1.71252
0.138614,0.544554,1.58751
0.148515,0.544554,1.46875
0.158416,0.544554,1.35615
0.168317,0.544554,1.2496
0.178218,0.544554,1.14897
0.188119,0.544554,1.05415
0.19802,0.544554,0.96503
0.207921,0.544554,0.881471
0.217822,0.544554,0.803349
0.227723,0.544554,0.73053
0.237624,0.544554,0.662875
0.247525,0.544554,0.600244
0.257426,0.544554,0.54249
0.267327,0.544554,0.489465
0.277228,0.544554,0.441016
0.287129,0.544554,0.396989
0.29703,0.544554,0.357228
0.306931,0.544554,0.321574
0.316832,0.544554,0.289869
0.326733,0.544554,0.261953
0.336634,0.544554,0.237669
0.346535,0.544554,0.21686
0.356436,0.544554,0.199369
0.366337,0.544554,0.185043
0.376238,0.544554,0.173732
0.386139,0.544554,0.16529
0.39604,0.544554,0.159572
0.405941,0.544554,0.156442
0.415842,0.544554,0.155766
0.425743,0.544554,0.157416
0.435644,0.544554,0.161269
0.445545,0.544554,0.16721
0.455446,0.544554,0.175128
0.465347,0.544554,0.184921
0.475248,0.544554,0.196492
0.485149,0.544554,0.20975
0.49505,0.544554,0.224613
0.50495,0.544554,0.241005
0.514851,0.544554,0.258855
0.524752,0.544554,0.2781
0.534653,0.544554,0.298685
0.544554,0.544554,0.320557
0.554455,0.544554,0.343674
0.564356,0.544554,0.367994
0.574257,0.544554,0.393485
0.584158,0.544554,0.420117
0.594059,0.544554,0.447864
0.60396,0.544554,0.476707
0.613861,0.544554,0.506625
0.623762,0.544554,0.537604
0.633663,0.544554,0.56963
0.643564,0.544554,0.60269
0.653465,0.544554,0.636773
0.663366,0.544554,0.671866
0.673267,0.544554,0.707956
0.683168,0.544554,0.74503
0.693069,0.544554,0.783068
0.70297,0.544554,0.822052
0.712871,0.544554,0.861957
0.722772,0.544554,0.902754
0.732673,0.544554,0.944407
0.742574,0.544554,0.986875
0.752475,0.544554,1.03011
0.762376,0.544554,1.07406
0.772277,0.544554,1.11865
0.782178,0.544554,1.16381
0.792079,0.544554,1.20946
0.80198,0.544554,1.2555
0.811881,0.544554,1.30183
0.821782,0.544554,1.34832
0.831683,0.544554,1.39485
0.841584,0.544554,1.44128
0.851485,0.544554,1.48744
0.861386,0.544554,1.53317
0.871287,0.544554,1.57829
0.881188,0.544554,1.62259
0.891089,0.544554,1.66587
0.90099,0.544554,1.70791
0.910891,0.544554,1.74845
0.920792,0.544554,1.78726
0.930693,0.544554,1.82406
0.940594,0.544554,1.85857
0.950495,0.544554,1.89049
0.960396,0.544554,1.91952
0.970297,0.544554,1.94533
0.980198,0.544554,1.96758
0.990099,0.544554,1.98593
1,0.544554,2
0,0.554455,3.94203
0.00990099,0.554455,3.72671
0.019802,0.554455,3.51936
0.029703,0.554455,3.31975
0.039604,0.554455,3.1277
0.049505,0.554455,2.94303
0.0594059,0.554455,2.76559
0.0693069,0.554455,2.59523
0.0792079,0.554455,2.43182
0.0891089,0.554455,2.27524
0.0990099,0.554455,2.12537
0.108911,0.554455,1.9821
0.118812,0.554455,1.84533
0.128713,0.554455,1.71494
0.138614,0.554455,1.59085
0.148515,0.554455,1.47294
0.158416,0.554455,1.3611
0.168317,0.554455,1.25524
0.178218,0.554455,1.15524
0.188119,0.554455,1.06099
0.19802,0.554455,0.972362
0.207921,0.554455,0.889246
0.217822,0.554455,0.81151
0.227723,0.554455,0.739025
0.237624,0.554455,0.671655
0.247525,0.554455,0.609261
0.257426,0.554455,0.5517
0.267327,0.554455,0.498825
0.277228,0.554455,0.450486
0.287129,0.554455,0.406531
0.29703,0.554455,0.366806
0.306931,0.554455,0.331155
0.316832,0.554455,0.29942
0.326733,0.554455,0.271446
0.336634,0.554455,0.247075
0.346535,0.554455,0.226152
0.356436,0.554455,0.208522
0.366337,0.554455,0.194035
0.376238,0.554455,0.182541
0.386139,0.554455,0.173895
0.39604,0.554455,0.167956
0.405941,0.554455,0.164586
0.415842,0.554455,0.163655
0.425743,0.554455,0.165034
0.435644,0.554455,0.168603
0.445545,0.554455,0.174247
0.455446,0.554455,0.181857
0.465347,0.554455,0.191332
0.475248,0.554455,0.202575
0.485149,0.554455,0.215497
0.49505,0.554455,0.230016
0.50495,0.554455,0.246057
0.514851,0.554455,0.263551
0.524752,0.554455,0.282436
0.534653,0.554455,0.302655
0.544554,0.554455,0.324159
0.554455,0.554455,0.346904
0.564356,0.554455,0.370852
0.574257,0.554455,0.395968
0.584158,0.554455,0.422225
0.594059,0.554455,0.449598
0.60396,0.554455,0.478067
0.613861,0.554455,0.507613
0.623762,0.554455,0.538222
0.633663,0.554455,0.569881
0.643564,0.554455,0.602578
0.653465,0.554455,0.636302
0.663366,0.554455,0.671041
0.673267,0.554455,0.706784
0.683168,0.554455,0.743516
0.693069,0.554455,0.781221
0.70297,0.554455,0.81988
0.712871,0.554455,0.859469
0.722772,0.554455,0.899961
0.732673,0.554455,0.94132
0.742574,0.554455,0.983508
0.752475,0.554455,1.02648
0.762376,0.554455,1.07017
0.772277,0.554455,1.11453
0.782178,0.554455,1.15947
0.792079,0.554455,1.20492
0.80198,0.554455,1.25079
0.811881,0.554455,1.29696
0.821782,0.554455,1.34333
0.831683,0.554455,1.38976
0.841584,0.554455,1.43611
0.851485,0.554455,1.48223
0.861386,0.554455,1.52795
0.871287,0.554455,1.5731
0.881188,0.554455,1.61747
0.891089,0.554455,1.66086
0.90099,0.554455,1.70305
0.910891,0.554455,1.7438
0.920792,0.554455,1.78287
0.930693,0.554455,1.81998
0.940594,0.554455,1.85486
0.950495,0.554455,1.88721
0.960396,0.554455,1.91674
0.970297,0.554455,1.94313
0.980198,0.554455,1.96603
0.990099,0.554455,1.98511
1,0.554455,2
0,0.564356,3.91935
0.00990099,0.564356,3.70693
0.019802,0.564356,3.50229
0.029703,0.564356,3.30522
0.039604,0.564356,3.11554
0.049505,0.564356,2.93308
0.0594059,0.564356,2.7577
0.0693069,0.564356,2.58926
0.0792079,0.564356,2.42763
0.0891089,0.564356,2.2727
0.0990099,0.564356,2.12436
0.108911,0.564356,1.98251
0.118812,0.564356,1.84704
0.128713,0.564356,1.71786
0.138614,0.564356,1.59486
0.148515,0.564356,1.47795
0.158416,0.564356,1.36704
0.168317,0.564356,1.262
0.178218,0.564356,1.16275
0.188119,0.564356,1.06917
0.19802,0.564356,0.981145
0.207921,0.564356,0.898557
0.217822,0.564356,0.821284
0.227723,0.564356,0.7492
0.237624,0.564356,0.682171
0.247525,0.564356,0.620061
0.257426,0.564356,0.562731
0.267327,0.564356,0.510037
0.277228,0.564356,0.461831
0.287129,0.564356,0.417965
0.29703,0.564356,0.378285
0.306931,0.564356,0.342638
0.316832,0.564356,0.310871
0.326733,0.564356,0.282828
0.336634,0.564356,0.258355
0.346535,0.564356,0.237298
0.356436,0.564356,0.219505
0.366337,0.564356,0.204827
0.376238,0.564356,0.193116
0.386139,0.564356,0.18423
0.39604,0.564356,0.178027
0.405941,0.564356,0.174374
0.415842,0.564356,0.173139
0.425743,0.564356,0.174197
0.435644,0.564356,0.177429
0.445545,0.564356,0.182721
0.455446,0.564356,0.189965
0.465347,0.564356,0.199061
0.475248,0.564356,0.209914
0.485149,0.564356,0.222437
0.49505,0.564356,0.236547
0.50495,0.564356,0.252172
0.514851,0.564356,0.269242
0.524752,0.564356,0.287697
0.534653,0.564356,0.307482
0.544554,0.564356,0.328548
0.554455,0.564356,0.350851
0.564356,0.564356,0.374354
0.574257,0.564356,0.399025
0.584158,0.564356,0.424836
0.594059,0.564356,0.451763
0.60396,0.564356,0.479786
0.613861,0.564356,0.508889
0.623762,0.564356,0.539057
0.633663,0.564356,0.570279
0.643564,0.564356,0.602543
0.653465,0.564356,0.635838
0.663366,0.564356,0.670156
0.673267,0.564356,0.705483
0.683168,0.564356,0.741808
0.693069,0.564356,0.779116
0.70297,0.564356,0.817386
0.712871,0.564356,0.856599
0.722772,0.564356,0.896725
0.732673,0.564356,0.937734
0.742574,0.564356,0.979585
0.752475,0.564356,1.02223
0.762376,0.564356,1.06563
0.772277,0.564356,1.1097
0.782178,0.564356,1.15438
0.792079,0.564356,1.1996
0.80198,0.564356,1.24525
0.811881,0.564356,1.29124
0.821782,0.564356,1.33745
0.831683,0.564356,1.38375
0.841584,0.564356,1.43001
0.851485,0.564356,1.47608
0.861386,0.564356,1.52179
0.871287,0.564356,1.56697
0.881188,0.564356,1.61142
0.891089,0.564356,1.65494
0.90099,0.564356,1.69731
0.910891,0.564356,1.7383
0.920792,0.564356,1.77767
0.930693,0.564356,1.81514
0.940594,0.564356,1.85046
0.950495,0.564356,1.88333
0.960396,0.564356,1.91346
0.970297,0.564356,1.94052
0.980198,0.564356,1.96419
0.990099,0.564356,1.98414
1,0.564356,2
0,0.574257,3.89312
0.00990099,0.574257,3.68406
0.019802,0.574257,3.48256
0.029703,0.574257,3.28843
0.039604,0.574257,3.10149
0.049505,0.574257,2.9216
0.0594059,0.574257,2.7486
0.0693069,0.574257,2.58238
0.0792079,0.574257,2.42282
0.0891089,0.574257,2.2698
0.0990099,0.574257,2.12324
0.108911,0.574257,1.98302
0.118812,0.574257,1.84906
0.128713,0.574257,1.72127
0.138614,0.574257,1.59955
0.148515,0.574257,1.48381
0.158416,0.574257,1.37395
0.168317,0.574257,1.26988
0.178218,0.574257,1.1715
0.188119,0.574257,1.0787
0.19802,0.574257,0.991367
0.207921,0.574257,0.909394
0.217822,0.574257,0.83266
0.227723,0.574257,0.761041
0.237624,0.574257,0.69441
0.247525,0.574257,0.632633
0.257426,0.574257,0.575573
0.267327,0.574257,0.523091
0.277228,0.574257,0.475042
0.287129,0.574257,0.43128
0.29703,0.574257,0.391655
0.306931,0.574257,0.356017
0.316832,0.574257,0.324214
0.326733,0.574257,0.296094
0.336634,0.574257,0.271505
0.346535,0.574257,0.250296
0.356436,0.574257,0.232316
0.366337,0.574257,0.217419
0.376238,0.574257,0.20546
0.386139,0.574257,0.196297
0.39604,0.574257,0.189792
0.405941,0.574257,0.185812
0.415842,0.574257,0.184228
0.425743,0.574257,0.184916
0.435644,0.574257,0.18776
0.445545,0.574257,0.192646
0.455446,0.574257,0.199468
0.465347,0.574257,0.208128
0.475248,0.574257,0.218532
0.485149,0.574257,0.230593
0.49505,0.574257,0.244232
0.50495,0.574257,0.259376
0.514851,0.574257,0.275957
0.524752,0.574257,0.293916
0.534653,0.574257,0.313199
0.544554,0.574257,0.333758
0.554455,0.574257,0.355551
0.564356,0.574257,0.378541
0.574257,0.574257,0.402697
0.584158,0.574257,0.427992
0.594059,0.574257,0.454403
0.60396,0.574257,0.481911
0.613861,0.574257,0.510501
0.623762,0.574257,0.540159
0.633663,0.574257,0.570875
0.643564,0.574257,0.602637
0.653465,0.574257,0.635437
0.663366,0.574257,0.669266
0.673267,0.574257,0.704112
0.683168,0.574257,0.739966
0.693069,0.574257,0.776811
0.70297,0.574257,0.814631
0.712871,0.574257,0.853406
0.722772,0.574257,0.893109
0.732673,0.574257,0.933709
0.742574,0.574257,0.975169
0.752475,0.574257,1.01745
0.762376,0.574257,1.06049
0.772277,0.574257,1.10423
0.782178,0.574257,1.14861
0.792079,0.574257,1.19354
0.80198,0.574257,1.23895
0.811881,0.574257,1.28472
0.821782,0.574257,1.33074
0.831683,0.574257,1.3769
0.841584,0.574257,1.42305
0.851485,0.574257,1.46906
0.861386,0.574257,1.51475
0.871287,0.574257,1.55996
0.881188,0.574257,1.60449
0.891089,0.574257,1.64816
0.90099,0.574257,1.69073
0.910891,0.574257,1.732
0.920792,0.574257,1.7717
0.930693,0.574257,1.8096
0.940594,0.574257,1.84542
0.950495,0.574257,1.87887
0.960396,0.574257,1.90968
0.970297,0.574257,1.93752
0.980198,0.574257,1.96208
0.990099,0.574257,1.98302
1,0.574257,2
0,0.584158,3.86342
0.00990099,0.584158,3.65817
0.019802,0.584158,3.46023
0.029703,0.584158,3.26943
0.039604,0.584158,3.08561
0.049505,0.584158,2.90862
0.0594059,0.584158,2.73833
0.0693069,0.584158,2.57462
0.0792079,0.584158,2.4174
0.0891089,0.584158,2.26656
0.0990099,0.584158,2.122
0.108911,0.584158,1.98364
0.118812,0.584158,1.8514
0.128713,0.584158,1.72518
0.138614,0.584158,1.60491
0.148515,0.584158,1.49049
0.158416,0.584158,1.38184
0.168317,0.584158,1.27887
0.178218,0.584158,1.18147
0.188119,0.584158,1.08956
0.19802,0.584158,1.00302
0.207921,0.584158,0.921745
0.217822,0.584158,0.845624
0.227723,0.584158,0.774537
0.237624,0.584158,0.708359
0.247525,0.584158,0.646962
0.257426,0.584158,0.590212
0.267327,0.584158,0.537974
0.277228,0.584158,0.490106
0.287129,0.584158,0.446465
0.29703,0.584158,0.406906
0.306931,0.584158,0.371281
0.316832,0.584158,0.339441
0.326733,0.584158,0.311237
0.336634,0.584158,0.28652
0.346535,0.584158,0.265141
0.356436,0.584158,0.246953
0.366337,0.584158,0.231812
0.376238,0.584158,0.219574
0.386139,0.584158,0.210101
0.39604,0.584158,0.203256
0.405941,0.584158,0.198909
0.415842,0.584158,0.196932
0.425743,0.584158,0.197205
0.435644,0.584158,0.19961
0.445545,0.584158,0.204039
0.455446,0.584158,0.210386
0.465347,0.584158,0.218554
0.475248,0.584158,0.228451
0.485149,0.584158,0.239992
0.49505,0.584158,0.253099
0.50495,0.584158,0.2677
0.514851,0.584158,0.283729
0.524752,0.584158,0.301128
0.534653,0.584158,0.319845
0.544554,0.584158,0.339831
0.554455,0.584158,0.361047
0.564356,0.584158,0.383457
0.574257,0.584158,0.407031
0.584158,0.584158,0.431742
0.594059,0.584158,0.45757
0.60396,0.584158,0.484496
0.613861,0.584158,0.512505
0.623762,0.584158,0.541586
0.633663,0.584158,0.571728
0.643564,0.584158,0.602923
0.653465,0.584158,0.635161
0.663366,0.584158,0.668436
0.673267,0.584158,0.702737
0.683168,0.584158,0.738054
0.693069,0.584158,0.774376
0.70297,0.584158,0.811684
0.712871,0.584158,0.849961
0.722772,0.584158,0.889182
0.732673,0.584158,0.929318
0.742574,0.584158,0.970333
0.752475,0.584158,1.01218
0.762376,0.584158,1.05482
0.772277,0.584158,1.09819
0.782178,0.584158,1.14222
0.792079,0.584158,1.18684
0.80198,0.584158,1.23195
0.811881,0.584158,1.27747
0.821782,0.584158,1.32328
0.831683,0.584158,1.36927
0.841584,0.584158,1.41529
0.851485,0.584158,1.46122
0.861386,0.584158,1.50689
0.871287,0.584158,1.55212
0.881188,0.584158,1.59675
0.891089,0.584158,1.64057
0.90099,0.584158,1.68337
0.910891,0.584158,1.72493
0.920792,0.584158,1.76502
0.930693,0.584158,1.80338
0.940594,0.584158,1.83975
0.950495,0.584158,1.87387
0.960396,0.584158,1.90543
0.970297,0.584158,1.93415
0.980198,0.584158,1.9597
0.990099,0.584158,1.98176
1,0.584158,2
0,0.594059,3.83039
0.00990099,0.594059,3.62938
0.019802,0.594059,3.43541
0.029703,0.594059,3.24832
0.039604,0.594059,3.06796
0.049505,0.594059,2.8942
0.0594059,0.594059,2.72693
0.0693069,0.594059,2.56603
0.0792079,0.594059,2.41141
0.0891089,0.594059,2.26299
0.0990099,0.594059,2.12068
0.108911,0.594059,1.98439
0.118812,0.594059,1.85406
0.128713,0.594059,1.72961
0.138614,0.594059,1.61095
0.148515,0.594059,1.49801
0.158416,0.594059,1.3907
0.168317,0.594059,1.28895
0.178218,0.594059,1.19266
0.188119,0.594059,1.10174
0.19802,0.594059,1.01608
0.207921,0.594059,0.935594
0.217822,0.594059,0.860162
0.227723,0.594059,0.78967
0.237624,0.594059,0.724002
0.247525,0.594059,0.663032
0.257426,0.594059,0.606632
0.267327,0.594059,0.554669
0.277228,0.594059,0.507007
0.287129,0.594059,0.463506
0.29703,0.594059,0.424025
0.306931,0.594059,0.388418
0.316832,0.594059,0.356542
0.326733,0.594059,0.328248
0.336634,0.594059,0.303393
0.346535,0.594059,0.28183
0.356436,0.594059,0.263414
0.366337,0.594059,0.248004
0.376238,0.594059,0.23546
0.386139,0.594059,0.225645
0.39604,0.594059,0.218425
0.405941,0.594059,0.213673
0.415842,0.594059,0.211262
0.425743,0.594059,0.211075
0.435644,0.594059,0.212997
0.445545,0.594059,0.216919
0.455446,0.594059,0.22274
0.465347,0.594059,0.230363
0.475248,0.594059,0.239698
0.485149,0.594059,0.250663
0.49505,0.594059,0.26318
0.50495,0.594059,0.277179
0.514851,0.594059,0.292596
0.524752,0.594059,0.309374
0.534653,0.594059,0.327461
0.544554,0.594059,0.346812
0.554455,0.594059,0.367388
0.564356,0.594059,0.389154
0.574257,0.594059,0.41208
0.584158,0.594059,0.436143
0.594059,0.594059,0.461322
0.60396,0.594059,0.4876
0.613861,0.594059,0.514964
0.623762,0.594059,0.543403
0.633663,0.594059,0.572907
0.643564,0.594059,0.603468
0.653465,0.594059,0.635081
0.663366,0.594059,0.667738
0.673267,0.594059,0.701431
0.683168,0.594059,0.736151
0.693069,0.594059,0.771887
0.70297,0.594059,0.808625
0.712871,0.594059,0.846346
0.722772,0.594059,0.885028
0.732673,0.594059,0.924644
0.742574,0.594059,0.96516
0.752475,0.594059,1.00654
0.762376,0.594059,1.04872
0.772277,0.594059,1.09167
0.782178,0.594059,1.1353
0.792079,0.594059,1.17956
0.80198,0.594059,1.22435
0.811881,0.594059,1.26958
0.821782,0.594059,1.31515
0.831683,0.594059,1.36094
0.841584,0.594059,1.40681
0.851485,0.594059,1.45264
0.861386,0.594059,1.49827
0.871287,0.594059,1.54353
0.881188,0.594059,1.58825
0.891089,0.594059,1.63223
0.90099,0.594059,1.67527
0.910891,0.594059,1.71716
0.920792,0.594059,1.75766
0.930693,0.594059,1.79653
0.940594,0.594059,1.83352
0.950495,0.594059,1.86835
0.960396,0.594059,1.90076
0.970297,0.594059,1.93043
0.980198,0.594059,1.95708
0.990099,0.594059,1.98038
1,0.594059,2
0,0.60396,3.79414
0.00990099,0.60396,3.59779
0.019802,0.60396,3.40818
0.029703,0.60396,3.22517
0.039604,0.60396,3.04862
0.049505,0.60396,2.87842
0.0594059,0.60396,2.71445
0.0693069,0.60396,2.55664
0.0792079,0.60396,2.40489
0.0891089,0.60396,2.25913
0.0990099,0.60396,2.11929
0.108911,0.60396,1.98529
0.118812,0.60396,1.85706
0.128713,0.60396,1.73454
0.138614,0.60396,1.61766
0.148515,0.60396,1.50635
0.158416,0.60396,1.40053
0.168317,0.60396,1.30013
0.178218,0.60396,1.20505
0.188119,0.60396,1.11522
0.19802,0.60396,1.03055
0.207921,0.60396,0.950925
0.217822,0.60396,0.876253
0.227723,0.60396,0.806423
0.237624,0.60396,0.74132
0.247525,0.60396,0.680825
0.257426,0.60396,0.624814
0.267327,0.60396,0.57316
0.277228,0.60396,0.52573
0.287129,0.60396,0.482388
0.29703,0.60396,0.442997
0.306931,0.60396,0.407416
0.316832,0.60396,0.375504
0.326733,0.60396,0.347119
0.336634,0.60396,0.322116
0.346535,0.60396,0.300355
0.356436,0.60396,0.281694
0.366337,0.60396,0.265994
0.376238,0.60396,0.253118
0.386139,0.60396,0.242932
0.39604,0.60396,0.235306
0.405941,0.60396,0.230112
0.415842,0.60396,0.22723
0.425743,0.60396,0.226542
0.435644,0.60396,0.227936
0.445545,0.60396,0.231306
0.455446,0.60396,0.236553
0.465347,0.60396,0.243581
0.475248,0.60396,0.252303
0.485149,0.60396,0.262638
0.49505,0.60396,0.27451
0.50495,0.60396,0.287851
0.514851,0.60396,0.302599
0.524752,0.60396,0.318697
0.534653,0.60396,0.336095
0.544554,0.60396,0.354751
0.554455,0.60396,0.374625
0.564356,0.60396,0.395686
0.574257,0.60396,0.417903
0.584158,0.60396,0.441256
0.594059,0.60396,0.465724
0.60396,0.60396,0.491291
0.613861,0.60396,0.517947
0.623762,0.60396,0.54568
0.633663,0.60396,0.574483
0.643564,0.60396,0.60435
0.653465,0.60396,0.635275
0.663366,0.60396,0.667253
0.673267,0.60396,0.700277
0.683168,0.60396,0.73434
0.693069,0.60396,0.769431
0.70297,0.60396,0.805539
0.712871,0.60396,0.842647
0.722772,0.60396,0.880734
0.732673,0.60396,0.919776
0.742574,0.60396,0.959739
0.752475,0.60396,1.00059
0.762376,0.60396,1.04228
0.772277,0.60396,1.08475
0.782178,0.60396,1.12795
0.792079,0.60396,1.1718
0.80198,0.60396,1.21623
0.811881,0.60396,1.26114
0.821782,0.60396,1.30643
0.831683,0.60396,1.35199
0.841584,0.60396,1.3977
0.851485,0.60396,1.44341
0.861386,0.60396,1.48899
0.871287,0.60396,1.53427
0.881188,0.60396,1.57907
0.891089,0.60396,1.62322
0.90099,0.60396,1.66652
0.910891,0.60396,1.70875
0.920792,0.60396,1.74969
0.930693,0.60396,1.78911
0.940594,0.60396,1.82675
0.950495,0.60396,1.86237
0.960396,0.60396,1.89568
0.970297,0.60396,1.92639
0.980198,0.60396,1.95423
0.990099,0.60396,1.97887
1,0.60396,2
0,0.613861,3.75482
0.00990099,0.613861,3.56353
0.019802,0.613861,3.37866
0.029703,0.613861,3.20008
0.039604,0.613861,3.02767
0.049505,0.613861,2.86133
0.0594059,0.613861,2.70097
0.0693069,0.613861,2.54651
0.0792079,0.613861,2.39788
0.0891089,0.613861,2.25502
0.0990099,0.613861,2.11786
0.108911,0.613861,1.98634
0.118812,0.613861,1.8604
0.128713,0.613861,1.74
0.138614,0.613861,1.62505
0.148515,0.613861,1.51552
0.158416,0.613861,1.41131
0.168317,0.613861,1.31238
0.178218,0.613861,1.21863
0.188119,0.613861,1.13
0.19802,0.613861,1.04639
0.207921,0.613861,0.967718
0.217822,0.613861,0.893879
0.227723,0.613861,0.824772
0.237624,0.613861,0.76029
0.247525,0.613861,0.700318
0.257426,0.613861,0.644738
0.267327,0.613861,0.593425
0.277228,0.613861,0.546253
0.287129,0.613861,0.503091
0.29703,0.613861,0.463805
0.306931,0.613861,0.428259
0.316832,0.613861,0.396315
0.326733,0.613861,0.367835
0.336634,0.613861,0.34268
0.346535,0.613861,0.32071
0.356436,0.613861,0.301789
0.366337,0.613861,0.28578
0.376238,0.613861,0.272549
0.386139,0.613861,0.261966
0.39604,0.613861,0.253903
0.405941,0.613861,0.248236
0.415842,0.613861,0.244847
0.425743,0.613861,0.24362
0.435644,0.613861,0.244446
0.445545,0.613861,0.247222
0.455446,0.613861,0.251849
0.465347,0.613861,0.258236
0.475248,0.613861,0.266296
0.485149,0.613861,0.275951
0.49505,0.613861,0.287127
0.50495,0.613861,0.299757
0.514851,0.613861,0.313781
0.524752,0.613861,0.329144
0.534653,0.613861,0.345798
0.544554,0.613861,0.363702
0.554455,0.613861,0.382817
0.564356,0.613861,0.403113
0.574257,0.613861,0.424564
0.584158,0.613861,0.447146
0.594059,0.613861,0.470843
0.60396,0.613861,0.495641
0.613861,0.613861,0.521528
0.623762,0.613861,0.548496
0.633663,0.613861,0.576538
0.643564,0.613861,0.605651
0.653465,0.613861,0.635829
0.663366,0.613861,0.667068
0.673267,0.613861,0.699365
0.683168,0.613861,0.732712
0.693069,0.613861,0.767101
0.70297,0.613861,0.802522
0.712871,0.613861,0.838961
0.722772,0.613861,0.876399
0.732673,0.613861,0.914812
0.742574,0.613861,0.954172
0.752475,0.613861,0.994443
0.762376,0.613861,1.03558
0.772277,0.613861,1.07754
0.782178,0.613861,1.12026
0.792079,0.613861,1.16366
0.80198,0.613861,1.20769
0.811881,0.613861,1.25224
0.821782,0.613861,1.29722
0.831683,0.613861,1.34253
0.841584,0.613861,1.38804
0.851485,0.613861,1.43362
0.861386,0.613861,1.47913
0.871287,0.613861,1.52441
0.881188,0.613861,1.5693
0.891089,0.613861,1.61362
0.90099,0.613861,1.65718
0.910891,0.613861,1.69977
0.920792,0.613861,1.74117
0.930693,0.613861,1.78117
0.940594,0.613861,1.81951
0.950495,0.613861,1.85595
0.960396,0.613861,1.89023
0.970297,0.613861,1.92206
0.980198,0.613861,1.95117
0.990099,0.613861,1.97725
1,0.613861,2
0,0.623762,3.71258
0.00990099,0.623762,3.52674
0.019802,0.623762,3.34697
0.029703,0.623762,3.17315
0.039604,0.623762,3.0052
0.049505,0.623762,2.84302
0.0594059,0.623762,2.68654
0.0693069,0.623762,2.53569
0.0792079,0.623762,2.39042
0.0891089,0.623762,2.25068
0.0990099,0.623762,2.11641
0.108911,0.623762,1.98757
0.118812,0.623762,1.8641
0.128713,0.623762,1.74597
0.138614,0.623762,1.63312
0.148515,0.623762,1.5255
0.158416,0.623762,1.42304
0.168317,0.623762,1.3257
0.178218,0.623762,1.23339
0.188119,0.623762,1.14605
0.19802,0.623762,1.0636
0.207921,0.623762,0.98595
0.217822,0.623762,0.913014
0.227723,0.623762,0.844695
0.237624,0.623762,0.780889
0.247525,0.623762,0.721487
0.257426,0.623762,0.666377
0.267327,0.623762,0.61544
0.277228,0.623762,0.568555
0.287129,0.623762,0.525594
0.29703,0.623762,0.486429
0.306931,0.623762,0.450928
0.316832,0.623762,0.418958
0.326733,0.623762,0.390384
0.336634,0.623762,0.365071
0.346535,0.623762,0.342885
0.356436,0.623762,0.32369
0.366337,0.623762,0.307356
0.376238,0.623762,0.293751
0.386139,0.623762,0.282748
0.39604,0.623762,0.274222
0.405941,0.623762,0.268053
0.415842,0.623762,0.264124
0.425743,0.623762,0.262323
0.435644,0.623762,0.262545
0.445545,0.623762,0.264687
0.455446,0.623762,0.268654
0.465347,0.623762,0.274356
0.475248,0.623762,0.28171
0.485149,0.623762,0.290639
0.49505,0.623762,0.30107
0.50495,0.623762,0.31294
0.514851,0.623762,0.32619
0.524752,0.623762,0.340767
0.534653,0.623762,0.356624
0.544554,0.623762,0.373722
0.554455,0.623762,0.392024
0.564356,0.623762,0.411501
0.574257,0.623762,0.432129
0.584158,0.623762,0.453886
0.594059,0.623762,0.476756
0.60396,0.623762,0.500726
0.613861,0.623762,0.525788
0.623762,0.623762,0.551934
0.633663,0.623762,0.579159
0.643564,0.623762,0.60746
0.653465,0.623762,0.636834
0.663366,0.623762,0.667278
0.673267,0.623762,0.69879
0.683168,0.623762,0.731365
0.693069,0.623762,0.764997
0.70297,0.623762,0.799677
0.712871,0.623762,0.835393
0.722772,0.623762,0.872128
0.732673,0.623762,0.909861
0.742574,0.623762,0.948566
0.752475,0.623762,0.988209
0.762376,0.623762,1.02875
0.772277,0.623762,1.07014
0.782178,0.623762,1.11233
0.792079,0.623762,1.15526
0.80198,0.623762,1.19884
0.811881,0.623762,1.24299
0.821782,0.623762,1.28763
0.831683,0.623762,1.33265
0.841584,0.623762,1.37794
0.851485,0.623762,1.42336
0.861386,0.623762,1.46878
0.871287,0.623762,1.51406
0.881188,0.623762,1.55902
0.891089,0.623762,1.60351
0.90099,0.623762,1.64733
0.910891,0.623762,1.69029
0.920792,0.623762,1.73217
0.930693,0.623762,1.77277
0.940594,0.623762,1.81185
0.950495,0.623762,1.84916
0.960396,0.623762,1.88445
0.970297,0.623762,1.91747
0.980198,0.623762,1.94792
0.990099,0.623762,1.97553
1,0.623762,2
0,0.633663,3.66759
0.00990099,0.633663,3.48756
0.019802,0.633663,3.31322
0.029703,0.633663,3.1445
0.039604,0.633663,2.9813
0.049505,0.633663,2.82356
0.0594059,0.633663,2.67122
0.0693069,0.633663,2.52424
0.0792079,0.633663,2.38256
0.0891089,0.633663,2.24615
0.0990099,0.633663,2.11497
0.108911,0.633663,1.98899
0.118812,0.633663,1.86817
0.128713,0.633663,1.75247
0.138614,0.633663,1.64186
0.148515,0.633663,1.53629
0.158416,0.633663,1.4357
0.168317,0.633663,1.34006
0.178218,0.633663,1.2493
0.188119,0.633663,1.16334
0.19802,0.633663,1.08214
0.207921,0.633663,1.00559
0.217822,0.633663,0.933633
0.227723,0.633663,0.866163
0.237624,0.633663,0.803087
0.247525,0.633663,0.744304
0.257426,0.633663,0.689706
0.267327,0.633663,0.639179
0.277228,0.633663,0.592608
0.287129,0.633663,0.549872
0.29703,0.633663,0.510845
0.306931,0.633663,0.475402
0.316832,0.633663,0.443413
0.326733,0.633663,0.414748
0.336634,0.633663,0.389276
0.346535,0.633663,0.366867
0.356436,0.633663,0.347391
0.366337,0.633663,0.330718
0.376238,0.633663,0.316722
0.386139,0.633663,0.305279
0.39604,0.633663,0.296267
0.405941,0.633663,0.289569
0.415842,0.633663,0.285073
0.425743,0.633663,0.282668
0.435644,0.633663,0.282251
0.445545,0.633663,0.283724
0.455446,0.633663,0.286993
0.465347,0.633663,0.291972
0.475248,0.633663,0.298578
0.485149,0.633663,0.306738
0.49505,0.633663,0.316381
0.50495,0.633663,0.327446
0.514851,0.633663,0.339875
0.524752,0.633663,0.353618
0.534653,0.633663,0.36863
0.544554,0.633663,0.384872
0.554455,0.633663,0.402311
0.564356,0.633663,0.420918
0.574257,0.633663,0.440671
0.584158,0.633663,0.46155
0.594059,0.633663,0.48354
0.60396,0.633663,0.506631
0.613861,0.633663,0.530814
0.623762,0.633663,0.556084
0.633663,0.633663,0.582437
0.643564,0.633663,0.609872
0.653465,0.633663,0.638388
0.663366,0.633663,0.667983
0.673267,0.633663,0.698657
0.683168,0.633663,0.730407
0.693069,0.633663,0.763228
0.70297,0.633663,0.797114
0.712871,0.633663,0.832053
0.722772,0.633663,0.868034
0.732673,0.633663,0.905036
0.742574,0.633663,0.943035
0.752475,0.633663,0.982001
0.762376,0.633663,1.0219
0.772277,0.633663,1.06268
0.782178,0.633663,1.1043
0.792079,0.633663,1.14669
0.80198,0.633663,1.18979
0.811881,0.633663,1.23351
0.821782,0.633663,1.27777
0.831683,0.633663,1.32247
0.841584,0.633663,1.3675
0.851485,0.633663,1.41274
0.861386,0.633663,1.45805
0.871287,0.633663,1.5033
0.881188,0.633663,1.54833
0.891089,0.633663,1.59297
0.90099,0.633663,1.63705
0.910891,0.633663,1.68038
0.920792,0.633663,1.72276
0.930693,0.633663,1.76398
0.940594,0.633663,1.80382
0.950495,0.633663,1.84204
0.960396,0.633663,1.8784
0.970297,0.633663,1.91264
0.980198,0.633663,1.94451
0.990099,0.633663,1.97372
1,0.633663,2
0,0.643564,3.62001
0.00990099,0.643564,3.44613
0.019802,0.643564,3.27757
0.029703,0.643564,3.11424
0.039604,0.643564,2.95608
0.049505,0.643564,2.80305
0.0594059,0.643564,2.6551
0.0693069,0.643564,2.5122
0.0792079,0.643564,2.37433
0.0891089,0.643564,2.24146
0.0990099,0.643564,2.11356
0.108911,0.643564,1.99062
0.118812,0.643564,1.87261
0.128713,0.643564,1.7595
0.138614,0.643564,1.65127
0.148515,0.643564,1.54788
0.158416,0.643564,1.44929
0.168317,0.643564,1.35546
0.178218,0.643564,1.26633
0.188119,0.643564,1.18186
0.19802,0.643564,1.10198
0.207921,0.643564,1.02662
0.217822,0.643564,0.955704
0.227723,0.643564,0.889145
0.237624,0.643564,0.826854
0.247525,0.643564,0.768737
0.257426,0.643564,0.714691
0.267327,0.643564,0.664611
0.277228,0.643564,0.618385
0.287129,0.643564,0.575897
0.29703,0.643564,0.537028
0.306931,0.643564,0.501656
0.316832,0.643564,0.469658
0.326733,0.643564,0.440908
0.336634,0.643564,0.415278
0.346535,0.643564,0.392644
0.356436,0.643564,0.372879
0.366337,0.643564,0.355857
0.376238,0.643564,0.341457
0.386139,0.643564,0.329557
0.39604,0.643564,0.32004
0.405941,0.643564,0.312792
0.415842,0.643564,0.307703
0.425743,0.643564,0.304667
0.435644,0.643564,0.303582
0.445545,0.643564,0.304355
0.455446,0.643564,0.306893
0.465347,0.643564,0.311112
0.475248,0.643564,0.316935
0.485149,0.643564,0.324287
0.49505,0.643564,0.333103
0.50495,0.643564,0.343321
0.514851,0.643564,0.354887
0.524752,0.643564,0.367752
0.534653,0.643564,0.381874
0.544554,0.643564,0.397215
0.554455,0.643564,0.413744
0.564356,0.643564,0.431435
0.574257,0.643564,0.450265
0.584158,0.643564,0.470217
0.594059,0.643564,0.491279
0.60396,0.643564,0.51344
0.613861,0.643564,0.536694
0.623762,0.643564,0.561038
0.633663,0.643564,0.586469
0.643564,0.643564,0.612988
0.653465,0.643564,0.640594
0.663366,0.643564,0.669289
0.673267,0.643564,0.699074
0.683168,0.643564,0.729947
0.693069,0.643564,0.761906
0.70297,0.643564,0.794946
0.712871,0.643564,0.82906
0.722772,0.643564,0.864235
0.732673,0.643564,0.900456
0.742574,0.643564,0.937701
0.752475,0.643564,0.975943
0.762376,0.643564,1.01515
0.772277,0.643564,1.05528
0.782178,0.643564,1.09628
0.792079,0.643564,1.1381
0.80198,0.643564,1.18067
0.811881,0.643564,1.22392
0.821782,0.643564,1.26776
0.831683,0.643564,1.31211
0.841584,0.643564,1.35685
0.851485,0.643564,1.40187
0.861386,0.643564,1.44705
0.871287,0.643564,1.49225
0.881188,0.643564,1.53732
0.891089,0.643564,1.58211
0.90099,0.643564,1.62645
0.910891,0.643564,1.67015
0.920792,0.643564,1.71302
0.930693,0.643564,1.75487
0.940594,0.643564,1.79549
0.950495,0.643564,1.83464
0.960396,0.643564,1.87209
0.970297,0.643564,1.90762
0.980198,0.643564,1.94095
0.990099,0.643564,1.97184
1,0.643564,2
0,0.653465,3.57003
0.00990099,0.653465,3.40264
0.019802,0.653465,3.24014
0.029703,0.653465,3.08248
0.039604,0.653465,2.92963
0.049505,0.653465,2.78156
0.0594059,0.653465,2.63824
0.0693069,0.653465,2.49966
0.0792079,0.653465,2.3658
0.0891089,0.653465,2.23666
0.0990099,0.653465,2.11222
0.108911,0.653465,1.99248
0.118812,0.653465,1.87743
0.128713,0.653465,1.76706
0.138614,0.653465,1.66134
0.148515,0.653465,1.56025
0.158416,0.653465,1.46377
0.168317,0.653465,1.37186
0.178218,0.653465,1.28448
0.188119,0.653465,1.20158
0.19802,0.653465,1.12311
0.207921,0.653465,1.049
0.217822,0.653465,0.979194
0.227723,0.653465,0.913605
0.237624,0.653465,0.852153
0.247525,0.653465,0.79475
0.257426,0.653465,0.741299
0.267327,0.653465,0.691701
0.277228,0.653465,0.645851
0.287129,0.653465,0.603637
0.29703,0.653465,0.564947
0.306931,0.653465,0.529663
0.316832,0.653465,0.497668
0.326733,0.653465,0.46884
0.336634,0.653465,0.443057
0.346535,0.653465,0.420198
0.356436,0.653465,0.400141
0.366337,0.653465,0.382764
0.376238,0.653465,0.36795
0.386139,0.653465,0.355581
0.39604,0.653465,0.345543
0.405941,0.653465,0.337726
0.415842,0.653465,0.332024
0.425743,0.653465,0.328333
0.435644,0.653465,0.326556
0.445545,0.653465,0.326601
0.455446,0.653465,0.328379
0.465347,0.653465,0.331809
0.475248,0.653465,0.336814
0.485149,0.653465,0.343325
0.49505,0.653465,0.351278
0.50495,0.653465,0.360612
0.514851,0.653465,0.371277
0.524752,0.653465,0.383226
0.534653,0.653465,0.396418
0.544554,0.653465,0.410818
0.554455,0.653465,0.426395
0.564356,0.653465,0.443126
0.574257,0.653465,0.460989
0.584158,0.653465,0.479971
0.594059,0.653465,0.500059
0.60396,0.653465,0.521245
0.613861,0.653465,0.543524
0.623762,0.653465,0.566895
0.633663,0.653465,0.591357
0.643564,0.653465,0.616911
0.653465,0.653465,0.64356
0.663366,0.653465,0.671307
0.673267,0.653465,0.700154
0.683168,0.653465,0.730102
0.693069,0.653465,0.76115
0.70297,0.653465,0.793297
0.712871,0.653465,0.826536
0.722772,0.653465,0.860859
0.732673,0.653465,0.89625
0.742574,0.653465,0.932693
0.752475,0.653465,0.970163
0.762376,0.653465,1.00863
0.772277,0.653465,1.04805
0.782178,0.653465,1.08839
0.792079,0.653465,1.1296
0.80198,0.653465,1.1716
0.811881,0.653465,1.21434
0.821782,0.653465,1.25772
0.831683,0.653465,1.30168
0.841584,0.653465,1.3461
0.851485,0.653465,1.39087
0.861386,0.653465,1.43589
0.871287,0.653465,1.48101
0.881188,0.653465,1.52611
0.891089,0.653465,1.57102
0.90099,0.653465,1.6156
0.910891,0.653465,1.65966
0.920792,0.653465,1.70303
0.930693,0.653465,1.74552
0.940594,0.653465,1.78692
0.950495,0.653465,1.82702
0.960396,0.653465,1.8656
0.970297,0.653465,1.90243
0.980198,0.653465,1.93728
0.990099,0.653465,1.96989
1,0.653465,2
0,0.663366,3.51785
0.00990099,0.663366,3.35723
0.019802,0.663366,3.20108
0.029703,0.663366,3.04937
0.039604,0.663366,2.90208
0.049505,0.663366,2.7592
0.0594059,0.663366,2.62072
0.0693069,0.663366,2.48666
0.0792079,0.663366,2.357
0.0891089,0.663366,2.23177
0.0990099,0.663366,2.11096
0.108911,0.663366,1.99459
0.118812,0.663366,1.88265
0.128713,0.663366,1.77514
0.138614,0.663366,1.67206
0.148515,0.663366,1.5734
0.158416,0.663366,1.47914
0.168317,0.663366,1.38925
0.178218,0.663366,1.3037
0.188119,0.663366,1.22246
0.19802,0.663366,1.14548
0.207921,0.663366,1.0727
0.217822,0.663366,1.00406
0.227723,0.663366,0.939505
0.237624,0.663366,0.878945
0.247525,0.663366,0.822304
0.257426,0.663366,0.76949
0.267327,0.663366,0.720412
0.277228,0.663366,0.674969
0.287129,0.663366,0.633057
0.29703,0.663366,0.594569
0.306931,0.663366,0.559393
0.316832,0.663366,0.527415
0.326733,0.663366,0.498519
0.336634,0.663366,0.47259
0.346535,0.663366,0.449509
0.356436,0.663366,0.429159
0.366337,0.663366,0.411425
0.376238,0.663366,0.39619
0.386139,0.663366,0.383343
0.39604,0.663366,0.372773
0.405941,0.663366,0.364374
0.415842,0.663366,0.358042
0.425743,0.663366,0.353678
0.435644,0.663366,0.351188
0.445545,0.663366,0.350482
0.455446,0.663366,0.351476
0.465347,0.663366,0.35409
0.475248,0.663366,0.358251
0.485149,0.663366,0.363892
0.49505,0.663366,0.37095
0.50495,0.663366,0.37937
0.514851,0.663366,0.389101
0.524752,0.663366,0.400098
0.534653,0.663366,0.412324
0.544554,0.663366,0.425746
0.554455,0.663366,0.440334
0.564356,0.663366,0.456066
0.574257,0.663366,0.472925
0.584158,0.663366,0.490895
0.594059,0.663366,0.509969
0.60396,0.663366,0.530138
0.613861,0.663366,0.5514
0.623762,0.663366,0.573755
0.633663,0.663366,0.597205
0.643564,0.663366,0.621751
0.653465,0.663366,0.647399
0.663366,0.663366,0.674153
0.673267,0.663366,0.702017
0.683168,0.663366,0.730993
0.693069,0.663366,0.761086
0.70297,0.663366,0.792292
0.712871,0.663366,0.824611
0.722772,0.663366,0.858033
0.732673,0.663366,0.89255
0.742574,0.663366,0.928144
0.752475,0.663366,0.964796
0.762376,0.663366,1.00248
0.772277,0.663366,1.04116
0.782178,0.663366,1.08079
0.792079,0.663366,1.12133
0.80198,0.663366,1.16272
0.811881,0.663366,1.2049
0.821782,0.663366,1.24779
0.831683,0.663366,1.29131
0.841584,0.663366,1.33537
0.851485,0.663366,1.37987
0.861386,0.663366,1.42469
0.871287,0.663366,1.46971
0.881188,0.663366,1.5148
0.891089,0.663366,1.55982
0.90099,0.663366,1.60461
0.910891,0.663366,1.64903
0.920792,0.663366,1.69288
0.930693,0.663366,1.736
0.940594,0.663366,1.77818
0.950495,0.663366,1.81924
0.960396,0.663366,1.85896
0.970297,0.663366,1.89713
0.980198,0.663366,1.93351
0.990099,0.663366,1.96788
1,0.663366,2
0,0.673267,3.46366
0.00990099,0.673267,3.3101
0.019802,0.673267,3.16056
0.029703,0.673267,3.01504
0.039604,0.673267,2.87353
0.049505,0.673267,2.73606
0.0594059,0.673267,2.60263
0.0693069,0.673267,2.47327
0.0792079,0.673267,2.348
0.0891089,0.673267,2.22684
0.0990099,0.673267,2.10982
0.108911,0.673267,1.99696
0.118812,0.673267,1.88826
0.128713,0.673267,1.78375
0.138614,0.673267,1.68343
0.148515,0.673267,1.58731
0.158416,0.673267,1.49536
0.168317,0.673267,1.40759
0.178218,0.673267,1.32397
0.188119,0.673267,1.24447
0.19802,0.673267,1.16905
0.207921,0.673267,1.09767
0.217822,0.673267,1.03027
0.227723,0.673267,0.966801
0.237624,0.673267,0.907187
0.247525,0.673267,0.851354
0.257426,0.673267,0.799221
0.267327,0.673267,0.7507
0.277228,0.673267,0.705699
0.287129,0.673267,0.664118
0.29703,0.673267,0.625856
0.306931,0.673267,0.590808
0.316832,0.673267,0.558864
0.326733,0.673267,0.529915
0.336634,0.673267,0.50385
0.346535,0.673267,0.480554
0.356436,0.673267,0.459916
0.366337,0.673267,0.441824
0.376238,0.673267,0.426167
0.386139,0.673267,0.412837
0.39604,0.673267,0.401728
0.405941,0.673267,0.392736
0.415842,0.673267,0.385763
0.425743,0.673267,0.380712
0.435644,0.673267,0.377493
0.445545,0.673267,0.376019
0.455446,0.673267,0.376208
0.465347,0.673267,0.377985
0.475248,0.673267,0.381279
0.485149,0.673267,0.386025
0.49505,0.673267,0.392163
0.50495,0.673267,0.399641
0.514851,0.673267,0.408409
0.524752,0.673267,0.418426
0.534653,0.673267,0.429656
0.544554,0.673267,0.442067
0.554455,0.673267,0.455634
0.564356,0.673267,0.470334
0.574257,0.673267,0.486153
0.584158,0.673267,0.503077
0.594059,0.673267,0.521099
0.60396,0.673267,0.540215
0.613861,0.673267,0.560423
0.623762,0.673267,0.581724
0.633663,0.673267,0.604121
0.643564,0.673267,0.627619
0.653465,0.673267,0.652225
0.663366,0.673267,0.677944
0.673267,0.673267,0.704783
0.683168,0.673267,0.732747
0.693069,0.673267,0.761839
0.70297,0.673267,0.792063
0.712871,0.673267,0.823416
0.722772,0.673267,0.855895
0.732673,0.673267,0.889491
0.742574,0.673267,0.924192
0.752475,0.673267,0.959981
0.762376,0.673267,0.996832
0.772277,0.673267,1.03472
0.782178,0.673267,1.0736
0.792079,0.673267,1.11344
0.80198,0.673267,1.15417
0.811881,0.673267,1.19575
0.821782,0.673267,1.2381
0.831683,0.673267,1.28115
0.841584,0.673267,1.32481
0.851485,0.673267,1.36899
0.861386,0.673267,1.41357
0.871287,0.673267,1.45846
0.881188,0.673267,1.50351
0.891089,0.673267,1.5486
0.90099,0.673267,1.5936
0.910891,0.673267,1.63833
0.920792,0.673267,1.68265
0.930693,0.673267,1.72638
0.940594,0.673267,1.76935
0.950495,0.673267,1.81137
0.960396,0.673267,1.85223
0.970297,0.673267,1.89174
0.980198,0.673267,1.92969
0.990099,0.673267,1.96585
1,0.673267,2
0,0.683168,3.40768
0.00990099,0.683168,3.26143
0.019802,0.683168,3.11873
0.029703,0.683168,2.97962
0.039604,0.683168,2.84411
0.049505,0.683168,2.71223
0.0594059,0.683168,2.58404
0.0693069,0.683168,2.45956
0.0792079,0.683168,2.33883
0.0891089,0.683168,2.22191
0.0990099,0.683168,2.10881
0.108911,0.683168,1.99959
0.118812,0.683168,1.89427
0.128713,0.683168,1.79288
0.138614,0.683168,1.69543
0.148515,0.683168,1.60195
0.158416,0.683168,1.51242
0.168317,0.683168,1.42686
0.178218,0.683168,1.34524
0.188119,0.683168,1.26756
0.19802,0.683168,1.19378
0.207921,0.683168,1.12386
0.217822,0.683168,1.05777
0.227723,0.683168,0.995445
0.237624,0.683168,0.936829
0.247525,0.683168,0.881853
0.257426,0.683168,0.830443
0.267327,0.683168,0.782519
0.277228,0.683168,0.737993
0.287129,0.683168,0.696774
0.29703,0.683168,0.658766
0.306931,0.683168,0.623869
0.316832,0.683168,0.59198
0.326733,0.683168,0.562994
0.336634,0.683168,0.536805
0.346535,0.683168,0.513305
0.356436,0.683168,0.492386
0.366337,0.683168,0.473941
0.376238,0.683168,0.457864
0.386139,0.683168,0.444051
0.39604,0.683168,0.4324
0.405941,0.683168,0.422811
0.415842,0.683168,0.415189
0.425743,0.683168,0.409442
0.435644,0.683168,0.405482
0.445545,0.683168,0.403227
0.455446,0.683168,0.402598
0.465347,0.683168,0.403521
0.475248,0.683168,0.40593
0.485149,0.683168,0.409762
0.49505,0.683168,0.41496
0.50495,0.683168,0.421473
0.514851,0.683168,0.429256
0.524752,0.683168,0.438268
0.534653,0.683168,0.448476
0.544554,0.683168,0.459851
0.554455,0.683168,0.472367
0.564356,0.683168,0.486007
0.574257,0.683168,0.500756
0.584158,0.683168,0.516604
0.594059,0.683168,0.533544
0.60396,0.683168,0.551573
0.613861,0.683168,0.570693
0.623762,0.683168,0.590905
0.633663,0.683168,0.612215
0.643564,0.683168,0.634629
0.653465,0.683168,0.658156
0.663366,0.683168,0.682803
0.673267,0.683168,0.708579
0.683168,0.683168,0.73549
0.693069,0.683168,0.763543
0.70297,0.683168,0.792742
0.712871,0.683168,0.823089
0.722772,0.683168,0.854582
0.732673,0.683168,0.887216
0.742574,0.683168,0.92098
0.752475,0.683168,0.955862
0.762376,0.683168,0.99184
0.772277,0.683168,1.02889
0.782178,0.683168,1.06697
0.792079,0.683168,1.10606
0.80198,0.683168,1.1461
0.811881,0.683168,1.18703
0.821782,0.683168,1.2288
0.831683,0.683168,1.27133
0.841584,0.683168,1.31455
0.851485,0.683168,1.35836
0.861386,0.683168,1.40268
0.871287,0.683168,1.44738
0.881188,0.683168,1.49236
0.891089,0.683168,1.5375
0.90099,0.683168,1.58265
0.910891,0.683168,1.62768
0.920792,0.683168,1.67244
0.930693,0.683168,1.71677
0.940594,0.683168,1.7605
0.950495,0.683168,1.80346
0.960396,0.683168,1.84546
0.970297,0.683168,1.88631
0.980198,0.683168,1.92583
0.990099,0.683168,1.96379
1,0.683168,2
0,0.693069,3.35013
0.00990099,0.693069,3.2114
0.019802,0.693069,3.07576
0.029703,0.693069,2.94325
0.039604,0.693069,2.81392
0.049505,0.693069,2.68783
0.0594059,0.693069,2.56503
0.0693069,0.693069,2.44559
0.0792079,0.693069,2.32956
0.0891089,0.693069,2.217
0.0990099,0.693069,2.10797
0.108911,0.693069,2.00252
0.118812,0.693069,1.90069
0.128713,0.693069,1.80252
0.138614,0.693069,1.70805
0.148515,0.693069,1.6173
0.158416,0.693069,1.53028
0.168317,0.693069,1.44701
0.178218,0.693069,1.36749
0.188119,0.693069,1.2917
0.19802,0.693069,1.21962
0.207921,0.693069,1.15124
0.217822,0.693069,1.08651
0.227723,0.693069,1.02538
0.237624,0.693069,0.967817
0.247525,0.693069,0.913746
0.257426,0.693069,0.863104
0.267327,0.693069,0.815816
0.277228,0.693069,0.771802
0.287129,0.693069,0.730977
0.29703,0.693069,0.693252
0.306931,0.693069,0.658532
0.316832,0.693069,0.62672
0.326733,0.693069,0.597717
0.336634,0.693069,0.571422
0.346535,0.693069,0.547731
0.356436,0.693069,0.526542
0.366337,0.693069,0.507753
0.376238,0.693069,0.491263
0.386139,0.693069,0.47697
0.39604,0.693069,0.464778
0.405941,0.693069,0.454592
0.415842,0.693069,0.446319
0.425743,0.693069,0.439872
0.435644,0.693069,0.435166
0.445545,0.693069,0.432122
0.455446,0.693069,0.430664
0.465347,0.693069,0.430723
0.475248,0.693069,0.432235
0.485149,0.693069,0.435138
0.49505,0.693069,0.439381
0.50495,0.693069,0.444913
0.514851,0.693069,0.451692
0.524752,0.693069,0.459681
0.534653,0.693069,0.468847
0.544554,0.693069,0.479163
0.554455,0.693069,0.490608
0.564356,0.693069,0.503164
0.574257,0.693069,0.516819
0.584158,0.693069,0.531564
0.594059,0.693069,0.547395
0.60396,0.693069,0.56431
0.613861,0.693069,0.582313
0.623762,0.693069,0.601407
0.633663,0.693069,0.621599
0.643564,0.693069,0.642898
0.653465,0.693069,0.665312
0.663366,0.693069,0.688854
0.673267,0.693069,0.713531
0.683168,0.693069,0.739354
0.693069,0.693069,0.766331
0.70297,0.693069,0.794469
0.712871,0.693069,0.82377
0.722772,0.693069,0.854237
0.732673,0.693069,0.885868
0.742574,0.693069,0.918655
0.752475,0.693069,0.952586
0.762376,0.693069,0.987648
0.772277,0.693069,1.02382
0.782178,0.693069,1.06106
0.792079,0.693069,1.09935
0.80198,0.693069,1.13864
0.811881,0.693069,1.17889
0.821782,0.693069,1.22003
0.831683,0.693069,1.262
0.841584,0.693069,1.30473
0.851485,0.693069,1.34814
0.861386,0.693069,1.39213
0.871287,0.693069,1.43661
0.881188,0.693069,1.48148
0.891089,0.693069,1.52661
0.90099,0.693069,1.57189
0.910891,0.693069,1.61718
0.920792,0.693069,1.66235
0.930693,0.693069,1.70724
0.940594,0.693069,1.75171
0.950495,0.693069,1.79559
0.960396,0.693069,1.8387
0.970297,0.693069,1.88089
0.980198,0.693069,1.92196
0.990099,0.693069,1.96173
1,0.693069,2
0,0.70297,3.29121
0.00990099,0.70297,3.16022
0.019802,0.70297,3.03182
0.029703,0.70297,2.90609
0.039604,0.70297,2.7831
0.049505,0.70297,2.66295
0.0594059,0.70297,2.54569
0.0693069,0.70297,2.43143
0.0792079,0.70297,2.32022
0.0891089,0.70297,2.21216
0.0990099,0.70297,2.10731
0.108911,0.70297,2.00573
0.118812,0.70297,1.9075
0.128713,0.70297,1.81266
0.138614,0.70297,1.72126
0.148515,0.70297,1.63333
0.158416,0.70297,1.54891
0.168317,0.70297,1.46801
0.178218,0.70297,1.39065
0.188119,0.70297,1.31683
0.19802,0.70297,1.24653
0.207921,0.70297,1.17974
0.217822,0.70297,1.11643
0.227723,0.70297,1.05656
0.237624,0.70297,1.00009
0.247525,0.70297,0.946975
0.257426,0.70297,0.897143
0.267327,0.70297,0.850533
0.277228,0.70297,0.807068
0.287129,0.70297,0.766673
0.29703,0.70297,0.729262
0.306931,0.70297,0.694747
0.316832,0.70297,0.663038
0.326733,0.70297,0.634041
0.336634,0.70297,0.607659
0.346535,0.70297,0.583796
0.356436,0.70297,0.562353
0.366337,0.70297,0.543233
0.376238,0.70297,0.526339
0.386139,0.70297,0.511576
0.39604,0.70297,0.49885
0.405941,0.70297,0.48807
0.415842,0.70297,0.479149
0.425743,0.70297,0.472003
0.435644,0.70297,0.46655
0.445545,0.70297,0.462714
0.455446,0.70297,0.460424
0.465347,0.70297,0.459614
0.475248,0.70297,0.46022
0.485149,0.70297,0.462188
0.49505,0.70297,0.465465
0.50495,0.70297,0.470005
0.514851,0.70297,0.475769
0.524752,0.70297,0.48272
0.534653,0.70297,0.49083
0.544554,0.70297,0.500072
0.554455,0.70297,0.510428
0.564356,0.70297,0.521882
0.574257,0.70297,0.534423
0.584158,0.70297,0.548045
0.594059,0.70297,0.562745
0.60396,0.70297,0.578524
0.613861,0.70297,0.595386
0.623762,0.70297,0.613336
0.633663,0.70297,0.632385
0.643564,0.70297,0.65254
0.653465,0.70297,0.673815
0.663366,0.70297,0.696221
0.673267,0.70297,0.719769
0.683168,0.70297,0.744472
0.693069,0.70297,0.770339
0.70297,0.70297,0.79738
0.712871,0.70297,0.825601
0.722772,0.70297,0.855005
0.732673,0.70297,0.885593
0.742574,0.70297,0.917363
0.752475,0.70297,0.950305
0.762376,0.70297,0.984407
0.772277,0.70297,1.01965
0.782178,0.70297,1.05601
0.792079,0.70297,1.09346
0.80198,0.70297,1.13196
0.811881,0.70297,1.17147
0.821782,0.70297,1.21194
0.831683,0.70297,1.2533
0.841584,0.70297,1.29549
0.851485,0.70297,1.33844
0.861386,0.70297,1.38207
0.871287,0.70297,1.42628
0.881188,0.70297,1.47099
0.891089,0.70297,1.51607
0.90099,0.70297,1.56143
0.910891,0.70297,1.60694
0.920792,0.70297,1.65247
0.930693,0.70297,1.69789
0.940594,0.70297,1.74305
0.950495,0.70297,1.78782
0.960396,0.70297,1.83202
0.970297,0.70297,1.87551
0.980198,0.70297,1.91812
0.990099,0.70297,1.95967
1,0.70297,2
0,0.712871,3.23118
0.00990099,0.712871,3.10807
0.019802,0.712871,2.98707
0.029703,0.712871,2.86827
0.039604,0.712871,2.75178
0.049505,0.712871,2.63769
0.0594059,0.712871,2.52611
0.0693069,0.712871,2.41714
0.0792079,0.712871,2.31087
0.0891089,0.712871,2.20741
0.0990099,0.712871,2.10684
0.108911,0.712871,2.00925
0.118812,0.712871,1.9147
0.128713,0.712871,1.82328
0.138614,0.712871,1.73503
0.148515,0.712871,1.65001
0.158416,0.712871,1.56827
0.168317,0.712871,1.48982
0.178218,0.712871,1.41469
0.188119,0.712871,1.3429
0.19802,0.712871,1.27443
0.207921,0.712871,1.20929
0.217822,0.712871,1.14746
0.227723,0.712871,1.08891
0.237624,0.712871,1.03359
0.247525,0.712871,0.981473
0.257426,0.712871,0.932498
0.267327,0.712871,0.886606
0.277228,0.712871,0.843731
0.287129,0.712871,0.803801
0.29703,0.712871,0.766738
0.306931,0.712871,0.73246
0.316832,0.712871,0.700883
0.326733,0.712871,0.671917
0.336634,0.712871,0.645473
0.346535,0.712871,0.621458
0.356436,0.712871,0.59978
0.366337,0.712871,0.580346
0.376238,0.712871,0.563065
0.386139,0.712871,0.547844
0.39604,0.712871,0.534596
0.405941,0.712871,0.523233
0.415842,0.712871,0.513672
0.425743,0.712871,0.505832
0.435644,0.712871,0.499636
0.445545,0.712871,0.495012
0.455446,0.712871,0.491892
0.465347,0.712871,0.490212
0.475248,0.712871,0.489913
0.485149,0.712871,0.490941
0.49505,0.712871,0.493249
0.50495,0.712871,0.496792
0.514851,0.712871,0.501533
0.524752,0.712871,0.50744
0.534653,0.712871,0.514483
0.544554,0.712871,0.522642
0.554455,0.712871,0.531897
0.564356,0.712871,0.542236
0.574257,0.712871,0.55365
0.584158,0.712871,0.566134
0.594059,0.712871,0.579688
0.60396,0.712871,0.594313
0.613861,0.712871,0.610015
0.623762,0.712871,0.626802
0.633663,0.712871,0.644685
0.643564,0.712871,0.663675
0.653465,0.712871,0.683785
0.663366,0.712871,0.70503
0.673267,0.712871,0.727422
0.683168,0.712871,0.750976
0.693069,0.712871,0.775703
0.70297,0.712871,0.801616
0.712871,0.712871,0.828723
0.722772,0.712871,0.857031
0.732673,0.712871,0.886541
0.742574,0.712871,0.917256
0.752475,0.712871,0.949169
0.762376,0.712871,0.982271
0.772277,0.712871,1.01655
0.782178,0.712871,1.05198
0.792079,0.712871,1.08855
0.80198,0.712871,1.12621
0.811881,0.712871,1.16494
0.821782,0.712871,1.20467
0.831683,0.712871,1.24538
0.841584,0.712871,1.28698
0.851485,0.712871,1.32943
0.861386,0.712871,1.37264
0.871287,0.712871,1.41653
0.881188,0.712871,1.46101
0.891089,0.712871,1.506
0.90099,0.712871,1.55139
0.910891,0.712871,1.59706
0.920792,0.712871,1.6429
0.930693,0.712871,1.6888
0.940594,0.712871,1.73461
0.950495,0.712871,1.78022
0.960396,0.712871,1.82547
0.970297,0.712871,1.87023
0.980198,0.712871,1.91434
0.990099,0.712871,1.95765
1,0.712871,2
0,0.722772,3.17024
0.00990099,0.722772,3.05517
0.019802,0.722772,2.9417
0.029703,0.722772,2.82995
0.039604,0.722772,2.72006
0.049505,0.722772,2.61216
0.0594059,0.722772,2.50635
0.0693069,0.722772,2.40278
0.0792079,0.722772,2.30156
0.0891089,0.722772,2.20279
0.0990099,0.722772,2.10659
0.108911,0.722772,2.01306
0.118812,0.722772,1.92229
0.128713,0.722772,1.83436
0.138614,0.722772,1.74935
0.148515,0.722772,1.66731
0.158416,0.722772,1.5883
0.168317,0.722772,1.51237
0.178218,0.722772,1.43954
0.188119,0.722772,1.36984
0.19802,0.722772,1.30328
0.207921,0.722772,1.23985
0.217822,0.722772,1.17955
0.227723,0.722772,1.12236
0.237624,0.722772,1.06824
0.247525,0.722772,1.01717
0.257426,0.722772,0.969098
0.267327,0.722772,0.923968
0.277228,0.722772,0.881722
0.287129,0.722772,0.842296
0.29703,0.722772,0.805616
0.306931,0.722772,0.77161
0.316832,0.722772,0.740195
0.326733,0.722772,0.711291
0.336634,0.722772,0.684812
0.346535,0.722772,0.660672
0.356436,0.722772,0.638783
0.366337,0.722772,0.619057
0.376238,0.722772,0.601408
0.386139,0.722772,0.585748
0.39604,0.722772,0.571994
0.405941,0.722772,0.560062
0.415842,0.722772,0.549874
0.425743,0.722772,0.541352
0.435644,0.722772,0.534424
0.445545,0.722772,0.529021
0.455446,0.722772,0.525077
0.465347,0.722772,0.522533
0.475248,0.722772,0.521333
0.485149,0.722772,0.521425
0.49505,0.722772,0.522766
0.50495,0.722772,0.525313
0.514851,0.722772,0.529031
0.524752,0.722772,0.533891
0.534653,0.722772,0.539866
0.544554,0.722772,0.546936
0.554455,0.722772,0.555085
0.564356,0.722772,0.564302
0.574257,0.722772,0.574581
0.584158,0.722772,0.585917
0.594059,0.722772,0.598313
0.60396,0.722772,0.611772
0.613861,0.722772,0.626301
0.623762,0.722772,0.64191
0.633663,0.722772,0.658611
0.643564,0.722772,0.676417
0.653465,0.722772,0.695343
0.663366,0.722772,0.715405
0.673267,0.722772,0.736619
0.683168,0.722772,0.759
0.693069,0.722772,0.782562
0.70297,0.722772,0.807319
0.712871,0.722772,0.833282
0.722772,0.722772,0.860461
0.732673,0.722772,0.888861
0.742574,0.722772,0.918484
0.752475,0.722772,0.949331
0.762376,0.722772,0.981396
0.772277,0.722772,1.01467
0.782178,0.722772,1.04913
0.792079,0.722772,1.08477
0.80198,0.722772,1.12154
0.811881,0.722772,1.15943
0.821782,0.722772,1.1984
0.831683,0.722772,1.23839
0.841584,0.722772,1.27936
0.851485,0.722772,1.32124
0.861386,0.722772,1.36397
0.871287,0.722772,1.40749
0.881188,0.722772,1.4517
0.891089,0.722772,1.49653
0.90099,0.722772,1.54188
0.910891,0.722772,1.58766
0.920792,0.722772,1.63375
0.930693,0.722772,1.68007
0.940594,0.722772,1.72648
0.950495,0.722772,1.77287
0.960396,0.722772,1.81911
0.970297,0.722772,1.86508
0.980198,0.722772,1.91064
0.990099,0.722772,1.95566
1,0.722772,2
0,0.732673,3.10865
0.00990099,0.732673,3.00171
0.019802,0.732673,2.89587
0.029703,0.732673,2.79128
0.039604,0.732673,2.68809
0.049505,0.732673,2.58645
0.0594059,0.732673,2.48652
0.0693069,0.732673,2.38842
0.0792079,0.732673,2.29232
0.0891089,0.732673,2.19832
0.0990099,0.732673,2.10657
0.108911,0.732673,2.01718
0.118812,0.732673,1.93025
0.128713,0.732673,1.84588
0.138614,0.732673,1.76417
0.148515,0.732673,1.68518
0.158416,0.732673,1.60897
0.168317,0.732673,1.53562
0.178218,0.732673,1.46515
0.188119,0.732673,1.3976
0.19802,0.732673,1.33299
0.207921,0.732673,1.27132
0.217822,0.732673,1.21261
0.227723,0.732673,1.15683
0.237624,0.732673,1.10397
0.247525,0.732673,1.05399
0.257426,0.732673,1.00687
0.267327,0.732673,0.962542
0.277228,0.732673,0.920968
0.287129,0.732673,0.882085
0.29703,0.732673,0.845829
0.306931,0.732673,0.812129
0.316832,0.732673,0.780913
0.326733,0.732673,0.752104
0.336634,0.732673,0.725622
0.346535,0.732673,0.701385
0.356436,0.732673,0.679313
0.366337,0.732673,0.659322
0.376238,0.732673,0.641329
0.386139,0.732673,0.625254
0.39604,0.732673,0.611015
0.405941,0.732673,0.598535
0.415842,0.732673,0.587739
0.425743,0.732673,0.578553
0.435644,0.732673,0.570908
0.445545,0.732673,0.56474
0.455446,0.732673,0.559986
0.465347,0.732673,0.556589
0.475248,0.732673,0.554498
0.485149,0.732673,0.553664
0.49505,0.732673,0.554045
0.50495,0.732673,0.555602
0.514851,0.732673,0.558304
0.524752,0.732673,0.56212
0.534653,0.732673,0.567029
0.544554,0.732673,0.573013
0.554455,0.732673,0.580056
0.564356,0.732673,0.588151
0.574257,0.732673,0.597292
0.584158,0.732673,0.607477
0.594059,0.732673,0.61871
0.60396,0.732673,0.630996
0.613861,0.732673,0.644343
0.623762,0.732673,0.658764
0.633663,0.732673,0.674272
0.643564,0.732673,0.690881
0.653465,0.732673,0.708609
0.663366,0.732673,0.727473
0.673267,0.732673,0.747489
0.683168,0.732673,0.768677
0.693069,0.732673,0.791051
0.70297,0.732673,0.814628
0.712871,0.732673,0.839421
0.722772,0.732673,0.865443
0.732673,0.732673,0.892701
0.742574,0.732673,0.921202
0.752475,0.732673,0.950947
0.762376,0.732673,0.981935
0.772277,0.732673,1.01416
0.782178,0.732673,1.04761
0.792079,0.732673,1.08227
0.80198,0.732673,1.11812
0.811881,0.732673,1.15513
0.821782,0.732673,1.19326
0.831683,0.732673,1.23249
0.841584,0.732673,1.27276
0.851485,0.732673,1.31402
0.861386,0.732673,1.35622
0.871287,0.732673,1.39929
0.881188,0.732673,1.44317
0.891089,0.732673,1.48777
0.90099,0.732673,1.53303
0.910891,0.732673,1.57884
0.920792,0.732673,1.62513
0.930693,0.732673,1.67179
0.940594,0.732673,1.71873
0.950495,0.732673,1.76583
0.960396,0.732673,1.813
0.970297,0.732673,1.86012
0.980198,0.732673,1.90707
0.990099,0.732673,1.95374
1,0.732673,2
0,0.742574,3.04664
0.00990099,0.742574,2.94792
0.019802,0.742574,2.84978
0.029703,0.742574,2.75241
0.039604,0.742574,2.65598
0.049505,0.742574,2.56068
0.0594059,0.742574,2.46667
0.0693069,0.742574,2.37412
0.0792079,0.742574,2.28319
0.0891089,0.742574,2.19403
0.0990099,0.742574,2.10679
0.108911,0.742574,2.02159
0.118812,0.742574,1.93856
0.128713,0.742574,1.85781
0.138614,0.742574,1.77945
0.148515,0.742574,1.70356
0.158416,0.742574,1.63022
0.168317,0.742574,1.5595
0.178218,0.742574,1.49144
0.188119,0.742574,1.42609
0.19802,0.742574,1.36349
0.207921,0.742574,1.30364
0.217822,0.742574,1.24656
0.227723,0.742574,1.19225
0.237624,0.742574,1.14069
0.247525,0.742574,1.09185
0.257426,0.742574,1.04572
0.267327,0.742574,1.00225
0.277228,0.742574,0.961389
0.287129,0.742574,0.923092
0.29703,0.742574,0.887299
0.306931,0.742574,0.853947
0.316832,0.742574,0.822967
0.326733,0.742574,0.794289
0.336634,0.742574,0.767839
0.346535,0.742574,0.743541
0.356436,0.742574,0.721318
0.366337,0.742574,0.701092
0.376238,0.742574,0.682786
0.386139,0.742574,0.666323
0.39604,0.742574,0.651627
0.405941,0.742574,0.638624
0.415842,0.742574,0.627243
0.425743,0.742574,0.617416
0.435644,0.742574,0.609076
0.445545,0.742574,0.602163
0.455446,0.742574,0.596618
0.465347,0.742574,0.592387
0.475248,0.742574,0.589422
0.485149,0.742574,0.587677
0.49505,0.742574,0.587112
0.50495,0.742574,0.587693
0.514851,0.742574,0.589388
0.524752,0.742574,0.592172
0.534653,0.742574,0.596025
0.544554,0.742574,0.600929
0.554455,0.742574,0.606873
0.564356,0.742574,0.61385
0.574257,0.742574,0.621857
0.584158,0.742574,0.630893
0.594059,0.742574,0.640964
0.60396,0.742574,0.652076
0.613861,0.742574,0.664239
0.623762,0.742574,0.677468
0.633663,0.742574,0.691776
0.643564,0.742574,0.707181
0.653465,0.742574,0.723701
0.663366,0.742574,0.741354
0.673267,0.742574,0.76016
0.683168,0.742574,0.780137
0.693069,0.742574,0.801306
0.70297,0.742574,0.823682
0.712871,0.742574,0.847283
0.722772,0.742574,0.872121
0.732673,0.742574,0.89821
0.742574,0.742574,0.925557
0.752475,0.742574,0.954168
0.762376,0.742574,0.984045
0.772277,0.742574,1.01518
0.782178,0.742574,1.04758
0.792079,0.742574,1.08122
0.80198,0.742574,1.11609
0.811881,0.742574,1.15217
0.821782,0.742574,1.18943
0.831683,0.742574,1.22783
0.841584,0.742574,1.26735
0.851485,0.742574,1.30793
0.861386,0.742574,1.34953
0.871287,0.742574,1.39209
0.881188,0.742574,1.43556
0.891089,0.742574,1.47987
0.90099,0.742574,1.52496
0.910891,0.742574,1.57073
0.920792,0.742574,1.61713
0.930693,0.742574,1.66406
0.940594,0.742574,1.71145
0.950495,0.742574,1.75919
0.960396,0.742574,1.8072
0.970297,0.742574,1.85539
0.980198,0.742574,1.90365
0.990099,0.742574,1.95189
1,0.742574,2
0,0.752475,2.98445
0.00990099,0.752475,2.89398
0.019802,0.752475,2.80359
0.029703,0.752475,2.71348
0.039604,0.752475,2.62386
0.049505,0.752475,2.53494
0.0594059,0.752475,2.4469
0.0693069,0.752475,2.35993
0.0792079,0.752475,2.27422
0.0891089,0.752475,2.18994
0.0990099,0.752475,2.10724
0.108911,0.752475,2.02628
0.118812,0.752475,1.9472
0.128713,0.752475,1.87011
0.138614,0.752475,1.79515
0.148515,0.752475,1.72241
0.158416,0.752475,1.65198
0.168317,0.752475,1.58393
0.178218,0.752475,1.51834
0.188119,0.752475,1.45525
0.19802,0.752475,1.3947
0.207921,0.752475,1.33672
0.217822,0.752475,1.28132
0.227723,0.752475,1.22852
0.237624,0.752475,1.17831
0.247525,0.752475,1.13066
0.257426,0.752475,1.08557
0.267327,0.752475,1.04299
0.277228,0.752475,1.0029
0.287129,0.752475,0.965231
0.29703,0.752475,0.929945
0.306931,0.752475,0.896982
0.316832,0.752475,0.866281
0.326733,0.752475,0.837774
0.336634,0.752475,0.811396
0.346535,0.752475,0.787074
0.356436,0.752475,0.764737
0.366337,0.752475,0.744312
0.376238,0.752475,0.725728
0.386139,0.752475,0.70891
0.39604,0.752475,0.693789
0.405941,0.752475,0.680294
0.415842,0.752475,0.668359
0.425743,0.752475,0.657919
0.435644,0.752475,0.648912
0.445545,0.752475,0.64128
0.455446,0.752475,0.634969
0.465347,0.752475,0.629928
0.475248,0.752475,0.626112
0.485149,0.752475,0.623477
0.49505,0.752475,0.621988
0.50495,0.752475,0.621611
0.514851,0.752475,0.622318
0.524752,0.752475,0.624086
0.534653,0.752475,0.626897
0.544554,0.752475,0.630737
0.554455,0.752475,0.635594
0.564356,0.752475,0.641465
0.574257,0.752475,0.648346
0.584158,0.752475,0.656242
0.594059,0.752475,0.665156
0.60396,0.752475,0.675099
0.613861,0.752475,0.686082
0.623762,0.752475,0.69812
0.633663,0.752475,0.711228
0.643564,0.752475,0.725426
0.653465,0.752475,0.740732
0.663366,0.752475,0.757168
0.673267,0.752475,0.774754
0.683168,0.752475,0.793511
0.693069,0.752475,0.813459
0.70297,0.752475,0.834619
0.712871,0.752475,0.857007
0.722772,0.752475,0.880642
0.732673,0.752475,0.905536
0.742574,0.752475,0.931702
0.752475,0.752475,0.959148
0.762376,0.752475,0.987879
0.772277,0.752475,1.0179
0.782178,0.752475,1.0492
0.792079,0.752475,1.08178
0.80198,0.752475,1.11562
0.811881,0.752475,1.15072
0.821782,0.752475,1.18704
0.831683,0.752475,1.22457
0.841584,0.752475,1.26327
0.851485,0.752475,1.30311
0.861386,0.752475,1.34404
0.871287,0.752475,1.38603
0.881188,0.752475,1.42902
0.891089,0.752475,1.47296
0.90099,0.752475,1.51779
0.910891,0.752475,1.56344
0.920792,0.752475,1.60987
0.930693,0.752475,1.65698
0.940594,0.752475,1.70472
0.950495,0.752475,1.75301
0.960396,0.752475,1.80178
0.970297,0.752475,1.85094
0.980198,0.752475,1.90042
0.990099,0.752475,1.95013
1,0.752475,2
0,0.762376,2.92232
0.00990099,0.762376,2.84012
0.019802,0.762376,2.75748
0.029703,0.762376,2.67465
0.039604,0.762376,2.59185
0.049505,0.762376,2.50932
0.0594059,0.762376,2.42726
0.0693069,0.762376,2.3459
0.0792079,0.762376,2.26543
0.0891089,0.762376,2.18605
0.0990099,0.762376,2.10793
0.108911,0.762376,2.03123
0.118812,0.762376,1.95613
0.128713,0.762376,1.88275
0.138614,0.762376,1.81122
0.148515,0.762376,1.74166
0.158416,0.762376,1.67418
0.168317,0.762376,1.60886
0.178218,0.762376,1.54577
0.188119,0.762376,1.48497
0.19802,0.762376,1.42652
0.207921,0.762376,1.37045
0.217822,0.762376,1.31679
0.227723,0.762376,1.26555
0.237624,0.762376,1.21673
0.247525,0.762376,1.17033
0.257426,0.762376,1.12632
0.267327,0.762376,1.08469
0.277228,0.762376,1.0454
0.287129,0.762376,1.00841
0.29703,0.762376,0.973678
0.306931,0.762376,0.94115
0.316832,0.762376,0.910771
0.326733,0.762376,0.882481
0.336634,0.762376,0.856217
0.346535,0.762376,0.831914
0.356436,0.762376,0.809505
0.366337,0.762376,0.788922
0.376238,0.762376,0.770098
0.386139,0.762376,0.752965
0.39604,0.762376,0.737456
0.405941,0.762376,0.723506
0.415842,0.762376,0.711052
0.425743,0.762376,0.700034
0.435644,0.762376,0.690393
0.445545,0.762376,0.682075
0.455446,0.762376,0.67503
0.465347,0.762376,0.669209
0.475248,0.762376,0.66457
0.485149,0.762376,0.661074
0.49505,0.762376,0.658686
0.50495,0.762376,0.657377
0.514851,0.762376,0.657121
0.524752,0.762376,0.657896
0.534653,0.762376,0.659687
0.544554,0.762376,0.662482
0.554455,0.762376,0.666271
0.564356,0.762376,0.671053
0.574257,0.762376,0.676826
0.584158,0.762376,0.683594
0.594059,0.762376,0.691366
0.60396,0.762376,0.70015
0.613861,0.762376,0.709962
0.623762,0.762376,0.720815
0.633663,0.762376,0.732728
0.643564,0.762376,0.745721
0.653465,0.762376,0.759815
0.663366,0.762376,0.775031
0.673267,0.762376,0.791393
0.683168,0.762376,0.808922
0.693069,0.762376,0.827641
0.70297,0.762376,0.847571
0.712871,0.762376,0.868733
0.722772,0.762376,0.891145
0.732673,0.762376,0.914824
0.742574,0.762376,0.939784
0.752475,0.762376,0.966037
0.762376,0.762376,0.99359
0.772277,0.762376,1.02245
0.782178,0.762376,1.05262
0.792079,0.762376,1.08409
0.80198,0.762376,1.11687
0.811881,0.762376,1.15093
0.821782,0.762376,1.18627
0.831683,0.762376,1.22286
0.841584,0.762376,1.26068
0.851485,0.762376,1.29971
0.861386,0.762376,1.3399
0.871287,0.762376,1.38124
0.881188,0.762376,1.42367
0.891089,0.762376,1.46715
0.90099,0.762376,1.51164
0.910891,0.762376,1.55709
0.920792,0.762376,1.60344
0.930693,0.762376,1.65065
0.940594,0.762376,1.69865
0.950495,0.762376,1.74738
0.960396,0.762376,1.79679
0.970297,0.762376,1.84682
0.980198,0.762376,1.8974
0.990099,0.762376,1.94848
1,0.762376,2
0,0.772277,2.86048
0.00990099,0.772277,2.78653
0.019802,0.772277,2.71163
0.029703,0.772277,2.63606
0.039604,0.772277,2.56007
0.049505,0.772277,2.48391
0.0594059,0.772277,2.40784
0.0693069,0.772277,2.33208
0.0792079,0.772277,2.25686
0.0891089,0.772277,2.18238
0.0990099,0.772277,2.10884
0.108911,0.772277,2.03643
0.118812,0.772277,1.96532
0.128713,0.772277,1.89566
0.138614,0.772277,1.82759
0.148515,0.772277,1.76125
0.158416,0.772277,1.69675
0.168317,0.772277,1.63418
0.178218,0.772277,1.57363
0.188119,0.772277,1.51517
0.19802,0.772277,1.45887
0.207921,0.772277,1.40475
0.217822,0.772277,1.35287
0.227723,0.772277,1.30323
0.237624,0.772277,1.25585
0.247525,0.772277,1.21073
0.257426,0.772277,1.16787
0.267327,0.772277,1.12723
0.277228,0.772277,1.08879
0.287129,0.772277,1.05253
0.29703,0.772277,1.0184
0.306931,0.772277,0.986357
0.316832,0.772277,0.95635
0.326733,0.772277,0.928323
0.336634,0.772277,0.902221
0.346535,0.772277,0.877984
0.356436,0.772277,0.855549
0.366337,0.772277,0.834853
0.376238,0.772277,0.815835
0.386139,0.772277,0.79843
0.39604,0.772277,0.782577
0.405941,0.772277,0.768214
0.415842,0.772277,0.755283
0.425743,0.772277,0.743726
0.435644,0.772277,0.733491
0.445545,0.772277,0.724526
0.455446,0.772277,0.716783
0.465347,0.772277,0.710218
0.475248,0.772277,0.704792
0.485149,0.772277,0.700469
0.49505,0.772277,0.697216
0.50495,0.772277,0.695007
0.514851,0.772277,0.693818
0.524752,0.772277,0.69363
0.534653,0.772277,0.694429
0.544554,0.772277,0.696206
0.554455,0.772277,0.698953
0.564356,0.772277,0.702669
0.574257,0.772277,0.707355
0.584158,0.772277,0.713017
0.594059,0.772277,0.719664
0.60396,0.772277,0.727307
0.613861,0.772277,0.735961
0.623762,0.772277,0.745643
0.633663,0.772277,0.756372
0.643564,0.772277,0.768169
0.653465,0.772277,0.781056
0.663366,0.772277,0.795057
0.673267,0.772277,0.810194
0.683168,0.772277,0.826494
0.693069,0.772277,0.843978
0.70297,0.772277,0.862671
0.712871,0.772277,0.882594
0.722772,0.772277,0.903769
0.732673,0.772277,0.926214
0.742574,0.772277,0.949947
0.752475,0.772277,0.974981
0.762376,0.772277,1.00133
0.772277,0.772277,1.029
0.782178,0.772277,1.058
0.792079,0.772277,1.08833
0.80198,0.772277,1.11998
0.811881,0.772277,1.15296
0.821782,0.772277,1.18725
0.831683,0.772277,1.22285
0.841584,0.772277,1.25973
0.851485,0.772277,1.29787
0.861386,0.772277,1.33726
0.871287,0.772277,1.37786
0.881188,0.772277,1.41965
0.891089,0.772277,1.46259
0.90099,0.772277,1.50665
0.910891,0.772277,1.55179
0.920792,0.772277,1.59797
0.930693,0.772277,1.64516
0.940594,0.772277,1.6933
0.950495,0.772277,1.74237
0.960396,0.772277,1.79231
0.970297,0.772277,1.84308
0.980198,0.772277,1.89465
0.990099,0.772277,1.94697
1,0.772277,2
0,0.782178,2.79919
0.00990099,0.782178,2.73342
0.019802,0.782178,2.66621
0.029703,0.782178,2.59785
0.039604,0.782178,2.52862
0.049505,0.782178,2.45881
0.0594059,0.782178,2.38869
0.0693069,0.782178,2.31851
0.0792079,0.782178,2.24851
0.0891089,0.782178,2.17892
0.0990099,0.782178,2.10996
0.108911,0.782178,2.04183
0.118812,0.782178,1.97472
0.128713,0.782178,1.90879
0.138614,0.782178,1.8442
0.148515,0.782178,1.7811
0.158416,0.782178,1.7196
0.168317,0.782178,1.65981
0.178218,0.782178,1.60184
0.188119,0.782178,1.54575
0.19802,0.782178,1.49162
0.207921,0.782178,1.43951
0.217822,0.782178,1.38944
0.227723,0.782178,1.34145
0.237624,0.782178,1.29556
0.247525,0.782178,1.25178
0.257426,0.782178,1.21009
0.267327,0.782178,1.1705
0.277228,0.782178,1.13297
0.287129,0.782178,1.09749
0.29703,0.782178,1.06401
0.306931,0.782178,1.0325
0.316832,0.782178,1.00292
0.326733,0.782178,0.975208
0.336634,0.782178,0.94932
0.346535,0.782178,0.925199
0.356436,0.782178,0.902789
0.366337,0.782178,0.882031
0.376238,0.782178,0.862868
0.386139,0.782178,0.845241
0.39604,0.782178,0.829091
0.405941,0.782178,0.814364
0.415842,0.782178,0.801002
0.425743,0.782178,0.788955
0.435644,0.782178,0.778171
0.445545,0.782178,0.768602
0.455446,0.782178,0.760206
0.465347,0.782178,0.752941
0.475248,0.782178,0.746769
0.485149,0.782178,0.741659
0.49505,0.782178,0.737581
0.50495,0.782178,0.73451
0.514851,0.782178,0.732425
0.524752,0.782178,0.73131
0.534653,0.782178,0.731152
0.544554,0.782178,0.731944
0.554455,0.782178,0.73368
0.564356,0.782178,0.73636
0.574257,0.782178,0.739989
0.584158,0.782178,0.744571
0.594059,0.782178,0.750118
0.60396,0.782178,0.756643
0.613861,0.782178,0.76416
0.623762,0.782178,0.772689
0.633663,0.782178,0.78225
0.643564,0.782178,0.792865
0.653465,0.782178,0.804557
0.663366,0.782178,0.81735
0.673267,0.782178,0.83127
0.683168,0.782178,0.846342
0.693069,0.782178,0.862592
0.70297,0.782178,0.880044
0.712871,0.782178,0.898722
0.722772,0.782178,0.918649
0.732673,0.782178,0.939847
0.742574,0.782178,0.962333
0.752475,0.782178,0.986127
0.762376,0.782178,1.01124
0.772277,0.782178,1.03769
0.782178,0.782178,1.06548
0.792079,0.782178,1.09463
0.80198,0.782178,1.12512
0.811881,0.782178,1.15696
0.821782,0.782178,1.19016
0.831683,0.782178,1.2247
0.841584,0.782178,1.26057
0.851485,0.782178,1.29776
0.861386,0.782178,1.33626
0.871287,0.782178,1.37605
0.881188,0.782178,1.4171
0.891089,0.782178,1.45941
0.90099,0.782178,1.50293
0.910891,0.782178,1.54766
0.920792,0.782178,1.59356
0.930693,0.782178,1.64061
0.940594,0.782178,1.68878
0.950495,0.782178,1.73804
0.960396,0.782178,1.78838
0.970297,0.782178,1.83977
0.980198,0.782178,1.89218
0.990099,0.782178,1.9456
1,0.782178,2
0,0.792079,2.73868
0.00990099,0.792079,2.681
0.019802,0.792079,2.62139
0.029703,0.792079,2.56015
0.039604,0.792079,2.49762
0.049505,0.792079,2.4341
0.0594059,0.792079,2.36987
0.0693069,0.792079,2.30521
0.0792079,0.792079,2.2404
0.0891089,0.792079,2.17567
0.0990099,0.792079,2.11127
0.108911,0.792079,2.0474
0.118812,0.792079,1.98428
0.128713,0.792079,1.92208
0.138614,0.792079,1.86098
0.148515,0.792079,1.80111
0.158416,0.792079,1.74263
0.168317,0.792079,1.68565
0.178218,0.792079,1.63028
0.188119,0.792079,1.57659
0.19802,0.792079,1.52468
0.207921,0.792079,1.4746
0.217822,0.792079,1.42639
0.227723,0.792079,1.3801
0.237624,0.792079,1.33574
0.247525,0.792079,1.29334
0.257426,0.792079,1.25289
0.267327,0.792079,1.21439
0.277228,0.792079,1.17782
0.287129,0.792079,1.14317
0.29703,0.792079,1.1104
0.306931,0.792079,1.07948
0.316832,0.792079,1.05038
0.326733,0.792079,1.02304
0.336634,0.792079,0.997417
0.346535,0.792079,0.973468
0.356436,0.792079,0.951139
0.366337,0.792079,0.930374
0.376238,0.792079,0.911121
0.386139,0.792079,0.893326
0.39604,0.792079,0.876935
0.405941,0.792079,0.861896
0.415842,0.792079,0.848157
0.425743,0.792079,0.835671
0.435644,0.792079,0.824389
0.445545,0.792079,0.814269
0.455446,0.792079,0.805269
0.465347,0.792079,0.797352
0.475248,0.792079,0.790484
0.485149,0.792079,0.784634
0.49505,0.792079,0.779776
0.50495,0.792079,0.775888
0.514851,0.792079,0.772952
0.524752,0.792079,0.770952
0.534653,0.792079,0.769878
0.544554,0.792079,0.769724
0.554455,0.792079,0.770488
0.564356,0.792079,0.77217
0.574257,0.792079,0.774774
0.584158,0.792079,0.77831
0.594059,0.792079,0.782789
0.60396,0.792079,0.788224
0.613861,0.792079,0.794632
0.623762,0.792079,0.802033
0.633663,0.792079,0.810448
0.643564,0.792079,0.8199
0.653465,0.792079,0.830413
0.663366,0.792079,0.842013
0.673267,0.792079,0.854726
0.683168,0.792079,0.868579
0.693069,0.792079,0.883599
0.70297,0.792079,0.899811
0.712871,0.792079,0.917241
0.722772,0.792079,0.935915
0.732673,0.792079,0.955853
0.742574,0.792079,0.97708
0.752475,0.792079,0.999614
0.762376,0.792079,1.02347
0.772277,0.792079,1.04867
0.782178,0.792079,1.07523
0.792079,0.792079,1.10314
0.80198,0.792079,1.13243
0.811881,0.792079,1.16309
0.821782,0.792079,1.19513
0.831683,0.792079,1.22855
0.841584,0.792079,1.26335
0.851485,0.792079,1.29952
0.861386,0.792079,1.33705
0.871287,0.792079,1.37593
0.881188,0.792079,1.41616
0.891089,0.792079,1.45773
0.90099,0.792079,1.50062
0.910891,0.792079,1.54482
0.920792,0.792079,1.59031
0.930693,0.792079,1.6371
0.940594,0.792079,1.68516
0.950495,0.792079,1.73449
0.960396,0.792079,1.78508
0.970297,0.792079,1.83693
0.980198,0.792079,1.89003
0.990099,0.792079,1.94439
1,0.792079,2
0,0.80198,2.67917
0.00990099,0.80198,2.62946
0.019802,0.80198,2.57732
0.029703,0.80198,2.52311
0.039604,0.80198,2.46718
0.049505,0.80198,2.40984
0.0594059,0.80198,2.35143
0.0693069,0.80198,2.29223
0.0792079,0.80198,2.23254
0.0891089,0.80198,2.17262
0.0990099,0.80198,2.11273
0.108911,0.80198,2.0531
0.118812,0.80198,1.99394
0.128713,0.80198,1.93546
0.138614,0.80198,1.87783
0.148515,0.80198,1.82121
0.158416,0.80198,1.76576
0.168317,0.80198,1.7116
0.178218,0.80198,1.65884
0.188119,0.80198,1.60758
0.19802,0.80198,1.55791
0.207921,0.80198,1.5099
0.217822,0.80198,1.46359
0.227723,0.80198,1.41904
0.237624,0.80198,1.37626
0.247525,0.80198,1.33529
0.257426,0.80198,1.29612
0.267327,0.80198,1.25877
0.277228,0.80198,1.22322
0.287129,0.80198,1.18945
0.29703,0.80198,1.15745
0.306931,0.80198,1.12718
0.316832,0.80198,1.09861
0.326733,0.80198,1.0717
0.336634,0.80198,1.04641
0.346535,0.80198,1.02269
0.356436,0.80198,1.0005
0.366337,0.80198,0.979793
0.376238,0.80198,0.960511
0.386139,0.80198,0.942608
0.39604,0.80198,0.926035
0.405941,0.80198,0.910743
0.415842,0.80198,0.896686
0.425743,0.80198,0.883819
0.435644,0.80198,0.872097
0.445545,0.80198,0.861482
0.455446,0.80198,0.851935
0.465347,0.80198,0.843421
0.475248,0.80198,0.835911
0.485149,0.80198,0.829375
0.49505,0.80198,0.823791
0.50495,0.80198,0.819138
0.514851,0.80198,0.815399
0.524752,0.80198,0.812564
0.534653,0.80198,0.810622
0.544554,0.80198,0.809569
0.554455,0.80198,0.809404
0.564356,0.80198,0.81013
0.574257,0.80198,0.811753
0.584158,0.80198,0.814282
0.594059,0.80198,0.817729
0.60396,0.80198,0.822109
0.613861,0.80198,0.827442
0.623762,0.80198,0.833745
0.633663,0.80198,0.841042
0.643564,0.80198,0.849357
0.653465,0.80198,0.858714
0.663366,0.80198,0.869141
0.673267,0.80198,0.880664
0.683168,0.80198,0.893311
0.693069,0.80198,0.90711
0.70297,0.80198,0.922088
0.712871,0.80198,0.938273
0.722772,0.80198,0.95569
0.732673,0.80198,0.974364
0.742574,0.80198,0.994319
0.752475,0.80198,1.01558
0.762376,0.80198,1.03816
0.772277,0.80198,1.06208
0.782178,0.80198,1.08737
0.792079,0.80198,1.11402
0.80198,0.80198,1.14206
0.811881,0.80198,1.17149
0.821782,0.80198,1.20232
0.831683,0.80198,1.23456
0.841584,0.80198,1.26822
0.851485,0.80198,1.30328
0.861386,0.80198,1.33976
0.871287,0.80198,1.37765
0.881188,0.80198,1.41696
0.891089,0.80198,1.45769
0.90099,0.80198,1.49982
0.910891,0.80198,1.54337
0.920792,0.80198,1.58834
0.930693,0.80198,1.63473
0.940594,0.80198,1.68254
0.950495,0.80198,1.73178
0.960396,0.80198,1.78247
0.970297,0.80198,1.83462
0.980198,0.80198,1.88824
0.990099,0.80198,1.94336
1,0.80198,2
0,0.811881,2.62091
0.00990099,0.811881,2.579
0.019802,0.811881,2.53418
0.029703,0.811881,2.48685
0.039604,0.811881,2.43738
0.049505,0.811881,2.38611
0.0594059,0.811881,2.3334
0.0693069,0.811881,2.27957
0.0792079,0.811881,2.22492
0.0891089,0.811881,2.16975
0.0990099,0.811881,2.11431
0.108911,0.811881,2.05886
0.118812,0.811881,2.00363
0.128713,0.811881,1.94883
0.138614,0.811881,1.89466
0.148515,0.811881,1.84128
0.158416,0.811881,1.78886
0.168317,0.811881,1.73752
0.178218,0.811881,1.6874
0.188119,0.811881,1.63859
0.19802,0.811881,1.5912
0.207921,0.811881,1.54528
0.217822,0.811881,1.50091
0.227723,0.811881,1.45813
0.237624,0.811881,1.41698
0.247525,0.811881,1.37749
0.257426,0.811881,1.33966
0.267327,0.811881,1.30351
0.277228,0.811881,1.26903
0.287129,0.811881,1.23621
0.29703,0.811881,1.20503
0.306931,0.811881,1.17547
0.316832,0.811881,1.1475
0.326733,0.811881,1.12109
0.336634,0.811881,1.09619
0.346535,0.811881,1.07277
0.356436,0.811881,1.05079
0.366337,0.811881,1.03019
0.376238,0.811881,1.01095
0.386139,0.811881,0.993
0.39604,0.811881,0.97631
0.405941,0.811881,0.960831
0.415842,0.811881,0.94652
0.425743,0.811881,0.933336
0.435644,0.811881,0.921239
0.445545,0.811881,0.910191
0.455446,0.811881,0.900159
0.465347,0.811881,0.891111
0.475248,0.811881,0.883019
0.485149,0.811881,0.875858
0.49505,0.811881,0.869606
0.50495,0.811881,0.864245
0.514851,0.811881,0.859762
0.524752,0.811881,0.856146
0.534653,0.811881,0.85339
0.544554,0.811881,0.851491
0.554455,0.811881,0.85045
0.564356,0.811881,0.85027
0.574257,0.811881,0.850958
0.584158,0.811881,0.852525
0.594059,0.811881,0.854985
0.60396,0.811881,0.858353
0.613861,0.811881,0.862648
0.623762,0.811881,0.867891
0.633663,0.811881,0.874104
0.643564,0.811881,0.881313
0.653465,0.811881,0.889543
0.663366,0.811881,0.898822
0.673267,0.811881,0.909176
0.683168,0.811881,0.920636
0.693069,0.811881,0.933229
0.70297,0.811881,0.946985
0.712871,0.811881,0.96193
0.722772,0.811881,0.978093
0.732673,0.811881,0.9955
0.742574,0.811881,1.01418
0.752475,0.811881,1.03415
0.762376,0.811881,1.05544
0.772277,0.811881,1.07806
0.782178,0.811881,1.10205
0.792079,0.811881,1.1274
0.80198,0.811881,1.15415
0.811881,0.811881,1.1823
0.821782,0.811881,1.21187
0.831683,0.811881,1.24287
0.841584,0.811881,1.27531
0.851485,0.811881,1.3092
0.861386,0.811881,1.34454
0.871287,0.811881,1.38135
0.881188,0.811881,1.41964
0.891089,0.811881,1.45941
0.90099,0.811881,1.50068
0.910891,0.811881,1.54345
0.920792,0.811881,1.58775
0.930693,0.811881,1.6336
0.940594,0.811881,1.68101
0.950495,0.811881,1.73
0.960396,0.811881,1.78062
0.970297,0.811881,1.83288
0.980198,0.811881,1.88684
0.990099,0.811881,1.94253
1,0.811881,2
0,0.821782,2.56412
0.00990099,0.821782,2.5298
0.019802,0.821782,2.49212
0.029703,0.821782,2.45149
0.039604,0.821782,2.40831
0.049505,0.821782,2.36297
0.0594059,0.821782,2.31583
0.0693069,0.821782,2.26725
0.0792079,0.821782,2.21753
0.0891089,0.821782,2.16701
0.0990099,0.821782,2.11595
0.108911,0.821782,2.06462
0.118812,0.821782,2.01327
0.128713,0.821782,1.96212
0.138614,0.821782,1.91137
0.148515,0.821782,1.86122
0.158416,0.821782,1.81181
0.168317,0.821782,1.76331
0.178218,0.821782,1.71583
0.188119,0.821782,1.66949
0.19802,0.821782,1.62439
0.207921,0.821782,1.5806
0.217822,0.821782,1.53821
0.227723,0.821782,1.49725
0.237624,0.821782,1.45777
0.247525,0.821782,1.4198
0.257426,0.821782,1.38337
0.267327,0.821782,1.34847
0.277228,0.821782,1.31512
0.287129,0.821782,1.28331
0.29703,0.821782,1.25302
0.306931,0.821782,1.22423
0.316832,0.821782,1.19692
0.326733,0.821782,1.17107
0.336634,0.821782,1.14663
0.346535,0.821782,1.12358
0.356436,0.821782,1.10187
0.366337,0.821782,1.08147
0.376238,0.821782,1.06233
0.386139,0.821782,1.04441
0.39604,0.821782,1.02767
0.405941,0.821782,1.01208
0.415842,0.821782,0.997583
0.425743,0.821782,0.984152
0.435644,0.821782,0.971749
0.445545,0.821782,0.960339
0.455446,0.821782,0.949891
0.465347,0.821782,0.940376
0.475248,0.821782,0.93177
0.485149,0.821782,0.924049
0.49505,0.821782,0.917195
0.50495,0.821782,0.911191
0.514851,0.821782,0.906027
0.524752,0.821782,0.901692
0.534653,0.821782,0.898183
0.544554,0.821782,0.895497
0.554455,0.821782,0.893637
0.564356,0.821782,0.892606
0.574257,0.821782,0.892415
0.584158,0.821782,0.893073
0.594059,0.821782,0.894595
0.60396,0.821782,0.896998
0.613861,0.821782,0.900302
0.623762,0.821782,0.904527
0.633663,0.821782,0.909697
0.643564,0.821782,0.915837
0.653465,0.821782,0.922974
0.663366,0.821782,0.931136
0.673267,0.821782,0.94035
0.683168,0.821782,0.950646
0.693069,0.821782,0.962054
0.70297,0.821782,0.974602
0.712871,0.821782,0.98832
0.722772,0.821782,1.00324
0.732673,0.821782,1.01938
0.742574,0.821782,1.03678
0.752475,0.821782,1.05545
0.762376,0.821782,1.07543
0.772277,0.821782,1.09674
0.782178,0.821782,1.1194
0.792079,0.821782,1.14343
0.80198,0.821782,1.16884
0.811881,0.821782,1.19567
0.821782,0.821782,1.22393
0.831683,0.821782,1.25362
0.841584,0.821782,1.28478
0.851485,0.821782,1.31741
0.861386,0.821782,1.35153
0.871287,0.821782,1.38716
0.881188,0.821782,1.42432
0.891089,0.821782,1.46302
0.90099,0.821782,1.5033
0.910891,0.821782,1.54517
0.920792,0.821782,1.58866
0.930693,0.821782,1.6338
0.940594,0.821782,1.68064
0.950495,0.821782,1.72922
0.960396,0.821782,1.77958
0.970297,0.821782,1.83178
0.980198,0.821782,1.88587
0.990099,0.821782,1.94192
1,0.821782,2
0,0.831683,2.50901
0.00990099,0.831683,2.48204
0.019802,0.831683,2.45127
0.029703,0.831683,2.41713
0.039604,0.831683,2.38006
0.049505,0.831683,2.34046
0.0594059,0.831683,2.29874
0.0693069,0.831683,2.25525
0.0792079,0.831683,2.21035
0.0891089,0.831683,2.16436
0.0990099,0.831683,2.11758
0.108911,0.831683,2.07029
0.118812,0.831683,2.02276
0.128713,0.831683,1.97521
0.138614,0.831683,1.92785
0.148515,0.831683,1.88089
0.158416,0.831683,1.83449
0.168317,0.831683,1.78881
0.178218,0.831683,1.74398
0.188119,0.831683,1.70012
0.19802,0.831683,1.65734
0.207921,0.831683,1.61572
0.217822,0.831683,1.57532
0.227723,0.831683,1.53622
0.237624,0.831683,1.49846
0.247525,0.831683,1.46207
0.257426,0.831683,1.42708
0.267327,0.831683,1.3935
0.277228,0.831683,1.36134
0.287129,0.831683,1.3306
0.29703,0.831683,1.30126
0.306931,0.831683,1.27332
0.316832,0.831683,1.24675
0.326733,0.831683,1.22153
0.336634,0.831683,1.19762
0.346535,0.831683,1.17501
0.356436,0.831683,1.15365
0.366337,0.831683,1.13351
0.376238,0.831683,1.11455
0.386139,0.831683,1.09674
0.39604,0.831683,1.08003
0.405941,0.831683,1.06439
0.415842,0.831683,1.04979
0.425743,0.831683,1.03619
0.435644,0.831683,1.02356
0.445545,0.831683,1.01186
0.455446,0.831683,1.00107
0.465347,0.831683,0.991162
0.475248,0.831683,0.982115
0.485149,0.831683,0.973907
0.49505,0.831683,0.966523
0.50495,0.831683,0.959947
0.514851,0.831683,0.954171
0.524752,0.831683,0.949187
0.534653,0.831683,0.944992
0.544554,0.831683,0.941585
0.554455,0.831683,0.938969
0.564356,0.831683,0.937151
0.574257,0.831683,0.93614
0.584158,0.831683,0.935948
0.594059,0.831683,0.936589
0.60396,0.831683,0.938082
0.613861,0.831683,0.940446
0.623762,0.831683,0.943702
0.633663,0.831683,0.947875
0.643564,0.831683,0.952991
0.653465,0.831683,0.959075
0.663366,0.831683,0.966156
0.673267,0.831683,0.974262
0.683168,0.831683,0.983425
0.693069,0.831683,0.993672
0.70297,0.831683,1.00503
0.712871,0.831683,1.01754
0.722772,0.831683,1.03122
0.732673,0.831683,1.04611
0.742574,0.831683,1.06223
0.752475,0.831683,1.0796
0.762376,0.831683,1.09827
0.772277,0.831683,1.11824
0.782178,0.831683,1.13955
0.792079,0.831683,1.16222
0.80198,0.831683,1.18627
0.811881,0.831683,1.21173
0.821782,0.831683,1.23862
0.831683,0.831683,1.26695
0.841584,0.831683,1.29676
0.851485,0.831683,1.32805
0.861386,0.831683,1.36087
0.871287,0.831683,1.39522
0.881188,0.831683,1.43114
0.891089,0.831683,1.46866
0.90099,0.831683,1.50781
0.910891,0.831683,1.54863
0.920792,0.831683,1.59116
0.930693,0.831683,1.63545
0.940594,0.831683,1.68155
0.950495,0.831683,1.72952
0.960396,0.831683,1.77942
0.970297,0.831683,1.83134
0.980198,0.831683,1.88535
0.990099,0.831683,1.94154
1,0.831683,2
0,0.841584,2.4558
0.00990099,0.841584,2.4359
0.019802,0.841584,2.41177
0.029703,0.841584,2.38388
0.039604,0.841584,2.35268
0.049505,0.841584,2.31863
0.0594059,0.841584,2.28212
0.0693069,0.841584,2.24357
0.0792079,0.841584,2.20333
0.0891089,0.841584,2.16174
0.0990099,0.841584,2.11914
0.108911,0.841584,2.0758
0.118812,0.841584,2.032
0.128713,0.841584,1.98798
0.138614,0.841584,1.94397
0.148515,0.841584,1.90017
0.158416,0.841584,1.85675
0.168317,0.841584,1.81389
0.178218,0.841584,1.77171
0.188119,0.841584,1.73034
0.19802,0.841584,1.6899
0.207921,0.841584,1.65046
0.217822,0.841584,1.61211
0.227723,0.841584,1.57491
0.237624,0.841584,1.53891
0.247525,0.841584,1.50415
0.257426,0.841584,1.47066
0.267327,0.841584,1.43846
0.277228,0.841584,1.40755
0.287129,0.841584,1.37794
0.29703,0.841584,1.34963
0.306931,0.841584,1.3226
0.316832,0.841584,1.29683
0.326733,0.841584,1.27232
0.336634,0.841584,1.24903
0.346535,0.841584,1.22693
0.356436,0.841584,1.206
0.366337,0.841584,1.1862
0.376238,0.841584,1.1675
0.386139,0.841584,1.14987
0.39604,0.841584,1.13328
0.405941,0.841584,1.11768
0.415842,0.841584,1.10305
0.425743,0.841584,1.08936
0.435644,0.841584,1.07658
0.445545,0.841584,1.06468
0.455446,0.841584,1.05363
0.465347,0.841584,1.04341
0.475248,0.841584,1.034
0.485149,0.841584,1.02538
0.49505,0.841584,1.01755
0.50495,0.841584,1.01048
0.514851,0.841584,1.00417
0.524752,0.841584,0.998607
0.534653,0.841584,0.993799
0.544554,0.841584,0.989743
0.554455,0.841584,0.986443
0.564356,0.841584,0.983906
0.574257,0.841584,0.982143
0.584158,0.841584,0.981165
0.594059,0.841584,0.980989
0.60396,0.841584,0.981631
0.613861,0.841584,0.983113
0.623762,0.841584,0.985456
0.633663,0.841584,0.988685
0.643564,0.841584,0.992824
0.653465,0.841584,0.997902
0.663366,0.841584,1.00395
0.673267,0.841584,1.01098
0.683168,0.841584,1.01905
0.693069,0.841584,1.02817
0.70297,0.841584,1.03837
0.712871,0.841584,1.04969
0.722772,0.841584,1.06215
0.732673,0.841584,1.07579
0.742574,0.841584,1.09064
0.752475,0.841584,1.10671
0.762376,0.841584,1.12405
0.772277,0.841584,1.14268
0.782178,0.841584,1.16263
0.792079,0.841584,1.18391
0.80198,0.841584,1.20657
0.811881,0.841584,1.23062
0.821782,0.841584,1.25608
0.831683,0.841584,1.283
0.841584,0.841584,1.31138
0.851485,0.841584,1.34127
0.861386,0.841584,1.37268
0.871287,0.841584,1.40566
0.881188,0.841584,1.44023
0.891089,0.841584,1.47645
0.90099,0.841584,1.51434
0.910891,0.841584,1.55396
0.920792,0.841584,1.59537
0.930693,0.841584,1.63863
0.940594,0.841584,1.6838
0.950495,0.841584,1.73097
0.960396,0.841584,1.78022
0.970297,0.841584,1.83164
0.980198,0.841584,1.88533
0.990099,0.841584,1.94141
1,0.841584,2
0,0.851485,2.40469
0.00990099,0.851485,2.39155
0.019802,0.851485,2.37375
0.029703,0.851485,2.35182
0.039604,0.851485,2.32624
0.049505,0.851485,2.29748
0.0594059,0.851485,2.26599
0.0693069,0.851485,2.23217
0.0792079,0.851485,2.19642
0.0891089,0.851485,2.15909
0.0990099,0.851485,2.12053
0.108911,0.851485,2.08103
0.118812,0.851485,2.04087
0.128713,0.851485,2.00032
0.138614,0.851485,1.95959
0.148515,0.851485,1.91891
0.158416,0.851485,1.87845
0.168317,0.851485,1.83839
0.178218,0.851485,1.79885
0.188119,0.851485,1.75999
0.19802,0.851485,1.72189
0.207921,0.851485,1.68467
0.217822,0.851485,1.64839
0.227723,0.851485,1.61313
0.237624,0.851485,1.57894
0.247525,0.851485,1.54587
0.257426,0.851485,1.51393
0.267327,0.851485,1.48316
0.277228,0.851485,1.45358
0.287129,0.851485,1.42517
0.29703,0.851485,1.39795
0.306931,0.851485,1.37191
0.316832,0.851485,1.34703
0.326733,0.851485,1.32331
0.336634,0.851485,1.3007
0.346535,0.851485,1.27921
0.356436,0.851485,1.25879
0.366337,0.851485,1.23942
0.376238,0.851485,1.22107
0.386139,0.851485,1.20371
0.39604,0.851485,1.18731
0.405941,0.851485,1.17184
0.415842,0.851485,1.15727
0.425743,0.851485,1.14358
0.435644,0.851485,1.13074
0.445545,0.851485,1.11871
0.455446,0.851485,1.10749
0.465347,0.851485,1.09704
0.475248,0.851485,1.08736
0.485149,0.851485,1.07842
0.49505,0.851485,1.07022
0.50495,0.851485,1.06274
0.514851,0.851485,1.05597
0.524752,0.851485,1.04992
0.534653,0.851485,1.04458
0.544554,0.851485,1.03995
0.554455,0.851485,1.03605
0.564356,0.851485,1.03287
0.574257,0.851485,1.03042
0.584158,0.851485,1.02873
0.594059,0.851485,1.02781
0.60396,0.851485,1.02766
0.613861,0.851485,1.02833
0.623762,0.851485,1.02982
0.633663,0.851485,1.03216
0.643564,0.851485,1.03538
0.653465,0.851485,1.03951
0.663366,0.851485,1.04456
0.673267,0.851485,1.05057
0.683168,0.851485,1.05758
0.693069,0.851485,1.06561
0.70297,0.851485,1.07468
0.712871,0.851485,1.08484
0.722772,0.851485,1.09611
0.732673,0.851485,1.10852
0.742574,0.851485,1.1221
0.752475,0.851485,1.13689
0.762376,0.851485,1.1529
0.772277,0.851485,1.17018
0.782178,0.851485,1.18874
0.792079,0.851485,1.20862
0.80198,0.851485,1.22985
0.811881,0.851485,1.25245
0.821782,0.851485,1.27645
0.831683,0.851485,1.30188
0.841584,0.851485,1.32878
0.851485,0.851485,1.35718
0.861386,0.851485,1.3871
0.871287,0.851485,1.41861
0.881188,0.851485,1.45172
0.891089,0.851485,1.4865
0.90099,0.851485,1.523
0.910891,0.851485,1.56128
0.920792,0.851485,1.60141
0.930693,0.851485,1.64345
0.940594,0.851485,1.68751
0.950495,0.851485,1.73366
0.960396,0.851485,1.78203
0.970297,0.851485,1.83271
0.980198,0.851485,1.88585
0.990099,0.851485,1.94156
1,0.851485,2
0,0.861386,2.35589
0.00990099,0.861386,2.34913
0.019802,0.861386,2.33733
0.029703,0.861386,2.32104
0.039604,0.861386,2.30078
0.049505,0.861386,2.27705
0.0594059,0.861386,2.25031
0.0693069,0.861386,2.22101
0.0792079,0.861386,2.18955
0.0891089,0.861386,2.15632
0.0990099,0.861386,2.12164
0.108911,0.861386,2.08586
0.118812,0.861386,2.04924
0.128713,0.861386,2.01207
0.138614,0.861386,1.97457
0.148515,0.861386,1.93696
0.158416,0.861386,1.89942
0.168317,0.861386,1.86214
0.178218,0.861386,1.82524
0.188119,0.861386,1.78888
0.19802,0.861386,1.75316
0.207921,0.861386,1.71817
0.217822,0.861386,1.684
0.227723,0.861386,1.65072
0.237624,0.861386,1.61839
0.247525,0.861386,1.58705
0.257426,0.861386,1.55673
0.267327,0.861386,1.52746
0.277228,0.861386,1.49926
0.287129,0.861386,1.47213
0.29703,0.861386,1.44608
0.306931,0.861386,1.42111
0.316832,0.861386,1.3972
0.326733,0.861386,1.37434
0.336634,0.861386,1.35251
0.346535,0.861386,1.3317
0.356436,0.861386,1.31188
0.366337,0.861386,1.29303
0.376238,0.861386,1.27511
0.386139,0.861386,1.25812
0.39604,0.861386,1.24201
0.405941,0.861386,1.22676
0.415842,0.861386,1.21234
0.425743,0.861386,1.19874
0.435644,0.861386,1.18593
0.445545,0.861386,1.17388
0.455446,0.861386,1.16257
0.465347,0.861386,1.152
0.475248,0.861386,1.14213
0.485149,0.861386,1.13296
0.49505,0.861386,1.12448
0.50495,0.861386,1.11667
0.514851,0.861386,1.10954
0.524752,0.861386,1.10308
0.534653,0.861386,1.0973
0.544554,0.861386,1.09219
0.554455,0.861386,1.08775
0.564356,0.861386,1.08401
0.574257,0.861386,1.08097
0.584158,0.861386,1.07864
0.594059,0.861386,1.07704
0.60396,0.861386,1.07619
0.613861,0.861386,1.07611
0.623762,0.861386,1.07682
0.633663,0.861386,1.07834
0.643564,0.861386,1.0807
0.653465,0.861386,1.08392
0.663366,0.861386,1.08804
0.673267,0.861386,1.09309
0.683168,0.861386,1.09908
0.693069,0.861386,1.10606
0.70297,0.861386,1.11404
0.712871,0.861386,1.12307
0.722772,0.861386,1.13317
0.732673,0.861386,1.14438
0.742574,0.861386,1.15672
0.752475,0.861386,1.17022
0.762376,0.861386,1.18491
0.772277,0.861386,1.20083
0.782178,0.861386,1.21801
0.792079,0.861386,1.23646
0.80198,0.861386,1.25623
0.811881,0.861386,1.27735
0.821782,0.861386,1.29984
0.831683,0.861386,1.32374
0.841584,0.861386,1.34909
0.851485,0.861386,1.37592
0.861386,0.861386,1.40427
0.871287,0.861386,1.4342
0.881188,0.861386,1.46574
0.891089,0.861386,1.49896
0.90099,0.861386,1.53393
0.910891,0.861386,1.5707
0.920792,0.861386,1.60937
0.930693,0.861386,1.65002
0.940594,0.861386,1.69275
0.950495,0.861386,1.73767
0.960396,0.861386,1.78492
0.970297,0.861386,1.83462
0.980198,0.861386,1.88693
0.990099,0.861386,1.942
1,0.861386,2
0,0.871287,2.30958
0.00990099,0.871287,2.30879
0.019802,0.871287,2.3026
0.029703,0.871287,2.29159
0.039604,0.871287,2.27632
0.049505,0.871287,2.25731
0.0594059,0.871287,2.23506
0.0693069,0.871287,2.21003
0.0792079,0.871287,2.18265
0.0891089,0.871287,2.15331
0.0990099,0.871287,2.12237
0.108911,0.871287,2.09016
0.118812,0.871287,2.05697
0.128713,0.871287,2.02308
0.138614,0.871287,1.98873
0.148515,0.871287,1.95414
0.158416,0.871287,1.91949
0.168317,0.871287,1.88496
0.178218,0.871287,1.8507
0.188119,0.871287,1.81685
0.19802,0.871287,1.78351
0.207921,0.871287,1.75078
0.217822,0.871287,1.71875
0.227723,0.871287,1.6875
0.237624,0.871287,1.65707
0.247525,0.871287,1.62752
0.257426,0.871287,1.59888
0.267327,0.871287,1.57117
0.277228,0.871287,1.54443
0.287129,0.871287,1.51865
0.29703,0.871287,1.49385
0.306931,0.871287,1.47002
0.316832,0.871287,1.44716
0.326733,0.871287,1.42526
0.336634,0.871287,1.4043
0.346535,0.871287,1.38426
0.356436,0.871287,1.36513
0.366337,0.871287,1.34689
0.376238,0.871287,1.32951
0.386139,0.871287,1.31297
0.39604,0.871287,1.29725
0.405941,0.871287,1.28231
0.415842,0.871287,1.26815
0.425743,0.871287,1.25474
0.435644,0.871287,1.24206
0.445545,0.871287,1.23008
0.455446,0.871287,1.21879
0.465347,0.871287,1.20817
0.475248,0.871287,1.19822
0.485149,0.871287,1.18892
0.49505,0.871287,1.18025
0.50495,0.871287,1.17222
0.514851,0.871287,1.16482
0.524752,0.871287,1.15805
0.534653,0.871287,1.15191
0.544554,0.871287,1.1464
0.554455,0.871287,1.14154
0.564356,0.871287,1.13732
0.574257,0.871287,1.13376
0.584158,0.871287,1.13088
0.594059,0.871287,1.12869
0.60396,0.871287,1.12721
0.613861,0.871287,1.12646
0.623762,0.871287,1.12645
0.633663,0.871287,1.12722
0.643564,0.871287,1.12879
0.653465,0.871287,1.13119
0.663366,0.871287,1.13443
0.673267,0.871287,1.13856
0.683168,0.871287,1.1436
0.693069,0.871287,1.14957
0.70297,0.871287,1.15651
0.712871,0.871287,1.16445
0.722772,0.871287,1.17342
0.732673,0.871287,1.18345
0.742574,0.871287,1.19456
0.752475,0.871287,1.2068
0.762376,0.871287,1.22018
0.772277,0.871287,1.23475
0.782178,0.871287,1.25052
0.792079,0.871287,1.26754
0.80198,0.871287,1.28583
0.811881,0.871287,1.30543
0.821782,0.871287,1.32637
0.831683,0.871287,1.34869
0.841584,0.871287,1.37242
0.851485,0.871287,1.39761
0.861386,0.871287,1.4243
0.871287,0.871287,1.45255
0.881188,0.871287,1.48241
0.891089,0.871287,1.51395
0.90099,0.871287,1.54723
0.910891,0.871287,1.58234
0.920792,0.871287,1.61938
0.930693,0.871287,1.65843
0.940594,0.871287,1.69963
0.950495,0.871287,1.74309
0.960396,0.871287,1.78897
0.970297,0.871287,1.83742
0.980198,0.871287,1.88862
0.990099,0.871287,1.94274
1,0.871287,2
0,0.881188,2.26594
0.00990099,0.881188,2.27067
0.019802,0.881188,2.26965
0.029703,0.881188,2.26352
0.039604,0.881188,2.25286
0.049505,0.881188,2.23824
0.0594059,0.881188,2.22017
0.0693069,0.881188,2.19914
0.0792079,0.881188,2.1756
0.0891089,0.881188,2.14995
0.0990099,0.881188,2.12256
0.108911,0.881188,2.09378
0.118812,0.881188,2.0639
0.128713,0.881188,2.03319
0.138614,0.881188,2.00191
0.148515,0.881188,1.97028
0.158416,0.881188,1.93847
0.168317,0.881188,1.90668
0.178218,0.881188,1.87504
0.188119,0.881188,1.84369
0.19802,0.881188,1.81275
0.207921,0.881188,1.78231
0.217822,0.881188,1.75246
0.227723,0.881188,1.72327
0.237624,0.881188,1.6948
0.247525,0.881188,1.66709
0.257426,0.881188,1.64019
0.267327,0.881188,1.61412
0.277228,0.881188,1.58891
0.287129,0.881188,1.56456
0.29703,0.881188,1.54109
0.306931,0.881188,1.51849
0.316832,0.881188,1.49677
0.326733,0.881188,1.47591
0.336634,0.881188,1.45591
0.346535,0.881188,1.43674
0.356436,0.881188,1.4184
0.366337,0.881188,1.40087
0.376238,0.881188,1.38412
0.386139,0.881188,1.36814
0.39604,0.881188,1.3529
0.405941,0.881188,1.33839
0.415842,0.881188,1.32458
0.425743,0.881188,1.31146
0.435644,0.881188,1.29901
0.445545,0.881188,1.28721
0.455446,0.881188,1.27604
0.465347,0.881188,1.26549
0.475248,0.881188,1.25556
0.485149,0.881188,1.24622
0.49505,0.881188,1.23748
0.50495,0.881188,1.22932
0.514851,0.881188,1.22175
0.524752,0.881188,1.21477
0.534653,0.881188,1.20837
0.544554,0.881188,1.20256
0.554455,0.881188,1.19736
0.564356,0.881188,1.19276
0.574257,0.881188,1.18878
0.584158,0.881188,1.18544
0.594059,0.881188,1.18274
0.60396,0.881188,1.18071
0.613861,0.881188,1.17937
0.623762,0.881188,1.17874
0.633663,0.881188,1.17883
0.643564,0.881188,1.17969
0.653465,0.881188,1.18132
0.663366,0.881188,1.18376
0.673267,0.881188,1.18703
0.683168,0.881188,1.19117
0.693069,0.881188,1.19619
0.70297,0.881188,1.20214
0.712871,0.881188,1.20903
0.722772,0.881188,1.2169
0.732673,0.881188,1.22579
0.742574,0.881188,1.23571
0.752475,0.881188,1.24669
0.762376,0.881188,1.25878
0.772277,0.881188,1.272
0.782178,0.881188,1.28638
0.792079,0.881188,1.30195
0.80198,0.881188,1.31875
0.811881,0.881188,1.3368
0.821782,0.881188,1.35616
0.831683,0.881188,1.37684
0.841584,0.881188,1.3989
0.851485,0.881188,1.42238
0.861386,0.881188,1.44733
0.871287,0.881188,1.47381
0.881188,0.881188,1.50187
0.891089,0.881188,1.53159
0.90099,0.881188,1.56305
0.910891,0.881188,1.59633
0.920792,0.881188,1.63154
0.930693,0.881188,1.6688
0.940594,0.881188,1.70824
0.950495,0.881188,1.75
0.960396,0.881188,1.79425
0.970297,0.881188,1.84117
0.980198,0.881188,1.89095
0.990099,0.881188,1.94382
1,0.881188,2
0,0.891089,2.22514
0.00990099,0.891089,2.23487
0.019802,0.891089,2.23855
0.029703,0.891089,2.23685
0.039604,0.891089,2.2304
0.049505,0.891089,2.21978
0.0594059,0.891089,2.20556
0.0693069,0.891089,2.18824
0.0792079,0.891089,2.16827
0.0891089,0.891089,2.14609
0.0990099,0.891089,2.12206
0.108911,0.891089,2.09654
0.118812,0.891089,2.06983
0.128713,0.891089,2.04221
0.138614,0.891089,2.01392
0.148515,0.891089,1.98517
0.158416,0.891089,1.95617
0.168317,0.891089,1.92708
0.178218,0.891089,1.89805
0.188119,0.891089,1.86922
0.19802,0.891089,1.84069
0.207921,0.891089,1.81256
0.217822,0.891089,1.78492
0.227723,0.891089,1.75784
0.237624,0.891089,1.73138
0.247525,0.891089,1.70558
0.257426,0.891089,1.68048
0.267327,0.891089,1.65612
0.277228,0.891089,1.63251
0.287129,0.891089,1.60968
0.29703,0.891089,1.58762
0.306931,0.891089,1.56634
0.316832,0.891089,1.54585
0.326733,0.891089,1.52613
0.336634,0.891089,1.50718
0.346535,0.891089,1.48898
0.356436,0.891089,1.47153
0.366337,0.891089,1.45481
0.376238,0.891089,1.4388
0.386139,0.891089,1.42348
0.39604,0.891089,1.40884
0.405941,0.891089,1.39485
0.415842,0.891089,1.38151
0.425743,0.891089,1.36879
0.435644,0.891089,1.35667
0.445545,0.891089,1.34515
0.455446,0.891089,1.33422
0.465347,0.891089,1.32385
0.475248,0.891089,1.31403
0.485149,0.891089,1.30477
0.49505,0.891089,1.29606
0.50495,0.891089,1.28789
0.514851,0.891089,1.28025
0.524752,0.891089,1.27316
0.534653,0.891089,1.26661
0.544554,0.891089,1.26061
0.554455,0.891089,1.25516
0.564356,0.891089,1.25028
0.574257,0.891089,1.24598
0.584158,0.891089,1.24227
0.594059,0.891089,1.23916
0.60396,0.891089,1.23668
0.613861,0.891089,1.23483
0.623762,0.891089,1.23366
0.633663,0.891089,1.23316
0.643564,0.891089,1.23338
0.653465,0.891089,1.23432
0.663366,0.891089,1.23603
0.673267,0.891089,1.23852
0.683168,0.891089,1.24182
0.693069,0.891089,1.24595
0.70297,0.891089,1.25096
0.712871,0.891089,1.25686
0.722772,0.891089,1.26368
0.732673,0.891089,1.27146
0.742574,0.891089,1.28021
0.752475,0.891089,1.28998
0.762376,0.891089,1.3008
0.772277,0.891089,1.31268
0.782178,0.891089,1.32567
0.792079,0.891089,1.33979
0.80198,0.891089,1.35508
0.811881,0.891089,1.37157
0.821782,0.891089,1.3893
0.831683,0.891089,1.40831
0.841584,0.891089,1.42865
0.851485,0.891089,1.45035
0.861386,0.891089,1.47348
0.871287,0.891089,1.49808
0.881188,0.891089,1.52423
0.891089,0.891089,1.55201
0.90099,0.891089,1.58149
0.910891,0.891089,1.61278
0.920792,0.891089,1.64599
0.930693,0.891089,1.68125
0.940594,0.891089,1.71869
0.950495,0.891089,1.7585
0.960396,0.891089,1.80084
0.970297,0.891089,1.84593
0.980198,0.891089,1.89399
0.990099,0.891089,1.94526
1,0.891089,2
0,0.90099,2.18734
0.00990099,0.90099,2.20151
0.019802,0.90099,2.20936
0.029703,0.90099,2.21159
0.039604,0.90099,2.20888
0.049505,0.90099,2.20187
0.0594059,0.90099,2.19113
0.0693069,0.90099,2.17718
0.0792079,0.90099,2.16052
0.0891089,0.90099,2.14156
0.0990099,0.90099,2.12069
0.108911,0.90099,2.09827
0.118812,0.90099,2.07459
0.128713,0.90099,2.04993
0.138614,0.90099,2.02454
0.148515,0.90099,1.99863
0.158416,0.90099,1.97238
0.168317,0.90099,1.94597
0.178218,0.90099,1.91954
0.188119,0.90099,1.89322
0.19802,0.90099,1.86712
0.207921,0.90099,1.84133
0.217822,0.90099,1.81594
0.227723,0.90099,1.79102
0.237624,0.90099,1.76662
0.247525,0.90099,1.74279
0.257426,0.90099,1.71956
0.267327,0.90099,1.69698
0.277228,0.90099,1.67506
0.287129,0.90099,1.65381
0.29703,0.90099,1.63326
0.306931,0.90099,1.61339
0.316832,0.90099,1.59422
0.326733,0.90099,1.57574
0.336634,0.90099,1.55795
0.346535,0.90099,1.54083
0.356436,0.90099,1.52437
0.366337,0.90099,1.50856
0.376238,0.90099,1.49339
0.386139,0.90099,1.47885
0.39604,0.90099,1.46491
0.405941,0.90099,1.45156
0.415842,0.90099,1.43879
0.425743,0.90099,1.42659
0.435644,0.90099,1.41493
0.445545,0.90099,1.40381
0.455446,0.90099,1.39321
0.465347,0.90099,1.38313
0.475248,0.90099,1.37356
0.485149,0.90099,1.36449
0.49505,0.90099,1.35591
0.50495,0.90099,1.34783
0.514851,0.90099,1.34025
0.524752,0.90099,1.33316
0.534653,0.90099,1.32656
0.544554,0.90099,1.32047
0.554455,0.90099,1.3149
0.564356,0.90099,1.30984
0.574257,0.90099,1.30531
0.584158,0.90099,1.30134
0.594059,0.90099,1.29792
0.60396,0.90099,1.29507
0.613861,0.90099,1.29283
0.623762,0.90099,1.2912
0.633663,0.90099,1.2902
0.643564,0.90099,1.28986
0.653465,0.90099,1.2902
0.663366,0.90099,1.29125
0.673267,0.90099,1.29303
0.683168,0.90099,1.29556
0.693069,0.90099,1.29888
0.70297,0.90099,1.303
0.712871,0.90099,1.30797
0.722772,0.90099,1.31379
0.732673,0.90099,1.32051
0.742574,0.90099,1.32814
0.752475,0.90099,1.33673
0.762376,0.90099,1.34629
0.772277,0.90099,1.35686
0.782178,0.90099,1.36846
0.792079,0.90099,1.38114
0.80198,0.90099,1.39491
0.811881,0.90099,1.40983
0.821782,0.90099,1.42591
0.831683,0.90099,1.44321
0.841584,0.90099,1.46177
0.851485,0.90099,1.48163
0.861386,0.90099,1.50286
0.871287,0.90099,1.5255
0.881188,0.90099,1.54964
0.891089,0.90099,1.57534
0.90099,0.90099,1.60271
0.910891,0.90099,1.63184
0.920792,0.90099,1.66285
0.930693,0.90099,1.69589
0.940594,0.90099,1.73111
0.950495,0.90099,1.76869
0.960396,0.90099,1.80883
0.970297,0.90099,1.85177
0.980198,0.90099,1.89776
0.990099,0.90099,1.94707
1,0.90099,2
0,0.910891,2.15269
0.00990099,0.910891,2.17067
0.019802,0.910891,2.18208
0.029703,0.910891,2.1877
0.039604,0.910891,2.18825
0.049505,0.910891,2.18439
0.0594059,0.910891,2.17673
0.0693069,0.910891,2.16582
0.0792079,0.910891,2.15215
0.0891089,0.910891,2.13616
0.0990099,0.910891,2.11825
0.108911,0.910891,2.09874
0.118812,0.910891,2.07795
0.128713,0.910891,2.05614
0.138614,0.910891,2.03356
0.148515,0.910891,2.01041
0.158416,0.910891,1.98688
0.168317,0.910891,1.96312
0.178218,0.910891,1.93928
0.188119,0.910891,1.91548
0.19802,0.910891,1.89183
0.207921,0.910891,1.86841
0.217822,0.910891,1.84531
0.227723,0.910891,1.82259
0.237624,0.910891,1.80031
0.247525,0.910891,1.77851
0.257426,0.910891,1.75724
0.267327,0.910891,1.73651
0.277228,0.910891,1.71636
0.287129,0.910891,1.69679
0.29703,0.910891,1.67783
0.306931,0.910891,1.65947
0.316832,0.910891,1.64172
0.326733,0.910891,1.62458
0.336634,0.910891,1.60804
0.346535,0.910891,1.5921
0.356436,0.910891,1.57675
0.366337,0.910891,1.56197
0.376238,0.910891,1.54776
0.386139,0.910891,1.5341
0.39604,0.910891,1.52098
0.405941,0.910891,1.50839
0.415842,0.910891,1.49631
0.425743,0.910891,1.48473
0.435644,0.910891,1.47365
0.445545,0.910891,1.46304
0.455446,0.910891,1.45291
0.465347,0.910891,1.44324
0.475248,0.910891,1.43402
0.485149,0.910891,1.42526
0.49505,0.910891,1.41694
0.50495,0.910891,1.40907
0.514851,0.910891,1.40165
0.524752,0.910891,1.39468
0.534653,0.910891,1.38816
0.544554,0.910891,1.38209
0.554455,0.910891,1.37649
0.564356,0.910891,1.37137
0.574257,0.910891,1.36673
0.584158,0.910891,1.36259
0.594059,0.910891,1.35897
0.60396,0.910891,1.35587
0.613861,0.910891,1.35332
0.623762,0.910891,1.35133
0.633663,0.910891,1.34992
0.643564,0.910891,1.34912
0.653465,0.910891,1.34895
0.663366,0.910891,1.34942
0.673267,0.910891,1.35057
0.683168,0.910891,1.35242
0.693069,0.910891,1.35498
0.70297,0.910891,1.3583
0.712871,0.910891,1.36238
0.722772,0.910891,1.36726
0.732673,0.910891,1.37297
0.742574,0.910891,1.37953
0.752475,0.910891,1.38697
0.762376,0.910891,1.39531
0.772277,0.910891,1.40459
0.782178,0.910891,1.41483
0.792079,0.910891,1.42607
0.80198,0.910891,1.43833
0.811881,0.910891,1.45166
0.821782,0.910891,1.46608
0.831683,0.910891,1.48164
0.841584,0.910891,1.49838
0.851485,0.910891,1.51635
0.861386,0.910891,1.5356
0.871287,0.910891,1.55619
0.881188,0.910891,1.57821
0.891089,0.910891,1.60172
0.90099,0.910891,1.62682
0.910891,0.910891,1.65362
0.920792,0.910891,1.68225
0.930693,0.910891,1.71285
0.940594,0.910891,1.7456
0.950495,0.910891,1.78068
0.960396,0.910891,1.81832
0.970297,0.910891,1.85878
0.980198,0.910891,1.90233
0.990099,0.910891,1.94929
1,0.910891,2
0,0.920792,2.12131
0.00990099,0.920792,2.1424
0.019802,0.920792,2.15673
0.029703,0.920792,2.16513
0.039604,0.920792,2.16838
0.049505,0.920792,2.16718
0.0594059,0.920792,2.16218
0.0693069,0.920792,2.15394
0.0792079,0.920792,2.14296
0.0891089,0.920792,2.12968
0.0990099,0.920792,2.11449
0.108911,0.920792,2.09772
0.118812,0.920792,2.07967
0.128713,0.920792,2.06061
0.138614,0.920792,2.04075
0.148515,0.920792,2.02031
0.158416,0.920792,1.99944
0.168317,0.920792,1.97832
0.178218,0.920792,1.95706
0.188119,0.920792,1.93579
0.19802,0.920792,1.9146
0.207921,0.920792,1.89359
0.217822,0.920792,1.87282
0.227723,0.920792,1.85236
0.237624,0.920792,1.83226
0.247525,0.920792,1.81256
0.257426,0.920792,1.7933
0.267327,0.920792,1.77451
0.277228,0.920792,1.75621
0.287129,0.920792,1.73842
0.29703,0.920792,1.72114
0.306931,0.920792,1.70439
0.316832,0.920792,1.68816
0.326733,0.920792,1.67247
0.336634,0.920792,1.6573
0.346535,0.920792,1.64265
0.356436,0.920792,1.62851
0.366337,0.920792,1.61487
0.376238,0.920792,1.60173
0.386139,0.920792,1.58908
0.39604,0.920792,1.57689
0.405941,0.920792,1.56518
0.415842,0.920792,1.55391
0.425743,0.920792,1.54309
0.435644,0.920792,1.5327
0.445545,0.920792,1.52273
0.455446,0.920792,1.51318
0.465347,0.920792,1.50404
0.475248,0.920792,1.49531
0.485149,0.920792,1.48697
0.49505,0.920792,1.47904
0.50495,0.920792,1.4715
0.514851,0.920792,1.46437
0.524752,0.920792,1.45763
0.534653,0.920792,1.4513
0.544554,0.920792,1.44538
0.554455,0.920792,1.43988
0.564356,0.920792,1.4348
0.574257,0.920792,1.43017
0.584158,0.920792,1.42598
0.594059,0.920792,1.42226
0.60396,0.920792,1.41901
0.613861,0.920792,1.41626
0.623762,0.920792,1.41401
0.633663,0.920792,1.4123
0.643564,0.920792,1.41113
0.653465,0.920792,1.41054
0.663366,0.920792,1.41053
0.673267,0.920792,1.41114
0.683168,0.920792,1.41237
0.693069,0.920792,1.41427
0.70297,0.920792,1.41684
0.712871,0.920792,1.42012
0.722772,0.920792,1.42412
0.732673,0.920792,1.42888
0.742574,0.920792,1.43441
0.752475,0.920792,1.44075
0.762376,0.920792,1.44792
0.772277,0.920792,1.45594
0.782178,0.920792,1.46484
0.792079,0.920792,1.47466
0.80198,0.920792,1.48541
0.811881,0.920792,1.49715
0.821782,0.920792,1.50989
0.831683,0.920792,1.52369
0.841584,0.920792,1.53857
0.851485,0.920792,1.55459
0.861386,0.920792,1.57181
0.871287,0.920792,1.59028
0.881188,0.920792,1.61007
0.891089,0.920792,1.63127
0.90099,0.920792,1.65397
0.910891,0.920792,1.67829
0.920792,0.920792,1.70434
0.930693,0.920792,1.73228
0.940594,0.920792,1.7623
0.950495,0.920792,1.7946
0.960396,0.920792,1.82941
0.970297,0.920792,1.86703
0.980198,0.920792,1.90776
0.990099,0.920792,1.95196
1,0.920792,2
0,0.930693,2.09333
0.00990099,0.930693,2.11675
0.019802,0.930693,2.13326
0.029703,0.930693,2.14377
0.039604,0.930693,2.14912
0.049505,0.930693,2.15006
0.0594059,0.930693,2.14727
0.0693069,0.930693,2.14131
0.0792079,0.930693,2.13269
0.0891089,0.930693,2.12185
0.0990099,0.930693,2.10916
0.108911,0.930693,2.09495
0.118812,0.930693,2.07951
0.128713,0.930693,2.06307
0.138614,0.930693,2.04586
0.148515,0.930693,2.02806
0.158416,0.930693,2.00983
0.168317,0.930693,1.99132
0.178218,0.930693,1.97264
0.188119,0.930693,1.95391
0.19802,0.930693,1.93522
0.207921,0.930693,1.91664
0.217822,0.930693,1.89825
0.227723,0.930693,1.8801
0.237624,0.930693,1.86224
0.247525,0.930693,1.84472
0.257426,0.930693,1.82756
0.267327,0.930693,1.81079
0.277228,0.930693,1.79443
0.287129,0.930693,1.7785
0.29703,0.930693,1.76301
0.306931,0.930693,1.74796
0.316832,0.930693,1.73337
0.326733,0.930693,1.71923
0.336634,0.930693,1.70553
0.346535,0.930693,1.69228
0.356436,0.930693,1.67948
0.366337,0.930693,1.6671
0.376238,0.930693,1.65515
0.386139,0.930693,1.64362
0.39604,0.930693,1.6325
0.405941,0.930693,1.62178
0.415842,0.930693,1.61145
0.425743,0.930693,1.60151
0.435644,0.930693,1.59194
0.445545,0.930693,1.58274
0.455446,0.930693,1.5739
0.465347,0.930693,1.56542
0.475248,0.930693,1.5573
0.485149,0.930693,1.54952
0.49505,0.930693,1.5421
0.50495,0.930693,1.53502
0.514851,0.930693,1.52829
0.524752,0.930693,1.52192
0.534653,0.930693,1.51591
0.544554,0.930693,1.51025
0.554455,0.930693,1.50497
0.564356,0.930693,1.50006
0.574257,0.930693,1.49555
0.584158,0.930693,1.49143
0.594059,0.930693,1.48772
0.60396,0.930693,1.48444
0.613861,0.930693,1.48159
0.623762,0.930693,1.47921
0.633663,0.930693,1.47729
0.643564,0.930693,1.47586
0.653465,0.930693,1.47494
0.663366,0.930693,1.47455
0.673267,0.930693,1.4747
0.683168,0.930693,1.47542
0.693069,0.930693,1.47673
0.70297,0.930693,1.47864
0.712871,0.930693,1.48118
0.722772,0.930693,1.48438
0.732673,0.930693,1.48825
0.742574,0.930693,1.49282
0.752475,0.930693,1.49811
0.762376,0.930693,1.50414
0.772277,0.930693,1.51094
0.782178,0.930693,1.51854
0.792079,0.930693,1.52695
0.80198,0.930693,1.53622
0.811881,0.930693,1.54637
0.821782,0.930693,1.55743
0.831683,0.930693,1.56945
0.841584,0.930693,1.58245
0.851485,0.930693,1.59649
0.861386,0.930693,1.61162
0.871287,0.930693,1.62789
0.881188,0.930693,1.64537
0.891089,0.930693,1.66415
0.90099,0.930693,1.68432
0.910891,0.930693,1.70598
0.920792,0.930693,1.72927
0.930693,0.930693,1.75434
0.940594,0.930693,1.78137
0.950495,0.930693,1.81059
0.960396,0.930693,1.84225
0.970297,0.930693,1.87665
0.980198,0.930693,1.91413
0.990099,0.930693,1.95511
1,0.930693,2
0,0.940594,2.06886
0.00990099,0.940594,2.09372
0.019802,0.940594,2.11158
0.029703,0.940594,2.12345
0.039604,0.940594,2.13025
0.049505,0.940594,2.13277
0.0594059,0.940594,2.13171
0.0693069,0.940594,2.12764
0.0792079,0.940594,2.12105
0.0891089,0.940594,2.11238
0.0990099,0.940594,2.10198
0.108911,0.940594,2.09016
0.118812,0.940594,2.07718
0.128713,0.940594,2.06327
0.138614,0.940594,2.04862
0.148515,0.940594,2.03341
0.158416,0.940594,2.01779
0.168317,0.940594,2.00188
0.178218,0.940594,1.98579
0.188119,0.940594,1.96962
0.19802,0.940594,1.95345
0.207921,0.940594,1.93735
0.217822,0.940594,1.92139
0.227723,0.940594,1.90561
0.237624,0.940594,1.89007
0.247525,0.940594,1.87479
0.257426,0.940594,1.8598
0.267327,0.940594,1.84514
0.277228,0.940594,1.83082
0.287129,0.940594,1.81685
0.29703,0.940594,1.80324
0.306931,0.940594,1.79001
0.316832,0.940594,1.77715
0.326733,0.940594,1.76467
0.336634,0.940594,1.75257
0.346535,0.940594,1.74084
0.356436,0.940594,1.72949
0.366337,0.940594,1.71849
0.376238,0.940594,1.70786
0.386139,0.940594,1.69758
0.39604,0.940594,1.68765
0.405941,0.940594,1.67805
0.415842,0.940594,1.66879
0.425743,0.940594,1.65985
0.435644,0.940594,1.65124
0.445545,0.940594,1.64293
0.455446,0.940594,1.63494
0.465347,0.940594,1.62725
0.475248,0.940594,1.61987
0.485149,0.940594,1.61278
0.49505,0.940594,1.60599
0.50495,0.940594,1.59951
0.514851,0.940594,1.59332
0.524752,0.940594,1.58744
0.534653,0.940594,1.58187
0.544554,0.940594,1.57661
0.554455,0.940594,1.57168
0.564356,0.940594,1.56706
0.574257,0.940594,1.56279
0.584158,0.940594,1.55886
0.594059,0.940594,1.55529
0.60396,0.940594,1.55209
0.613861,0.940594,1.54927
0.623762,0.940594,1.54685
0.633663,0.940594,1.54484
0.643564,0.940594,1.54326
0.653465,0.940594,1.54212
0.663366,0.940594,1.54144
0.673267,0.940594,1.54124
0.683168,0.940594,1.54153
0.693069,0.940594,1.54234
0.70297,0.940594,1.54368
0.712871,0.940594,1.54557
0.722772,0.940594,1.54803
0.732673,0.940594,1.55109
0.742574,0.940594,1.55475
0.752475,0.940594,1.55905
0.762376,0.940594,1.564
0.772277,0.940594,1.56963
0.782178,0.940594,1.57596
0.792079,0.940594,1.58301
0.80198,0.940594,1.59082
0.811881,0.940594,1.59939
0.821782,0.940594,1.60878
0.831683,0.940594,1.61901
0.841584,0.940594,1.63011
0.851485,0.940594,1.64214
0.861386,0.940594,1.65513
0.871287,0.940594,1.66914
0.881188,0.940594,1.68424
0.891089,0.940594,1.70049
0.90099,0.940594,1.718
0.910891,0.940594,1.73687
0.920792,0.940594,1.75721
0.930693,0.940594,1.77919
0.940594,0.940594,1.80299
0.950495,0.940594,1.82882
0.960396,0.940594,1.85697
0.970297,0.940594,1.88775
0.980198,0.940594,1.92154
0.990099,0.940594,1.95879
1,0.940594,2
0,0.950495,2.04799
0.00990099,0.950495,2.07328
0.019802,0.950495,2.09154
0.029703,0.950495,2.10395
0.039604,0.950495,2.11148
0.049505,0.950495,2.11499
0.0594059,0.950495,2.11516
0.0693069,0.950495,2.11258
0.0792079,0.950495,2.1077
0.0891089,0.950495,2.10094
0.0990099,0.950495,2.09262
0.108911,0.950495,2.08303
0.118812,0.950495,2.07239
0.128713,0.950495,2.06091
0.138614,0.950495,2.04877
0.148515,0.950495,2.03611
0.158416,0.950495,2.02307
0.168317,0.950495,2.00975
0.178218,0.950495,1.99626
0.188119,0.950495,1.98267
0.19802,0.950495,1.96906
0.207921,0.950495,1.95549
0.217822,0.950495,1.94202
0.227723,0.950495,1.92868
0.237624,0.950495,1.91552
0.247525,0.950495,1.90256
0.257426,0.950495,1.88984
0.267327,0.950495,1.87738
0.277228,0.950495,1.86518
0.287129,0.950495,1.85327
0.29703,0.950495,1.84166
0.306931,0.950495,1.83035
0.316832,0.950495,1.81934
0.326733,0.950495,1.80864
0.336634,0.950495,1.79824
0.346535,0.950495,1.78815
0.356436,0.950495,1.77837
0.366337,0.950495,1.76888
0.376238,0.950495,1.75969
0.386139,0.950495,1.75079
0.39604,0.950495,1.74217
0.405941,0.950495,1.73384
0.415842,0.950495,1.72577
0.425743,0.950495,1.71798
0.435644,0.950495,1.71045
0.445545,0.950495,1.70317
0.455446,0.950495,1.69616
0.465347,0.950495,1.6894
0.475248,0.950495,1.68289
0.485149,0.950495,1.67663
0.49505,0.950495,1.67061
0.50495,0.950495,1.66485
0.514851,0.950495,1.65934
0.524752,0.950495,1.65409
0.534653,0.950495,1.6491
0.544554,0.950495,1.64436
0.554455,0.950495,1.6399
0.564356,0.950495,1.63571
0.574257,0.950495,1.63181
0.584158,0.950495,1.6282
0.594059,0.950495,1.62489
0.60396,0.950495,1.62189
0.613861,0.950495,1.61922
0.623762,0.950495,1.61688
0.633663,0.950495,1.6149
0.643564,0.950495,1.61327
0.653465,0.950495,1.61202
0.663366,0.950495,1.61116
0.673267,0.950495,1.61071
0.683168,0.950495,1.61067
0.693069,0.950495,1.61108
0.70297,0.950495,1.61193
0.712871,0.950495,1.61326
0.722772,0.950495,1.61507
0.732673,0.950495,1.61739
0.742574,0.950495,1.62022
0.752475,0.950495,1.6236
0.762376,0.950495,1.62753
0.772277,0.950495,1.63204
0.782178,0.950495,1.63715
0.792079,0.950495,1.64288
0.80198,0.950495,1.64924
0.811881,0.950495,1.65628
0.821782,0.950495,1.664
0.831683,0.950495,1.67244
0.841584,0.950495,1.68164
0.851485,0.950495,1.69163
0.861386,0.950495,1.70245
0.871287,0.950495,1.71416
0.881188,0.950495,1.7268
0.891089,0.950495,1.74045
0.90099,0.950495,1.75519
0.910891,0.950495,1.77112
0.920792,0.950495,1.78835
0.930693,0.950495,1.80704
0.940594,0.950495,1.82735
0.950495,0.950495,1.8495
0.960396,0.950495,1.87378
0.970297,0.950495,1.9005
0.980198,0.950495,1.9301
0.990099,0.950495,1.96307
1,0.950495,2
0,0.960396,2.0308
0.00990099,0.960396,2.05531
0.019802,0.960396,2.0729
0.029703,0.960396,2.08491
0.039604,0.960396,2.09242
0.049505,0.960396,2.09629
0.0594059,0.960396,2.09721
0.0693069,0.960396,2.09572
0.0792079,0.960396,2.09226
0.0891089,0.960396,2.08716
0.0990099,0.960396,2.08074
0.108911,0.960396,2.07322
0.118812,0.960396,2.06482
0.128713,0.960396,2.0557
0.138614,0.960396,2.04601
0.148515,0.960396,2.03587
0.158416,0.960396,2.0254
0.168317,0.960396,2.01469
0.178218,0.960396,2.00381
0.188119,0.960396,1.99284
0.19802,0.960396,1.98183
0.207921,0.960396,1.97084
0.217822,0.960396,1.95992
0.227723,0.960396,1.94908
0.237624,0.960396,1.93838
0.247525,0.960396,1.92784
0.257426,0.960396,1.91747
0.267327,0.960396,1.90729
0.277228,0.960396,1.89733
0.287129,0.960396,1.88758
0.29703,0.960396,1.87807
0.306931,0.960396,1.86878
0.316832,0.960396,1.85974
0.326733,0.960396,1.85093
0.336634,0.960396,1.84237
0.346535,0.960396,1.83404
0.356436,0.960396,1.82596
0.366337,0.960396,1.8181
0.376238,0.960396,1.81048
0.386139,0.960396,1.80309
0.39604,0.960396,1.79592
0.405941,0.960396,1.78898
0.415842,0.960396,1.78225
0.425743,0.960396,1.77573
0.435644,0.960396,1.76942
0.445545,0.960396,1.76332
0.455446,0.960396,1.75742
0.465347,0.960396,1.75172
0.475248,0.960396,1.74622
0.485149,0.960396,1.74093
0.49505,0.960396,1.73583
0.50495,0.960396,1.73093
0.514851,0.960396,1.72624
0.524752,0.960396,1.72175
0.534653,0.960396,1.71746
0.544554,0.960396,1.71339
0.554455,0.960396,1.70954
0.564356,0.960396,1.70591
0.574257,0.960396,1.70251
0.584158,0.960396,1.69935
0.594059,0.960396,1.69643
0.60396,0.960396,1.69376
0.613861,0.960396,1.69136
0.623762,0.960396,1.68923
0.633663,0.960396,1.68738
0.643564,0.960396,1.68583
0.653465,0.960396,1.68458
0.663366,0.960396,1.68366
0.673267,0.960396,1.68306
0.683168,0.960396,1.6828
0.693069,0.960396,1.6829
0.70297,0.960396,1.68337
0.712871,0.960396,1.68423
0.722772,0.960396,1.68548
0.732673,0.960396,1.68714
0.742574,0.960396,1.68922
0.752475,0.960396,1.69175
0.762376,0.960396,1.69473
0.772277,0.960396,1.69818
0.782178,0.960396,1.70213
0.792079,0.960396,1.70658
0.80198,0.960396,1.71155
0.811881,0.960396,1.71707
0.821782,0.960396,1.72315
0.831683,0.960396,1.72983
0.841584,0.960396,1.73713
0.851485,0.960396,1.74507
0.861386,0.960396,1.75371
0.871287,0.960396,1.76307
0.881188,0.960396,1.77321
0.891089,0.960396,1.78418
0.90099,0.960396,1.79606
0.910891,0.960396,1.80894
0.920792,0.960396,1.82291
0.930693,0.960396,1.8381
0.940594,0.960396,1.85469
0.950495,0.960396,1.87286
0.960396,0.960396,1.8929
0.970297,0.960396,1.91513
0.980198,0.960396,1.93999
0.990099,0.960396,1.96805
1,0.960396,2
0,0.970297,2.01736
0.00990099,0.970297,2.03962
0.019802,0.970297,2.05526
0.029703,0.970297,2.06585
0.039604,0.970297,2.07253
0.049505,0.970297,2.07616
0.0594059,0.970297,2.07736
0.0693069,0.970297,2.07661
0.0792079,0.970297,2.07427
0.0891089,0.970297,2.07064
0.0990099,0.970297,2.06595
0.108911,0.970297,2.0604
0.118812,0.970297,2.05414
0.128713,0.970297,2.04732
0.138614,0.970297,2.04005
0.148515,0.970297,2.03243
0.158416,0.970297,2.02453
0.168317,0.970297,2.01643
0.178218,0.970297,2.0082
0.188119,0.970297,1.99989
0.19802,0.970297,1.99154
0.207921,0.970297,1.98319
0.217822,0.970297,1.97487
0.227723,0.970297,1.96662
0.237624,0.970297,1.95846
0.247525,0.970297,1.95041
0.257426,0.970297,1.94249
0.267327,0.970297,1.9347
0.277228,0.970297,1.92707
0.287129,0.970297,1.91959
0.29703,0.970297,1.91228
0.306931,0.970297,1.90514
0.316832,0.970297,1.89818
0.326733,0.970297,1.89139
0.336634,0.970297,1.88478
0.346535,0.970297,1.87834
0.356436,0.970297,1.87208
0.366337,0.970297,1.86599
0.376238,0.970297,1.86007
0.386139,0.970297,1.85432
0.39604,0.970297,1.84874
0.405941,0.970297,1.84332
0.415842,0.970297,1.83806
0.425743,0.970297,1.83296
0.435644,0.970297,1.82801
0.445545,0.970297,1.82322
0.455446,0.970297,1.81857
0.465347,0.970297,1.81408
0.475248,0.970297,1.80974
0.485149,0.970297,1.80555
0.49505,0.970297,1.80151
0.50495,0.970297,1.79762
0.514851,0.970297,1.79388
0.524752,0.970297,1.79029
0.534653,0.970297,1.78686
0.544554,0.970297,1.78359
0.554455,0.970297,1.78049
0.564356,0.970297,1.77755
0.574257,0.970297,1.77479
0.584158,0.970297,1.77221
0.594059,0.970297,1.76981
0.60396,0.970297,1.76761
0.613861,0.970297,1.7656
0.623762,0.970297,1.76381
0.633663,0.970297,1.76223
0.643564,0.970297,1.76087
0.653465,0.970297,1.75975
0.663366,0.970297,1.75886
0.673267,0.970297,1.75823
0.683168,0.970297,1.75787
0.693069,0.970297,1.75777
0.70297,0.970297,1.75796
0.712871,0.970297,1.75843
0.722772,0.970297,1.75922
0.732673,0.970297,1.76031
0.742574,0.970297,1.76173
0.752475,0.970297,1.76349
0.762376,0.970297,1.76559
0.772277,0.970297,1.76806
0.782178,0.970297,1.7709
0.792079,0.970297,1.77413
0.80198,0.970297,1.77776
0.811881,0.970297,1.78181
0.821782,0.970297,1.78629
0.831683,0.970297,1.79123
0.841584,0.970297,1.79664
0.851485,0.970297,1.80255
0.861386,0.970297,1.80899
0.871287,0.970297,1.81599
0.881188,0.970297,1.82359
0.891089,0.970297,1.83184
0.90099,0.970297,1.84079
0.910891,0.970297,1.85051
0.920792,0.970297,1.86109
0.930693,0.970297,1.87264
0.940594,0.970297,1.88528
0.950495,0.970297,1.8992
0.960396,0.970297,1.91464
0.970297,0.970297,1.93191
0.980198,0.970297,1.95145
0.990099,0.970297,1.97387
1,0.970297,2
0,0.980198,2.00773
0.00990099,0.980198,2.02583
0.019802,0.980198,2.03801
0.029703,0.980198,2.04607
0.039604,0.980198,2.05114
0.049505,0.980198,2.05395
0.0594059,0.980198,2.05501
0.0693069,0.980198,2.05469
0.0792079,0.980198,2.05326
0.0891089,0.980198,2.05092
0.0990099,0.980198,2.04785
0.108911,0.980198,2.04418
0.118812,0.980198,2.04002
0.128713,0.980198,2.03546
0.138614,0.980198,2.0306
0.148515,0.980198,2.02548
0.158416,0.980198,2.02018
0.168317,0.980198,2.01473
0.178218,0.980198,2.00919
0.188119,0.980198,2.00358
0.19802,0.980198,1.99794
0.207921,0.980198,1.9923
0.217822,0.980198,1.98667
0.227723,0.980198,1.98109
0.237624,0.980198,1.97555
0.247525,0.980198,1.97009
0.257426,0.980198,1.96471
0.267327,0.980198,1.95941
0.277228,0.980198,1.95421
0.287129,0.980198,1.94911
0.29703,0.980198,1.94413
0.306931,0.980198,1.93925
0.316832,0.980198,1.93448
0.326733,0.980198,1.92983
0.336634,0.980198,1.92529
0.346535,0.980198,1.92087
0.356436,0.980198,1.91657
0.366337,0.980198,1.91237
0.376238,0.980198,1.90829
0.386139,0.980198,1.90432
0.39604,0.980198,1.90046
0.405941,0.980198,1.8967
0.415842,0.980198,1.89306
0.425743,0.980198,1.88951
0.435644,0.980198,1.88607
0.445545,0.980198,1.88273
0.455446,0.980198,1.87949
0.465347,0.980198,1.87635
0.475248,0.980198,1.8733
0.485149,0.980198,1.87036
0.49505,0.980198,1.86752
0.50495,0.980198,1.86478
0.514851,0.980198,1.86214
0.524752,0.980198,1.8596
0.534653,0.980198,1.85717
0.544554,0.980198,1.85484
0.554455,0.980198,1.85263
0.564356,0.980198,1.85053
0.574257,0.980198,1.84854
0.584158,0.980198,1.84668
0.594059,0.980198,1.84494
0.60396,0.980198,1.84333
0.613861,0.980198,1.84186
0.623762,0.980198,1.84053
0.633663,0.980198,1.83934
0.643564,0.980198,1.8383
0.653465,0.980198,1.83743
0.663366,0.980198,1.83671
0.673267,0.980198,1.83617
0.683168,0.980198,1.8358
0.693069,0.980198,1.83562
0.70297,0.980198,1.83563
0.712871,0.980198,1.83584
0.722772,0.980198,1.83625
0.732673,0.980198,1.83688
0.742574,0.980198,1.83772
0.752475,0.980198,1.8388
0.762376,0.980198,1.84011
0.772277,0.980198,1.84167
0.782178,0.980198,1.84348
0.792079,0.980198,1.84555
0.80198,0.980198,1.8479
0.811881,0.980198,1.85053
0.821782,0.980198,1.85346
0.831683,0.980198,1.85669
0.841584,0.980198,1.86025
0.851485,0.980198,1.86415
0.861386,0.980198,1.86841
0.871287,0.980198,1.87305
0.881188,0.980198,1.8781
0.891089,0.980198,1.88359
0.90099,0.980198,1.88956
0.910891,0.980198,1.89607
0.920792,0.980198,1.90316
0.930693,0.980198,1.91092
0.940594,0.980198,1.91945
0.950495,0.980198,1.92888
0.960396,0.980198,1.93939
0.970297,0.980198,1.95124
0.980198,0.980198,1.96483
0.990099,0.980198,1.98076
1,0.980198,2
0,0.990099,2.00193
0.00990099,0.990099,2.01318
0.019802,0.990099,2.02014
0.029703,0.990099,2.02458
0.039604,0.990099,2.02733
0.049505,0.990099,2.02887
0.0594059,0.990099,2.02948
0.0693069,0.990099,2.02937
0.0792079,0.990099,2.02869
0.0891089,0.990099,2.02754
0.0990099,0.990099,2.02601
0.108911,0.990099,2.02417
0.118812,0.990099,2.02209
0.128713,0.990099,2.0198
0.138614,0.990099,2.01735
0.148515,0.990099,2.01477
0.158416,0.990099,2.01209
0.168317,0.990099,2.00934
0.178218,0.990099,2.00653
0.188119,0.990099,2.00369
0.19802,0.990099,2.00084
0.207921,0.990099,1.99797
0.217822,0.990099,1.99512
0.227723,0.990099,1.99228
0.237624,0.990099,1.98946
0.247525,0.990099,1.98668
0.257426,0.990099,1.98394
0.267327,0.990099,1.98123
0.277228,0.990099,1.97858
0.287129,0.990099,1.97597
0.29703,0.990099,1.97342
0.306931,0.990099,1.97092
0.316832,0.990099,1.96848
0.326733,0.990099,1.96609
0.336634,0.990099,1.96376
0.346535,0.990099,1.96148
0.356436,0.990099,1.95926
0.366337,0.990099,1.9571
0.376238,0.990099,1.95499
0.386139,0.990099,1.95293
0.39604,0.990099,1.95093
0.405941,0.990099,1.94898
0.415842,0.990099,1.94709
0.425743,0.990099,1.94524
0.435644,0.990099,1.94345
0.445545,0.990099,1.9417
0.455446,0.990099,1.94001
0.465347,0.990099,1.93836
0.475248,0.990099,1.93677
0.485149,0.990099,1.93522
0.49505,0.990099,1.93373
0.50495,0.990099,1.93228
0.514851,0.990099,1.93089
0.524752,0.990099,1.92955
0.534653,0.990099,1.92826
0.544554,0.990099,1.92702
0.554455,0.990099,1.92584
0.564356,0.990099,1.92472
0.574257,0.990099,1.92365
0.584158,0.990099,1.92265
0.594059,0.990099,1.92171
0.60396,0.990099,1.92083
0.613861,0.990099,1.92003
0.623762,0.990099,1.91929
0.633663,0.990099,1.91863
0.643564,0.990099,1.91805
0.653465,0.990099,1.91754
0.663366,0.990099,1.91712
0.673267,0.990099,1.91679
0.683168,0.990099,1.91654
0.693069,0.990099,1.91639
0.70297,0.990099,1.91634
0.712871,0.990099,1.91638
0.722772,0.990099,1.91653
0.732673,0.990099,1.91679
0.742574,0.990099,1.91716
0.752475,0.990099,1.91765
0.762376,0.990099,1.91826
0.772277,0.990099,1.91899
0.782178,0.990099,1.91985
0.792079,0.990099,1.92085
0.80198,0.990099,1.92198
0.811881,0.990099,1.92326
0.821782,0.990099,1.92468
0.831683,0.990099,1.92627
0.841584,0.990099,1.92802
0.851485,0.990099,1.92994
0.861386,0.990099,1.93205
0.871287,0.990099,1.93435
0.881188,0.990099,1.93686
0.891089,0.990099,1.93959
0.90099,0.990099,1.94257
0.910891,0.990099,1.94582
0.920792,0.990099,1.94937
0.930693,0.990099,1.95327
0.940594,0.990099,1.95756
0.950495,0.990099,1.96231
0.960396,0.990099,1.96764
0.970297,0.990099,1.97369
0.980198,0.990099,1.98071
0.990099,0.990099,1.98916
1,0.990099,2
0,1,2
0.00990099,1,2
0.019802,1,2
0.029703,1,2
0.039604,1,2
0.049505,1,2
0.0594059,1,2
0.0693069,1,2
0.0792079,1,2
0.0891089,1,2
0.0990099,1,2
0.108911,1,2
0.118812,1,2
0.128713,1,2
0.138614,1,2
0.148515,1,2
0.158416,1,2
0.168317,1,2
0.178218,1,2
0.188119,1,2
0.19802,1,2
0.207921,1,2
0.217822,1,2
0.227723,1,2
0.237624,1,2
0.247525,1,2
0.257426,1,2
0.267327,1,2
0.277228,1,2
0.287129,1,2
0.29703,1,2
0.306931,1,2
0.316832,1,2
0.326733,1,2
0.336634,1,2
0.346535,1,2
0.356436,1,2
0.366337,1,2
0.376238,1,2
0.386139,1,2
0.39604,1,2
0.405941,1,2
0.415842,1,2
0.425743,1,2
0.435644,1,2
0.445545,1,2
0.455446,1,2
0.465347,1,2
0.475248,1,2
0.485149,1,2
0.49505,1,2
0.50495,1,2
0.514851,1,2
0.524752,1,2
0.534653,1,2
0.544554,1,2
0.554455,1,2
0.564356,1,2
0.574257,1,2
0.584158,1,2
0.594059,1,2
0.60396,1,2
0.613861,1,2
0.623762,1,2
0.633663,1,2
0.643564,1,2
0.653465,1,2
0.663366,1,2
0.673267,1,2
0.683168,1,2
0.693069,1,2
0.70297,1,2
0.712871,1,2
0.722772,1,2
0.732673,1,2
0.742574,1,2
0.752475,1,2
0.762376,1,2
0.772277,1,2
0.782178,1,2
0.792079,1,2
0.80198,1,2
0.811881,1,2
0.821782,1,2
0.831683,1,2
0.841584,1,2
0.851485,1,2
0.861386,1,2
0.871287,1,2
0.881188,1,2
0.891089,1,2
0.90099,1,2
0.910891,1,2
0.920792,1,2
0.930693,1,2
0.940594,1,2
0.950495,1,2
0.960396,1,2
0.970297,1,2
0.980198,1,2
0.990099,1,2
1,1,2
