0,0,1
0.00990099,0,0.999516
0.019802,0,0.998066
0.029703,0,0.995649
0.039604,0,0.99227
0.049505,0,0.98793
0.0594059,0,0.982635
0.0693069,0,0.976389
0.0792079,0,0.969199
0.0891089,0,0.961071
0.0990099,0,0.952013
0.108911,0,0.942034
0.118812,0,0.931144
0.128713,0,0.919353
0.138614,0,0.906673
0.148515,0,0.893115
0.158416,0,0.878693
0.168317,0,0.863422
0.178218,0,0.847315
0.188119,0,0.830388
0.19802,0,0.812658
0.207921,0,0.794142
0.217822,0,0.774857
0.227723,0,0.754823
0.237624,0,0.734059
0.247525,0,0.712584
0.257426,0,0.69042
0.267327,0,0.667588
0.277228,0,0.64411
0.287129,0,0.62001
0.29703,0,0.595309
0.306931,0,0.570032
0.316832,0,0.544204
0.326733,0,0.51785
0.336634,0,0.490994
0.346535,0,0.463664
0.356436,0,0.435884
0.366337,0,0.407684
0.376238,0,0.379088
0.386139,0,0.350126
0.39604,0,0.320826
0.405941,0,0.291215
0.415842,0,0.261322
0.425743,0,0.231176
0.435644,0,0.200807
0.445545,0,0.170244
0.455446,0,0.139515
0.465347,0,0.108652
0.475248,0,0.0776838
0.485149,0,0.0466404
0.49505,0,0.0155518
0.50495,0,-0.0155518
0.514851,0,-0.0466404
0.524752,0,-0.0776838
0.534653,0,-0.108652
0.544554,0,-0.139515
0.554455,0,-0.170244
0.564356,0,-0.200807
0.574257,0,-0.231176
0.584158,0,-0.261322
0.594059,0,-0.291215
0.60396,0,-0.320826
0.613861,0,-0.350126
0.623762,0,-0.379088
0.633663,0,-0.407684
0.643564,0,-0.435884
0.653465,0,-0.463664
0.663366,0,-0.490994
0.673267,0,-0.51785
0.683168,0,-0.544204
0.693069,0,-0.570032
0.70297,0,-0.595309
0.712871,0,-0.62001
0.722772,0,-0.64411
0.732673,0,-0.667588
0.742574,0,-0.69042
0.752475,0,-0.712584
0.762376,0,-0.734059
0.772277,0,-0.754823
0.782178,0,-0.774857
0.792079,0,-0.794142
0.80198,0,-0.812658
0.811881,0,-0.830388
0.821782,0,-0.847315
0.831683,0,-0.863422
0.841584,0,-0.878693
0.851485,0,-0.893115
0.861386,0,-0.906673
0.871287,0,-0.919353
0.881188,0,-0.931144
0.891089,0,-0.942034
0.90099,0,-0.952013
0.910891,0,-0.961071
0.920792,0,-0.969199
0.930693,0,-0.976389
0.940594,0,-0.982635
0.950495,0,-0.98793
0.960396,0,-0.99227
0.970297,0,-0.995649
0.980198,0,-0.998066
0.990099,0,-0.999516
1,0,-1
0,0.00990099,0.998066
0.00990099,0.00990099,0.997585
0.019802,0.00990099,0.996139
0.029703,0.00990099,0.993728
0.039604,0.00990099,0.990356
0.049505,0.00990099,0.986026
0.0594059,0.00990099,0.980742
0.0693069,0.00990099,0.974508
0.0792079,0.00990099,0.967332
0.0891089,0.00990099,0.95922
0.0990099,0.00990099,0.95018
0.108911,0.00990099,0.94022
0.118812,0.00990099,0.929351
0.128713,0.00990099,0.917583
0.138614,0.00990099,0.904927
0.148515,0.00990099,0.891396
0.158416,0.00990099,0.877002
0.168317,0.00990099,0.86176
0.178218,0.00990099,0.845684
0.188119,0.00990099,0.82879
0.19802,0.00990099,0.811094
0.207921,0.00990099,0.792613
0.217822,0.00990099,0.773366
0.227723,0.00990099,0.75337
0.237624,0.00990099,0.732646
0.247525,0.00990099,0.711212
0.257426,0.00990099,0.689091
0.267327,0.00990099,0.666303
0.277228,0.00990099,0.642871
0.287129,0.00990099,0.618816
0.29703,0.00990099,0.594163
0.306931,0.00990099,0.568935
0.316832,0.00990099,0.543156
0.326733,0.00990099,0.516853
0.336634,0.00990099,0.490049
0.346535,0.00990099,0.462771
0.356436,0.00990099,0.435045
0.366337,0.00990099,0.406898
0.376238,0.00990099,0.378358
0.386139,0.00990099,0.349452
0.39604,0.00990099,0.320208
0.405941,0.00990099,0.290654
0.415842,0.00990099,0.260818
0.425743,0.00990099,0.230731
0.435644,0.00990099,0.20042
0.445545,0.00990099,0.169915
0.455446,0.00990099,0.139246
0.465347,0.00990099,0.108442
0.475248,0.00990099,0.0775335
0.485149,0.00990099,0.0465497
0.49505,0.00990099,0.015521
0.50495,0.00990099,-0.0155228
0.514851,0.00990099,-0.0465516
0.524752,0.00990099,-0.0775353
0.534653,0.00990099,-0.108444
0.544554,0.00990099,-0.139248
0.554455,0.00990099,-0.169917
0.564356,0.00990099,-0.200422
0.574257,0.00990099,-0.230732
0.584158,0.00990099,-0.26082
0.594059,0.00990099,-0.290655
0.60396,0.00990099,-0.320209
0.613861,0.00990099,-0.349454
0.623762,0.00990099,-0.37836
0.633663,0.00990099,-0.4069
0.643564,0.00990099,-0.435047
0.653465,0.00990099,-0.462772
0.663366,0.00990099,-0.49005
0.673267,0.00990099,-0.516854
0.683168,0.00990099,-0.543158
0.693069,0.00990099,-0.568936
0.70297,0.00990099,-0.594164
0.712871,0.00990099,-0.618818
0.722772,0.00990099,-0.642872
0.732673,0.00990099,-0.666305
0.742574,0.00990099,-0.689092
0.752475,0.00990099,-0.711214
0.762376,0.00990099,-0.732647
0.772277,0.00990099,-0.753371
0.782178,0.00990099,-0.773367
0.792079,0.00990099,-0.792614
0.80198,0.00990099,-0.811095
0.811881,0.00990099,-0.828791
0.821782,0.00990099,-0.845685
0.831683,0.00990099,-0.861761
0.841584,0.00990099,-0.877003
0.851485,0.00990099,-0.891397
0.861386,0.00990099,-0.904928
0.871287,0.00990099,-0.917584
0.881188,0.00990099,-0.929352
0.891089,0.00990099,-0.940221
0.90099,0.00990099,-0.95018
0.910891,0.00990099,-0.95922
0.920792,0.00990099,-0.967333
0.930693,0.00990099,-0.974509
0.940594,0.00990099,-0.980742
0.950495,0.00990099,-0.986026
0.960396,0.00990099,-0.990356
0.970297,0.00990099,-0.993728
0.980198,0.00990099,-0.996139
0.990099,0.00990099,-0.997585
1,0.00990099,-0.998066
0,0.019802,0.99227
0.00990099,0.019802,0.991794
0.019802,0.019802,0.990357
0.029703,0.019802,0.987962
0.039604,0.019802,0.98461
0.049505,0.019802,0.980306
0.0594059,0.019802,0.975052
0.0693069,0.019802,0.968856
0.0792079,0.019802,0.961722
0.0891089,0.019802,0.953657
0.0990099,0.019802,0.944669
0.108911,0.019802,0.934768
0.118812,0.019802,0.923962
0.128713,0.019802,0.912262
0.138614,0.019802,0.89968
0.148515,0.019802,0.886227
0.158416,0.019802,0.871917
0.168317,0.019802,0.856763
0.178218,0.019802,0.84078
0.188119,0.019802,0.823984
0.19802,0.019802,0.806391
0.207921,0.019802,0.788017
0.217822,0.019802,0.768881
0.227723,0.019802,0.749002
0.237624,0.019802,0.728397
0.247525,0.019802,0.707088
0.257426,0.019802,0.685095
0.267327,0.019802,0.66244
0.277228,0.019802,0.639143
0.287129,0.019802,0.615228
0.29703,0.019802,0.590717
0.306931,0.019802,0.565636
0.316832,0.019802,0.540007
0.326733,0.019802,0.513855
0.336634,0.019802,0.487207
0.346535,0.019802,0.460087
0.356436,0.019802,0.432522
0.366337,0.019802,0.404539
0.376238,0.019802,0.376164
0.386139,0.019802,0.347425
0.39604,0.019802,0.31835
0.405941,0.019802,0.288968
0.415842,0.019802,0.259305
0.425743,0.019802,0.229392
0.435644,0.019802,0.199257
0.445545,0.019802,0.168929
0.455446,0.019802,0.138438
0.465347,0.019802,0.107813
0.475248,0.019802,0.077083
0.485149,0.019802,0.0462789
0.49505,0.019802,0.01543
0.50495,0.019802,-0.0154338
0.514851,0.019802,-0.0462826
0.524752,0.019802,-0.0770867
0.534653,0.019802,-0.107816
0.544554,0.019802,-0.138441
0.554455,0.019802,-0.168933
0.564356,0.019802,-0.199261
0.574257,0.019802,-0.229396
0.584158,0.019802,-0.259309
0.594059,0.019802,-0.288971
0.60396,0.019802,-0.318354
0.613861,0.019802,-0.347429
0.623762,0.019802,-0.376167
0.633663,0.019802,-0.404542
0.643564,0.019802,-0.432525
0.653465,0.019802,-0.46009
0.663366,0.019802,-0.48721
0.673267,0.019802,-0.513859
0.683168,0.019802,-0.54001
0.693069,0.019802,-0.565639
0.70297,0.019802,-0.59072
0.712871,0.019802,-0.615231
0.722772,0.019802,-0.639146
0.732673,0.019802,-0.662442
0.742574,0.019802,-0.685098
0.752475,0.019802,-0.707091
0.762376,0.019802,-0.7284
0.772277,0.019802,-0.749004
0.782178,0.019802,-0.768884
0.792079,0.019802,-0.78802
0.80198,0.019802,-0.806393
0.811881,0.019802,-0.823986
0.821782,0.019802,-0.840782
0.831683,0.019802,-0.856765
0.841584,0.019802,-0.871919
0.851485,0.019802,-0.886229
0.861386,0.019802,-0.899681
0.871287,0.019802,-0.912264
0.881188,0.019802,-0.923963
0.891089,0.019802,-0.934769
0.90099,0.019802,-0.944671
0.910891,0.019802,-0.953658
0.920792,0.019802,-0.961722
0.930693,0.019802,-0.968856
0.940594,0.019802,-0.975053
0.950495,0.019802,-0.980306
0.960396,0.019802,-0.98461
0.970297,0.019802,-0.987962
0.980198,0.019802,-0.990357
0.990099,0.019802,-0.991794
1,0.019802,-0.99227
0,0.029703,0.982635
0.00990099,0.029703,0.982165
0.019802,0.029703,0.980743
0.029703,0.029703,0.978372
0.039604,0.029703,0.975054
0.049505,0.029703,0.970792
0.0594059,0.029703,0.96559
0.0693069,0.029703,0.959454
0.0792079,0.029703,0.952389
0.0891089,0.029703,0.944403
0.0990099,0.029703,0.935503
0.108911,0.029703,0.925698
0.118812,0.029703,0.914997
0.128713,0.029703,0.903411
0.138614,0.029703,0.890951
0.148515,0.029703,0.877629
0.158416,0.029703,0.863457
0.168317,0.029703,0.84845
0.178218,0.029703,0.832623
0.188119,0.029703,0.81599
0.19802,0.029703,0.798567
0.207921,0.029703,0.780372
0.217822,0.029703,0.761422
0.227723,0.029703,0.741735
0.237624,0.029703,0.72133
0.247525,0.029703,0.700228
0.257426,0.029703,0.678448
0.267327,0.029703,0.656012
0.277228,0.029703,0.632941
0.287129,0.029703,0.609258
0.29703,0.029703,0.584986
0.306931,0.029703,0.560147
0.316832,0.029703,0.534767
0.326733,0.029703,0.508869
0.336634,0.029703,0.482479
0.346535,0.029703,0.455623
0.356436,0.029703,0.428325
0.366337,0.029703,0.400613
0.376238,0.029703,0.372514
0.386139,0.029703,0.344054
0.39604,0.029703,0.315261
0.405941,0.029703,0.286163
0.415842,0.029703,0.256789
0.425743,0.029703,0.227166
0.435644,0.029703,0.197323
0.445545,0.029703,0.167289
0.455446,0.029703,0.137094
0.465347,0.029703,0.106766
0.475248,0.029703,0.0763342
0.485149,0.029703,0.045829
0.49505,0.029703,0.0152794
0.50495,0.029703,-0.015285
0.514851,0.029703,-0.0458346
0.524752,0.029703,-0.0763398
0.534653,0.029703,-0.106771
0.544554,0.029703,-0.137099
0.554455,0.029703,-0.167295
0.564356,0.029703,-0.197328
0.574257,0.029703,-0.227171
0.584158,0.029703,-0.256794
0.594059,0.029703,-0.286169
0.60396,0.029703,-0.315266
0.613861,0.029703,-0.344059
0.623762,0.029703,-0.372519
0.633663,0.029703,-0.400618
0.643564,0.029703,-0.42833
0.653465,0.029703,-0.455628
0.663366,0.029703,-0.482484
0.673267,0.029703,-0.508874
0.683168,0.029703,-0.534772
0.693069,0.029703,-0.560152
0.70297,0.029703,-0.58499
0.712871,0.029703,-0.609263
0.722772,0.029703,-0.632946
0.732673,0.029703,-0.656016
0.742574,0.029703,-0.678452
0.752475,0.029703,-0.700232
0.762376,0.029703,-0.721334
0.772277,0.029703,-0.741738
0.782178,0.029703,-0.761425
0.792079,0.029703,-0.780375
0.80198,0.029703,-0.79857
0.811881,0.029703,-0.815993
0.821782,0.029703,-0.832626
0.831683,0.029703,-0.848453
0.841584,0.029703,-0.86346
0.851485,0.029703,-0.877631
0.861386,0.029703,-0.890953
0.871287,0.029703,-0.903413
0.881188,0.029703,-0.914999
0.891089,0.029703,-0.9257
0.90099,0.029703,-0.935505
0.910891,0.029703,-0.944405
0.920792,0.029703,-0.952391
0.930693,0.029703,-0.959455
0.940594,0.029703,-0.965591
0.950495,0.029703,-0.970792
0.960396,0.029703,-0.975054
0.970297,0.029703,-0.978372
0.980198,0.029703,-0.980744
0.990099,0.029703,-0.982165
1,0.029703,-0.982635
0,0.039604,0.969199
0.00990099,0.039604,0.968736
0.019802,0.039604,0.967335
0.029703,0.039604,0.964996
0.039604,0.039604,0.961724
0.049505,0.039604,0.957521
0.0594059,0.039604,0.952391
0.0693069,0.039604,0.946339
0.0792079,0.039604,0.939371
0.0891089,0.039604,0.931495
0.0990099,0.039604,0.922717
0.108911,0.039604,0.913046
0.118812,0.039604,0.902491
0.128713,0.039604,0.891064
0.138614,0.039604,0.878774
0.148515,0.039604,0.865634
0.158416,0.039604,0.851656
0.168317,0.039604,0.836854
0.178218,0.039604,0.821243
0.188119,0.039604,0.804837
0.19802,0.039604,0.787653
0.207921,0.039604,0.769706
0.217822,0.039604,0.751015
0.227723,0.039604,0.731597
0.237624,0.039604,0.711472
0.247525,0.039604,0.690658
0.257426,0.039604,0.669176
0.267327,0.039604,0.647046
0.277228,0.039604,0.624291
0.287129,0.039604,0.600931
0.29703,0.039604,0.57699
0.306931,0.039604,0.552491
0.316832,0.039604,0.527458
0.326733,0.039604,0.501914
0.336634,0.039604,0.475885
0.346535,0.039604,0.449395
0.356436,0.039604,0.42247
0.366337,0.039604,0.395137
0.376238,0.039604,0.367422
0.386139,0.039604,0.339351
0.39604,0.039604,0.310952
0.405941,0.039604,0.282251
0.415842,0.039604,0.253278
0.425743,0.039604,0.22406
0.435644,0.039604,0.194625
0.445545,0.039604,0.165002
0.455446,0.039604,0.135219
0.465347,0.039604,0.105306
0.475248,0.039604,0.0752901
0.485149,0.039604,0.0452017
0.49505,0.039604,0.0150696
0.50495,0.039604,-0.0150771
0.514851,0.039604,-0.0452092
0.524752,0.039604,-0.0752975
0.534653,0.039604,-0.105313
0.544554,0.039604,-0.135227
0.554455,0.039604,-0.165009
0.564356,0.039604,-0.194633
0.574257,0.039604,-0.224067
0.584158,0.039604,-0.253286
0.594059,0.039604,-0.282259
0.60396,0.039604,-0.310959
0.613861,0.039604,-0.339358
0.623762,0.039604,-0.367429
0.633663,0.039604,-0.395144
0.643564,0.039604,-0.422477
0.653465,0.039604,-0.449402
0.663366,0.039604,-0.475891
0.673267,0.039604,-0.501921
0.683168,0.039604,-0.527464
0.693069,0.039604,-0.552498
0.70297,0.039604,-0.576996
0.712871,0.039604,-0.600937
0.722772,0.039604,-0.624296
0.732673,0.039604,-0.647052
0.742574,0.039604,-0.669181
0.752475,0.039604,-0.690663
0.762376,0.039604,-0.711477
0.772277,0.039604,-0.731602
0.782178,0.039604,-0.75102
0.792079,0.039604,-0.769711
0.80198,0.039604,-0.787657
0.811881,0.039604,-0.804841
0.821782,0.039604,-0.821247
0.831683,0.039604,-0.836858
0.841584,0.039604,-0.85166
0.851485,0.039604,-0.865637
0.861386,0.039604,-0.878777
0.871287,0.039604,-0.891066
0.881188,0.039604,-0.902494
0.891089,0.039604,-0.913048
0.90099,0.039604,-0.922719
0.910891,0.039604,-0.931497
0.920792,0.039604,-0.939373
0.930693,0.039604,-0.946341
0.940594,0.039604,-0.952392
0.950495,0.039604,-0.957522
0.960396,0.039604,-0.961725
0.970297,0.039604,-0.964997
0.980198,0.039604,-0.967335
0.990099,0.039604,-0.968736
1,0.039604,-0.969199
0,0.049505,0.952013
0.00990099,0.049505,0.951559
0.019802,0.049505,0.950183
0.029703,0.049505,0.947887
0.039604,0.049505,0.944673
0.049505,0.049505,0.940545
0.0594059,0.049505,0.935506
0.0693069,0.049505,0.929562
0.0792079,0.049505,0.922718
0.0891089,0.049505,0.914982
0.0990099,0.049505,0.906359
0.108911,0.049505,0.89686
0.118812,0.049505,0.886493
0.128713,0.049505,0.875268
0.138614,0.049505,0.863196
0.148515,0.049505,0.850289
0.158416,0.049505,0.836559
0.168317,0.049505,0.82202
0.178218,0.049505,0.806685
0.188119,0.049505,0.79057
0.19802,0.049505,0.77369
0.207921,0.049505,0.756062
0.217822,0.049505,0.737702
0.227723,0.049505,0.718628
0.237624,0.049505,0.69886
0.247525,0.049505,0.678415
0.257426,0.049505,0.657313
0.267327,0.049505,0.635576
0.277228,0.049505,0.613224
0.287129,0.049505,0.590279
0.29703,0.049505,0.566762
0.306931,0.049505,0.542697
0.316832,0.049505,0.518108
0.326733,0.049505,0.493016
0.336634,0.049505,0.467448
0.346535,0.049505,0.441428
0.356436,0.049505,0.414981
0.366337,0.049505,0.388132
0.376238,0.049505,0.360908
0.386139,0.049505,0.333335
0.39604,0.049505,0.305439
0.405941,0.049505,0.277247
0.415842,0.049505,0.248788
0.425743,0.049505,0.220088
0.435644,0.049505,0.191174
0.445545,0.049505,0.162076
0.455446,0.049505,0.132821
0.465347,0.049505,0.103438
0.475248,0.049505,0.0739545
0.485149,0.049505,0.0443995
0.49505,0.049505,0.0148015
0.50495,0.049505,-0.0148108
0.514851,0.049505,-0.0444088
0.524752,0.049505,-0.0739638
0.534653,0.049505,-0.103447
0.544554,0.049505,-0.132831
0.554455,0.049505,-0.162085
0.564356,0.049505,-0.191184
0.574257,0.049505,-0.220097
0.584158,0.049505,-0.248797
0.594059,0.049505,-0.277256
0.60396,0.049505,-0.305448
0.613861,0.049505,-0.333343
0.623762,0.049505,-0.360917
0.633663,0.049505,-0.388141
0.643564,0.049505,-0.414989
0.653465,0.049505,-0.441437
0.663366,0.049505,-0.467457
0.673267,0.049505,-0.493024
0.683168,0.049505,-0.518115
0.693069,0.049505,-0.542705
0.70297,0.049505,-0.56677
0.712871,0.049505,-0.590286
0.722772,0.049505,-0.613231
0.732673,0.049505,-0.635583
0.742574,0.049505,-0.65732
0.752475,0.049505,-0.678421
0.762376,0.049505,-0.698866
0.772277,0.049505,-0.718635
0.782178,0.049505,-0.737708
0.792079,0.049505,-0.756068
0.80198,0.049505,-0.773696
0.811881,0.049505,-0.790575
0.821782,0.049505,-0.80669
0.831683,0.049505,-0.822025
0.841584,0.049505,-0.836563
0.851485,0.049505,-0.850293
0.861386,0.049505,-0.8632
0.871287,0.049505,-0.875271
0.881188,0.049505,-0.886496
0.891089,0.049505,-0.896863
0.90099,0.049505,-0.906362
0.910891,0.049505,-0.914984
0.920792,0.049505,-0.922721
0.930693,0.049505,-0.929564
0.940594,0.049505,-0.935508
0.950495,0.049505,-0.940547
0.960396,0.049505,-0.944675
0.970297,0.049505,-0.947888
0.980198,0.049505,-0.950184
0.990099,0.049505,-0.951559
1,0.049505,-0.952013
0,0.0594059,0.931144
0.00990099,0.0594059,0.9307
0.019802,0.0594059,0.929355
0.029703,0.0594059,0.92711
0.039604,0.0594059,0.923967
0.049505,0.0594059,0.91993
0.0594059,0.0594059,0.915002
0.0693069,0.0594059,0.909188
0.0792079,0.0594059,0.902495
0.0891089,0.0594059,0.894928
0.0990099,0.0594059,0.886495
0.108911,0.0594059,0.877204
0.118812,0.0594059,0.867064
0.128713,0.0594059,0.856085
0.138614,0.0594059,0.844278
0.148515,0.0594059,0.831654
0.158416,0.0594059,0.818225
0.168317,0.0594059,0.804004
0.178218,0.0594059,0.789006
0.188119,0.0594059,0.773244
0.19802,0.0594059,0.756734
0.207921,0.0594059,0.739492
0.217822,0.0594059,0.721534
0.227723,0.0594059,0.702879
0.237624,0.0594059,0.683543
0.247525,0.0594059,0.663546
0.257426,0.0594059,0.642907
0.267327,0.0594059,0.621646
0.277228,0.0594059,0.599784
0.287129,0.0594059,0.577341
0.29703,0.0594059,0.55434
0.306931,0.0594059,0.530803
0.316832,0.0594059,0.506752
0.326733,0.0594059,0.482211
0.336634,0.0594059,0.457203
0.346535,0.0594059,0.431753
0.356436,0.0594059,0.405886
0.366337,0.0594059,0.379625
0.376238,0.0594059,0.352998
0.386139,0.0594059,0.326028
0.39604,0.0594059,0.298744
0.405941,0.0594059,0.27117
0.415842,0.0594059,0.243334
0.425743,0.0594059,0.215263
0.435644,0.0594059,0.186984
0.445545,0.0594059,0.158523
0.455446,0.0594059,0.129909
0.465347,0.0594059,0.10117
0.475248,0.0594059,0.0723327
0.485149,0.0594059,0.0434254
0.49505,0.0594059,0.0144761
0.50495,0.0594059,-0.0144872
0.514851,0.0594059,-0.0434365
0.524752,0.0594059,-0.0723438
0.534653,0.0594059,-0.101181
0.544554,0.0594059,-0.129921
0.554455,0.0594059,-0.158534
0.564356,0.0594059,-0.186995
0.574257,0.0594059,-0.215274
0.584158,0.0594059,-0.243345
0.594059,0.0594059,-0.271181
0.60396,0.0594059,-0.298754
0.613861,0.0594059,-0.326039
0.623762,0.0594059,-0.353008
0.633663,0.0594059,-0.379635
0.643564,0.0594059,-0.405896
0.653465,0.0594059,-0.431763
0.663366,0.0594059,-0.457213
0.673267,0.0594059,-0.48222
0.683168,0.0594059,-0.506761
0.693069,0.0594059,-0.530812
0.70297,0.0594059,-0.554349
0.712871,0.0594059,-0.57735
0.722772,0.0594059,-0.599793
0.732673,0.0594059,-0.621655
0.742574,0.0594059,-0.642915
0.752475,0.0594059,-0.663554
0.762376,0.0594059,-0.683551
0.772277,0.0594059,-0.702886
0.782178,0.0594059,-0.721541
0.792079,0.0594059,-0.739499
0.80198,0.0594059,-0.75674
0.811881,0.0594059,-0.77325
0.821782,0.0594059,-0.789012
0.831683,0.0594059,-0.80401
0.841584,0.0594059,-0.81823
0.851485,0.0594059,-0.831659
0.861386,0.0594059,-0.844282
0.871287,0.0594059,-0.856089
0.881188,0.0594059,-0.867068
0.891089,0.0594059,-0.877207
0.90099,0.0594059,-0.886498
0.910891,0.0594059,-0.894931
0.920792,0.0594059,-0.902498
0.930693,0.0594059,-0.909191
0.940594,0.0594059,-0.915004
0.950495,0.0594059,-0.919932
0.960396,0.0594059,-0.923969
0.970297,0.0594059,-0.927111
0.980198,0.0594059,-0.929356
0.990099,0.0594059,-0.930701
1,0.0594059,-0.931144
0,0.0693069,0.906673
0.00990099,0.0693069,0.906241
0.019802,0.0693069,0.904932
0.029703,0.0693069,0.902746
0.039604,0.0693069,0.899686
0.049505,0.0693069,0.895755
0.0594059,0.0693069,0.890957
0.0693069,0.0693069,0.885296
0.0792079,0.0693069,0.878779
0.0891089,0.0693069,0.871411
0.0990099,0.0693069,0.8632
0.108911,0.0693069,0.854153
0.118812,0.0693069,0.84428
0.128713,0.0693069,0.833589
0.138614,0.0693069,0.822092
0.148515,0.0693069,0.8098
0.158416,0.0693069,0.796724
0.168317,0.0693069,0.782877
0.178218,0.0693069,0.768273
0.188119,0.0693069,0.752925
0.19802,0.0693069,0.736849
0.207921,0.0693069,0.72006
0.217822,0.0693069,0.702574
0.227723,0.0693069,0.684409
0.237624,0.0693069,0.665581
0.247525,0.0693069,0.64611
0.257426,0.0693069,0.626013
0.267327,0.0693069,0.605311
0.277228,0.0693069,0.584023
0.287129,0.0693069,0.56217
0.29703,0.0693069,0.539773
0.306931,0.0693069,0.516854
0.316832,0.0693069,0.493435
0.326733,0.0693069,0.469539
0.336634,0.0693069,0.445189
0.346535,0.0693069,0.420407
0.356436,0.0693069,0.395219
0.366337,0.0693069,0.369649
0.376238,0.0693069,0.343721
0.386139,0.0693069,0.317461
0.39604,0.0693069,0.290893
0.405941,0.0693069,0.264044
0.415842,0.0693069,0.236939
0.425743,0.0693069,0.209606
0.435644,0.0693069,0.182069
0.445545,0.0693069,0.154357
0.455446,0.0693069,0.126495
0.465347,0.0693069,0.0985106
0.475248,0.0693069,0.070431
0.485149,0.0693069,0.0422833
0.49505,0.0693069,0.0140946
0.50495,0.0693069,-0.0141076
0.514851,0.0693069,-0.0422962
0.524752,0.0693069,-0.0704439
0.534653,0.0693069,-0.0985235
0.544554,0.0693069,-0.126508
0.554455,0.0693069,-0.15437
0.564356,0.0693069,-0.182082
0.574257,0.0693069,-0.209618
0.584158,0.0693069,-0.236952
0.594059,0.0693069,-0.264056
0.60396,0.0693069,-0.290905
0.613861,0.0693069,-0.317473
0.623762,0.0693069,-0.343733
0.633663,0.0693069,-0.369661
0.643564,0.0693069,-0.395231
0.653465,0.0693069,-0.420419
0.663366,0.0693069,-0.4452
0.673267,0.0693069,-0.46955
0.683168,0.0693069,-0.493446
0.693069,0.0693069,-0.516865
0.70297,0.0693069,-0.539784
0.712871,0.0693069,-0.56218
0.722772,0.0693069,-0.584033
0.732673,0.0693069,-0.605321
0.742574,0.0693069,-0.626023
0.752475,0.0693069,-0.646119
0.762376,0.0693069,-0.66559
0.772277,0.0693069,-0.684417
0.782178,0.0693069,-0.702583
0.792079,0.0693069,-0.720068
0.80198,0.0693069,-0.736857
0.811881,0.0693069,-0.752932
0.821782,0.0693069,-0.76828
0.831683,0.0693069,-0.782884
0.841584,0.0693069,-0.79673
0.851485,0.0693069,-0.809806
0.861386,0.0693069,-0.822098
0.871287,0.0693069,-0.833594
0.881188,0.0693069,-0.844284
0.891089,0.0693069,-0.854157
0.90099,0.0693069,-0.863204
0.910891,0.0693069,-0.871415
0.920792,0.0693069,-0.878782
0.930693,0.0693069,-0.885299
0.940594,0.0693069,-0.890959
0.950495,0.0693069,-0.895757
0.960396,0.0693069,-0.899688
0.970297,0.0693069,-0.902747
0.980198,0.0693069,-0.904933
0.990099,0.0693069,-0.906241
1,0.0693069,-0.906673
0,0.0792079,0.878693
0.00990099,0.0792079,0.878276
0.019802,0.0792079,0.877007
0.029703,0.0792079,0.874889
0.039604,0.0792079,0.871924
0.049505,0.0792079,0.868114
0.0594059,0.0792079,0.863465
0.0693069,0.0792079,0.857979
0.0792079,0.0792079,0.851663
0.0891089,0.0792079,0.844522
0.0990099,0.0792079,0.836564
0.108911,0.0792079,0.827797
0.118812,0.0792079,0.818228
0.128713,0.0792079,0.807868
0.138614,0.0792079,0.796726
0.148515,0.0792079,0.784813
0.158416,0.0792079,0.77214
0.168317,0.0792079,0.758721
0.178218,0.0792079,0.744567
0.188119,0.0792079,0.729693
0.19802,0.0792079,0.714113
0.207921,0.0792079,0.697842
0.217822,0.0792079,0.680895
0.227723,0.0792079,0.66329
0.237624,0.0792079,0.645044
0.247525,0.0792079,0.626173
0.257426,0.0792079,0.606697
0.267327,0.0792079,0.586633
0.277228,0.0792079,0.566002
0.287129,0.0792079,0.544823
0.29703,0.0792079,0.523118
0.306931,0.0792079,0.500906
0.316832,0.0792079,0.478209
0.326733,0.0792079,0.45505
0.336634,0.0792079,0.431451
0.346535,0.0792079,0.407434
0.356436,0.0792079,0.383024
0.366337,0.0792079,0.358242
0.376238,0.0792079,0.333114
0.386139,0.0792079,0.307664
0.39604,0.0792079,0.281916
0.405941,0.0792079,0.255896
0.415842,0.0792079,0.229627
0.425743,0.0792079,0.203137
0.435644,0.0792079,0.17645
0.445545,0.0792079,0.149593
0.455446,0.0792079,0.122591
0.465347,0.0792079,0.0954699
0.475248,0.0792079,0.0682567
0.485149,0.0792079,0.0409775
0.49505,0.0792079,0.0136586
0.50495,0.0792079,-0.0136734
0.514851,0.0792079,-0.0409923
0.524752,0.0792079,-0.0682714
0.534653,0.0792079,-0.0954846
0.544554,0.0792079,-0.122605
0.554455,0.0792079,-0.149607
0.564356,0.0792079,-0.176465
0.574257,0.0792079,-0.203152
0.584158,0.0792079,-0.229642
0.594059,0.0792079,-0.25591
0.60396,0.0792079,-0.28193
0.613861,0.0792079,-0.307678
0.623762,0.0792079,-0.333128
0.633663,0.0792079,-0.358256
0.643564,0.0792079,-0.383037
0.653465,0.0792079,-0.407448
0.663366,0.0792079,-0.431464
0.673267,0.0792079,-0.455063
0.683168,0.0792079,-0.478222
0.693069,0.0792079,-0.500918
0.70297,0.0792079,-0.523129
0.712871,0.0792079,-0.544835
0.722772,0.0792079,-0.566013
0.732673,0.0792079,-0.586644
0.742574,0.0792079,-0.606707
0.752475,0.0792079,-0.626183
0.762376,0.0792079,-0.645054
0.772277,0.0792079,-0.6633
0.782178,0.0792079,-0.680905
0.792079,0.0792079,-0.697851
0.80198,0.0792079,-0.714121
0.811881,0.0792079,-0.729701
0.821782,0.0792079,-0.744575
0.831683,0.0792079,-0.758728
0.841584,0.0792079,-0.772147
0.851485,0.0792079,-0.784819
0.861386,0.0792079,-0.796732
0.871287,0.0792079,-0.807874
0.881188,0.0792079,-0.818234
0.891089,0.0792079,-0.827802
0.90099,0.0792079,-0.836569
0.910891,0.0792079,-0.844526
0.920792,0.0792079,-0.851666
0.930693,0.0792079,-0.857982
0.940594,0.0792079,-0.863467
0.950495,0.0792079,-0.868117
0.960396,0.0792079,-0.871926
0.970297,0.0792079,-0.87489
0.980198,0.0792079,-0.877008
0.990099,0.0792079,-0.878276
1,0.0792079,-0.878693
0,0.0891089,0.847315
0.00990099,0.0891089,0.846912
0.019802,0.0891089,0.845689
0.029703,0.0891089,0.843647
0.039604,0.0891089,0.840788
0.049505,0.0891089,0.837115
0.0594059,0.0891089,0.832631
0.0693069,0.0891089,0.827341
0.0792079,0.0891089,0.821251
0.0891089,0.0891089,0.814365
0.0990099,0.0891089,0.806692
0.108911,0.0891089,0.798237
0.118812,0.0891089,0.789011
0.128713,0.0891089,0.77902
0.138614,0.0891089,0.768276
0.148515,0.0891089,0.756788
0.158416,0.0891089,0.744568
0.168317,0.0891089,0.731628
0.178218,0.0891089,0.71798
0.188119,0.0891089,0.703637
0.19802,0.0891089,0.688613
0.207921,0.0891089,0.672923
0.217822,0.0891089,0.656582
0.227723,0.0891089,0.639605
0.237624,0.0891089,0.62201
0.247525,0.0891089,0.603813
0.257426,0.0891089,0.585032
0.267327,0.0891089,0.565685
0.277228,0.0891089,0.54579
0.287129,0.0891089,0.525368
0.29703,0.0891089,0.504437
0.306931,0.0891089,0.483019
0.316832,0.0891089,0.461133
0.326733,0.0891089,0.438801
0.336634,0.0891089,0.416044
0.346535,0.0891089,0.392885
0.356436,0.0891089,0.369346
0.366337,0.0891089,0.345449
0.376238,0.0891089,0.321218
0.386139,0.0891089,0.296677
0.39604,0.0891089,0.271848
0.405941,0.0891089,0.246757
0.415842,0.0891089,0.221427
0.425743,0.0891089,0.195882
0.435644,0.0891089,0.170149
0.445545,0.0891089,0.14425
0.455446,0.0891089,0.118212
0.465347,0.0891089,0.0920597
0.475248,0.0891089,0.0658182
0.485149,0.0891089,0.0395131
0.49505,0.0891089,0.0131698
0.50495,0.0891089,-0.0131863
0.514851,0.0891089,-0.0395297
0.524752,0.0891089,-0.0658348
0.534653,0.0891089,-0.0920762
0.544554,0.0891089,-0.118228
0.554455,0.0891089,-0.144266
0.564356,0.0891089,-0.170165
0.574257,0.0891089,-0.195899
0.584158,0.0891089,-0.221443
0.594059,0.0891089,-0.246773
0.60396,0.0891089,-0.271864
0.613861,0.0891089,-0.296692
0.623762,0.0891089,-0.321234
0.633663,0.0891089,-0.345464
0.643564,0.0891089,-0.369361
0.653465,0.0891089,-0.3929
0.663366,0.0891089,-0.416058
0.673267,0.0891089,-0.438815
0.683168,0.0891089,-0.461147
0.693069,0.0891089,-0.483032
0.70297,0.0891089,-0.504451
0.712871,0.0891089,-0.525381
0.722772,0.0891089,-0.545803
0.732673,0.0891089,-0.565697
0.742574,0.0891089,-0.585044
0.752475,0.0891089,-0.603825
0.762376,0.0891089,-0.622021
0.772277,0.0891089,-0.639616
0.782178,0.0891089,-0.656592
0.792079,0.0891089,-0.672933
0.80198,0.0891089,-0.688622
0.811881,0.0891089,-0.703646
0.821782,0.0891089,-0.717988
0.831683,0.0891089,-0.731636
0.841584,0.0891089,-0.744576
0.851485,0.0891089,-0.756796
0.861386,0.0891089,-0.768283
0.871287,0.0891089,-0.779027
0.881188,0.0891089,-0.789017
0.891089,0.0891089,-0.798243
0.90099,0.0891089,-0.806697
0.910891,0.0891089,-0.81437
0.920792,0.0891089,-0.821255
0.930693,0.0891089,-0.827345
0.940594,0.0891089,-0.832634
0.950495,0.0891089,-0.837117
0.960396,0.0891089,-0.84079
0.970297,0.0891089,-0.843648
0.980198,0.0891089,-0.84569
0.990099,0.0891089,-0.846913
1,0.0891089,-0.847315
0,0.0990099,0.812658
0.00990099,0.0990099,0.812272
0.019802,0.0990099,0.811099
0.029703,0.0990099,0.809141
0.039604,0.0990099,0.806399
0.049505,0.0990099,0.802876
0.0594059,0.0990099,0.798576
0.0693069,0.0990099,0.793503
0.0792079,0.0990099,0.787661
0.0891089,0.0990099,0.781058
0.0990099,0.0990099,0.773698
0.108911,0.0990099,0.765589
0.118812,0.0990099,0.75674
0.128713,0.0990099,0.747158
0.138614,0.0990099,0.736853
0.148515,0.0990099,0.725835
0.158416,0.0990099,0.714115
0.168317,0.0990099,0.701704
0.178218,0.0990099,0.688614
0.188119,0.0990099,0.674858
0.19802,0.0990099,0.660448
0.207921,0.0990099,0.6454
0.217822,0.0990099,0.629727
0.227723,0.0990099,0.613445
0.237624,0.0990099,0.596569
0.247525,0.0990099,0.579117
0.257426,0.0990099,0.561104
0.267327,0.0990099,0.542548
0.277228,0.0990099,0.523467
0.287129,0.0990099,0.50388
0.29703,0.0990099,0.483805
0.306931,0.0990099,0.463262
0.316832,0.0990099,0.442271
0.326733,0.0990099,0.420853
0.336634,0.0990099,0.399027
0.346535,0.0990099,0.376815
0.356436,0.0990099,0.354238
0.366337,0.0990099,0.331319
0.376238,0.0990099,0.308079
0.386139,0.0990099,0.284542
0.39604,0.0990099,0.260729
0.405941,0.0990099,0.236663
0.415842,0.0990099,0.212369
0.425743,0.0990099,0.18787
0.435644,0.0990099,0.163188
0.445545,0.0990099,0.138349
0.455446,0.0990099,0.113376
0.465347,0.0990099,0.0882932
0.475248,0.0990099,0.063125
0.485149,0.0990099,0.0378958
0.49505,0.0990099,0.0126299
0.50495,0.0990099,-0.0126482
0.514851,0.0990099,-0.0379141
0.524752,0.0990099,-0.0631433
0.534653,0.0990099,-0.0883115
0.544554,0.0990099,-0.113394
0.554455,0.0990099,-0.138367
0.564356,0.0990099,-0.163206
0.574257,0.0990099,-0.187888
0.584158,0.0990099,-0.212387
0.594059,0.0990099,-0.236681
0.60396,0.0990099,-0.260746
0.613861,0.0990099,-0.284559
0.623762,0.0990099,-0.308096
0.633663,0.0990099,-0.331336
0.643564,0.0990099,-0.354255
0.653465,0.0990099,-0.376831
0.663366,0.0990099,-0.399043
0.673267,0.0990099,-0.420868
0.683168,0.0990099,-0.442287
0.693069,0.0990099,-0.463277
0.70297,0.0990099,-0.48382
0.712871,0.0990099,-0.503894
0.722772,0.0990099,-0.523481
0.732673,0.0990099,-0.542561
0.742574,0.0990099,-0.561117
0.752475,0.0990099,-0.579129
0.762376,0.0990099,-0.596582
0.772277,0.0990099,-0.613457
0.782178,0.0990099,-0.629739
0.792079,0.0990099,-0.645411
0.80198,0.0990099,-0.660459
0.811881,0.0990099,-0.674868
0.821782,0.0990099,-0.688624
0.831683,0.0990099,-0.701713
0.841584,0.0990099,-0.714124
0.851485,0.0990099,-0.725844
0.861386,0.0990099,-0.736861
0.871287,0.0990099,-0.747165
0.881188,0.0990099,-0.756747
0.891089,0.0990099,-0.765595
0.90099,0.0990099,-0.773703
0.910891,0.0990099,-0.781063
0.920792,0.0990099,-0.787666
0.930693,0.0990099,-0.793507
0.940594,0.0990099,-0.798579
0.950495,0.0990099,-0.802879
0.960396,0.0990099,-0.806401
0.970297,0.0990099,-0.809142
0.980198,0.0990099,-0.8111
0.990099,0.0990099,-0.812272
1,0.0990099,-0.812658
0,0.108911,0.774857
0.00990099,0.108911,0.774489
0.019802,0.108911,0.773371
0.029703,0.108911,0.771504
0.039604,0.108911,0.76889
0.049505,0.108911,0.765531
0.0594059,0.108911,0.761431
0.0693069,0.108911,0.756594
0.0792079,0.108911,0.751024
0.0891089,0.108911,0.744727
0.0990099,0.108911,0.73771
0.108911,0.108911,0.729979
0.118812,0.108911,0.721541
0.128713,0.108911,0.712405
0.138614,0.108911,0.702579
0.148515,0.108911,0.692074
0.158416,0.108911,0.680899
0.168317,0.108911,0.669065
0.178218,0.108911,0.656584
0.188119,0.108911,0.643467
0.19802,0.108911,0.629728
0.207921,0.108911,0.615379
0.217822,0.108911,0.600435
0.227723,0.108911,0.584911
0.237624,0.108911,0.56882
0.247525,0.108911,0.552179
0.257426,0.108911,0.535004
0.267327,0.108911,0.517311
0.277228,0.108911,0.499118
0.287129,0.108911,0.480441
0.29703,0.108911,0.4613
0.306931,0.108911,0.441713
0.316832,0.108911,0.421699
0.326733,0.108911,0.401276
0.336634,0.108911,0.380465
0.346535,0.108911,0.359287
0.356436,0.108911,0.33776
0.366337,0.108911,0.315907
0.376238,0.108911,0.293748
0.386139,0.108911,0.271305
0.39604,0.108911,0.2486
0.405941,0.108911,0.225654
0.415842,0.108911,0.20249
0.425743,0.108911,0.17913
0.435644,0.108911,0.155596
0.445545,0.108911,0.131913
0.455446,0.108911,0.108101
0.465347,0.108911,0.084185
0.475248,0.108911,0.0601875
0.485149,0.108911,0.0361318
0.49505,0.108911,0.0120411
0.50495,0.108911,-0.0120612
0.514851,0.108911,-0.0361519
0.524752,0.108911,-0.0602076
0.534653,0.108911,-0.084205
0.544554,0.108911,-0.108121
0.554455,0.108911,-0.131932
0.564356,0.108911,-0.155616
0.574257,0.108911,-0.179149
0.584158,0.108911,-0.202509
0.594059,0.108911,-0.225673
0.60396,0.108911,-0.248619
0.613861,0.108911,-0.271324
0.623762,0.108911,-0.293767
0.633663,0.108911,-0.315925
0.643564,0.108911,-0.337778
0.653465,0.108911,-0.359304
0.663366,0.108911,-0.380483
0.673267,0.108911,-0.401293
0.683168,0.108911,-0.421716
0.693069,0.108911,-0.44173
0.70297,0.108911,-0.461317
0.712871,0.108911,-0.480457
0.722772,0.108911,-0.499133
0.732673,0.108911,-0.517326
0.742574,0.108911,-0.535018
0.752475,0.108911,-0.552193
0.762376,0.108911,-0.568834
0.772277,0.108911,-0.584924
0.782178,0.108911,-0.600448
0.792079,0.108911,-0.615392
0.80198,0.108911,-0.62974
0.811881,0.108911,-0.643478
0.821782,0.108911,-0.656594
0.831683,0.108911,-0.669075
0.841584,0.108911,-0.680908
0.851485,0.108911,-0.692083
0.861386,0.108911,-0.702588
0.871287,0.108911,-0.712413
0.881188,0.108911,-0.721548
0.891089,0.108911,-0.729985
0.90099,0.108911,-0.737716
0.910891,0.108911,-0.744733
0.920792,0.108911,-0.751029
0.930693,0.108911,-0.756598
0.940594,0.108911,-0.761434
0.950495,0.108911,-0.765534
0.960396,0.108911,-0.768892
0.970297,0.108911,-0.771506
0.980198,0.108911,-0.773372
0.990099,0.108911,-0.77449
1,0.108911,-0.774857
0,0.118812,0.734059
0.00990099,0.118812,0.73371
0.019802,0.118812,0.732651
0.029703,0.118812,0.730882
0.039604,0.118812,0.728405
0.049505,0.118812,0.725224
0.0594059,0.118812,0.721339
0.0693069,0.118812,0.716757
0.0792079,0.118812,0.711481
0.0891089,0.118812,0.705516
0.0990099,0.118812,0.698868
0.108911,0.118812,0.691543
0.118812,0.118812,0.68355
0.128713,0.118812,0.674895
0.138614,0.118812,0.665587
0.148515,0.118812,0.655634
0.158416,0.118812,0.645047
0.168317,0.118812,0.633837
0.178218,0.118812,0.622012
0.188119,0.118812,0.609586
0.19802,0.118812,0.59657
0.207921,0.118812,0.582977
0.217822,0.118812,0.56882
0.227723,0.118812,0.554113
0.237624,0.118812,0.538869
0.247525,0.118812,0.523104
0.257426,0.118812,0.506833
0.267327,0.118812,0.490072
0.277228,0.118812,0.472837
0.287129,0.118812,0.455144
0.29703,0.118812,0.437011
0.306931,0.118812,0.418455
0.316832,0.118812,0.399494
0.326733,0.118812,0.380147
0.336634,0.118812,0.360432
0.346535,0.118812,0.340368
0.356436,0.118812,0.319975
0.366337,0.118812,0.299272
0.376238,0.118812,0.27828
0.386139,0.118812,0.257019
0.39604,0.118812,0.235509
0.405941,0.118812,0.213771
0.415842,0.118812,0.191827
0.425743,0.118812,0.169697
0.435644,0.118812,0.147402
0.445545,0.118812,0.124966
0.455446,0.118812,0.102408
0.465347,0.118812,0.079751
0.475248,0.118812,0.0570171
0.485149,0.118812,0.0342279
0.49505,0.118812,0.0114057
0.50495,0.118812,-0.0114276
0.514851,0.118812,-0.0342498
0.524752,0.118812,-0.0570389
0.534653,0.118812,-0.0797728
0.544554,0.118812,-0.10243
0.554455,0.118812,-0.124987
0.564356,0.118812,-0.147424
0.574257,0.118812,-0.169718
0.584158,0.118812,-0.191848
0.594059,0.118812,-0.213792
0.60396,0.118812,-0.23553
0.613861,0.118812,-0.257039
0.623762,0.118812,-0.2783
0.633663,0.118812,-0.299292
0.643564,0.118812,-0.319995
0.653465,0.118812,-0.340387
0.663366,0.118812,-0.360451
0.673267,0.118812,-0.380165
0.683168,0.118812,-0.399512
0.693069,0.118812,-0.418473
0.70297,0.118812,-0.437028
0.712871,0.118812,-0.455161
0.722772,0.118812,-0.472853
0.732673,0.118812,-0.490088
0.742574,0.118812,-0.506849
0.752475,0.118812,-0.52312
0.762376,0.118812,-0.538884
0.772277,0.118812,-0.554127
0.782178,0.118812,-0.568834
0.792079,0.118812,-0.582991
0.80198,0.118812,-0.596583
0.811881,0.118812,-0.609599
0.821782,0.118812,-0.622024
0.831683,0.118812,-0.633848
0.841584,0.118812,-0.645058
0.851485,0.118812,-0.655644
0.861386,0.118812,-0.665596
0.871287,0.118812,-0.674903
0.881188,0.118812,-0.683558
0.891089,0.118812,-0.691551
0.90099,0.118812,-0.698874
0.910891,0.118812,-0.705522
0.920792,0.118812,-0.711486
0.930693,0.118812,-0.716762
0.940594,0.118812,-0.721343
0.950495,0.118812,-0.725227
0.960396,0.118812,-0.728408
0.970297,0.118812,-0.730884
0.980198,0.118812,-0.732652
0.990099,0.118812,-0.733711
1,0.118812,-0.734059
0,0.128713,0.69042
0.00990099,0.128713,0.690092
0.019802,0.128713,0.689096
0.029703,0.128713,0.687432
0.039604,0.128713,0.685103
0.049505,0.128713,0.68211
0.0594059,0.128713,0.678457
0.0693069,0.128713,0.674147
0.0792079,0.128713,0.669184
0.0891089,0.128713,0.663574
0.0990099,0.128713,0.657321
0.108911,0.128713,0.650432
0.118812,0.128713,0.642914
0.128713,0.128713,0.634773
0.138614,0.128713,0.626018
0.148515,0.128713,0.616658
0.158416,0.128713,0.6067
0.168317,0.128713,0.596156
0.178218,0.128713,0.585034
0.188119,0.128713,0.573347
0.19802,0.128713,0.561105
0.207921,0.128713,0.54832
0.217822,0.128713,0.535004
0.227723,0.128713,0.521171
0.237624,0.128713,0.506833
0.247525,0.128713,0.492006
0.257426,0.128713,0.476702
0.267327,0.128713,0.460937
0.277228,0.128713,0.444726
0.287129,0.128713,0.428085
0.29703,0.128713,0.41103
0.306931,0.128713,0.393577
0.316832,0.128713,0.375743
0.326733,0.128713,0.357546
0.336634,0.128713,0.339003
0.346535,0.128713,0.320132
0.356436,0.128713,0.300951
0.366337,0.128713,0.281479
0.376238,0.128713,0.261735
0.386139,0.128713,0.241738
0.39604,0.128713,0.221507
0.405941,0.128713,0.201061
0.415842,0.128713,0.180421
0.425743,0.128713,0.159607
0.435644,0.128713,0.138638
0.445545,0.128713,0.117535
0.455446,0.128713,0.0963183
0.465347,0.128713,0.0750084
0.475248,0.128713,0.0536259
0.485149,0.128713,0.0321916
0.49505,0.128713,0.0107261
0.50495,0.128713,-0.0107497
0.514851,0.128713,-0.0322152
0.524752,0.128713,-0.0536494
0.534653,0.128713,-0.0750318
0.544554,0.128713,-0.0963416
0.554455,0.128713,-0.117558
0.564356,0.128713,-0.138661
0.574257,0.128713,-0.15963
0.584158,0.128713,-0.180444
0.594059,0.128713,-0.201084
0.60396,0.128713,-0.221529
0.613861,0.128713,-0.24176
0.623762,0.128713,-0.261757
0.633663,0.128713,-0.281501
0.643564,0.128713,-0.300973
0.653465,0.128713,-0.320153
0.663366,0.128713,-0.339024
0.673267,0.128713,-0.357566
0.683168,0.128713,-0.375763
0.693069,0.128713,-0.393596
0.70297,0.128713,-0.411049
0.712871,0.128713,-0.428103
0.722772,0.128713,-0.444744
0.732673,0.128713,-0.460955
0.742574,0.128713,-0.476719
0.752475,0.128713,-0.492022
0.762376,0.128713,-0.506849
0.772277,0.128713,-0.521186
0.782178,0.128713,-0.535019
0.792079,0.128713,-0.548334
0.80198,0.128713,-0.561118
0.811881,0.128713,-0.57336
0.821782,0.128713,-0.585047
0.831683,0.128713,-0.596167
0.841584,0.128713,-0.606711
0.851485,0.128713,-0.616668
0.861386,0.128713,-0.626028
0.871287,0.128713,-0.634782
0.881188,0.128713,-0.642922
0.891089,0.128713,-0.65044
0.90099,0.128713,-0.657328
0.910891,0.128713,-0.66358
0.920792,0.128713,-0.66919
0.930693,0.128713,-0.674152
0.940594,0.128713,-0.678461
0.950495,0.128713,-0.682114
0.960396,0.128713,-0.685106
0.970297,0.128713,-0.687435
0.980198,0.128713,-0.689097
0.990099,0.128713,-0.690093
1,0.128713,-0.69042
0,0.138614,0.64411
0.00990099,0.138614,0.643805
0.019802,0.138614,0.642875
0.029703,0.138614,0.641323
0.039604,0.138614,0.63915
0.049505,0.138614,0.636358
0.0594059,0.138614,0.63295
0.0693069,0.138614,0.628929
0.0792079,0.138614,0.624299
0.0891089,0.138614,0.619065
0.0990099,0.138614,0.613231
0.108911,0.138614,0.606804
0.118812,0.138614,0.59979
0.128713,0.138614,0.592195
0.138614,0.138614,0.584028
0.148515,0.138614,0.575295
0.158416,0.138614,0.566005
0.168317,0.138614,0.556168
0.178218,0.138614,0.545792
0.188119,0.138614,0.534889
0.19802,0.138614,0.523467
0.207921,0.138614,0.51154
0.217822,0.138614,0.499117
0.227723,0.138614,0.486212
0.237624,0.138614,0.472836
0.247525,0.138614,0.459003
0.257426,0.138614,0.444726
0.267327,0.138614,0.430018
0.277228,0.138614,0.414894
0.287129,0.138614,0.399369
0.29703,0.138614,0.383458
0.306931,0.138614,0.367176
0.316832,0.138614,0.350538
0.326733,0.138614,0.333562
0.336634,0.138614,0.316262
0.346535,0.138614,0.298657
0.356436,0.138614,0.280763
0.366337,0.138614,0.262597
0.376238,0.138614,0.244178
0.386139,0.138614,0.225521
0.39604,0.138614,0.206647
0.405941,0.138614,0.187573
0.415842,0.138614,0.168318
0.425743,0.138614,0.148899
0.435644,0.138614,0.129337
0.445545,0.138614,0.10965
0.455446,0.138614,0.0898559
0.465347,0.138614,0.0699754
0.475248,0.138614,0.0500272
0.485149,0.138614,0.0300307
0.49505,0.138614,0.010005
0.50495,0.138614,-0.0100303
0.514851,0.138614,-0.0300559
0.524752,0.138614,-0.0500524
0.534653,0.138614,-0.0700005
0.544554,0.138614,-0.0898809
0.554455,0.138614,-0.109674
0.564356,0.138614,-0.129362
0.574257,0.138614,-0.148924
0.584158,0.138614,-0.168342
0.594059,0.138614,-0.187597
0.60396,0.138614,-0.206671
0.613861,0.138614,-0.225545
0.623762,0.138614,-0.244201
0.633663,0.138614,-0.26262
0.643564,0.138614,-0.280786
0.653465,0.138614,-0.29868
0.663366,0.138614,-0.316284
0.673267,0.138614,-0.333583
0.683168,0.138614,-0.35056
0.693069,0.138614,-0.367197
0.70297,0.138614,-0.383478
0.712871,0.138614,-0.399389
0.722772,0.138614,-0.414914
0.732673,0.138614,-0.430037
0.742574,0.138614,-0.444744
0.752475,0.138614,-0.459021
0.762376,0.138614,-0.472853
0.772277,0.138614,-0.486229
0.782178,0.138614,-0.499133
0.792079,0.138614,-0.511555
0.80198,0.138614,-0.523482
0.811881,0.138614,-0.534903
0.821782,0.138614,-0.545806
0.831683,0.138614,-0.55618
0.841584,0.138614,-0.566017
0.851485,0.138614,-0.575306
0.861386,0.138614,-0.584038
0.871287,0.138614,-0.592205
0.881188,0.138614,-0.599799
0.891089,0.138614,-0.606813
0.90099,0.138614,-0.613239
0.910891,0.138614,-0.619072
0.920792,0.138614,-0.624305
0.930693,0.138614,-0.628934
0.940594,0.138614,-0.632954
0.950495,0.138614,-0.636362
0.960396,0.138614,-0.639153
0.970297,0.138614,-0.641325
0.980198,0.138614,-0.642877
0.990099,0.138614,-0.643805
1,0.138614,-0.64411
0,0.148515,0.595309
0.00990099,0.148515,0.595026
0.019802,0.148515,0.594167
0.029703,0.148515,0.592732
0.039604,0.148515,0.590724
0.049505,0.148515,0.588143
0.0594059,0.148515,0.584993
0.0693069,0.148515,0.581277
0.0792079,0.148515,0.576998
0.0891089,0.148515,0.57216
0.0990099,0.148515,0.566768
0.108911,0.148515,0.560828
0.118812,0.148515,0.554345
0.128713,0.148515,0.547326
0.138614,0.148515,0.539777
0.148515,0.148515,0.531705
0.158416,0.148515,0.52312
0.168317,0.148515,0.514027
0.178218,0.148515,0.504438
0.188119,0.148515,0.49436
0.19802,0.148515,0.483805
0.207921,0.148515,0.472781
0.217822,0.148515,0.461299
0.227723,0.148515,0.449372
0.237624,0.148515,0.437009
0.247525,0.148515,0.424224
0.257426,0.148515,0.411028
0.267327,0.148515,0.397435
0.277228,0.148515,0.383457
0.287129,0.148515,0.369108
0.29703,0.148515,0.354403
0.306931,0.148515,0.339354
0.316832,0.148515,0.323977
0.326733,0.148515,0.308287
0.336634,0.148515,0.292298
0.346535,0.148515,0.276027
0.356436,0.148515,0.259488
0.366337,0.148515,0.242699
0.376238,0.148515,0.225675
0.386139,0.148515,0.208432
0.39604,0.148515,0.190988
0.405941,0.148515,0.173359
0.415842,0.148515,0.155563
0.425743,0.148515,0.137616
0.435644,0.148515,0.119535
0.445545,0.148515,0.10134
0.455446,0.148515,0.0830458
0.465347,0.148515,0.0646716
0.475248,0.148515,0.0462349
0.485149,0.148515,0.0277535
0.49505,0.148515,0.00924516
0.50495,0.148515,-0.00927208
0.514851,0.148515,-0.0277804
0.524752,0.148515,-0.0462618
0.534653,0.148515,-0.0646984
0.544554,0.148515,-0.0830725
0.554455,0.148515,-0.101366
0.564356,0.148515,-0.119562
0.574257,0.148515,-0.137642
0.584158,0.148515,-0.155589
0.594059,0.148515,-0.173385
0.60396,0.148515,-0.191014
0.613861,0.148515,-0.208457
0.623762,0.148515,-0.2257
0.633663,0.148515,-0.242723
0.643564,0.148515,-0.259512
0.653465,0.148515,-0.27605
0.663366,0.148515,-0.292321
0.673267,0.148515,-0.30831
0.683168,0.148515,-0.324
0.693069,0.148515,-0.339376
0.70297,0.148515,-0.354424
0.712871,0.148515,-0.36913
0.722772,0.148515,-0.383478
0.732673,0.148515,-0.397455
0.742574,0.148515,-0.411048
0.752475,0.148515,-0.424243
0.762376,0.148515,-0.437027
0.772277,0.148515,-0.449389
0.782178,0.148515,-0.461316
0.792079,0.148515,-0.472797
0.80198,0.148515,-0.48382
0.811881,0.148515,-0.494375
0.821782,0.148515,-0.504452
0.831683,0.148515,-0.514041
0.841584,0.148515,-0.523132
0.851485,0.148515,-0.531718
0.861386,0.148515,-0.539788
0.871287,0.148515,-0.547336
0.881188,0.148515,-0.554355
0.891089,0.148515,-0.560837
0.90099,0.148515,-0.566777
0.910891,0.148515,-0.572167
0.920792,0.148515,-0.577004
0.930693,0.148515,-0.581283
0.940594,0.148515,-0.584998
0.950495,0.148515,-0.588147
0.960396,0.148515,-0.590727
0.970297,0.148515,-0.592735
0.980198,0.148515,-0.594169
0.990099,0.148515,-0.595027
1,0.148515,-0.595309
0,0.158416,0.544204
0.00990099,0.158416,0.543946
0.019802,0.158416,0.54316
0.029703,0.158416,0.541849
0.039604,0.158416,0.540012
0.049505,0.158416,0.537653
0.0594059,0.158416,0.534773
0.0693069,0.158416,0.531376
0.0792079,0.158416,0.527464
0.0891089,0.158416,0.523041
0.0990099,0.158416,0.518112
0.108911,0.158416,0.512682
0.118812,0.158416,0.506755
0.128713,0.158416,0.500339
0.138614,0.158416,0.493437
0.148515,0.158416,0.486059
0.158416,0.158416,0.47821
0.168317,0.158416,0.469898
0.178218,0.158416,0.461132
0.188119,0.158416,0.451919
0.19802,0.158416,0.442269
0.207921,0.158416,0.432192
0.217822,0.158416,0.421696
0.227723,0.158416,0.410792
0.237624,0.158416,0.399491
0.247525,0.158416,0.387803
0.257426,0.158416,0.37574
0.267327,0.158416,0.363314
0.277228,0.158416,0.350536
0.287129,0.158416,0.337419
0.29703,0.158416,0.323975
0.306931,0.158416,0.310219
0.316832,0.158416,0.296162
0.326733,0.158416,0.281818
0.336634,0.158416,0.267202
0.346535,0.158416,0.252328
0.356436,0.158416,0.237209
0.366337,0.158416,0.221861
0.376238,0.158416,0.206298
0.386139,0.158416,0.190536
0.39604,0.158416,0.17459
0.405941,0.158416,0.158474
0.415842,0.158416,0.142206
0.425743,0.158416,0.125799
0.435644,0.158416,0.109271
0.445545,0.158416,0.0926376
0.455446,0.158416,0.0759143
0.465347,0.158416,0.0591175
0.475248,0.158416,0.0422636
0.485149,0.158416,0.0253688
0.49505,0.158416,0.00844948
0.50495,0.158416,-0.00847804
0.514851,0.158416,-0.0253973
0.524752,0.158416,-0.0422921
0.534653,0.158416,-0.0591459
0.544554,0.158416,-0.0759425
0.554455,0.158416,-0.0926657
0.564356,0.158416,-0.109299
0.574257,0.158416,-0.125827
0.584158,0.158416,-0.142233
0.594059,0.158416,-0.158502
0.60396,0.158416,-0.174617
0.613861,0.158416,-0.190563
0.623762,0.158416,-0.206325
0.633663,0.158416,-0.221887
0.643564,0.158416,-0.237235
0.653465,0.158416,-0.252353
0.663366,0.158416,-0.267227
0.673267,0.158416,-0.281843
0.683168,0.158416,-0.296186
0.693069,0.158416,-0.310242
0.70297,0.158416,-0.323998
0.712871,0.158416,-0.337441
0.722772,0.158416,-0.350558
0.732673,0.158416,-0.363335
0.742574,0.158416,-0.375761
0.752475,0.158416,-0.387823
0.762376,0.158416,-0.39951
0.772277,0.158416,-0.410811
0.782178,0.158416,-0.421714
0.792079,0.158416,-0.432209
0.80198,0.158416,-0.442286
0.811881,0.158416,-0.451935
0.821782,0.158416,-0.461147
0.831683,0.158416,-0.469913
0.841584,0.158416,-0.478223
0.851485,0.158416,-0.486072
0.861386,0.158416,-0.493449
0.871287,0.158416,-0.50035
0.881188,0.158416,-0.506766
0.891089,0.158416,-0.512692
0.90099,0.158416,-0.518121
0.910891,0.158416,-0.523049
0.920792,0.158416,-0.527471
0.930693,0.158416,-0.531382
0.940594,0.158416,-0.534779
0.950495,0.158416,-0.537657
0.960396,0.158416,-0.540016
0.970297,0.158416,-0.541851
0.980198,0.158416,-0.543162
0.990099,0.158416,-0.543946
1,0.158416,-0.544204
0,0.168317,0.490994
0.00990099,0.168317,0.490761
0.019802,0.168317,0.490052
0.029703,0.168317,0.488868
0.039604,0.168317,0.487211
0.049505,0.168317,0.485083
0.0594059,0.168317,0.482484
0.0693069,0.168317,0.479419
0.0792079,0.168317,0.475889
0.0891089,0.168317,0.471899
0.0990099,0.168317,0.467452
0.108911,0.168317,0.462552
0.118812,0.168317,0.457205
0.128713,0.168317,0.451415
0.138614,0.168317,0.445189
0.148515,0.168317,0.438531
0.158416,0.168317,0.43145
0.168317,0.168317,0.42395
0.178218,0.168317,0.416041
0.188119,0.168317,0.407729
0.19802,0.168317,0.399023
0.207921,0.168317,0.38993
0.217822,0.168317,0.380461
0.227723,0.168317,0.370623
0.237624,0.168317,0.360427
0.247525,0.168317,0.349882
0.257426,0.168317,0.338998
0.267327,0.168317,0.327787
0.277228,0.168317,0.316258
0.287129,0.168317,0.304424
0.29703,0.168317,0.292295
0.306931,0.168317,0.279883
0.316832,0.168317,0.2672
0.326733,0.168317,0.254259
0.336634,0.168317,0.241073
0.346535,0.168317,0.227652
0.356436,0.168317,0.214012
0.366337,0.168317,0.200165
0.376238,0.168317,0.186124
0.386139,0.168317,0.171903
0.39604,0.168317,0.157516
0.405941,0.168317,0.142976
0.415842,0.168317,0.128298
0.425743,0.168317,0.113496
0.435644,0.168317,0.0985841
0.445545,0.168317,0.0835769
0.455446,0.168317,0.0684889
0.465347,0.168317,0.0533346
0.475248,0.168317,0.0381287
0.485149,0.168317,0.022886
0.49505,0.168317,0.00762105
0.50495,0.168317,-0.00765122
0.514851,0.168317,-0.0229161
0.524752,0.168317,-0.0381588
0.534653,0.168317,-0.0533646
0.544554,0.168317,-0.0685188
0.554455,0.168317,-0.0836066
0.564356,0.168317,-0.0986137
0.574257,0.168317,-0.113525
0.584158,0.168317,-0.128327
0.594059,0.168317,-0.143005
0.60396,0.168317,-0.157544
0.613861,0.168317,-0.171931
0.623762,0.168317,-0.186152
0.633663,0.168317,-0.200192
0.643564,0.168317,-0.214039
0.653465,0.168317,-0.227679
0.663366,0.168317,-0.241099
0.673267,0.168317,-0.254285
0.683168,0.168317,-0.267226
0.693069,0.168317,-0.279908
0.70297,0.168317,-0.292319
0.712871,0.168317,-0.304447
0.722772,0.168317,-0.316281
0.732673,0.168317,-0.327809
0.742574,0.168317,-0.33902
0.752475,0.168317,-0.349903
0.762376,0.168317,-0.360447
0.772277,0.168317,-0.370643
0.782178,0.168317,-0.38048
0.792079,0.168317,-0.389949
0.80198,0.168317,-0.39904
0.811881,0.168317,-0.407746
0.821782,0.168317,-0.416057
0.831683,0.168317,-0.423966
0.841584,0.168317,-0.431464
0.851485,0.168317,-0.438545
0.861386,0.168317,-0.445201
0.871287,0.168317,-0.451427
0.881188,0.168317,-0.457216
0.891089,0.168317,-0.462562
0.90099,0.168317,-0.467461
0.910891,0.168317,-0.471907
0.920792,0.168317,-0.475896
0.930693,0.168317,-0.479425
0.940594,0.168317,-0.48249
0.950495,0.168317,-0.485087
0.960396,0.168317,-0.487215
0.970297,0.168317,-0.488871
0.980198,0.168317,-0.490054
0.990099,0.168317,-0.490762
1,0.168317,-0.490994
0,0.178218,0.435884
0.00990099,0.178218,0.435677
0.019802,0.178218,0.435047
0.029703,0.178218,0.433996
0.039604,0.178218,0.432525
0.049505,0.178218,0.430635
0.0594059,0.178218,0.428328
0.0693069,0.178218,0.425606
0.0792079,0.178218,0.422473
0.0891089,0.178218,0.41893
0.0990099,0.178218,0.414982
0.108911,0.178218,0.410632
0.118812,0.178218,0.405885
0.128713,0.178218,0.400745
0.138614,0.178218,0.395217
0.148515,0.178218,0.389307
0.158416,0.178218,0.38302
0.168317,0.178218,0.376362
0.178218,0.178218,0.36934
0.188119,0.178218,0.361961
0.19802,0.178218,0.354232
0.207921,0.178218,0.34616
0.217822,0.178218,0.337753
0.227723,0.178218,0.329019
0.237624,0.178218,0.319967
0.247525,0.178218,0.310606
0.257426,0.178218,0.300944
0.267327,0.178218,0.290991
0.277228,0.178218,0.280756
0.287129,0.178218,0.27025
0.29703,0.178218,0.259483
0.306931,0.178218,0.248464
0.316832,0.178218,0.237205
0.326733,0.178218,0.225717
0.336634,0.178218,0.21401
0.346535,0.178218,0.202096
0.356436,0.178218,0.189987
0.366337,0.178218,0.177694
0.376238,0.178218,0.165229
0.386139,0.178218,0.152604
0.39604,0.178218,0.139832
0.405941,0.178218,0.126924
0.415842,0.178218,0.113894
0.425743,0.178218,0.100753
0.435644,0.178218,0.0875154
0.445545,0.178218,0.0741928
0.455446,0.178218,0.0607984
0.465347,0.178218,0.0473452
0.475248,0.178218,0.0338462
0.485149,0.178218,0.0203145
0.49505,0.178218,0.00676309
0.50495,0.178218,-0.00679483
0.514851,0.178218,-0.0203462
0.524752,0.178218,-0.0338779
0.534653,0.178218,-0.0473768
0.544554,0.178218,-0.0608298
0.554455,0.178218,-0.0742241
0.564356,0.178218,-0.0875465
0.574257,0.178218,-0.100784
0.584158,0.178218,-0.113925
0.594059,0.178218,-0.126955
0.60396,0.178218,-0.139862
0.613861,0.178218,-0.152634
0.623762,0.178218,-0.165258
0.633663,0.178218,-0.177723
0.643564,0.178218,-0.190015
0.653465,0.178218,-0.202124
0.663366,0.178218,-0.214037
0.673267,0.178218,-0.225744
0.683168,0.178218,-0.237232
0.693069,0.178218,-0.24849
0.70297,0.178218,-0.259508
0.712871,0.178218,-0.270275
0.722772,0.178218,-0.280781
0.732673,0.178218,-0.291015
0.742574,0.178218,-0.300967
0.752475,0.178218,-0.310628
0.762376,0.178218,-0.319989
0.772277,0.178218,-0.32904
0.782178,0.178218,-0.337773
0.792079,0.178218,-0.346179
0.80198,0.178218,-0.354251
0.811881,0.178218,-0.361979
0.821782,0.178218,-0.369357
0.831683,0.178218,-0.376378
0.841584,0.178218,-0.383035
0.851485,0.178218,-0.389321
0.861386,0.178218,-0.39523
0.871287,0.178218,-0.400757
0.881188,0.178218,-0.405896
0.891089,0.178218,-0.410643
0.90099,0.178218,-0.414992
0.910891,0.178218,-0.418939
0.920792,0.178218,-0.422481
0.930693,0.178218,-0.425613
0.940594,0.178218,-0.428334
0.950495,0.178218,-0.43064
0.960396,0.178218,-0.432529
0.970297,0.178218,-0.433999
0.980198,0.178218,-0.435049
0.990099,0.178218,-0.435678
1,0.178218,-0.435884
0,0.188119,0.379088
0.00990099,0.188119,0.378908
0.019802,0.188119,0.37836
0.029703,0.188119,0.377445
0.039604,0.188119,0.376166
0.049505,0.188119,0.374522
0.0594059,0.188119,0.372515
0.0693069,0.188119,0.370148
0.0792079,0.188119,0.367422
0.0891089,0.188119,0.364341
0.0990099,0.188119,0.360907
0.108911,0.188119,0.357123
0.118812,0.188119,0.352994
0.128713,0.188119,0.348524
0.138614,0.188119,0.343716
0.148515,0.188119,0.338576
0.158416,0.188119,0.333108
0.168317,0.188119,0.327317
0.178218,0.188119,0.32121
0.188119,0.188119,0.314793
0.19802,0.188119,0.30807
0.207921,0.188119,0.30105
0.217822,0.188119,0.293738
0.227723,0.188119,0.286143
0.237624,0.188119,0.27827
0.247525,0.188119,0.270128
0.257426,0.188119,0.261725
0.267327,0.188119,0.253069
0.277228,0.188119,0.244168
0.287129,0.188119,0.235031
0.29703,0.188119,0.225666
0.306931,0.188119,0.216083
0.316832,0.188119,0.206291
0.326733,0.188119,0.1963
0.336634,0.188119,0.186119
0.346535,0.188119,0.175757
0.356436,0.188119,0.165226
0.366337,0.188119,0.154535
0.376238,0.188119,0.143694
0.386139,0.188119,0.132715
0.39604,0.188119,0.121607
0.405941,0.188119,0.110381
0.415842,0.188119,0.099049
0.425743,0.188119,0.0876209
0.435644,0.188119,0.076108
0.445545,0.188119,0.0645215
0.455446,0.188119,0.0528726
0.465347,0.188119,0.0411725
0.475248,0.188119,0.0294327
0.485149,0.188119,0.0176643
0.49505,0.188119,0.00587891
0.50495,0.188119,-0.0059122
0.514851,0.188119,-0.0176976
0.524752,0.188119,-0.0294659
0.534653,0.188119,-0.0412056
0.544554,0.188119,-0.0529055
0.554455,0.188119,-0.0645543
0.564356,0.188119,-0.0761406
0.574257,0.188119,-0.0876533
0.584158,0.188119,-0.0990811
0.594059,0.188119,-0.110413
0.60396,0.188119,-0.121638
0.613861,0.188119,-0.132746
0.623762,0.188119,-0.143725
0.633663,0.188119,-0.154565
0.643564,0.188119,-0.165256
0.653465,0.188119,-0.175787
0.663366,0.188119,-0.186148
0.673267,0.188119,-0.196329
0.683168,0.188119,-0.206319
0.693069,0.188119,-0.216111
0.70297,0.188119,-0.225693
0.712871,0.188119,-0.235057
0.722772,0.188119,-0.244193
0.732673,0.188119,-0.253094
0.742574,0.188119,-0.261749
0.752475,0.188119,-0.270152
0.762376,0.188119,-0.278293
0.772277,0.188119,-0.286164
0.782178,0.188119,-0.293759
0.792079,0.188119,-0.30107
0.80198,0.188119,-0.30809
0.811881,0.188119,-0.314811
0.821782,0.188119,-0.321228
0.831683,0.188119,-0.327334
0.841584,0.188119,-0.333124
0.851485,0.188119,-0.338591
0.861386,0.188119,-0.34373
0.871287,0.188119,-0.348537
0.881188,0.188119,-0.353007
0.891089,0.188119,-0.357135
0.90099,0.188119,-0.360917
0.910891,0.188119,-0.36435
0.920792,0.188119,-0.36743
0.930693,0.188119,-0.370155
0.940594,0.188119,-0.372521
0.950495,0.188119,-0.374527
0.960396,0.188119,-0.37617
0.970297,0.188119,-0.377449
0.980198,0.188119,-0.378362
0.990099,0.188119,-0.378909
1,0.188119,-0.379088
0,0.19802,0.320826
0.00990099,0.19802,0.320672
0.019802,0.19802,0.320208
0.029703,0.19802,0.319434
0.039604,0.19802,0.318351
0.049505,0.19802,0.316959
0.0594059,0.19802,0.31526
0.0693069,0.19802,0.313256
0.0792079,0.19802,0.310949
0.0891089,0.19802,0.308341
0.0990099,0.19802,0.305435
0.108911,0.19802,0.302233
0.118812,0.19802,0.298738
0.128713,0.19802,0.294954
0.138614,0.19802,0.290885
0.148515,0.19802,0.286534
0.158416,0.19802,0.281907
0.168317,0.19802,0.277006
0.178218,0.19802,0.271837
0.188119,0.19802,0.266406
0.19802,0.19802,0.260716
0.207921,0.19802,0.254775
0.217822,0.19802,0.248587
0.227723,0.19802,0.242158
0.237624,0.19802,0.235496
0.247525,0.19802,0.228605
0.257426,0.19802,0.221494
0.267327,0.19802,0.214168
0.277228,0.19802,0.206635
0.287129,0.19802,0.198902
0.29703,0.19802,0.190976
0.306931,0.19802,0.182866
0.316832,0.19802,0.17458
0.326733,0.19802,0.166124
0.336634,0.19802,0.157507
0.346535,0.19802,0.148739
0.356436,0.19802,0.139826
0.366337,0.19802,0.130778
0.376238,0.19802,0.121604
0.386139,0.19802,0.112312
0.39604,0.19802,0.102911
0.405941,0.19802,0.0934112
0.415842,0.19802,0.0838207
0.425743,0.19802,0.0741492
0.435644,0.19802,0.0644059
0.445545,0.19802,0.0546004
0.455446,0.19802,0.0447421
0.465347,0.19802,0.0348405
0.475248,0.19802,0.0249052
0.485149,0.19802,0.0149458
0.49505,0.19802,0.00497193
0.50495,0.19802,-0.00500672
0.514851,0.19802,-0.0149805
0.524752,0.19802,-0.0249399
0.534653,0.19802,-0.0348751
0.544554,0.19802,-0.0447765
0.554455,0.19802,-0.0546347
0.564356,0.19802,-0.06444
0.574257,0.19802,-0.074183
0.584158,0.19802,-0.0838543
0.594059,0.19802,-0.0934444
0.60396,0.19802,-0.102944
0.613861,0.19802,-0.112344
0.623762,0.19802,-0.121636
0.633663,0.19802,-0.13081
0.643564,0.19802,-0.139857
0.653465,0.19802,-0.148769
0.663366,0.19802,-0.157538
0.673267,0.19802,-0.166154
0.683168,0.19802,-0.174609
0.693069,0.19802,-0.182895
0.70297,0.19802,-0.191004
0.712871,0.19802,-0.198929
0.722772,0.19802,-0.206661
0.732673,0.19802,-0.214194
0.742574,0.19802,-0.221519
0.752475,0.19802,-0.22863
0.762376,0.19802,-0.235519
0.772277,0.19802,-0.242181
0.782178,0.19802,-0.248609
0.792079,0.19802,-0.254796
0.80198,0.19802,-0.260737
0.811881,0.19802,-0.266425
0.821782,0.19802,-0.271856
0.831683,0.19802,-0.277024
0.841584,0.19802,-0.281923
0.851485,0.19802,-0.28655
0.861386,0.19802,-0.2909
0.871287,0.19802,-0.294968
0.881188,0.19802,-0.298751
0.891089,0.19802,-0.302244
0.90099,0.19802,-0.305445
0.910891,0.19802,-0.308351
0.920792,0.19802,-0.310958
0.930693,0.19802,-0.313264
0.940594,0.19802,-0.315267
0.950495,0.19802,-0.316964
0.960396,0.19802,-0.318355
0.970297,0.19802,-0.319437
0.980198,0.19802,-0.320211
0.990099,0.19802,-0.320673
1,0.19802,-0.320826
0,0.207921,0.261322
0.00990099,0.207921,0.261196
0.019802,0.207921,0.260818
0.029703,0.207921,0.260187
0.039604,0.207921,0.259304
0.049505,0.207921,0.25817
0.0594059,0.207921,0.256786
0.0693069,0.207921,0.255153
0.0792079,0.207921,0.253274
0.0891089,0.207921,0.251149
0.0990099,0.207921,0.248781
0.108911,0.207921,0.246172
0.118812,0.207921,0.243325
0.128713,0.207921,0.240243
0.138614,0.207921,0.236928
0.148515,0.207921,0.233384
0.158416,0.207921,0.229615
0.168317,0.207921,0.225623
0.178218,0.207921,0.221412
0.188119,0.207921,0.216988
0.19802,0.207921,0.212354
0.207921,0.207921,0.207514
0.217822,0.207921,0.202473
0.227723,0.207921,0.197237
0.237624,0.207921,0.19181
0.247525,0.207921,0.186197
0.257426,0.207921,0.180405
0.267327,0.207921,0.174437
0.277228,0.207921,0.168302
0.287129,0.207921,0.162003
0.29703,0.207921,0.155548
0.306931,0.207921,0.148942
0.316832,0.207921,0.142192
0.326733,0.207921,0.135305
0.336634,0.207921,0.128286
0.346535,0.207921,0.121144
0.356436,0.207921,0.113885
0.366337,0.207921,0.106515
0.376238,0.207921,0.0990425
0.386139,0.207921,0.0914741
0.39604,0.207921,0.0838173
0.405941,0.207921,0.0760794
0.415842,0.207921,0.0682679
0.425743,0.207921,0.0603904
0.435644,0.207921,0.0524546
0.445545,0.207921,0.044468
0.455446,0.207921,0.0364384
0.465347,0.207921,0.0283735
0.475248,0.207921,0.0202812
0.485149,0.207921,0.0121693
0.49505,0.207921,0.00404566
0.50495,0.207921,-0.00408192
0.514851,0.207921,-0.0122056
0.524752,0.207921,-0.0203174
0.534653,0.207921,-0.0284096
0.544554,0.207921,-0.0364743
0.554455,0.207921,-0.0445037
0.564356,0.207921,-0.0524901
0.574257,0.207921,-0.0604257
0.584158,0.207921,-0.0683029
0.594059,0.207921,-0.0761141
0.60396,0.207921,-0.0838516
0.613861,0.207921,-0.0915081
0.623762,0.207921,-0.099076
0.633663,0.207921,-0.106548
0.643564,0.207921,-0.113917
0.653465,0.207921,-0.121176
0.663366,0.207921,-0.128318
0.673267,0.207921,-0.135336
0.683168,0.207921,-0.142222
0.693069,0.207921,-0.148972
0.70297,0.207921,-0.155577
0.712871,0.207921,-0.162031
0.722772,0.207921,-0.168329
0.732673,0.207921,-0.174464
0.742574,0.207921,-0.180431
0.752475,0.207921,-0.186223
0.762376,0.207921,-0.191835
0.772277,0.207921,-0.197261
0.782178,0.207921,-0.202496
0.792079,0.207921,-0.207536
0.80198,0.207921,-0.212375
0.811881,0.207921,-0.217008
0.821782,0.207921,-0.221432
0.831683,0.207921,-0.225641
0.841584,0.207921,-0.229632
0.851485,0.207921,-0.233401
0.861386,0.207921,-0.236944
0.871287,0.207921,-0.240257
0.881188,0.207921,-0.243339
0.891089,0.207921,-0.246184
0.90099,0.207921,-0.248792
0.910891,0.207921,-0.251159
0.920792,0.207921,-0.253283
0.930693,0.207921,-0.255161
0.940594,0.207921,-0.256793
0.950495,0.207921,-0.258176
0.960396,0.207921,-0.259309
0.970297,0.207921,-0.26019
0.980198,0.207921,-0.26082
0.990099,0.207921,-0.261198
1,0.207921,-0.261322
0,0.217822,0.200807
0.00990099,0.217822,0.20071
0.019802,0.217822,0.200419
0.029703,0.217822,0.199933
0.039604,0.217822,0.199254
0.049505,0.217822,0.198382
0.0594059,0.217822,0.197318
0.0693069,0.217822,0.196063
0.0792079,0.217822,0.194618
0.0891089,0.217822,0.192984
0.0990099,0.217822,0.191164
0.108911,0.217822,0.189159
0.118812,0.217822,0.186971
0.128713,0.217822,0.184602
0.138614,0.217822,0.182055
0.148515,0.217822,0.179331
0.158416,0.217822,0.176434
0.168317,0.217822,0.173366
0.178218,0.217822,0.17013
0.188119,0.217822,0.16673
0.19802,0.217822,0.163169
0.207921,0.217822,0.15945
0.217822,0.217822,0.155576
0.227723,0.217822,0.151552
0.237624,0.217822,0.147382
0.247525,0.217822,0.143069
0.257426,0.217822,0.138617
0.267327,0.217822,0.134032
0.277228,0.217822,0.129317
0.287129,0.217822,0.124477
0.29703,0.217822,0.119516
0.306931,0.217822,0.11444
0.316832,0.217822,0.109254
0.326733,0.217822,0.103961
0.336634,0.217822,0.0985687
0.346535,0.217822,0.0930805
0.356436,0.217822,0.0875024
0.366337,0.217822,0.0818396
0.376238,0.217822,0.0760977
0.386139,0.217822,0.0702822
0.39604,0.217822,0.0643988
0.405941,0.217822,0.0584531
0.415842,0.217822,0.0524508
0.425743,0.217822,0.0463979
0.435644,0.217822,0.0403001
0.445545,0.217822,0.0341633
0.455446,0.217822,0.0279935
0.465347,0.217822,0.0217967
0.475248,0.217822,0.0155787
0.485149,0.217822,0.00934571
0.49505,0.217822,0.00310367
0.50495,0.217822,-0.00314138
0.514851,0.217822,-0.00938338
0.524752,0.217822,-0.0156163
0.534653,0.217822,-0.0218342
0.544554,0.217822,-0.0280309
0.554455,0.217822,-0.0342005
0.564356,0.217822,-0.040337
0.574257,0.217822,-0.0464346
0.584158,0.217822,-0.0524872
0.594059,0.217822,-0.0584891
0.60396,0.217822,-0.0644345
0.613861,0.217822,-0.0703175
0.623762,0.217822,-0.0761326
0.633663,0.217822,-0.081874
0.643564,0.217822,-0.0875363
0.653465,0.217822,-0.0931139
0.663366,0.217822,-0.0986015
0.673267,0.217822,-0.103994
0.683168,0.217822,-0.109285
0.693069,0.217822,-0.114471
0.70297,0.217822,-0.119547
0.712871,0.217822,-0.124507
0.722772,0.217822,-0.129346
0.732673,0.217822,-0.13406
0.742574,0.217822,-0.138645
0.752475,0.217822,-0.143095
0.762376,0.217822,-0.147407
0.772277,0.217822,-0.151577
0.782178,0.217822,-0.1556
0.792079,0.217822,-0.159472
0.80198,0.217822,-0.163191
0.811881,0.217822,-0.166751
0.821782,0.217822,-0.17015
0.831683,0.217822,-0.173385
0.841584,0.217822,-0.176452
0.851485,0.217822,-0.179348
0.861386,0.217822,-0.182071
0.871287,0.217822,-0.184617
0.881188,0.217822,-0.186985
0.891089,0.217822,-0.189172
0.90099,0.217822,-0.191176
0.910891,0.217822,-0.192995
0.920792,0.217822,-0.194627
0.930693,0.217822,-0.196071
0.940594,0.217822,-0.197325
0.950495,0.217822,-0.198388
0.960396,0.217822,-0.199259
0.970297,0.217822,-0.199937
0.980198,0.217822,-0.200421
0.990099,0.217822,-0.200711
1,0.217822,-0.200807
0,0.227723,0.139515
0.00990099,0.227723,0.139447
0.019802,0.227723,0.139244
0.029703,0.227723,0.138906
0.039604,0.227723,0.138433
0.049505,0.227723,0.137826
0.0594059,0.227723,0.137086
0.0693069,0.227723,0.136213
0.0792079,0.227723,0.135209
0.0891089,0.227723,0.134073
0.0990099,0.227723,0.132808
0.108911,0.227723,0.131414
0.118812,0.227723,0.129894
0.128713,0.227723,0.128247
0.138614,0.227723,0.126476
0.148515,0.227723,0.124584
0.158416,0.227723,0.12257
0.168317,0.227723,0.120438
0.178218,0.227723,0.11819
0.188119,0.227723,0.115827
0.19802,0.227723,0.113352
0.207921,0.227723,0.110768
0.217822,0.227723,0.108077
0.227723,0.227723,0.105281
0.237624,0.227723,0.102383
0.247525,0.227723,0.0993863
0.257426,0.227723,0.0962936
0.267327,0.227723,0.0931077
0.277228,0.227723,0.0898318
0.287129,0.227723,0.0864691
0.29703,0.227723,0.0830228
0.306931,0.227723,0.0794962
0.316832,0.227723,0.0758928
0.326733,0.227723,0.072216
0.336634,0.227723,0.0684694
0.346535,0.227723,0.0646566
0.356436,0.227723,0.0607813
0.366337,0.227723,0.0568473
0.376238,0.227723,0.0528583
0.386139,0.227723,0.0488182
0.39604,0.227723,0.0447309
0.405941,0.227723,0.0406004
0.415842,0.227723,0.0364307
0.425743,0.227723,0.0322257
0.435644,0.227723,0.0279896
0.445545,0.227723,0.0237264
0.455446,0.227723,0.0194403
0.465347,0.227723,0.0151354
0.475248,0.227723,0.0108159
0.485149,0.227723,0.00648587
0.49505,0.227723,0.00214961
0.50495,0.227723,-0.00218872
0.514851,0.227723,-0.00652494
0.524752,0.227723,-0.0108548
0.534653,0.227723,-0.0151743
0.544554,0.227723,-0.019479
0.554455,0.227723,-0.0237649
0.564356,0.227723,-0.0280279
0.574257,0.227723,-0.0322637
0.584158,0.227723,-0.0364684
0.594059,0.227723,-0.0406378
0.60396,0.227723,-0.044768
0.613861,0.227723,-0.0488548
0.623762,0.227723,-0.0528945
0.633663,0.227723,-0.056883
0.643564,0.227723,-0.0608165
0.653465,0.227723,-0.0646912
0.663366,0.227723,-0.0685035
0.673267,0.227723,-0.0722494
0.683168,0.227723,-0.0759256
0.693069,0.227723,-0.0795283
0.70297,0.227723,-0.0830542
0.712871,0.227723,-0.0864998
0.722772,0.227723,-0.0898617
0.732673,0.227723,-0.0931368
0.742574,0.227723,-0.0963218
0.752475,0.227723,-0.0994138
0.762376,0.227723,-0.10241
0.772277,0.227723,-0.105306
0.782178,0.227723,-0.108101
0.792079,0.227723,-0.110792
0.80198,0.227723,-0.113375
0.811881,0.227723,-0.115849
0.821782,0.227723,-0.118211
0.831683,0.227723,-0.120458
0.841584,0.227723,-0.122589
0.851485,0.227723,-0.124601
0.861386,0.227723,-0.126493
0.871287,0.227723,-0.128262
0.881188,0.227723,-0.129908
0.891089,0.227723,-0.131428
0.90099,0.227723,-0.13282
0.910891,0.227723,-0.134084
0.920792,0.227723,-0.135218
0.930693,0.227723,-0.136222
0.940594,0.227723,-0.137093
0.950495,0.227723,-0.137832
0.960396,0.227723,-0.138438
0.970297,0.227723,-0.138909
0.980198,0.227723,-0.139246
0.990099,0.227723,-0.139448
1,0.227723,-0.139515
0,0.237624,0.0776838
0.00990099,0.237624,0.0776446
0.019802,0.237624,0.0775302
0.029703,0.237624,0.0773408
0.039604,0.237624,0.0770764
0.049505,0.237624,0.0767374
0.0594059,0.237624,0.0763242
0.0693069,0.237624,0.0758371
0.0792079,0.237624,0.0752766
0.0891089,0.237624,0.0746433
0.0990099,0.237624,0.0739378
0.108911,0.237624,0.0731608
0.118812,0.237624,0.072313
0.128713,0.237624,0.0713953
0.138614,0.237624,0.0704086
0.148515,0.237624,0.0693538
0.158416,0.237624,0.068232
0.168317,0.237624,0.0670443
0.178218,0.237624,0.0657917
0.188119,0.237624,0.0644756
0.19802,0.237624,0.0630971
0.207921,0.237624,0.0616577
0.217822,0.237624,0.0601587
0.227723,0.237624,0.0586016
0.237624,0.237624,0.0569879
0.247525,0.237624,0.0553191
0.257426,0.237624,0.0535969
0.267327,0.237624,0.0518229
0.277228,0.237624,0.0499988
0.287129,0.237624,0.0481264
0.29703,0.237624,0.0462076
0.306931,0.237624,0.0442441
0.316832,0.237624,0.0422378
0.326733,0.237624,0.0401908
0.336634,0.237624,0.0381049
0.346535,0.237624,0.0359823
0.356436,0.237624,0.0338249
0.366337,0.237624,0.0316348
0.376238,0.237624,0.0294142
0.386139,0.237624,0.0271651
0.39604,0.237624,0.0248898
0.405941,0.237624,0.0225905
0.415842,0.237624,0.0202694
0.425743,0.237624,0.0179286
0.435644,0.237624,0.0155706
0.445545,0.237624,0.0131975
0.455446,0.237624,0.0108117
0.465347,0.237624,0.00841544
0.475248,0.237624,0.00601105
0.485149,0.237624,0.00360085
0.49505,0.237624,0.00118718
0.50495,0.237624,-0.00122765
0.514851,0.237624,-0.00364128
0.524752,0.237624,-0.0060514
0.534653,0.237624,-0.00845568
0.544554,0.237624,-0.0108518
0.554455,0.237624,-0.0132374
0.564356,0.237624,-0.0156103
0.574257,0.237624,-0.017968
0.584158,0.237624,-0.0203084
0.594059,0.237624,-0.0226292
0.60396,0.237624,-0.0249282
0.613861,0.237624,-0.027203
0.623762,0.237624,-0.0294516
0.633663,0.237624,-0.0316718
0.643564,0.237624,-0.0338613
0.653465,0.237624,-0.0360181
0.663366,0.237624,-0.0381402
0.673267,0.237624,-0.0402254
0.683168,0.237624,-0.0422718
0.693069,0.237624,-0.0442773
0.70297,0.237624,-0.0462401
0.712871,0.237624,-0.0481582
0.722772,0.237624,-0.0500297
0.732673,0.237624,-0.051853
0.742574,0.237624,-0.0536261
0.752475,0.237624,-0.0553475
0.762376,0.237624,-0.0570154
0.772277,0.237624,-0.0586282
0.782178,0.237624,-0.0601843
0.792079,0.237624,-0.0616823
0.80198,0.237624,-0.0631207
0.811881,0.237624,-0.0644981
0.821782,0.237624,-0.0658132
0.831683,0.237624,-0.0670647
0.841584,0.237624,-0.0682513
0.851485,0.237624,-0.069372
0.861386,0.237624,-0.0704257
0.871287,0.237624,-0.0714112
0.881188,0.237624,-0.0723278
0.891089,0.237624,-0.0731743
0.90099,0.237624,-0.0739502
0.910891,0.237624,-0.0746545
0.920792,0.237624,-0.0752865
0.930693,0.237624,-0.0758458
0.940594,0.237624,-0.0763317
0.950495,0.237624,-0.0767437
0.960396,0.237624,-0.0770814
0.970297,0.237624,-0.0773445
0.980198,0.237624,-0.0775328
0.990099,0.237624,-0.0776459
1,0.237624,-0.0776838
0,0.247525,0.0155518
0.00990099,0.247525,0.0155418
0.019802,0.247525,0.0155167
0.029703,0.247525,0.0154765
0.039604,0.247525,0.0154215
0.049505,0.247525,0.0153515
0.0594059,0.247525,0.0152667
0.0693069,0.247525,0.0151671
0.0792079,0.247525,0.015053
0.0891089,0.247525,0.0149243
0.0990099,0.247525,0.0147812
0.108911,0.247525,0.0146239
0.118812,0.247525,0.0144525
0.128713,0.247525,0.0142672
0.138614,0.247525,0.0140681
0.148515,0.247525,0.0138556
0.158416,0.247525,0.0136297
0.168317,0.247525,0.0133907
0.178218,0.247525,0.0131388
0.188119,0.247525,0.0128743
0.19802,0.247525,0.0125975
0.207921,0.247525,0.0123085
0.217822,0.247525,0.0120078
0.227723,0.247525,0.0116955
0.237624,0.247525,0.011372
0.247525,0.247525,0.0110375
0.257426,0.247525,0.0106925
0.267327,0.247525,0.0103372
0.277228,0.247525,0.00997202
0.287129,0.247525,0.00959726
0.29703,0.247525,0.00921329
0.306931,0.247525,0.00882048
0.316832,0.247525,0.00841921
0.326733,0.247525,0.00800986
0.336634,0.247525,0.00759284
0.346535,0.247525,0.00716853
0.356436,0.247525,0.00673735
0.366337,0.247525,0.00629971
0.376238,0.247525,0.00585603
0.386139,0.247525,0.00540673
0.39604,0.247525,0.00495225
0.405941,0.247525,0.00449302
0.415842,0.247525,0.00402948
0.425743,0.247525,0.00356207
0.435644,0.247525,0.00309126
0.445545,0.247525,0.00261747
0.455446,0.247525,0.00214118
0.465347,0.247525,0.00166284
0.475248,0.247525,0.0011829
0.485149,0.247525,0.000701829
0.49505,0.247525,0.000220084
0.50495,0.247525,-0.000261872
0.514851,0.247525,-0.000743577
0.524752,0.247525,-0.00122457
0.534653,0.247525,-0.00170439
0.544554,0.247525,-0.00218257
0.554455,0.247525,-0.00265866
0.564356,0.247525,-0.0031322
0.574257,0.247525,-0.00360273
0.584158,0.247525,-0.00406982
0.594059,0.247525,-0.004533
0.60396,0.247525,-0.00499183
0.613861,0.247525,-0.00544587
0.623762,0.247525,-0.0058947
0.633663,0.247525,-0.00633787
0.643564,0.247525,-0.00677496
0.653465,0.247525,-0.00720556
0.663366,0.247525,-0.00762924
0.673267,0.247525,-0.00804561
0.683168,0.247525,-0.00845427
0.693069,0.247525,-0.00885481
0.70297,0.247525,-0.00924686
0.712871,0.247525,-0.00963004
0.722772,0.247525,-0.010004
0.732673,0.247525,-0.0103683
0.742574,0.247525,-0.0107227
0.752475,0.247525,-0.0110668
0.762376,0.247525,-0.0114003
0.772277,0.247525,-0.0117229
0.782178,0.247525,-0.0120342
0.792079,0.247525,-0.0123339
0.80198,0.247525,-0.0126218
0.811881,0.247525,-0.0128976
0.821782,0.247525,-0.013161
0.831683,0.247525,-0.0134118
0.841584,0.247525,-0.0136496
0.851485,0.247525,-0.0138744
0.861386,0.247525,-0.0140858
0.871287,0.247525,-0.0142836
0.881188,0.247525,-0.0144677
0.891089,0.247525,-0.0146379
0.90099,0.247525,-0.014794
0.910891,0.247525,-0.0149358
0.920792,0.247525,-0.0150632
0.930693,0.247525,-0.0151762
0.940594,0.247525,-0.0152744
0.950495,0.247525,-0.015358
0.960396,0.247525,-0.0154266
0.970297,0.247525,-0.0154804
0.980198,0.247525,-0.0155193
0.990099,0.247525,-0.0155431
1,0.247525,-0.0155518
0,0.257426,-0.0466404
0.00990099,0.257426,-0.0466213
0.019802,0.257426,-0.046557
0.029703,0.257426,-0.0464476
0.039604,0.257426,-0.0462932
0.049505,0.257426,-0.0460939
0.0594059,0.257426,-0.04585
0.0693069,0.257426,-0.0455616
0.0792079,0.257426,-0.0452291
0.0891089,0.257426,-0.0448527
0.0990099,0.257426,-0.0444328
0.108911,0.257426,-0.0439698
0.118812,0.257426,-0.0434642
0.128713,0.257426,-0.0429164
0.138614,0.257426,-0.042327
0.148515,0.257426,-0.0416966
0.158416,0.257426,-0.0410257
0.168317,0.257426,-0.040315
0.178218,0.257426,-0.0395652
0.188119,0.257426,-0.038777
0.19802,0.257426,-0.0379512
0.207921,0.257426,-0.0370885
0.217822,0.257426,-0.0361899
0.227723,0.257426,-0.0352562
0.237624,0.257426,-0.0342882
0.247525,0.257426,-0.033287
0.257426,0.257426,-0.0322535
0.267327,0.257426,-0.0311887
0.277228,0.257426,-0.0300936
0.287129,0.257426,-0.0289693
0.29703,0.257426,-0.0278169
0.306931,0.257426,-0.0266375
0.316832,0.257426,-0.0254322
0.326733,0.257426,-0.0242023
0.336634,0.257426,-0.0229489
0.346535,0.257426,-0.0216732
0.356436,0.257426,-0.0203765
0.366337,0.257426,-0.01906
0.376238,0.257426,-0.017725
0.386139,0.257426,-0.0163728
0.39604,0.257426,-0.0150047
0.405941,0.257426,-0.013622
0.415842,0.257426,-0.0122262
0.425743,0.257426,-0.0108184
0.435644,0.257426,-0.0094002
0.445545,0.257426,-0.00797284
0.455446,0.257426,-0.00653774
0.465347,0.257426,-0.0050963
0.475248,0.257426,-0.00364992
0.485149,0.257426,-0.00219999
0.49505,0.257426,-0.000747928
0.50495,0.257426,0.00070486
0.514851,0.257426,0.00215697
0.524752,0.257426,0.00360698
0.534653,0.257426,0.00505349
0.544554,0.257426,0.00649509
0.554455,0.257426,0.0079304
0.564356,0.257426,0.009358
0.574257,0.257426,0.0107765
0.584158,0.257426,0.0121846
0.594059,0.257426,0.0135808
0.60396,0.257426,0.0149639
0.613861,0.257426,0.0163324
0.623762,0.257426,0.0176851
0.633663,0.257426,0.0190206
0.643564,0.257426,0.0203377
0.653465,0.257426,0.021635
0.663366,0.257426,0.0229114
0.673267,0.257426,0.0241655
0.683168,0.257426,0.0253961
0.693069,0.257426,0.0266021
0.70297,0.257426,0.0277823
0.712871,0.257426,0.0289355
0.722772,0.257426,0.0300606
0.732673,0.257426,0.0311566
0.742574,0.257426,0.0322223
0.752475,0.257426,0.0332568
0.762376,0.257426,0.034259
0.772277,0.257426,0.0352279
0.782178,0.257426,0.0361627
0.792079,0.257426,0.0370624
0.80198,0.257426,0.0379261
0.811881,0.257426,0.038753
0.821782,0.257426,0.0395423
0.831683,0.257426,0.0402933
0.841584,0.257426,0.0410051
0.851485,0.257426,0.0416772
0.861386,0.257426,0.0423089
0.871287,0.257426,0.0428995
0.881188,0.257426,0.0434485
0.891089,0.257426,0.0439553
0.90099,0.257426,0.0444196
0.910891,0.257426,0.0448408
0.920792,0.257426,0.0452185
0.930693,0.257426,0.0455523
0.940594,0.257426,0.045842
0.950495,0.257426,0.0460873
0.960396,0.257426,0.0462879
0.970297,0.257426,0.0464436
0.980198,0.257426,0.0465543
0.990099,0.257426,0.0466199
1,0.257426,0.0466404
0,0.267327,-0.108652
0.00990099,0.267327,-0.108604
0.019802,0.267327,-0.108451
0.029703,0.267327,-0.108192
0.039604,0.267327,-0.107829
0.049505,0.267327,-0.107361
0.0594059,0.267327,-0.106789
0.0693069,0.267327,-0.106114
0.0792079,0.267327,-0.105336
0.0891089,0.267327,-0.104456
0.0990099,0.267327,-0.103475
0.108911,0.267327,-0.102394
0.118812,0.267327,-0.101213
0.128713,0.267327,-0.0999342
0.138614,0.267327,-0.0985586
0.148515,0.267327,-0.0970876
0.158416,0.267327,-0.0955225
0.168317,0.267327,-0.0938649
0.178218,0.267327,-0.0921164
0.188119,0.267327,-0.0902786
0.19802,0.267327,-0.0883533
0.207921,0.267327,-0.0863424
0.217822,0.267327,-0.0842479
0.227723,0.267327,-0.0820717
0.237624,0.267327,-0.0798161
0.247525,0.267327,-0.0774831
0.257426,0.267327,-0.075075
0.267327,0.267327,-0.0725942
0.277228,0.267327,-0.0700431
0.287129,0.267327,-0.067424
0.29703,0.267327,-0.0647397
0.306931,0.267327,-0.0619927
0.316832,0.267327,-0.0591856
0.326733,0.267327,-0.0563211
0.336634,0.267327,-0.0534021
0.346535,0.267327,-0.0504313
0.356436,0.267327,-0.0474117
0.366337,0.267327,-0.0443461
0.376238,0.267327,-0.0412376
0.386139,0.267327,-0.0380891
0.39604,0.267327,-0.0349038
0.405941,0.267327,-0.0316846
0.415842,0.267327,-0.0284347
0.425743,0.267327,-0.0251572
0.435644,0.267327,-0.0218554
0.445545,0.267327,-0.0185324
0.455446,0.267327,-0.0151915
0.465347,0.267327,-0.0118358
0.475248,0.267327,-0.00846871
0.485149,0.267327,-0.00509338
0.49505,0.267327,-0.00171311
0.50495,0.267327,0.00166881
0.514851,0.267327,0.00504912
0.524752,0.267327,0.00842454
0.534653,0.267327,0.0117918
0.544554,0.267327,0.0151476
0.554455,0.267327,0.0184888
0.564356,0.267327,0.021812
0.574257,0.267327,0.0251141
0.584158,0.267327,0.0283919
0.594059,0.267327,0.0316422
0.60396,0.267327,0.0348618
0.613861,0.267327,0.0380476
0.623762,0.267327,0.0411966
0.633663,0.267327,0.0443057
0.643564,0.267327,0.0473718
0.653465,0.267327,0.0503921
0.663366,0.267327,0.0533635
0.673267,0.267327,0.0562832
0.683168,0.267327,0.0591484
0.693069,0.267327,0.0619563
0.70297,0.267327,0.0647041
0.712871,0.267327,0.0673893
0.722772,0.267327,0.0700092
0.732673,0.267327,0.0725612
0.742574,0.267327,0.075043
0.752475,0.267327,0.077452
0.762376,0.267327,0.079786
0.772277,0.267327,0.0820427
0.782178,0.267327,0.0842199
0.792079,0.267327,0.0863155
0.80198,0.267327,0.0883275
0.811881,0.267327,0.0902539
0.821782,0.267327,0.0920928
0.831683,0.267327,0.0938426
0.841584,0.267327,0.0955014
0.851485,0.267327,0.0970677
0.861386,0.267327,0.0985399
0.871287,0.267327,0.0999167
0.881188,0.267327,0.101197
0.891089,0.267327,0.102379
0.90099,0.267327,0.103461
0.910891,0.267327,0.104444
0.920792,0.267327,0.105325
0.930693,0.267327,0.106105
0.940594,0.267327,0.106781
0.950495,0.267327,0.107354
0.960396,0.267327,0.107823
0.970297,0.267327,0.108188
0.980198,0.267327,0.108448
0.990099,0.267327,0.108603
1,0.267327,0.108652
0,0.277228,-0.170244
0.00990099,0.277228,-0.170166
0.019802,0.277228,-0.169925
0.029703,0.277228,-0.169518
0.039604,0.277228,-0.168947
0.049505,0.277228,-0.168213
0.0594059,0.277228,-0.167316
0.0693069,0.277228,-0.166256
0.0792079,0.277228,-0.165036
0.0891089,0.277228,-0.163656
0.0990099,0.277228,-0.162117
0.108911,0.277228,-0.160421
0.118812,0.277228,-0.15857
0.128713,0.277228,-0.156565
0.138614,0.277228,-0.154409
0.148515,0.277228,-0.152103
0.158416,0.277228,-0.14965
0.168317,0.277228,-0.147052
0.178218,0.277228,-0.144311
0.188119,0.277228,-0.141431
0.19802,0.277228,-0.138414
0.207921,0.277228,-0.135262
0.217822,0.277228,-0.13198
0.227723,0.277228,-0.12857
0.237624,0.277228,-0.125035
0.247525,0.277228,-0.12138
0.257426,0.277228,-0.117606
0.267327,0.277228,-0.113719
0.277228,0.277228,-0.109722
0.287129,0.277228,-0.105618
0.29703,0.277228,-0.101412
0.306931,0.277228,-0.0971083
0.316832,0.277228,-0.0927101
0.326733,0.277228,-0.0882222
0.336634,0.277228,-0.0836489
0.346535,0.277228,-0.0789945
0.356436,0.277228,-0.0742637
0.366337,0.277228,-0.0694609
0.376238,0.277228,-0.0645909
0.386139,0.277228,-0.0596583
0.39604,0.277228,-0.054668
0.405941,0.277228,-0.0496247
0.415842,0.277228,-0.0445333
0.425743,0.277228,-0.0393989
0.435644,0.277228,-0.0342262
0.445545,0.277228,-0.0290205
0.455446,0.277228,-0.0237866
0.465347,0.277228,-0.0185297
0.475248,0.277228,-0.0132548
0.485149,0.277228,-0.00796715
0.49505,0.277228,-0.00267174
0.50495,0.277228,0.00262625
0.514851,0.277228,0.00792169
0.524752,0.277228,0.0132095
0.534653,0.277228,0.0184845
0.544554,0.277228,0.0237415
0.554455,0.277228,0.0289756
0.564356,0.277228,0.0341817
0.574257,0.277228,0.0393546
0.584158,0.277228,0.0444894
0.594059,0.277228,0.0495812
0.60396,0.277228,0.0546249
0.613861,0.277228,0.0596157
0.623762,0.277228,0.0645488
0.633663,0.277228,0.0694194
0.643564,0.277228,0.0742228
0.653465,0.277228,0.0789542
0.663366,0.277228,0.0836093
0.673267,0.277228,0.0881833
0.683168,0.277228,0.092672
0.693069,0.277228,0.0970709
0.70297,0.277228,0.101376
0.712871,0.277228,0.105583
0.722772,0.277228,0.109687
0.732673,0.277228,0.113685
0.742574,0.277228,0.117573
0.752475,0.277228,0.121348
0.762376,0.277228,0.125004
0.772277,0.277228,0.12854
0.782178,0.277228,0.131951
0.792079,0.277228,0.135235
0.80198,0.277228,0.138387
0.811881,0.277228,0.141406
0.821782,0.277228,0.144287
0.831683,0.277228,0.147029
0.841584,0.277228,0.149628
0.851485,0.277228,0.152083
0.861386,0.277228,0.15439
0.871287,0.277228,0.156548
0.881188,0.277228,0.158554
0.891089,0.277228,0.160406
0.90099,0.277228,0.162103
0.910891,0.277228,0.163643
0.920792,0.277228,0.165025
0.930693,0.277228,0.166247
0.940594,0.277228,0.167307
0.950495,0.277228,0.168206
0.960396,0.277228,0.168942
0.970297,0.277228,0.169514
0.980198,0.277228,0.169922
0.990099,0.277228,0.170165
1,0.277228,0.170244
0,0.287129,-0.231176
0.00990099,0.287129,-0.231071
0.019802,0.287129,-0.230741
0.029703,0.287129,-0.230188
0.039604,0.287129,-0.229412
0.049505,0.287129,-0.228414
0.0594059,0.287129,-0.227195
0.0693069,0.287129,-0.225755
0.0792079,0.287129,-0.224097
0.0891089,0.287129,-0.222222
0.0990099,0.287129,-0.220132
0.108911,0.287129,-0.217829
0.118812,0.287129,-0.215314
0.128713,0.287129,-0.212591
0.138614,0.287129,-0.209662
0.148515,0.287129,-0.206531
0.158416,0.287129,-0.203199
0.168317,0.287129,-0.19967
0.178218,0.287129,-0.195948
0.188119,0.287129,-0.192037
0.19802,0.287129,-0.187939
0.207921,0.287129,-0.18366
0.217822,0.287129,-0.179202
0.227723,0.287129,-0.174571
0.237624,0.287129,-0.169771
0.247525,0.287129,-0.164807
0.257426,0.287129,-0.159683
0.267327,0.287129,-0.154404
0.277228,0.287129,-0.148976
0.287129,0.287129,-0.143404
0.29703,0.287129,-0.137693
0.306931,0.287129,-0.131848
0.316832,0.287129,-0.125876
0.326733,0.287129,-0.119782
0.336634,0.287129,-0.113572
0.346535,0.287129,-0.107252
0.356436,0.287129,-0.100829
0.366337,0.287129,-0.0943072
0.376238,0.287129,-0.0876945
0.386139,0.287129,-0.0809969
0.39604,0.287129,-0.0742209
0.405941,0.287129,-0.067373
0.415842,0.287129,-0.0604599
0.425743,0.287129,-0.0534882
0.435644,0.287129,-0.0464648
0.445545,0.287129,-0.0393963
0.455446,0.287129,-0.0322898
0.465347,0.287129,-0.025152
0.475248,0.287129,-0.0179898
0.485149,0.287129,-0.0108102
0.49505,0.287129,-0.00362011
0.50495,0.287129,0.00357346
0.514851,0.287129,0.0107636
0.524752,0.287129,0.0179433
0.534653,0.287129,0.0251056
0.544554,0.287129,0.0322436
0.554455,0.287129,0.0393504
0.564356,0.287129,0.0464191
0.574257,0.287129,0.0534428
0.584158,0.287129,0.0604148
0.594059,0.287129,0.0673284
0.60396,0.287129,0.0741767
0.613861,0.287129,0.0809532
0.623762,0.287129,0.0876513
0.633663,0.287129,0.0942646
0.643564,0.287129,0.100787
0.653465,0.287129,0.107211
0.663366,0.287129,0.113532
0.673267,0.287129,0.119742
0.683168,0.287129,0.125837
0.693069,0.287129,0.13181
0.70297,0.287129,0.137655
0.712871,0.287129,0.143367
0.722772,0.287129,0.148941
0.732673,0.287129,0.15437
0.742574,0.287129,0.159649
0.752475,0.287129,0.164774
0.762376,0.287129,0.16974
0.772277,0.287129,0.174541
0.782178,0.287129,0.179173
0.792079,0.287129,0.183631
0.80198,0.287129,0.187912
0.811881,0.287129,0.192011
0.821782,0.287129,0.195924
0.831683,0.287129,0.199647
0.841584,0.287129,0.203177
0.851485,0.287129,0.20651
0.861386,0.287129,0.209643
0.871287,0.287129,0.212573
0.881188,0.287129,0.215297
0.891089,0.287129,0.217813
0.90099,0.287129,0.220118
0.910891,0.287129,0.222209
0.920792,0.287129,0.224086
0.930693,0.287129,0.225745
0.940594,0.287129,0.227186
0.950495,0.287129,0.228407
0.960396,0.287129,0.229407
0.970297,0.287129,0.230184
0.980198,0.287129,0.230738
0.990099,0.287129,0.231069
1,0.287129,0.231176
0,0.29703,-0.291215
0.00990099,0.29703,-0.291081
0.019802,0.29703,-0.290665
0.029703,0.29703,-0.289968
0.039604,0.29703,-0.28899
0.049505,0.29703,-0.287732
0.0594059,0.29703,-0.286195
0.0693069,0.29703,-0.284381
0.0792079,0.29703,-0.282292
0.0891089,0.29703,-0.279929
0.0990099,0.29703,-0.277296
0.108911,0.29703,-0.274393
0.118812,0.29703,-0.271225
0.128713,0.29703,-0.267795
0.138614,0.29703,-0.264105
0.148515,0.29703,-0.260159
0.158416,0.29703,-0.255962
0.168317,0.29703,-0.251516
0.178218,0.29703,-0.246827
0.188119,0.29703,-0.2419
0.19802,0.29703,-0.236738
0.207921,0.29703,-0.231346
0.217822,0.29703,-0.225731
0.227723,0.29703,-0.219897
0.237624,0.29703,-0.21385
0.247525,0.29703,-0.207597
0.257426,0.29703,-0.201142
0.267327,0.29703,-0.194492
0.277228,0.29703,-0.187655
0.287129,0.29703,-0.180635
0.29703,0.29703,-0.173441
0.306931,0.29703,-0.166079
0.316832,0.29703,-0.158556
0.326733,0.29703,-0.150879
0.336634,0.29703,-0.143057
0.346535,0.29703,-0.135095
0.356436,0.29703,-0.127004
0.366337,0.29703,-0.118789
0.376238,0.29703,-0.110459
0.386139,0.29703,-0.102022
0.39604,0.29703,-0.0934868
0.405941,0.29703,-0.0848608
0.415842,0.29703,-0.0761526
0.425743,0.29703,-0.0673708
0.435644,0.29703,-0.0585237
0.445545,0.29703,-0.0496199
0.455446,0.29703,-0.0406682
0.465347,0.29703,-0.031677
0.475248,0.29703,-0.0226552
0.485149,0.29703,-0.0136115
0.49505,0.29703,-0.00455454
0.50495,0.29703,0.00450679
0.514851,0.29703,0.0135638
0.524752,0.29703,0.0226076
0.534653,0.29703,0.0316295
0.544554,0.29703,0.0406209
0.554455,0.29703,0.0495729
0.564356,0.29703,0.0584769
0.574257,0.29703,0.0673243
0.584158,0.29703,0.0761066
0.594059,0.29703,0.0848151
0.60396,0.29703,0.0934416
0.613861,0.29703,0.101978
0.623762,0.29703,0.110415
0.633663,0.29703,0.118745
0.643564,0.29703,0.126961
0.653465,0.29703,0.135053
0.663366,0.29703,0.143015
0.673267,0.29703,0.150838
0.683168,0.29703,0.158516
0.693069,0.29703,0.166039
0.70297,0.29703,0.173403
0.712871,0.29703,0.180598
0.722772,0.29703,0.187618
0.732673,0.29703,0.194457
0.742574,0.29703,0.201107
0.752475,0.29703,0.207563
0.762376,0.29703,0.213818
0.772277,0.29703,0.219866
0.782178,0.29703,0.225701
0.792079,0.29703,0.231317
0.80198,0.29703,0.23671
0.811881,0.29703,0.241873
0.821782,0.29703,0.246802
0.831683,0.29703,0.251492
0.841584,0.29703,0.255939
0.851485,0.29703,0.260138
0.861386,0.29703,0.264085
0.871287,0.29703,0.267776
0.881188,0.29703,0.271208
0.891089,0.29703,0.274377
0.90099,0.29703,0.277281
0.910891,0.29703,0.279916
0.920792,0.29703,0.28228
0.930693,0.29703,0.284371
0.940594,0.29703,0.286186
0.950495,0.29703,0.287724
0.960396,0.29703,0.288984
0.970297,0.29703,0.289964
0.980198,0.29703,0.290662
0.990099,0.29703,0.291079
1,0.29703,0.291215
0,0.306931,-0.350126
0.00990099,0.306931,-0.349965
0.019802,0.306931,-0.349465
0.029703,0.306931,-0.348626
0.039604,0.306931,-0.347449
0.049505,0.306931,-0.345936
0.0594059,0.306931,-0.344088
0.0693069,0.306931,-0.341907
0.0792079,0.306931,-0.339395
0.0891089,0.306931,-0.336553
0.0990099,0.306931,-0.333386
0.108911,0.306931,-0.329897
0.118812,0.306931,-0.326087
0.128713,0.306931,-0.321962
0.138614,0.306931,-0.317526
0.148515,0.306931,-0.312782
0.158416,0.306931,-0.307735
0.168317,0.306931,-0.30239
0.178218,0.306931,-0.296752
0.188119,0.306931,-0.290827
0.19802,0.306931,-0.28462
0.207921,0.306931,-0.278138
0.217822,0.306931,-0.271387
0.227723,0.306931,-0.264373
0.237624,0.306931,-0.257103
0.247525,0.306931,-0.249584
0.257426,0.306931,-0.241823
0.267327,0.306931,-0.233828
0.277228,0.306931,-0.225607
0.287129,0.306931,-0.217168
0.29703,0.306931,-0.208518
0.306931,0.306931,-0.199667
0.316832,0.306931,-0.190622
0.326733,0.306931,-0.181392
0.336634,0.306931,-0.171988
0.346535,0.306931,-0.162416
0.356436,0.306931,-0.152687
0.366337,0.306931,-0.142811
0.376238,0.306931,-0.132796
0.386139,0.306931,-0.122653
0.39604,0.306931,-0.112391
0.405941,0.306931,-0.10202
0.415842,0.306931,-0.091551
0.425743,0.306931,-0.0809928
0.435644,0.306931,-0.0703563
0.445545,0.306931,-0.0596517
0.455446,0.306931,-0.0488893
0.465347,0.306931,-0.0380796
0.475248,0.306931,-0.0272331
0.485149,0.306931,-0.0163602
0.49505,0.306931,-0.00547142
0.50495,0.306931,0.00542262
0.514851,0.306931,0.0163114
0.524752,0.306931,0.0271844
0.534653,0.306931,0.0380311
0.544554,0.306931,0.048841
0.554455,0.306931,0.0596036
0.564356,0.306931,0.0703085
0.574257,0.306931,0.0809454
0.584158,0.306931,0.0915038
0.594059,0.306931,0.101974
0.60396,0.306931,0.112345
0.613861,0.306931,0.122607
0.623762,0.306931,0.132751
0.633663,0.306931,0.142766
0.643564,0.306931,0.152644
0.653465,0.306931,0.162373
0.663366,0.306931,0.171945
0.673267,0.306931,0.181351
0.683168,0.306931,0.190581
0.693069,0.306931,0.199627
0.70297,0.306931,0.208479
0.712871,0.306931,0.21713
0.722772,0.306931,0.22557
0.732673,0.306931,0.233792
0.742574,0.306931,0.241788
0.752475,0.306931,0.249549
0.762376,0.306931,0.257069
0.772277,0.306931,0.264341
0.782178,0.306931,0.271356
0.792079,0.306931,0.278108
0.80198,0.306931,0.284592
0.811881,0.306931,0.2908
0.821782,0.306931,0.296726
0.831683,0.306931,0.302365
0.841584,0.306931,0.307711
0.851485,0.306931,0.31276
0.861386,0.306931,0.317505
0.871287,0.306931,0.321943
0.881188,0.306931,0.32607
0.891089,0.306931,0.32988
0.90099,0.306931,0.333372
0.910891,0.306931,0.33654
0.920792,0.306931,0.339383
0.930693,0.306931,0.341896
0.940594,0.306931,0.344079
0.950495,0.306931,0.345929
0.960396,0.306931,0.347443
0.970297,0.306931,0.348621
0.980198,0.306931,0.349462
0.990099,0.306931,0.349964
1,0.306931,0.350126
0,0.316832,-0.407684
0.00990099,0.316832,-0.407495
0.019802,0.316832,-0.406912
0.029703,0.316832,-0.405935
0.039604,0.316832,-0.404565
0.049505,0.316832,-0.402803
0.0594059,0.316832,-0.40065
0.0693069,0.316832,-0.39811
0.0792079,0.316832,-0.395184
0.0891089,0.316832,-0.391876
0.0990099,0.316832,-0.388188
0.108911,0.316832,-0.384124
0.118812,0.316832,-0.379688
0.128713,0.316832,-0.374885
0.138614,0.316832,-0.369718
0.148515,0.316832,-0.364194
0.158416,0.316832,-0.358317
0.168317,0.316832,-0.352093
0.178218,0.316832,-0.345528
0.188119,0.316832,-0.338629
0.19802,0.316832,-0.331402
0.207921,0.316832,-0.323854
0.217822,0.316832,-0.315993
0.227723,0.316832,-0.307826
0.237624,0.316832,-0.29936
0.247525,0.316832,-0.290605
0.257426,0.316832,-0.281569
0.267327,0.316832,-0.27226
0.277228,0.316832,-0.262687
0.287129,0.316832,-0.25286
0.29703,0.316832,-0.242789
0.306931,0.316832,-0.232482
0.316832,0.316832,-0.221951
0.326733,0.316832,-0.211204
0.336634,0.316832,-0.200253
0.346535,0.316832,-0.189109
0.356436,0.316832,-0.177781
0.366337,0.316832,-0.166281
0.376238,0.316832,-0.15462
0.386139,0.316832,-0.14281
0.39604,0.316832,-0.130861
0.405941,0.316832,-0.118786
0.415842,0.316832,-0.106595
0.425743,0.316832,-0.0943017
0.435644,0.316832,-0.0819169
0.445545,0.316832,-0.0694528
0.455446,0.316832,-0.0569214
0.465347,0.316832,-0.044335
0.475248,0.316832,-0.0317057
0.485149,0.316832,-0.0190457
0.49505,0.316832,-0.00636721
0.50495,0.316832,0.00631741
0.514851,0.316832,0.0189959
0.524752,0.316832,0.031656
0.534653,0.316832,0.0442855
0.544554,0.316832,0.0568721
0.554455,0.316832,0.0694037
0.564356,0.316832,0.0818681
0.574257,0.316832,0.0942532
0.584158,0.316832,0.106547
0.594059,0.316832,0.118738
0.60396,0.316832,0.130814
0.613861,0.316832,0.142763
0.623762,0.316832,0.154574
0.633663,0.316832,0.166235
0.643564,0.316832,0.177736
0.653465,0.316832,0.189064
0.663366,0.316832,0.20021
0.673267,0.316832,0.211162
0.683168,0.316832,0.221909
0.693069,0.316832,0.232441
0.70297,0.316832,0.242749
0.712871,0.316832,0.252821
0.722772,0.316832,0.262649
0.732673,0.316832,0.272223
0.742574,0.316832,0.281533
0.752475,0.316832,0.29057
0.762376,0.316832,0.299326
0.772277,0.316832,0.307793
0.782178,0.316832,0.315961
0.792079,0.316832,0.323824
0.80198,0.316832,0.331373
0.811881,0.316832,0.338601
0.821782,0.316832,0.345502
0.831683,0.316832,0.352068
0.841584,0.316832,0.358293
0.851485,0.316832,0.364171
0.861386,0.316832,0.369697
0.871287,0.316832,0.374865
0.881188,0.316832,0.37967
0.891089,0.316832,0.384107
0.90099,0.316832,0.388172
0.910891,0.316832,0.391862
0.920792,0.316832,0.395172
0.930693,0.316832,0.398099
0.940594,0.316832,0.400641
0.950495,0.316832,0.402795
0.960396,0.316832,0.404559
0.970297,0.316832,0.40593
0.980198,0.316832,0.406909
0.990099,0.316832,0.407494
1,0.316832,0.407684
0,0.326733,-0.463664
0.00990099,0.326733,-0.463449
0.019802,0.326733,-0.462786
0.029703,0.326733,-0.461674
0.039604,0.326733,-0.460115
0.049505,0.326733,-0.45811
0.0594059,0.326733,-0.455662
0.0693069,0.326733,-0.452773
0.0792079,0.326733,-0.449445
0.0891089,0.326733,-0.445682
0.0990099,0.326733,-0.441487
0.108911,0.326733,-0.436865
0.118812,0.326733,-0.43182
0.128713,0.326733,-0.426357
0.138614,0.326733,-0.420481
0.148515,0.326733,-0.414197
0.158416,0.326733,-0.407513
0.168317,0.326733,-0.400435
0.178218,0.326733,-0.392968
0.188119,0.326733,-0.385122
0.19802,0.326733,-0.376902
0.207921,0.326733,-0.368318
0.217822,0.326733,-0.359377
0.227723,0.326733,-0.350088
0.237624,0.326733,-0.34046
0.247525,0.326733,-0.330503
0.257426,0.326733,-0.320225
0.267327,0.326733,-0.309638
0.277228,0.326733,-0.298751
0.287129,0.326733,-0.287575
0.29703,0.326733,-0.276121
0.306931,0.326733,-0.264399
0.316832,0.326733,-0.252421
0.326733,0.326733,-0.240199
0.336634,0.326733,-0.227745
0.346535,0.326733,-0.21507
0.356436,0.326733,-0.202187
0.366337,0.326733,-0.189108
0.376238,0.326733,-0.175846
0.386139,0.326733,-0.162414
0.39604,0.326733,-0.148825
0.405941,0.326733,-0.135091
0.415842,0.326733,-0.121227
0.425743,0.326733,-0.107246
0.435644,0.326733,-0.0931606
0.445545,0.326733,-0.0789853
0.455446,0.326733,-0.0647335
0.465347,0.326733,-0.050419
0.475248,0.326733,-0.0360557
0.485149,0.326733,-0.0216576
0.49505,0.326733,-0.00723845
0.50495,0.326733,0.00718769
0.514851,0.326733,0.0216069
0.524752,0.326733,0.0360051
0.534653,0.326733,0.0503685
0.544554,0.326733,0.0646832
0.554455,0.326733,0.0789353
0.564356,0.326733,0.0931109
0.574257,0.326733,0.107196
0.584158,0.326733,0.121178
0.594059,0.326733,0.135043
0.60396,0.326733,0.148777
0.613861,0.326733,0.162366
0.623762,0.326733,0.175799
0.633663,0.326733,0.189061
0.643564,0.326733,0.202141
0.653465,0.326733,0.215025
0.663366,0.326733,0.2277
0.673267,0.326733,0.240156
0.683168,0.326733,0.252379
0.693069,0.326733,0.264357
0.70297,0.326733,0.27608
0.712871,0.326733,0.287535
0.722772,0.326733,0.298712
0.732673,0.326733,0.3096
0.742574,0.326733,0.320189
0.752475,0.326733,0.330467
0.762376,0.326733,0.340425
0.772277,0.326733,0.350054
0.782178,0.326733,0.359345
0.792079,0.326733,0.368287
0.80198,0.326733,0.376872
0.811881,0.326733,0.385093
0.821782,0.326733,0.392941
0.831683,0.326733,0.400409
0.841584,0.326733,0.407489
0.851485,0.326733,0.414175
0.861386,0.326733,0.420459
0.871287,0.326733,0.426337
0.881188,0.326733,0.431801
0.891089,0.326733,0.436848
0.90099,0.326733,0.441472
0.910891,0.326733,0.445668
0.920792,0.326733,0.449432
0.930693,0.326733,0.452762
0.940594,0.326733,0.455653
0.950495,0.326733,0.458103
0.960396,0.326733,0.460109
0.970297,0.326733,0.461669
0.980198,0.326733,0.462782
0.990099,0.326733,0.463447
1,0.326733,0.463664
0,0.336634,-0.51785
0.00990099,0.336634,-0.51761
0.019802,0.336634,-0.516868
0.029703,0.336634,-0.515627
0.039604,0.336634,-0.513885
0.049505,0.336634,-0.511646
0.0594059,0.336634,-0.508912
0.0693069,0.336634,-0.505684
0.0792079,0.336634,-0.501967
0.0891089,0.336634,-0.497764
0.0990099,0.336634,-0.493079
0.108911,0.336634,-0.487916
0.118812,0.336634,-0.482281
0.128713,0.336634,-0.476179
0.138614,0.336634,-0.469616
0.148515,0.336634,-0.462599
0.158416,0.336634,-0.455133
0.168317,0.336634,-0.447227
0.178218,0.336634,-0.438888
0.188119,0.336634,-0.430124
0.19802,0.336634,-0.420944
0.207921,0.336634,-0.411356
0.217822,0.336634,-0.40137
0.227723,0.336634,-0.390996
0.237624,0.336634,-0.380243
0.247525,0.336634,-0.369122
0.257426,0.336634,-0.357643
0.267327,0.336634,-0.345819
0.277228,0.336634,-0.33366
0.287129,0.336634,-0.321177
0.29703,0.336634,-0.308384
0.306931,0.336634,-0.295293
0.316832,0.336634,-0.281915
0.326733,0.336634,-0.268265
0.336634,0.336634,-0.254355
0.346535,0.336634,-0.240199
0.356436,0.336634,-0.22581
0.366337,0.336634,-0.211203
0.376238,0.336634,-0.196392
0.386139,0.336634,-0.18139
0.39604,0.336634,-0.166213
0.405941,0.336634,-0.150875
0.415842,0.336634,-0.13539
0.425743,0.336634,-0.119775
0.435644,0.336634,-0.104044
0.445545,0.336634,-0.0882123
0.455446,0.336634,-0.0722952
0.465347,0.336634,-0.056308
0.475248,0.336634,-0.0402664
0.485149,0.336634,-0.0241858
0.49505,0.336634,-0.00808175
0.50495,0.336634,0.00803009
0.514851,0.336634,0.0241342
0.524752,0.336634,0.0402149
0.534653,0.336634,0.0562567
0.544554,0.336634,0.072244
0.554455,0.336634,0.0881614
0.564356,0.336634,0.103994
0.574257,0.336634,0.119725
0.584158,0.336634,0.135341
0.594059,0.336634,0.150825
0.60396,0.336634,0.166164
0.613861,0.336634,0.181341
0.623762,0.336634,0.196344
0.633663,0.336634,0.211156
0.643564,0.336634,0.225764
0.653465,0.336634,0.240153
0.663366,0.336634,0.25431
0.673267,0.336634,0.268221
0.683168,0.336634,0.281872
0.693069,0.336634,0.29525
0.70297,0.336634,0.308343
0.712871,0.336634,0.321137
0.722772,0.336634,0.33362
0.732673,0.336634,0.34578
0.742574,0.336634,0.357606
0.752475,0.336634,0.369085
0.762376,0.336634,0.380208
0.772277,0.336634,0.390962
0.782178,0.336634,0.401338
0.792079,0.336634,0.411325
0.80198,0.336634,0.420914
0.811881,0.336634,0.430095
0.821782,0.336634,0.438861
0.831683,0.336634,0.447201
0.841584,0.336634,0.455109
0.851485,0.336634,0.462575
0.861386,0.336634,0.469595
0.871287,0.336634,0.476159
0.881188,0.336634,0.482262
0.891089,0.336634,0.487899
0.90099,0.336634,0.493063
0.910891,0.336634,0.49775
0.920792,0.336634,0.501954
0.930693,0.336634,0.505673
0.940594,0.336634,0.508902
0.950495,0.336634,0.511638
0.960396,0.336634,0.513879
0.970297,0.336634,0.515622
0.980198,0.336634,0.516865
0.990099,0.336634,0.517608
1,0.336634,0.51785
0,0.346535,-0.570032
0.00990099,0.346535,-0.569768
0.019802,0.346535,-0.568952
0.029703,0.346535,-0.567584
0.039604,0.346535,-0.565667
0.049505,0.346535,-0.563202
0.0594059,0.346535,-0.560192
0.0693069,0.346535,-0.556639
0.0792079,0.346535,-0.552547
0.0891089,0.346535,-0.54792
0.0990099,0.346535,-0.542763
0.108911,0.346535,-0.53708
0.118812,0.346535,-0.530877
0.128713,0.346535,-0.52416
0.138614,0.346535,-0.516935
0.148515,0.346535,-0.50921
0.158416,0.346535,-0.500993
0.168317,0.346535,-0.49229
0.178218,0.346535,-0.48311
0.188119,0.346535,-0.473463
0.19802,0.346535,-0.463358
0.207921,0.346535,-0.452804
0.217822,0.346535,-0.441811
0.227723,0.346535,-0.430391
0.237624,0.346535,-0.418555
0.247525,0.346535,-0.406313
0.257426,0.346535,-0.393678
0.267327,0.346535,-0.380662
0.277228,0.346535,-0.367277
0.287129,0.346535,-0.353537
0.29703,0.346535,-0.339455
0.306931,0.346535,-0.325044
0.316832,0.346535,-0.310319
0.326733,0.346535,-0.295293
0.336634,0.346535,-0.279982
0.346535,0.346535,-0.264399
0.356436,0.346535,-0.248561
0.366337,0.346535,-0.232482
0.376238,0.346535,-0.216178
0.386139,0.346535,-0.199664
0.39604,0.346535,-0.182958
0.405941,0.346535,-0.166074
0.415842,0.346535,-0.14903
0.425743,0.346535,-0.131841
0.435644,0.346535,-0.114525
0.445545,0.346535,-0.0970982
0.455446,0.346535,-0.0795773
0.465347,0.346535,-0.0619793
0.475248,0.346535,-0.0443213
0.485149,0.346535,-0.0266205
0.49505,0.346535,-0.00889387
0.50495,0.346535,0.00884135
0.514851,0.346535,0.026568
0.524752,0.346535,0.044269
0.534653,0.346535,0.0619271
0.544554,0.346535,0.0795253
0.554455,0.346535,0.0970465
0.564356,0.346535,0.114474
0.574257,0.346535,0.13179
0.584158,0.346535,0.148979
0.594059,0.346535,0.166024
0.60396,0.346535,0.182908
0.613861,0.346535,0.199615
0.623762,0.346535,0.216129
0.633663,0.346535,0.232434
0.643564,0.346535,0.248513
0.653465,0.346535,0.264352
0.663366,0.346535,0.279936
0.673267,0.346535,0.295248
0.683168,0.346535,0.310275
0.693069,0.346535,0.325001
0.70297,0.346535,0.339413
0.712871,0.346535,0.353496
0.722772,0.346535,0.367237
0.732673,0.346535,0.380623
0.742574,0.346535,0.39364
0.752475,0.346535,0.406276
0.762376,0.346535,0.418519
0.772277,0.346535,0.430357
0.782178,0.346535,0.441778
0.792079,0.346535,0.452772
0.80198,0.346535,0.463327
0.811881,0.346535,0.473434
0.821782,0.346535,0.483082
0.831683,0.346535,0.492263
0.841584,0.346535,0.500967
0.851485,0.346535,0.509187
0.861386,0.346535,0.516913
0.871287,0.346535,0.524139
0.881188,0.346535,0.530858
0.891089,0.346535,0.537062
0.90099,0.346535,0.542747
0.910891,0.346535,0.547906
0.920792,0.346535,0.552534
0.930693,0.346535,0.556628
0.940594,0.346535,0.560182
0.950495,0.346535,0.563194
0.960396,0.346535,0.565661
0.970297,0.346535,0.567579
0.980198,0.346535,0.568948
0.990099,0.346535,0.569766
1,0.346535,0.570032
0,0.356436,-0.62001
0.00990099,0.356436,-0.619722
0.019802,0.356436,-0.618834
0.029703,0.356436,-0.617346
0.039604,0.356436,-0.615261
0.049505,0.356436,-0.61258
0.0594059,0.356436,-0.609305
0.0693069,0.356436,-0.605441
0.0792079,0.356436,-0.60099
0.0891089,0.356436,-0.595957
0.0990099,0.356436,-0.590347
0.108911,0.356436,-0.584166
0.118812,0.356436,-0.577419
0.128713,0.356436,-0.570113
0.138614,0.356436,-0.562255
0.148515,0.356436,-0.553852
0.158416,0.356436,-0.544914
0.168317,0.356436,-0.535448
0.178218,0.356436,-0.525463
0.188119,0.356436,-0.51497
0.19802,0.356436,-0.503979
0.207921,0.356436,-0.492499
0.217822,0.356436,-0.480543
0.227723,0.356436,-0.468122
0.237624,0.356436,-0.455247
0.247525,0.356436,-0.441932
0.257426,0.356436,-0.428189
0.267327,0.356436,-0.414032
0.277228,0.356436,-0.399474
0.287129,0.356436,-0.384529
0.29703,0.356436,-0.369213
0.306931,0.356436,-0.353538
0.316832,0.356436,-0.337522
0.326733,0.356436,-0.321179
0.336634,0.356436,-0.304525
0.346535,0.356436,-0.287576
0.356436,0.356436,-0.270349
0.366337,0.356436,-0.252861
0.376238,0.356436,-0.235127
0.386139,0.356436,-0.217166
0.39604,0.356436,-0.198995
0.405941,0.356436,-0.180632
0.415842,0.356436,-0.162093
0.425743,0.356436,-0.143398
0.435644,0.356436,-0.124563
0.445545,0.356436,-0.105609
0.455446,0.356436,-0.0865516
0.465347,0.356436,-0.0674109
0.475248,0.356436,-0.0482049
0.485149,0.356436,-0.0289523
0.49505,0.356436,-0.00967166
0.50495,0.356436,0.00961834
0.514851,0.356436,0.028899
0.524752,0.356436,0.0481518
0.534653,0.356436,0.0673579
0.544554,0.356436,0.0864988
0.554455,0.356436,0.105556
0.564356,0.356436,0.124511
0.574257,0.356436,0.143346
0.584158,0.356436,0.162042
0.594059,0.356436,0.18058
0.60396,0.356436,0.198945
0.613861,0.356436,0.217116
0.623762,0.356436,0.235078
0.633663,0.356436,0.252812
0.643564,0.356436,0.270301
0.653465,0.356436,0.287529
0.663366,0.356436,0.304479
0.673267,0.356436,0.321133
0.683168,0.356436,0.337477
0.693069,0.356436,0.353495
0.70297,0.356436,0.36917
0.712871,0.356436,0.384488
0.722772,0.356436,0.399433
0.732673,0.356436,0.413993
0.742574,0.356436,0.428151
0.752475,0.356436,0.441895
0.762376,0.356436,0.455211
0.772277,0.356436,0.468087
0.782178,0.356436,0.480509
0.792079,0.356436,0.492467
0.80198,0.356436,0.503948
0.811881,0.356436,0.514941
0.821782,0.356436,0.525435
0.831683,0.356436,0.535421
0.841584,0.356436,0.544888
0.851485,0.356436,0.553828
0.861386,0.356436,0.562232
0.871287,0.356436,0.570092
0.881188,0.356436,0.577399
0.891089,0.356436,0.584148
0.90099,0.356436,0.590331
0.910891,0.356436,0.595942
0.920792,0.356436,0.600977
0.930693,0.356436,0.605429
0.940594,0.356436,0.609295
0.950495,0.356436,0.612571
0.960396,0.356436,0.615254
0.970297,0.356436,0.617341
0.980198,0.356436,0.61883
0.990099,0.356436,0.61972
1,0.356436,0.62001
0,0.366337,-0.667588
0.00990099,0.366337,-0.667278
0.019802,0.366337,-0.666322
0.029703,0.366337,-0.66472
0.039604,0.366337,-0.662474
0.049505,0.366337,-0.659587
0.0594059,0.366337,-0.656061
0.0693069,0.366337,-0.6519
0.0792079,0.366337,-0.647107
0.0891089,0.366337,-0.641688
0.0990099,0.366337,-0.635648
0.108911,0.366337,-0.628992
0.118812,0.366337,-0.621727
0.128713,0.366337,-0.61386
0.138614,0.366337,-0.605399
0.148515,0.366337,-0.596352
0.158416,0.366337,-0.586727
0.168317,0.366337,-0.576534
0.178218,0.366337,-0.565784
0.188119,0.366337,-0.554485
0.19802,0.366337,-0.54265
0.207921,0.366337,-0.53029
0.217822,0.366337,-0.517416
0.227723,0.366337,-0.504042
0.237624,0.366337,-0.490179
0.247525,0.366337,-0.475842
0.257426,0.366337,-0.461045
0.267327,0.366337,-0.445801
0.277228,0.366337,-0.430126
0.287129,0.366337,-0.414034
0.29703,0.366337,-0.397542
0.306931,0.366337,-0.380665
0.316832,0.366337,-0.36342
0.326733,0.366337,-0.345822
0.336634,0.366337,-0.327891
0.346535,0.366337,-0.309641
0.356436,0.366337,-0.291092
0.366337,0.366337,-0.272262
0.376238,0.366337,-0.253168
0.386139,0.366337,-0.233828
0.39604,0.366337,-0.214263
0.405941,0.366337,-0.19449
0.415842,0.366337,-0.174529
0.425743,0.366337,-0.154399
0.435644,0.366337,-0.13412
0.445545,0.366337,-0.113711
0.455446,0.366337,-0.0931913
0.465347,0.366337,-0.0725818
0.475248,0.366337,-0.0519021
0.485149,0.366337,-0.0311722
0.49505,0.366337,-0.0104121
0.50495,0.366337,0.010358
0.514851,0.366337,0.0311182
0.524752,0.366337,0.0518482
0.534653,0.366337,0.0725281
0.544554,0.366337,0.0931377
0.554455,0.366337,0.113657
0.564356,0.366337,0.134067
0.574257,0.366337,0.154346
0.584158,0.366337,0.174477
0.594059,0.366337,0.194438
0.60396,0.366337,0.214212
0.613861,0.366337,0.233778
0.623762,0.366337,0.253118
0.633663,0.366337,0.272212
0.643564,0.366337,0.291044
0.653465,0.366337,0.309593
0.663366,0.366337,0.327843
0.673267,0.366337,0.345776
0.683168,0.366337,0.363374
0.693069,0.366337,0.380621
0.70297,0.366337,0.397499
0.712871,0.366337,0.413992
0.722772,0.366337,0.430084
0.732673,0.366337,0.445761
0.742574,0.366337,0.461006
0.752475,0.366337,0.475804
0.762376,0.366337,0.490142
0.772277,0.366337,0.504006
0.782178,0.366337,0.517382
0.792079,0.366337,0.530257
0.80198,0.366337,0.542619
0.811881,0.366337,0.554455
0.821782,0.366337,0.565755
0.831683,0.366337,0.576507
0.841584,0.366337,0.586701
0.851485,0.366337,0.596327
0.861386,0.366337,0.605376
0.871287,0.366337,0.613839
0.881188,0.366337,0.621707
0.891089,0.366337,0.628974
0.90099,0.366337,0.635631
0.910891,0.366337,0.641673
0.920792,0.366337,0.647094
0.930693,0.366337,0.651888
0.940594,0.366337,0.656051
0.950495,0.366337,0.659579
0.960396,0.366337,0.662468
0.970297,0.366337,0.664715
0.980198,0.366337,0.666318
0.990099,0.366337,0.667276
1,0.366337,0.667588
0,0.376238,-0.712584
0.00990099,0.376238,-0.712253
0.019802,0.376238,-0.711232
0.029703,0.376238,-0.709522
0.039604,0.376238,-0.707125
0.049505,0.376238,-0.704043
0.0594059,0.376238,-0.700279
0.0693069,0.376238,-0.695837
0.0792079,0.376238,-0.690721
0.0891089,0.376238,-0.684937
0.0990099,0.376238,-0.678489
0.108911,0.376238,-0.671384
0.118812,0.376238,-0.66363
0.128713,0.376238,-0.655232
0.138614,0.376238,-0.646201
0.148515,0.376238,-0.636544
0.158416,0.376238,-0.62627
0.168317,0.376238,-0.615391
0.178218,0.376238,-0.603915
0.188119,0.376238,-0.591855
0.19802,0.376238,-0.579222
0.207921,0.376238,-0.566029
0.217822,0.376238,-0.552287
0.227723,0.376238,-0.538011
0.237624,0.376238,-0.523215
0.247525,0.376238,-0.507911
0.257426,0.376238,-0.492116
0.267327,0.376238,-0.475845
0.277228,0.376238,-0.459114
0.287129,0.376238,-0.441938
0.29703,0.376238,-0.424334
0.306931,0.376238,-0.406319
0.316832,0.376238,-0.387911
0.326733,0.376238,-0.369128
0.336634,0.376238,-0.349988
0.346535,0.376238,-0.330509
0.356436,0.376238,-0.310709
0.366337,0.376238,-0.29061
0.376238,0.376238,-0.270229
0.386139,0.376238,-0.249586
0.39604,0.376238,-0.228702
0.405941,0.376238,-0.207596
0.415842,0.376238,-0.18629
0.425743,0.376238,-0.164803
0.435644,0.376238,-0.143157
0.445545,0.376238,-0.121373
0.455446,0.376238,-0.0994704
0.465347,0.376238,-0.077472
0.475248,0.376238,-0.0553986
0.485149,0.376238,-0.0332716
0.49505,0.376238,-0.0111124
0.50495,0.376238,0.0110576
0.514851,0.376238,0.0332169
0.524752,0.376238,0.055344
0.534653,0.376238,0.0774176
0.544554,0.376238,0.0994162
0.554455,0.376238,0.121319
0.564356,0.376238,0.143104
0.574257,0.376238,0.16475
0.584158,0.376238,0.186237
0.594059,0.376238,0.207544
0.60396,0.376238,0.22865
0.613861,0.376238,0.249535
0.623762,0.376238,0.270178
0.633663,0.376238,0.29056
0.643564,0.376238,0.31066
0.653465,0.376238,0.33046
0.663366,0.376238,0.34994
0.673267,0.376238,0.369081
0.683168,0.376238,0.387865
0.693069,0.376238,0.406274
0.70297,0.376238,0.42429
0.712871,0.376238,0.441895
0.722772,0.376238,0.459072
0.732673,0.376238,0.475805
0.742574,0.376238,0.492077
0.752475,0.376238,0.507873
0.762376,0.376238,0.523177
0.772277,0.376238,0.537975
0.782178,0.376238,0.552253
0.792079,0.376238,0.565996
0.80198,0.376238,0.579191
0.811881,0.376238,0.591825
0.821782,0.376238,0.603886
0.831683,0.376238,0.615363
0.841584,0.376238,0.626244
0.851485,0.376238,0.636519
0.861386,0.376238,0.646178
0.871287,0.376238,0.655211
0.881188,0.376238,0.66361
0.891089,0.376238,0.671366
0.90099,0.376238,0.678472
0.910891,0.376238,0.684922
0.920792,0.376238,0.690708
0.930693,0.376238,0.695825
0.940594,0.376238,0.700269
0.950495,0.376238,0.704034
0.960396,0.376238,0.707118
0.970297,0.376238,0.709517
0.980198,0.376238,0.711229
0.990099,0.376238,0.712251
1,0.376238,0.712584
0,0.386139,-0.754823
0.00990099,0.386139,-0.754472
0.019802,0.386139,-0.75339
0.029703,0.386139,-0.751579
0.039604,0.386139,-0.74904
0.049505,0.386139,-0.745775
0.0594059,0.386139,-0.741788
0.0693069,0.386139,-0.737083
0.0792079,0.386139,-0.731663
0.0891089,0.386139,-0.725536
0.0990099,0.386139,-0.718706
0.108911,0.386139,-0.71118
0.118812,0.386139,-0.702965
0.128713,0.386139,-0.69407
0.138614,0.386139,-0.684503
0.148515,0.386139,-0.674273
0.158416,0.386139,-0.663391
0.168317,0.386139,-0.651866
0.178218,0.386139,-0.639711
0.188119,0.386139,-0.626936
0.19802,0.386139,-0.613554
0.207921,0.386139,-0.599578
0.217822,0.386139,-0.585022
0.227723,0.386139,-0.5699
0.237624,0.386139,-0.554226
0.247525,0.386139,-0.538016
0.257426,0.386139,-0.521285
0.267327,0.386139,-0.504049
0.277228,0.386139,-0.486325
0.287129,0.386139,-0.468131
0.29703,0.386139,-0.449484
0.306931,0.386139,-0.430401
0.316832,0.386139,-0.410903
0.326733,0.386139,-0.391006
0.336634,0.386139,-0.370731
0.346535,0.386139,-0.350097
0.356436,0.386139,-0.329125
0.366337,0.386139,-0.307833
0.376238,0.386139,-0.286244
0.386139,0.386139,-0.264378
0.39604,0.386139,-0.242256
0.405941,0.386139,-0.2199
0.415842,0.386139,-0.197331
0.425743,0.386139,-0.17457
0.435644,0.386139,-0.151641
0.445545,0.386139,-0.128565
0.455446,0.386139,-0.105365
0.465347,0.386139,-0.0820626
0.475248,0.386139,-0.0586809
0.485149,0.386139,-0.0352423
0.49505,0.386139,-0.0117697
0.50495,0.386139,0.0117143
0.514851,0.386139,0.035187
0.524752,0.386139,0.0586256
0.534653,0.386139,0.0820075
0.544554,0.386139,0.10531
0.554455,0.386139,0.128511
0.564356,0.386139,0.151587
0.574257,0.386139,0.174516
0.584158,0.386139,0.197277
0.594059,0.386139,0.219847
0.60396,0.386139,0.242204
0.613861,0.386139,0.264326
0.623762,0.386139,0.286193
0.633663,0.386139,0.307783
0.643564,0.386139,0.329075
0.653465,0.386139,0.350048
0.663366,0.386139,0.370683
0.673267,0.386139,0.390959
0.683168,0.386139,0.410856
0.693069,0.386139,0.430356
0.70297,0.386139,0.449439
0.712871,0.386139,0.468088
0.722772,0.386139,0.486283
0.732673,0.386139,0.504008
0.742574,0.386139,0.521244
0.752475,0.386139,0.537977
0.762376,0.386139,0.554188
0.772277,0.386139,0.569864
0.782178,0.386139,0.584987
0.792079,0.386139,0.599545
0.80198,0.386139,0.613522
0.811881,0.386139,0.626905
0.821782,0.386139,0.639681
0.831683,0.386139,0.651838
0.841584,0.386139,0.663365
0.851485,0.386139,0.674249
0.861386,0.386139,0.68448
0.871287,0.386139,0.694048
0.881188,0.386139,0.702945
0.891089,0.386139,0.711161
0.90099,0.386139,0.718689
0.910891,0.386139,0.725521
0.920792,0.386139,0.73165
0.930693,0.386139,0.737071
0.940594,0.386139,0.741778
0.950495,0.386139,0.745766
0.960396,0.386139,0.749033
0.970297,0.386139,0.751574
0.980198,0.386139,0.753387
0.990099,0.386139,0.75447
1,0.386139,0.754823
0,0.39604,-0.794142
0.00990099,0.39604,-0.793772
0.019802,0.39604,-0.792634
0.029703,0.39604,-0.790728
0.039604,0.39604,-0.788057
0.049505,0.39604,-0.784622
0.0594059,0.39604,-0.780427
0.0693069,0.39604,-0.775476
0.0792079,0.39604,-0.769775
0.0891089,0.39604,-0.763328
0.0990099,0.39604,-0.756142
0.108911,0.39604,-0.748224
0.118812,0.39604,-0.739581
0.128713,0.39604,-0.730223
0.138614,0.39604,-0.720157
0.148515,0.39604,-0.709395
0.158416,0.39604,-0.697945
0.168317,0.39604,-0.68582
0.178218,0.39604,-0.673031
0.188119,0.39604,-0.659591
0.19802,0.39604,-0.645512
0.207921,0.39604,-0.630808
0.217822,0.39604,-0.615494
0.227723,0.39604,-0.599584
0.237624,0.39604,-0.583093
0.247525,0.39604,-0.566039
0.257426,0.39604,-0.548436
0.267327,0.39604,-0.530303
0.277228,0.39604,-0.511656
0.287129,0.39604,-0.492514
0.29703,0.39604,-0.472895
0.306931,0.39604,-0.452819
0.316832,0.39604,-0.432304
0.326733,0.39604,-0.411371
0.336634,0.39604,-0.39004
0.346535,0.39604,-0.368332
0.356436,0.39604,-0.346267
0.366337,0.39604,-0.323866
0.376238,0.39604,-0.301153
0.386139,0.39604,-0.278148
0.39604,0.39604,-0.254873
0.405941,0.39604,-0.231353
0.415842,0.39604,-0.207608
0.425743,0.39604,-0.183662
0.435644,0.39604,-0.159539
0.445545,0.39604,-0.135261
0.455446,0.39604,-0.110852
0.465347,0.39604,-0.0863358
0.475248,0.39604,-0.0617362
0.485149,0.39604,-0.0370768
0.49505,0.39604,-0.0123816
0.50495,0.39604,0.0123256
0.514851,0.39604,0.0370209
0.524752,0.39604,0.0616804
0.534653,0.39604,0.0862801
0.544554,0.39604,0.110796
0.554455,0.39604,0.135205
0.564356,0.39604,0.159484
0.574257,0.39604,0.183607
0.584158,0.39604,0.207554
0.594059,0.39604,0.231299
0.60396,0.39604,0.25482
0.613861,0.39604,0.278095
0.623762,0.39604,0.301101
0.633663,0.39604,0.323815
0.643564,0.39604,0.346216
0.653465,0.39604,0.368282
0.663366,0.39604,0.389991
0.673267,0.39604,0.411323
0.683168,0.39604,0.432257
0.693069,0.39604,0.452773
0.70297,0.39604,0.47285
0.712871,0.39604,0.49247
0.722772,0.39604,0.511613
0.732673,0.39604,0.530261
0.742574,0.39604,0.548395
0.752475,0.39604,0.565999
0.762376,0.39604,0.583055
0.772277,0.39604,0.599547
0.782178,0.39604,0.615459
0.792079,0.39604,0.630774
0.80198,0.39604,0.645479
0.811881,0.39604,0.65956
0.821782,0.39604,0.673002
0.831683,0.39604,0.685792
0.841584,0.39604,0.697919
0.851485,0.39604,0.709369
0.861386,0.39604,0.720134
0.871287,0.39604,0.730201
0.881188,0.39604,0.739561
0.891089,0.39604,0.748205
0.90099,0.39604,0.756125
0.910891,0.39604,0.763312
0.920792,0.39604,0.769761
0.930693,0.39604,0.775464
0.940594,0.39604,0.780416
0.950495,0.39604,0.784613
0.960396,0.39604,0.78805
0.970297,0.39604,0.790723
0.980198,0.39604,0.792631
0.990099,0.39604,0.793771
1,0.39604,0.794142
0,0.405941,-0.830388
0.00990099,0.405941,-0.830002
0.019802,0.405941,-0.828812
0.029703,0.405941,-0.826819
0.039604,0.405941,-0.824025
0.049505,0.405941,-0.820433
0.0594059,0.405941,-0.816047
0.0693069,0.405941,-0.81087
0.0792079,0.405941,-0.804908
0.0891089,0.405941,-0.798167
0.0990099,0.405941,-0.790653
0.108911,0.405941,-0.782373
0.118812,0.405941,-0.773336
0.128713,0.405941,-0.76355
0.138614,0.405941,-0.753025
0.148515,0.405941,-0.741772
0.158416,0.405941,-0.729799
0.168317,0.405941,-0.717121
0.178218,0.405941,-0.703748
0.188119,0.405941,-0.689694
0.19802,0.405941,-0.674973
0.207921,0.405941,-0.659598
0.217822,0.405941,-0.643585
0.227723,0.405941,-0.626948
0.237624,0.405941,-0.609705
0.247525,0.405941,-0.591872
0.257426,0.405941,-0.573466
0.267327,0.405941,-0.554505
0.277228,0.405941,-0.535007
0.287129,0.405941,-0.514991
0.29703,0.405941,-0.494477
0.306931,0.405941,-0.473485
0.316832,0.405941,-0.452034
0.326733,0.405941,-0.430145
0.336634,0.405941,-0.407841
0.346535,0.405941,-0.385141
0.356436,0.405941,-0.362069
0.366337,0.405941,-0.338647
0.376238,0.405941,-0.314896
0.386139,0.405941,-0.290841
0.39604,0.405941,-0.266505
0.405941,0.405941,-0.24191
0.415842,0.405941,-0.217082
0.425743,0.405941,-0.192043
0.435644,0.405941,-0.166819
0.445545,0.405941,-0.141433
0.455446,0.405941,-0.11591
0.465347,0.405941,-0.0902751
0.475248,0.405941,-0.0645528
0.485149,0.405941,-0.038768
0.49505,0.405941,-0.0129457
0.50495,0.405941,0.0128891
0.514851,0.405941,0.0387115
0.524752,0.405941,0.0644964
0.534653,0.405941,0.0902189
0.544554,0.405941,0.115854
0.554455,0.405941,0.141377
0.564356,0.405941,0.166763
0.574257,0.405941,0.191988
0.584158,0.405941,0.217027
0.594059,0.405941,0.241856
0.60396,0.405941,0.266451
0.613861,0.405941,0.290788
0.623762,0.405941,0.314844
0.633663,0.405941,0.338595
0.643564,0.405941,0.362018
0.653465,0.405941,0.385091
0.663366,0.405941,0.407791
0.673267,0.405941,0.430097
0.683168,0.405941,0.451986
0.693069,0.405941,0.473438
0.70297,0.405941,0.494432
0.712871,0.405941,0.514947
0.722772,0.405941,0.534964
0.732673,0.405941,0.554463
0.742574,0.405941,0.573425
0.752475,0.405941,0.591832
0.762376,0.405941,0.609667
0.772277,0.405941,0.626911
0.782178,0.405941,0.643549
0.792079,0.405941,0.659564
0.80198,0.405941,0.67494
0.811881,0.405941,0.689663
0.821782,0.405941,0.703718
0.831683,0.405941,0.717092
0.841584,0.405941,0.729772
0.851485,0.405941,0.741746
0.861386,0.405941,0.753002
0.871287,0.405941,0.763528
0.881188,0.405941,0.773316
0.891089,0.405941,0.782354
0.90099,0.405941,0.790636
0.910891,0.405941,0.798151
0.920792,0.405941,0.804894
0.930693,0.405941,0.810858
0.940594,0.405941,0.816036
0.950495,0.405941,0.820424
0.960396,0.405941,0.824018
0.970297,0.405941,0.826813
0.980198,0.405941,0.828808
0.990099,0.405941,0.83
1,0.405941,0.830388
0,0.415842,-0.863422
0.00990099,0.415842,-0.86302
0.019802,0.415842,-0.861782
0.029703,0.415842,-0.85971
0.039604,0.415842,-0.856805
0.049505,0.415842,-0.85307
0.0594059,0.415842,-0.848509
0.0693069,0.415842,-0.843127
0.0792079,0.415842,-0.836927
0.0891089,0.415842,-0.829918
0.0990099,0.415842,-0.822105
0.108911,0.415842,-0.813496
0.118812,0.415842,-0.804099
0.128713,0.415842,-0.793924
0.138614,0.415842,-0.78298
0.148515,0.415842,-0.771279
0.158416,0.415842,-0.75883
0.168317,0.415842,-0.745647
0.178218,0.415842,-0.731743
0.188119,0.415842,-0.71713
0.19802,0.415842,-0.701822
0.207921,0.415842,-0.685836
0.217822,0.415842,-0.669185
0.227723,0.415842,-0.651887
0.237624,0.415842,-0.633958
0.247525,0.415842,-0.615416
0.257426,0.415842,-0.596277
0.267327,0.415842,-0.576562
0.277228,0.415842,-0.556288
0.287129,0.415842,-0.535476
0.29703,0.415842,-0.514146
0.306931,0.415842,-0.492319
0.316832,0.415842,-0.470014
0.326733,0.415842,-0.447255
0.336634,0.415842,-0.424063
0.346535,0.415842,-0.400461
0.356436,0.415842,-0.376471
0.366337,0.415842,-0.352117
0.376238,0.415842,-0.327422
0.386139,0.415842,-0.30241
0.39604,0.415842,-0.277105
0.405941,0.415842,-0.251532
0.415842,0.415842,-0.225716
0.425743,0.415842,-0.199682
0.435644,0.415842,-0.173454
0.445545,0.415842,-0.147058
0.455446,0.415842,-0.12052
0.465347,0.415842,-0.0938652
0.475248,0.415842,-0.0671197
0.485149,0.415842,-0.0403092
0.49505,0.415842,-0.0134598
0.50495,0.415842,0.0134027
0.514851,0.415842,0.0402523
0.524752,0.415842,0.0670629
0.534653,0.415842,0.0938086
0.544554,0.415842,0.120463
0.554455,0.415842,0.147002
0.564356,0.415842,0.173398
0.574257,0.415842,0.199626
0.584158,0.415842,0.225661
0.594059,0.415842,0.251478
0.60396,0.415842,0.277051
0.613861,0.415842,0.302356
0.623762,0.415842,0.327369
0.633663,0.415842,0.352065
0.643564,0.415842,0.37642
0.653465,0.415842,0.40041
0.663366,0.415842,0.424014
0.673267,0.415842,0.447206
0.683168,0.415842,0.469966
0.693069,0.415842,0.492272
0.70297,0.415842,0.5141
0.712871,0.415842,0.535432
0.722772,0.415842,0.556245
0.732673,0.415842,0.576519
0.742574,0.415842,0.596236
0.752475,0.415842,0.615376
0.762376,0.415842,0.63392
0.772277,0.415842,0.65185
0.782178,0.415842,0.669149
0.792079,0.415842,0.685801
0.80198,0.415842,0.701789
0.811881,0.415842,0.717098
0.821782,0.415842,0.731712
0.831683,0.415842,0.745619
0.841584,0.415842,0.758803
0.851485,0.415842,0.771253
0.861386,0.415842,0.782956
0.871287,0.415842,0.793902
0.881188,0.415842,0.804078
0.891089,0.415842,0.813477
0.90099,0.415842,0.822087
0.910891,0.415842,0.829902
0.920792,0.415842,0.836913
0.930693,0.415842,0.843114
0.940594,0.415842,0.848499
0.950495,0.415842,0.853061
0.960396,0.415842,0.856798
0.970297,0.415842,0.859705
0.980198,0.415842,0.861779
0.990099,0.415842,0.863018
1,0.415842,0.863422
0,0.425743,-0.893115
0.00990099,0.425743,-0.892699
0.019802,0.425743,-0.891419
0.029703,0.425743,-0.889276
0.039604,0.425743,-0.88627
0.049505,0.425743,-0.882407
0.0594059,0.425743,-0.877689
0.0693069,0.425743,-0.872121
0.0792079,0.425743,-0.865709
0.0891089,0.425743,-0.858458
0.0990099,0.425743,-0.850377
0.108911,0.425743,-0.841471
0.118812,0.425743,-0.831752
0.128713,0.425743,-0.821226
0.138614,0.425743,-0.809906
0.148515,0.425743,-0.797802
0.158416,0.425743,-0.784926
0.168317,0.425743,-0.771289
0.178218,0.425743,-0.756906
0.188119,0.425743,-0.741791
0.19802,0.425743,-0.725957
0.207921,0.425743,-0.709421
0.217822,0.425743,-0.692198
0.227723,0.425743,-0.674305
0.237624,0.425743,-0.655759
0.247525,0.425743,-0.636578
0.257426,0.425743,-0.616782
0.267327,0.425743,-0.596388
0.277228,0.425743,-0.575418
0.287129,0.425743,-0.55389
0.29703,0.425743,-0.531826
0.306931,0.425743,-0.509248
0.316832,0.425743,-0.486177
0.326733,0.425743,-0.462635
0.336634,0.425743,-0.438645
0.346535,0.425743,-0.414231
0.356436,0.425743,-0.389417
0.366337,0.425743,-0.364225
0.376238,0.425743,-0.33868
0.386139,0.425743,-0.312808
0.39604,0.425743,-0.286634
0.405941,0.425743,-0.260181
0.415842,0.425743,-0.233477
0.425743,0.425743,-0.206548
0.435644,0.425743,-0.179418
0.445545,0.425743,-0.152114
0.455446,0.425743,-0.124664
0.465347,0.425743,-0.0970923
0.475248,0.425743,-0.0694271
0.485149,0.425743,-0.0416946
0.49505,0.425743,-0.0139219
0.50495,0.425743,0.0138644
0.514851,0.425743,0.0416373
0.524752,0.425743,0.0693698
0.534653,0.425743,0.0970352
0.544554,0.425743,0.124607
0.554455,0.425743,0.152058
0.564356,0.425743,0.179361
0.574257,0.425743,0.206492
0.584158,0.425743,0.233422
0.594059,0.425743,0.260126
0.60396,0.425743,0.286579
0.613861,0.425743,0.312755
0.623762,0.425743,0.338627
0.633663,0.425743,0.364172
0.643564,0.425743,0.389365
0.653465,0.425743,0.414181
0.663366,0.425743,0.438595
0.673267,0.425743,0.462586
0.683168,0.425743,0.486129
0.693069,0.425743,0.509201
0.70297,0.425743,0.53178
0.712871,0.425743,0.553845
0.722772,0.425743,0.575374
0.732673,0.425743,0.596346
0.742574,0.425743,0.61674
0.752475,0.425743,0.636538
0.762376,0.425743,0.65572
0.772277,0.425743,0.674267
0.782178,0.425743,0.692161
0.792079,0.425743,0.709386
0.80198,0.425743,0.725923
0.811881,0.425743,0.741759
0.821782,0.425743,0.756876
0.831683,0.425743,0.77126
0.841584,0.425743,0.784898
0.851485,0.425743,0.797776
0.861386,0.425743,0.809882
0.871287,0.425743,0.821204
0.881188,0.425743,0.831731
0.891089,0.425743,0.841452
0.90099,0.425743,0.850359
0.910891,0.425743,0.858443
0.920792,0.425743,0.865695
0.930693,0.425743,0.872109
0.940594,0.425743,0.877679
0.950495,0.425743,0.882398
0.960396,0.425743,0.886263
0.970297,0.425743,0.88927
0.980198,0.425743,0.891416
0.990099,0.425743,0.892698
1,0.425743,0.893115
0,0.435644,-0.919353
0.00990099,0.435644,-0.918925
0.019802,0.435644,-0.917607
0.029703,0.435644,-0.915401
0.039604,0.435644,-0.912307
0.049505,0.435644,-0.90833
0.0594059,0.435644,-0.903474
0.0693069,0.435644,-0.897742
0.0792079,0.435644,-0.891141
0.0891089,0.435644,-0.883678
0.0990099,0.435644,-0.875358
0.108911,0.435644,-0.866192
0.118812,0.435644,-0.856186
0.128713,0.435644,-0.845352
0.138614,0.435644,-0.833699
0.148515,0.435644,-0.821239
0.158416,0.435644,-0.807984
0.168317,0.435644,-0.793947
0.178218,0.435644,-0.779142
0.188119,0.435644,-0.763582
0.19802,0.435644,-0.747283
0.207921,0.435644,-0.730261
0.217822,0.435644,-0.712532
0.227723,0.435644,-0.694113
0.237624,0.435644,-0.675023
0.247525,0.435644,-0.655279
0.257426,0.435644,-0.634901
0.267327,0.435644,-0.613908
0.277228,0.435644,-0.592321
0.287129,0.435644,-0.570161
0.29703,0.435644,-0.547449
0.306931,0.435644,-0.524208
0.316832,0.435644,-0.500459
0.326733,0.435644,-0.476225
0.336634,0.435644,-0.451531
0.346535,0.435644,-0.4264
0.356436,0.435644,-0.400856
0.366337,0.435644,-0.374924
0.376238,0.435644,-0.348629
0.386139,0.435644,-0.321997
0.39604,0.435644,-0.295053
0.405941,0.435644,-0.267824
0.415842,0.435644,-0.240336
0.425743,0.435644,-0.212615
0.435644,0.435644,-0.184688
0.445545,0.435644,-0.156582
0.455446,0.435644,-0.128325
0.465347,0.435644,-0.0999439
0.475248,0.435644,-0.071466
0.485149,0.435644,-0.0429188
0.49505,0.435644,-0.0143302
0.50495,0.435644,0.0142724
0.514851,0.435644,0.0428611
0.524752,0.435644,0.0714083
0.534653,0.435644,0.0998864
0.544554,0.435644,0.128268
0.554455,0.435644,0.156525
0.564356,0.435644,0.184631
0.574257,0.435644,0.212558
0.584158,0.435644,0.24028
0.594059,0.435644,0.267769
0.60396,0.435644,0.294999
0.613861,0.435644,0.321943
0.623762,0.435644,0.348576
0.633663,0.435644,0.374871
0.643564,0.435644,0.400804
0.653465,0.435644,0.426348
0.663366,0.435644,0.45148
0.673267,0.435644,0.476176
0.683168,0.435644,0.50041
0.693069,0.435644,0.52416
0.70297,0.435644,0.547403
0.712871,0.435644,0.570116
0.722772,0.435644,0.592277
0.732673,0.435644,0.613865
0.742574,0.435644,0.634859
0.752475,0.435644,0.655238
0.762376,0.435644,0.674983
0.772277,0.435644,0.694075
0.782178,0.435644,0.712495
0.792079,0.435644,0.730226
0.80198,0.435644,0.747249
0.811881,0.435644,0.76355
0.821782,0.435644,0.779111
0.831683,0.435644,0.793918
0.841584,0.435644,0.807957
0.851485,0.435644,0.821213
0.861386,0.435644,0.833675
0.871287,0.435644,0.845329
0.881188,0.435644,0.856165
0.891089,0.435644,0.866172
0.90099,0.435644,0.875341
0.910891,0.435644,0.883662
0.920792,0.435644,0.891127
0.930693,0.435644,0.89773
0.940594,0.435644,0.903463
0.950495,0.435644,0.908321
0.960396,0.435644,0.9123
0.970297,0.435644,0.915395
0.980198,0.435644,0.917604
0.990099,0.435644,0.918923
1,0.435644,0.919353
0,0.445545,-0.942034
0.00990099,0.445545,-0.941596
0.019802,0.445545,-0.940245
0.029703,0.445545,-0.937984
0.039604,0.445545,-0.934814
0.049505,0.445545,-0.930739
0.0594059,0.445545,-0.925763
0.0693069,0.445545,-0.91989
0.0792079,0.445545,-0.913126
0.0891089,0.445545,-0.905478
0.0990099,0.445545,-0.896954
0.108911,0.445545,-0.887561
0.118812,0.445545,-0.877308
0.128713,0.445545,-0.866207
0.138614,0.445545,-0.854266
0.148515,0.445545,-0.841499
0.158416,0.445545,-0.827917
0.168317,0.445545,-0.813534
0.178218,0.445545,-0.798363
0.188119,0.445545,-0.782419
0.19802,0.445545,-0.765718
0.207921,0.445545,-0.748276
0.217822,0.445545,-0.73011
0.227723,0.445545,-0.711236
0.237624,0.445545,-0.691675
0.247525,0.445545,-0.671444
0.257426,0.445545,-0.650563
0.267327,0.445545,-0.629053
0.277228,0.445545,-0.606933
0.287129,0.445545,-0.584226
0.29703,0.445545,-0.560954
0.306931,0.445545,-0.537139
0.316832,0.445545,-0.512804
0.326733,0.445545,-0.487973
0.336634,0.445545,-0.462669
0.346535,0.445545,-0.436918
0.356436,0.445545,-0.410744
0.366337,0.445545,-0.384173
0.376238,0.445545,-0.357229
0.386139,0.445545,-0.32994
0.39604,0.445545,-0.302332
0.405941,0.445545,-0.274431
0.415842,0.445545,-0.246264
0.425743,0.445545,-0.217859
0.435644,0.445545,-0.189243
0.445545,0.445545,-0.160444
0.455446,0.445545,-0.13149
0.465347,0.445545,-0.102409
0.475248,0.445545,-0.0732284
0.485149,0.445545,-0.0439771
0.49505,0.445545,-0.0146831
0.50495,0.445545,0.014625
0.514851,0.445545,0.043919
0.524752,0.445545,0.0731705
0.534653,0.445545,0.102351
0.544554,0.445545,0.131433
0.554455,0.445545,0.160387
0.564356,0.445545,0.189186
0.574257,0.445545,0.217803
0.584158,0.445545,0.246208
0.594059,0.445545,0.274375
0.60396,0.445545,0.302277
0.613861,0.445545,0.329886
0.623762,0.445545,0.357175
0.633663,0.445545,0.384119
0.643564,0.445545,0.410692
0.653465,0.445545,0.436867
0.663366,0.445545,0.462619
0.673267,0.445545,0.487923
0.683168,0.445545,0.512755
0.693069,0.445545,0.537091
0.70297,0.445545,0.560908
0.712871,0.445545,0.584181
0.722772,0.445545,0.606889
0.732673,0.445545,0.629009
0.742574,0.445545,0.650521
0.752475,0.445545,0.671403
0.762376,0.445545,0.691635
0.772277,0.445545,0.711198
0.782178,0.445545,0.730073
0.792079,0.445545,0.748241
0.80198,0.445545,0.765684
0.811881,0.445545,0.782387
0.821782,0.445545,0.798332
0.831683,0.445545,0.813504
0.841584,0.445545,0.827889
0.851485,0.445545,0.841473
0.861386,0.445545,0.854242
0.871287,0.445545,0.866184
0.881188,0.445545,0.877287
0.891089,0.445545,0.887541
0.90099,0.445545,0.896936
0.910891,0.445545,0.905462
0.920792,0.445545,0.913112
0.930693,0.445545,0.919877
0.940594,0.445545,0.925752
0.950495,0.445545,0.93073
0.960396,0.445545,0.934807
0.970297,0.445545,0.937979
0.980198,0.445545,0.940242
0.990099,0.445545,0.941594
1,0.445545,0.942034
0,0.455446,-0.961071
0.00990099,0.455446,-0.960624
0.019802,0.455446,-0.959246
0.029703,0.455446,-0.956939
0.039604,0.455446,-0.953705
0.049505,0.455446,-0.949547
0.0594059,0.455446,-0.94447
0.0693069,0.455446,-0.938479
0.0792079,0.455446,-0.931578
0.0891089,0.455446,-0.923776
0.0990099,0.455446,-0.915079
0.108911,0.455446,-0.905496
0.118812,0.455446,-0.895036
0.128713,0.455446,-0.88371
0.138614,0.455446,-0.871529
0.148515,0.455446,-0.858503
0.158416,0.455446,-0.844647
0.168317,0.455446,-0.829973
0.178218,0.455446,-0.814496
0.188119,0.455446,-0.79823
0.19802,0.455446,-0.781191
0.207921,0.455446,-0.763396
0.217822,0.455446,-0.744863
0.227723,0.455446,-0.725608
0.237624,0.455446,-0.705652
0.247525,0.455446,-0.685012
0.257426,0.455446,-0.663709
0.267327,0.455446,-0.641764
0.277228,0.455446,-0.619197
0.287129,0.455446,-0.596032
0.29703,0.455446,-0.572289
0.306931,0.455446,-0.547993
0.316832,0.455446,-0.523166
0.326733,0.455446,-0.497833
0.336634,0.455446,-0.472018
0.346535,0.455446,-0.445747
0.356436,0.455446,-0.419044
0.366337,0.455446,-0.391935
0.376238,0.455446,-0.364447
0.386139,0.455446,-0.336607
0.39604,0.455446,-0.30844
0.405941,0.455446,-0.279976
0.415842,0.455446,-0.25124
0.425743,0.455446,-0.222261
0.435644,0.455446,-0.193067
0.445545,0.455446,-0.163686
0.455446,0.455446,-0.134147
0.465347,0.455446,-0.104478
0.475248,0.455446,-0.0747077
0.485149,0.455446,-0.0448652
0.49505,0.455446,-0.0149794
0.50495,0.455446,0.014921
0.514851,0.455446,0.0448069
0.524752,0.455446,0.0746495
0.534653,0.455446,0.10442
0.544554,0.455446,0.134089
0.554455,0.455446,0.163629
0.564356,0.455446,0.19301
0.574257,0.455446,0.222204
0.584158,0.455446,0.251183
0.594059,0.455446,0.27992
0.60396,0.455446,0.308385
0.613861,0.455446,0.336552
0.623762,0.455446,0.364393
0.633663,0.455446,0.391882
0.643564,0.455446,0.418991
0.653465,0.455446,0.445695
0.663366,0.455446,0.471967
0.673267,0.455446,0.497783
0.683168,0.455446,0.523117
0.693069,0.455446,0.547945
0.70297,0.455446,0.572242
0.712871,0.455446,0.595986
0.722772,0.455446,0.619153
0.732673,0.455446,0.64172
0.742574,0.455446,0.663667
0.752475,0.455446,0.684971
0.762376,0.455446,0.705612
0.772277,0.455446,0.72557
0.782178,0.455446,0.744826
0.792079,0.455446,0.763361
0.80198,0.455446,0.781157
0.811881,0.455446,0.798197
0.821782,0.455446,0.814465
0.831683,0.455446,0.829944
0.841584,0.455446,0.844619
0.851485,0.455446,0.858477
0.861386,0.455446,0.871504
0.871287,0.455446,0.883687
0.881188,0.455446,0.895015
0.891089,0.455446,0.905476
0.90099,0.455446,0.915061
0.910891,0.455446,0.92376
0.920792,0.455446,0.931564
0.930693,0.455446,0.938466
0.940594,0.455446,0.94446
0.950495,0.455446,0.949538
0.960396,0.455446,0.953698
0.970297,0.455446,0.956933
0.980198,0.455446,0.959242
0.990099,0.455446,0.960622
1,0.455446,0.961071
0,0.465347,-0.976389
0.00990099,0.465347,-0.975935
0.019802,0.465347,-0.974535
0.029703,0.465347,-0.972191
0.039604,0.465347,-0.968906
0.049505,0.465347,-0.964682
0.0594059,0.465347,-0.959524
0.0693069,0.465347,-0.953437
0.0792079,0.465347,-0.946426
0.0891089,0.465347,-0.938499
0.0990099,0.465347,-0.929664
0.108911,0.465347,-0.919928
0.118812,0.465347,-0.909302
0.128713,0.465347,-0.897795
0.138614,0.465347,-0.88542
0.148515,0.465347,-0.872187
0.158416,0.465347,-0.858109
0.168317,0.465347,-0.843201
0.178218,0.465347,-0.827477
0.188119,0.465347,-0.810952
0.19802,0.465347,-0.793642
0.207921,0.465347,-0.775564
0.217822,0.465347,-0.756735
0.227723,0.465347,-0.737173
0.237624,0.465347,-0.716898
0.247525,0.465347,-0.695929
0.257426,0.465347,-0.674287
0.267327,0.465347,-0.651992
0.277228,0.465347,-0.629066
0.287129,0.465347,-0.605531
0.29703,0.465347,-0.58141
0.306931,0.465347,-0.556727
0.316832,0.465347,-0.531504
0.326733,0.465347,-0.505767
0.336634,0.465347,-0.479541
0.346535,0.465347,-0.452851
0.356436,0.465347,-0.425722
0.366337,0.465347,-0.398182
0.376238,0.465347,-0.370256
0.386139,0.465347,-0.341971
0.39604,0.465347,-0.313356
0.405941,0.465347,-0.284438
0.415842,0.465347,-0.255244
0.425743,0.465347,-0.225803
0.435644,0.465347,-0.196144
0.445545,0.465347,-0.166295
0.455446,0.465347,-0.136285
0.465347,0.465347,-0.106143
0.475248,0.465347,-0.075898
0.485149,0.465347,-0.0455799
0.49505,0.465347,-0.0152178
0.50495,0.465347,0.0151592
0.514851,0.465347,0.0455214
0.524752,0.465347,0.0758396
0.534653,0.465347,0.106084
0.544554,0.465347,0.136227
0.554455,0.465347,0.166237
0.564356,0.465347,0.196086
0.574257,0.465347,0.225746
0.584158,0.465347,0.255187
0.594059,0.465347,0.284381
0.60396,0.465347,0.313301
0.613861,0.465347,0.341916
0.623762,0.465347,0.370201
0.633663,0.465347,0.398128
0.643564,0.465347,0.425669
0.653465,0.465347,0.452799
0.663366,0.465347,0.47949
0.673267,0.465347,0.505717
0.683168,0.465347,0.531455
0.693069,0.465347,0.556678
0.70297,0.465347,0.581363
0.712871,0.465347,0.605485
0.722772,0.465347,0.629021
0.732673,0.465347,0.651948
0.742574,0.465347,0.674245
0.752475,0.465347,0.695888
0.762376,0.465347,0.716858
0.772277,0.465347,0.737135
0.782178,0.465347,0.756698
0.792079,0.465347,0.775528
0.80198,0.465347,0.793608
0.811881,0.465347,0.810919
0.821782,0.465347,0.827446
0.831683,0.465347,0.843172
0.841584,0.465347,0.858081
0.851485,0.465347,0.87216
0.861386,0.465347,0.885395
0.871287,0.465347,0.897772
0.881188,0.465347,0.909281
0.891089,0.465347,0.919909
0.90099,0.465347,0.929646
0.910891,0.465347,0.938483
0.920792,0.465347,0.946412
0.930693,0.465347,0.953424
0.940594,0.465347,0.959513
0.950495,0.465347,0.964673
0.960396,0.465347,0.968899
0.970297,0.465347,0.972186
0.980198,0.465347,0.974531
0.990099,0.465347,0.975933
1,0.465347,0.976389
0,0.475248,-0.98793
0.00990099,0.475248,-0.987471
0.019802,0.475248,-0.986054
0.029703,0.475248,-0.983683
0.039604,0.475248,-0.980358
0.049505,0.475248,-0.976085
0.0594059,0.475248,-0.970866
0.0693069,0.475248,-0.964706
0.0792079,0.475248,-0.957613
0.0891089,0.475248,-0.949592
0.0990099,0.475248,-0.940652
0.108911,0.475248,-0.930802
0.118812,0.475248,-0.92005
0.128713,0.475248,-0.908407
0.138614,0.475248,-0.895885
0.148515,0.475248,-0.882496
0.158416,0.475248,-0.868252
0.168317,0.475248,-0.853168
0.178218,0.475248,-0.837258
0.188119,0.475248,-0.820537
0.19802,0.475248,-0.803022
0.207921,0.475248,-0.78473
0.217822,0.475248,-0.765679
0.227723,0.475248,-0.745886
0.237624,0.475248,-0.725372
0.247525,0.475248,-0.704155
0.257426,0.475248,-0.682257
0.267327,0.475248,-0.659698
0.277228,0.475248,-0.636501
0.287129,0.475248,-0.612688
0.29703,0.475248,-0.588282
0.306931,0.475248,-0.563307
0.316832,0.475248,-0.537786
0.326733,0.475248,-0.511745
0.336634,0.475248,-0.485209
0.346535,0.475248,-0.458203
0.356436,0.475248,-0.430754
0.366337,0.475248,-0.402888
0.376238,0.475248,-0.374632
0.386139,0.475248,-0.346013
0.39604,0.475248,-0.317059
0.405941,0.475248,-0.287799
0.415842,0.475248,-0.25826
0.425743,0.475248,-0.228472
0.435644,0.475248,-0.198462
0.445545,0.475248,-0.16826
0.455446,0.475248,-0.137895
0.465347,0.475248,-0.107397
0.475248,0.475248,-0.0767948
0.485149,0.475248,-0.0461184
0.49505,0.475248,-0.0153973
0.50495,0.475248,0.0153386
0.514851,0.475248,0.0460597
0.524752,0.475248,0.0767363
0.534653,0.475248,0.107339
0.544554,0.475248,0.137837
0.554455,0.475248,0.168202
0.564356,0.475248,0.198404
0.574257,0.475248,0.228414
0.584158,0.475248,0.258204
0.594059,0.475248,0.287743
0.60396,0.475248,0.317004
0.613861,0.475248,0.345958
0.623762,0.475248,0.374577
0.633663,0.475248,0.402834
0.643564,0.475248,0.430701
0.653465,0.475248,0.458151
0.663366,0.475248,0.485158
0.673267,0.475248,0.511695
0.683168,0.475248,0.537737
0.693069,0.475248,0.563258
0.70297,0.475248,0.588235
0.712871,0.475248,0.612642
0.722772,0.475248,0.636456
0.732673,0.475248,0.659654
0.742574,0.475248,0.682214
0.752475,0.475248,0.704114
0.762376,0.475248,0.725332
0.772277,0.475248,0.745848
0.782178,0.475248,0.765642
0.792079,0.475248,0.784695
0.80198,0.475248,0.802988
0.811881,0.475248,0.820504
0.821782,0.475248,0.837226
0.831683,0.475248,0.853138
0.841584,0.475248,0.868224
0.851485,0.475248,0.882469
0.861386,0.475248,0.89586
0.871287,0.475248,0.908384
0.881188,0.475248,0.920028
0.891089,0.475248,0.930782
0.90099,0.475248,0.940634
0.910891,0.475248,0.949576
0.920792,0.475248,0.957599
0.930693,0.475248,0.964694
0.940594,0.475248,0.970855
0.950495,0.475248,0.976075
0.960396,0.475248,0.980351
0.970297,0.475248,0.983677
0.980198,0.475248,0.98605
0.990099,0.475248,0.987469
1,0.475248,0.98793
0,0.485149,-0.995649
0.00990099,0.485149,-0.995186
0.019802,0.485149,-0.993758
0.029703,0.485149,-0.991368
0.039604,0.485149,-0.988018
0.049505,0.485149,-0.983711
0.0594059,0.485149,-0.978451
0.0693069,0.485149,-0.972244
0.0792079,0.485149,-0.965095
0.0891089,0.485149,-0.957012
0.0990099,0.485149,-0.948002
0.108911,0.485149,-0.938074
0.118812,0.485149,-0.927238
0.128713,0.485149,-0.915504
0.138614,0.485149,-0.902884
0.148515,0.485149,-0.88939
0.158416,0.485149,-0.875035
0.168317,0.485149,-0.859833
0.178218,0.485149,-0.843799
0.188119,0.485149,-0.826948
0.19802,0.485149,-0.809296
0.207921,0.485149,-0.790861
0.217822,0.485149,-0.771661
0.227723,0.485149,-0.751714
0.237624,0.485149,-0.731039
0.247525,0.485149,-0.709656
0.257426,0.485149,-0.687587
0.267327,0.485149,-0.664852
0.277228,0.485149,-0.641474
0.287129,0.485149,-0.617475
0.29703,0.485149,-0.592878
0.306931,0.485149,-0.567708
0.316832,0.485149,-0.541988
0.326733,0.485149,-0.515743
0.336634,0.485149,-0.489
0.346535,0.485149,-0.461783
0.356436,0.485149,-0.434119
0.366337,0.485149,-0.406035
0.376238,0.485149,-0.377558
0.386139,0.485149,-0.348716
0.39604,0.485149,-0.319536
0.405941,0.485149,-0.290048
0.415842,0.485149,-0.260278
0.425743,0.485149,-0.230256
0.435644,0.485149,-0.200012
0.445545,0.485149,-0.169574
0.455446,0.485149,-0.138972
0.465347,0.485149,-0.108236
0.475248,0.485149,-0.0773946
0.485149,0.485149,-0.0464785
0.49505,0.485149,-0.0155175
0.50495,0.485149,0.0154586
0.514851,0.485149,0.0464198
0.524752,0.485149,0.077336
0.534653,0.485149,0.108177
0.544554,0.485149,0.138914
0.554455,0.485149,0.169516
0.564356,0.485149,0.199955
0.574257,0.485149,0.230199
0.584158,0.485149,0.260221
0.594059,0.485149,0.289991
0.60396,0.485149,0.319481
0.613861,0.485149,0.348661
0.623762,0.485149,0.377504
0.633663,0.485149,0.405981
0.643564,0.485149,0.434066
0.653465,0.485149,0.461731
0.663366,0.485149,0.488948
0.673267,0.485149,0.515693
0.683168,0.485149,0.541938
0.693069,0.485149,0.567659
0.70297,0.485149,0.592831
0.712871,0.485149,0.617429
0.722772,0.485149,0.641429
0.732673,0.485149,0.664808
0.742574,0.485149,0.687544
0.752475,0.485149,0.709615
0.762376,0.485149,0.730999
0.772277,0.485149,0.751675
0.782178,0.485149,0.771624
0.792079,0.485149,0.790826
0.80198,0.485149,0.809262
0.811881,0.485149,0.826915
0.821782,0.485149,0.843768
0.831683,0.485149,0.859804
0.841584,0.485149,0.875007
0.851485,0.485149,0.889364
0.861386,0.485149,0.90286
0.871287,0.485149,0.915481
0.881188,0.485149,0.927217
0.891089,0.485149,0.938054
0.90099,0.485149,0.947984
0.910891,0.485149,0.956995
0.920792,0.485149,0.96508
0.930693,0.485149,0.972231
0.940594,0.485149,0.97844
0.950495,0.485149,0.983702
0.960396,0.485149,0.988011
0.970297,0.485149,0.991363
0.980198,0.485149,0.993755
0.990099,0.485149,0.995184
1,0.485149,0.995649
0,0.49505,-0.999516
0.00990099,0.49505,-0.999051
0.019802,0.49505,-0.997618
0.029703,0.49505,-0.995219
0.039604,0.49505,-0.991855
0.049505,0.49505,-0.987531
0.0594059,0.49505,-0.982251
0.0693069,0.49505,-0.97602
0.0792079,0.49505,-0.968843
0.0891089,0.49505,-0.960728
0.0990099,0.49505,-0.951684
0.108911,0.49505,-0.941717
0.118812,0.49505,-0.930839
0.128713,0.49505,-0.91906
0.138614,0.49505,-0.906391
0.148515,0.49505,-0.892845
0.158416,0.49505,-0.878434
0.168317,0.49505,-0.863173
0.178218,0.49505,-0.847076
0.188119,0.49505,-0.830159
0.19802,0.49505,-0.812439
0.207921,0.49505,-0.793933
0.217822,0.49505,-0.774658
0.227723,0.49505,-0.754633
0.237624,0.49505,-0.733878
0.247525,0.49505,-0.712412
0.257426,0.49505,-0.690257
0.267327,0.49505,-0.667434
0.277228,0.49505,-0.643965
0.287129,0.49505,-0.619873
0.29703,0.49505,-0.595181
0.306931,0.49505,-0.569912
0.316832,0.49505,-0.544092
0.326733,0.49505,-0.517746
0.336634,0.49505,-0.490899
0.346535,0.49505,-0.463576
0.356436,0.49505,-0.435805
0.366337,0.49505,-0.407612
0.376238,0.49505,-0.379025
0.386139,0.49505,-0.35007
0.39604,0.49505,-0.320777
0.405941,0.49505,-0.291174
0.415842,0.49505,-0.261289
0.425743,0.49505,-0.231151
0.435644,0.49505,-0.200789
0.445545,0.49505,-0.170233
0.455446,0.49505,-0.139512
0.465347,0.49505,-0.108656
0.475248,0.49505,-0.0776951
0.485149,0.49505,-0.0466589
0.49505,0.49505,-0.0155776
0.50495,0.49505,0.0155188
0.514851,0.49505,0.0466002
0.524752,0.49505,0.0776364
0.534653,0.49505,0.108598
0.544554,0.49505,0.139454
0.554455,0.49505,0.170175
0.564356,0.49505,0.200731
0.574257,0.49505,0.231093
0.584158,0.49505,0.261232
0.594059,0.49505,0.291118
0.60396,0.49505,0.320722
0.613861,0.49505,0.350015
0.623762,0.49505,0.37897
0.633663,0.49505,0.407558
0.643564,0.49505,0.435752
0.653465,0.49505,0.463524
0.663366,0.49505,0.490847
0.673267,0.49505,0.517696
0.683168,0.49505,0.544043
0.693069,0.49505,0.569864
0.70297,0.49505,0.595133
0.712871,0.49505,0.619827
0.722772,0.49505,0.64392
0.732673,0.49505,0.66739
0.742574,0.49505,0.690215
0.752475,0.49505,0.712371
0.762376,0.49505,0.733838
0.772277,0.49505,0.754594
0.782178,0.49505,0.774621
0.792079,0.49505,0.793897
0.80198,0.49505,0.812405
0.811881,0.49505,0.830127
0.821782,0.49505,0.847045
0.831683,0.49505,0.863143
0.841584,0.49505,0.878406
0.851485,0.49505,0.892818
0.861386,0.49505,0.906366
0.871287,0.49505,0.919037
0.881188,0.49505,0.930818
0.891089,0.49505,0.941697
0.90099,0.49505,0.951666
0.910891,0.49505,0.960712
0.920792,0.49505,0.968829
0.930693,0.49505,0.976007
0.940594,0.49505,0.98224
0.950495,0.49505,0.987522
0.960396,0.49505,0.991848
0.970297,0.49505,0.995213
0.980198,0.49505,0.997614
0.990099,0.49505,0.999049
1,0.49505,0.999516
0,0.50495,-0.999516
0.00990099,0.50495,-0.999051
0.019802,0.50495,-0.997618
0.029703,0.50495,-0.995219
0.039604,0.50495,-0.991855
0.049505,0.50495,-0.987531
0.0594059,0.50495,-0.982251
0.0693069,0.50495,-0.97602
0.0792079,0.50495,-0.968843
0.0891089,0.50495,-0.960728
0.0990099,0.50495,-0.951684
0.108911,0.50495,-0.941717
0.118812,0.50495,-0.930839
0.128713,0.50495,-0.91906
0.138614,0.50495,-0.906391
0.148515,0.50495,-0.892845
0.158416,0.50495,-0.878434
0.168317,0.50495,-0.863173
0.178218,0.50495,-0.847076
0.188119,0.50495,-0.830159
0.19802,0.50495,-0.812439
0.207921,0.50495,-0.793933
0.217822,0.50495,-0.774658
0.227723,0.50495,-0.754633
0.237624,0.50495,-0.733878
0.247525,0.50495,-0.712412
0.257426,0.50495,-0.690257
0.267327,0.50495,-0.667434
0.277228,0.50495,-0.643965
0.287129,0.50495,-0.619873
0.29703,0.50495,-0.595181
0.306931,0.50495,-0.569912
0.316832,0.50495,-0.544092
0.326733,0.50495,-0.517746
0.336634,0.50495,-0.490899
0.346535,0.50495,-0.463576
0.356436,0.50495,-0.435805
0.366337,0.50495,-0.407612
0.376238,0.50495,-0.379025
0.386139,0.50495,-0.35007
0.39604,0.50495,-0.320777
0.405941,0.50495,-0.291174
0.415842,0.50495,-0.261289
0.425743,0.50495,-0.231151
0.435644,0.50495,-0.200789
0.445545,0.50495,-0.170233
0.455446,0.50495,-0.139512
0.465347,0.50495,-0.108656
0.475248,0.50495,-0.0776951
0.485149,0.50495,-0.0466589
0.49505,0.50495,-0.0155776
0.50495,0.50495,0.0155188
0.514851,0.50495,0.0466002
0.524752,0.50495,0.0776365
0.534653,0.50495,0.108598
0.544554,0.50495,0.139454
0.554455,0.50495,0.170175
0.564356,0.50495,0.200731
0.574257,0.50495,0.231093
0.584158,0.50495,0.261232
0.594059,0.50495,0.291118
0.60396,0.50495,0.320722
0.613861,0.50495,0.350015
0.623762,0.50495,0.37897
0.633663,0.50495,0.407558
0.643564,0.50495,0.435752
0.653465,0.50495,0.463524
0.663366,0.50495,0.490847
0.673267,0.50495,0.517696
0.683168,0.50495,0.544043
0.693069,0.50495,0.569864
0.70297,0.50495,0.595133
0.712871,0.50495,0.619827
0.722772,0.50495,0.64392
0.732673,0.50495,0.66739
0.742574,0.50495,0.690215
0.752475,0.50495,0.712371
0.762376,0.50495,0.733838
0.772277,0.50495,0.754594
0.782178,0.50495,0.774621
0.792079,0.50495,0.793897
0.80198,0.50495,0.812405
0.811881,0.50495,0.830127
0.821782,0.50495,0.847045
0.831683,0.50495,0.863143
0.841584,0.50495,0.878406
0.851485,0.50495,0.892818
0.861386,0.50495,0.906366
0.871287,0.50495,0.919037
0.881188,0.50495,0.930818
0.891089,0.50495,0.941697
0.90099,0.50495,0.951666
0.910891,0.50495,0.960712
0.920792,0.50495,0.968829
0.930693,0.50495,0.976007
0.940594,0.50495,0.98224
0.950495,0.50495,0.987522
0.960396,0.50495,0.991848
0.970297,0.50495,0.995213
0.980198,0.50495,0.997614
0.990099,0.50495,0.999049
1,0.50495,0.999516
0,0.514851,-0.995649
0.00990099,0.514851,-0.995186
0.019802,0.514851,-0.993758
0.029703,0.514851,-0.991368
0.039604,0.514851,-0.988018
0.049505,0.514851,-0.983711
0.0594059,0.514851,-0.978451
0.0693069,0.514851,-0.972244
0.0792079,0.514851,-0.965095
0.0891089,0.514851,-0.957012
0.0990099,0.514851,-0.948002
0.108911,0.514851,-0.938074
0.118812,0.514851,-0.927238
0.128713,0.514851,-0.915504
0.138614,0.514851,-0.902884
0.148515,0.514851,-0.88939
0.158416,0.514851,-0.875035
0.168317,0.514851,-0.859833
0.178218,0.514851,-0.843799
0.188119,0.514851,-0.826948
0.19802,0.514851,-0.809296
0.207921,0.514851,-0.790861
0.217822,0.514851,-0.771661
0.227723,0.514851,-0.751714
0.237624,0.514851,-0.731039
0.247525,0.514851,-0.709656
0.257426,0.514851,-0.687587
0.267327,0.514851,-0.664852
0.277228,0.514851,-0.641474
0.287129,0.514851,-0.617475
0.29703,0.514851,-0.592878
0.306931,0.514851,-0.567708
0.316832,0.514851,-0.541988
0.326733,0.514851,-0.515743
0.336634,0.514851,-0.489
0.346535,0.514851,-0.461783
0.356436,0.514851,-0.434119
0.366337,0.514851,-0.406035
0.376238,0.514851,-0.377558
0.386139,0.514851,-0.348716
0.39604,0.514851,-0.319536
0.405941,0.514851,-0.290047
0.415842,0.514851,-0.260278
0.425743,0.514851,-0.230256
0.435644,0.514851,-0.200012
0.445545,0.514851,-0.169574
0.455446,0.514851,-0.138972
0.465347,0.514851,-0.108236
0.475248,0.514851,-0.0773946
0.485149,0.514851,-0.0464785
0.49505,0.514851,-0.0155174
0.50495,0.514851,0.0154587
0.514851,0.514851,0.0464198
0.524752,0.514851,0.077336
0.534653,0.514851,0.108177
0.544554,0.514851,0.138914
0.554455,0.514851,0.169516
0.564356,0.514851,0.199955
0.574257,0.514851,0.230199
0.584158,0.514851,0.260221
0.594059,0.514851,0.289991
0.60396,0.514851,0.319481
0.613861,0.514851,0.348661
0.623762,0.514851,0.377504
0.633663,0.514851,0.405981
0.643564,0.514851,0.434066
0.653465,0.514851,0.461731
0.663366,0.514851,0.488948
0.673267,0.514851,0.515693
0.683168,0.514851,0.541938
0.693069,0.514851,0.567659
0.70297,0.514851,0.592831
0.712871,0.514851,0.617429
0.722772,0.514851,0.641429
0.732673,0.514851,0.664808
0.742574,0.514851,0.687544
0.752475,0.514851,0.709615
0.762376,0.514851,0.730999
0.772277,0.514851,0.751675
0.782178,0.514851,0.771624
0.792079,0.514851,0.790826
0.80198,0.514851,0.809262
0.811881,0.514851,0.826915
0.821782,0.514851,0.843768
0.831683,0.514851,0.859804
0.841584,0.514851,0.875007
0.851485,0.514851,0.889364
0.861386,0.514851,0.90286
0.871287,0.514851,0.915481
0.881188,0.514851,0.927217
0.891089,0.514851,0.938054
0.90099,0.514851,0.947984
0.910891,0.514851,0.956995
0.920792,0.514851,0.96508
0.930693,0.514851,0.972231
0.940594,0.514851,0.97844
0.950495,0.514851,0.983702
0.960396,0.514851,0.988011
0.970297,0.514851,0.991363
0.980198,0.514851,0.993755
0.990099,0.514851,0.995184
1,0.514851,0.995649
0,0.524752,-0.98793
0.00990099,0.524752,-0.987471
0.019802,0.524752,-0.986054
0.029703,0.524752,-0.983683
0.039604,0.524752,-0.980358
0.049505,0.524752,-0.976085
0.0594059,0.524752,-0.970865
0.0693069,0.524752,-0.964706
0.0792079,0.524752,-0.957613
0.0891089,0.524752,-0.949592
0.0990099,0.524752,-0.940652
0.108911,0.524752,-0.930802
0.118812,0.524752,-0.92005
0.128713,0.524752,-0.908407
0.138614,0.524752,-0.895885
0.148515,0.524752,-0.882496
0.158416,0.524752,-0.868252
0.168317,0.524752,-0.853168
0.178218,0.524752,-0.837258
0.188119,0.524752,-0.820537
0.19802,0.524752,-0.803022
0.207921,0.524752,-0.78473
0.217822,0.524752,-0.765679
0.227723,0.524752,-0.745886
0.237624,0.524752,-0.725372
0.247525,0.524752,-0.704155
0.257426,0.524752,-0.682257
0.267327,0.524752,-0.659698
0.277228,0.524752,-0.636501
0.287129,0.524752,-0.612688
0.29703,0.524752,-0.588282
0.306931,0.524752,-0.563307
0.316832,0.524752,-0.537786
0.326733,0.524752,-0.511745
0.336634,0.524752,-0.485209
0.346535,0.524752,-0.458203
0.356436,0.524752,-0.430754
0.366337,0.524752,-0.402888
0.376238,0.524752,-0.374631
0.386139,0.524752,-0.346013
0.39604,0.524752,-0.317059
0.405941,0.524752,-0.287799
0.415842,0.524752,-0.25826
0.425743,0.524752,-0.228472
0.435644,0.524752,-0.198462
0.445545,0.524752,-0.16826
0.455446,0.524752,-0.137895
0.465347,0.524752,-0.107397
0.475248,0.524752,-0.0767948
0.485149,0.524752,-0.0461183
0.49505,0.524752,-0.0153973
0.50495,0.524752,0.0153387
0.514851,0.524752,0.0460598
0.524752,0.524752,0.0767364
0.534653,0.524752,0.107339
0.544554,0.524752,0.137837
0.554455,0.524752,0.168202
0.564356,0.524752,0.198404
0.574257,0.524752,0.228415
0.584158,0.524752,0.258204
0.594059,0.524752,0.287743
0.60396,0.524752,0.317004
0.613861,0.524752,0.345958
0.623762,0.524752,0.374577
0.633663,0.524752,0.402834
0.643564,0.524752,0.430701
0.653465,0.524752,0.458151
0.663366,0.524752,0.485158
0.673267,0.524752,0.511695
0.683168,0.524752,0.537737
0.693069,0.524752,0.563258
0.70297,0.524752,0.588235
0.712871,0.524752,0.612642
0.722772,0.524752,0.636456
0.732673,0.524752,0.659654
0.742574,0.524752,0.682214
0.752475,0.524752,0.704114
0.762376,0.524752,0.725332
0.772277,0.524752,0.745848
0.782178,0.524752,0.765642
0.792079,0.524752,0.784695
0.80198,0.524752,0.802988
0.811881,0.524752,0.820504
0.821782,0.524752,0.837226
0.831683,0.524752,0.853138
0.841584,0.524752,0.868224
0.851485,0.524752,0.882469
0.861386,0.524752,0.89586
0.871287,0.524752,0.908384
0.881188,0.524752,0.920028
0.891089,0.524752,0.930782
0.90099,0.524752,0.940634
0.910891,0.524752,0.949576
0.920792,0.524752,0.957599
0.930693,0.524752,0.964694
0.940594,0.524752,0.970855
0.950495,0.524752,0.976075
0.960396,0.524752,0.980351
0.970297,0.524752,0.983677
0.980198,0.524752,0.98605
0.990099,0.524752,0.987469
1,0.524752,0.98793
0,0.534653,-0.976389
0.00990099,0.534653,-0.975935
0.019802,0.534653,-0.974535
0.029703,0.534653,-0.972191
0.039604,0.534653,-0.968906
0.049505,0.534653,-0.964682
0.0594059,0.534653,-0.959524
0.0693069,0.534653,-0.953437
0.0792079,0.534653,-0.946426
0.0891089,0.534653,-0.938499
0.0990099,0.534653,-0.929664
0.108911,0.534653,-0.919928
0.118812,0.534653,-0.909302
0.128713,0.534653,-0.897795
0.138614,0.534653,-0.885419
0.148515,0.534653,-0.872187
0.158416,0.534653,-0.858109
0.168317,0.534653,-0.843201
0.178218,0.534653,-0.827477
0.188119,0.534653,-0.810952
0.19802,0.534653,-0.793642
0.207921,0.534653,-0.775564
0.217822,0.534653,-0.756735
0.227723,0.534653,-0.737173
0.237624,0.534653,-0.716898
0.247525,0.534653,-0.695929
0.257426,0.534653,-0.674287
0.267327,0.534653,-0.651992
0.277228,0.534653,-0.629066
0.287129,0.534653,-0.605531
0.29703,0.534653,-0.58141
0.306931,0.534653,-0.556727
0.316832,0.534653,-0.531504
0.326733,0.534653,-0.505767
0.336634,0.534653,-0.479541
0.346535,0.534653,-0.452851
0.356436,0.534653,-0.425722
0.366337,0.534653,-0.398181
0.376238,0.534653,-0.370255
0.386139,0.534653,-0.341971
0.39604,0.534653,-0.313356
0.405941,0.534653,-0.284437
0.415842,0.534653,-0.255244
0.425743,0.534653,-0.225803
0.435644,0.534653,-0.196144
0.445545,0.534653,-0.166295
0.455446,0.534653,-0.136284
0.465347,0.534653,-0.106143
0.475248,0.534653,-0.0758979
0.485149,0.534653,-0.0455799
0.49505,0.534653,-0.0152177
0.50495,0.534653,0.0151593
0.514851,0.534653,0.0455215
0.524752,0.534653,0.0758397
0.534653,0.534653,0.106085
0.544554,0.534653,0.136227
0.554455,0.534653,0.166237
0.564356,0.534653,0.196086
0.574257,0.534653,0.225746
0.584158,0.534653,0.255187
0.594059,0.534653,0.284382
0.60396,0.534653,0.313301
0.613861,0.534653,0.341916
0.623762,0.534653,0.370201
0.633663,0.534653,0.398128
0.643564,0.534653,0.42567
0.653465,0.534653,0.452799
0.663366,0.534653,0.47949
0.673267,0.534653,0.505717
0.683168,0.534653,0.531455
0.693069,0.534653,0.556679
0.70297,0.534653,0.581363
0.712871,0.534653,0.605485
0.722772,0.534653,0.629021
0.732673,0.534653,0.651948
0.742574,0.534653,0.674245
0.752475,0.534653,0.695888
0.762376,0.534653,0.716859
0.772277,0.534653,0.737135
0.782178,0.534653,0.756698
0.792079,0.534653,0.775528
0.80198,0.534653,0.793608
0.811881,0.534653,0.810919
0.821782,0.534653,0.827446
0.831683,0.534653,0.843172
0.841584,0.534653,0.858081
0.851485,0.534653,0.87216
0.861386,0.534653,0.885395
0.871287,0.534653,0.897772
0.881188,0.534653,0.909281
0.891089,0.534653,0.919909
0.90099,0.534653,0.929646
0.910891,0.534653,0.938483
0.920792,0.534653,0.946412
0.930693,0.534653,0.953424
0.940594,0.534653,0.959513
0.950495,0.534653,0.964673
0.960396,0.534653,0.968899
0.970297,0.534653,0.972186
0.980198,0.534653,0.974531
0.990099,0.534653,0.975933
1,0.534653,0.976389
0,0.544554,-0.961071
0.00990099,0.544554,-0.960624
0.019802,0.544554,-0.959246
0.029703,0.544554,-0.956939
0.039604,0.544554,-0.953705
0.049505,0.544554,-0.949547
0.0594059,0.544554,-0.94447
0.0693069,0.544554,-0.938479
0.0792079,0.544554,-0.931578
0.0891089,0.544554,-0.923776
0.0990099,0.544554,-0.915079
0.108911,0.544554,-0.905496
0.118812,0.544554,-0.895036
0.128713,0.544554,-0.88371
0.138614,0.544554,-0.871529
0.148515,0.544554,-0.858503
0.158416,0.544554,-0.844647
0.168317,0.544554,-0.829973
0.178218,0.544554,-0.814495
0.188119,0.544554,-0.79823
0.19802,0.544554,-0.781191
0.207921,0.544554,-0.763396
0.217822,0.544554,-0.744863
0.227723,0.544554,-0.725608
0.237624,0.544554,-0.705651
0.247525,0.544554,-0.685012
0.257426,0.544554,-0.663709
0.267327,0.544554,-0.641764
0.277228,0.544554,-0.619197
0.287129,0.544554,-0.596032
0.29703,0.544554,-0.572289
0.306931,0.544554,-0.547993
0.316832,0.544554,-0.523166
0.326733,0.544554,-0.497833
0.336634,0.544554,-0.472018
0.346535,0.544554,-0.445747
0.356436,0.544554,-0.419044
0.366337,0.544554,-0.391935
0.376238,0.544554,-0.364447
0.386139,0.544554,-0.336607
0.39604,0.544554,-0.30844
0.405941,0.544554,-0.279975
0.415842,0.544554,-0.25124
0.425743,0.544554,-0.222261
0.435644,0.544554,-0.193067
0.445545,0.544554,-0.163686
0.455446,0.544554,-0.134147
0.465347,0.544554,-0.104478
0.475248,0.544554,-0.0747076
0.485149,0.544554,-0.0448651
0.49505,0.544554,-0.0149792
0.50495,0.544554,0.0149211
0.514851,0.544554,0.044807
0.524752,0.544554,0.0746496
0.534653,0.544554,0.10442
0.544554,0.544554,0.134089
0.554455,0.544554,0.163629
0.564356,0.544554,0.19301
0.574257,0.544554,0.222204
0.584158,0.544554,0.251184
0.594059,0.544554,0.27992
0.60396,0.544554,0.308385
0.613861,0.544554,0.336552
0.623762,0.544554,0.364393
0.633663,0.544554,0.391882
0.643564,0.544554,0.418991
0.653465,0.544554,0.445695
0.663366,0.544554,0.471968
0.673267,0.544554,0.497783
0.683168,0.544554,0.523117
0.693069,0.544554,0.547945
0.70297,0.544554,0.572242
0.712871,0.544554,0.595986
0.722772,0.544554,0.619153
0.732673,0.544554,0.64172
0.742574,0.544554,0.663667
0.752475,0.544554,0.684971
0.762376,0.544554,0.705612
0.772277,0.544554,0.72557
0.782178,0.544554,0.744826
0.792079,0.544554,0.763361
0.80198,0.544554,0.781157
0.811881,0.544554,0.798197
0.821782,0.544554,0.814465
0.831683,0.544554,0.829944
0.841584,0.544554,0.844619
0.851485,0.544554,0.858477
0.861386,0.544554,0.871504
0.871287,0.544554,0.883687
0.881188,0.544554,0.895015
0.891089,0.544554,0.905476
0.90099,0.544554,0.915061
0.910891,0.544554,0.92376
0.920792,0.544554,0.931564
0.930693,0.544554,0.938466
0.940594,0.544554,0.94446
0.950495,0.544554,0.949538
0.960396,0.544554,0.953698
0.970297,0.544554,0.956933
0.980198,0.544554,0.959242
0.990099,0.544554,0.960622
1,0.544554,0.961071
0,0.554455,-0.942034
0.00990099,0.554455,-0.941596
0.019802,0.554455,-0.940245
0.029703,0.554455,-0.937984
0.039604,0.554455,-0.934814
0.049505,0.554455,-0.930739
0.0594059,0.554455,-0.925763
0.0693069,0.554455,-0.91989
0.0792079,0.554455,-0.913126
0.0891089,0.554455,-0.905478
0.0990099,0.554455,-0.896954
0.108911,0.554455,-0.887561
0.118812,0.554455,-0.877308
0.128713,0.554455,-0.866206
0.138614,0.554455,-0.854266
0.148515,0.554455,-0.841499
0.158416,0.554455,-0.827917
0.168317,0.554455,-0.813534
0.178218,0.554455,-0.798363
0.188119,0.554455,-0.782419
0.19802,0.554455,-0.765718
0.207921,0.554455,-0.748276
0.217822,0.554455,-0.73011
0.227723,0.554455,-0.711236
0.237624,0.554455,-0.691675
0.247525,0.554455,-0.671444
0.257426,0.554455,-0.650563
0.267327,0.554455,-0.629052
0.277228,0.554455,-0.606933
0.287129,0.554455,-0.584226
0.29703,0.554455,-0.560954
0.306931,0.554455,-0.537139
0.316832,0.554455,-0.512804
0.326733,0.554455,-0.487973
0.336634,0.554455,-0.462669
0.346535,0.554455,-0.436918
0.356436,0.554455,-0.410744
0.366337,0.554455,-0.384172
0.376238,0.554455,-0.357229
0.386139,0.554455,-0.32994
0.39604,0.554455,-0.302331
0.405941,0.554455,-0.27443
0.415842,0.554455,-0.246264
0.425743,0.554455,-0.217859
0.435644,0.554455,-0.189243
0.445545,0.554455,-0.160444
0.455446,0.554455,-0.13149
0.465347,0.554455,-0.102409
0.475248,0.554455,-0.0732283
0.485149,0.554455,-0.0439769
0.49505,0.554455,-0.014683
0.50495,0.554455,0.0146252
0.514851,0.554455,0.0439191
0.524752,0.554455,0.0731706
0.534653,0.554455,0.102351
0.544554,0.554455,0.131433
0.554455,0.554455,0.160387
0.564356,0.554455,0.189187
0.574257,0.554455,0.217803
0.584158,0.554455,0.246208
0.594059,0.554455,0.274375
0.60396,0.554455,0.302277
0.613861,0.554455,0.329886
0.623762,0.554455,0.357175
0.633663,0.554455,0.38412
0.643564,0.554455,0.410692
0.653465,0.554455,0.436867
0.663366,0.554455,0.462619
0.673267,0.554455,0.487923
0.683168,0.554455,0.512756
0.693069,0.554455,0.537092
0.70297,0.554455,0.560908
0.712871,0.554455,0.584181
0.722772,0.554455,0.606889
0.732673,0.554455,0.629009
0.742574,0.554455,0.650521
0.752475,0.554455,0.671403
0.762376,0.554455,0.691636
0.772277,0.554455,0.711198
0.782178,0.554455,0.730073
0.792079,0.554455,0.748241
0.80198,0.554455,0.765684
0.811881,0.554455,0.782387
0.821782,0.554455,0.798332
0.831683,0.554455,0.813505
0.841584,0.554455,0.827889
0.851485,0.554455,0.841473
0.861386,0.554455,0.854242
0.871287,0.554455,0.866184
0.881188,0.554455,0.877287
0.891089,0.554455,0.887541
0.90099,0.554455,0.896936
0.910891,0.554455,0.905462
0.920792,0.554455,0.913112
0.930693,0.554455,0.919877
0.940594,0.554455,0.925752
0.950495,0.554455,0.93073
0.960396,0.554455,0.934807
0.970297,0.554455,0.937979
0.980198,0.554455,0.940242
0.990099,0.554455,0.941594
1,0.554455,0.942034
0,0.564356,-0.919353
0.00990099,0.564356,-0.918925
0.019802,0.564356,-0.917607
0.029703,0.564356,-0.915401
0.039604,0.564356,-0.912307
0.049505,0.564356,-0.90833
0.0594059,0.564356,-0.903474
0.0693069,0.564356,-0.897742
0.0792079,0.564356,-0.891141
0.0891089,0.564356,-0.883678
0.0990099,0.564356,-0.875358
0.108911,0.564356,-0.866191
0.118812,0.564356,-0.856186
0.128713,0.564356,-0.845352
0.138614,0.564356,-0.833699
0.148515,0.564356,-0.821239
0.158416,0.564356,-0.807984
0.168317,0.564356,-0.793947
0.178218,0.564356,-0.779142
0.188119,0.564356,-0.763582
0.19802,0.564356,-0.747283
0.207921,0.564356,-0.730261
0.217822,0.564356,-0.712532
0.227723,0.564356,-0.694113
0.237624,0.564356,-0.675022
0.247525,0.564356,-0.655279
0.257426,0.564356,-0.6349
0.267327,0.564356,-0.613908
0.277228,0.564356,-0.592321
0.287129,0.564356,-0.570161
0.29703,0.564356,-0.547449
0.306931,0.564356,-0.524207
0.316832,0.564356,-0.500458
0.326733,0.564356,-0.476225
0.336634,0.564356,-0.451531
0.346535,0.564356,-0.426399
0.356436,0.564356,-0.400856
0.366337,0.564356,-0.374924
0.376238,0.564356,-0.348629
0.386139,0.564356,-0.321997
0.39604,0.564356,-0.295053
0.405941,0.564356,-0.267824
0.415842,0.564356,-0.240335
0.425743,0.564356,-0.212614
0.435644,0.564356,-0.184688
0.445545,0.564356,-0.156582
0.455446,0.564356,-0.128325
0.465347,0.564356,-0.0999437
0.475248,0.564356,-0.0714658
0.485149,0.564356,-0.0429186
0.49505,0.564356,-0.01433
0.50495,0.564356,0.0142725
0.514851,0.564356,0.0428613
0.524752,0.564356,0.0714085
0.534653,0.564356,0.0998866
0.544554,0.564356,0.128268
0.554455,0.564356,0.156525
0.564356,0.564356,0.184631
0.574257,0.564356,0.212558
0.584158,0.564356,0.24028
0.594059,0.564356,0.267769
0.60396,0.564356,0.294999
0.613861,0.564356,0.321943
0.623762,0.564356,0.348576
0.633663,0.564356,0.374871
0.643564,0.564356,0.400804
0.653465,0.564356,0.426349
0.663366,0.564356,0.451481
0.673267,0.564356,0.476176
0.683168,0.564356,0.50041
0.693069,0.564356,0.52416
0.70297,0.564356,0.547403
0.712871,0.564356,0.570116
0.722772,0.564356,0.592277
0.732673,0.564356,0.613865
0.742574,0.564356,0.634859
0.752475,0.564356,0.655238
0.762376,0.564356,0.674983
0.772277,0.564356,0.694075
0.782178,0.564356,0.712495
0.792079,0.564356,0.730226
0.80198,0.564356,0.747249
0.811881,0.564356,0.76355
0.821782,0.564356,0.779111
0.831683,0.564356,0.793918
0.841584,0.564356,0.807957
0.851485,0.564356,0.821213
0.861386,0.564356,0.833675
0.871287,0.564356,0.845329
0.881188,0.564356,0.856165
0.891089,0.564356,0.866172
0.90099,0.564356,0.875341
0.910891,0.564356,0.883662
0.920792,0.564356,0.891127
0.930693,0.564356,0.89773
0.940594,0.564356,0.903463
0.950495,0.564356,0.908321
0.960396,0.564356,0.9123
0.970297,0.564356,0.915395
0.980198,0.564356,0.917604
0.990099,0.564356,0.918923
1,0.564356,0.919353
0,0.574257,-0.893115
0.00990099,0.574257,-0.892699
0.019802,0.574257,-0.891419
0.029703,0.574257,-0.889275
0.039604,0.574257,-0.88627
0.049505,0.574257,-0.882407
0.0594059,0.574257,-0.877689
0.0693069,0.574257,-0.872121
0.0792079,0.574257,-0.865709
0.0891089,0.574257,-0.858458
0.0990099,0.574257,-0.850376
0.108911,0.574257,-0.841471
0.118812,0.574257,-0.831751
0.128713,0.574257,-0.821226
0.138614,0.574257,-0.809906
0.148515,0.574257,-0.797802
0.158416,0.574257,-0.784925
0.168317,0.574257,-0.771289
0.178218,0.574257,-0.756906
0.188119,0.574257,-0.741791
0.19802,0.574257,-0.725957
0.207921,0.574257,-0.70942
0.217822,0.574257,-0.692197
0.227723,0.574257,-0.674304
0.237624,0.574257,-0.655759
0.247525,0.574257,-0.636578
0.257426,0.574257,-0.616782
0.267327,0.574257,-0.596388
0.277228,0.574257,-0.575418
0.287129,0.574257,-0.55389
0.29703,0.574257,-0.531826
0.306931,0.574257,-0.509248
0.316832,0.574257,-0.486177
0.326733,0.574257,-0.462635
0.336634,0.574257,-0.438645
0.346535,0.574257,-0.414231
0.356436,0.574257,-0.389416
0.366337,0.574257,-0.364225
0.376238,0.574257,-0.33868
0.386139,0.574257,-0.312808
0.39604,0.574257,-0.286633
0.405941,0.574257,-0.260181
0.415842,0.574257,-0.233477
0.425743,0.574257,-0.206547
0.435644,0.574257,-0.179418
0.445545,0.574257,-0.152114
0.455446,0.574257,-0.124663
0.465347,0.574257,-0.0970921
0.475248,0.574257,-0.0694269
0.485149,0.574257,-0.0416944
0.49505,0.574257,-0.0139216
0.50495,0.574257,0.0138646
0.514851,0.574257,0.0416375
0.524752,0.574257,0.06937
0.534653,0.574257,0.0970354
0.544554,0.574257,0.124607
0.554455,0.574257,0.152058
0.564356,0.574257,0.179362
0.574257,0.574257,0.206492
0.584158,0.574257,0.233422
0.594059,0.574257,0.260127
0.60396,0.574257,0.286579
0.613861,0.574257,0.312755
0.623762,0.574257,0.338627
0.633663,0.574257,0.364172
0.643564,0.574257,0.389365
0.653465,0.574257,0.414181
0.663366,0.574257,0.438596
0.673267,0.574257,0.462586
0.683168,0.574257,0.486129
0.693069,0.574257,0.509201
0.70297,0.574257,0.53178
0.712871,0.574257,0.553845
0.722772,0.574257,0.575374
0.732673,0.574257,0.596346
0.742574,0.574257,0.616741
0.752475,0.574257,0.636538
0.762376,0.574257,0.65572
0.772277,0.574257,0.674267
0.782178,0.574257,0.692161
0.792079,0.574257,0.709386
0.80198,0.574257,0.725924
0.811881,0.574257,0.741759
0.821782,0.574257,0.756876
0.831683,0.574257,0.77126
0.841584,0.574257,0.784898
0.851485,0.574257,0.797776
0.861386,0.574257,0.809882
0.871287,0.574257,0.821204
0.881188,0.574257,0.831731
0.891089,0.574257,0.841452
0.90099,0.574257,0.850359
0.910891,0.574257,0.858443
0.920792,0.574257,0.865695
0.930693,0.574257,0.872109
0.940594,0.574257,0.877679
0.950495,0.574257,0.882398
0.960396,0.574257,0.886263
0.970297,0.574257,0.88927
0.980198,0.574257,0.891416
0.990099,0.574257,0.892698
1,0.574257,0.893115
0,0.584158,-0.863422
0.00990099,0.584158,-0.86302
0.019802,0.584158,-0.861782
0.029703,0.584158,-0.85971
0.039604,0.584158,-0.856805
0.049505,0.584158,-0.85307
0.0594059,0.584158,-0.848509
0.0693069,0.584158,-0.843127
0.0792079,0.584158,-0.836927
0.0891089,0.584158,-0.829918
0.0990099,0.584158,-0.822105
0.108911,0.584158,-0.813496
0.118812,0.584158,-0.804099
0.128713,0.584158,-0.793924
0.138614,0.584158,-0.78298
0.148515,0.584158,-0.771279
0.158416,0.584158,-0.75883
0.168317,0.584158,-0.745647
0.178218,0.584158,-0.731743
0.188119,0.584158,-0.717129
0.19802,0.584158,-0.701822
0.207921,0.584158,-0.685836
0.217822,0.584158,-0.669185
0.227723,0.584158,-0.651887
0.237624,0.584158,-0.633958
0.247525,0.584158,-0.615415
0.257426,0.584158,-0.596277
0.267327,0.584158,-0.576562
0.277228,0.584158,-0.556288
0.287129,0.584158,-0.535476
0.29703,0.584158,-0.514146
0.306931,0.584158,-0.492318
0.316832,0.584158,-0.470014
0.326733,0.584158,-0.447255
0.336634,0.584158,-0.424063
0.346535,0.584158,-0.400461
0.356436,0.584158,-0.376471
0.366337,0.584158,-0.352116
0.376238,0.584158,-0.327421
0.386139,0.584158,-0.30241
0.39604,0.584158,-0.277105
0.405941,0.584158,-0.251532
0.415842,0.584158,-0.225716
0.425743,0.584158,-0.199681
0.435644,0.584158,-0.173453
0.445545,0.584158,-0.147058
0.455446,0.584158,-0.12052
0.465347,0.584158,-0.093865
0.475248,0.584158,-0.0671195
0.485149,0.584158,-0.040309
0.49505,0.584158,-0.0134595
0.50495,0.584158,0.013403
0.514851,0.584158,0.0402525
0.524752,0.584158,0.0670631
0.534653,0.584158,0.0938088
0.544554,0.584158,0.120464
0.554455,0.584158,0.147002
0.564356,0.584158,0.173398
0.574257,0.584158,0.199626
0.584158,0.584158,0.225661
0.594059,0.584158,0.251478
0.60396,0.584158,0.277051
0.613861,0.584158,0.302357
0.623762,0.584158,0.327369
0.633663,0.584158,0.352065
0.643564,0.584158,0.37642
0.653465,0.584158,0.400411
0.663366,0.584158,0.424014
0.673267,0.584158,0.447207
0.683168,0.584158,0.469967
0.693069,0.584158,0.492272
0.70297,0.584158,0.514101
0.712871,0.584158,0.535432
0.722772,0.584158,0.556245
0.732673,0.584158,0.57652
0.742574,0.584158,0.596236
0.752475,0.584158,0.615376
0.762376,0.584158,0.63392
0.772277,0.584158,0.65185
0.782178,0.584158,0.66915
0.792079,0.584158,0.685801
0.80198,0.584158,0.701789
0.811881,0.584158,0.717098
0.821782,0.584158,0.731713
0.831683,0.584158,0.745619
0.841584,0.584158,0.758803
0.851485,0.584158,0.771253
0.861386,0.584158,0.782956
0.871287,0.584158,0.793902
0.881188,0.584158,0.804079
0.891089,0.584158,0.813477
0.90099,0.584158,0.822088
0.910891,0.584158,0.829902
0.920792,0.584158,0.836913
0.930693,0.584158,0.843114
0.940594,0.584158,0.848499
0.950495,0.584158,0.853061
0.960396,0.584158,0.856798
0.970297,0.584158,0.859705
0.980198,0.584158,0.861779
0.990099,0.584158,0.863018
1,0.584158,0.863422
0,0.594059,-0.830388
0.00990099,0.594059,-0.830002
0.019802,0.594059,-0.828812
0.029703,0.594059,-0.826819
0.039604,0.594059,-0.824025
0.049505,0.594059,-0.820433
0.0594059,0.594059,-0.816047
0.0693069,0.594059,-0.81087
0.0792079,0.594059,-0.804908
0.0891089,0.594059,-0.798167
0.0990099,0.594059,-0.790653
0.108911,0.594059,-0.782373
0.118812,0.594059,-0.773336
0.128713,0.594059,-0.76355
0.138614,0.594059,-0.753025
0.148515,0.594059,-0.741771
0.158416,0.594059,-0.729799
0.168317,0.594059,-0.717121
0.178218,0.594059,-0.703748
0.188119,0.594059,-0.689694
0.19802,0.594059,-0.674973
0.207921,0.594059,-0.659598
0.217822,0.594059,-0.643584
0.227723,0.594059,-0.626948
0.237624,0.594059,-0.609705
0.247525,0.594059,-0.591872
0.257426,0.594059,-0.573466
0.267327,0.594059,-0.554505
0.277228,0.594059,-0.535007
0.287129,0.594059,-0.514991
0.29703,0.594059,-0.494477
0.306931,0.594059,-0.473484
0.316832,0.594059,-0.452033
0.326733,0.594059,-0.430145
0.336634,0.594059,-0.40784
0.346535,0.594059,-0.385141
0.356436,0.594059,-0.362069
0.366337,0.594059,-0.338646
0.376238,0.594059,-0.314896
0.386139,0.594059,-0.290841
0.39604,0.594059,-0.266505
0.405941,0.594059,-0.24191
0.415842,0.594059,-0.217082
0.425743,0.594059,-0.192043
0.435644,0.594059,-0.166818
0.445545,0.594059,-0.141433
0.455446,0.594059,-0.11591
0.465347,0.594059,-0.0902748
0.475248,0.594059,-0.0645525
0.485149,0.594059,-0.0387677
0.49505,0.594059,-0.0129454
0.50495,0.594059,0.0128894
0.514851,0.594059,0.0387118
0.524752,0.594059,0.0644967
0.534653,0.594059,0.0902191
0.544554,0.594059,0.115854
0.554455,0.594059,0.141377
0.564356,0.594059,0.166764
0.574257,0.594059,0.191988
0.584158,0.594059,0.217027
0.594059,0.594059,0.241856
0.60396,0.594059,0.266451
0.613861,0.594059,0.290789
0.623762,0.594059,0.314844
0.633663,0.594059,0.338595
0.643564,0.594059,0.362018
0.653465,0.594059,0.385091
0.663366,0.594059,0.407792
0.673267,0.594059,0.430097
0.683168,0.594059,0.451986
0.693069,0.594059,0.473438
0.70297,0.594059,0.494432
0.712871,0.594059,0.514947
0.722772,0.594059,0.534964
0.732673,0.594059,0.554463
0.742574,0.594059,0.573425
0.752475,0.594059,0.591832
0.762376,0.594059,0.609667
0.772277,0.594059,0.626911
0.782178,0.594059,0.643549
0.792079,0.594059,0.659564
0.80198,0.594059,0.67494
0.811881,0.594059,0.689663
0.821782,0.594059,0.703718
0.831683,0.594059,0.717093
0.841584,0.594059,0.729773
0.851485,0.594059,0.741746
0.861386,0.594059,0.753002
0.871287,0.594059,0.763528
0.881188,0.594059,0.773316
0.891089,0.594059,0.782354
0.90099,0.594059,0.790636
0.910891,0.594059,0.798151
0.920792,0.594059,0.804894
0.930693,0.594059,0.810858
0.940594,0.594059,0.816036
0.950495,0.594059,0.820424
0.960396,0.594059,0.824018
0.970297,0.594059,0.826813
0.980198,0.594059,0.828808
0.990099,0.594059,0.83
1,0.594059,0.830388
0,0.60396,-0.794142
0.00990099,0.60396,-0.793772
0.019802,0.60396,-0.792634
0.029703,0.60396,-0.790728
0.039604,0.60396,-0.788057
0.049505,0.60396,-0.784622
0.0594059,0.60396,-0.780427
0.0693069,0.60396,-0.775476
0.0792079,0.60396,-0.769775
0.0891089,0.60396,-0.763328
0.0990099,0.60396,-0.756142
0.108911,0.60396,-0.748224
0.118812,0.60396,-0.739581
0.128713,0.60396,-0.730223
0.138614,0.60396,-0.720157
0.148515,0.60396,-0.709395
0.158416,0.60396,-0.697945
0.168317,0.60396,-0.68582
0.178218,0.60396,-0.673031
0.188119,0.60396,-0.659591
0.19802,0.60396,-0.645512
0.207921,0.60396,-0.630808
0.217822,0.60396,-0.615494
0.227723,0.60396,-0.599584
0.237624,0.60396,-0.583093
0.247525,0.60396,-0.566038
0.257426,0.60396,-0.548436
0.267327,0.60396,-0.530302
0.277228,0.60396,-0.511656
0.287129,0.60396,-0.492514
0.29703,0.60396,-0.472895
0.306931,0.60396,-0.452819
0.316832,0.60396,-0.432304
0.326733,0.60396,-0.411371
0.336634,0.60396,-0.39004
0.346535,0.60396,-0.368331
0.356436,0.60396,-0.346266
0.366337,0.60396,-0.323866
0.376238,0.60396,-0.301153
0.386139,0.60396,-0.278147
0.39604,0.60396,-0.254873
0.405941,0.60396,-0.231352
0.415842,0.60396,-0.207607
0.425743,0.60396,-0.183662
0.435644,0.60396,-0.159538
0.445545,0.60396,-0.13526
0.455446,0.60396,-0.110852
0.465347,0.60396,-0.0863355
0.475248,0.60396,-0.0617359
0.485149,0.60396,-0.0370766
0.49505,0.60396,-0.0123813
0.50495,0.60396,0.0123259
0.514851,0.60396,0.0370212
0.524752,0.60396,0.0616806
0.534653,0.60396,0.0862804
0.544554,0.60396,0.110797
0.554455,0.60396,0.135206
0.564356,0.60396,0.159484
0.574257,0.60396,0.183608
0.584158,0.60396,0.207554
0.594059,0.60396,0.231299
0.60396,0.60396,0.254821
0.613861,0.60396,0.278096
0.623762,0.60396,0.301101
0.633663,0.60396,0.323816
0.643564,0.60396,0.346216
0.653465,0.60396,0.368282
0.663366,0.60396,0.389992
0.673267,0.60396,0.411324
0.683168,0.60396,0.432258
0.693069,0.60396,0.452773
0.70297,0.60396,0.47285
0.712871,0.60396,0.49247
0.722772,0.60396,0.511613
0.732673,0.60396,0.530261
0.742574,0.60396,0.548396
0.752475,0.60396,0.566
0.762376,0.60396,0.583056
0.772277,0.60396,0.599547
0.782178,0.60396,0.615459
0.792079,0.60396,0.630774
0.80198,0.60396,0.64548
0.811881,0.60396,0.65956
0.821782,0.60396,0.673002
0.831683,0.60396,0.685792
0.841584,0.60396,0.697919
0.851485,0.60396,0.70937
0.861386,0.60396,0.720134
0.871287,0.60396,0.730201
0.881188,0.60396,0.739561
0.891089,0.60396,0.748205
0.90099,0.60396,0.756125
0.910891,0.60396,0.763313
0.920792,0.60396,0.769761
0.930693,0.60396,0.775464
0.940594,0.60396,0.780417
0.950495,0.60396,0.784613
0.960396,0.60396,0.78805
0.970297,0.60396,0.790723
0.980198,0.60396,0.792631
0.990099,0.60396,0.793771
1,0.60396,0.794142
0,0.613861,-0.754823
0.00990099,0.613861,-0.754472
0.019802,0.613861,-0.75339
0.029703,0.613861,-0.751579
0.039604,0.613861,-0.74904
0.049505,0.613861,-0.745775
0.0594059,0.613861,-0.741788
0.0693069,0.613861,-0.737082
0.0792079,0.613861,-0.731663
0.0891089,0.613861,-0.725536
0.0990099,0.613861,-0.718706
0.108911,0.613861,-0.71118
0.118812,0.613861,-0.702965
0.128713,0.613861,-0.69407
0.138614,0.613861,-0.684503
0.148515,0.613861,-0.674273
0.158416,0.613861,-0.663391
0.168317,0.613861,-0.651866
0.178218,0.613861,-0.639711
0.188119,0.613861,-0.626936
0.19802,0.613861,-0.613554
0.207921,0.613861,-0.599578
0.217822,0.613861,-0.585022
0.227723,0.613861,-0.5699
0.237624,0.613861,-0.554226
0.247525,0.613861,-0.538015
0.257426,0.613861,-0.521284
0.267327,0.613861,-0.504049
0.277228,0.613861,-0.486325
0.287129,0.613861,-0.468131
0.29703,0.613861,-0.449484
0.306931,0.613861,-0.430401
0.316832,0.613861,-0.410902
0.326733,0.613861,-0.391006
0.336634,0.613861,-0.370731
0.346535,0.613861,-0.350097
0.356436,0.613861,-0.329124
0.366337,0.613861,-0.307833
0.376238,0.613861,-0.286244
0.386139,0.613861,-0.264378
0.39604,0.613861,-0.242256
0.405941,0.613861,-0.2199
0.415842,0.613861,-0.19733
0.425743,0.613861,-0.17457
0.435644,0.613861,-0.151641
0.445545,0.613861,-0.128565
0.455446,0.613861,-0.105365
0.465347,0.613861,-0.0820623
0.475248,0.613861,-0.0586806
0.485149,0.613861,-0.035242
0.49505,0.613861,-0.0117694
0.50495,0.613861,0.0117146
0.514851,0.613861,0.0351873
0.524752,0.613861,0.0586259
0.534653,0.613861,0.0820078
0.544554,0.613861,0.10531
0.554455,0.613861,0.128511
0.564356,0.613861,0.151587
0.574257,0.613861,0.174517
0.584158,0.613861,0.197277
0.594059,0.613861,0.219847
0.60396,0.613861,0.242204
0.613861,0.613861,0.264327
0.623762,0.613861,0.286193
0.633663,0.613861,0.307783
0.643564,0.613861,0.329075
0.653465,0.613861,0.350048
0.663366,0.613861,0.370683
0.673267,0.613861,0.390959
0.683168,0.613861,0.410856
0.693069,0.613861,0.430356
0.70297,0.613861,0.44944
0.712871,0.613861,0.468088
0.722772,0.613861,0.486283
0.732673,0.613861,0.504008
0.742574,0.613861,0.521245
0.752475,0.613861,0.537977
0.762376,0.613861,0.554189
0.772277,0.613861,0.569864
0.782178,0.613861,0.584987
0.792079,0.613861,0.599545
0.80198,0.613861,0.613522
0.811881,0.613861,0.626905
0.821782,0.613861,0.639681
0.831683,0.613861,0.651839
0.841584,0.613861,0.663365
0.851485,0.613861,0.674249
0.861386,0.613861,0.68448
0.871287,0.613861,0.694049
0.881188,0.613861,0.702945
0.891089,0.613861,0.711161
0.90099,0.613861,0.718689
0.910891,0.613861,0.725521
0.920792,0.613861,0.73165
0.930693,0.613861,0.737071
0.940594,0.613861,0.741778
0.950495,0.613861,0.745766
0.960396,0.613861,0.749033
0.970297,0.613861,0.751574
0.980198,0.613861,0.753387
0.990099,0.613861,0.75447
1,0.613861,0.754823
0,0.623762,-0.712584
0.00990099,0.623762,-0.712253
0.019802,0.623762,-0.711232
0.029703,0.623762,-0.709522
0.039604,0.623762,-0.707125
0.049505,0.623762,-0.704043
0.0594059,0.623762,-0.700279
0.0693069,0.623762,-0.695837
0.0792079,0.623762,-0.690721
0.0891089,0.623762,-0.684937
0.0990099,0.623762,-0.678489
0.108911,0.623762,-0.671384
0.118812,0.623762,-0.66363
0.128713,0.623762,-0.655232
0.138614,0.623762,-0.646201
0.148515,0.623762,-0.636544
0.158416,0.623762,-0.62627
0.168317,0.623762,-0.615391
0.178218,0.623762,-0.603915
0.188119,0.623762,-0.591855
0.19802,0.623762,-0.579222
0.207921,0.623762,-0.566029
0.217822,0.623762,-0.552287
0.227723,0.623762,-0.538011
0.237624,0.623762,-0.523214
0.247525,0.623762,-0.507911
0.257426,0.623762,-0.492116
0.267327,0.623762,-0.475845
0.277228,0.623762,-0.459113
0.287129,0.623762,-0.441937
0.29703,0.623762,-0.424333
0.306931,0.623762,-0.406319
0.316832,0.623762,-0.387911
0.326733,0.623762,-0.369128
0.336634,0.623762,-0.349987
0.346535,0.623762,-0.330508
0.356436,0.623762,-0.310709
0.366337,0.623762,-0.290609
0.376238,0.623762,-0.270228
0.386139,0.623762,-0.249586
0.39604,0.623762,-0.228702
0.405941,0.623762,-0.207596
0.415842,0.623762,-0.18629
0.425743,0.623762,-0.164803
0.435644,0.623762,-0.143157
0.445545,0.623762,-0.121372
0.455446,0.623762,-0.0994701
0.465347,0.623762,-0.0774717
0.475248,0.623762,-0.0553983
0.485149,0.623762,-0.0332713
0.49505,0.623762,-0.011112
0.50495,0.623762,0.0110579
0.514851,0.623762,0.0332172
0.524752,0.623762,0.0553443
0.534653,0.623762,0.0774179
0.544554,0.623762,0.0994165
0.554455,0.623762,0.121319
0.564356,0.623762,0.143104
0.574257,0.623762,0.16475
0.584158,0.623762,0.186238
0.594059,0.623762,0.207544
0.60396,0.623762,0.22865
0.613861,0.623762,0.249535
0.623762,0.623762,0.270178
0.633663,0.623762,0.29056
0.643564,0.623762,0.31066
0.653465,0.623762,0.33046
0.663366,0.623762,0.34994
0.673267,0.623762,0.369082
0.683168,0.623762,0.387866
0.693069,0.623762,0.406274
0.70297,0.623762,0.42429
0.712871,0.623762,0.441895
0.722772,0.623762,0.459072
0.732673,0.623762,0.475805
0.742574,0.623762,0.492077
0.752475,0.623762,0.507873
0.762376,0.623762,0.523178
0.772277,0.623762,0.537976
0.782178,0.623762,0.552253
0.792079,0.623762,0.565996
0.80198,0.623762,0.579191
0.811881,0.623762,0.591825
0.821782,0.623762,0.603886
0.831683,0.623762,0.615363
0.841584,0.623762,0.626244
0.851485,0.623762,0.636519
0.861386,0.623762,0.646178
0.871287,0.623762,0.655211
0.881188,0.623762,0.66361
0.891089,0.623762,0.671366
0.90099,0.623762,0.678472
0.910891,0.623762,0.684922
0.920792,0.623762,0.690708
0.930693,0.623762,0.695825
0.940594,0.623762,0.700269
0.950495,0.623762,0.704035
0.960396,0.623762,0.707118
0.970297,0.623762,0.709517
0.980198,0.623762,0.711229
0.990099,0.623762,0.712251
1,0.623762,0.712584
0,0.633663,-0.667588
0.00990099,0.633663,-0.667278
0.019802,0.633663,-0.666322
0.029703,0.633663,-0.66472
0.039604,0.633663,-0.662474
0.049505,0.633663,-0.659587
0.0594059,0.633663,-0.656061
0.0693069,0.633663,-0.6519
0.0792079,0.633663,-0.647107
0.0891089,0.633663,-0.641688
0.0990099,0.633663,-0.635648
0.108911,0.633663,-0.628992
0.118812,0.633663,-0.621727
0.128713,0.633663,-0.61386
0.138614,0.633663,-0.605399
0.148515,0.633663,-0.596351
0.158416,0.633663,-0.586727
0.168317,0.633663,-0.576534
0.178218,0.633663,-0.565783
0.188119,0.633663,-0.554485
0.19802,0.633663,-0.54265
0.207921,0.633663,-0.53029
0.217822,0.633663,-0.517416
0.227723,0.633663,-0.504041
0.237624,0.633663,-0.490179
0.247525,0.633663,-0.475842
0.257426,0.633663,-0.461044
0.267327,0.633663,-0.445801
0.277228,0.633663,-0.430126
0.287129,0.633663,-0.414034
0.29703,0.633663,-0.397542
0.306931,0.633663,-0.380665
0.316832,0.633663,-0.363419
0.326733,0.633663,-0.345822
0.336634,0.633663,-0.32789
0.346535,0.633663,-0.309641
0.356436,0.633663,-0.291092
0.366337,0.633663,-0.272261
0.376238,0.633663,-0.253167
0.386139,0.633663,-0.233828
0.39604,0.633663,-0.214263
0.405941,0.633663,-0.19449
0.415842,0.633663,-0.174529
0.425743,0.633663,-0.154399
0.435644,0.633663,-0.134119
0.445545,0.633663,-0.11371
0.455446,0.633663,-0.0931909
0.465347,0.633663,-0.0725815
0.475248,0.633663,-0.0519018
0.485149,0.633663,-0.0311719
0.49505,0.633663,-0.0104118
0.50495,0.633663,0.0103584
0.514851,0.633663,0.0311185
0.524752,0.633663,0.0518486
0.534653,0.633663,0.0725284
0.544554,0.633663,0.0931381
0.554455,0.633663,0.113658
0.564356,0.633663,0.134067
0.574257,0.633663,0.154347
0.584158,0.633663,0.174477
0.594059,0.633663,0.194439
0.60396,0.633663,0.214212
0.613861,0.633663,0.233778
0.623762,0.633663,0.253118
0.633663,0.633663,0.272213
0.643564,0.633663,0.291044
0.653465,0.633663,0.309594
0.663366,0.633663,0.327844
0.673267,0.633663,0.345776
0.683168,0.633663,0.363375
0.693069,0.633663,0.380621
0.70297,0.633663,0.397499
0.712871,0.633663,0.413992
0.722772,0.633663,0.430085
0.732673,0.633663,0.445761
0.742574,0.633663,0.461006
0.752475,0.633663,0.475805
0.762376,0.633663,0.490143
0.772277,0.633663,0.504006
0.782178,0.633663,0.517382
0.792079,0.633663,0.530257
0.80198,0.633663,0.542619
0.811881,0.633663,0.554455
0.821782,0.633663,0.565755
0.831683,0.633663,0.576507
0.841584,0.633663,0.586701
0.851485,0.633663,0.596327
0.861386,0.633663,0.605376
0.871287,0.633663,0.613839
0.881188,0.633663,0.621707
0.891089,0.633663,0.628974
0.90099,0.633663,0.635631
0.910891,0.633663,0.641673
0.920792,0.633663,0.647094
0.930693,0.633663,0.651888
0.940594,0.633663,0.656051
0.950495,0.633663,0.659579
0.960396,0.633663,0.662468
0.970297,0.633663,0.664715
0.980198,0.633663,0.666318
0.990099,0.633663,0.667276
1,0.633663,0.667588
0,0.643564,-0.62001
0.00990099,0.643564,-0.619722
0.019802,0.643564,-0.618834
0.029703,0.643564,-0.617346
0.039604,0.643564,-0.615261
0.049505,0.643564,-0.61258
0.0594059,0.643564,-0.609305
0.0693069,0.643564,-0.605441
0.0792079,0.643564,-0.60099
0.0891089,0.643564,-0.595957
0.0990099,0.643564,-0.590347
0.108911,0.643564,-0.584166
0.118812,0.643564,-0.577419
0.128713,0.643564,-0.570113
0.138614,0.643564,-0.562254
0.148515,0.643564,-0.553852
0.158416,0.643564,-0.544914
0.168317,0.643564,-0.535447
0.178218,0.643564,-0.525463
0.188119,0.643564,-0.51497
0.19802,0.643564,-0.503978
0.207921,0.643564,-0.492499
0.217822,0.643564,-0.480543
0.227723,0.643564,-0.468122
0.237624,0.643564,-0.455247
0.247525,0.643564,-0.441932
0.257426,0.643564,-0.428189
0.267327,0.643564,-0.414032
0.277228,0.643564,-0.399474
0.287129,0.643564,-0.384529
0.29703,0.643564,-0.369212
0.306931,0.643564,-0.353538
0.316832,0.643564,-0.337522
0.326733,0.643564,-0.321179
0.336634,0.643564,-0.304525
0.346535,0.643564,-0.287576
0.356436,0.643564,-0.270349
0.366337,0.643564,-0.25286
0.376238,0.643564,-0.235127
0.386139,0.643564,-0.217166
0.39604,0.643564,-0.198995
0.405941,0.643564,-0.180631
0.415842,0.643564,-0.162093
0.425743,0.643564,-0.143397
0.435644,0.643564,-0.124563
0.445545,0.643564,-0.105608
0.455446,0.643564,-0.0865513
0.465347,0.643564,-0.0674105
0.475248,0.643564,-0.0482046
0.485149,0.643564,-0.0289519
0.49505,0.643564,-0.00967129
0.50495,0.643564,0.00961871
0.514851,0.643564,0.0288994
0.524752,0.643564,0.0481521
0.534653,0.643564,0.0673583
0.544554,0.643564,0.0864992
0.554455,0.643564,0.105556
0.564356,0.643564,0.124511
0.574257,0.643564,0.143346
0.584158,0.643564,0.162042
0.594059,0.643564,0.180581
0.60396,0.643564,0.198945
0.613861,0.643564,0.217117
0.623762,0.643564,0.235078
0.633663,0.643564,0.252812
0.643564,0.643564,0.270302
0.653465,0.643564,0.287529
0.663366,0.643564,0.304479
0.673267,0.643564,0.321134
0.683168,0.643564,0.337478
0.693069,0.643564,0.353495
0.70297,0.643564,0.36917
0.712871,0.643564,0.384488
0.722772,0.643564,0.399434
0.732673,0.643564,0.413993
0.742574,0.643564,0.428151
0.752475,0.643564,0.441895
0.762376,0.643564,0.455211
0.772277,0.643564,0.468087
0.782178,0.643564,0.48051
0.792079,0.643564,0.492467
0.80198,0.643564,0.503948
0.811881,0.643564,0.514941
0.821782,0.643564,0.525435
0.831683,0.643564,0.535421
0.841584,0.643564,0.544888
0.851485,0.643564,0.553828
0.861386,0.643564,0.562232
0.871287,0.643564,0.570092
0.881188,0.643564,0.577399
0.891089,0.643564,0.584148
0.90099,0.643564,0.590331
0.910891,0.643564,0.595942
0.920792,0.643564,0.600977
0.930693,0.643564,0.605429
0.940594,0.643564,0.609295
0.950495,0.643564,0.612572
0.960396,0.643564,0.615254
0.970297,0.643564,0.617341
0.980198,0.643564,0.618831
0.990099,0.643564,0.61972
1,0.643564,0.62001
0,0.653465,-0.570032
0.00990099,0.653465,-0.569768
0.019802,0.653465,-0.568952
0.029703,0.653465,-0.567584
0.039604,0.653465,-0.565667
0.049505,0.653465,-0.563202
0.0594059,0.653465,-0.560192
0.0693069,0.653465,-0.556639
0.0792079,0.653465,-0.552547
0.0891089,0.653465,-0.54792
0.0990099,0.653465,-0.542763
0.108911,0.653465,-0.53708
0.118812,0.653465,-0.530877
0.128713,0.653465,-0.52416
0.138614,0.653465,-0.516935
0.148515,0.653465,-0.50921
0.158416,0.653465,-0.500992
0.168317,0.653465,-0.492289
0.178218,0.653465,-0.48311
0.188119,0.653465,-0.473463
0.19802,0.653465,-0.463357
0.207921,0.653465,-0.452803
0.217822,0.653465,-0.441811
0.227723,0.653465,-0.430391
0.237624,0.653465,-0.418554
0.247525,0.653465,-0.406313
0.257426,0.653465,-0.393678
0.267327,0.653465,-0.380661
0.277228,0.653465,-0.367277
0.287129,0.653465,-0.353537
0.29703,0.653465,-0.339455
0.306931,0.653465,-0.325044
0.316832,0.653465,-0.310318
0.326733,0.653465,-0.295293
0.336634,0.653465,-0.279981
0.346535,0.653465,-0.264399
0.356436,0.653465,-0.24856
0.366337,0.653465,-0.232481
0.376238,0.653465,-0.216177
0.386139,0.653465,-0.199664
0.39604,0.653465,-0.182957
0.405941,0.653465,-0.166074
0.415842,0.653465,-0.14903
0.425743,0.653465,-0.131841
0.435644,0.653465,-0.114525
0.445545,0.653465,-0.0970979
0.455446,0.653465,-0.0795769
0.465347,0.653465,-0.0619789
0.475248,0.653465,-0.044321
0.485149,0.653465,-0.0266201
0.49505,0.653465,-0.00889348
0.50495,0.653465,0.00884175
0.514851,0.653465,0.0265684
0.524752,0.653465,0.0442694
0.534653,0.653465,0.0619275
0.544554,0.653465,0.0795257
0.554455,0.653465,0.0970469
0.564356,0.653465,0.114474
0.574257,0.653465,0.131791
0.584158,0.653465,0.14898
0.594059,0.653465,0.166024
0.60396,0.653465,0.182908
0.613861,0.653465,0.199615
0.623762,0.653465,0.216129
0.633663,0.653465,0.232434
0.643564,0.653465,0.248514
0.653465,0.653465,0.264353
0.663366,0.653465,0.279936
0.673267,0.653465,0.295248
0.683168,0.653465,0.310275
0.693069,0.653465,0.325001
0.70297,0.653465,0.339413
0.712871,0.653465,0.353496
0.722772,0.653465,0.367237
0.732673,0.653465,0.380623
0.742574,0.653465,0.39364
0.752475,0.653465,0.406276
0.762376,0.653465,0.418519
0.772277,0.653465,0.430357
0.782178,0.653465,0.441778
0.792079,0.653465,0.452772
0.80198,0.653465,0.463327
0.811881,0.653465,0.473434
0.821782,0.653465,0.483082
0.831683,0.653465,0.492263
0.841584,0.653465,0.500968
0.851485,0.653465,0.509187
0.861386,0.653465,0.516913
0.871287,0.653465,0.524139
0.881188,0.653465,0.530858
0.891089,0.653465,0.537062
0.90099,0.653465,0.542747
0.910891,0.653465,0.547906
0.920792,0.653465,0.552534
0.930693,0.653465,0.556628
0.940594,0.653465,0.560182
0.950495,0.653465,0.563194
0.960396,0.653465,0.565661
0.970297,0.653465,0.56758
0.980198,0.653465,0.568948
0.990099,0.653465,0.569766
1,0.653465,0.570032
0,0.663366,-0.51785
0.00990099,0.663366,-0.51761
0.019802,0.663366,-0.516868
0.029703,0.663366,-0.515626
0.039604,0.663366,-0.513885
0.049505,0.663366,-0.511646
0.0594059,0.663366,-0.508911
0.0693069,0.663366,-0.505684
0.0792079,0.663366,-0.501967
0.0891089,0.663366,-0.497764
0.0990099,0.663366,-0.493079
0.108911,0.663366,-0.487916
0.118812,0.663366,-0.482281
0.128713,0.663366,-0.476179
0.138614,0.663366,-0.469616
0.148515,0.663366,-0.462599
0.158416,0.663366,-0.455133
0.168317,0.663366,-0.447227
0.178218,0.663366,-0.438888
0.188119,0.663366,-0.430124
0.19802,0.663366,-0.420944
0.207921,0.663366,-0.411356
0.217822,0.663366,-0.40137
0.227723,0.663366,-0.390995
0.237624,0.663366,-0.380242
0.247525,0.663366,-0.369121
0.257426,0.663366,-0.357643
0.267327,0.663366,-0.345819
0.277228,0.663366,-0.333659
0.287129,0.663366,-0.321177
0.29703,0.663366,-0.308384
0.306931,0.663366,-0.295292
0.316832,0.663366,-0.281915
0.326733,0.663366,-0.268265
0.336634,0.663366,-0.254355
0.346535,0.663366,-0.240199
0.356436,0.663366,-0.22581
0.366337,0.663366,-0.211203
0.376238,0.663366,-0.196391
0.386139,0.663366,-0.181389
0.39604,0.663366,-0.166212
0.405941,0.663366,-0.150874
0.415842,0.663366,-0.13539
0.425743,0.663366,-0.119775
0.435644,0.663366,-0.104044
0.445545,0.663366,-0.0882119
0.455446,0.663366,-0.0722948
0.465347,0.663366,-0.0563076
0.475248,0.663366,-0.040266
0.485149,0.663366,-0.0241854
0.49505,0.663366,-0.00808134
0.50495,0.663366,0.0080305
0.514851,0.663366,0.0241346
0.524752,0.663366,0.0402153
0.534653,0.663366,0.0562571
0.544554,0.663366,0.0722444
0.554455,0.663366,0.0881618
0.564356,0.663366,0.103994
0.574257,0.663366,0.119725
0.584158,0.663366,0.135341
0.594059,0.663366,0.150825
0.60396,0.663366,0.166164
0.613861,0.663366,0.181342
0.623762,0.663366,0.196344
0.633663,0.663366,0.211156
0.643564,0.663366,0.225764
0.653465,0.663366,0.240153
0.663366,0.663366,0.25431
0.673267,0.663366,0.268221
0.683168,0.663366,0.281872
0.693069,0.663366,0.295251
0.70297,0.663366,0.308343
0.712871,0.663366,0.321137
0.722772,0.663366,0.33362
0.732673,0.663366,0.345781
0.742574,0.663366,0.357606
0.752475,0.663366,0.369086
0.762376,0.663366,0.380208
0.772277,0.663366,0.390962
0.782178,0.663366,0.401338
0.792079,0.663366,0.411325
0.80198,0.663366,0.420914
0.811881,0.663366,0.430096
0.821782,0.663366,0.438861
0.831683,0.663366,0.447201
0.841584,0.663366,0.455109
0.851485,0.663366,0.462576
0.861386,0.663366,0.469595
0.871287,0.663366,0.476159
0.881188,0.663366,0.482263
0.891089,0.663366,0.487899
0.90099,0.663366,0.493063
0.910891,0.663366,0.49775
0.920792,0.663366,0.501954
0.930693,0.663366,0.505673
0.940594,0.663366,0.508902
0.950495,0.663366,0.511638
0.960396,0.663366,0.513879
0.970297,0.663366,0.515622
0.980198,0.663366,0.516865
0.990099,0.663366,0.517608
1,0.663366,0.51785
0,0.673267,-0.463664
0.00990099,0.673267,-0.463449
0.019802,0.673267,-0.462786
0.029703,0.673267,-0.461674
0.039604,0.673267,-0.460115
0.049505,0.673267,-0.45811
0.0594059,0.673267,-0.455662
0.0693069,0.673267,-0.452773
0.0792079,0.673267,-0.449445
0.0891089,0.673267,-0.445682
0.0990099,0.673267,-0.441487
0.108911,0.673267,-0.436865
0.118812,0.673267,-0.43182
0.128713,0.673267,-0.426356
0.138614,0.673267,-0.42048
0.148515,0.673267,-0.414197
0.158416,0.673267,-0.407513
0.168317,0.673267,-0.400434
0.178218,0.673267,-0.392968
0.188119,0.673267,-0.385121
0.19802,0.673267,-0.376902
0.207921,0.673267,-0.368317
0.217822,0.673267,-0.359376
0.227723,0.673267,-0.350087
0.237624,0.673267,-0.34046
0.247525,0.673267,-0.330502
0.257426,0.673267,-0.320225
0.267327,0.673267,-0.309638
0.277228,0.673267,-0.298751
0.287129,0.673267,-0.287575
0.29703,0.673267,-0.27612
0.306931,0.673267,-0.264398
0.316832,0.673267,-0.252421
0.326733,0.673267,-0.240199
0.336634,0.673267,-0.227744
0.346535,0.673267,-0.215069
0.356436,0.673267,-0.202186
0.366337,0.673267,-0.189107
0.376238,0.673267,-0.175846
0.386139,0.673267,-0.162413
0.39604,0.673267,-0.148824
0.405941,0.673267,-0.135091
0.415842,0.673267,-0.121227
0.425743,0.673267,-0.107245
0.435644,0.673267,-0.0931602
0.445545,0.673267,-0.0789849
0.455446,0.673267,-0.064733
0.465347,0.673267,-0.0504186
0.475248,0.673267,-0.0360553
0.485149,0.673267,-0.0216571
0.49505,0.673267,-0.00723802
0.50495,0.673267,0.00718811
0.514851,0.673267,0.0216073
0.524752,0.673267,0.0360056
0.534653,0.673267,0.050369
0.544554,0.673267,0.0646836
0.554455,0.673267,0.0789357
0.564356,0.673267,0.0931113
0.574257,0.673267,0.107197
0.584158,0.673267,0.121179
0.594059,0.673267,0.135043
0.60396,0.673267,0.148777
0.613861,0.673267,0.162367
0.623762,0.673267,0.175799
0.633663,0.673267,0.189062
0.643564,0.673267,0.202141
0.653465,0.673267,0.215025
0.663366,0.673267,0.227701
0.673267,0.673267,0.240156
0.683168,0.673267,0.252379
0.693069,0.673267,0.264357
0.70297,0.673267,0.27608
0.712871,0.673267,0.287536
0.722772,0.673267,0.298713
0.732673,0.673267,0.309601
0.742574,0.673267,0.320189
0.752475,0.673267,0.330467
0.762376,0.673267,0.340426
0.772277,0.673267,0.350055
0.782178,0.673267,0.359345
0.792079,0.673267,0.368287
0.80198,0.673267,0.376873
0.811881,0.673267,0.385094
0.821782,0.673267,0.392942
0.831683,0.673267,0.400409
0.841584,0.673267,0.407489
0.851485,0.673267,0.414175
0.861386,0.673267,0.420459
0.871287,0.673267,0.426337
0.881188,0.673267,0.431802
0.891089,0.673267,0.436848
0.90099,0.673267,0.441472
0.910891,0.673267,0.445668
0.920792,0.673267,0.449433
0.930693,0.673267,0.452762
0.940594,0.673267,0.455653
0.950495,0.673267,0.458103
0.960396,0.673267,0.460109
0.970297,0.673267,0.461669
0.980198,0.673267,0.462782
0.990099,0.673267,0.463447
1,0.673267,0.463664
0,0.683168,-0.407684
0.00990099,0.683168,-0.407495
0.019802,0.683168,-0.406912
0.029703,0.683168,-0.405935
0.039604,0.683168,-0.404565
0.049505,0.683168,-0.402802
0.0594059,0.683168,-0.40065
0.0693069,0.683168,-0.39811
0.0792079,0.683168,-0.395184
0.0891089,0.683168,-0.391876
0.0990099,0.683168,-0.388188
0.108911,0.683168,-0.384124
0.118812,0.683168,-0.379688
0.128713,0.683168,-0.374884
0.138614,0.683168,-0.369718
0.148515,0.683168,-0.364194
0.158416,0.683168,-0.358317
0.168317,0.683168,-0.352093
0.178218,0.683168,-0.345528
0.188119,0.683168,-0.338629
0.19802,0.683168,-0.331402
0.207921,0.683168,-0.323854
0.217822,0.683168,-0.315993
0.227723,0.683168,-0.307825
0.237624,0.683168,-0.29936
0.247525,0.683168,-0.290605
0.257426,0.683168,-0.281568
0.267327,0.683168,-0.272259
0.277228,0.683168,-0.262687
0.287129,0.683168,-0.25286
0.29703,0.683168,-0.242789
0.306931,0.683168,-0.232482
0.316832,0.683168,-0.22195
0.326733,0.683168,-0.211204
0.336634,0.683168,-0.200253
0.346535,0.683168,-0.189108
0.356436,0.683168,-0.17778
0.366337,0.683168,-0.166281
0.376238,0.683168,-0.15462
0.386139,0.683168,-0.142809
0.39604,0.683168,-0.130861
0.405941,0.683168,-0.118785
0.415842,0.683168,-0.106595
0.425743,0.683168,-0.0943013
0.435644,0.683168,-0.0819164
0.445545,0.683168,-0.0694523
0.455446,0.683168,-0.056921
0.465347,0.683168,-0.0443346
0.475248,0.683168,-0.0317053
0.485149,0.683168,-0.0190452
0.49505,0.683168,-0.00636677
0.50495,0.683168,0.00631785
0.514851,0.683168,0.0189964
0.524752,0.683168,0.0316565
0.534653,0.683168,0.044286
0.544554,0.683168,0.0568726
0.554455,0.683168,0.0694041
0.564356,0.683168,0.0818685
0.574257,0.683168,0.0942537
0.584158,0.683168,0.106548
0.594059,0.683168,0.118738
0.60396,0.683168,0.130814
0.613861,0.683168,0.142763
0.623762,0.683168,0.154574
0.633663,0.683168,0.166236
0.643564,0.683168,0.177736
0.653465,0.683168,0.189065
0.663366,0.683168,0.20021
0.673267,0.683168,0.211162
0.683168,0.683168,0.221909
0.693069,0.683168,0.232442
0.70297,0.683168,0.242749
0.712871,0.683168,0.252822
0.722772,0.683168,0.26265
0.732673,0.683168,0.272223
0.742574,0.683168,0.281533
0.752475,0.683168,0.290571
0.762376,0.683168,0.299327
0.772277,0.683168,0.307793
0.782178,0.683168,0.315962
0.792079,0.683168,0.323824
0.80198,0.683168,0.331373
0.811881,0.683168,0.338602
0.821782,0.683168,0.345502
0.831683,0.683168,0.352068
0.841584,0.683168,0.358293
0.851485,0.683168,0.364172
0.861386,0.683168,0.369697
0.871287,0.683168,0.374865
0.881188,0.683168,0.37967
0.891089,0.683168,0.384107
0.90099,0.683168,0.388173
0.910891,0.683168,0.391862
0.920792,0.683168,0.395172
0.930693,0.683168,0.398099
0.940594,0.683168,0.400641
0.950495,0.683168,0.402795
0.960396,0.683168,0.404559
0.970297,0.683168,0.405931
0.980198,0.683168,0.406909
0.990099,0.683168,0.407494
1,0.683168,0.407684
0,0.693069,-0.350126
0.00990099,0.693069,-0.349965
0.019802,0.693069,-0.349465
0.029703,0.693069,-0.348626
0.039604,0.693069,-0.347449
0.049505,0.693069,-0.345936
0.0594059,0.693069,-0.344088
0.0693069,0.693069,-0.341907
0.0792079,0.693069,-0.339394
0.0891089,0.693069,-0.336553
0.0990099,0.693069,-0.333386
0.108911,0.693069,-0.329897
0.118812,0.693069,-0.326087
0.128713,0.693069,-0.321962
0.138614,0.693069,-0.317526
0.148515,0.693069,-0.312781
0.158416,0.693069,-0.307734
0.168317,0.693069,-0.302389
0.178218,0.693069,-0.296752
0.188119,0.693069,-0.290827
0.19802,0.693069,-0.28462
0.207921,0.693069,-0.278138
0.217822,0.693069,-0.271386
0.227723,0.693069,-0.264372
0.237624,0.693069,-0.257102
0.247525,0.693069,-0.249583
0.257426,0.693069,-0.241823
0.267327,0.693069,-0.233828
0.277228,0.693069,-0.225607
0.287129,0.693069,-0.217167
0.29703,0.693069,-0.208518
0.306931,0.693069,-0.199666
0.316832,0.693069,-0.190621
0.326733,0.693069,-0.181392
0.336634,0.693069,-0.171987
0.346535,0.693069,-0.162416
0.356436,0.693069,-0.152687
0.366337,0.693069,-0.142811
0.376238,0.693069,-0.132796
0.386139,0.693069,-0.122653
0.39604,0.693069,-0.112391
0.405941,0.693069,-0.10202
0.415842,0.693069,-0.0915505
0.425743,0.693069,-0.0809924
0.435644,0.693069,-0.0703559
0.445545,0.693069,-0.0596512
0.455446,0.693069,-0.0488889
0.465347,0.693069,-0.0380792
0.475248,0.693069,-0.0272326
0.485149,0.693069,-0.0163597
0.49505,0.693069,-0.00547096
0.50495,0.693069,0.00542308
0.514851,0.693069,0.0163119
0.524752,0.693069,0.0271849
0.534653,0.693069,0.0380316
0.544554,0.693069,0.0488414
0.554455,0.693069,0.059604
0.564356,0.693069,0.070309
0.574257,0.693069,0.0809458
0.584158,0.693069,0.0915043
0.594059,0.693069,0.101974
0.60396,0.693069,0.112345
0.613861,0.693069,0.122608
0.623762,0.693069,0.132752
0.633663,0.693069,0.142767
0.643564,0.693069,0.152644
0.653465,0.693069,0.162373
0.663366,0.693069,0.171945
0.673267,0.693069,0.181351
0.683168,0.693069,0.190581
0.693069,0.693069,0.199627
0.70297,0.693069,0.208479
0.712871,0.693069,0.21713
0.722772,0.693069,0.22557
0.732673,0.693069,0.233792
0.742574,0.693069,0.241788
0.752475,0.693069,0.24955
0.762376,0.693069,0.25707
0.772277,0.693069,0.264341
0.782178,0.693069,0.271356
0.792079,0.693069,0.278109
0.80198,0.693069,0.284592
0.811881,0.693069,0.2908
0.821782,0.693069,0.296726
0.831683,0.693069,0.302365
0.841584,0.693069,0.307711
0.851485,0.693069,0.31276
0.861386,0.693069,0.317505
0.871287,0.693069,0.321943
0.881188,0.693069,0.32607
0.891089,0.693069,0.32988
0.90099,0.693069,0.333372
0.910891,0.693069,0.33654
0.920792,0.693069,0.339383
0.930693,0.693069,0.341897
0.940594,0.693069,0.344079
0.950495,0.693069,0.345929
0.960396,0.693069,0.347443
0.970297,0.693069,0.348621
0.980198,0.693069,0.349462
0.990099,0.693069,0.349964
1,0.693069,0.350126
0,0.70297,-0.291215
0.00990099,0.70297,-0.291081
0.019802,0.70297,-0.290665
0.029703,0.70297,-0.289968
0.039604,0.70297,-0.28899
0.049505,0.70297,-0.287732
0.0594059,0.70297,-0.286195
0.0693069,0.70297,-0.284381
0.0792079,0.70297,-0.282292
0.0891089,0.70297,-0.279929
0.0990099,0.70297,-0.277295
0.108911,0.70297,-0.274393
0.118812,0.70297,-0.271225
0.128713,0.70297,-0.267795
0.138614,0.70297,-0.264105
0.148515,0.70297,-0.260159
0.158416,0.70297,-0.255962
0.168317,0.70297,-0.251516
0.178218,0.70297,-0.246827
0.188119,0.70297,-0.241899
0.19802,0.70297,-0.236737
0.207921,0.70297,-0.231346
0.217822,0.70297,-0.225731
0.227723,0.70297,-0.219897
0.237624,0.70297,-0.21385
0.247525,0.70297,-0.207596
0.257426,0.70297,-0.201142
0.267327,0.70297,-0.194492
0.277228,0.70297,-0.187654
0.287129,0.70297,-0.180635
0.29703,0.70297,-0.173441
0.306931,0.70297,-0.166078
0.316832,0.70297,-0.158555
0.326733,0.70297,-0.150879
0.336634,0.70297,-0.143056
0.346535,0.70297,-0.135095
0.356436,0.70297,-0.127003
0.366337,0.70297,-0.118788
0.376238,0.70297,-0.110459
0.386139,0.70297,-0.102022
0.39604,0.70297,-0.0934863
0.405941,0.70297,-0.0848603
0.415842,0.70297,-0.0761522
0.425743,0.70297,-0.0673703
0.435644,0.70297,-0.0585232
0.445545,0.70297,-0.0496195
0.455446,0.70297,-0.0406677
0.465347,0.70297,-0.0316765
0.475248,0.70297,-0.0226547
0.485149,0.70297,-0.013611
0.49505,0.70297,-0.00455407
0.50495,0.70297,0.00450726
0.514851,0.70297,0.0135642
0.524752,0.70297,0.0226081
0.534653,0.70297,0.03163
0.544554,0.70297,0.0406213
0.554455,0.70297,0.0495734
0.564356,0.70297,0.0584774
0.574257,0.70297,0.0673248
0.584158,0.70297,0.076107
0.594059,0.70297,0.0848156
0.60396,0.70297,0.093442
0.613861,0.70297,0.101978
0.623762,0.70297,0.110415
0.633663,0.70297,0.118746
0.643564,0.70297,0.126961
0.653465,0.70297,0.135054
0.663366,0.70297,0.143015
0.673267,0.70297,0.150839
0.683168,0.70297,0.158516
0.693069,0.70297,0.16604
0.70297,0.70297,0.173403
0.712871,0.70297,0.180598
0.722772,0.70297,0.187619
0.732673,0.70297,0.194457
0.742574,0.70297,0.201108
0.752475,0.70297,0.207563
0.762376,0.70297,0.213818
0.772277,0.70297,0.219866
0.782178,0.70297,0.225701
0.792079,0.70297,0.231318
0.80198,0.70297,0.23671
0.811881,0.70297,0.241873
0.821782,0.70297,0.246802
0.831683,0.70297,0.251493
0.841584,0.70297,0.255939
0.851485,0.70297,0.260138
0.861386,0.70297,0.264085
0.871287,0.70297,0.267776
0.881188,0.70297,0.271208
0.891089,0.70297,0.274377
0.90099,0.70297,0.277281
0.910891,0.70297,0.279916
0.920792,0.70297,0.28228
0.930693,0.70297,0.284371
0.940594,0.70297,0.286186
0.950495,0.70297,0.287725
0.960396,0.70297,0.288984
0.970297,0.70297,0.289964
0.980198,0.70297,0.290662
0.990099,0.70297,0.29108
1,0.70297,0.291215
0,0.712871,-0.231176
0.00990099,0.712871,-0.231071
0.019802,0.712871,-0.230741
0.029703,0.712871,-0.230188
0.039604,0.712871,-0.229412
0.049505,0.712871,-0.228414
0.0594059,0.712871,-0.227195
0.0693069,0.712871,-0.225755
0.0792079,0.712871,-0.224097
0.0891089,0.712871,-0.222222
0.0990099,0.712871,-0.220132
0.108911,0.712871,-0.217828
0.118812,0.712871,-0.215314
0.128713,0.712871,-0.212591
0.138614,0.712871,-0.209662
0.148515,0.712871,-0.20653
0.158416,0.712871,-0.203199
0.168317,0.712871,-0.19967
0.178218,0.712871,-0.195948
0.188119,0.712871,-0.192036
0.19802,0.712871,-0.187939
0.207921,0.712871,-0.183659
0.217822,0.712871,-0.179202
0.227723,0.712871,-0.174571
0.237624,0.712871,-0.169771
0.247525,0.712871,-0.164806
0.257426,0.712871,-0.159683
0.267327,0.712871,-0.154404
0.277228,0.712871,-0.148976
0.287129,0.712871,-0.143404
0.29703,0.712871,-0.137692
0.306931,0.712871,-0.131848
0.316832,0.712871,-0.125876
0.326733,0.712871,-0.119782
0.336634,0.712871,-0.113572
0.346535,0.712871,-0.107252
0.356436,0.712871,-0.100828
0.366337,0.712871,-0.0943068
0.376238,0.712871,-0.0876941
0.386139,0.712871,-0.0809965
0.39604,0.712871,-0.0742204
0.405941,0.712871,-0.0673725
0.415842,0.712871,-0.0604594
0.425743,0.712871,-0.0534877
0.435644,0.712871,-0.0464643
0.445545,0.712871,-0.0393959
0.455446,0.712871,-0.0322893
0.465347,0.712871,-0.0251515
0.475248,0.712871,-0.0179893
0.485149,0.712871,-0.0108097
0.49505,0.712871,-0.00361963
0.50495,0.712871,0.00357394
0.514851,0.712871,0.0107641
0.524752,0.712871,0.0179437
0.534653,0.712871,0.0251061
0.544554,0.712871,0.0322441
0.554455,0.712871,0.0393509
0.564356,0.712871,0.0464196
0.574257,0.712871,0.0534433
0.584158,0.712871,0.0604153
0.594059,0.712871,0.0673288
0.60396,0.712871,0.0741771
0.613861,0.712871,0.0809537
0.623762,0.712871,0.0876518
0.633663,0.712871,0.0942651
0.643564,0.712871,0.100787
0.653465,0.712871,0.107211
0.663366,0.712871,0.113532
0.673267,0.712871,0.119743
0.683168,0.712871,0.125838
0.693069,0.712871,0.13181
0.70297,0.712871,0.137656
0.712871,0.712871,0.143368
0.722772,0.712871,0.148941
0.732673,0.712871,0.15437
0.742574,0.712871,0.159649
0.752475,0.712871,0.164774
0.762376,0.712871,0.16974
0.772277,0.712871,0.174541
0.782178,0.712871,0.179173
0.792079,0.712871,0.183631
0.80198,0.712871,0.187912
0.811881,0.712871,0.192011
0.821782,0.712871,0.195924
0.831683,0.712871,0.199647
0.841584,0.712871,0.203177
0.851485,0.712871,0.20651
0.861386,0.712871,0.209643
0.871287,0.712871,0.212573
0.881188,0.712871,0.215297
0.891089,0.712871,0.217813
0.90099,0.712871,0.220118
0.910891,0.712871,0.22221
0.920792,0.712871,0.224086
0.930693,0.712871,0.225746
0.940594,0.712871,0.227186
0.950495,0.712871,0.228407
0.960396,0.712871,0.229407
0.970297,0.712871,0.230184
0.980198,0.712871,0.230738
0.990099,0.712871,0.231069
1,0.712871,0.231176
0,0.722772,-0.170244
0.00990099,0.722772,-0.170166
0.019802,0.722772,-0.169925
0.029703,0.722772,-0.169518
0.039604,0.722772,-0.168947
0.049505,0.722772,-0.168213
0.0594059,0.722772,-0.167316
0.0693069,0.722772,-0.166256
0.0792079,0.722772,-0.165036
0.0891089,0.722772,-0.163656
0.0990099,0.722772,-0.162117
0.108911,0.722772,-0.160421
0.118812,0.722772,-0.15857
0.128713,0.722772,-0.156565
0.138614,0.722772,-0.154409
0.148515,0.722772,-0.152103
0.158416,0.722772,-0.14965
0.168317,0.722772,-0.147052
0.178218,0.722772,-0.144311
0.188119,0.722772,-0.141431
0.19802,0.722772,-0.138414
0.207921,0.722772,-0.135262
0.217822,0.722772,-0.13198
0.227723,0.722772,-0.12857
0.237624,0.722772,-0.125035
0.247525,0.722772,-0.121379
0.257426,0.722772,-0.117606
0.267327,0.722772,-0.113719
0.277228,0.722772,-0.109721
0.287129,0.722772,-0.105618
0.29703,0.722772,-0.101412
0.306931,0.722772,-0.0971079
0.316832,0.722772,-0.0927097
0.326733,0.722772,-0.0882218
0.336634,0.722772,-0.0836485
0.346535,0.722772,-0.0789941
0.356436,0.722772,-0.0742633
0.366337,0.722772,-0.0694605
0.376238,0.722772,-0.0645905
0.386139,0.722772,-0.0596579
0.39604,0.722772,-0.0546675
0.405941,0.722772,-0.0496242
0.415842,0.722772,-0.0445329
0.425743,0.722772,-0.0393984
0.435644,0.722772,-0.0342258
0.445545,0.722772,-0.02902
0.455446,0.722772,-0.0237861
0.465347,0.722772,-0.0185292
0.475248,0.722772,-0.0132543
0.485149,0.722772,-0.00796666
0.49505,0.722772,-0.00267125
0.50495,0.722772,0.00262674
0.514851,0.722772,0.00792219
0.524752,0.722772,0.01321
0.534653,0.722772,0.0184849
0.544554,0.722772,0.023742
0.554455,0.722772,0.0289761
0.564356,0.722772,0.0341821
0.574257,0.722772,0.0393551
0.584158,0.722772,0.0444899
0.594059,0.722772,0.0495816
0.60396,0.722772,0.0546254
0.613861,0.722772,0.0596162
0.623762,0.722772,0.0645493
0.633663,0.722772,0.0694198
0.643564,0.722772,0.0742232
0.653465,0.722772,0.0789547
0.663366,0.722772,0.0836097
0.673267,0.722772,0.0881837
0.683168,0.722772,0.0926724
0.693069,0.722772,0.0970713
0.70297,0.722772,0.101376
0.712871,0.722772,0.105583
0.722772,0.722772,0.109687
0.732673,0.722772,0.113686
0.742574,0.722772,0.117574
0.752475,0.722772,0.121348
0.762376,0.722772,0.125005
0.772277,0.722772,0.128541
0.782178,0.722772,0.131952
0.792079,0.722772,0.135235
0.80198,0.722772,0.138388
0.811881,0.722772,0.141406
0.821782,0.722772,0.144288
0.831683,0.722772,0.147029
0.841584,0.722772,0.149629
0.851485,0.722772,0.152083
0.861386,0.722772,0.15439
0.871287,0.722772,0.156548
0.881188,0.722772,0.158554
0.891089,0.722772,0.160406
0.90099,0.722772,0.162103
0.910891,0.722772,0.163643
0.920792,0.722772,0.165025
0.930693,0.722772,0.166247
0.940594,0.722772,0.167307
0.950495,0.722772,0.168206
0.960396,0.722772,0.168942
0.970297,0.722772,0.169514
0.980198,0.722772,0.169922
0.990099,0.722772,0.170165
1,0.722772,0.170244
0,0.732673,-0.108652
0.00990099,0.732673,-0.108604
0.019802,0.732673,-0.108451
0.029703,0.732673,-0.108192
0.039604,0.732673,-0.107829
0.049505,0.732673,-0.107361
0.0594059,0.732673,-0.106789
0.0693069,0.732673,-0.106114
0.0792079,0.732673,-0.105336
0.0891089,0.732673,-0.104456
0.0990099,0.732673,-0.103475
0.108911,0.732673,-0.102393
0.118812,0.732673,-0.101213
0.128713,0.732673,-0.099934
0.138614,0.732673,-0.0985584
0.148515,0.732673,-0.0970874
0.158416,0.732673,-0.0955223
0.168317,0.732673,-0.0938647
0.178218,0.732673,-0.0921161
0.188119,0.732673,-0.0902783
0.19802,0.732673,-0.088353
0.207921,0.732673,-0.0863421
0.217822,0.732673,-0.0842476
0.227723,0.732673,-0.0820714
0.237624,0.732673,-0.0798157
0.247525,0.732673,-0.0774827
0.257426,0.732673,-0.0750746
0.267327,0.732673,-0.0725938
0.277228,0.732673,-0.0700427
0.287129,0.732673,-0.0674237
0.29703,0.732673,-0.0647393
0.306931,0.732673,-0.0619923
0.316832,0.732673,-0.0591851
0.326733,0.732673,-0.0563207
0.336634,0.732673,-0.0534016
0.346535,0.732673,-0.0504309
0.356436,0.732673,-0.0474112
0.366337,0.732673,-0.0443457
0.376238,0.732673,-0.0412372
0.386139,0.732673,-0.0380887
0.39604,0.732673,-0.0349033
0.405941,0.732673,-0.0316841
0.415842,0.732673,-0.0284342
0.425743,0.732673,-0.0251568
0.435644,0.732673,-0.0218549
0.445545,0.732673,-0.0185319
0.455446,0.732673,-0.015191
0.465347,0.732673,-0.0118353
0.475248,0.732673,-0.00846821
0.485149,0.732673,-0.00509288
0.49505,0.732673,-0.00171262
0.50495,0.732673,0.00166931
0.514851,0.732673,0.00504962
0.524752,0.732673,0.00842503
0.534653,0.732673,0.0117923
0.544554,0.732673,0.0151481
0.554455,0.732673,0.0184893
0.564356,0.732673,0.0218125
0.574257,0.732673,0.0251146
0.584158,0.732673,0.0283924
0.594059,0.732673,0.0316427
0.60396,0.732673,0.0348623
0.613861,0.732673,0.0380481
0.623762,0.732673,0.0411971
0.633663,0.732673,0.0443061
0.643564,0.732673,0.0473723
0.653465,0.732673,0.0503925
0.663366,0.732673,0.0533639
0.673267,0.732673,0.0562836
0.683168,0.732673,0.0591488
0.693069,0.732673,0.0619567
0.70297,0.732673,0.0647045
0.712871,0.732673,0.0673897
0.722772,0.732673,0.0700095
0.732673,0.732673,0.0725616
0.742574,0.732673,0.0750433
0.752475,0.732673,0.0774523
0.762376,0.732673,0.0797863
0.772277,0.732673,0.082043
0.782178,0.732673,0.0842202
0.792079,0.732673,0.0863158
0.80198,0.732673,0.0883278
0.811881,0.732673,0.0902542
0.821782,0.732673,0.0920931
0.831683,0.732673,0.0938428
0.841584,0.732673,0.0955016
0.851485,0.732673,0.0970679
0.861386,0.732673,0.0985402
0.871287,0.732673,0.0999169
0.881188,0.732673,0.101197
0.891089,0.732673,0.102379
0.90099,0.732673,0.103462
0.910891,0.732673,0.104444
0.920792,0.732673,0.105325
0.930693,0.732673,0.106105
0.940594,0.732673,0.106781
0.950495,0.732673,0.107354
0.960396,0.732673,0.107823
0.970297,0.732673,0.108188
0.980198,0.732673,0.108448
0.990099,0.732673,0.108603
1,0.732673,0.108652
0,0.742574,-0.0466404
0.00990099,0.742574,-0.0466213
0.019802,0.742574,-0.046557
0.029703,0.742574,-0.0464476
0.039604,0.742574,-0.0462931
0.049505,0.742574,-0.0460939
0.0594059,0.742574,-0.0458499
0.0693069,0.742574,-0.0455615
0.0792079,0.742574,-0.0452289
0.0891089,0.742574,-0.0448525
0.0990099,0.742574,-0.0444326
0.108911,0.742574,-0.0439696
0.118812,0.742574,-0.043464
0.128713,0.742574,-0.0429162
0.138614,0.742574,-0.0423268
0.148515,0.742574,-0.0416963
0.158416,0.742574,-0.0410254
0.168317,0.742574,-0.0403147
0.178218,0.742574,-0.0395649
0.188119,0.742574,-0.0387767
0.19802,0.742574,-0.0379509
0.207921,0.742574,-0.0370882
0.217822,0.742574,-0.0361896
0.227723,0.742574,-0.0352559
0.237624,0.742574,-0.0342879
0.247525,0.742574,-0.0332867
0.257426,0.742574,-0.0322531
0.267327,0.742574,-0.0311883
0.277228,0.742574,-0.0300932
0.287129,0.742574,-0.0289689
0.29703,0.742574,-0.0278165
0.306931,0.742574,-0.0266371
0.316832,0.742574,-0.0254318
0.326733,0.742574,-0.0242019
0.336634,0.742574,-0.0229485
0.346535,0.742574,-0.0216728
0.356436,0.742574,-0.020376
0.366337,0.742574,-0.0190595
0.376238,0.742574,-0.0177245
0.386139,0.742574,-0.0163723
0.39604,0.742574,-0.0150042
0.405941,0.742574,-0.0136216
0.415842,0.742574,-0.0122257
0.425743,0.742574,-0.0108179
0.435644,0.742574,-0.0093997
0.445545,0.742574,-0.00797234
0.455446,0.742574,-0.00653725
0.465347,0.742574,-0.0050958
0.475248,0.742574,-0.00364942
0.485149,0.742574,-0.00219949
0.49505,0.742574,-0.000747423
0.50495,0.742574,0.000705366
0.514851,0.742574,0.00215747
0.524752,0.742574,0.00360748
0.534653,0.742574,0.00505399
0.544554,0.742574,0.00649559
0.554455,0.742574,0.0079309
0.564356,0.742574,0.0093585
0.574257,0.742574,0.010777
0.584158,0.742574,0.0121851
0.594059,0.742574,0.0135813
0.60396,0.742574,0.0149644
0.613861,0.742574,0.0163329
0.623762,0.742574,0.0176856
0.633663,0.742574,0.0190211
0.643564,0.742574,0.0203382
0.653465,0.742574,0.0216355
0.663366,0.742574,0.0229118
0.673267,0.742574,0.0241659
0.683168,0.742574,0.0253965
0.693069,0.742574,0.0266025
0.70297,0.742574,0.0277827
0.712871,0.742574,0.0289359
0.722772,0.742574,0.030061
0.732673,0.742574,0.031157
0.742574,0.742574,0.0322227
0.752475,0.742574,0.0332572
0.762376,0.742574,0.0342593
0.772277,0.742574,0.0352283
0.782178,0.742574,0.036163
0.792079,0.742574,0.0370627
0.80198,0.742574,0.0379264
0.811881,0.742574,0.0387533
0.821782,0.742574,0.0395426
0.831683,0.742574,0.0402935
0.841584,0.742574,0.0410054
0.851485,0.742574,0.0416774
0.861386,0.742574,0.0423091
0.871287,0.742574,0.0428997
0.881188,0.742574,0.0434487
0.891089,0.742574,0.0439555
0.90099,0.742574,0.0444197
0.910891,0.742574,0.0448409
0.920792,0.742574,0.0452186
0.930693,0.742574,0.0455524
0.940594,0.742574,0.0458421
0.950495,0.742574,0.0460873
0.960396,0.742574,0.0462879
0.970297,0.742574,0.0464436
0.980198,0.742574,0.0465544
0.990099,0.742574,0.04662
1,0.742574,0.0466404
0,0.752475,0.0155518
0.00990099,0.752475,0.0155418
0.019802,0.752475,0.0155167
0.029703,0.752475,0.0154766
0.039604,0.752475,0.0154215
0.049505,0.752475,0.0153516
0.0594059,0.752475,0.0152668
0.0693069,0.752475,0.0151672
0.0792079,0.752475,0.0150531
0.0891089,0.752475,0.0149244
0.0990099,0.752475,0.0147813
0.108911,0.752475,0.014624
0.118812,0.752475,0.0144527
0.128713,0.752475,0.0142674
0.138614,0.752475,0.0140683
0.148515,0.752475,0.0138558
0.158416,0.752475,0.0136299
0.168317,0.752475,0.0133909
0.178218,0.752475,0.0131391
0.188119,0.752475,0.0128746
0.19802,0.752475,0.0125978
0.207921,0.752475,0.0123088
0.217822,0.752475,0.0120081
0.227723,0.752475,0.0116958
0.237624,0.752475,0.0113723
0.247525,0.752475,0.0110379
0.257426,0.752475,0.0106929
0.267327,0.752475,0.0103376
0.277228,0.752475,0.00997241
0.287129,0.752475,0.00959765
0.29703,0.752475,0.00921369
0.306931,0.752475,0.00882089
0.316832,0.752475,0.00841963
0.326733,0.752475,0.0080103
0.336634,0.752475,0.00759328
0.346535,0.752475,0.00716898
0.356436,0.752475,0.00673781
0.366337,0.752475,0.00630017
0.376238,0.752475,0.0058565
0.386139,0.752475,0.0054072
0.39604,0.752475,0.00495273
0.405941,0.752475,0.0044935
0.415842,0.752475,0.00402997
0.425743,0.752475,0.00356257
0.435644,0.752475,0.00309175
0.445545,0.752475,0.00261798
0.455446,0.752475,0.00214169
0.465347,0.752475,0.00166335
0.475248,0.752475,0.00118341
0.485149,0.752475,0.000702338
0.49505,0.752475,0.000220594
0.50495,0.752475,-0.000261362
0.514851,0.752475,-0.000743067
0.524752,0.752475,-0.00122406
0.534653,0.752475,-0.00170388
0.544554,0.752475,-0.00218206
0.554455,0.752475,-0.00265815
0.564356,0.752475,-0.0031317
0.574257,0.752475,-0.00360224
0.584158,0.752475,-0.00406932
0.594059,0.752475,-0.00453251
0.60396,0.752475,-0.00499134
0.613861,0.752475,-0.00544539
0.623762,0.752475,-0.00589422
0.633663,0.752475,-0.0063374
0.643564,0.752475,-0.0067745
0.653465,0.752475,-0.0072051
0.663366,0.752475,-0.0076288
0.673267,0.752475,-0.00804517
0.683168,0.752475,-0.00845384
0.693069,0.752475,-0.00885439
0.70297,0.752475,-0.00924645
0.712871,0.752475,-0.00962964
0.722772,0.752475,-0.0100036
0.732673,0.752475,-0.010368
0.742574,0.752475,-0.0107224
0.752475,0.752475,-0.0110665
0.762376,0.752475,-0.0114
0.772277,0.752475,-0.0117226
0.782178,0.752475,-0.0120339
0.792079,0.752475,-0.0123336
0.80198,0.752475,-0.0126215
0.811881,0.752475,-0.0128973
0.821782,0.752475,-0.0131607
0.831683,0.752475,-0.0134115
0.841584,0.752475,-0.0136494
0.851485,0.752475,-0.0138741
0.861386,0.752475,-0.0140855
0.871287,0.752475,-0.0142834
0.881188,0.752475,-0.0144675
0.891089,0.752475,-0.0146377
0.90099,0.752475,-0.0147938
0.910891,0.752475,-0.0149357
0.920792,0.752475,-0.0150631
0.930693,0.752475,-0.015176
0.940594,0.752475,-0.0152743
0.950495,0.752475,-0.0153579
0.960396,0.752475,-0.0154266
0.970297,0.752475,-0.0154804
0.980198,0.752475,-0.0155192
0.990099,0.752475,-0.015543
1,0.752475,-0.0155518
0,0.762376,0.0776838
0.00990099,0.762376,0.0776447
0.019802,0.762376,0.0775303
0.029703,0.762376,0.0773408
0.039604,0.762376,0.0770765
0.049505,0.762376,0.0767375
0.0594059,0.762376,0.0763243
0.0693069,0.762376,0.0758372
0.0792079,0.762376,0.0752767
0.0891089,0.762376,0.0746434
0.0990099,0.762376,0.0739379
0.108911,0.762376,0.0731609
0.118812,0.762376,0.0723132
0.128713,0.762376,0.0713955
0.138614,0.762376,0.0704088
0.148515,0.762376,0.0693541
0.158416,0.762376,0.0682323
0.168317,0.762376,0.0670445
0.178218,0.762376,0.065792
0.188119,0.762376,0.0644759
0.19802,0.762376,0.0630974
0.207921,0.762376,0.061658
0.217822,0.762376,0.0601591
0.227723,0.762376,0.0586019
0.237624,0.762376,0.0569882
0.247525,0.762376,0.0553194
0.257426,0.762376,0.0535972
0.267327,0.762376,0.0518232
0.277228,0.762376,0.0499992
0.287129,0.762376,0.0481268
0.29703,0.762376,0.046208
0.306931,0.762376,0.0442445
0.316832,0.762376,0.0422383
0.326733,0.762376,0.0401912
0.336634,0.762376,0.0381054
0.346535,0.762376,0.0359827
0.356436,0.762376,0.0338253
0.366337,0.762376,0.0316353
0.376238,0.762376,0.0294146
0.386139,0.762376,0.0271656
0.39604,0.762376,0.0248903
0.405941,0.762376,0.022591
0.415842,0.762376,0.0202699
0.425743,0.762376,0.0179291
0.435644,0.762376,0.0155711
0.445545,0.762376,0.013198
0.455446,0.762376,0.0108122
0.465347,0.762376,0.00841595
0.475248,0.762376,0.00601156
0.485149,0.762376,0.00360137
0.49505,0.762376,0.00118769
0.50495,0.762376,-0.00122713
0.514851,0.762376,-0.00364077
0.524752,0.762376,-0.00605089
0.534653,0.762376,-0.00845517
0.544554,0.762376,-0.0108513
0.554455,0.762376,-0.0132369
0.564356,0.762376,-0.0156098
0.574257,0.762376,-0.0179675
0.584158,0.762376,-0.0203079
0.594059,0.762376,-0.0226287
0.60396,0.762376,-0.0249277
0.613861,0.762376,-0.0272025
0.623762,0.762376,-0.0294511
0.633663,0.762376,-0.0316713
0.643564,0.762376,-0.0338608
0.653465,0.762376,-0.0360177
0.663366,0.762376,-0.0381398
0.673267,0.762376,-0.040225
0.683168,0.762376,-0.0422713
0.693069,0.762376,-0.0442769
0.70297,0.762376,-0.0462397
0.712871,0.762376,-0.0481578
0.722772,0.762376,-0.0500293
0.732673,0.762376,-0.0518526
0.742574,0.762376,-0.0536258
0.752475,0.762376,-0.0553471
0.762376,0.762376,-0.057015
0.772277,0.762376,-0.0586278
0.782178,0.762376,-0.060184
0.792079,0.762376,-0.061682
0.80198,0.762376,-0.0631204
0.811881,0.762376,-0.0644978
0.821782,0.762376,-0.0658129
0.831683,0.762376,-0.0670644
0.841584,0.762376,-0.0682511
0.851485,0.762376,-0.0693718
0.861386,0.762376,-0.0704255
0.871287,0.762376,-0.071411
0.881188,0.762376,-0.0723276
0.891089,0.762376,-0.0731742
0.90099,0.762376,-0.07395
0.910891,0.762376,-0.0746543
0.920792,0.762376,-0.0752864
0.930693,0.762376,-0.0758457
0.940594,0.762376,-0.0763316
0.950495,0.762376,-0.0767436
0.960396,0.762376,-0.0770813
0.970297,0.762376,-0.0773445
0.980198,0.762376,-0.0775327
0.990099,0.762376,-0.0776459
1,0.762376,-0.0776838
0,0.772277,0.139515
0.00990099,0.772277,0.139447
0.019802,0.772277,0.139244
0.029703,0.772277,0.138906
0.039604,0.772277,0.138433
0.049505,0.772277,0.137826
0.0594059,0.772277,0.137086
0.0693069,0.772277,0.136214
0.0792079,0.772277,0.135209
0.0891089,0.772277,0.134073
0.0990099,0.772277,0.132808
0.108911,0.772277,0.131415
0.118812,0.772277,0.129894
0.128713,0.772277,0.128247
0.138614,0.772277,0.126477
0.148515,0.772277,0.124584
0.158416,0.772277,0.12257
0.168317,0.772277,0.120438
0.178218,0.772277,0.11819
0.188119,0.772277,0.115827
0.19802,0.772277,0.113353
0.207921,0.772277,0.110768
0.217822,0.772277,0.108077
0.227723,0.772277,0.105281
0.237624,0.772277,0.102383
0.247525,0.772277,0.0993867
0.257426,0.772277,0.0962939
0.267327,0.772277,0.0931081
0.277228,0.772277,0.0898322
0.287129,0.772277,0.0864695
0.29703,0.772277,0.0830232
0.306931,0.772277,0.0794966
0.316832,0.772277,0.0758932
0.326733,0.772277,0.0722164
0.336634,0.772277,0.0684698
0.346535,0.772277,0.0646571
0.356436,0.772277,0.0607818
0.366337,0.772277,0.0568477
0.376238,0.772277,0.0528588
0.386139,0.772277,0.0488187
0.39604,0.772277,0.0447314
0.405941,0.772277,0.0406009
0.415842,0.772277,0.0364312
0.425743,0.772277,0.0322262
0.435644,0.772277,0.0279901
0.445545,0.772277,0.0237269
0.455446,0.772277,0.0194408
0.465347,0.772277,0.0151359
0.475248,0.772277,0.0108164
0.485149,0.772277,0.00648638
0.49505,0.772277,0.00215013
0.50495,0.772277,-0.00218821
0.514851,0.772277,-0.00652442
0.524752,0.772277,-0.0108543
0.534653,0.772277,-0.0151738
0.544554,0.772277,-0.0194785
0.554455,0.772277,-0.0237644
0.564356,0.772277,-0.0280274
0.574257,0.772277,-0.0322632
0.584158,0.772277,-0.0364679
0.594059,0.772277,-0.0406373
0.60396,0.772277,-0.0447675
0.613861,0.772277,-0.0488544
0.623762,0.772277,-0.052894
0.633663,0.772277,-0.0568825
0.643564,0.772277,-0.060816
0.653465,0.772277,-0.0646908
0.663366,0.772277,-0.068503
0.673267,0.772277,-0.072249
0.683168,0.772277,-0.0759251
0.693069,0.772277,-0.0795279
0.70297,0.772277,-0.0830538
0.712871,0.772277,-0.0864994
0.722772,0.772277,-0.0898613
0.732673,0.772277,-0.0931364
0.742574,0.772277,-0.0963215
0.752475,0.772277,-0.0994134
0.762376,0.772277,-0.102409
0.772277,0.772277,-0.105306
0.782178,0.772277,-0.108101
0.792079,0.772277,-0.110792
0.80198,0.772277,-0.113375
0.811881,0.772277,-0.115849
0.821782,0.772277,-0.11821
0.831683,0.772277,-0.120458
0.841584,0.772277,-0.122589
0.851485,0.772277,-0.124601
0.861386,0.772277,-0.126493
0.871287,0.772277,-0.128262
0.881188,0.772277,-0.129908
0.891089,0.772277,-0.131427
0.90099,0.772277,-0.13282
0.910891,0.772277,-0.134084
0.920792,0.772277,-0.135218
0.930693,0.772277,-0.136222
0.940594,0.772277,-0.137093
0.950495,0.772277,-0.137832
0.960396,0.772277,-0.138438
0.970297,0.772277,-0.138909
0.980198,0.772277,-0.139246
0.990099,0.772277,-0.139448
1,0.772277,-0.139515
0,0.782178,0.200807
0.00990099,0.782178,0.20071
0.019802,0.782178,0.200419
0.029703,0.782178,0.199933
0.039604,0.782178,0.199254
0.049505,0.782178,0.198382
0.0594059,0.782178,0.197318
0.0693069,0.782178,0.196063
0.0792079,0.782178,0.194618
0.0891089,0.782178,0.192985
0.0990099,0.782178,0.191165
0.108911,0.782178,0.18916
0.118812,0.782178,0.186971
0.128713,0.782178,0.184603
0.138614,0.782178,0.182055
0.148515,0.782178,0.179331
0.158416,0.782178,0.176434
0.168317,0.782178,0.173366
0.178218,0.782178,0.170131
0.188119,0.782178,0.16673
0.19802,0.782178,0.163169
0.207921,0.782178,0.15945
0.217822,0.782178,0.155576
0.227723,0.782178,0.151553
0.237624,0.782178,0.147382
0.247525,0.782178,0.143069
0.257426,0.782178,0.138618
0.267327,0.782178,0.134032
0.277228,0.782178,0.129317
0.287129,0.782178,0.124477
0.29703,0.782178,0.119517
0.306931,0.782178,0.114441
0.316832,0.782178,0.109254
0.326733,0.782178,0.103962
0.336634,0.782178,0.0985691
0.346535,0.782178,0.093081
0.356436,0.782178,0.0875028
0.366337,0.782178,0.0818401
0.376238,0.782178,0.0760982
0.386139,0.782178,0.0702827
0.39604,0.782178,0.0643993
0.405941,0.782178,0.0584536
0.415842,0.782178,0.0524513
0.425743,0.782178,0.0463984
0.435644,0.782178,0.0403006
0.445545,0.782178,0.0341638
0.455446,0.782178,0.027994
0.465347,0.782178,0.0217972
0.475248,0.782178,0.0155792
0.485149,0.782178,0.00934623
0.49505,0.782178,0.00310418
0.50495,0.782178,-0.00314086
0.514851,0.782178,-0.00938287
0.524752,0.782178,-0.0156158
0.534653,0.782178,-0.0218336
0.544554,0.782178,-0.0280304
0.554455,0.782178,-0.0342
0.564356,0.782178,-0.0403365
0.574257,0.782178,-0.0464341
0.584158,0.782178,-0.0524867
0.594059,0.782178,-0.0584887
0.60396,0.782178,-0.064434
0.613861,0.782178,-0.070317
0.623762,0.782178,-0.0761321
0.633663,0.782178,-0.0818735
0.643564,0.782178,-0.0875358
0.653465,0.782178,-0.0931135
0.663366,0.782178,-0.0986011
0.673267,0.782178,-0.103993
0.683168,0.782178,-0.109285
0.693069,0.782178,-0.114471
0.70297,0.782178,-0.119546
0.712871,0.782178,-0.124506
0.722772,0.782178,-0.129345
0.732673,0.782178,-0.13406
0.742574,0.782178,-0.138644
0.752475,0.782178,-0.143095
0.762376,0.782178,-0.147407
0.772277,0.782178,-0.151577
0.782178,0.782178,-0.1556
0.792079,0.782178,-0.159472
0.80198,0.782178,-0.16319
0.811881,0.782178,-0.166751
0.821782,0.782178,-0.17015
0.831683,0.782178,-0.173385
0.841584,0.782178,-0.176452
0.851485,0.782178,-0.179348
0.861386,0.782178,-0.18207
0.871287,0.782178,-0.184617
0.881188,0.782178,-0.186985
0.891089,0.782178,-0.189172
0.90099,0.782178,-0.191176
0.910891,0.782178,-0.192995
0.920792,0.782178,-0.194627
0.930693,0.782178,-0.196071
0.940594,0.782178,-0.197325
0.950495,0.782178,-0.198388
0.960396,0.782178,-0.199259
0.970297,0.782178,-0.199937
0.980198,0.782178,-0.200421
0.990099,0.782178,-0.200711
1,0.782178,-0.200807
0,0.792079,0.261322
0.00990099,0.792079,0.261197
0.019802,0.792079,0.260818
0.029703,0.792079,0.260187
0.039604,0.792079,0.259304
0.049505,0.792079,0.25817
0.0594059,0.792079,0.256786
0.0693069,0.792079,0.255153
0.0792079,0.792079,0.253274
0.0891089,0.792079,0.251149
0.0990099,0.792079,0.248781
0.108911,0.792079,0.246172
0.118812,0.792079,0.243326
0.128713,0.792079,0.240243
0.138614,0.792079,0.236929
0.148515,0.792079,0.233385
0.158416,0.792079,0.229615
0.168317,0.792079,0.225623
0.178218,0.792079,0.221413
0.188119,0.792079,0.216988
0.19802,0.792079,0.212354
0.207921,0.792079,0.207514
0.217822,0.792079,0.202474
0.227723,0.792079,0.197237
0.237624,0.792079,0.19181
0.247525,0.792079,0.186198
0.257426,0.792079,0.180405
0.267327,0.792079,0.174438
0.277228,0.792079,0.168302
0.287129,0.792079,0.162003
0.29703,0.792079,0.155548
0.306931,0.792079,0.148942
0.316832,0.792079,0.142192
0.326733,0.792079,0.135305
0.336634,0.792079,0.128287
0.346535,0.792079,0.121144
0.356436,0.792079,0.113885
0.366337,0.792079,0.106515
0.376238,0.792079,0.0990429
0.386139,0.792079,0.0914746
0.39604,0.792079,0.0838177
0.405941,0.792079,0.0760799
0.415842,0.792079,0.0682684
0.425743,0.792079,0.0603909
0.435644,0.792079,0.0524551
0.445545,0.792079,0.0444685
0.455446,0.792079,0.0364389
0.465347,0.792079,0.028374
0.475248,0.792079,0.0202817
0.485149,0.792079,0.0121698
0.49505,0.792079,0.00404617
0.50495,0.792079,-0.00408141
0.514851,0.792079,-0.012205
0.524752,0.792079,-0.0203169
0.534653,0.792079,-0.0284091
0.544554,0.792079,-0.0364738
0.554455,0.792079,-0.0445032
0.564356,0.792079,-0.0524896
0.574257,0.792079,-0.0604252
0.584158,0.792079,-0.0683024
0.594059,0.792079,-0.0761136
0.60396,0.792079,-0.0838511
0.613861,0.792079,-0.0915076
0.623762,0.792079,-0.0990755
0.633663,0.792079,-0.106548
0.643564,0.792079,-0.113917
0.653465,0.792079,-0.121176
0.663366,0.792079,-0.128317
0.673267,0.792079,-0.135335
0.683168,0.792079,-0.142222
0.693069,0.792079,-0.148971
0.70297,0.792079,-0.155576
0.712871,0.792079,-0.162031
0.722772,0.792079,-0.168329
0.732673,0.792079,-0.174464
0.742574,0.792079,-0.180431
0.752475,0.792079,-0.186222
0.762376,0.792079,-0.191834
0.772277,0.792079,-0.197261
0.782178,0.792079,-0.202496
0.792079,0.792079,-0.207536
0.80198,0.792079,-0.212374
0.811881,0.792079,-0.217008
0.821782,0.792079,-0.221431
0.831683,0.792079,-0.225641
0.841584,0.792079,-0.229632
0.851485,0.792079,-0.2334
0.861386,0.792079,-0.236943
0.871287,0.792079,-0.240257
0.881188,0.792079,-0.243338
0.891089,0.792079,-0.246184
0.90099,0.792079,-0.248792
0.910891,0.792079,-0.251159
0.920792,0.792079,-0.253282
0.930693,0.792079,-0.255161
0.940594,0.792079,-0.256793
0.950495,0.792079,-0.258175
0.960396,0.792079,-0.259308
0.970297,0.792079,-0.26019
0.980198,0.792079,-0.26082
0.990099,0.792079,-0.261198
1,0.792079,-0.261322
0,0.80198,0.320826
0.00990099,0.80198,0.320672
0.019802,0.80198,0.320208
0.029703,0.80198,0.319434
0.039604,0.80198,0.318351
0.049505,0.80198,0.316959
0.0594059,0.80198,0.31526
0.0693069,0.80198,0.313257
0.0792079,0.80198,0.31095
0.0891089,0.80198,0.308341
0.0990099,0.80198,0.305435
0.108911,0.80198,0.302233
0.118812,0.80198,0.298738
0.128713,0.80198,0.294954
0.138614,0.80198,0.290885
0.148515,0.80198,0.286535
0.158416,0.80198,0.281907
0.168317,0.80198,0.277006
0.178218,0.80198,0.271838
0.188119,0.80198,0.266406
0.19802,0.80198,0.260717
0.207921,0.80198,0.254775
0.217822,0.80198,0.248587
0.227723,0.80198,0.242159
0.237624,0.80198,0.235496
0.247525,0.80198,0.228606
0.257426,0.80198,0.221494
0.267327,0.80198,0.214168
0.277228,0.80198,0.206635
0.287129,0.80198,0.198902
0.29703,0.80198,0.190977
0.306931,0.80198,0.182867
0.316832,0.80198,0.17458
0.326733,0.80198,0.166124
0.336634,0.80198,0.157508
0.346535,0.80198,0.148739
0.356436,0.80198,0.139826
0.366337,0.80198,0.130779
0.376238,0.80198,0.121604
0.386139,0.80198,0.112312
0.39604,0.80198,0.102912
0.405941,0.80198,0.0934116
0.415842,0.80198,0.0838212
0.425743,0.80198,0.0741497
0.435644,0.80198,0.0644064
0.445545,0.80198,0.0546009
0.455446,0.80198,0.0447426
0.465347,0.80198,0.034841
0.475248,0.80198,0.0249057
0.485149,0.80198,0.0149463
0.49505,0.80198,0.00497244
0.50495,0.80198,-0.00500622
0.514851,0.80198,-0.01498
0.524752,0.80198,-0.0249394
0.534653,0.80198,-0.0348746
0.544554,0.80198,-0.044776
0.554455,0.80198,-0.0546342
0.564356,0.80198,-0.0644395
0.574257,0.80198,-0.0741825
0.584158,0.80198,-0.0838538
0.594059,0.80198,-0.093444
0.60396,0.80198,-0.102944
0.613861,0.80198,-0.112344
0.623762,0.80198,-0.121636
0.633663,0.80198,-0.130809
0.643564,0.80198,-0.139857
0.653465,0.80198,-0.148769
0.663366,0.80198,-0.157537
0.673267,0.80198,-0.166153
0.683168,0.80198,-0.174608
0.693069,0.80198,-0.182895
0.70297,0.80198,-0.191004
0.712871,0.80198,-0.198929
0.722772,0.80198,-0.206661
0.732673,0.80198,-0.214193
0.742574,0.80198,-0.221518
0.752475,0.80198,-0.228629
0.762376,0.80198,-0.235519
0.772277,0.80198,-0.242181
0.782178,0.80198,-0.248609
0.792079,0.80198,-0.254796
0.80198,0.80198,-0.260736
0.811881,0.80198,-0.266425
0.821782,0.80198,-0.271856
0.831683,0.80198,-0.277023
0.841584,0.80198,-0.281923
0.851485,0.80198,-0.28655
0.861386,0.80198,-0.2909
0.871287,0.80198,-0.294968
0.881188,0.80198,-0.29875
0.891089,0.80198,-0.302244
0.90099,0.80198,-0.305445
0.910891,0.80198,-0.308351
0.920792,0.80198,-0.310958
0.930693,0.80198,-0.313264
0.940594,0.80198,-0.315267
0.950495,0.80198,-0.316964
0.960396,0.80198,-0.318355
0.970297,0.80198,-0.319437
0.980198,0.80198,-0.32021
0.990099,0.80198,-0.320673
1,0.80198,-0.320826
0,0.811881,0.379088
0.00990099,0.811881,0.378908
0.019802,0.811881,0.37836
0.029703,0.811881,0.377446
0.039604,0.811881,0.376166
0.049505,0.811881,0.374522
0.0594059,0.811881,0.372515
0.0693069,0.811881,0.370148
0.0792079,0.811881,0.367422
0.0891089,0.811881,0.364341
0.0990099,0.811881,0.360907
0.108911,0.811881,0.357124
0.118812,0.811881,0.352995
0.128713,0.811881,0.348524
0.138614,0.811881,0.343716
0.148515,0.811881,0.338576
0.158416,0.811881,0.333108
0.168317,0.811881,0.327318
0.178218,0.811881,0.321211
0.188119,0.811881,0.314793
0.19802,0.811881,0.308071
0.207921,0.811881,0.30105
0.217822,0.811881,0.293739
0.227723,0.811881,0.286143
0.237624,0.811881,0.27827
0.247525,0.811881,0.270129
0.257426,0.811881,0.261726
0.267327,0.811881,0.253069
0.277228,0.811881,0.244168
0.287129,0.811881,0.235031
0.29703,0.811881,0.225667
0.306931,0.811881,0.216084
0.316832,0.811881,0.206292
0.326733,0.811881,0.1963
0.336634,0.811881,0.186119
0.346535,0.811881,0.175758
0.356436,0.811881,0.165227
0.366337,0.811881,0.154535
0.376238,0.811881,0.143695
0.386139,0.811881,0.132715
0.39604,0.811881,0.121607
0.405941,0.811881,0.110382
0.415842,0.811881,0.0990495
0.425743,0.811881,0.0876214
0.435644,0.811881,0.0761085
0.445545,0.811881,0.064522
0.455446,0.811881,0.0528731
0.465347,0.811881,0.041173
0.475248,0.811881,0.0294332
0.485149,0.811881,0.0176648
0.49505,0.811881,0.00587941
0.50495,0.811881,-0.0059117
0.514851,0.811881,-0.0176971
0.524752,0.811881,-0.0294654
0.534653,0.811881,-0.0412051
0.544554,0.811881,-0.052905
0.554455,0.811881,-0.0645538
0.564356,0.811881,-0.0761401
0.574257,0.811881,-0.0876528
0.584158,0.811881,-0.0990807
0.594059,0.811881,-0.110413
0.60396,0.811881,-0.121638
0.613861,0.811881,-0.132746
0.623762,0.811881,-0.143725
0.633663,0.811881,-0.154565
0.643564,0.811881,-0.165256
0.653465,0.811881,-0.175787
0.663366,0.811881,-0.186147
0.673267,0.811881,-0.196328
0.683168,0.811881,-0.206319
0.693069,0.811881,-0.21611
0.70297,0.811881,-0.225693
0.712871,0.811881,-0.235056
0.722772,0.811881,-0.244193
0.732673,0.811881,-0.253093
0.742574,0.811881,-0.261749
0.752475,0.811881,-0.270151
0.762376,0.811881,-0.278292
0.772277,0.811881,-0.286164
0.782178,0.811881,-0.293759
0.792079,0.811881,-0.30107
0.80198,0.811881,-0.308089
0.811881,0.811881,-0.314811
0.821782,0.811881,-0.321228
0.831683,0.811881,-0.327334
0.841584,0.811881,-0.333123
0.851485,0.811881,-0.33859
0.861386,0.811881,-0.34373
0.871287,0.811881,-0.348537
0.881188,0.811881,-0.353006
0.891089,0.811881,-0.357134
0.90099,0.811881,-0.360917
0.910891,0.811881,-0.36435
0.920792,0.811881,-0.36743
0.930693,0.811881,-0.370155
0.940594,0.811881,-0.372521
0.950495,0.811881,-0.374527
0.960396,0.811881,-0.37617
0.970297,0.811881,-0.377449
0.980198,0.811881,-0.378362
0.990099,0.811881,-0.378909
1,0.811881,-0.379088
0,0.821782,0.435884
0.00990099,0.821782,0.435677
0.019802,0.821782,0.435047
0.029703,0.821782,0.433996
0.039604,0.821782,0.432525
0.049505,0.821782,0.430635
0.0594059,0.821782,0.428328
0.0693069,0.821782,0.425607
0.0792079,0.821782,0.422473
0.0891089,0.821782,0.41893
0.0990099,0.821782,0.414982
0.108911,0.821782,0.410632
0.118812,0.821782,0.405885
0.128713,0.821782,0.400745
0.138614,0.821782,0.395217
0.148515,0.821782,0.389307
0.158416,0.821782,0.38302
0.168317,0.821782,0.376362
0.178218,0.821782,0.369341
0.188119,0.821782,0.361962
0.19802,0.821782,0.354232
0.207921,0.821782,0.34616
0.217822,0.821782,0.337753
0.227723,0.821782,0.32902
0.237624,0.821782,0.319968
0.247525,0.821782,0.310606
0.257426,0.821782,0.300944
0.267327,0.821782,0.290991
0.277228,0.821782,0.280757
0.287129,0.821782,0.270251
0.29703,0.821782,0.259483
0.306931,0.821782,0.248464
0.316832,0.821782,0.237205
0.326733,0.821782,0.225717
0.336634,0.821782,0.21401
0.346535,0.821782,0.202096
0.356436,0.821782,0.189987
0.366337,0.821782,0.177694
0.376238,0.821782,0.165229
0.386139,0.821782,0.152605
0.39604,0.821782,0.139832
0.405941,0.821782,0.126925
0.415842,0.821782,0.113894
0.425743,0.821782,0.100754
0.435644,0.821782,0.0875159
0.445545,0.821782,0.0741933
0.455446,0.821782,0.0607989
0.465347,0.821782,0.0473457
0.475248,0.821782,0.0338467
0.485149,0.821782,0.020315
0.49505,0.821782,0.00676358
0.50495,0.821782,-0.00679434
0.514851,0.821782,-0.0203457
0.524752,0.821782,-0.0338774
0.534653,0.821782,-0.0473763
0.544554,0.821782,-0.0608294
0.554455,0.821782,-0.0742236
0.564356,0.821782,-0.087546
0.574257,0.821782,-0.100784
0.584158,0.821782,-0.113924
0.594059,0.821782,-0.126954
0.60396,0.821782,-0.139861
0.613861,0.821782,-0.152633
0.623762,0.821782,-0.165258
0.633663,0.821782,-0.177722
0.643564,0.821782,-0.190015
0.653465,0.821782,-0.202124
0.663366,0.821782,-0.214037
0.673267,0.821782,-0.225743
0.683168,0.821782,-0.237231
0.693069,0.821782,-0.24849
0.70297,0.821782,-0.259508
0.712871,0.821782,-0.270275
0.722772,0.821782,-0.28078
0.732673,0.821782,-0.291014
0.742574,0.821782,-0.300967
0.752475,0.821782,-0.310628
0.762376,0.821782,-0.319989
0.772277,0.821782,-0.32904
0.782178,0.821782,-0.337773
0.792079,0.821782,-0.346179
0.80198,0.821782,-0.35425
0.811881,0.821782,-0.361979
0.821782,0.821782,-0.369357
0.831683,0.821782,-0.376378
0.841584,0.821782,-0.383035
0.851485,0.821782,-0.389321
0.861386,0.821782,-0.39523
0.871287,0.821782,-0.400757
0.881188,0.821782,-0.405896
0.891089,0.821782,-0.410643
0.90099,0.821782,-0.414992
0.910891,0.821782,-0.418939
0.920792,0.821782,-0.42248
0.930693,0.821782,-0.425613
0.940594,0.821782,-0.428334
0.950495,0.821782,-0.43064
0.960396,0.821782,-0.432529
0.970297,0.821782,-0.433999
0.980198,0.821782,-0.435049
0.990099,0.821782,-0.435678
1,0.821782,-0.435884
0,0.831683,0.490994
0.00990099,0.831683,0.490761
0.019802,0.831683,0.490052
0.029703,0.831683,0.488868
0.039604,0.831683,0.487211
0.049505,0.831683,0.485083
0.0594059,0.831683,0.482484
0.0693069,0.831683,0.479419
0.0792079,0.831683,0.475889
0.0891089,0.831683,0.471899
0.0990099,0.831683,0.467452
0.108911,0.831683,0.462552
0.118812,0.831683,0.457205
0.128713,0.831683,0.451415
0.138614,0.831683,0.445189
0.148515,0.831683,0.438531
0.158416,0.831683,0.43145
0.168317,0.831683,0.423951
0.178218,0.831683,0.416041
0.188119,0.831683,0.407729
0.19802,0.831683,0.399023
0.207921,0.831683,0.389931
0.217822,0.831683,0.380461
0.227723,0.831683,0.370623
0.237624,0.831683,0.360427
0.247525,0.831683,0.349882
0.257426,0.831683,0.338998
0.267327,0.831683,0.327787
0.277228,0.831683,0.316258
0.287129,0.831683,0.304424
0.29703,0.831683,0.292295
0.306931,0.831683,0.279883
0.316832,0.831683,0.267201
0.326733,0.831683,0.25426
0.336634,0.831683,0.241073
0.346535,0.831683,0.227653
0.356436,0.831683,0.214013
0.366337,0.831683,0.200165
0.376238,0.831683,0.186124
0.386139,0.831683,0.171903
0.39604,0.831683,0.157516
0.405941,0.831683,0.142976
0.415842,0.831683,0.128298
0.425743,0.831683,0.113496
0.435644,0.831683,0.0985846
0.445545,0.831683,0.0835774
0.455446,0.831683,0.0684894
0.465347,0.831683,0.0533351
0.475248,0.831683,0.0381292
0.485149,0.831683,0.0228864
0.49505,0.831683,0.00762153
0.50495,0.831683,-0.00765074
0.514851,0.831683,-0.0229156
0.524752,0.831683,-0.0381583
0.534653,0.831683,-0.0533641
0.544554,0.831683,-0.0685183
0.554455,0.831683,-0.0836062
0.564356,0.831683,-0.0986132
0.574257,0.831683,-0.113525
0.584158,0.831683,-0.128327
0.594059,0.831683,-0.143004
0.60396,0.831683,-0.157544
0.613861,0.831683,-0.171931
0.623762,0.831683,-0.186151
0.633663,0.831683,-0.200192
0.643564,0.831683,-0.214039
0.653465,0.831683,-0.227679
0.663366,0.831683,-0.241098
0.673267,0.831683,-0.254285
0.683168,0.831683,-0.267225
0.693069,0.831683,-0.279907
0.70297,0.831683,-0.292318
0.712871,0.831683,-0.304447
0.722772,0.831683,-0.316281
0.732673,0.831683,-0.327809
0.742574,0.831683,-0.33902
0.752475,0.831683,-0.349902
0.762376,0.831683,-0.360447
0.772277,0.831683,-0.370642
0.782178,0.831683,-0.380479
0.792079,0.831683,-0.389948
0.80198,0.831683,-0.39904
0.811881,0.831683,-0.407746
0.821782,0.831683,-0.416057
0.831683,0.831683,-0.423965
0.841584,0.831683,-0.431464
0.851485,0.831683,-0.438545
0.861386,0.831683,-0.445201
0.871287,0.831683,-0.451427
0.881188,0.831683,-0.457216
0.891089,0.831683,-0.462562
0.90099,0.831683,-0.467461
0.910891,0.831683,-0.471907
0.920792,0.831683,-0.475896
0.930693,0.831683,-0.479425
0.940594,0.831683,-0.48249
0.950495,0.831683,-0.485087
0.960396,0.831683,-0.487215
0.970297,0.831683,-0.488871
0.980198,0.831683,-0.490054
0.990099,0.831683,-0.490762
1,0.831683,-0.490994
0,0.841584,0.544204
0.00990099,0.841584,0.543946
0.019802,0.841584,0.54316
0.029703,0.841584,0.541849
0.039604,0.841584,0.540012
0.049505,0.841584,0.537653
0.0594059,0.841584,0.534773
0.0693069,0.841584,0.531376
0.0792079,0.841584,0.527464
0.0891089,0.841584,0.523041
0.0990099,0.841584,0.518112
0.108911,0.841584,0.512682
0.118812,0.841584,0.506756
0.128713,0.841584,0.500339
0.138614,0.841584,0.493438
0.148515,0.841584,0.486059
0.158416,0.841584,0.47821
0.168317,0.841584,0.469898
0.178218,0.841584,0.461132
0.188119,0.841584,0.451919
0.19802,0.841584,0.44227
0.207921,0.841584,0.432192
0.217822,0.841584,0.421696
0.227723,0.841584,0.410792
0.237624,0.841584,0.399491
0.247525,0.841584,0.387803
0.257426,0.841584,0.37574
0.267327,0.841584,0.363314
0.277228,0.841584,0.350536
0.287129,0.841584,0.337419
0.29703,0.841584,0.323976
0.306931,0.841584,0.310219
0.316832,0.841584,0.296162
0.326733,0.841584,0.281819
0.336634,0.841584,0.267203
0.346535,0.841584,0.252328
0.356436,0.841584,0.23721
0.366337,0.841584,0.221862
0.376238,0.841584,0.206299
0.386139,0.841584,0.190537
0.39604,0.841584,0.17459
0.405941,0.841584,0.158475
0.415842,0.841584,0.142206
0.425743,0.841584,0.1258
0.435644,0.841584,0.109272
0.445545,0.841584,0.092638
0.455446,0.841584,0.0759147
0.465347,0.841584,0.059118
0.475248,0.841584,0.0422641
0.485149,0.841584,0.0253693
0.49505,0.841584,0.00844995
0.50495,0.841584,-0.00847757
0.514851,0.841584,-0.0253969
0.524752,0.841584,-0.0422916
0.534653,0.841584,-0.0591455
0.544554,0.841584,-0.0759421
0.554455,0.841584,-0.0926652
0.564356,0.841584,-0.109299
0.574257,0.841584,-0.125827
0.584158,0.841584,-0.142233
0.594059,0.841584,-0.158501
0.60396,0.841584,-0.174616
0.613861,0.841584,-0.190563
0.623762,0.841584,-0.206324
0.633663,0.841584,-0.221887
0.643564,0.841584,-0.237234
0.653465,0.841584,-0.252353
0.663366,0.841584,-0.267227
0.673267,0.841584,-0.281842
0.683168,0.841584,-0.296185
0.693069,0.841584,-0.310242
0.70297,0.841584,-0.323998
0.712871,0.841584,-0.337441
0.722772,0.841584,-0.350557
0.732673,0.841584,-0.363335
0.742574,0.841584,-0.37576
0.752475,0.841584,-0.387823
0.762376,0.841584,-0.39951
0.772277,0.841584,-0.41081
0.782178,0.841584,-0.421714
0.792079,0.841584,-0.432209
0.80198,0.841584,-0.442286
0.811881,0.841584,-0.451935
0.821782,0.841584,-0.461147
0.831683,0.841584,-0.469912
0.841584,0.841584,-0.478223
0.851485,0.841584,-0.486071
0.861386,0.841584,-0.493449
0.871287,0.841584,-0.50035
0.881188,0.841584,-0.506766
0.891089,0.841584,-0.512691
0.90099,0.841584,-0.518121
0.910891,0.841584,-0.523049
0.920792,0.841584,-0.527471
0.930693,0.841584,-0.531382
0.940594,0.841584,-0.534778
0.950495,0.841584,-0.537657
0.960396,0.841584,-0.540016
0.970297,0.841584,-0.541851
0.980198,0.841584,-0.543162
0.990099,0.841584,-0.543946
1,0.841584,-0.544204
0,0.851485,0.595309
0.00990099,0.851485,0.595026
0.019802,0.851485,0.594167
0.029703,0.851485,0.592732
0.039604,0.851485,0.590724
0.049505,0.851485,0.588143
0.0594059,0.851485,0.584993
0.0693069,0.851485,0.581277
0.0792079,0.851485,0.576998
0.0891089,0.851485,0.57216
0.0990099,0.851485,0.566768
0.108911,0.851485,0.560828
0.118812,0.851485,0.554345
0.128713,0.851485,0.547326
0.138614,0.851485,0.539777
0.148515,0.851485,0.531706
0.158416,0.851485,0.52312
0.168317,0.851485,0.514028
0.178218,0.851485,0.504438
0.188119,0.851485,0.494361
0.19802,0.851485,0.483805
0.207921,0.851485,0.472781
0.217822,0.851485,0.461299
0.227723,0.851485,0.449372
0.237624,0.851485,0.437009
0.247525,0.851485,0.424224
0.257426,0.851485,0.411029
0.267327,0.851485,0.397435
0.277228,0.851485,0.383457
0.287129,0.851485,0.369109
0.29703,0.851485,0.354403
0.306931,0.851485,0.339354
0.316832,0.851485,0.323977
0.326733,0.851485,0.308287
0.336634,0.851485,0.292298
0.346535,0.851485,0.276027
0.356436,0.851485,0.259489
0.366337,0.851485,0.242699
0.376238,0.851485,0.225675
0.386139,0.851485,0.208433
0.39604,0.851485,0.190989
0.405941,0.851485,0.17336
0.415842,0.851485,0.155563
0.425743,0.851485,0.137616
0.435644,0.851485,0.119536
0.445545,0.851485,0.10134
0.455446,0.851485,0.0830463
0.465347,0.851485,0.0646721
0.475248,0.851485,0.0462354
0.485149,0.851485,0.0277539
0.49505,0.851485,0.00924561
0.50495,0.851485,-0.00927163
0.514851,0.851485,-0.0277799
0.524752,0.851485,-0.0462613
0.534653,0.851485,-0.064698
0.544554,0.851485,-0.083072
0.554455,0.851485,-0.101366
0.564356,0.851485,-0.119561
0.574257,0.851485,-0.137641
0.584158,0.851485,-0.155588
0.594059,0.851485,-0.173385
0.60396,0.851485,-0.191013
0.613861,0.851485,-0.208457
0.623762,0.851485,-0.225699
0.633663,0.851485,-0.242723
0.643564,0.851485,-0.259512
0.653465,0.851485,-0.27605
0.663366,0.851485,-0.292321
0.673267,0.851485,-0.308309
0.683168,0.851485,-0.323999
0.693069,0.851485,-0.339376
0.70297,0.851485,-0.354424
0.712871,0.851485,-0.369129
0.722772,0.851485,-0.383477
0.732673,0.851485,-0.397455
0.742574,0.851485,-0.411047
0.752475,0.851485,-0.424242
0.762376,0.851485,-0.437027
0.772277,0.851485,-0.449389
0.782178,0.851485,-0.461316
0.792079,0.851485,-0.472797
0.80198,0.851485,-0.48382
0.811881,0.851485,-0.494375
0.821782,0.851485,-0.504452
0.831683,0.851485,-0.514041
0.841584,0.851485,-0.523132
0.851485,0.851485,-0.531717
0.861386,0.851485,-0.539788
0.871287,0.851485,-0.547336
0.881188,0.851485,-0.554355
0.891089,0.851485,-0.560837
0.90099,0.851485,-0.566776
0.910891,0.851485,-0.572167
0.920792,0.851485,-0.577004
0.930693,0.851485,-0.581282
0.940594,0.851485,-0.584998
0.950495,0.851485,-0.588147
0.960396,0.851485,-0.590727
0.970297,0.851485,-0.592735
0.980198,0.851485,-0.594169
0.990099,0.851485,-0.595027
1,0.851485,-0.595309
0,0.861386,0.64411
0.00990099,0.861386,0.643805
0.019802,0.861386,0.642875
0.029703,0.861386,0.641323
0.039604,0.861386,0.63915
0.049505,0.861386,0.636358
0.0594059,0.861386,0.63295
0.0693069,0.861386,0.628929
0.0792079,0.861386,0.624299
0.0891089,0.861386,0.619065
0.0990099,0.861386,0.613231
0.108911,0.861386,0.606804
0.118812,0.861386,0.59979
0.128713,0.861386,0.592195
0.138614,0.861386,0.584028
0.148515,0.861386,0.575295
0.158416,0.861386,0.566005
0.168317,0.861386,0.556168
0.178218,0.861386,0.545792
0.188119,0.861386,0.534889
0.19802,0.861386,0.523468
0.207921,0.861386,0.51154
0.217822,0.861386,0.499118
0.227723,0.861386,0.486212
0.237624,0.861386,0.472836
0.247525,0.861386,0.459003
0.257426,0.861386,0.444726
0.267327,0.861386,0.430018
0.277228,0.861386,0.414895
0.287129,0.861386,0.39937
0.29703,0.861386,0.383458
0.306931,0.861386,0.367176
0.316832,0.861386,0.350539
0.326733,0.861386,0.333562
0.336634,0.861386,0.316263
0.346535,0.861386,0.298658
0.356436,0.861386,0.280763
0.366337,0.861386,0.262598
0.376238,0.861386,0.244178
0.386139,0.861386,0.225522
0.39604,0.861386,0.206648
0.405941,0.861386,0.187574
0.415842,0.861386,0.168318
0.425743,0.861386,0.1489
0.435644,0.861386,0.129337
0.445545,0.861386,0.10965
0.455446,0.861386,0.0898564
0.465347,0.861386,0.0699759
0.475248,0.861386,0.0500277
0.485149,0.861386,0.0300311
0.49505,0.861386,0.0100055
0.50495,0.861386,-0.0100298
0.514851,0.861386,-0.0300555
0.524752,0.861386,-0.050052
0.534653,0.861386,-0.0700001
0.544554,0.861386,-0.0898805
0.554455,0.861386,-0.109674
0.564356,0.861386,-0.129361
0.574257,0.861386,-0.148924
0.584158,0.861386,-0.168342
0.594059,0.861386,-0.187597
0.60396,0.861386,-0.206671
0.613861,0.861386,-0.225545
0.623762,0.861386,-0.2442
0.633663,0.861386,-0.26262
0.643564,0.861386,-0.280785
0.653465,0.861386,-0.298679
0.663366,0.861386,-0.316284
0.673267,0.861386,-0.333583
0.683168,0.861386,-0.350559
0.693069,0.861386,-0.367196
0.70297,0.861386,-0.383478
0.712871,0.861386,-0.399389
0.722772,0.861386,-0.414913
0.732673,0.861386,-0.430036
0.742574,0.861386,-0.444744
0.752475,0.861386,-0.45902
0.762376,0.861386,-0.472853
0.772277,0.861386,-0.486228
0.782178,0.861386,-0.499133
0.792079,0.861386,-0.511555
0.80198,0.861386,-0.523482
0.811881,0.861386,-0.534902
0.821782,0.861386,-0.545805
0.831683,0.861386,-0.55618
0.841584,0.861386,-0.566017
0.851485,0.861386,-0.575306
0.861386,0.861386,-0.584038
0.871287,0.861386,-0.592205
0.881188,0.861386,-0.599799
0.891089,0.861386,-0.606813
0.90099,0.861386,-0.613239
0.910891,0.861386,-0.619071
0.920792,0.861386,-0.624305
0.930693,0.861386,-0.628934
0.940594,0.861386,-0.632954
0.950495,0.861386,-0.636362
0.960396,0.861386,-0.639153
0.970297,0.861386,-0.641325
0.980198,0.861386,-0.642877
0.990099,0.861386,-0.643805
1,0.861386,-0.64411
0,0.871287,0.69042
0.00990099,0.871287,0.690092
0.019802,0.871287,0.689096
0.029703,0.871287,0.687432
0.039604,0.871287,0.685103
0.049505,0.871287,0.68211
0.0594059,0.871287,0.678457
0.0693069,0.871287,0.674147
0.0792079,0.871287,0.669184
0.0891089,0.871287,0.663574
0.0990099,0.871287,0.657321
0.108911,0.871287,0.650432
0.118812,0.871287,0.642914
0.128713,0.871287,0.634773
0.138614,0.871287,0.626018
0.148515,0.871287,0.616658
0.158416,0.871287,0.6067
0.168317,0.871287,0.596156
0.178218,0.871287,0.585034
0.188119,0.871287,0.573347
0.19802,0.871287,0.561105
0.207921,0.871287,0.54832
0.217822,0.871287,0.535004
0.227723,0.871287,0.521171
0.237624,0.871287,0.506834
0.247525,0.871287,0.492006
0.257426,0.871287,0.476702
0.267327,0.871287,0.460937
0.277228,0.871287,0.444726
0.287129,0.871287,0.428085
0.29703,0.871287,0.41103
0.306931,0.871287,0.393577
0.316832,0.871287,0.375744
0.326733,0.871287,0.357546
0.336634,0.871287,0.339003
0.346535,0.871287,0.320132
0.356436,0.871287,0.300952
0.366337,0.871287,0.28148
0.376238,0.871287,0.261736
0.386139,0.871287,0.241738
0.39604,0.871287,0.221507
0.405941,0.871287,0.201062
0.415842,0.871287,0.180422
0.425743,0.871287,0.159607
0.435644,0.871287,0.138638
0.445545,0.871287,0.117535
0.455446,0.871287,0.0963187
0.465347,0.871287,0.0750088
0.475248,0.871287,0.0536264
0.485149,0.871287,0.032192
0.49505,0.871287,0.0107266
0.50495,0.871287,-0.0107493
0.514851,0.871287,-0.0322147
0.524752,0.871287,-0.053649
0.534653,0.871287,-0.0750314
0.544554,0.871287,-0.0963412
0.554455,0.871287,-0.117558
0.564356,0.871287,-0.138661
0.574257,0.871287,-0.159629
0.584158,0.871287,-0.180444
0.594059,0.871287,-0.201084
0.60396,0.871287,-0.221529
0.613861,0.871287,-0.24176
0.623762,0.871287,-0.261757
0.633663,0.871287,-0.281501
0.643564,0.871287,-0.300972
0.653465,0.871287,-0.320152
0.663366,0.871287,-0.339023
0.673267,0.871287,-0.357566
0.683168,0.871287,-0.375763
0.693069,0.871287,-0.393596
0.70297,0.871287,-0.411048
0.712871,0.871287,-0.428103
0.722772,0.871287,-0.444744
0.732673,0.871287,-0.460954
0.742574,0.871287,-0.476719
0.752475,0.871287,-0.492022
0.762376,0.871287,-0.506849
0.772277,0.871287,-0.521186
0.782178,0.871287,-0.535019
0.792079,0.871287,-0.548334
0.80198,0.871287,-0.561118
0.811881,0.871287,-0.57336
0.821782,0.871287,-0.585047
0.831683,0.871287,-0.596167
0.841584,0.871287,-0.606711
0.851485,0.871287,-0.616668
0.861386,0.871287,-0.626028
0.871287,0.871287,-0.634782
0.881188,0.871287,-0.642922
0.891089,0.871287,-0.65044
0.90099,0.871287,-0.657328
0.910891,0.871287,-0.66358
0.920792,0.871287,-0.66919
0.930693,0.871287,-0.674152
0.940594,0.871287,-0.678461
0.950495,0.871287,-0.682114
0.960396,0.871287,-0.685106
0.970297,0.871287,-0.687435
0.980198,0.871287,-0.689097
0.990099,0.871287,-0.690093
1,0.871287,-0.69042
0,0.881188,0.734059
0.00990099,0.881188,0.73371
0.019802,0.881188,0.732651
0.029703,0.881188,0.730882
0.039604,0.881188,0.728405
0.049505,0.881188,0.725224
0.0594059,0.881188,0.721339
0.0693069,0.881188,0.716757
0.0792079,0.881188,0.711481
0.0891089,0.881188,0.705516
0.0990099,0.881188,0.698868
0.108911,0.881188,0.691544
0.118812,0.881188,0.68355
0.128713,0.881188,0.674895
0.138614,0.881188,0.665587
0.148515,0.881188,0.655634
0.158416,0.881188,0.645048
0.168317,0.881188,0.633837
0.178218,0.881188,0.622013
0.188119,0.881188,0.609587
0.19802,0.881188,0.596571
0.207921,0.881188,0.582978
0.217822,0.881188,0.568821
0.227723,0.881188,0.554113
0.237624,0.881188,0.53887
0.247525,0.881188,0.523105
0.257426,0.881188,0.506834
0.267327,0.881188,0.490072
0.277228,0.881188,0.472837
0.287129,0.881188,0.455144
0.29703,0.881188,0.437011
0.306931,0.881188,0.418455
0.316832,0.881188,0.399494
0.326733,0.881188,0.380147
0.336634,0.881188,0.360432
0.346535,0.881188,0.340368
0.356436,0.881188,0.319975
0.366337,0.881188,0.299273
0.376238,0.881188,0.278281
0.386139,0.881188,0.257019
0.39604,0.881188,0.235509
0.405941,0.881188,0.213772
0.415842,0.881188,0.191827
0.425743,0.881188,0.169697
0.435644,0.881188,0.147403
0.445545,0.881188,0.124966
0.455446,0.881188,0.102408
0.465347,0.881188,0.0797514
0.475248,0.881188,0.0570175
0.485149,0.881188,0.0342283
0.49505,0.881188,0.0114061
0.50495,0.881188,-0.0114272
0.514851,0.881188,-0.0342494
0.524752,0.881188,-0.0570385
0.534653,0.881188,-0.0797724
0.544554,0.881188,-0.102429
0.554455,0.881188,-0.124987
0.564356,0.881188,-0.147423
0.574257,0.881188,-0.169718
0.584158,0.881188,-0.191848
0.594059,0.881188,-0.213792
0.60396,0.881188,-0.235529
0.613861,0.881188,-0.257039
0.623762,0.881188,-0.2783
0.633663,0.881188,-0.299292
0.643564,0.881188,-0.319994
0.653465,0.881188,-0.340387
0.663366,0.881188,-0.36045
0.673267,0.881188,-0.380165
0.683168,0.881188,-0.399512
0.693069,0.881188,-0.418472
0.70297,0.881188,-0.437028
0.712871,0.881188,-0.455161
0.722772,0.881188,-0.472853
0.732673,0.881188,-0.490088
0.742574,0.881188,-0.506849
0.752475,0.881188,-0.52312
0.762376,0.881188,-0.538884
0.772277,0.881188,-0.554127
0.782178,0.881188,-0.568834
0.792079,0.881188,-0.58299
0.80198,0.881188,-0.596583
0.811881,0.881188,-0.609598
0.821782,0.881188,-0.622024
0.831683,0.881188,-0.633847
0.841584,0.881188,-0.645058
0.851485,0.881188,-0.655644
0.861386,0.881188,-0.665596
0.871287,0.881188,-0.674903
0.881188,0.881188,-0.683558
0.891089,0.881188,-0.691551
0.90099,0.881188,-0.698874
0.910891,0.881188,-0.705522
0.920792,0.881188,-0.711486
0.930693,0.881188,-0.716762
0.940594,0.881188,-0.721343
0.950495,0.881188,-0.725227
0.960396,0.881188,-0.728408
0.970297,0.881188,-0.730884
0.980198,0.881188,-0.732652
0.990099,0.881188,-0.733711
1,0.881188,-0.734059
0,0.891089,0.774857
0.00990099,0.891089,0.774489
0.019802,0.891089,0.773371
0.029703,0.891089,0.771504
0.039604,0.891089,0.76889
0.049505,0.891089,0.765531
0.0594059,0.891089,0.761431
0.0693069,0.891089,0.756594
0.0792079,0.891089,0.751024
0.0891089,0.891089,0.744728
0.0990099,0.891089,0.73771
0.108911,0.891089,0.729979
0.118812,0.891089,0.721541
0.128713,0.891089,0.712405
0.138614,0.891089,0.702579
0.148515,0.891089,0.692074
0.158416,0.891089,0.680899
0.168317,0.891089,0.669065
0.178218,0.891089,0.656584
0.188119,0.891089,0.643467
0.19802,0.891089,0.629728
0.207921,0.891089,0.61538
0.217822,0.891089,0.600436
0.227723,0.891089,0.584911
0.237624,0.891089,0.56882
0.247525,0.891089,0.552179
0.257426,0.891089,0.535004
0.267327,0.891089,0.517311
0.277228,0.891089,0.499118
0.287129,0.891089,0.480442
0.29703,0.891089,0.461301
0.306931,0.891089,0.441714
0.316832,0.891089,0.421699
0.326733,0.891089,0.401276
0.336634,0.891089,0.380466
0.346535,0.891089,0.359287
0.356436,0.891089,0.33776
0.366337,0.891089,0.315907
0.376238,0.891089,0.293749
0.386139,0.891089,0.271306
0.39604,0.891089,0.2486
0.405941,0.891089,0.225654
0.415842,0.891089,0.20249
0.425743,0.891089,0.17913
0.435644,0.891089,0.155597
0.445545,0.891089,0.131913
0.455446,0.891089,0.108101
0.465347,0.891089,0.0841854
0.475248,0.891089,0.0601879
0.485149,0.891089,0.0361322
0.49505,0.891089,0.0120415
0.50495,0.891089,-0.0120608
0.514851,0.891089,-0.0361515
0.524752,0.891089,-0.0602072
0.534653,0.891089,-0.0842047
0.544554,0.891089,-0.108121
0.554455,0.891089,-0.131932
0.564356,0.891089,-0.155616
0.574257,0.891089,-0.179149
0.584158,0.891089,-0.202509
0.594059,0.891089,-0.225673
0.60396,0.891089,-0.248619
0.613861,0.891089,-0.271324
0.623762,0.891089,-0.293767
0.633663,0.891089,-0.315925
0.643564,0.891089,-0.337778
0.653465,0.891089,-0.359304
0.663366,0.891089,-0.380483
0.673267,0.891089,-0.401293
0.683168,0.891089,-0.421715
0.693069,0.891089,-0.441729
0.70297,0.891089,-0.461316
0.712871,0.891089,-0.480457
0.722772,0.891089,-0.499133
0.732673,0.891089,-0.517326
0.742574,0.891089,-0.535018
0.752475,0.891089,-0.552193
0.762376,0.891089,-0.568833
0.772277,0.891089,-0.584924
0.782178,0.891089,-0.600448
0.792079,0.891089,-0.615391
0.80198,0.891089,-0.629739
0.811881,0.891089,-0.643478
0.821782,0.891089,-0.656594
0.831683,0.891089,-0.669075
0.841584,0.891089,-0.680908
0.851485,0.891089,-0.692083
0.861386,0.891089,-0.702588
0.871287,0.891089,-0.712413
0.881188,0.891089,-0.721548
0.891089,0.891089,-0.729985
0.90099,0.891089,-0.737716
0.910891,0.891089,-0.744733
0.920792,0.891089,-0.751029
0.930693,0.891089,-0.756598
0.940594,0.891089,-0.761434
0.950495,0.891089,-0.765534
0.960396,0.891089,-0.768892
0.970297,0.891089,-0.771506
0.980198,0.891089,-0.773372
0.990099,0.891089,-0.77449
1,0.891089,-0.774857
0,0.90099,0.812658
0.00990099,0.90099,0.812272
0.019802,0.90099,0.811099
0.029703,0.90099,0.809141
0.039604,0.90099,0.806399
0.049505,0.90099,0.802876
0.0594059,0.90099,0.798576
0.0693069,0.90099,0.793503
0.0792079,0.90099,0.787661
0.0891089,0.90099,0.781058
0.0990099,0.90099,0.773698
0.108911,0.90099,0.765589
0.118812,0.90099,0.75674
0.128713,0.90099,0.747158
0.138614,0.90099,0.736853
0.148515,0.90099,0.725836
0.158416,0.90099,0.714115
0.168317,0.90099,0.701704
0.178218,0.90099,0.688614
0.188119,0.90099,0.674858
0.19802,0.90099,0.660448
0.207921,0.90099,0.6454
0.217822,0.90099,0.629727
0.227723,0.90099,0.613445
0.237624,0.90099,0.59657
0.247525,0.90099,0.579117
0.257426,0.90099,0.561104
0.267327,0.90099,0.542548
0.277228,0.90099,0.523467
0.287129,0.90099,0.50388
0.29703,0.90099,0.483805
0.306931,0.90099,0.463263
0.316832,0.90099,0.442272
0.326733,0.90099,0.420853
0.336634,0.90099,0.399027
0.346535,0.90099,0.376815
0.356436,0.90099,0.354239
0.366337,0.90099,0.331319
0.376238,0.90099,0.30808
0.386139,0.90099,0.284542
0.39604,0.90099,0.260729
0.405941,0.90099,0.236664
0.415842,0.90099,0.21237
0.425743,0.90099,0.18787
0.435644,0.90099,0.163189
0.445545,0.90099,0.138349
0.455446,0.90099,0.113376
0.465347,0.90099,0.0882936
0.475248,0.90099,0.0631254
0.485149,0.90099,0.0378961
0.49505,0.90099,0.0126302
0.50495,0.90099,-0.0126479
0.514851,0.90099,-0.0379138
0.524752,0.90099,-0.063143
0.534653,0.90099,-0.0883111
0.544554,0.90099,-0.113394
0.554455,0.90099,-0.138367
0.564356,0.90099,-0.163206
0.574257,0.90099,-0.187887
0.584158,0.90099,-0.212387
0.594059,0.90099,-0.236681
0.60396,0.90099,-0.260746
0.613861,0.90099,-0.284559
0.623762,0.90099,-0.308096
0.633663,0.90099,-0.331336
0.643564,0.90099,-0.354255
0.653465,0.90099,-0.376831
0.663366,0.90099,-0.399042
0.673267,0.90099,-0.420868
0.683168,0.90099,-0.442287
0.693069,0.90099,-0.463277
0.70297,0.90099,-0.48382
0.712871,0.90099,-0.503894
0.722772,0.90099,-0.523481
0.732673,0.90099,-0.542561
0.742574,0.90099,-0.561117
0.752475,0.90099,-0.579129
0.762376,0.90099,-0.596582
0.772277,0.90099,-0.613457
0.782178,0.90099,-0.629738
0.792079,0.90099,-0.645411
0.80198,0.90099,-0.660459
0.811881,0.90099,-0.674868
0.821782,0.90099,-0.688624
0.831683,0.90099,-0.701713
0.841584,0.90099,-0.714124
0.851485,0.90099,-0.725844
0.861386,0.90099,-0.736861
0.871287,0.90099,-0.747165
0.881188,0.90099,-0.756746
0.891089,0.90099,-0.765595
0.90099,0.90099,-0.773703
0.910891,0.90099,-0.781063
0.920792,0.90099,-0.787666
0.930693,0.90099,-0.793507
0.940594,0.90099,-0.798579
0.950495,0.90099,-0.802879
0.960396,0.90099,-0.806401
0.970297,0.90099,-0.809142
0.980198,0.90099,-0.8111
0.990099,0.90099,-0.812272
1,0.90099,-0.812658
0,0.910891,0.847315
0.00990099,0.910891,0.846912
0.019802,0.910891,0.845689
0.029703,0.910891,0.843647
0.039604,0.910891,0.840788
0.049505,0.910891,0.837115
0.0594059,0.910891,0.832631
0.0693069,0.910891,0.827341
0.0792079,0.910891,0.821251
0.0891089,0.910891,0.814366
0.0990099,0.910891,0.806692
0.108911,0.910891,0.798238
0.118812,0.910891,0.789011
0.128713,0.910891,0.77902
0.138614,0.910891,0.768276
0.148515,0.910891,0.756788
0.158416,0.910891,0.744568
0.168317,0.910891,0.731628
0.178218,0.910891,0.71798
0.188119,0.910891,0.703637
0.19802,0.910891,0.688613
0.207921,0.910891,0.672923
0.217822,0.910891,0.656582
0.227723,0.910891,0.639605
0.237624,0.910891,0.62201
0.247525,0.910891,0.603813
0.257426,0.910891,0.585032
0.267327,0.910891,0.565685
0.277228,0.910891,0.545791
0.287129,0.910891,0.525368
0.29703,0.910891,0.504438
0.306931,0.910891,0.483019
0.316832,0.910891,0.461133
0.326733,0.910891,0.438801
0.336634,0.910891,0.416044
0.346535,0.910891,0.392885
0.356436,0.910891,0.369346
0.366337,0.910891,0.345449
0.376238,0.910891,0.321219
0.386139,0.910891,0.296677
0.39604,0.910891,0.271849
0.405941,0.910891,0.246757
0.415842,0.910891,0.221427
0.425743,0.910891,0.195883
0.435644,0.910891,0.170149
0.445545,0.910891,0.14425
0.455446,0.910891,0.118212
0.465347,0.910891,0.09206
0.475248,0.910891,0.0658186
0.485149,0.910891,0.0395134
0.49505,0.910891,0.0131701
0.50495,0.910891,-0.013186
0.514851,0.910891,-0.0395293
0.524752,0.910891,-0.0658344
0.534653,0.910891,-0.0920758
0.544554,0.910891,-0.118228
0.554455,0.910891,-0.144266
0.564356,0.910891,-0.170165
0.574257,0.910891,-0.195898
0.584158,0.910891,-0.221443
0.594059,0.910891,-0.246773
0.60396,0.910891,-0.271864
0.613861,0.910891,-0.296692
0.623762,0.910891,-0.321233
0.633663,0.910891,-0.345464
0.643564,0.910891,-0.36936
0.653465,0.910891,-0.392899
0.663366,0.910891,-0.416058
0.673267,0.910891,-0.438814
0.683168,0.910891,-0.461146
0.693069,0.910891,-0.483032
0.70297,0.910891,-0.50445
0.712871,0.910891,-0.525381
0.722772,0.910891,-0.545803
0.732673,0.910891,-0.565697
0.742574,0.910891,-0.585044
0.752475,0.910891,-0.603825
0.762376,0.910891,-0.622021
0.772277,0.910891,-0.639616
0.782178,0.910891,-0.656592
0.792079,0.910891,-0.672933
0.80198,0.910891,-0.688622
0.811881,0.910891,-0.703646
0.821782,0.910891,-0.717988
0.831683,0.910891,-0.731636
0.841584,0.910891,-0.744576
0.851485,0.910891,-0.756796
0.861386,0.910891,-0.768283
0.871287,0.910891,-0.779027
0.881188,0.910891,-0.789017
0.891089,0.910891,-0.798243
0.90099,0.910891,-0.806697
0.910891,0.910891,-0.81437
0.920792,0.910891,-0.821255
0.930693,0.910891,-0.827345
0.940594,0.910891,-0.832634
0.950495,0.910891,-0.837117
0.960396,0.910891,-0.84079
0.970297,0.910891,-0.843648
0.980198,0.910891,-0.84569
0.990099,0.910891,-0.846913
1,0.910891,-0.847315
0,0.920792,0.878693
0.00990099,0.920792,0.878276
0.019802,0.920792,0.877007
0.029703,0.920792,0.874889
0.039604,0.920792,0.871924
0.049505,0.920792,0.868114
0.0594059,0.920792,0.863465
0.0693069,0.920792,0.857979
0.0792079,0.920792,0.851663
0.0891089,0.920792,0.844522
0.0990099,0.920792,0.836564
0.108911,0.920792,0.827797
0.118812,0.920792,0.818228
0.128713,0.920792,0.807868
0.138614,0.920792,0.796726
0.148515,0.920792,0.784813
0.158416,0.920792,0.77214
0.168317,0.920792,0.758721
0.178218,0.920792,0.744567
0.188119,0.920792,0.729693
0.19802,0.920792,0.714113
0.207921,0.920792,0.697842
0.217822,0.920792,0.680896
0.227723,0.920792,0.663291
0.237624,0.920792,0.645044
0.247525,0.920792,0.626173
0.257426,0.920792,0.606697
0.267327,0.920792,0.586633
0.277228,0.920792,0.566002
0.287129,0.920792,0.544824
0.29703,0.920792,0.523118
0.306931,0.920792,0.500906
0.316832,0.920792,0.47821
0.326733,0.920792,0.455051
0.336634,0.920792,0.431451
0.346535,0.920792,0.407435
0.356436,0.920792,0.383024
0.366337,0.920792,0.358242
0.376238,0.920792,0.333115
0.386139,0.920792,0.307664
0.39604,0.920792,0.281916
0.405941,0.920792,0.255896
0.415842,0.920792,0.229628
0.425743,0.920792,0.203137
0.435644,0.920792,0.176451
0.445545,0.920792,0.149593
0.455446,0.920792,0.122591
0.465347,0.920792,0.0954702
0.475248,0.920792,0.068257
0.485149,0.920792,0.0409778
0.49505,0.920792,0.0136589
0.50495,0.920792,-0.0136731
0.514851,0.920792,-0.040992
0.524752,0.920792,-0.0682711
0.534653,0.920792,-0.0954843
0.544554,0.920792,-0.122605
0.554455,0.920792,-0.149607
0.564356,0.920792,-0.176465
0.574257,0.920792,-0.203151
0.584158,0.920792,-0.229641
0.594059,0.920792,-0.255909
0.60396,0.920792,-0.28193
0.613861,0.920792,-0.307678
0.623762,0.920792,-0.333128
0.633663,0.920792,-0.358255
0.643564,0.920792,-0.383037
0.653465,0.920792,-0.407447
0.663366,0.920792,-0.431464
0.673267,0.920792,-0.455063
0.683168,0.920792,-0.478222
0.693069,0.920792,-0.500918
0.70297,0.920792,-0.523129
0.712871,0.920792,-0.544835
0.722772,0.920792,-0.566013
0.732673,0.920792,-0.586644
0.742574,0.920792,-0.606707
0.752475,0.920792,-0.626183
0.762376,0.920792,-0.645054
0.772277,0.920792,-0.6633
0.782178,0.920792,-0.680905
0.792079,0.920792,-0.69785
0.80198,0.920792,-0.714121
0.811881,0.920792,-0.729701
0.821782,0.920792,-0.744575
0.831683,0.920792,-0.758728
0.841584,0.920792,-0.772147
0.851485,0.920792,-0.784819
0.861386,0.920792,-0.796732
0.871287,0.920792,-0.807874
0.881188,0.920792,-0.818233
0.891089,0.920792,-0.827802
0.90099,0.920792,-0.836569
0.910891,0.920792,-0.844526
0.920792,0.920792,-0.851666
0.930693,0.920792,-0.857982
0.940594,0.920792,-0.863467
0.950495,0.920792,-0.868117
0.960396,0.920792,-0.871926
0.970297,0.920792,-0.87489
0.980198,0.920792,-0.877008
0.990099,0.920792,-0.878276
1,0.920792,-0.878693
0,0.930693,0.906673
0.00990099,0.930693,0.906241
0.019802,0.930693,0.904932
0.029703,0.930693,0.902746
0.039604,0.930693,0.899686
0.049505,0.930693,0.895755
0.0594059,0.930693,0.890957
0.0693069,0.930693,0.885296
0.0792079,0.930693,0.878779
0.0891089,0.930693,0.871411
0.0990099,0.930693,0.8632
0.108911,0.930693,0.854153
0.118812,0.930693,0.84428
0.128713,0.930693,0.833589
0.138614,0.930693,0.822092
0.148515,0.930693,0.8098
0.158416,0.930693,0.796724
0.168317,0.930693,0.782877
0.178218,0.930693,0.768273
0.188119,0.930693,0.752925
0.19802,0.930693,0.736849
0.207921,0.930693,0.72006
0.217822,0.930693,0.702574
0.227723,0.930693,0.684409
0.237624,0.930693,0.665581
0.247525,0.930693,0.64611
0.257426,0.930693,0.626013
0.267327,0.930693,0.605311
0.277228,0.930693,0.584023
0.287129,0.930693,0.56217
0.29703,0.930693,0.539774
0.306931,0.930693,0.516855
0.316832,0.930693,0.493436
0.326733,0.930693,0.469539
0.336634,0.930693,0.445189
0.346535,0.930693,0.420408
0.356436,0.930693,0.39522
0.366337,0.930693,0.369649
0.376238,0.930693,0.343721
0.386139,0.930693,0.317461
0.39604,0.930693,0.290893
0.405941,0.930693,0.264044
0.415842,0.930693,0.23694
0.425743,0.930693,0.209606
0.435644,0.930693,0.18207
0.445545,0.930693,0.154357
0.455446,0.930693,0.126495
0.465347,0.930693,0.0985108
0.475248,0.930693,0.0704313
0.485149,0.930693,0.0422835
0.49505,0.930693,0.0140949
0.50495,0.930693,-0.0141074
0.514851,0.930693,-0.042296
0.524752,0.930693,-0.0704437
0.534653,0.930693,-0.0985232
0.544554,0.930693,-0.126507
0.554455,0.930693,-0.154369
0.564356,0.930693,-0.182082
0.574257,0.930693,-0.209618
0.584158,0.930693,-0.236952
0.594059,0.930693,-0.264056
0.60396,0.930693,-0.290905
0.613861,0.930693,-0.317472
0.623762,0.930693,-0.343733
0.633663,0.930693,-0.369661
0.643564,0.930693,-0.395231
0.653465,0.930693,-0.420419
0.663366,0.930693,-0.4452
0.673267,0.930693,-0.46955
0.683168,0.930693,-0.493446
0.693069,0.930693,-0.516865
0.70297,0.930693,-0.539784
0.712871,0.930693,-0.56218
0.722772,0.930693,-0.584033
0.732673,0.930693,-0.60532
0.742574,0.930693,-0.626022
0.752475,0.930693,-0.646119
0.762376,0.930693,-0.66559
0.772277,0.930693,-0.684417
0.782178,0.930693,-0.702582
0.792079,0.930693,-0.720068
0.80198,0.930693,-0.736856
0.811881,0.930693,-0.752932
0.821782,0.930693,-0.76828
0.831683,0.930693,-0.782884
0.841584,0.930693,-0.79673
0.851485,0.930693,-0.809806
0.861386,0.930693,-0.822098
0.871287,0.930693,-0.833594
0.881188,0.930693,-0.844284
0.891089,0.930693,-0.854157
0.90099,0.930693,-0.863203
0.910891,0.930693,-0.871414
0.920792,0.930693,-0.878782
0.930693,0.930693,-0.885299
0.940594,0.930693,-0.890959
0.950495,0.930693,-0.895757
0.960396,0.930693,-0.899688
0.970297,0.930693,-0.902747
0.980198,0.930693,-0.904932
0.990099,0.930693,-0.906241
1,0.930693,-0.906673
0,0.940594,0.931144
0.00990099,0.940594,0.9307
0.019802,0.940594,0.929355
0.029703,0.940594,0.92711
0.039604,0.940594,0.923967
0.049505,0.940594,0.91993
0.0594059,0.940594,0.915002
0.0693069,0.940594,0.909188
0.0792079,0.940594,0.902495
0.0891089,0.940594,0.894928
0.0990099,0.940594,0.886495
0.108911,0.940594,0.877204
0.118812,0.940594,0.867064
0.128713,0.940594,0.856085
0.138614,0.940594,0.844278
0.148515,0.940594,0.831654
0.158416,0.940594,0.818225
0.168317,0.940594,0.804004
0.178218,0.940594,0.789006
0.188119,0.940594,0.773244
0.19802,0.940594,0.756734
0.207921,0.940594,0.739492
0.217822,0.940594,0.721534
0.227723,0.940594,0.702879
0.237624,0.940594,0.683543
0.247525,0.940594,0.663546
0.257426,0.940594,0.642907
0.267327,0.940594,0.621647
0.277228,0.940594,0.599784
0.287129,0.940594,0.577342
0.29703,0.940594,0.554341
0.306931,0.940594,0.530803
0.316832,0.940594,0.506752
0.326733,0.940594,0.482211
0.336634,0.940594,0.457203
0.346535,0.940594,0.431753
0.356436,0.940594,0.405886
0.366337,0.940594,0.379625
0.376238,0.940594,0.352998
0.386139,0.940594,0.326029
0.39604,0.940594,0.298744
0.405941,0.940594,0.271171
0.415842,0.940594,0.243335
0.425743,0.940594,0.215263
0.435644,0.940594,0.186984
0.445545,0.940594,0.158523
0.455446,0.940594,0.12991
0.465347,0.940594,0.10117
0.475248,0.940594,0.0723329
0.485149,0.940594,0.0434256
0.49505,0.940594,0.0144763
0.50495,0.940594,-0.014487
0.514851,0.940594,-0.0434363
0.524752,0.940594,-0.0723436
0.534653,0.940594,-0.101181
0.544554,0.940594,-0.12992
0.554455,0.940594,-0.158534
0.564356,0.940594,-0.186994
0.574257,0.940594,-0.215274
0.584158,0.940594,-0.243345
0.594059,0.940594,-0.271181
0.60396,0.940594,-0.298754
0.613861,0.940594,-0.326039
0.623762,0.940594,-0.353008
0.633663,0.940594,-0.379635
0.643564,0.940594,-0.405895
0.653465,0.940594,-0.431763
0.663366,0.940594,-0.457213
0.673267,0.940594,-0.48222
0.683168,0.940594,-0.506761
0.693069,0.940594,-0.530812
0.70297,0.940594,-0.554349
0.712871,0.940594,-0.57735
0.722772,0.940594,-0.599792
0.732673,0.940594,-0.621654
0.742574,0.940594,-0.642915
0.752475,0.940594,-0.663554
0.762376,0.940594,-0.68355
0.772277,0.940594,-0.702886
0.782178,0.940594,-0.721541
0.792079,0.940594,-0.739498
0.80198,0.940594,-0.75674
0.811881,0.940594,-0.77325
0.821782,0.940594,-0.789012
0.831683,0.940594,-0.80401
0.841584,0.940594,-0.81823
0.851485,0.940594,-0.831658
0.861386,0.940594,-0.844282
0.871287,0.940594,-0.856089
0.881188,0.940594,-0.867068
0.891089,0.940594,-0.877207
0.90099,0.940594,-0.886498
0.910891,0.940594,-0.894931
0.920792,0.940594,-0.902497
0.930693,0.940594,-0.909191
0.940594,0.940594,-0.915004
0.950495,0.940594,-0.919932
0.960396,0.940594,-0.923969
0.970297,0.940594,-0.927111
0.980198,0.940594,-0.929356
0.990099,0.940594,-0.930701
1,0.940594,-0.931144
0,0.950495,0.952013
0.00990099,0.950495,0.951559
0.019802,0.950495,0.950183
0.029703,0.950495,0.947887
0.039604,0.950495,0.944673
0.049505,0.950495,0.940545
0.0594059,0.950495,0.935506
0.0693069,0.950495,0.929562
0.0792079,0.950495,0.922718
0.0891089,0.950495,0.914982
0.0990099,0.950495,0.906359
0.108911,0.950495,0.89686
0.118812,0.950495,0.886493
0.128713,0.950495,0.875268
0.138614,0.950495,0.863196
0.148515,0.950495,0.850289
0.158416,0.950495,0.836559
0.168317,0.950495,0.82202
0.178218,0.950495,0.806685
0.188119,0.950495,0.79057
0.19802,0.950495,0.773691
0.207921,0.950495,0.756062
0.217822,0.950495,0.737702
0.227723,0.950495,0.718629
0.237624,0.950495,0.69886
0.247525,0.950495,0.678415
0.257426,0.950495,0.657313
0.267327,0.950495,0.635576
0.277228,0.950495,0.613224
0.287129,0.950495,0.590279
0.29703,0.950495,0.566762
0.306931,0.950495,0.542697
0.316832,0.950495,0.518108
0.326733,0.950495,0.493017
0.336634,0.950495,0.467449
0.346535,0.950495,0.441428
0.356436,0.950495,0.414981
0.366337,0.950495,0.388132
0.376238,0.950495,0.360908
0.386139,0.950495,0.333335
0.39604,0.950495,0.305439
0.405941,0.950495,0.277248
0.415842,0.950495,0.248788
0.425743,0.950495,0.220088
0.435644,0.950495,0.191175
0.445545,0.950495,0.162076
0.455446,0.950495,0.132822
0.465347,0.950495,0.103438
0.475248,0.950495,0.0739547
0.485149,0.950495,0.0443997
0.49505,0.950495,0.0148017
0.50495,0.950495,-0.0148106
0.514851,0.950495,-0.0444086
0.524752,0.950495,-0.0739636
0.534653,0.950495,-0.103447
0.544554,0.950495,-0.13283
0.554455,0.950495,-0.162085
0.564356,0.950495,-0.191183
0.574257,0.950495,-0.220096
0.584158,0.950495,-0.248797
0.594059,0.950495,-0.277256
0.60396,0.950495,-0.305447
0.613861,0.950495,-0.333343
0.623762,0.950495,-0.360916
0.633663,0.950495,-0.388141
0.643564,0.950495,-0.414989
0.653465,0.950495,-0.441436
0.663366,0.950495,-0.467456
0.673267,0.950495,-0.493024
0.683168,0.950495,-0.518115
0.693069,0.950495,-0.542705
0.70297,0.950495,-0.566769
0.712871,0.950495,-0.590286
0.722772,0.950495,-0.613231
0.732673,0.950495,-0.635583
0.742574,0.950495,-0.65732
0.752475,0.950495,-0.678421
0.762376,0.950495,-0.698866
0.772277,0.950495,-0.718634
0.782178,0.950495,-0.737708
0.792079,0.950495,-0.756068
0.80198,0.950495,-0.773696
0.811881,0.950495,-0.790575
0.821782,0.950495,-0.80669
0.831683,0.950495,-0.822024
0.841584,0.950495,-0.836563
0.851485,0.950495,-0.850293
0.861386,0.950495,-0.8632
0.871287,0.950495,-0.875271
0.881188,0.950495,-0.886496
0.891089,0.950495,-0.896863
0.90099,0.950495,-0.906362
0.910891,0.950495,-0.914984
0.920792,0.950495,-0.922721
0.930693,0.950495,-0.929564
0.940594,0.950495,-0.935508
0.950495,0.950495,-0.940547
0.960396,0.950495,-0.944675
0.970297,0.950495,-0.947888
0.980198,0.950495,-0.950184
0.990099,0.950495,-0.951559
1,0.950495,-0.952013
0,0.960396,0.969199
0.00990099,0.960396,0.968736
0.019802,0.960396,0.967335
0.029703,0.960396,0.964996
0.039604,0.960396,0.961724
0.049505,0.960396,0.957521
0.0594059,0.960396,0.952391
0.0693069,0.960396,0.946339
0.0792079,0.960396,0.939371
0.0891089,0.960396,0.931495
0.0990099,0.960396,0.922717
0.108911,0.960396,0.913046
0.118812,0.960396,0.902491
0.128713,0.960396,0.891064
0.138614,0.960396,0.878774
0.148515,0.960396,0.865634
0.158416,0.960396,0.851656
0.168317,0.960396,0.836854
0.178218,0.960396,0.821243
0.188119,0.960396,0.804837
0.19802,0.960396,0.787653
0.207921,0.960396,0.769706
0.217822,0.960396,0.751015
0.227723,0.960396,0.731597
0.237624,0.960396,0.711472
0.247525,0.960396,0.690658
0.257426,0.960396,0.669176
0.267327,0.960396,0.647046
0.277228,0.960396,0.624291
0.287129,0.960396,0.600931
0.29703,0.960396,0.576991
0.306931,0.960396,0.552492
0.316832,0.960396,0.527458
0.326733,0.960396,0.501914
0.336634,0.960396,0.475885
0.346535,0.960396,0.449395
0.356436,0.960396,0.422471
0.366337,0.960396,0.395137
0.376238,0.960396,0.367422
0.386139,0.960396,0.339351
0.39604,0.960396,0.310952
0.405941,0.960396,0.282252
0.415842,0.960396,0.253279
0.425743,0.960396,0.22406
0.435644,0.960396,0.194625
0.445545,0.960396,0.165002
0.455446,0.960396,0.135219
0.465347,0.960396,0.105306
0.475248,0.960396,0.0752902
0.485149,0.960396,0.0452019
0.49505,0.960396,0.0150698
0.50495,0.960396,-0.0150769
0.514851,0.960396,-0.045209
0.524752,0.960396,-0.0752973
0.534653,0.960396,-0.105313
0.544554,0.960396,-0.135226
0.554455,0.960396,-0.165009
0.564356,0.960396,-0.194632
0.574257,0.960396,-0.224067
0.584158,0.960396,-0.253285
0.594059,0.960396,-0.282258
0.60396,0.960396,-0.310958
0.613861,0.960396,-0.339358
0.623762,0.960396,-0.367429
0.633663,0.960396,-0.395144
0.643564,0.960396,-0.422477
0.653465,0.960396,-0.449401
0.663366,0.960396,-0.475891
0.673267,0.960396,-0.50192
0.683168,0.960396,-0.527464
0.693069,0.960396,-0.552497
0.70297,0.960396,-0.576996
0.712871,0.960396,-0.600937
0.722772,0.960396,-0.624296
0.732673,0.960396,-0.647052
0.742574,0.960396,-0.669181
0.752475,0.960396,-0.690663
0.762376,0.960396,-0.711477
0.772277,0.960396,-0.731602
0.782178,0.960396,-0.75102
0.792079,0.960396,-0.769711
0.80198,0.960396,-0.787657
0.811881,0.960396,-0.804841
0.821782,0.960396,-0.821247
0.831683,0.960396,-0.836858
0.841584,0.960396,-0.851659
0.851485,0.960396,-0.865637
0.861386,0.960396,-0.878777
0.871287,0.960396,-0.891066
0.881188,0.960396,-0.902494
0.891089,0.960396,-0.913048
0.90099,0.960396,-0.922719
0.910891,0.960396,-0.931497
0.920792,0.960396,-0.939373
0.930693,0.960396,-0.946341
0.940594,0.960396,-0.952392
0.950495,0.960396,-0.957522
0.960396,0.960396,-0.961725
0.970297,0.960396,-0.964997
0.980198,0.960396,-0.967335
0.990099,0.960396,-0.968736
1,0.960396,-0.969199
0,0.970297,0.982635
0.00990099,0.970297,0.982165
0.019802,0.970297,0.980743
0.029703,0.970297,0.978372
0.039604,0.970297,0.975054
0.049505,0.970297,0.970792
0.0594059,0.970297,0.96559
0.0693069,0.970297,0.959454
0.0792079,0.970297,0.952389
0.0891089,0.970297,0.944403
0.0990099,0.970297,0.935503
0.108911,0.970297,0.925698
0.118812,0.970297,0.914997
0.128713,0.970297,0.903411
0.138614,0.970297,0.890951
0.148515,0.970297,0.877629
0.158416,0.970297,0.863457
0.168317,0.970297,0.84845
0.178218,0.970297,0.832623
0.188119,0.970297,0.81599
0.19802,0.970297,0.798567
0.207921,0.970297,0.780372
0.217822,0.970297,0.761422
0.227723,0.970297,0.741735
0.237624,0.970297,0.72133
0.247525,0.970297,0.700228
0.257426,0.970297,0.678448
0.267327,0.970297,0.656012
0.277228,0.970297,0.632942
0.287129,0.970297,0.609258
0.29703,0.970297,0.584986
0.306931,0.970297,0.560148
0.316832,0.970297,0.534767
0.326733,0.970297,0.508869
0.336634,0.970297,0.482479
0.346535,0.970297,0.455623
0.356436,0.970297,0.428325
0.366337,0.970297,0.400613
0.376238,0.970297,0.372514
0.386139,0.970297,0.344054
0.39604,0.970297,0.315261
0.405941,0.970297,0.286163
0.415842,0.970297,0.256789
0.425743,0.970297,0.227166
0.435644,0.970297,0.197323
0.445545,0.970297,0.167289
0.455446,0.970297,0.137094
0.465347,0.970297,0.106766
0.475248,0.970297,0.0763344
0.485149,0.970297,0.0458291
0.49505,0.970297,0.0152795
0.50495,0.970297,-0.0152849
0.514851,0.970297,-0.0458345
0.524752,0.970297,-0.0763397
0.534653,0.970297,-0.106771
0.544554,0.970297,-0.137099
0.554455,0.970297,-0.167295
0.564356,0.970297,-0.197328
0.574257,0.970297,-0.227171
0.584158,0.970297,-0.256794
0.594059,0.970297,-0.286169
0.60396,0.970297,-0.315266
0.613861,0.970297,-0.344059
0.623762,0.970297,-0.372519
0.633663,0.970297,-0.400618
0.643564,0.970297,-0.42833
0.653465,0.970297,-0.455627
0.663366,0.970297,-0.482484
0.673267,0.970297,-0.508874
0.683168,0.970297,-0.534772
0.693069,0.970297,-0.560152
0.70297,0.970297,-0.58499
0.712871,0.970297,-0.609263
0.722772,0.970297,-0.632946
0.732673,0.970297,-0.656016
0.742574,0.970297,-0.678452
0.752475,0.970297,-0.700232
0.762376,0.970297,-0.721334
0.772277,0.970297,-0.741738
0.782178,0.970297,-0.761425
0.792079,0.970297,-0.780375
0.80198,0.970297,-0.79857
0.811881,0.970297,-0.815993
0.821782,0.970297,-0.832626
0.831683,0.970297,-0.848453
0.841584,0.970297,-0.86346
0.851485,0.970297,-0.877631
0.861386,0.970297,-0.890953
0.871287,0.970297,-0.903413
0.881188,0.970297,-0.914999
0.891089,0.970297,-0.9257
0.90099,0.970297,-0.935505
0.910891,0.970297,-0.944405
0.920792,0.970297,-0.952391
0.930693,0.970297,-0.959455
0.940594,0.970297,-0.965591
0.950495,0.970297,-0.970792
0.960396,0.970297,-0.975054
0.970297,0.970297,-0.978372
0.980198,0.970297,-0.980744
0.990099,0.970297,-0.982165
1,0.970297,-0.982635
0,0.980198,0.99227
0.00990099,0.980198,0.991794
0.019802,0.980198,0.990357
0.029703,0.980198,0.987962
0.039604,0.980198,0.98461
0.049505,0.980198,0.980306
0.0594059,0.980198,0.975052
0.0693069,0.980198,0.968856
0.0792079,0.980198,0.961722
0.0891089,0.980198,0.953657
0.0990099,0.980198,0.944669
0.108911,0.980198,0.934768
0.118812,0.980198,0.923962
0.128713,0.980198,0.912262
0.138614,0.980198,0.89968
0.148515,0.980198,0.886227
0.158416,0.980198,0.871917
0.168317,0.980198,0.856763
0.178218,0.980198,0.84078
0.188119,0.980198,0.823984
0.19802,0.980198,0.806391
0.207921,0.980198,0.788017
0.217822,0.980198,0.768882
0.227723,0.980198,0.749002
0.237624,0.980198,0.728398
0.247525,0.980198,0.707089
0.257426,0.980198,0.685095
0.267327,0.980198,0.66244
0.277228,0.980198,0.639143
0.287129,0.980198,0.615228
0.29703,0.980198,0.590718
0.306931,0.980198,0.565636
0.316832,0.980198,0.540007
0.326733,0.980198,0.513855
0.336634,0.980198,0.487207
0.346535,0.980198,0.460087
0.356436,0.980198,0.432522
0.366337,0.980198,0.404539
0.376238,0.980198,0.376164
0.386139,0.980198,0.347425
0.39604,0.980198,0.31835
0.405941,0.980198,0.288968
0.415842,0.980198,0.259305
0.425743,0.980198,0.229392
0.435644,0.980198,0.199257
0.445545,0.980198,0.168929
0.455446,0.980198,0.138438
0.465347,0.980198,0.107813
0.475248,0.980198,0.0770831
0.485149,0.980198,0.046279
0.49505,0.980198,0.0154301
0.50495,0.980198,-0.0154337
0.514851,0.980198,-0.0462826
0.524752,0.980198,-0.0770867
0.534653,0.980198,-0.107816
0.544554,0.980198,-0.138441
0.554455,0.980198,-0.168933
0.564356,0.980198,-0.199261
0.574257,0.980198,-0.229396
0.584158,0.980198,-0.259309
0.594059,0.980198,-0.288971
0.60396,0.980198,-0.318354
0.613861,0.980198,-0.347429
0.623762,0.980198,-0.376167
0.633663,0.980198,-0.404542
0.643564,0.980198,-0.432525
0.653465,0.980198,-0.46009
0.663366,0.980198,-0.48721
0.673267,0.980198,-0.513858
0.683168,0.980198,-0.54001
0.693069,0.980198,-0.565639
0.70297,0.980198,-0.59072
0.712871,0.980198,-0.615231
0.722772,0.980198,-0.639146
0.732673,0.980198,-0.662442
0.742574,0.980198,-0.685098
0.752475,0.980198,-0.707091
0.762376,0.980198,-0.7284
0.772277,0.980198,-0.749004
0.782178,0.980198,-0.768884
0.792079,0.980198,-0.78802
0.80198,0.980198,-0.806393
0.811881,0.980198,-0.823986
0.821782,0.980198,-0.840782
0.831683,0.980198,-0.856765
0.841584,0.980198,-0.871919
0.851485,0.980198,-0.886229
0.861386,0.980198,-0.899681
0.871287,0.980198,-0.912264
0.881188,0.980198,-0.923963
0.891089,0.980198,-0.934769
0.90099,0.980198,-0.944671
0.910891,0.980198,-0.953658
0.920792,0.980198,-0.961722
0.930693,0.980198,-0.968856
0.940594,0.980198,-0.975053
0.950495,0.980198,-0.980306
0.960396,0.980198,-0.98461
0.970297,0.980198,-0.987962
0.980198,0.980198,-0.990357
0.990099,0.980198,-0.991794
1,0.980198,-0.99227
0,0.990099,0.998066
0.00990099,0.990099,0.997585
0.019802,0.990099,0.996139
0.029703,0.990099,0.993728
0.039604,0.990099,0.990356
0.049505,0.990099,0.986026
0.0594059,0.990099,0.980742
0.0693069,0.990099,0.974508
0.0792079,0.990099,0.967332
0.0891089,0.990099,0.95922
0.0990099,0.990099,0.95018
0.108911,0.990099,0.94022
0.118812,0.990099,0.929351
0.128713,0.990099,0.917583
0.138614,0.990099,0.904927
0.148515,0.990099,0.891396
0.158416,0.990099,0.877002
0.168317,0.990099,0.86176
0.178218,0.990099,0.845684
0.188119,0.990099,0.82879
0.19802,0.990099,0.811094
0.207921,0.990099,0.792613
0.217822,0.990099,0.773366
0.227723,0.990099,0.75337
0.237624,0.990099,0.732646
0.247525,0.990099,0.711212
0.257426,0.990099,0.689091
0.267327,0.990099,0.666303
0.277228,0.990099,0.642871
0.287129,0.990099,0.618816
0.29703,0.990099,0.594163
0.306931,0.990099,0.568935
0.316832,0.990099,0.543157
0.326733,0.990099,0.516853
0.336634,0.990099,0.490049
0.346535,0.990099,0.462771
0.356436,0.990099,0.435045
0.366337,0.990099,0.406898
0.376238,0.990099,0.378358
0.386139,0.990099,0.349452
0.39604,0.990099,0.320208
0.405941,0.990099,0.290654
0.415842,0.990099,0.260818
0.425743,0.990099,0.230731
0.435644,0.990099,0.20042
0.445545,0.990099,0.169915
0.455446,0.990099,0.139246
0.465347,0.990099,0.108442
0.475248,0.990099,0.0775335
0.485149,0.990099,0.0465498
0.49505,0.990099,0.015521
0.50495,0.990099,-0.0155228
0.514851,0.990099,-0.0465516
0.524752,0.990099,-0.0775353
0.534653,0.990099,-0.108444
0.544554,0.990099,-0.139248
0.554455,0.990099,-0.169917
0.564356,0.990099,-0.200422
0.574257,0.990099,-0.230732
0.584158,0.990099,-0.26082
0.594059,0.990099,-0.290655
0.60396,0.990099,-0.320209
0.613861,0.990099,-0.349454
0.623762,0.990099,-0.37836
0.633663,0.990099,-0.4069
0.643564,0.990099,-0.435047
0.653465,0.990099,-0.462772
0.663366,0.990099,-0.49005
0.673267,0.990099,-0.516854
0.683168,0.990099,-0.543158
0.693069,0.990099,-0.568936
0.70297,0.990099,-0.594164
0.712871,0.990099,-0.618817
0.722772,0.990099,-0.642872
0.732673,0.990099,-0.666305
0.742574,0.990099,-0.689092
0.752475,0.990099,-0.711214
0.762376,0.990099,-0.732647
0.772277,0.990099,-0.753371
0.782178,0.990099,-0.773367
0.792079,0.990099,-0.792614
0.80198,0.990099,-0.811095
0.811881,0.990099,-0.828791
0.821782,0.990099,-0.845685
0.831683,0.990099,-0.861761
0.841584,0.990099,-0.877003
0.851485,0.990099,-0.891397
0.861386,0.990099,-0.904928
0.871287,0.990099,-0.917584
0.881188,0.990099,-0.929352
0.891089,0.990099,-0.940221
0.90099,0.990099,-0.95018
0.910891,0.990099,-0.95922
0.920792,0.990099,-0.967333
0.930693,0.990099,-0.974509
0.940594,0.990099,-0.980742
0.950495,0.990099,-0.986026
0.960396,0.990099,-0.990356
0.970297,0.990099,-0.993728
0.980198,0.990099,-0.996139
0.990099,0.990099,-0.997585
1,0.990099,-0.998066
0,1,1
0.00990099,1,0.999516
0.019802,1,0.998066
0.029703,1,0.995649
0.039604,1,0.99227
0.049505,1,0.98793
0.0594059,1,0.982635
0.0693069,1,0.976389
0.0792079,1,0.969199
0.0891089,1,0.961071
0.0990099,1,0.952013
0.108911,1,0.942034
0.118812,1,0.931144
0.128713,1,0.919353
0.138614,1,0.906673
0.148515,1,0.893115
0.158416,1,0.878693
0.168317,1,0.863422
0.178218,1,0.847315
0.188119,1,0.830388
0.19802,1,0.812658
0.207921,1,0.794142
0.217822,1,0.774857
0.227723,1,0.754823
0.237624,1,0.734059
0.247525,1,0.712584
0.257426,1,0.69042
0.267327,1,0.667588
0.277228,1,0.64411
0.287129,1,0.62001
0.29703,1,0.595309
0.306931,1,0.570032
0.316832,1,0.544204
0.326733,1,0.51785
0.336634,1,0.490994
0.346535,1,0.463664
0.356436,1,0.435884
0.366337,1,0.407684
0.376238,1,0.379088
0.386139,1,0.350126
0.39604,1,0.320826
0.405941,1,0.291215
0.415842,1,0.261322
0.425743,1,0.231176
0.435644,1,0.200807
0.445545,1,0.170244
0.455446,1,0.139515
0.465347,1,0.108652
0.475248,1,0.0776838
0.485149,1,0.0466404
0.49505,1,0.0155518
0.50495,1,-0.0155518
0.514851,1,-0.0466404
0.524752,1,-0.0776838
0.534653,1,-0.108652
0.544554,1,-0.139515
0.554455,1,-0.170244
0.564356,1,-0.200807
0.574257,1,-0.231176
0.584158,1,-0.261322
0.594059,1,-0.291215
0.60396,1,-0.320826
0.613861,1,-0.350126
0.623762,1,-0.379088
0.633663,1,-0.407684
0.643564,1,-0.435884
0.653465,1,-0.463664
0.663366,1,-0.490994
0.673267,1,-0.51785
0.683168,1,-0.544204
0.693069,1,-0.570032
0.70297,1,-0.595309
0.712871,1,-0.62001
0.722772,1,-0.64411
0.732673,1,-0.667588
0.742574,1,-0.69042
0.752475,1,-0.712584
0.762376,1,-0.734059
0.772277,1,-0.754823
0.782178,1,-0.774857
0.792079,1,-0.794142
0.80198,1,-0.812658
0.811881,1,-0.830388
0.821782,1,-0.847315
0.831683,1,-0.863422
0.841584,1,-0.878693
0.851485,1,-0.893115
0.861386,1,-0.906673
0.871287,1,-0.919353
0.881188,1,-0.931144
0.891089,1,-0.942034
0.90099,1,-0.952013
0.910891,1,-0.961071
0.920792,1,-0.969199
0.930693,1,-0.976389
0.940594,1,-0.982635
0.950495,1,-0.98793
0.960396,1,-0.99227
0.970297,1,-0.995649
0.980198,1,-0.998066
0.990099,1,-0.999516
1,1,-1
