0,0.00990099,0
0.00990099,0.00990099,0.00829904
0.019802,0.00990099,0.0142102
0.029703,0.00990099,0.0187045
0.039604,0.00990099,0.0222421
0.049505,0.00990099,0.0250772
0.0594059,0.00990099,0.0273676
0.0693069,0.00990099,0.0292199
0.0792079,0.00990099,0.0307106
0.0891089,0.00990099,0.0318971
0.0990099,0.00990099,0.032824
0.108911,0.00990099,0.0335265
0.118812,0.00990099,0.0340333
0.128713,0.00990099,0.0343679
0.138614,0.00990099,0.0345501
0.148515,0.00990099,0.0345965
0.158416,0.00990099,0.034521
0.168317,0.00990099,0.0343358
0.178218,0.00990099,0.0340513
0.188119,0.00990099,0.0336767
0.19802,0.00990099,0.0332197
0.207921,0.00990099,0.0326876
0.217822,0.00990099,0.0320863
0.227723,0.00990099,0.0314214
0.237624,0.00990099,0.0306978
0.247525,0.00990099,0.0299198
0.257426,0.00990099,0.0290916
0.267327,0.00990099,0.0282166
0.277228,0.00990099,0.0272982
0.287129,0.00990099,0.0263394
0.29703,0.00990099,0.0253429
0.306931,0.00990099,0.0243114
0.316832,0.00990099,0.0232472
0.326733,0.00990099,0.0221527
0.336634,0.00990099,0.0210299
0.346535,0.00990099,0.0198809
0.356436,0.00990099,0.0187076
0.366337,0.00990099,0.0175119
0.376238,0.00990099,0.0162954
0.386139,0.00990099,0.01506
0.39604,0.00990099,0.0138073
0.405941,0.00990099,0.0125389
0.415842,0.00990099,0.0112564
0.425743,0.00990099,0.00996133
0.435644,0.00990099,0.00865526
0.445545,0.00990099,0.00733969
0.455446,0.00990099,0.00601609
0.465347,0.00990099,0.00468595
0.475248,0.00990099,0.00335073
0.485149,0.00990099,0.00201188
0.49505,0.00990099,0.000670869
0.50495,0.00990099,-0.000670869
0.514851,0.00990099,-0.00201188
0.524752,0.00990099,-0.00335073
0.534653,0.00990099,-0.00468595
0.544554,0.00990099,-0.00601609
0.554455,0.00990099,-0.00733969
0.564356,0.00990099,-0.00865526
0.574257,0.00990099,-0.00996133
0.584158,0.00990099,-0.0112564
0.594059,0.00990099,-0.0125389
0.60396,0.00990099,-0.0138073
0.613861,0.00990099,-0.01506
0.623762,0.00990099,-0.0162954
0.633663,0.00990099,-0.0175119
0.643564,0.00990099,-0.0187076
0.653465,0.00990099,-0.0198809
0.663366,0.00990099,-0.0210299
0.673267,0.00990099,-0.0221527
0.683168,0.00990099,-0.0232472
0.693069,0.00990099,-0.0243114
0.70297,0.00990099,-0.0253429
0.712871,0.00990099,-0.0263394
0.722772,0.00990099,-0.0272982
0.732673,0.00990099,-0.0282166
0.742574,0.00990099,-0.0290916
0.752475,0.00990099,-0.0299198
0.762376,0.00990099,-0.0306978
0.772277,0.00990099,-0.0314214
0.782178,0.00990099,-0.0320863
0.792079,0.00990099,-0.0326876
0.80198,0.00990099,-0.0332197
0.811881,0.00990099,-0.0336767
0.821782,0.00990099,-0.0340513
0.831683,0.00990099,-0.0343358
0.841584,0.00990099,-0.034521
0.851485,0.00990099,-0.0345965
0.861386,0.00990099,-0.0345501
0.871287,0.00990099,-0.0343679
0.881188,0.00990099,-0.0340333
0.891089,0.00990099,-0.0335265
0.90099,0.00990099,-0.032824
0.910891,0.00990099,-0.0318971
0.920792,0.00990099,-0.0307106
0.930693,0.00990099,-0.0292199
0.940594,0.00990099,-0.0273676
0.950495,0.00990099,-0.0250772
0.960396,0.00990099,-0.0222421
0.970297,0.00990099,-0.0187045
0.980198,0.00990099,-0.0142102
0.990099,0.00990099,-0.00829904
1,0.00990099,0
0,0.019802,0
0.00990099,0.019802,0.0141598
0.019802,0.019802,0.0250182
0.029703,0.019802,0.0335577
0.039604,0.019802,0.0403948
0.049505,0.019802,0.0459281
0.0594059,0.019802,0.0504276
0.0693069,0.019802,0.0540856
0.0792079,0.019802,0.0570442
0.0891089,0.019802,0.0594118
0.0990099,0.019802,0.0612737
0.108911,0.019802,0.0626981
0.118812,0.019802,0.0637405
0.128713,0.019802,0.064447
0.138614,0.019802,0.0648559
0.148515,0.019802,0.0649997
0.158416,0.019802,0.0649062
0.168317,0.019802,0.064599
0.178218,0.019802,0.0640986
0.188119,0.019802,0.063423
0.19802,0.019802,0.0625878
0.207921,0.019802,0.0616066
0.217822,0.019802,0.0604916
0.227723,0.019802,0.0592536
0.237624,0.019802,0.0579022
0.247525,0.019802,0.0564461
0.257426,0.019802,0.054893
0.267327,0.019802,0.05325
0.277228,0.019802,0.0515235
0.287129,0.019802,0.0497195
0.29703,0.019802,0.0478433
0.306931,0.019802,0.0459
0.316832,0.019802,0.0438942
0.326733,0.019802,0.0418304
0.336634,0.019802,0.0397126
0.346535,0.019802,0.0375447
0.356436,0.019802,0.0353305
0.366337,0.019802,0.0330735
0.376238,0.019802,0.0307771
0.386139,0.019802,0.0284446
0.39604,0.019802,0.0260792
0.405941,0.019802,0.023684
0.415842,0.019802,0.0212619
0.425743,0.019802,0.018816
0.435644,0.019802,0.0163492
0.445545,0.019802,0.0138643
0.455446,0.019802,0.0113642
0.465347,0.019802,0.00885167
0.475248,0.019802,0.0063295
0.485149,0.019802,0.00380044
0.49505,0.019802,0.00126727
0.50495,0.019802,-0.00126727
0.514851,0.019802,-0.00380044
0.524752,0.019802,-0.0063295
0.534653,0.019802,-0.00885167
0.544554,0.019802,-0.0113642
0.554455,0.019802,-0.0138643
0.564356,0.019802,-0.0163492
0.574257,0.019802,-0.018816
0.584158,0.019802,-0.0212619
0.594059,0.019802,-0.023684
0.60396,0.019802,-0.0260792
0.613861,0.019802,-0.0284446
0.623762,0.019802,-0.0307771
0.633663,0.019802,-0.0330735
0.643564,0.019802,-0.0353305
0.653465,0.019802,-0.0375447
0.663366,0.019802,-0.0397126
0.673267,0.019802,-0.0418304
0.683168,0.019802,-0.0438942
0.693069,0.019802,-0.0459
0.70297,0.019802,-0.0478433
0.712871,0.019802,-0.0497195
0.722772,0.019802,-0.0515235
0.732673,0.019802,-0.05325
0.742574,0.019802,-0.054893
0.752475,0.019802,-0.0564461
0.762376,0.019802,-0.0579022
0.772277,0.019802,-0.0592536
0.782178,0.019802,-0.0604916
0.792079,0.019802,-0.0616066
0.80198,0.019802,-0.0625878
0.811881,0.019802,-0.063423
0.821782,0.019802,-0.0640986
0.831683,0.019802,-0.064599
0.841584,0.019802,-0.0649062
0.851485,0.019802,-0.0649997
0.861386,0.019802,-0.0648559
0.871287,0.019802,-0.064447
0.881188,0.019802,-0.0637405
0.891089,0.019802,-0.0626981
0.90099,0.019802,-0.0612737
0.910891,0.019802,-0.0594118
0.920792,0.019802,-0.0570442
0.930693,0.019802,-0.0540856
0.940594,0.019802,-0.0504276
0.950495,0.019802,-0.0459281
0.960396,0.019802,-0.0403948
0.970297,0.019802,-0.0335577
0.980198,0.019802,-0.0250182
0.990099,0.019802,-0.0141598
1,0.019802,0
0,0.029703,0
0.00990099,0.029703,0.0185238
0.019802,0.029703,0.033353
0.029703,0.029703,0.0453327
0.039604,0.029703,0.0550867
0.049505,0.029703,0.0630681
0.0594059,0.029703,0.0696097
0.0693069,0.029703,0.074961
0.0792079,0.029703,0.0793129
0.0891089,0.029703,0.0828151
0.0990099,0.029703,0.0855869
0.108911,0.029703,0.0877251
0.118812,0.029703,0.0893091
0.128713,0.029703,0.0904052
0.138614,0.029703,0.091069
0.148515,0.029703,0.0913475
0.158416,0.029703,0.0912812
0.168317,0.029703,0.0909045
0.178218,0.029703,0.0902476
0.188119,0.029703,0.0893365
0.19802,0.029703,0.0881941
0.207921,0.029703,0.0868406
0.217822,0.029703,0.0852936
0.227723,0.029703,0.083569
0.237624,0.029703,0.0816808
0.247525,0.029703,0.0796418
0.257426,0.029703,0.0774632
0.267327,0.029703,0.0751554
0.277228,0.029703,0.0727278
0.287129,0.029703,0.0701889
0.29703,0.029703,0.0675467
0.306931,0.029703,0.0648083
0.316832,0.029703,0.0619807
0.326733,0.029703,0.0590701
0.336634,0.029703,0.0560826
0.346535,0.029703,0.0530236
0.356436,0.029703,0.0498986
0.366337,0.029703,0.0467126
0.376238,0.029703,0.0434705
0.386139,0.029703,0.0401771
0.39604,0.029703,0.0368368
0.405941,0.029703,0.0334542
0.415842,0.029703,0.0300335
0.425743,0.029703,0.0265789
0.435644,0.029703,0.0230946
0.445545,0.029703,0.0195847
0.455446,0.029703,0.0160532
0.465347,0.029703,0.012504
0.475248,0.029703,0.00894121
0.485149,0.029703,0.00536862
0.49505,0.029703,0.00179019
0.50495,0.029703,-0.00179019
0.514851,0.029703,-0.00536862
0.524752,0.029703,-0.00894121
0.534653,0.029703,-0.012504
0.544554,0.029703,-0.0160532
0.554455,0.029703,-0.0195847
0.564356,0.029703,-0.0230946
0.574257,0.029703,-0.0265789
0.584158,0.029703,-0.0300335
0.594059,0.029703,-0.0334542
0.60396,0.029703,-0.0368368
0.613861,0.029703,-0.0401771
0.623762,0.029703,-0.0434705
0.633663,0.029703,-0.0467126
0.643564,0.029703,-0.0498986
0.653465,0.029703,-0.0530236
0.663366,0.029703,-0.0560826
0.673267,0.029703,-0.0590701
0.683168,0.029703,-0.0619807
0.693069,0.029703,-0.0648083
0.70297,0.029703,-0.0675467
0.712871,0.029703,-0.0701889
0.722772,0.029703,-0.0727278
0.732673,0.029703,-0.0751554
0.742574,0.029703,-0.0774632
0.752475,0.029703,-0.0796418
0.762376,0.029703,-0.0816808
0.772277,0.029703,-0.083569
0.782178,0.029703,-0.0852936
0.792079,0.029703,-0.0868406
0.80198,0.029703,-0.0881941
0.811881,0.029703,-0.0893365
0.821782,0.029703,-0.0902476
0.831683,0.029703,-0.0909045
0.841584,0.029703,-0.0912812
0.851485,0.029703,-0.0913475
0.861386,0.029703,-0.091069
0.871287,0.029703,-0.0904052
0.881188,0.029703,-0.0893091
0.891089,0.029703,-0.0877251
0.90099,0.029703,-0.0855869
0.910891,0.029703,-0.0828151
0.920792,0.029703,-0.0793129
0.930693,0.029703,-0.074961
0.940594,0.029703,-0.0696097
0.950495,0.029703,-0.0630681
0.960396,0.029703,-0.0550867
0.970297,0.029703,-0.0453327
0.980198,0.029703,-0.033353
0.990099,0.029703,-0.0185238
1,0.029703,0
0,0.039604,0
0.00990099,0.039604,0.0218302
0.019802,0.039604,0.0397917
0.029703,0.039604,0.0545986
0.039604,0.039604,0.0668315
0.049505,0.039604,0.0769483
0.0594059,0.039604,0.0853071
0.0693069,0.039604,0.0921895
0.0792079,0.039604,0.0978188
0.0891089,0.039604,0.102374
0.0990099,0.039604,0.106002
0.108911,0.039604,0.108821
0.118812,0.039604,0.110932
0.128713,0.039604,0.112418
0.138614,0.039604,0.113349
0.148515,0.039604,0.113786
0.158416,0.039604,0.11378
0.168317,0.039604,0.113376
0.178218,0.039604,0.112613
0.188119,0.039604,0.111524
0.19802,0.039604,0.110138
0.207921,0.039604,0.108482
0.217822,0.039604,0.106579
0.227723,0.039604,0.104449
0.237624,0.039604,0.10211
0.247525,0.039604,0.0995789
0.257426,0.039604,0.09687
0.267327,0.039604,0.0939966
0.277228,0.039604,0.090971
0.287129,0.039604,0.0878041
0.29703,0.039604,0.0845061
0.306931,0.039604,0.0810864
0.316832,0.039604,0.0775537
0.326733,0.039604,0.073916
0.336634,0.039604,0.070181
0.346535,0.039604,0.0663559
0.356436,0.039604,0.0624474
0.366337,0.039604,0.058462
0.376238,0.039604,0.054406
0.386139,0.039604,0.0502852
0.39604,0.039604,0.0461055
0.405941,0.039604,0.0418725
0.415842,0.039604,0.0375915
0.425743,0.039604,0.033268
0.435644,0.039604,0.0289071
0.445545,0.039604,0.024514
0.455446,0.039604,0.0200938
0.465347,0.039604,0.0156514
0.475248,0.039604,0.0111918
0.485149,0.039604,0.00671998
0.49505,0.039604,0.00224081
0.50495,0.039604,-0.00224081
0.514851,0.039604,-0.00671998
0.524752,0.039604,-0.0111918
0.534653,0.039604,-0.0156514
0.544554,0.039604,-0.0200938
0.554455,0.039604,-0.024514
0.564356,0.039604,-0.0289071
0.574257,0.039604,-0.033268
0.584158,0.039604,-0.0375915
0.594059,0.039604,-0.0418725
0.60396,0.039604,-0.0461055
0.613861,0.039604,-0.0502852
0.623762,0.039604,-0.054406
0.633663,0.039604,-0.058462
0.643564,0.039604,-0.0624474
0.653465,0.039604,-0.0663559
0.663366,0.039604,-0.070181
0.673267,0.039604,-0.073916
0.683168,0.039604,-0.0775537
0.693069,0.039604,-0.0810864
0.70297,0.039604,-0.0845061
0.712871,0.039604,-0.0878041
0.722772,0.039604,-0.090971
0.732673,0.039604,-0.0939966
0.742574,0.039604,-0.09687
0.752475,0.039604,-0.0995789
0.762376,0.039604,-0.10211
0.772277,0.039604,-0.104449
0.782178,0.039604,-0.106579
0.792079,0.039604,-0.108482
0.80198,0.039604,-0.110138
0.811881,0.039604,-0.111524
0.821782,0.039604,-0.112613
0.831683,0.039604,-0.113376
0.841584,0.039604,-0.11378
0.851485,0.039604,-0.113786
0.861386,0.039604,-0.113349
0.871287,0.039604,-0.112418
0.881188,0.039604,-0.110932
0.891089,0.039604,-0.108821
0.90099,0.039604,-0.106002
0.910891,0.039604,-0.102374
0.920792,0.039604,-0.0978188
0.930693,0.039604,-0.0921895
0.940594,0.039604,-0.0853071
0.950495,0.039604,-0.0769483
0.960396,0.039604,-0.0668315
0.970297,0.039604,-0.0545986
0.980198,0.039604,-0.0397917
0.990099,0.039604,-0.0218302
1,0.039604,0
0,0.049505,0
0.00990099,0.049505,0.0243183
0.019802,0.049505,0.0447036
0.029703,0.049505,0.0617674
0.039604,0.049505,0.0760363
0.049505,0.049505,0.0879497
0.0594059,0.049505,0.0978683
0.0693069,0.049505,0.106087
0.0792079,0.049505,0.112847
0.0891089,0.049505,0.118347
0.0990099,0.049505,0.122752
0.108911,0.049505,0.126199
0.118812,0.049505,0.128804
0.128713,0.049505,0.130663
0.138614,0.049505,0.131861
0.148515,0.049505,0.132467
0.158416,0.049505,0.132545
0.168317,0.049505,0.132147
0.178218,0.049505,0.131318
0.188119,0.049505,0.1301
0.19802,0.049505,0.128529
0.207921,0.049505,0.126634
0.217822,0.049505,0.124444
0.227723,0.049505,0.121984
0.237624,0.049505,0.119276
0.247525,0.049505,0.116338
0.257426,0.049505,0.113189
0.267327,0.049505,0.109845
0.277228,0.049505,0.106321
0.287129,0.049505,0.102629
0.29703,0.049505,0.0987823
0.306931,0.049505,0.0947913
0.316832,0.049505,0.0906668
0.326733,0.049505,0.0864184
0.336634,0.049505,0.0820552
0.346535,0.049505,0.0775858
0.356436,0.049505,0.0730181
0.366337,0.049505,0.06836
0.376238,0.049505,0.0636187
0.386139,0.049505,0.0588013
0.39604,0.049505,0.0539147
0.405941,0.049505,0.0489654
0.415842,0.049505,0.0439598
0.425743,0.049505,0.0389042
0.435644,0.049505,0.0338048
0.445545,0.049505,0.0286676
0.455446,0.049505,0.0234985
0.465347,0.049505,0.0183034
0.475248,0.049505,0.0130882
0.485149,0.049505,0.00785868
0.49505,0.049505,0.00262052
0.50495,0.049505,-0.00262052
0.514851,0.049505,-0.00785868
0.524752,0.049505,-0.0130882
0.534653,0.049505,-0.0183034
0.544554,0.049505,-0.0234985
0.554455,0.049505,-0.0286676
0.564356,0.049505,-0.0338048
0.574257,0.049505,-0.0389042
0.584158,0.049505,-0.0439598
0.594059,0.049505,-0.0489654
0.60396,0.049505,-0.0539147
0.613861,0.049505,-0.0588013
0.623762,0.049505,-0.0636187
0.633663,0.049505,-0.06836
0.643564,0.049505,-0.0730181
0.653465,0.049505,-0.0775858
0.663366,0.049505,-0.0820552
0.673267,0.049505,-0.0864184
0.683168,0.049505,-0.0906668
0.693069,0.049505,-0.0947913
0.70297,0.049505,-0.0987823
0.712871,0.049505,-0.102629
0.722772,0.049505,-0.106321
0.732673,0.049505,-0.109845
0.742574,0.049505,-0.113189
0.752475,0.049505,-0.116338
0.762376,0.049505,-0.119276
0.772277,0.049505,-0.121984
0.782178,0.049505,-0.124444
0.792079,0.049505,-0.126634
0.80198,0.049505,-0.128529
0.811881,0.049505,-0.1301
0.821782,0.049505,-0.131318
0.831683,0.049505,-0.132147
0.841584,0.049505,-0.132545
0.851485,0.049505,-0.132467
0.861386,0.049505,-0.131861
0.871287,0.049505,-0.130663
0.881188,0.049505,-0.128804
0.891089,0.049505,-0.126199
0.90099,0.049505,-0.122752
0.910891,0.049505,-0.118347
0.920792,0.049505,-0.112847
0.930693,0.049505,-0.106087
0.940594,0.049505,-0.0978683
0.950495,0.049505,-0.0879497
0.960396,0.049505,-0.0760363
0.970297,0.049505,-0.0617674
0.980198,0.049505,-0.0447036
0.990099,0.049505,-0.0243183
1,0.049505,0
0,0.0594059,0
0.00990099,0.0594059,0.0261348
0.019802,0.0594059,0.0483379
0.029703,0.0594059,0.0671419
0.039604,0.0594059,0.083022
0.049505,0.0594059,0.09639
0.0594059,0.0594059,0.107597
0.0693069,0.0594059,0.116938
0.0792079,0.0594059,0.124662
0.0891089,0.0594059,0.130979
0.0990099,0.0594059,0.136065
0.108911,0.0594059,0.140069
0.118812,0.0594059,0.143119
0.128713,0.0594059,0.145322
0.138614,0.0594059,0.146772
0.148515,0.0594059,0.147549
0.158416,0.0594059,0.147723
0.168317,0.0594059,0.147353
0.178218,0.0594059,0.146493
0.188119,0.0594059,0.145189
0.19802,0.0594059,0.14348
0.207921,0.0594059,0.141404
0.217822,0.0594059,0.138992
0.227723,0.0594059,0.136272
0.237624,0.0594059,0.13327
0.247525,0.0594059,0.130007
0.257426,0.0594059,0.126505
0.267327,0.0594059,0.122782
0.277228,0.0594059,0.118853
0.287129,0.0594059,0.114736
0.29703,0.0594059,0.110443
0.306931,0.0594059,0.105987
0.316832,0.0594059,0.10138
0.326733,0.0594059,0.0966341
0.336634,0.0594059,0.0917585
0.346535,0.0594059,0.0867632
0.356436,0.0594059,0.0816574
0.366337,0.0594059,0.0764498
0.376238,0.0594059,0.0711487
0.386139,0.0594059,0.0657621
0.39604,0.0594059,0.0602978
0.405941,0.0594059,0.054763
0.415842,0.0594059,0.0491652
0.425743,0.0594059,0.0435113
0.435644,0.0594059,0.0378082
0.445545,0.0594059,0.0320627
0.455446,0.0594059,0.0262816
0.465347,0.0594059,0.0204713
0.475248,0.0594059,0.0146384
0.485149,0.0594059,0.00878949
0.49505,0.0594059,0.0029309
0.50495,0.0594059,-0.0029309
0.514851,0.0594059,-0.00878949
0.524752,0.0594059,-0.0146384
0.534653,0.0594059,-0.0204713
0.544554,0.0594059,-0.0262816
0.554455,0.0594059,-0.0320627
0.564356,0.0594059,-0.0378082
0.574257,0.0594059,-0.0435113
0.584158,0.0594059,-0.0491652
0.594059,0.0594059,-0.054763
0.60396,0.0594059,-0.0602978
0.613861,0.0594059,-0.0657621
0.623762,0.0594059,-0.0711487
0.633663,0.0594059,-0.0764498
0.643564,0.0594059,-0.0816574
0.653465,0.0594059,-0.0867632
0.663366,0.0594059,-0.0917585
0.673267,0.0594059,-0.0966341
0.683168,0.0594059,-0.10138
0.693069,0.0594059,-0.105987
0.70297,0.0594059,-0.110443
0.712871,0.0594059,-0.114736
0.722772,0.0594059,-0.118853
0.732673,0.0594059,-0.122782
0.742574,0.0594059,-0.126505
0.752475,0.0594059,-0.130007
0.762376,0.0594059,-0.13327
0.772277,0.0594059,-0.136272
0.782178,0.0594059,-0.138992
0.792079,0.0594059,-0.141404
0.80198,0.0594059,-0.14348
0.811881,0.0594059,-0.145189
0.821782,0.0594059,-0.146493
0.831683,0.0594059,-0.147353
0.841584,0.0594059,-0.147723
0.851485,0.0594059,-0.147549
0.861386,0.0594059,-0.146772
0.871287,0.0594059,-0.145322
0.881188,0.0594059,-0.143119
0.891089,0.0594059,-0.140069
0.90099,0.0594059,-0.136065
0.910891,0.0594059,-0.130979
0.920792,0.0594059,-0.124662
0.930693,0.0594059,-0.116938
0.940594,0.0594059,-0.107597
0.950495,0.0594059,-0.09639
0.960396,0.0594059,-0.083022
0.970297,0.0594059,-0.0671419
0.980198,0.0594059,-0.0483379
0.990099,0.0594059,-0.0261348
1,0.0594059,0
0,0.0693069,0
0.00990099,0.0693069,0.0273791
0.019802,0.0693069,0.0508725
0.029703,0.0693069,0.0709509
0.039604,0.0693069,0.0880439
0.049505,0.0693069,0.102534
0.0594059,0.0693069,0.114755
0.0693069,0.0693069,0.124996
0.0792079,0.0693069,0.133507
0.0891089,0.0693069,0.140499
0.0990099,0.0693069,0.146156
0.108911,0.0693069,0.150635
0.118812,0.0693069,0.154069
0.128713,0.0693069,0.156575
0.138614,0.0693069,0.158254
0.148515,0.0693069,0.159192
0.158416,0.0693069,0.159465
0.168317,0.0693069,0.159139
0.178218,0.0693069,0.158273
0.188119,0.0693069,0.156917
0.19802,0.0693069,0.155116
0.207921,0.0693069,0.15291
0.217822,0.0693069,0.150334
0.227723,0.0693069,0.147419
0.237624,0.0693069,0.144194
0.247525,0.0693069,0.140683
0.257426,0.0693069,0.136908
0.267327,0.0693069,0.132891
0.277228,0.0693069,0.12865
0.287129,0.0693069,0.124202
0.29703,0.0693069,0.119561
0.306931,0.0693069,0.114743
0.316832,0.0693069,0.109761
0.326733,0.0693069,0.104626
0.336634,0.0693069,0.0993496
0.346535,0.0693069,0.0939433
0.356436,0.0693069,0.0884166
0.366337,0.0693069,0.0827792
0.376238,0.0693069,0.0770402
0.386139,0.0693069,0.0712083
0.39604,0.0693069,0.0652919
0.405941,0.0693069,0.0592992
0.415842,0.0693069,0.0532379
0.425743,0.0693069,0.0471158
0.435644,0.0693069,0.0409404
0.445545,0.0693069,0.034719
0.455446,0.0693069,0.028459
0.465347,0.0693069,0.0221673
0.475248,0.0693069,0.0158512
0.485149,0.0693069,0.00951771
0.49505,0.0693069,0.00317373
0.50495,0.0693069,-0.00317373
0.514851,0.0693069,-0.00951771
0.524752,0.0693069,-0.0158512
0.534653,0.0693069,-0.0221673
0.544554,0.0693069,-0.028459
0.554455,0.0693069,-0.034719
0.564356,0.0693069,-0.0409404
0.574257,0.0693069,-0.0471158
0.584158,0.0693069,-0.0532379
0.594059,0.0693069,-0.0592992
0.60396,0.0693069,-0.0652919
0.613861,0.0693069,-0.0712083
0.623762,0.0693069,-0.0770402
0.633663,0.0693069,-0.0827792
0.643564,0.0693069,-0.0884166
0.653465,0.0693069,-0.0939433
0.663366,0.0693069,-0.0993496
0.673267,0.0693069,-0.104626
0.683168,0.0693069,-0.109761
0.693069,0.0693069,-0.114743
0.70297,0.0693069,-0.119561
0.712871,0.0693069,-0.124202
0.722772,0.0693069,-0.12865
0.732673,0.0693069,-0.132891
0.742574,0.0693069,-0.136908
0.752475,0.0693069,-0.140683
0.762376,0.0693069,-0.144194
0.772277,0.0693069,-0.147419
0.782178,0.0693069,-0.150334
0.792079,0.0693069,-0.15291
0.80198,0.0693069,-0.155116
0.811881,0.0693069,-0.156917
0.821782,0.0693069,-0.158273
0.831683,0.0693069,-0.159139
0.841584,0.0693069,-0.159465
0.851485,0.0693069,-0.159192
0.861386,0.0693069,-0.158254
0.871287,0.0693069,-0.156575
0.881188,0.0693069,-0.154069
0.891089,0.0693069,-0.150635
0.90099,0.0693069,-0.146156
0.910891,0.0693069,-0.140499
0.920792,0.0693069,-0.133507
0.930693,0.0693069,-0.124996
0.940594,0.0693069,-0.114755
0.950495,0.0693069,-0.102534
0.960396,0.0693069,-0.0880439
0.970297,0.0693069,-0.0709509
0.980198,0.0693069,-0.0508725
0.990099,0.0693069,-0.0273791
1,0.0693069,0
0,0.0792079,0
0.00990099,0.0792079,0.0281234
0.019802,0.0792079,0.0524405
0.029703,0.0792079,0.0733725
0.039604,0.0792079,0.0913092
0.049505,0.0792079,0.106604
0.0594059,0.0792079,0.119572
0.0693069,0.0792079,0.130491
0.0792079,0.0792079,0.139604
0.0891089,0.0792079,0.147123
0.0990099,0.0792079,0.153233
0.108911,0.0792079,0.158093
0.118812,0.0792079,0.161842
0.128713,0.0792079,0.164602
0.138614,0.0792079,0.166476
0.148515,0.0792079,0.167557
0.158416,0.0792079,0.167926
0.168317,0.0792079,0.167653
0.178218,0.0792079,0.1668
0.188119,0.0792079,0.165421
0.19802,0.0792079,0.163565
0.207921,0.0792079,0.161274
0.217822,0.0792079,0.158587
0.227723,0.0792079,0.155537
0.237624,0.0792079,0.152154
0.247525,0.0792079,0.148466
0.257426,0.0792079,0.144496
0.267327,0.0792079,0.140268
0.277228,0.0792079,0.1358
0.287129,0.0792079,0.131112
0.29703,0.0792079,0.126219
0.306931,0.0792079,0.121137
0.316832,0.0792079,0.11588
0.326733,0.0792079,0.110461
0.336634,0.0792079,0.104893
0.346535,0.0792079,0.0991864
0.356436,0.0792079,0.0933522
0.366337,0.0792079,0.0874009
0.376238,0.0792079,0.0813419
0.386139,0.0792079,0.0751847
0.39604,0.0792079,0.0689381
0.405941,0.0792079,0.0626107
0.415842,0.0792079,0.056211
0.425743,0.0792079,0.049747
0.435644,0.0792079,0.0432267
0.445545,0.0792079,0.0366579
0.455446,0.0792079,0.0300482
0.465347,0.0792079,0.0234052
0.475248,0.0792079,0.0167364
0.485149,0.0792079,0.0100492
0.49505,0.0792079,0.00335095
0.50495,0.0792079,-0.00335095
0.514851,0.0792079,-0.0100492
0.524752,0.0792079,-0.0167364
0.534653,0.0792079,-0.0234052
0.544554,0.0792079,-0.0300482
0.554455,0.0792079,-0.0366579
0.564356,0.0792079,-0.0432267
0.574257,0.0792079,-0.049747
0.584158,0.0792079,-0.056211
0.594059,0.0792079,-0.0626107
0.60396,0.0792079,-0.0689381
0.613861,0.0792079,-0.0751847
0.623762,0.0792079,-0.0813419
0.633663,0.0792079,-0.0874009
0.643564,0.0792079,-0.0933522
0.653465,0.0792079,-0.0991864
0.663366,0.0792079,-0.104893
0.673267,0.0792079,-0.110461
0.683168,0.0792079,-0.11588
0.693069,0.0792079,-0.121137
0.70297,0.0792079,-0.126219
0.712871,0.0792079,-0.131112
0.722772,0.0792079,-0.1358
0.732673,0.0792079,-0.140268
0.742574,0.0792079,-0.144496
0.752475,0.0792079,-0.148466
0.762376,0.0792079,-0.152154
0.772277,0.0792079,-0.155537
0.782178,0.0792079,-0.158587
0.792079,0.0792079,-0.161274
0.80198,0.0792079,-0.163565
0.811881,0.0792079,-0.165421
0.821782,0.0792079,-0.1668
0.831683,0.0792079,-0.167653
0.841584,0.0792079,-0.167926
0.851485,0.0792079,-0.167557
0.861386,0.0792079,-0.166476
0.871287,0.0792079,-0.164602
0.881188,0.0792079,-0.161842
0.891089,0.0792079,-0.158093
0.90099,0.0792079,-0.153233
0.910891,0.0792079,-0.147123
0.920792,0.0792079,-0.139604
0.930693,0.0792079,-0.130491
0.940594,0.0792079,-0.119572
0.950495,0.0792079,-0.106604
0.960396,0.0792079,-0.0913092
0.970297,0.0792079,-0.0733725
0.980198,0.0792079,-0.0524405
0.990099,0.0792079,-0.0281234
1,0.0792079,0
0,0.0891089,0
0.00990099,0.0891089,0.0284231
0.019802,0.0891089,0.0531464
0.029703,0.0891089,0.0745503
0.039604,0.0891089,0.0929896
0.049505,0.0891089,0.10879
0.0594059,0.0891089,0.122247
0.0693069,0.0891089,0.133625
0.0792079,0.0891089,0.143158
0.0891089,0.0891089,0.151052
0.0990099,0.0891089,0.157492
0.108911,0.0891089,0.162635
0.118812,0.0891089,0.166623
0.128713,0.0891089,0.169578
0.138614,0.0891089,0.171609
0.148515,0.0891089,0.17281
0.158416,0.0891089,0.173264
0.168317,0.0891089,0.173045
0.178218,0.0891089,0.172218
0.188119,0.0891089,0.170839
0.19802,0.0891089,0.16896
0.207921,0.0891089,0.166625
0.217822,0.0891089,0.163874
0.227723,0.0891089,0.160743
0.237624,0.0891089,0.157264
0.247525,0.0891089,0.153466
0.257426,0.0891089,0.149374
0.267327,0.0891089,0.145011
0.277228,0.0891089,0.140399
0.287129,0.0891089,0.135557
0.29703,0.0891089,0.130501
0.306931,0.0891089,0.12525
0.316832,0.0891089,0.119816
0.326733,0.0891089,0.114215
0.336634,0.0891089,0.108458
0.346535,0.0891089,0.102558
0.356436,0.0891089,0.0965252
0.366337,0.0891089,0.0903715
0.376238,0.0891089,0.0841063
0.386139,0.0891089,0.0777395
0.39604,0.0891089,0.0712804
0.405941,0.0891089,0.0647377
0.415842,0.0891089,0.0581203
0.425743,0.0891089,0.0514365
0.435644,0.0891089,0.0446945
0.445545,0.0891089,0.0379025
0.455446,0.0891089,0.0310683
0.465347,0.0891089,0.0241997
0.475248,0.0891089,0.0173045
0.485149,0.0891089,0.0103903
0.49505,0.0891089,0.00346468
0.50495,0.0891089,-0.00346468
0.514851,0.0891089,-0.0103903
0.524752,0.0891089,-0.0173045
0.534653,0.0891089,-0.0241997
0.544554,0.0891089,-0.0310683
0.554455,0.0891089,-0.0379025
0.564356,0.0891089,-0.0446945
0.574257,0.0891089,-0.0514365
0.584158,0.0891089,-0.0581203
0.594059,0.0891089,-0.0647377
0.60396,0.0891089,-0.0712804
0.613861,0.0891089,-0.0777395
0.623762,0.0891089,-0.0841063
0.633663,0.0891089,-0.0903715
0.643564,0.0891089,-0.0965252
0.653465,0.0891089,-0.102558
0.663366,0.0891089,-0.108458
0.673267,0.0891089,-0.114215
0.683168,0.0891089,-0.119816
0.693069,0.0891089,-0.12525
0.70297,0.0891089,-0.130501
0.712871,0.0891089,-0.135557
0.722772,0.0891089,-0.140399
0.732673,0.0891089,-0.145011
0.742574,0.0891089,-0.149374
0.752475,0.0891089,-0.153466
0.762376,0.0891089,-0.157264
0.772277,0.0891089,-0.160743
0.782178,0.0891089,-0.163874
0.792079,0.0891089,-0.166625
0.80198,0.0891089,-0.16896
0.811881,0.0891089,-0.170839
0.821782,0.0891089,-0.172218
0.831683,0.0891089,-0.173045
0.841584,0.0891089,-0.173264
0.851485,0.0891089,-0.17281
0.861386,0.0891089,-0.171609
0.871287,0.0891089,-0.169578
0.881188,0.0891089,-0.166623
0.891089,0.0891089,-0.162635
0.90099,0.0891089,-0.157492
0.910891,0.0891089,-0.151052
0.920792,0.0891089,-0.143158
0.930693,0.0891089,-0.133625
0.940594,0.0891089,-0.122247
0.950495,0.0891089,-0.10879
0.960396,0.0891089,-0.0929896
0.970297,0.0891089,-0.0745503
0.980198,0.0891089,-0.0531464
0.990099,0.0891089,-0.0284231
1,0.0891089,0
0,0.0990099,0
0.00990099,0.0990099,0.0283227
0.019802,0.0990099,0.0530755
0.029703,0.0990099,0.0746033
0.039604,0.0990099,0.0932304
0.049505,0.0990099,0.109257
0.0594059,0.0990099,0.122958
0.0693069,0.0990099,0.134583
0.0792079,0.0990099,0.144355
0.0891089,0.0990099,0.152474
0.0990099,0.0990099,0.159118
0.108911,0.0990099,0.164443
0.118812,0.0990099,0.16859
0.128713,0.0990099,0.17168
0.138614,0.0990099,0.173822
0.148515,0.0990099,0.175113
0.158416,0.0990099,0.175637
0.168317,0.0990099,0.175469
0.178218,0.0990099,0.174675
0.188119,0.0990099,0.173314
0.19802,0.0990099,0.171439
0.207921,0.0990099,0.169094
0.217822,0.0990099,0.166323
0.227723,0.0990099,0.163161
0.237624,0.0990099,0.159643
0.247525,0.0990099,0.155796
0.257426,0.0990099,0.151649
0.267327,0.0990099,0.147225
0.277228,0.0990099,0.142546
0.287129,0.0990099,0.137632
0.29703,0.0990099,0.132501
0.306931,0.0990099,0.127169
0.316832,0.0990099,0.121652
0.326733,0.0990099,0.115964
0.336634,0.0990099,0.110118
0.346535,0.0990099,0.104127
0.356436,0.0990099,0.0980008
0.366337,0.0990099,0.0917518
0.376238,0.0990099,0.0853899
0.386139,0.0990099,0.0789249
0.39604,0.0990099,0.0723663
0.405941,0.0990099,0.0657232
0.415842,0.0990099,0.0590043
0.425743,0.0990099,0.0522183
0.435644,0.0990099,0.0453734
0.445545,0.0990099,0.0384779
0.455446,0.0990099,0.0315397
0.465347,0.0990099,0.0245667
0.475248,0.0990099,0.0175668
0.485149,0.0990099,0.0105478
0.49505,0.0990099,0.0035172
0.50495,0.0990099,-0.0035172
0.514851,0.0990099,-0.0105478
0.524752,0.0990099,-0.0175668
0.534653,0.0990099,-0.0245667
0.544554,0.0990099,-0.0315397
0.554455,0.0990099,-0.0384779
0.564356,0.0990099,-0.0453734
0.574257,0.0990099,-0.0522183
0.584158,0.0990099,-0.0590043
0.594059,0.0990099,-0.0657232
0.60396,0.0990099,-0.0723663
0.613861,0.0990099,-0.0789249
0.623762,0.0990099,-0.0853899
0.633663,0.0990099,-0.0917518
0.643564,0.0990099,-0.0980008
0.653465,0.0990099,-0.104127
0.663366,0.0990099,-0.110118
0.673267,0.0990099,-0.115964
0.683168,0.0990099,-0.121652
0.693069,0.0990099,-0.127169
0.70297,0.0990099,-0.132501
0.712871,0.0990099,-0.137632
0.722772,0.0990099,-0.142546
0.732673,0.0990099,-0.147225
0.742574,0.0990099,-0.151649
0.752475,0.0990099,-0.155796
0.762376,0.0990099,-0.159643
0.772277,0.0990099,-0.163161
0.782178,0.0990099,-0.166323
0.792079,0.0990099,-0.169094
0.80198,0.0990099,-0.171439
0.811881,0.0990099,-0.173314
0.821782,0.0990099,-0.174675
0.831683,0.0990099,-0.175469
0.841584,0.0990099,-0.175637
0.851485,0.0990099,-0.175113
0.861386,0.0990099,-0.173822
0.871287,0.0990099,-0.17168
0.881188,0.0990099,-0.16859
0.891089,0.0990099,-0.164443
0.90099,0.0990099,-0.159118
0.910891,0.0990099,-0.152474
0.920792,0.0990099,-0.144355
0.930693,0.0990099,-0.134583
0.940594,0.0990099,-0.122958
0.950495,0.0990099,-0.109257
0.960396,0.0990099,-0.0932304
0.970297,0.0990099,-0.0746033
0.980198,0.0990099,-0.0530755
0.990099,0.0990099,-0.0283227
1,0.0990099,0
0,0.108911,0
0.00990099,0.108911,0.0278596
0.019802,0.108911,0.0522993
0.029703,0.108911,0.0736332
0.039604,0.108911,0.0921578
0.049505,0.108911,0.10815
0.0594059,0.108911,0.121864
0.0693069,0.108911,0.133534
0.0792079,0.108911,0.143371
0.0891089,0.108911,0.151566
0.0990099,0.108911,0.15829
0.108911,0.108911,0.163695
0.118812,0.108911,0.167917
0.128713,0.108911,0.171077
0.138614,0.108911,0.173284
0.148515,0.108911,0.174632
0.158416,0.108911,0.175205
0.168317,0.108911,0.17508
0.178218,0.108911,0.174323
0.188119,0.108911,0.172993
0.19802,0.108911,0.171143
0.207921,0.108911,0.16882
0.217822,0.108911,0.166067
0.227723,0.108911,0.16292
0.237624,0.108911,0.159413
0.247525,0.108911,0.155576
0.257426,0.108911,0.151437
0.267327,0.108911,0.14702
0.277228,0.108911,0.142348
0.287129,0.108911,0.137439
0.29703,0.108911,0.132313
0.306931,0.108911,0.126986
0.316832,0.108911,0.121475
0.326733,0.108911,0.115792
0.336634,0.108911,0.109952
0.346535,0.108911,0.103967
0.356436,0.108911,0.097848
0.366337,0.108911,0.0916063
0.376238,0.108911,0.0852523
0.386139,0.108911,0.0787958
0.39604,0.108911,0.0722463
0.405941,0.108911,0.0656127
0.415842,0.108911,0.058904
0.425743,0.108911,0.0521286
0.435644,0.108911,0.0452947
0.445545,0.108911,0.0384106
0.455446,0.108911,0.0314842
0.465347,0.108911,0.0245233
0.475248,0.108911,0.0175356
0.485149,0.108911,0.010529
0.49505,0.108911,0.00351093
0.50495,0.108911,-0.00351093
0.514851,0.108911,-0.010529
0.524752,0.108911,-0.0175356
0.534653,0.108911,-0.0245233
0.544554,0.108911,-0.0314842
0.554455,0.108911,-0.0384106
0.564356,0.108911,-0.0452947
0.574257,0.108911,-0.0521286
0.584158,0.108911,-0.058904
0.594059,0.108911,-0.0656127
0.60396,0.108911,-0.0722463
0.613861,0.108911,-0.0787958
0.623762,0.108911,-0.0852523
0.633663,0.108911,-0.0916063
0.643564,0.108911,-0.097848
0.653465,0.108911,-0.103967
0.663366,0.108911,-0.109952
0.673267,0.108911,-0.115792
0.683168,0.108911,-0.121475
0.693069,0.108911,-0.126986
0.70297,0.108911,-0.132313
0.712871,0.108911,-0.137439
0.722772,0.108911,-0.142348
0.732673,0.108911,-0.14702
0.742574,0.108911,-0.151437
0.752475,0.108911,-0.155576
0.762376,0.108911,-0.159413
0.772277,0.108911,-0.16292
0.782178,0.108911,-0.166067
0.792079,0.108911,-0.16882
0.80198,0.108911,-0.171143
0.811881,0.108911,-0.172993
0.821782,0.108911,-0.174323
0.831683,0.108911,-0.17508
0.841584,0.108911,-0.175205
0.851485,0.108911,-0.174632
0.861386,0.108911,-0.173284
0.871287,0.108911,-0.171077
0.881188,0.108911,-0.167917
0.891089,0.108911,-0.163695
0.90099,0.108911,-0.15829
0.910891,0.108911,-0.151566
0.920792,0.108911,-0.143371
0.930693,0.108911,-0.133534
0.940594,0.108911,-0.121864
0.950495,0.108911,-0.10815
0.960396,0.108911,-0.0921578
0.970297,0.108911,-0.0736332
0.980198,0.108911,-0.0522993
0.990099,0.108911,-0.0278596
1,0.108911,0
0,0.118812,0
0.00990099,0.118812,0.027066
0.019802,0.118812,0.0508802
0.029703,0.118812,0.071729
0.039604,0.118812,0.0898836
0.049505,0.118812,0.105598
0.0594059,0.118812,0.119109
0.0693069,0.118812,0.130632
0.0792079,0.118812,0.140368
0.0891089,0.118812,0.148495
0.0990099,0.118812,0.155177
0.108911,0.118812,0.160559
0.118812,0.118812,0.164775
0.128713,0.118812,0.16794
0.138614,0.118812,0.17016
0.148515,0.118812,0.171528
0.158416,0.118812,0.172129
0.168317,0.118812,0.172035
0.178218,0.118812,0.171314
0.188119,0.118812,0.170024
0.19802,0.118812,0.168219
0.207921,0.118812,0.165944
0.217822,0.118812,0.163242
0.227723,0.118812,0.160151
0.237624,0.118812,0.156703
0.247525,0.118812,0.15293
0.257426,0.118812,0.148858
0.267327,0.118812,0.144512
0.277228,0.118812,0.139914
0.287129,0.118812,0.135083
0.29703,0.118812,0.13004
0.306931,0.118812,0.124799
0.316832,0.118812,0.119376
0.326733,0.118812,0.113787
0.336634,0.118812,0.108043
0.346535,0.118812,0.102156
0.356436,0.118812,0.0961397
0.366337,0.118812,0.0900031
0.376238,0.118812,0.0837569
0.386139,0.118812,0.0774106
0.39604,0.118812,0.0709736
0.405941,0.118812,0.0644548
0.415842,0.118812,0.0578627
0.425743,0.118812,0.0512056
0.435644,0.118812,0.0444917
0.445545,0.118812,0.0377288
0.455446,0.118812,0.0309248
0.465347,0.118812,0.0240872
0.475248,0.118812,0.0172237
0.485149,0.118812,0.0103416
0.49505,0.118812,0.00344843
0.50495,0.118812,-0.00344843
0.514851,0.118812,-0.0103416
0.524752,0.118812,-0.0172237
0.534653,0.118812,-0.0240872
0.544554,0.118812,-0.0309248
0.554455,0.118812,-0.0377288
0.564356,0.118812,-0.0444917
0.574257,0.118812,-0.0512056
0.584158,0.118812,-0.0578627
0.594059,0.118812,-0.0644548
0.60396,0.118812,-0.0709736
0.613861,0.118812,-0.0774106
0.623762,0.118812,-0.0837569
0.633663,0.118812,-0.0900031
0.643564,0.118812,-0.0961397
0.653465,0.118812,-0.102156
0.663366,0.118812,-0.108043
0.673267,0.118812,-0.113787
0.683168,0.118812,-0.119376
0.693069,0.118812,-0.124799
0.70297,0.118812,-0.13004
0.712871,0.118812,-0.135083
0.722772,0.118812,-0.139914
0.732673,0.118812,-0.144512
0.742574,0.118812,-0.148858
0.752475,0.118812,-0.15293
0.762376,0.118812,-0.156703
0.772277,0.118812,-0.160151
0.782178,0.118812,-0.163242
0.792079,0.118812,-0.165944
0.80198,0.118812,-0.168219
0.811881,0.118812,-0.170024
0.821782,0.118812,-0.171314
0.831683,0.118812,-0.172035
0.841584,0.118812,-0.172129
0.851485,0.118812,-0.171528
0.861386,0.118812,-0.17016
0.871287,0.118812,-0.16794
0.881188,0.118812,-0.164775
0.891089,0.118812,-0.160559
0.90099,0.118812,-0.155177
0.910891,0.118812,-0.148495
0.920792,0.118812,-0.140368
0.930693,0.118812,-0.130632
0.940594,0.118812,-0.119109
0.950495,0.118812,-0.105598
0.960396,0.118812,-0.0898836
0.970297,0.118812,-0.071729
0.980198,0.118812,-0.0508802
0.990099,0.118812,-0.027066
1,0.118812,0
0,0.128713,0
0.00990099,0.128713,0.0259705
0.019802,0.128713,0.0488737
0.029703,0.128713,0.0689704
0.039604,0.128713,0.0865085
0.049505,0.128713,0.101721
0.0594059,0.128713,0.114825
0.0693069,0.128713,0.126022
0.0792079,0.128713,0.135497
0.0891089,0.128713,0.143419
0.0990099,0.128713,0.149941
0.108911,0.128713,0.155203
0.118812,0.128713,0.159329
0.128713,0.128713,0.162433
0.138614,0.128713,0.164615
0.148515,0.128713,0.165966
0.158416,0.128713,0.166568
0.168317,0.128713,0.166492
0.178218,0.128713,0.165803
0.188119,0.128713,0.16456
0.19802,0.128713,0.162813
0.207921,0.128713,0.160609
0.217822,0.128713,0.157989
0.227723,0.128713,0.15499
0.237624,0.128713,0.151645
0.247525,0.128713,0.147984
0.257426,0.128713,0.144034
0.267327,0.128713,0.139818
0.277228,0.128713,0.135359
0.287129,0.128713,0.130675
0.29703,0.128713,0.125786
0.306931,0.128713,0.120706
0.316832,0.128713,0.115453
0.326733,0.128713,0.110038
0.336634,0.128713,0.104475
0.346535,0.128713,0.0987762
0.356436,0.128713,0.0929521
0.366337,0.128713,0.0870132
0.376238,0.128713,0.0809695
0.386139,0.128713,0.0748301
0.39604,0.128713,0.068604
0.405941,0.128713,0.0622998
0.415842,0.128713,0.0559256
0.425743,0.128713,0.0494895
0.435644,0.128713,0.0429991
0.445545,0.128713,0.0364621
0.455446,0.128713,0.0298857
0.465347,0.128713,0.0232775
0.475248,0.128713,0.0166444
0.485149,0.128713,0.00999368
0.49505,0.128713,0.0033324
0.50495,0.128713,-0.0033324
0.514851,0.128713,-0.00999368
0.524752,0.128713,-0.0166444
0.534653,0.128713,-0.0232775
0.544554,0.128713,-0.0298857
0.554455,0.128713,-0.0364621
0.564356,0.128713,-0.0429991
0.574257,0.128713,-0.0494895
0.584158,0.128713,-0.0559256
0.594059,0.128713,-0.0622998
0.60396,0.128713,-0.068604
0.613861,0.128713,-0.0748301
0.623762,0.128713,-0.0809695
0.633663,0.128713,-0.0870132
0.643564,0.128713,-0.0929521
0.653465,0.128713,-0.0987762
0.663366,0.128713,-0.104475
0.673267,0.128713,-0.110038
0.683168,0.128713,-0.115453
0.693069,0.128713,-0.120706
0.70297,0.128713,-0.125786
0.712871,0.128713,-0.130675
0.722772,0.128713,-0.135359
0.732673,0.128713,-0.139818
0.742574,0.128713,-0.144034
0.752475,0.128713,-0.147984
0.762376,0.128713,-0.151645
0.772277,0.128713,-0.15499
0.782178,0.128713,-0.157989
0.792079,0.128713,-0.160609
0.80198,0.128713,-0.162813
0.811881,0.128713,-0.16456
0.821782,0.128713,-0.165803
0.831683,0.128713,-0.166492
0.841584,0.128713,-0.166568
0.851485,0.128713,-0.165966
0.861386,0.128713,-0.164615
0.871287,0.128713,-0.162433
0.881188,0.128713,-0.159329
0.891089,0.128713,-0.155203
0.90099,0.128713,-0.149941
0.910891,0.128713,-0.143419
0.920792,0.128713,-0.135497
0.930693,0.128713,-0.126022
0.940594,0.128713,-0.114825
0.950495,0.128713,-0.101721
0.960396,0.128713,-0.0865085
0.970297,0.128713,-0.0689704
0.980198,0.128713,-0.0488737
0.990099,0.128713,-0.0259705
1,0.128713,0
0,0.138614,0
0.00990099,0.138614,0.0245991
0.019802,0.138614,0.04633
0.029703,0.138614,0.0654301
0.039604,0.138614,0.0821251
0.049505,0.138614,0.0966277
0.0594059,0.138614,0.109137
0.0693069,0.138614,0.119839
0.0792079,0.138614,0.128905
0.0891089,0.138614,0.13649
0.0990099,0.138614,0.14274
0.108911,0.138614,0.147784
0.118812,0.138614,0.151742
0.128713,0.138614,0.154719
0.138614,0.138614,0.156811
0.148515,0.138614,0.158107
0.158416,0.138614,0.158683
0.168317,0.138614,0.158608
0.178218,0.138614,0.157946
0.188119,0.138614,0.156752
0.19802,0.138614,0.155076
0.207921,0.138614,0.152962
0.217822,0.138614,0.15045
0.227723,0.138614,0.147577
0.237624,0.138614,0.144375
0.247525,0.138614,0.140871
0.257426,0.138614,0.137092
0.267327,0.138614,0.133062
0.277228,0.138614,0.128801
0.287129,0.138614,0.124328
0.29703,0.138614,0.11966
0.306931,0.138614,0.114814
0.316832,0.138614,0.109803
0.326733,0.138614,0.104641
0.336634,0.138614,0.0993395
0.346535,0.138614,0.0939106
0.356436,0.138614,0.0883644
0.366337,0.138614,0.0827107
0.376238,0.138614,0.076959
0.386139,0.138614,0.0711178
0.39604,0.138614,0.0651957
0.405941,0.138614,0.0592006
0.415842,0.138614,0.0531403
0.425743,0.138614,0.0470221
0.435644,0.138614,0.0408533
0.445545,0.138614,0.0346411
0.455446,0.138614,0.0283922
0.465347,0.138614,0.0221136
0.475248,0.138614,0.0158118
0.485149,0.138614,0.00949366
0.49505,0.138614,0.00316565
0.50495,0.138614,-0.00316565
0.514851,0.138614,-0.00949366
0.524752,0.138614,-0.0158118
0.534653,0.138614,-0.0221136
0.544554,0.138614,-0.0283922
0.554455,0.138614,-0.0346411
0.564356,0.138614,-0.0408533
0.574257,0.138614,-0.0470221
0.584158,0.138614,-0.0531403
0.594059,0.138614,-0.0592006
0.60396,0.138614,-0.0651957
0.613861,0.138614,-0.0711178
0.623762,0.138614,-0.076959
0.633663,0.138614,-0.0827107
0.643564,0.138614,-0.0883644
0.653465,0.138614,-0.0939106
0.663366,0.138614,-0.0993395
0.673267,0.138614,-0.104641
0.683168,0.138614,-0.109803
0.693069,0.138614,-0.114814
0.70297,0.138614,-0.11966
0.712871,0.138614,-0.124328
0.722772,0.138614,-0.128801
0.732673,0.138614,-0.133062
0.742574,0.138614,-0.137092
0.752475,0.138614,-0.140871
0.762376,0.138614,-0.144375
0.772277,0.138614,-0.147577
0.782178,0.138614,-0.15045
0.792079,0.138614,-0.152962
0.80198,0.138614,-0.155076
0.811881,0.138614,-0.156752
0.821782,0.138614,-0.157946
0.831683,0.138614,-0.158608
0.841584,0.138614,-0.158683
0.851485,0.138614,-0.158107
0.861386,0.138614,-0.156811
0.871287,0.138614,-0.154719
0.881188,0.138614,-0.151742
0.891089,0.138614,-0.147784
0.90099,0.138614,-0.14274
0.910891,0.138614,-0.13649
0.920792,0.138614,-0.128905
0.930693,0.138614,-0.119839
0.940594,0.138614,-0.109137
0.950495,0.138614,-0.0966277
0.960396,0.138614,-0.0821251
0.970297,0.138614,-0.0654301
0.980198,0.138614,-0.04633
0.990099,0.138614,-0.0245991
1,0.138614,0
0,0.148515,0
0.00990099,0.148515,0.0229756
0.019802,0.148515,0.0432957
0.029703,0.148515,0.0611754
0.039604,0.148515,0.0768193
0.049505,0.148515,0.090421
0.0594059,0.148515,0.102162
0.0693069,0.148515,0.112212
0.0792079,0.148515,0.120728
0.0891089,0.148515,0.127854
0.0990099,0.148515,0.133725
0.108911,0.148515,0.13846
0.118812,0.148515,0.142171
0.128713,0.148515,0.144958
0.138614,0.148515,0.146911
0.148515,0.148515,0.148112
0.158416,0.148515,0.148634
0.168317,0.148515,0.148544
0.178218,0.148515,0.1479
0.188119,0.148515,0.146756
0.19802,0.148515,0.145159
0.207921,0.148515,0.143151
0.217822,0.148515,0.140772
0.227723,0.148515,0.138054
0.237624,0.148515,0.135029
0.247525,0.148515,0.131724
0.257426,0.148515,0.128163
0.267327,0.148515,0.124369
0.277228,0.148515,0.120361
0.287129,0.148515,0.116157
0.29703,0.148515,0.111775
0.306931,0.148515,0.107227
0.316832,0.148515,0.102529
0.326733,0.148515,0.0976921
0.336634,0.148515,0.0927278
0.346535,0.148515,0.0876467
0.356436,0.148515,0.0824584
0.366337,0.148515,0.0771722
0.376238,0.148515,0.0717965
0.386139,0.148515,0.0663395
0.39604,0.148515,0.0608089
0.405941,0.148515,0.0552119
0.415842,0.148515,0.0495555
0.425743,0.148515,0.0438467
0.435644,0.148515,0.038092
0.445545,0.148515,0.0322978
0.455446,0.148515,0.0264704
0.465347,0.148515,0.0206159
0.475248,0.148515,0.0147406
0.485149,0.148515,0.00885029
0.49505,0.148515,0.00295109
0.50495,0.148515,-0.00295109
0.514851,0.148515,-0.00885029
0.524752,0.148515,-0.0147406
0.534653,0.148515,-0.0206159
0.544554,0.148515,-0.0264704
0.554455,0.148515,-0.0322978
0.564356,0.148515,-0.038092
0.574257,0.148515,-0.0438467
0.584158,0.148515,-0.0495555
0.594059,0.148515,-0.0552119
0.60396,0.148515,-0.0608089
0.613861,0.148515,-0.0663395
0.623762,0.148515,-0.0717965
0.633663,0.148515,-0.0771722
0.643564,0.148515,-0.0824584
0.653465,0.148515,-0.0876467
0.663366,0.148515,-0.0927278
0.673267,0.148515,-0.0976921
0.683168,0.148515,-0.102529
0.693069,0.148515,-0.107227
0.70297,0.148515,-0.111775
0.712871,0.148515,-0.116157
0.722772,0.148515,-0.120361
0.732673,0.148515,-0.124369
0.742574,0.148515,-0.128163
0.752475,0.148515,-0.131724
0.762376,0.148515,-0.135029
0.772277,0.148515,-0.138054
0.782178,0.148515,-0.140772
0.792079,0.148515,-0.143151
0.80198,0.148515,-0.145159
0.811881,0.148515,-0.146756
0.821782,0.148515,-0.1479
0.831683,0.148515,-0.148544
0.841584,0.148515,-0.148634
0.851485,0.148515,-0.148112
0.861386,0.148515,-0.146911
0.871287,0.148515,-0.144958
0.881188,0.148515,-0.142171
0.891089,0.148515,-0.13846
0.90099,0.148515,-0.133725
0.910891,0.148515,-0.127854
0.920792,0.148515,-0.120728
0.930693,0.148515,-0.112212
0.940594,0.148515,-0.102162
0.950495,0.148515,-0.090421
0.960396,0.148515,-0.0768193
0.970297,0.148515,-0.0611754
0.980198,0.148515,-0.0432957
0.990099,0.148515,-0.0229756
1,0.148515,0
0,0.158416,0
0.00990099,0.158416,0.0211226
0.019802,0.158416,0.0398146
0.029703,0.158416,0.0562698
0.039604,0.158416,0.0706726
0.049505,0.158416,0.0831978
0.0594059,0.158416,0.0940098
0.0693069,0.158416,0.103262
0.0792079,0.158416,0.111099
0.0891089,0.158416,0.117651
0.0990099,0.158416,0.123042
0.108911,0.158416,0.127382
0.118812,0.158416,0.130773
0.128713,0.158416,0.133309
0.138614,0.158416,0.135073
0.148515,0.158416,0.136141
0.158416,0.158416,0.136582
0.168317,0.158416,0.136457
0.178218,0.158416,0.135822
0.188119,0.158416,0.134727
0.19802,0.158416,0.133216
0.207921,0.158416,0.131328
0.217822,0.158416,0.129101
0.227723,0.158416,0.126565
0.237624,0.158416,0.12375
0.247525,0.158416,0.12068
0.257426,0.158416,0.117379
0.267327,0.158416,0.113867
0.277228,0.158416,0.110164
0.287129,0.158416,0.106285
0.29703,0.158416,0.102245
0.306931,0.158416,0.0980582
0.316832,0.158416,0.093737
0.326733,0.158416,0.0892926
0.336634,0.158416,0.0847351
0.346535,0.158416,0.0800742
0.356436,0.158416,0.0753186
0.366337,0.158416,0.0704765
0.376238,0.158416,0.0655556
0.386139,0.158416,0.060563
0.39604,0.158416,0.0555056
0.405941,0.158416,0.0503899
0.415842,0.158416,0.0452221
0.425743,0.158416,0.0400082
0.435644,0.158416,0.034754
0.445545,0.158416,0.0294651
0.455446,0.158416,0.0241472
0.465347,0.158416,0.0188056
0.475248,0.158416,0.0134456
0.485149,0.158416,0.00807259
0.49505,0.158416,0.00269173
0.50495,0.158416,-0.00269173
0.514851,0.158416,-0.00807259
0.524752,0.158416,-0.0134456
0.534653,0.158416,-0.0188056
0.544554,0.158416,-0.0241472
0.554455,0.158416,-0.0294651
0.564356,0.158416,-0.034754
0.574257,0.158416,-0.0400082
0.584158,0.158416,-0.0452221
0.594059,0.158416,-0.0503899
0.60396,0.158416,-0.0555056
0.613861,0.158416,-0.060563
0.623762,0.158416,-0.0655556
0.633663,0.158416,-0.0704765
0.643564,0.158416,-0.0753186
0.653465,0.158416,-0.0800742
0.663366,0.158416,-0.0847351
0.673267,0.158416,-0.0892926
0.683168,0.158416,-0.093737
0.693069,0.158416,-0.0980582
0.70297,0.158416,-0.102245
0.712871,0.158416,-0.106285
0.722772,0.158416,-0.110164
0.732673,0.158416,-0.113867
0.742574,0.158416,-0.117379
0.752475,0.158416,-0.12068
0.762376,0.158416,-0.12375
0.772277,0.158416,-0.126565
0.782178,0.158416,-0.129101
0.792079,0.158416,-0.131328
0.80198,0.158416,-0.133216
0.811881,0.158416,-0.134727
0.821782,0.158416,-0.135822
0.831683,0.158416,-0.136457
0.841584,0.158416,-0.136582
0.851485,0.158416,-0.136141
0.861386,0.158416,-0.135073
0.871287,0.158416,-0.133309
0.881188,0.158416,-0.130773
0.891089,0.158416,-0.127382
0.90099,0.158416,-0.123042
0.910891,0.158416,-0.117651
0.920792,0.158416,-0.111099
0.930693,0.158416,-0.103262
0.940594,0.158416,-0.0940098
0.950495,0.158416,-0.0831978
0.960396,0.158416,-0.0706726
0.970297,0.158416,-0.0562698
0.980198,0.158416,-0.0398146
0.990099,0.158416,-0.0211226
1,0.158416,0
0,0.168317,0
0.00990099,0.168317,0.0190614
0.019802,0.168317,0.0359282
0.029703,0.168317,0.0507734
0.039604,0.168317,0.0637621
0.049505,0.168317,0.0750509
0.0594059,0.168317,0.0847872
0.0693069,0.168317,0.0931093
0.0792079,0.168317,0.100146
0.0891089,0.168317,0.106018
0.0990099,0.168317,0.110835
0.108911,0.168317,0.114698
0.118812,0.168317,0.1177
0.128713,0.168317,0.119926
0.138614,0.168317,0.121454
0.148515,0.168317,0.122352
0.158416,0.168317,0.122684
0.168317,0.168317,0.122506
0.178218,0.168317,0.12187
0.188119,0.168317,0.120821
0.19802,0.168317,0.1194
0.207921,0.168317,0.117644
0.217822,0.168317,0.115586
0.227723,0.168317,0.113256
0.237624,0.168317,0.110678
0.247525,0.168317,0.107878
0.257426,0.168317,0.104875
0.267327,0.168317,0.101689
0.277228,0.168317,0.0983358
0.287129,0.168317,0.0948309
0.29703,0.168317,0.0911878
0.306931,0.168317,0.0874185
0.316832,0.168317,0.083534
0.326733,0.168317,0.0795444
0.336634,0.168317,0.0754587
0.346535,0.168317,0.0712851
0.356436,0.168317,0.0670314
0.366337,0.168317,0.0627046
0.376238,0.168317,0.0583113
0.386139,0.168317,0.0538577
0.39604,0.168317,0.0493496
0.405941,0.168317,0.0447926
0.415842,0.168317,0.0401918
0.425743,0.168317,0.0355524
0.435644,0.168317,0.0308792
0.445545,0.168317,0.026177
0.455446,0.168317,0.0214505
0.465347,0.168317,0.0167041
0.475248,0.168317,0.0119424
0.485149,0.168317,0.00716983
0.49505,0.168317,0.00239067
0.50495,0.168317,-0.00239067
0.514851,0.168317,-0.00716983
0.524752,0.168317,-0.0119424
0.534653,0.168317,-0.0167041
0.544554,0.168317,-0.0214505
0.554455,0.168317,-0.026177
0.564356,0.168317,-0.0308792
0.574257,0.168317,-0.0355524
0.584158,0.168317,-0.0401918
0.594059,0.168317,-0.0447926
0.60396,0.168317,-0.0493496
0.613861,0.168317,-0.0538577
0.623762,0.168317,-0.0583113
0.633663,0.168317,-0.0627046
0.643564,0.168317,-0.0670314
0.653465,0.168317,-0.0712851
0.663366,0.168317,-0.0754587
0.673267,0.168317,-0.0795444
0.683168,0.168317,-0.083534
0.693069,0.168317,-0.0874185
0.70297,0.168317,-0.0911878
0.712871,0.168317,-0.0948309
0.722772,0.168317,-0.0983358
0.732673,0.168317,-0.101689
0.742574,0.168317,-0.104875
0.752475,0.168317,-0.107878
0.762376,0.168317,-0.110678
0.772277,0.168317,-0.113256
0.782178,0.168317,-0.115586
0.792079,0.168317,-0.117644
0.80198,0.168317,-0.1194
0.811881,0.168317,-0.120821
0.821782,0.168317,-0.12187
0.831683,0.168317,-0.122506
0.841584,0.168317,-0.122684
0.851485,0.168317,-0.122352
0.861386,0.168317,-0.121454
0.871287,0.168317,-0.119926
0.881188,0.168317,-0.1177
0.891089,0.168317,-0.114698
0.90099,0.168317,-0.110835
0.910891,0.168317,-0.106018
0.920792,0.168317,-0.100146
0.930693,0.168317,-0.0931093
0.940594,0.168317,-0.0847872
0.950495,0.168317,-0.0750509
0.960396,0.168317,-0.0637621
0.970297,0.168317,-0.0507734
0.980198,0.168317,-0.0359282
0.990099,0.168317,-0.0190614
1,0.168317,0
0,0.178218,0
0.00990099,0.178218,0.0168125
0.019802,0.178218,0.0316762
0.029703,0.178218,0.044744
0.039604,0.178218,0.0561621
0.049505,0.178218,0.0660693
0.0594059,0.178218,0.0745964
0.0693069,0.178218,0.0818664
0.0792079,0.178218,0.0879943
0.0891089,0.178218,0.0930869
0.0990099,0.178218,0.097243
0.108911,0.178218,0.100554
0.118812,0.178218,0.103102
0.128713,0.178218,0.104965
0.138614,0.178218,0.106211
0.148515,0.178218,0.106904
0.158416,0.178218,0.1071
0.168317,0.178218,0.10685
0.178218,0.178218,0.106202
0.188119,0.178218,0.105195
0.19802,0.178218,0.103868
0.207921,0.178218,0.102252
0.217822,0.178218,0.100379
0.227723,0.178218,0.0982735
0.237624,0.178218,0.0959597
0.247525,0.178218,0.0934585
0.257426,0.178218,0.0907883
0.267327,0.178218,0.0879657
0.277228,0.178218,0.0850054
0.287129,0.178218,0.0819206
0.29703,0.178218,0.0787229
0.306931,0.178218,0.0754228
0.316832,0.178218,0.0720297
0.326733,0.178218,0.0685521
0.336634,0.178218,0.0649976
0.346535,0.178218,0.0613731
0.356436,0.178218,0.057685
0.366337,0.178218,0.0539391
0.376238,0.178218,0.0501406
0.386139,0.178218,0.0462948
0.39604,0.178218,0.0424061
0.405941,0.178218,0.038479
0.415842,0.178218,0.0345178
0.425743,0.178218,0.0305263
0.435644,0.178218,0.0265085
0.445545,0.178218,0.022468
0.455446,0.178218,0.0184086
0.465347,0.178218,0.0143337
0.475248,0.178218,0.0102469
0.485149,0.178218,0.00615151
0.49505,0.178218,0.00205107
0.50495,0.178218,-0.00205107
0.514851,0.178218,-0.00615151
0.524752,0.178218,-0.0102469
0.534653,0.178218,-0.0143337
0.544554,0.178218,-0.0184086
0.554455,0.178218,-0.022468
0.564356,0.178218,-0.0265085
0.574257,0.178218,-0.0305263
0.584158,0.178218,-0.0345178
0.594059,0.178218,-0.038479
0.60396,0.178218,-0.0424061
0.613861,0.178218,-0.0462948
0.623762,0.178218,-0.0501406
0.633663,0.178218,-0.0539391
0.643564,0.178218,-0.057685
0.653465,0.178218,-0.0613731
0.663366,0.178218,-0.0649976
0.673267,0.178218,-0.0685521
0.683168,0.178218,-0.0720297
0.693069,0.178218,-0.0754228
0.70297,0.178218,-0.0787229
0.712871,0.178218,-0.0819206
0.722772,0.178218,-0.0850054
0.732673,0.178218,-0.0879657
0.742574,0.178218,-0.0907883
0.752475,0.178218,-0.0934585
0.762376,0.178218,-0.0959597
0.772277,0.178218,-0.0982735
0.782178,0.178218,-0.100379
0.792079,0.178218,-0.102252
0.80198,0.178218,-0.103868
0.811881,0.178218,-0.105195
0.821782,0.178218,-0.106202
0.831683,0.178218,-0.10685
0.841584,0.178218,-0.1071
0.851485,0.178218,-0.106904
0.861386,0.178218,-0.106211
0.871287,0.178218,-0.104965
0.881188,0.178218,-0.103102
0.891089,0.178218,-0.100554
0.90099,0.178218,-0.097243
0.910891,0.178218,-0.0930869
0.920792,0.178218,-0.0879943
0.930693,0.178218,-0.0818664
0.940594,0.178218,-0.0745964
0.950495,0.178218,-0.0660693
0.960396,0.178218,-0.0561621
0.970297,0.178218,-0.044744
0.980198,0.178218,-0.0316762
0.990099,0.178218,-0.0168125
1,0.178218,0
0,0.188119,0
0.00990099,0.188119,0.0143958
0.019802,0.188119,0.0270971
0.029703,0.188119,0.0382374
0.039604,0.188119,0.0479444
0.049505,0.188119,0.0563394
0.0594059,0.188119,0.0635368
0.0693069,0.188119,0.0696446
0.0792079,0.188119,0.0747636
0.0891089,0.188119,0.0789877
0.0990099,0.188119,0.082404
0.108911,0.188119,0.0850926
0.118812,0.188119,0.0871274
0.128713,0.188119,0.0885756
0.138614,0.188119,0.0894986
0.148515,0.188119,0.0899521
0.158416,0.188119,0.0899865
0.168317,0.188119,0.0896471
0.178218,0.188119,0.0889747
0.188119,0.188119,0.0880057
0.19802,0.188119,0.086773
0.207921,0.188119,0.0853054
0.217822,0.188119,0.083629
0.227723,0.188119,0.0817667
0.237624,0.188119,0.0797389
0.247525,0.188119,0.0775636
0.257426,0.188119,0.0752567
0.267327,0.188119,0.0728323
0.277228,0.188119,0.0703028
0.287129,0.188119,0.0676792
0.29703,0.188119,0.0649712
0.306931,0.188119,0.0621873
0.316832,0.188119,0.0593353
0.326733,0.188119,0.0564217
0.336634,0.188119,0.0534526
0.346535,0.188119,0.0504335
0.356436,0.188119,0.0473691
0.366337,0.188119,0.0442638
0.376238,0.188119,0.0411217
0.386139,0.188119,0.0379464
0.39604,0.188119,0.0347413
0.405941,0.188119,0.0315095
0.415842,0.188119,0.0282541
0.425743,0.188119,0.0249778
0.435644,0.188119,0.0216834
0.445545,0.188119,0.0183734
0.455446,0.188119,0.0150504
0.465347,0.188119,0.0117168
0.475248,0.188119,0.00837495
0.485149,0.188119,0.00502729
0.49505,0.188119,0.00167615
0.50495,0.188119,-0.00167615
0.514851,0.188119,-0.00502729
0.524752,0.188119,-0.00837495
0.534653,0.188119,-0.0117168
0.544554,0.188119,-0.0150504
0.554455,0.188119,-0.0183734
0.564356,0.188119,-0.0216834
0.574257,0.188119,-0.0249778
0.584158,0.188119,-0.0282541
0.594059,0.188119,-0.0315095
0.60396,0.188119,-0.0347413
0.613861,0.188119,-0.0379464
0.623762,0.188119,-0.0411217
0.633663,0.188119,-0.0442638
0.643564,0.188119,-0.0473691
0.653465,0.188119,-0.0504335
0.663366,0.188119,-0.0534526
0.673267,0.188119,-0.0564217
0.683168,0.188119,-0.0593353
0.693069,0.188119,-0.0621873
0.70297,0.188119,-0.0649712
0.712871,0.188119,-0.0676792
0.722772,0.188119,-0.0703028
0.732673,0.188119,-0.0728323
0.742574,0.188119,-0.0752567
0.752475,0.188119,-0.0775636
0.762376,0.188119,-0.0797389
0.772277,0.188119,-0.0817667
0.782178,0.188119,-0.083629
0.792079,0.188119,-0.0853054
0.80198,0.188119,-0.086773
0.811881,0.188119,-0.0880057
0.821782,0.188119,-0.0889747
0.831683,0.188119,-0.0896471
0.841584,0.188119,-0.0899865
0.851485,0.188119,-0.0899521
0.861386,0.188119,-0.0894986
0.871287,0.188119,-0.0885756
0.881188,0.188119,-0.0871274
0.891089,0.188119,-0.0850926
0.90099,0.188119,-0.082404
0.910891,0.188119,-0.0789877
0.920792,0.188119,-0.0747636
0.930693,0.188119,-0.0696446
0.940594,0.188119,-0.0635368
0.950495,0.188119,-0.0563394
0.960396,0.188119,-0.0479444
0.970297,0.188119,-0.0382374
0.980198,0.188119,-0.0270971
0.990099,0.188119,-0.0143958
1,0.188119,0
0,0.19802,0
0.00990099,0.19802,0.0118304
0.019802,0.19802,0.0222282
0.029703,0.19802,0.0313078
0.039604,0.19802,0.0391787
0.049505,0.19802,0.0459449
0.0594059,0.19802,0.0517051
0.0693069,0.19802,0.0565519
0.0792079,0.19802,0.0605723
0.0891089,0.19802,0.0638471
0.0990099,0.19802,0.0664516
0.108911,0.19802,0.068455
0.118812,0.19802,0.0699211
0.128713,0.19802,0.070908
0.138614,0.19802,0.0714689
0.148515,0.19802,0.0716518
0.158416,0.19802,0.0715002
0.168317,0.19802,0.0710532
0.178218,0.19802,0.0703458
0.188119,0.19802,0.0694092
0.19802,0.19802,0.0682715
0.207921,0.19802,0.0669573
0.217822,0.19802,0.0654885
0.227723,0.19802,0.0638844
0.237624,0.19802,0.0621619
0.247525,0.19802,0.0603359
0.257426,0.19802,0.0584194
0.267327,0.19802,0.0564238
0.277228,0.19802,0.054359
0.287129,0.19802,0.0522335
0.29703,0.19802,0.0500549
0.306931,0.19802,0.0478295
0.316832,0.19802,0.0455631
0.326733,0.19802,0.0432604
0.336634,0.19802,0.0409256
0.346535,0.19802,0.0385626
0.356436,0.19802,0.0361744
0.366337,0.19802,0.033764
0.376238,0.19802,0.0313337
0.386139,0.19802,0.0288858
0.39604,0.19802,0.0264223
0.405941,0.19802,0.023945
0.415842,0.19802,0.0214556
0.425743,0.19802,0.0189555
0.435644,0.19802,0.0164461
0.445545,0.19802,0.013929
0.455446,0.19802,0.0114053
0.465347,0.19802,0.00887622
0.475248,0.19802,0.00634307
0.485149,0.19802,0.003807
0.49505,0.19802,0.00126919
0.50495,0.19802,-0.00126919
0.514851,0.19802,-0.003807
0.524752,0.19802,-0.00634307
0.534653,0.19802,-0.00887622
0.544554,0.19802,-0.0114053
0.554455,0.19802,-0.013929
0.564356,0.19802,-0.0164461
0.574257,0.19802,-0.0189555
0.584158,0.19802,-0.0214556
0.594059,0.19802,-0.023945
0.60396,0.19802,-0.0264223
0.613861,0.19802,-0.0288858
0.623762,0.19802,-0.0313337
0.633663,0.19802,-0.033764
0.643564,0.19802,-0.0361744
0.653465,0.19802,-0.0385626
0.663366,0.19802,-0.0409256
0.673267,0.19802,-0.0432604
0.683168,0.19802,-0.0455631
0.693069,0.19802,-0.0478295
0.70297,0.19802,-0.0500549
0.712871,0.19802,-0.0522335
0.722772,0.19802,-0.054359
0.732673,0.19802,-0.0564238
0.742574,0.19802,-0.0584194
0.752475,0.19802,-0.0603359
0.762376,0.19802,-0.0621619
0.772277,0.19802,-0.0638844
0.782178,0.19802,-0.0654885
0.792079,0.19802,-0.0669573
0.80198,0.19802,-0.0682715
0.811881,0.19802,-0.0694092
0.821782,0.19802,-0.0703458
0.831683,0.19802,-0.0710532
0.841584,0.19802,-0.0715002
0.851485,0.19802,-0.0716518
0.861386,0.19802,-0.0714689
0.871287,0.19802,-0.070908
0.881188,0.19802,-0.0699211
0.891089,0.19802,-0.068455
0.90099,0.19802,-0.0664516
0.910891,0.19802,-0.0638471
0.920792,0.19802,-0.0605723
0.930693,0.19802,-0.0565519
0.940594,0.19802,-0.0517051
0.950495,0.19802,-0.0459449
0.960396,0.19802,-0.0391787
0.970297,0.19802,-0.0313078
0.980198,0.19802,-0.0222282
0.990099,0.19802,-0.0118304
1,0.19802,0
0,0.207921,0
0.00990099,0.207921,0.00913515
0.019802,0.207921,0.0171058
0.029703,0.207921,0.0240079
0.039604,0.207921,0.0299328
0.049505,0.207921,0.0349678
0.0594059,0.207921,0.0391956
0.0693069,0.207921,0.042694
0.0792079,0.207921,0.0455359
0.0891089,0.207921,0.0477894
0.0990099,0.207921,0.0495176
0.108911,0.207921,0.0507789
0.118812,0.207921,0.0516267
0.128713,0.207921,0.0521099
0.138614,0.207921,0.0522731
0.148515,0.207921,0.0521564
0.158416,0.207921,0.0517961
0.168317,0.207921,0.0512247
0.178218,0.207921,0.0504713
0.188119,0.207921,0.0495615
0.19802,0.207921,0.0485182
0.207921,0.207921,0.0473614
0.217822,0.207921,0.0461088
0.227723,0.207921,0.0447755
0.237624,0.207921,0.043375
0.247525,0.207921,0.0419186
0.257426,0.207921,0.0404163
0.267327,0.207921,0.0388764
0.277228,0.207921,0.037306
0.287129,0.207921,0.0357112
0.29703,0.207921,0.034097
0.306931,0.207921,0.0324676
0.316832,0.207921,0.0308264
0.326733,0.207921,0.0291763
0.336634,0.207921,0.0275195
0.346535,0.207921,0.0258578
0.356436,0.207921,0.0241928
0.366337,0.207921,0.0225254
0.376238,0.207921,0.0208566
0.386139,0.207921,0.0191871
0.39604,0.207921,0.0175172
0.405941,0.207921,0.0158473
0.415842,0.207921,0.0141776
0.425743,0.207921,0.0125083
0.435644,0.207921,0.0108394
0.445545,0.207921,0.00917091
0.455446,0.207921,0.00750285
0.465347,0.207921,0.00583514
0.475248,0.207921,0.00416774
0.485149,0.207921,0.00250055
0.49505,0.207921,0.000833503
0.50495,0.207921,-0.000833503
0.514851,0.207921,-0.00250055
0.524752,0.207921,-0.00416774
0.534653,0.207921,-0.00583514
0.544554,0.207921,-0.00750285
0.554455,0.207921,-0.00917091
0.564356,0.207921,-0.0108394
0.574257,0.207921,-0.0125083
0.584158,0.207921,-0.0141776
0.594059,0.207921,-0.0158473
0.60396,0.207921,-0.0175172
0.613861,0.207921,-0.0191871
0.623762,0.207921,-0.0208566
0.633663,0.207921,-0.0225254
0.643564,0.207921,-0.0241928
0.653465,0.207921,-0.0258578
0.663366,0.207921,-0.0275195
0.673267,0.207921,-0.0291763
0.683168,0.207921,-0.0308264
0.693069,0.207921,-0.0324676
0.70297,0.207921,-0.034097
0.712871,0.207921,-0.0357112
0.722772,0.207921,-0.037306
0.732673,0.207921,-0.0388764
0.742574,0.207921,-0.0404163
0.752475,0.207921,-0.0419186
0.762376,0.207921,-0.043375
0.772277,0.207921,-0.0447755
0.782178,0.207921,-0.0461088
0.792079,0.207921,-0.0473614
0.80198,0.207921,-0.0485182
0.811881,0.207921,-0.0495615
0.821782,0.207921,-0.0504713
0.831683,0.207921,-0.0512247
0.841584,0.207921,-0.0517961
0.851485,0.207921,-0.0521564
0.861386,0.207921,-0.0522731
0.871287,0.207921,-0.0521099
0.881188,0.207921,-0.0516267
0.891089,0.207921,-0.0507789
0.90099,0.207921,-0.0495176
0.910891,0.207921,-0.0477894
0.920792,0.207921,-0.0455359
0.930693,0.207921,-0.042694
0.940594,0.207921,-0.0391956
0.950495,0.207921,-0.0349678
0.960396,0.207921,-0.0299328
0.970297,0.207921,-0.0240079
0.980198,0.207921,-0.0171058
0.990099,0.207921,-0.00913515
1,0.207921,0
0,0.217822,0
0.00990099,0.217822,0.00632837
0.019802,0.217822,0.0117657
0.029703,0.217822,0.0163893
0.039604,0.217822,0.0202732
0.049505,0.217822,0.0234881
0.0594059,0.217822,0.0261007
0.0693069,0.217822,0.0281742
0.0792079,0.217822,0.0297678
0.0891089,0.217822,0.0309366
0.0990099,0.217822,0.0317317
0.108911,0.217822,0.0322003
0.118812,0.217822,0.0323856
0.128713,0.217822,0.0323271
0.138614,0.217822,0.0320604
0.148515,0.217822,0.0316177
0.158416,0.217822,0.0310278
0.168317,0.217822,0.0303165
0.178218,0.217822,0.0295064
0.188119,0.217822,0.0286174
0.19802,0.217822,0.0276671
0.207921,0.217822,0.0266706
0.217822,0.217822,0.0256409
0.227723,0.217822,0.024589
0.237624,0.217822,0.0235245
0.247525,0.217822,0.022455
0.257426,0.217822,0.0213871
0.267327,0.217822,0.0203261
0.277228,0.217822,0.019276
0.287129,0.217822,0.0182402
0.29703,0.217822,0.0172211
0.306931,0.217822,0.0162203
0.316832,0.217822,0.0152392
0.326733,0.217822,0.0142781
0.336634,0.217822,0.0133375
0.346535,0.217822,0.012417
0.356436,0.217822,0.0115163
0.366337,0.217822,0.0106346
0.376238,0.217822,0.00977104
0.386139,0.217822,0.00892462
0.39604,0.217822,0.00809415
0.405941,0.217822,0.0072784
0.415842,0.217822,0.00647604
0.425743,0.217822,0.00568572
0.435644,0.217822,0.00490605
0.445545,0.217822,0.00413563
0.455446,0.217822,0.00337303
0.465347,0.217822,0.00261683
0.475248,0.217822,0.00186561
0.485149,0.217822,0.00111795
0.49505,0.217822,0.000372412
0.50495,0.217822,-0.000372412
0.514851,0.217822,-0.00111795
0.524752,0.217822,-0.00186561
0.534653,0.217822,-0.00261683
0.544554,0.217822,-0.00337303
0.554455,0.217822,-0.00413563
0.564356,0.217822,-0.00490605
0.574257,0.217822,-0.00568572
0.584158,0.217822,-0.00647604
0.594059,0.217822,-0.0072784
0.60396,0.217822,-0.00809415
0.613861,0.217822,-0.00892462
0.623762,0.217822,-0.00977104
0.633663,0.217822,-0.0106346
0.643564,0.217822,-0.0115163
0.653465,0.217822,-0.012417
0.663366,0.217822,-0.0133375
0.673267,0.217822,-0.0142781
0.683168,0.217822,-0.0152392
0.693069,0.217822,-0.0162203
0.70297,0.217822,-0.0172211
0.712871,0.217822,-0.0182402
0.722772,0.217822,-0.019276
0.732673,0.217822,-0.0203261
0.742574,0.217822,-0.0213871
0.752475,0.217822,-0.022455
0.762376,0.217822,-0.0235245
0.772277,0.217822,-0.024589
0.782178,0.217822,-0.0256409
0.792079,0.217822,-0.0266706
0.80198,0.217822,-0.0276671
0.811881,0.217822,-0.0286174
0.821782,0.217822,-0.0295064
0.831683,0.217822,-0.0303165
0.841584,0.217822,-0.0310278
0.851485,0.217822,-0.0316177
0.861386,0.217822,-0.0320604
0.871287,0.217822,-0.0323271
0.881188,0.217822,-0.0323856
0.891089,0.217822,-0.0322003
0.90099,0.217822,-0.0317317
0.910891,0.217822,-0.0309366
0.920792,0.217822,-0.0297678
0.930693,0.217822,-0.0281742
0.940594,0.217822,-0.0261007
0.950495,0.217822,-0.0234881
0.960396,0.217822,-0.0202732
0.970297,0.217822,-0.0163893
0.980198,0.217822,-0.0117657
0.990099,0.217822,-0.00632837
1,0.217822,0
0,0.227723,0
0.00990099,0.227723,0.00342809
0.019802,0.227723,0.00624259
0.029703,0.227723,0.00850266
0.039604,0.227723,0.0102651
0.049505,0.227723,0.011584
0.0594059,0.227723,0.0125108
0.0693069,0.227723,0.013094
0.0792079,0.227723,0.0133791
0.0891089,0.227723,0.0134083
0.0990099,0.227723,0.0132209
0.108911,0.227723,0.0128528
0.118812,0.227723,0.012337
0.128713,0.227723,0.0117031
0.138614,0.227723,0.0109781
0.148515,0.227723,0.0101858
0.158416,0.227723,0.0093475
0.168317,0.227723,0.00848182
0.178218,0.227723,0.00760498
0.188119,0.227723,0.00673095
0.19802,0.227723,0.00587163
0.207921,0.227723,0.00503701
0.217822,0.227723,0.00423534
0.227723,0.227723,0.0034733
0.237624,0.227723,0.00275618
0.247525,0.227723,0.00208798
0.257426,0.227723,0.0014716
0.267327,0.227723,0.000908972
0.277228,0.227723,0.000401142
0.287129,0.227723,-5.15706e-05
0.29703,0.227723,-0.000449488
0.306931,0.227723,-0.000793475
0.316832,0.227723,-0.00108485
0.326733,0.227723,-0.00132533
0.336634,0.227723,-0.00151691
0.346535,0.227723,-0.00166186
0.356436,0.227723,-0.00176266
0.366337,0.227723,-0.00182191
0.376238,0.227723,-0.00184236
0.386139,0.227723,-0.00182682
0.39604,0.227723,-0.00177817
0.405941,0.227723,-0.00169931
0.415842,0.227723,-0.00159317
0.425743,0.227723,-0.00146267
0.435644,0.227723,-0.00131074
0.445545,0.227723,-0.00114028
0.455446,0.227723,-0.000954195
0.465347,0.227723,-0.000755346
0.475248,0.227723,-0.000546592
0.485149,0.227723,-0.000330777
0.49505,0.227723,-0.000110729
0.50495,0.227723,0.000110729
0.514851,0.227723,0.000330777
0.524752,0.227723,0.000546592
0.534653,0.227723,0.000755346
0.544554,0.227723,0.000954195
0.554455,0.227723,0.00114028
0.564356,0.227723,0.00131074
0.574257,0.227723,0.00146267
0.584158,0.227723,0.00159317
0.594059,0.227723,0.00169931
0.60396,0.227723,0.00177817
0.613861,0.227723,0.00182682
0.623762,0.227723,0.00184236
0.633663,0.227723,0.00182191
0.643564,0.227723,0.00176266
0.653465,0.227723,0.00166186
0.663366,0.227723,0.00151691
0.673267,0.227723,0.00132533
0.683168,0.227723,0.00108485
0.693069,0.227723,0.000793475
0.70297,0.227723,0.000449488
0.712871,0.227723,5.15706e-05
0.722772,0.227723,-0.000401142
0.732673,0.227723,-0.000908972
0.742574,0.227723,-0.0014716
0.752475,0.227723,-0.00208798
0.762376,0.227723,-0.00275618
0.772277,0.227723,-0.0034733
0.782178,0.227723,-0.00423534
0.792079,0.227723,-0.00503701
0.80198,0.227723,-0.00587163
0.811881,0.227723,-0.00673095
0.821782,0.227723,-0.00760498
0.831683,0.227723,-0.00848182
0.841584,0.227723,-0.0093475
0.851485,0.227723,-0.0101858
0.861386,0.227723,-0.0109781
0.871287,0.227723,-0.0117031
0.881188,0.227723,-0.012337
0.891089,0.227723,-0.0128528
0.90099,0.227723,-0.0132209
0.910891,0.227723,-0.0134083
0.920792,0.227723,-0.0133791
0.930693,0.227723,-0.013094
0.940594,0.227723,-0.0125108
0.950495,0.227723,-0.011584
0.960396,0.227723,-0.0102651
0.970297,0.227723,-0.00850266
0.980198,0.227723,-0.00624259
0.990099,0.227723,-0.00342809
1,0.227723,0
0,0.237624,0
0.00990099,0.237624,0.000451977
0.019802,0.237624,0.000570718
0.029703,0.237624,0.000397483
0.039604,0.237624,-2.79896e-05
0.049505,0.237624,-0.000667677
0.0594059,0.237624,-0.00148546
0.0693069,0.237624,-0.00244728
0.0792079,0.237624,-0.00352125
0.0891089,0.237624,-0.00467779
0.0990099,0.237624,-0.00588965
0.108911,0.237624,-0.00713198
0.118812,0.237624,-0.00838228
0.128713,0.237624,-0.00962044
0.138614,0.237624,-0.0108286
0.148515,0.237624,-0.0119912
0.158416,0.237624,-0.0130947
0.168317,0.237624,-0.0141277
0.178218,0.237624,-0.0150806
0.188119,0.237624,-0.0159455
0.19802,0.237624,-0.0167164
0.207921,0.237624,-0.0173885
0.217822,0.237624,-0.0179585
0.227723,0.237624,-0.0184243
0.237624,0.237624,-0.018785
0.247525,0.237624,-0.0190404
0.257426,0.237624,-0.0191913
0.267327,0.237624,-0.0192395
0.277228,0.237624,-0.019187
0.287129,0.237624,-0.0190366
0.29703,0.237624,-0.0187915
0.306931,0.237624,-0.0184553
0.316832,0.237624,-0.0180319
0.326733,0.237624,-0.0175255
0.336634,0.237624,-0.0169403
0.346535,0.237624,-0.0162808
0.356436,0.237624,-0.0155517
0.366337,0.237624,-0.0147575
0.376238,0.237624,-0.0139029
0.386139,0.237624,-0.0129926
0.39604,0.237624,-0.0120312
0.405941,0.237624,-0.0110235
0.415842,0.237624,-0.00997399
0.425743,0.237624,-0.00888727
0.435644,0.237624,-0.00776785
0.445545,0.237624,-0.00662023
0.455446,0.237624,-0.00544881
0.465347,0.237624,-0.00425801
0.475248,0.237624,-0.00305215
0.485149,0.237624,-0.00183557
0.49505,0.237624,-0.000612572
0.50495,0.237624,0.000612572
0.514851,0.237624,0.00183557
0.524752,0.237624,0.00305215
0.534653,0.237624,0.00425801
0.544554,0.237624,0.00544881
0.554455,0.237624,0.00662023
0.564356,0.237624,0.00776785
0.574257,0.237624,0.00888727
0.584158,0.237624,0.00997399
0.594059,0.237624,0.0110235
0.60396,0.237624,0.0120312
0.613861,0.237624,0.0129926
0.623762,0.237624,0.0139029
0.633663,0.237624,0.0147575
0.643564,0.237624,0.0155517
0.653465,0.237624,0.0162808
0.663366,0.237624,0.0169403
0.673267,0.237624,0.0175255
0.683168,0.237624,0.0180319
0.693069,0.237624,0.0184553
0.70297,0.237624,0.0187915
0.712871,0.237624,0.0190366
0.722772,0.237624,0.019187
0.732673,0.237624,0.0192395
0.742574,0.237624,0.0191913
0.752475,0.237624,0.0190404
0.762376,0.237624,0.018785
0.772277,0.237624,0.0184243
0.782178,0.237624,0.0179585
0.792079,0.237624,0.0173885
0.80198,0.237624,0.0167164
0.811881,0.237624,0.0159455
0.821782,0.237624,0.0150806
0.831683,0.237624,0.0141277
0.841584,0.237624,0.0130947
0.851485,0.237624,0.0119912
0.861386,0.237624,0.0108286
0.871287,0.237624,0.00962044
0.881188,0.237624,0.00838228
0.891089,0.237624,0.00713198
0.90099,0.237624,0.00588965
0.910891,0.237624,0.00467779
0.920792,0.237624,0.00352125
0.930693,0.237624,0.00244728
0.940594,0.237624,0.00148546
0.950495,0.237624,0.000667677
0.960396,0.237624,2.79896e-05
0.970297,0.237624,-0.000397483
0.980198,0.237624,-0.000570718
0.990099,0.237624,-0.000451977
1,0.237624,0
0,0.247525,0
0.00990099,0.247525,-0.00258261
0.019802,0.247525,-0.00521637
0.029703,0.247525,-0.00787762
0.039604,0.247525,-0.0105434
0.049505,0.247525,-0.0131916
0.0594059,0.247525,-0.0158011
0.0693069,0.247525,-0.0183521
0.0792079,0.247525,-0.0208262
0.0891089,0.247525,-0.0232063
0.0990099,0.247525,-0.0254771
0.108911,0.247525,-0.0276249
0.118812,0.247525,-0.0296374
0.128713,0.247525,-0.0315043
0.138614,0.247525,-0.0332166
0.148515,0.247525,-0.0347673
0.158416,0.247525,-0.0361507
0.168317,0.247525,-0.0373625
0.178218,0.247525,-0.0383999
0.188119,0.247525,-0.0392614
0.19802,0.247525,-0.0399468
0.207921,0.247525,-0.0404566
0.217822,0.247525,-0.0407928
0.227723,0.247525,-0.0409578
0.237624,0.247525,-0.0409552
0.247525,0.247525,-0.0407889
0.257426,0.247525,-0.0404637
0.267327,0.247525,-0.0399847
0.277228,0.247525,-0.0393575
0.287129,0.247525,-0.038588
0.29703,0.247525,-0.0376824
0.306931,0.247525,-0.0366472
0.316832,0.247525,-0.0354889
0.326733,0.247525,-0.0342141
0.336634,0.247525,-0.0328297
0.346535,0.247525,-0.0313423
0.356436,0.247525,-0.0297588
0.366337,0.247525,-0.0280858
0.376238,0.247525,-0.0263301
0.386139,0.247525,-0.0244982
0.39604,0.247525,-0.0225967
0.405941,0.247525,-0.0206321
0.415842,0.247525,-0.0186106
0.425743,0.247525,-0.0165386
0.435644,0.247525,-0.0144223
0.445545,0.247525,-0.0122677
0.455446,0.247525,-0.0100809
0.465347,0.247525,-0.00786782
0.475248,0.247525,-0.00563438
0.485149,0.247525,-0.00338643
0.49505,0.247525,-0.00112977
0.50495,0.247525,0.00112977
0.514851,0.247525,0.00338643
0.524752,0.247525,0.00563438
0.534653,0.247525,0.00786782
0.544554,0.247525,0.0100809
0.554455,0.247525,0.0122677
0.564356,0.247525,0.0144223
0.574257,0.247525,0.0165386
0.584158,0.247525,0.0186106
0.594059,0.247525,0.0206321
0.60396,0.247525,0.0225967
0.613861,0.247525,0.0244982
0.623762,0.247525,0.0263301
0.633663,0.247525,0.0280858
0.643564,0.247525,0.0297588
0.653465,0.247525,0.0313423
0.663366,0.247525,0.0328297
0.673267,0.247525,0.0342141
0.683168,0.247525,0.0354889
0.693069,0.247525,0.0366472
0.70297,0.247525,0.0376824
0.712871,0.247525,0.038588
0.722772,0.247525,0.0393575
0.732673,0.247525,0.0399847
0.742574,0.247525,0.0404637
0.752475,0.247525,0.0407889
0.762376,0.247525,0.0409552
0.772277,0.247525,0.0409578
0.782178,0.247525,0.0407928
0.792079,0.247525,0.0404566
0.80198,0.247525,0.0399468
0.811881,0.247525,0.0392614
0.821782,0.247525,0.0383999
0.831683,0.247525,0.0373625
0.841584,0.247525,0.0361507
0.851485,0.247525,0.0347673
0.861386,0.247525,0.0332166
0.871287,0.247525,0.0315043
0.881188,0.247525,0.0296374
0.891089,0.247525,0.0276249
0.90099,0.247525,0.0254771
0.910891,0.247525,0.0232063
0.920792,0.247525,0.0208262
0.930693,0.247525,0.0183521
0.940594,0.247525,0.0158011
0.950495,0.247525,0.0131916
0.960396,0.247525,0.0105434
0.970297,0.247525,0.00787762
0.980198,0.247525,0.00521637
0.990099,0.247525,0.00258261
1,0.247525,0
0,0.257426,0
0.00990099,0.257426,-0.00565865
0.019802,0.257426,-0.0110858
0.029703,0.257426,-0.016275
0.039604,0.257426,-0.0212199
0.049505,0.257426,-0.0259139
0.0594059,0.257426,-0.0303508
0.0693069,0.257426,-0.0345249
0.0792079,0.257426,-0.0384308
0.0891089,0.257426,-0.0420641
0.0990099,0.257426,-0.0454211
0.108911,0.257426,-0.0484991
0.118812,0.257426,-0.0512961
0.128713,0.257426,-0.0538115
0.138614,0.257426,-0.0560454
0.148515,0.257426,-0.057999
0.158416,0.257426,-0.0596745
0.168317,0.257426,-0.061075
0.178218,0.257426,-0.0622046
0.188119,0.257426,-0.0630681
0.19802,0.257426,-0.0636711
0.207921,0.257426,-0.0640198
0.217822,0.257426,-0.0641213
0.227723,0.257426,-0.0639828
0.237624,0.257426,-0.0636123
0.247525,0.257426,-0.0630182
0.257426,0.257426,-0.0622089
0.267327,0.257426,-0.0611935
0.277228,0.257426,-0.0599808
0.287129,0.257426,-0.0585802
0.29703,0.257426,-0.0570009
0.306931,0.257426,-0.0552523
0.316832,0.257426,-0.0533436
0.326733,0.257426,-0.0512841
0.336634,0.257426,-0.0490831
0.346535,0.257426,-0.0467496
0.356436,0.257426,-0.0442927
0.366337,0.257426,-0.0417213
0.376238,0.257426,-0.0390442
0.386139,0.257426,-0.0362698
0.39604,0.257426,-0.0334067
0.405941,0.257426,-0.0304633
0.415842,0.257426,-0.0274475
0.425743,0.257426,-0.0243676
0.435644,0.257426,-0.0212313
0.445545,0.257426,-0.0180464
0.455446,0.257426,-0.0148207
0.465347,0.257426,-0.0115616
0.475248,0.257426,-0.0082767
0.485149,0.257426,-0.00497337
0.49505,0.257426,-0.00165902
0.50495,0.257426,0.00165902
0.514851,0.257426,0.00497337
0.524752,0.257426,0.0082767
0.534653,0.257426,0.0115616
0.544554,0.257426,0.0148207
0.554455,0.257426,0.0180464
0.564356,0.257426,0.0212313
0.574257,0.257426,0.0243676
0.584158,0.257426,0.0274475
0.594059,0.257426,0.0304633
0.60396,0.257426,0.0334067
0.613861,0.257426,0.0362698
0.623762,0.257426,0.0390442
0.633663,0.257426,0.0417213
0.643564,0.257426,0.0442927
0.653465,0.257426,0.0467496
0.663366,0.257426,0.0490831
0.673267,0.257426,0.0512841
0.683168,0.257426,0.0533436
0.693069,0.257426,0.0552523
0.70297,0.257426,0.0570009
0.712871,0.257426,0.0585802
0.722772,0.257426,0.0599808
0.732673,0.257426,0.0611935
0.742574,0.257426,0.0622089
0.752475,0.257426,0.0630182
0.762376,0.257426,0.0636123
0.772277,0.257426,0.0639828
0.782178,0.257426,0.0641213
0.792079,0.257426,0.0640198
0.80198,0.257426,0.0636711
0.811881,0.257426,0.0630681
0.821782,0.257426,0.0622046
0.831683,0.257426,0.061075
0.841584,0.257426,0.0596745
0.851485,0.257426,0.057999
0.861386,0.257426,0.0560454
0.871287,0.257426,0.0538115
0.881188,0.257426,0.0512961
0.891089,0.257426,0.0484991
0.90099,0.257426,0.0454211
0.910891,0.257426,0.0420641
0.920792,0.257426,0.0384308
0.930693,0.257426,0.0345249
0.940594,0.257426,0.0303508
0.950495,0.257426,0.0259139
0.960396,0.257426,0.0212199
0.970297,0.257426,0.016275
0.980198,0.257426,0.0110858
0.990099,0.257426,0.00565865
1,0.257426,0
0,0.267327,0
0.00990099,0.267327,-0.00875944
0.019802,0.267327,-0.0170052
0.029703,0.267327,-0.024748
0.039604,0.267327,-0.0319974
0.049505,0.267327,-0.0387624
0.0594059,0.267327,-0.0450513
0.0693069,0.267327,-0.0508721
0.0792079,0.267327,-0.0562325
0.0891089,0.267327,-0.0611403
0.0990099,0.267327,-0.0656035
0.108911,0.267327,-0.0696302
0.118812,0.267327,-0.0732287
0.128713,0.267327,-0.0764078
0.138614,0.267327,-0.0791767
0.148515,0.267327,-0.0815451
0.158416,0.267327,-0.0835228
0.168317,0.267327,-0.0851205
0.178218,0.267327,-0.0863489
0.188119,0.267327,-0.0872194
0.19802,0.267327,-0.0877434
0.207921,0.267327,-0.0879329
0.217822,0.267327,-0.0877999
0.227723,0.267327,-0.0873569
0.237624,0.267327,-0.0866162
0.247525,0.267327,-0.0855904
0.257426,0.267327,-0.0842922
0.267327,0.267327,-0.0827342
0.277228,0.267327,-0.080929
0.287129,0.267327,-0.0788891
0.29703,0.267327,-0.076627
0.306931,0.267327,-0.0741549
0.316832,0.267327,-0.071485
0.326733,0.267327,-0.0686292
0.336634,0.267327,-0.0655993
0.346535,0.267327,-0.0624068
0.356436,0.267327,-0.0590631
0.366337,0.267327,-0.0555792
0.376238,0.267327,-0.051966
0.386139,0.267327,-0.0482342
0.39604,0.267327,-0.0443941
0.405941,0.267327,-0.040456
0.415842,0.267327,-0.0364298
0.425743,0.267327,-0.0323255
0.435644,0.267327,-0.0281525
0.445545,0.267327,-0.0239205
0.455446,0.267327,-0.0196387
0.465347,0.267327,-0.0153164
0.475248,0.267327,-0.0109627
0.485149,0.267327,-0.00658655
0.49505,0.267327,-0.002197
0.50495,0.267327,0.002197
0.514851,0.267327,0.00658655
0.524752,0.267327,0.0109627
0.534653,0.267327,0.0153164
0.544554,0.267327,0.0196387
0.554455,0.267327,0.0239205
0.564356,0.267327,0.0281525
0.574257,0.267327,0.0323255
0.584158,0.267327,0.0364298
0.594059,0.267327,0.040456
0.60396,0.267327,0.0443941
0.613861,0.267327,0.0482342
0.623762,0.267327,0.051966
0.633663,0.267327,0.0555792
0.643564,0.267327,0.0590631
0.653465,0.267327,0.0624068
0.663366,0.267327,0.0655993
0.673267,0.267327,0.0686292
0.683168,0.267327,0.071485
0.693069,0.267327,0.0741549
0.70297,0.267327,0.076627
0.712871,0.267327,0.0788891
0.722772,0.267327,0.080929
0.732673,0.267327,0.0827342
0.742574,0.267327,0.0842922
0.752475,0.267327,0.0855904
0.762376,0.267327,0.0866162
0.772277,0.267327,0.0873569
0.782178,0.267327,0.0877999
0.792079,0.267327,0.0879329
0.80198,0.267327,0.0877434
0.811881,0.267327,0.0872194
0.821782,0.267327,0.0863489
0.831683,0.267327,0.0851205
0.841584,0.267327,0.0835228
0.851485,0.267327,0.0815451
0.861386,0.267327,0.0791767
0.871287,0.267327,0.0764078
0.881188,0.267327,0.0732287
0.891089,0.267327,0.0696302
0.90099,0.267327,0.0656035
0.910891,0.267327,0.0611403
0.920792,0.267327,0.0562325
0.930693,0.267327,0.0508721
0.940594,0.267327,0.0450513
0.950495,0.267327,0.0387624
0.960396,0.267327,0.0319974
0.970297,0.267327,0.024748
0.980198,0.267327,0.0170052
0.990099,0.267327,0.00875944
1,0.267327,0
0,0.277228,0
0.00990099,0.277228,-0.0118686
0.019802,0.277228,-0.0229431
0.029703,0.277228,-0.0332509
0.039604,0.277228,-0.0428173
0.049505,0.277228,-0.0516665
0.0594059,0.277228,-0.0598209
0.0693069,0.277228,-0.0673021
0.0792079,0.277228,-0.0741307
0.0891089,0.277228,-0.0803266
0.0990099,0.277228,-0.0859089
0.108911,0.277228,-0.0908966
0.118812,0.277228,-0.0953082
0.128713,0.277228,-0.0991618
0.138614,0.277228,-0.102476
0.148515,0.277228,-0.105267
0.158416,0.277228,-0.107555
0.168317,0.277228,-0.109357
0.178218,0.277228,-0.11069
0.188119,0.277228,-0.111572
0.19802,0.277228,-0.11202
0.207921,0.277228,-0.112053
0.217822,0.277228,-0.111687
0.227723,0.277228,-0.11094
0.237624,0.277228,-0.109829
0.247525,0.277228,-0.10837
0.257426,0.277228,-0.106581
0.267327,0.277228,-0.104477
0.277228,0.277228,-0.102076
0.287129,0.277228,-0.0993924
0.29703,0.277228,-0.0964424
0.306931,0.277228,-0.0932412
0.316832,0.277228,-0.0898038
0.326733,0.277228,-0.0861449
0.336634,0.277228,-0.0822788
0.346535,0.277228,-0.0782195
0.356436,0.277228,-0.0739808
0.366337,0.277228,-0.0695758
0.376238,0.277228,-0.0650176
0.386139,0.277228,-0.060319
0.39604,0.277228,-0.0554924
0.405941,0.277228,-0.0505498
0.415842,0.277228,-0.0455032
0.425743,0.277228,-0.0403642
0.435644,0.277228,-0.0351442
0.445545,0.277228,-0.0298544
0.455446,0.277228,-0.0245059
0.465347,0.277228,-0.0191096
0.475248,0.277228,-0.0136761
0.485149,0.277228,-0.00821621
0.49505,0.277228,-0.00274049
0.50495,0.277228,0.00274049
0.514851,0.277228,0.00821621
0.524752,0.277228,0.0136761
0.534653,0.277228,0.0191096
0.544554,0.277228,0.0245059
0.554455,0.277228,0.0298544
0.564356,0.277228,0.0351442
0.574257,0.277228,0.0403642
0.584158,0.277228,0.0455032
0.594059,0.277228,0.0505498
0.60396,0.277228,0.0554924
0.613861,0.277228,0.060319
0.623762,0.277228,0.0650176
0.633663,0.277228,0.0695758
0.643564,0.277228,0.0739808
0.653465,0.277228,0.0782195
0.663366,0.277228,0.0822788
0.673267,0.277228,0.0861449
0.683168,0.277228,0.0898038
0.693069,0.277228,0.0932412
0.70297,0.277228,0.0964424
0.712871,0.277228,0.0993924
0.722772,0.277228,0.102076
0.732673,0.277228,0.104477
0.742574,0.277228,0.106581
0.752475,0.277228,0.10837
0.762376,0.277228,0.109829
0.772277,0.277228,0.11094
0.782178,0.277228,0.111687
0.792079,0.277228,0.112053
0.80198,0.277228,0.11202
0.811881,0.277228,0.111572
0.821782,0.277228,0.11069
0.831683,0.277228,0.109357
0.841584,0.277228,0.107555
0.851485,0.277228,0.105267
0.861386,0.277228,0.102476
0.871287,0.277228,0.0991618
0.881188,0.277228,0.0953082
0.891089,0.277228,0.0908966
0.90099,0.277228,0.0859089
0.910891,0.277228,0.0803266
0.920792,0.277228,0.0741307
0.930693,0.277228,0.0673021
0.940594,0.277228,0.0598209
0.950495,0.277228,0.0516665
0.960396,0.277228,0.0428173
0.970297,0.277228,0.0332509
0.980198,0.277228,0.0229431
0.990099,0.277228,0.0118686
1,0.277228,0
0,0.287129,0
0.00990099,0.287129,-0.0149702
0.019802,0.287129,-0.0288687
0.029703,0.287129,-0.0417391
0.039604,0.287129,-0.0536223
0.049505,0.287129,-0.0645571
0.0594059,0.287129,-0.07458
0.0693069,0.287129,-0.0837258
0.0792079,0.287129,-0.0920275
0.0891089,0.287129,-0.099517
0.0990099,0.287129,-0.106225
0.108911,0.287129,-0.11218
0.118812,0.287129,-0.117411
0.128713,0.287129,-0.121945
0.138614,0.287129,-0.12581
0.148515,0.287129,-0.129031
0.158416,0.287129,-0.131634
0.168317,0.287129,-0.133645
0.178218,0.287129,-0.135087
0.188119,0.287129,-0.135985
0.19802,0.287129,-0.136361
0.207921,0.287129,-0.136241
0.217822,0.287129,-0.135644
0.227723,0.287129,-0.134595
0.237624,0.287129,-0.133115
0.247525,0.287129,-0.131225
0.257426,0.287129,-0.128945
0.267327,0.287129,-0.126296
0.277228,0.287129,-0.123298
0.287129,0.287129,-0.11997
0.29703,0.287129,-0.116331
0.306931,0.287129,-0.112399
0.316832,0.287129,-0.108192
0.326733,0.287129,-0.103728
0.336634,0.287129,-0.0990236
0.346535,0.287129,-0.0940949
0.356436,0.287129,-0.0889581
0.366337,0.287129,-0.0836288
0.376238,0.287129,-0.0781223
0.386139,0.287129,-0.0724534
0.39604,0.287129,-0.0666364
0.405941,0.287129,-0.0606855
0.415842,0.287129,-0.0546144
0.425743,0.287129,-0.0484365
0.435644,0.287129,-0.0421652
0.445545,0.287129,-0.0358133
0.455446,0.287129,-0.0293936
0.465347,0.287129,-0.0229187
0.475248,0.287129,-0.016401
0.485149,0.287129,-0.00985276
0.49505,0.287129,-0.00328628
0.50495,0.287129,0.00328628
0.514851,0.287129,0.00985276
0.524752,0.287129,0.016401
0.534653,0.287129,0.0229187
0.544554,0.287129,0.0293936
0.554455,0.287129,0.0358133
0.564356,0.287129,0.0421652
0.574257,0.287129,0.0484365
0.584158,0.287129,0.0546144
0.594059,0.287129,0.0606855
0.60396,0.287129,0.0666364
0.613861,0.287129,0.0724534
0.623762,0.287129,0.0781223
0.633663,0.287129,0.0836288
0.643564,0.287129,0.0889581
0.653465,0.287129,0.0940949
0.663366,0.287129,0.0990236
0.673267,0.287129,0.103728
0.683168,0.287129,0.108192
0.693069,0.287129,0.112399
0.70297,0.287129,0.116331
0.712871,0.287129,0.11997
0.722772,0.287129,0.123298
0.732673,0.287129,0.126296
0.742574,0.287129,0.128945
0.752475,0.287129,0.131225
0.762376,0.287129,0.133115
0.772277,0.287129,0.134595
0.782178,0.287129,0.135644
0.792079,0.287129,0.136241
0.80198,0.287129,0.136361
0.811881,0.287129,0.135985
0.821782,0.287129,0.135087
0.831683,0.287129,0.133645
0.841584,0.287129,0.131634
0.851485,0.287129,0.129031
0.861386,0.287129,0.12581
0.871287,0.287129,0.121945
0.881188,0.287129,0.117411
0.891089,0.287129,0.11218
0.90099,0.287129,0.106225
0.910891,0.287129,0.099517
0.920792,0.287129,0.0920275
0.930693,0.287129,0.0837258
0.940594,0.287129,0.07458
0.950495,0.287129,0.0645571
0.960396,0.287129,0.0536223
0.970297,0.287129,0.0417391
0.980198,0.287129,0.0288687
0.990099,0.287129,0.0149702
1,0.287129,0
0,0.29703,0
0.00990099,0.29703,-0.0180487
0.019802,0.29703,-0.0347519
0.029703,0.29703,-0.0501691
0.039604,0.29703,-0.0643565
0.049505,0.29703,-0.077367
0.0594059,0.29703,-0.089251
0.0693069,0.29703,-0.100056
0.0792079,0.29703,-0.109827
0.0891089,0.29703,-0.118608
0.0990099,0.29703,-0.12644
0.108911,0.29703,-0.133363
0.118812,0.29703,-0.139415
0.128713,0.29703,-0.144632
0.138614,0.29703,-0.14905
0.148515,0.29703,-0.152704
0.158416,0.29703,-0.155626
0.168317,0.29703,-0.157849
0.178218,0.29703,-0.159404
0.188119,0.29703,-0.160321
0.19802,0.29703,-0.16063
0.207921,0.29703,-0.160359
0.217822,0.29703,-0.159536
0.227723,0.29703,-0.158189
0.237624,0.29703,-0.156343
0.247525,0.29703,-0.154024
0.257426,0.29703,-0.151257
0.267327,0.29703,-0.148066
0.277228,0.29703,-0.144474
0.287129,0.29703,-0.140504
0.29703,0.29703,-0.136179
0.306931,0.29703,-0.131519
0.316832,0.29703,-0.126546
0.326733,0.29703,-0.121279
0.336634,0.29703,-0.115738
0.346535,0.29703,-0.109942
0.356436,0.29703,-0.103909
0.366337,0.29703,-0.0976577
0.376238,0.29703,-0.0912049
0.386139,0.29703,-0.0845675
0.39604,0.29703,-0.0777621
0.405941,0.29703,-0.0708047
0.415842,0.29703,-0.0637109
0.425743,0.29703,-0.0564961
0.435644,0.29703,-0.0491752
0.445545,0.29703,-0.0417629
0.455446,0.29703,-0.0342738
0.465347,0.29703,-0.026722
0.475248,0.29703,-0.0191217
0.485149,0.29703,-0.0114868
0.49505,0.29703,-0.00383124
0.50495,0.29703,0.00383124
0.514851,0.29703,0.0114868
0.524752,0.29703,0.0191217
0.534653,0.29703,0.026722
0.544554,0.29703,0.0342738
0.554455,0.29703,0.0417629
0.564356,0.29703,0.0491752
0.574257,0.29703,0.0564961
0.584158,0.29703,0.0637109
0.594059,0.29703,0.0708047
0.60396,0.29703,0.0777621
0.613861,0.29703,0.0845675
0.623762,0.29703,0.0912049
0.633663,0.29703,0.0976577
0.643564,0.29703,0.103909
0.653465,0.29703,0.109942
0.663366,0.29703,0.115738
0.673267,0.29703,0.121279
0.683168,0.29703,0.126546
0.693069,0.29703,0.131519
0.70297,0.29703,0.136179
0.712871,0.29703,0.140504
0.722772,0.29703,0.144474
0.732673,0.29703,0.148066
0.742574,0.29703,0.151257
0.752475,0.29703,0.154024
0.762376,0.29703,0.156343
0.772277,0.29703,0.158189
0.782178,0.29703,0.159536
0.792079,0.29703,0.160359
0.80198,0.29703,0.16063
0.811881,0.29703,0.160321
0.821782,0.29703,0.159404
0.831683,0.29703,0.157849
0.841584,0.29703,0.155626
0.851485,0.29703,0.152704
0.861386,0.29703,0.14905
0.871287,0.29703,0.144632
0.881188,0.29703,0.139415
0.891089,0.29703,0.133363
0.90099,0.29703,0.12644
0.910891,0.29703,0.118608
0.920792,0.29703,0.109827
0.930693,0.29703,0.100056
0.940594,0.29703,0.089251
0.950495,0.29703,0.077367
0.960396,0.29703,0.0643565
0.970297,0.29703,0.0501691
0.980198,0.29703,0.0347519
0.990099,0.29703,0.0180487
1,0.29703,0
0,0.306931,0
0.00990099,0.306931,-0.0210888
0.019802,0.306931,-0.0405633
0.029703,0.306931,-0.0584986
0.039604,0.306931,-0.0749655
0.049505,0.306931,-0.090031
0.0594059,0.306931,-0.103758
0.0693069,0.306931,-0.116208
0.0792079,0.306931,-0.127437
0.0891089,0.306931,-0.137501
0.0990099,0.306931,-0.14645
0.108911,0.306931,-0.154335
0.118812,0.306931,-0.161204
0.128713,0.306931,-0.167101
0.138614,0.306931,-0.172072
0.148515,0.306931,-0.176158
0.158416,0.306931,-0.1794
0.168317,0.306931,-0.181837
0.178218,0.306931,-0.183508
0.188119,0.306931,-0.184447
0.19802,0.306931,-0.184692
0.207921,0.306931,-0.184275
0.217822,0.306931,-0.18323
0.227723,0.306931,-0.181589
0.237624,0.306931,-0.179383
0.247525,0.306931,-0.176641
0.257426,0.306931,-0.173392
0.267327,0.306931,-0.169665
0.277228,0.306931,-0.165486
0.287129,0.306931,-0.160881
0.29703,0.306931,-0.155876
0.306931,0.306931,-0.150494
0.316832,0.306931,-0.144761
0.326733,0.306931,-0.138698
0.336634,0.306931,-0.132328
0.346535,0.306931,-0.125671
0.356436,0.306931,-0.11875
0.366337,0.306931,-0.111584
0.376238,0.306931,-0.104192
0.386139,0.306931,-0.0965935
0.39604,0.306931,-0.0888071
0.405941,0.306931,-0.0808507
0.415842,0.306931,-0.0727418
0.425743,0.306931,-0.0644975
0.435644,0.306931,-0.0561347
0.445545,0.306931,-0.0476698
0.455446,0.306931,-0.0391189
0.465347,0.306931,-0.030498
0.475248,0.306931,-0.0218229
0.485149,0.306931,-0.0131092
0.49505,0.306931,-0.00437229
0.50495,0.306931,0.00437229
0.514851,0.306931,0.0131092
0.524752,0.306931,0.0218229
0.534653,0.306931,0.030498
0.544554,0.306931,0.0391189
0.554455,0.306931,0.0476698
0.564356,0.306931,0.0561347
0.574257,0.306931,0.0644975
0.584158,0.306931,0.0727418
0.594059,0.306931,0.0808507
0.60396,0.306931,0.0888071
0.613861,0.306931,0.0965935
0.623762,0.306931,0.104192
0.633663,0.306931,0.111584
0.643564,0.306931,0.11875
0.653465,0.306931,0.125671
0.663366,0.306931,0.132328
0.673267,0.306931,0.138698
0.683168,0.306931,0.144761
0.693069,0.306931,0.150494
0.70297,0.306931,0.155876
0.712871,0.306931,0.160881
0.722772,0.306931,0.165486
0.732673,0.306931,0.169665
0.742574,0.306931,0.173392
0.752475,0.306931,0.176641
0.762376,0.306931,0.179383
0.772277,0.306931,0.181589
0.782178,0.306931,0.18323
0.792079,0.306931,0.184275
0.80198,0.306931,0.184692
0.811881,0.306931,0.184447
0.821782,0.306931,0.183508
0.831683,0.306931,0.181837
0.841584,0.306931,0.1794
0.851485,0.306931,0.176158
0.861386,0.306931,0.172072
0.871287,0.306931,0.167101
0.881188,0.306931,0.161204
0.891089,0.306931,0.154335
0.90099,0.306931,0.14645
0.910891,0.306931,0.137501
0.920792,0.306931,0.127437
0.930693,0.306931,0.116208
0.940594,0.306931,0.103758
0.950495,0.306931,0.090031
0.960396,0.306931,0.0749655
0.970297,0.306931,0.0584986
0.980198,0.306931,0.0405633
0.990099,0.306931,0.0210888
1,0.306931,0
0,0.316832,0
0.00990099,0.316832,-0.0240758
0.019802,0.316832,-0.0462746
0.029703,0.316832,-0.0666866
0.039604,0.316832,-0.0853967
0.049505,0.316832,-0.102485
0.0594059,0.316832,-0.118029
0.0693069,0.316832,-0.1321
0.0792079,0.316832,-0.144768
0.0891089,0.316832,-0.156097
0.0990099,0.316832,-0.16615
0.108911,0.316832,-0.174986
0.118812,0.316832,-0.182663
0.128713,0.316832,-0.189235
0.138614,0.316832,-0.194754
0.148515,0.316832,-0.19927
0.158416,0.316832,-0.20283
0.168317,0.316832,-0.205482
0.178218,0.316832,-0.207269
0.188119,0.316832,-0.208234
0.19802,0.316832,-0.208417
0.207921,0.316832,-0.207859
0.217822,0.316832,-0.206598
0.227723,0.316832,-0.20467
0.237624,0.316832,-0.20211
0.247525,0.316832,-0.198953
0.257426,0.316832,-0.195231
0.267327,0.316832,-0.190976
0.277228,0.316832,-0.186218
0.287129,0.316832,-0.180988
0.29703,0.316832,-0.175313
0.306931,0.316832,-0.169221
0.316832,0.316832,-0.162738
0.326733,0.316832,-0.15589
0.336634,0.316832,-0.148702
0.346535,0.316832,-0.141197
0.356436,0.316832,-0.133399
0.366337,0.316832,-0.12533
0.376238,0.316832,-0.117012
0.386139,0.316832,-0.108465
0.39604,0.316832,-0.0997104
0.405941,0.316832,-0.0907681
0.415842,0.316832,-0.0816572
0.425743,0.316832,-0.0723968
0.435644,0.316832,-0.0630054
0.445545,0.316832,-0.0535013
0.455446,0.316832,-0.0439023
0.465347,0.316832,-0.0342259
0.475248,0.316832,-0.0244897
0.485149,0.316832,-0.0147109
0.49505,0.316832,-0.00490646
0.50495,0.316832,0.00490646
0.514851,0.316832,0.0147109
0.524752,0.316832,0.0244897
0.534653,0.316832,0.0342259
0.544554,0.316832,0.0439023
0.554455,0.316832,0.0535013
0.564356,0.316832,0.0630054
0.574257,0.316832,0.0723968
0.584158,0.316832,0.0816572
0.594059,0.316832,0.0907681
0.60396,0.316832,0.0997104
0.613861,0.316832,0.108465
0.623762,0.316832,0.117012
0.633663,0.316832,0.12533
0.643564,0.316832,0.133399
0.653465,0.316832,0.141197
0.663366,0.316832,0.148702
0.673267,0.316832,0.15589
0.683168,0.316832,0.162738
0.693069,0.316832,0.169221
0.70297,0.316832,0.175313
0.712871,0.316832,0.180988
0.722772,0.316832,0.186218
0.732673,0.316832,0.190976
0.742574,0.316832,0.195231
0.752475,0.316832,0.198953
0.762376,0.316832,0.20211
0.772277,0.316832,0.20467
0.782178,0.316832,0.206598
0.792079,0.316832,0.207859
0.80198,0.316832,0.208417
0.811881,0.316832,0.208234
0.821782,0.316832,0.207269
0.831683,0.316832,0.205482
0.841584,0.316832,0.20283
0.851485,0.316832,0.19927
0.861386,0.316832,0.194754
0.871287,0.316832,0.189235
0.881188,0.316832,0.182663
0.891089,0.316832,0.174986
0.90099,0.316832,0.16615
0.910891,0.316832,0.156097
0.920792,0.316832,0.144768
0.930693,0.316832,0.1321
0.940594,0.316832,0.118029
0.950495,0.316832,0.102485
0.960396,0.316832,0.0853967
0.970297,0.316832,0.0666866
0.980198,0.316832,0.0462746
0.990099,0.316832,0.0240758
1,0.316832,0
0,0.326733,0
0.00990099,0.326733,-0.0269954
0.019802,0.326733,-0.0518584
0.029703,0.326733,-0.0746934
0.039604,0.326733,-0.0955992
0.049505,0.326733,-0.114669
0.0594059,0.326733,-0.131993
0.0693069,0.326733,-0.147653
0.0792079,0.326733,-0.161731
0.0891089,0.326733,-0.174303
0.0990099,0.326733,-0.185439
0.108911,0.326733,-0.195211
0.118812,0.326733,-0.203683
0.128713,0.326733,-0.210919
0.138614,0.326733,-0.216978
0.148515,0.326733,-0.221918
0.158416,0.326733,-0.225794
0.168317,0.326733,-0.228659
0.178218,0.326733,-0.230563
0.188119,0.326733,-0.231555
0.19802,0.326733,-0.231682
0.207921,0.326733,-0.230988
0.217822,0.326733,-0.229516
0.227723,0.326733,-0.227308
0.237624,0.326733,-0.224403
0.247525,0.326733,-0.22084
0.257426,0.326733,-0.216656
0.267327,0.326733,-0.211884
0.277228,0.326733,-0.206561
0.287129,0.326733,-0.200718
0.29703,0.326733,-0.194387
0.306931,0.326733,-0.187598
0.316832,0.326733,-0.18038
0.326733,0.326733,-0.172763
0.336634,0.326733,-0.164773
0.346535,0.326733,-0.156436
0.356436,0.326733,-0.147778
0.366337,0.326733,-0.138823
0.376238,0.326733,-0.129595
0.386139,0.326733,-0.120118
0.39604,0.326733,-0.110413
0.405941,0.326733,-0.100503
0.415842,0.326733,-0.0904088
0.425743,0.326733,-0.0801511
0.435644,0.326733,-0.0697501
0.445545,0.326733,-0.0592259
0.455446,0.326733,-0.048598
0.465347,0.326733,-0.0378856
0.475248,0.326733,-0.0271077
0.485149,0.326733,-0.0162832
0.49505,0.326733,-0.00543085
0.50495,0.326733,0.00543085
0.514851,0.326733,0.0162832
0.524752,0.326733,0.0271077
0.534653,0.326733,0.0378856
0.544554,0.326733,0.048598
0.554455,0.326733,0.0592259
0.564356,0.326733,0.0697501
0.574257,0.326733,0.0801511
0.584158,0.326733,0.0904088
0.594059,0.326733,0.100503
0.60396,0.326733,0.110413
0.613861,0.326733,0.120118
0.623762,0.326733,0.129595
0.633663,0.326733,0.138823
0.643564,0.326733,0.147778
0.653465,0.326733,0.156436
0.663366,0.326733,0.164773
0.673267,0.326733,0.172763
0.683168,0.326733,0.18038
0.693069,0.326733,0.187598
0.70297,0.326733,0.194387
0.712871,0.326733,0.200718
0.722772,0.326733,0.206561
0.732673,0.326733,0.211884
0.742574,0.326733,0.216656
0.752475,0.326733,0.22084
0.762376,0.326733,0.224403
0.772277,0.326733,0.227308
0.782178,0.326733,0.229516
0.792079,0.326733,0.230988
0.80198,0.326733,0.231682
0.811881,0.326733,0.231555
0.821782,0.326733,0.230563
0.831683,0.326733,0.228659
0.841584,0.326733,0.225794
0.851485,0.326733,0.221918
0.861386,0.326733,0.216978
0.871287,0.326733,0.210919
0.881188,0.326733,0.203683
0.891089,0.326733,0.195211
0.90099,0.326733,0.185439
0.910891,0.326733,0.174303
0.920792,0.326733,0.161731
0.930693,0.326733,0.147653
0.940594,0.326733,0.131993
0.950495,0.326733,0.114669
0.960396,0.326733,0.0955992
0.970297,0.326733,0.0746934
0.980198,0.326733,0.0518584
0.990099,0.326733,0.0269954
1,0.326733,0
0,0.336634,0
0.00990099,0.336634,-0.0298341
0.019802,0.336634,-0.0572882
0.029703,0.336634,-0.0824807
0.039604,0.336634,-0.105524
0.049505,0.336634,-0.126524
0.0594059,0.336634,-0.145581
0.0693069,0.336634,-0.162791
0.0792079,0.336634,-0.178245
0.0891089,0.336634,-0.192028
0.0990099,0.336634,-0.204223
0.108911,0.336634,-0.214908
0.118812,0.336634,-0.224158
0.128713,0.336634,-0.232043
0.138614,0.336634,-0.238631
0.148515,0.336634,-0.243987
0.158416,0.336634,-0.248173
0.168317,0.336634,-0.251248
0.178218,0.336634,-0.253269
0.188119,0.336634,-0.254291
0.19802,0.336634,-0.254364
0.207921,0.336634,-0.25354
0.217822,0.336634,-0.251865
0.227723,0.336634,-0.249386
0.237624,0.336634,-0.246146
0.247525,0.336634,-0.242189
0.257426,0.336634,-0.237554
0.267327,0.336634,-0.23228
0.277228,0.336634,-0.226406
0.287129,0.336634,-0.219966
0.29703,0.336634,-0.212995
0.306931,0.336634,-0.205528
0.316832,0.336634,-0.197594
0.326733,0.336634,-0.189227
0.336634,0.336634,-0.180454
0.346535,0.336634,-0.171306
0.356436,0.336634,-0.161809
0.366337,0.336634,-0.15199
0.376238,0.336634,-0.141875
0.386139,0.336634,-0.13149
0.39604,0.336634,-0.120858
0.405941,0.336634,-0.110004
0.415842,0.336634,-0.0989501
0.425743,0.336634,-0.0877191
0.435644,0.336634,-0.0763329
0.445545,0.336634,-0.0648132
0.455446,0.336634,-0.053181
0.465347,0.336634,-0.0414574
0.475248,0.336634,-0.0296629
0.485149,0.336634,-0.0178179
0.49505,0.336634,-0.00594266
0.50495,0.336634,0.00594266
0.514851,0.336634,0.0178179
0.524752,0.336634,0.0296629
0.534653,0.336634,0.0414574
0.544554,0.336634,0.053181
0.554455,0.336634,0.0648132
0.564356,0.336634,0.0763329
0.574257,0.336634,0.0877191
0.584158,0.336634,0.0989501
0.594059,0.336634,0.110004
0.60396,0.336634,0.120858
0.613861,0.336634,0.13149
0.623762,0.336634,0.141875
0.633663,0.336634,0.15199
0.643564,0.336634,0.161809
0.653465,0.336634,0.171306
0.663366,0.336634,0.180454
0.673267,0.336634,0.189227
0.683168,0.336634,0.197594
0.693069,0.336634,0.205528
0.70297,0.336634,0.212995
0.712871,0.336634,0.219966
0.722772,0.336634,0.226406
0.732673,0.336634,0.23228
0.742574,0.336634,0.237554
0.752475,0.336634,0.242189
0.762376,0.336634,0.246146
0.772277,0.336634,0.249386
0.782178,0.336634,0.251865
0.792079,0.336634,0.25354
0.80198,0.336634,0.254364
0.811881,0.336634,0.254291
0.821782,0.336634,0.253269
0.831683,0.336634,0.251248
0.841584,0.336634,0.248173
0.851485,0.336634,0.243987
0.861386,0.336634,0.238631
0.871287,0.336634,0.232043
0.881188,0.336634,0.224158
0.891089,0.336634,0.214908
0.90099,0.336634,0.204223
0.910891,0.336634,0.192028
0.920792,0.336634,0.178245
0.930693,0.336634,0.162791
0.940594,0.336634,0.145581
0.950495,0.336634,0.126524
0.960396,0.336634,0.105524
0.970297,0.336634,0.0824807
0.980198,0.336634,0.0572882
0.990099,0.336634,0.0298341
1,0.336634,0
0,0.346535,0
0.00990099,0.346535,-0.0325784
0.019802,0.346535,-0.0625385
0.029703,0.346535,-0.090012
0.039604,0.346535,-0.115124
0.049505,0.346535,-0.137992
0.0594059,0.346535,-0.158728
0.0693069,0.346535,-0.17744
0.0792079,0.346535,-0.194227
0.0891089,0.346535,-0.209186
0.0990099,0.346535,-0.222408
0.108911,0.346535,-0.23398
0.118812,0.346535,-0.243985
0.128713,0.346535,-0.252502
0.138614,0.346535,-0.259605
0.148515,0.346535,-0.265367
0.158416,0.346535,-0.269856
0.168317,0.346535,-0.273137
0.178218,0.346535,-0.275273
0.188119,0.346535,-0.276325
0.19802,0.346535,-0.276348
0.207921,0.346535,-0.275399
0.217822,0.346535,-0.273529
0.227723,0.346535,-0.270789
0.237624,0.346535,-0.267226
0.247525,0.346535,-0.262888
0.257426,0.346535,-0.257818
0.267327,0.346535,-0.252058
0.277228,0.346535,-0.24565
0.287129,0.346535,-0.238633
0.29703,0.346535,-0.231043
0.306931,0.346535,-0.222917
0.316832,0.346535,-0.21429
0.326733,0.346535,-0.205196
0.336634,0.346535,-0.195665
0.346535,0.346535,-0.185729
0.356436,0.346535,-0.175419
0.366337,0.346535,-0.164762
0.376238,0.346535,-0.153788
0.386139,0.346535,-0.142522
0.39604,0.346535,-0.130991
0.405941,0.346535,-0.119221
0.415842,0.346535,-0.107236
0.425743,0.346535,-0.0950611
0.435644,0.346535,-0.0827191
0.445545,0.346535,-0.0702336
0.455446,0.346535,-0.0576273
0.465347,0.346535,-0.0449227
0.475248,0.346535,-0.0321419
0.485149,0.346535,-0.0193068
0.49505,0.346535,-0.00643921
0.50495,0.346535,0.00643921
0.514851,0.346535,0.0193068
0.524752,0.346535,0.0321419
0.534653,0.346535,0.0449227
0.544554,0.346535,0.0576273
0.554455,0.346535,0.0702336
0.564356,0.346535,0.0827191
0.574257,0.346535,0.0950611
0.584158,0.346535,0.107236
0.594059,0.346535,0.119221
0.60396,0.346535,0.130991
0.613861,0.346535,0.142522
0.623762,0.346535,0.153788
0.633663,0.346535,0.164762
0.643564,0.346535,0.175419
0.653465,0.346535,0.185729
0.663366,0.346535,0.195665
0.673267,0.346535,0.205196
0.683168,0.346535,0.21429
0.693069,0.346535,0.222917
0.70297,0.346535,0.231043
0.712871,0.346535,0.238633
0.722772,0.346535,0.24565
0.732673,0.346535,0.252058
0.742574,0.346535,0.257818
0.752475,0.346535,0.262888
0.762376,0.346535,0.267226
0.772277,0.346535,0.270789
0.782178,0.346535,0.273529
0.792079,0.346535,0.275399
0.80198,0.346535,0.276348
0.811881,0.346535,0.276325
0.821782,0.346535,0.275273
0.831683,0.346535,0.273137
0.841584,0.346535,0.269856
0.851485,0.346535,0.265367
0.861386,0.346535,0.259605
0.871287,0.346535,0.252502
0.881188,0.346535,0.243985
0.891089,0.346535,0.23398
0.90099,0.346535,0.222408
0.910891,0.346535,0.209186
0.920792,0.346535,0.194227
0.930693,0.346535,0.17744
0.940594,0.346535,0.158728
0.950495,0.346535,0.137992
0.960396,0.346535,0.115124
0.970297,0.346535,0.090012
0.980198,0.346535,0.0625385
0.990099,0.346535,0.0325784
1,0.346535,0
0,0.356436,0
0.00990099,0.356436,-0.0352159
0.019802,0.356436,-0.067585
0.029703,0.356436,-0.097252
0.039604,0.356436,-0.124354
0.049505,0.356436,-0.14902
0.0594059,0.356436,-0.171373
0.0693069,0.356436,-0.19153
0.0792079,0.356436,-0.209602
0.0891089,0.356436,-0.225694
0.0990099,0.356436,-0.239907
0.108911,0.356436,-0.252335
0.118812,0.356436,-0.263069
0.128713,0.356436,-0.272195
0.138614,0.356436,-0.279796
0.148515,0.356436,-0.285951
0.158416,0.356436,-0.290733
0.168317,0.356436,-0.294215
0.178218,0.356436,-0.296464
0.188119,0.356436,-0.297546
0.19802,0.356436,-0.297524
0.207921,0.356436,-0.296456
0.217822,0.356436,-0.294399
0.227723,0.356436,-0.291409
0.237624,0.356436,-0.287536
0.247525,0.356436,-0.282832
0.257426,0.356436,-0.277344
0.267327,0.356436,-0.271117
0.277228,0.356436,-0.264196
0.287129,0.356436,-0.256622
0.29703,0.356436,-0.248436
0.306931,0.356436,-0.239677
0.316832,0.356436,-0.230382
0.326733,0.356436,-0.220587
0.336634,0.356436,-0.210326
0.346535,0.356436,-0.199633
0.356436,0.356436,-0.188538
0.366337,0.356436,-0.177075
0.376238,0.356436,-0.165271
0.386139,0.356436,-0.153157
0.39604,0.356436,-0.140759
0.405941,0.356436,-0.128106
0.415842,0.356436,-0.115224
0.425743,0.356436,-0.102139
0.435644,0.356436,-0.0888757
0.445545,0.356436,-0.0754592
0.455446,0.356436,-0.0619138
0.465347,0.356436,-0.0482635
0.475248,0.356436,-0.0345318
0.485149,0.356436,-0.0207422
0.49505,0.356436,-0.00691792
0.50495,0.356436,0.00691792
0.514851,0.356436,0.0207422
0.524752,0.356436,0.0345318
0.534653,0.356436,0.0482635
0.544554,0.356436,0.0619138
0.554455,0.356436,0.0754592
0.564356,0.356436,0.0888757
0.574257,0.356436,0.102139
0.584158,0.356436,0.115224
0.594059,0.356436,0.128106
0.60396,0.356436,0.140759
0.613861,0.356436,0.153157
0.623762,0.356436,0.165271
0.633663,0.356436,0.177075
0.643564,0.356436,0.188538
0.653465,0.356436,0.199633
0.663366,0.356436,0.210326
0.673267,0.356436,0.220587
0.683168,0.356436,0.230382
0.693069,0.356436,0.239677
0.70297,0.356436,0.248436
0.712871,0.356436,0.256622
0.722772,0.356436,0.264196
0.732673,0.356436,0.271117
0.742574,0.356436,0.277344
0.752475,0.356436,0.282832
0.762376,0.356436,0.287536
0.772277,0.356436,0.291409
0.782178,0.356436,0.294399
0.792079,0.356436,0.296456
0.80198,0.356436,0.297524
0.811881,0.356436,0.297546
0.821782,0.356436,0.296464
0.831683,0.356436,0.294215
0.841584,0.356436,0.290733
0.851485,0.356436,0.285951
0.861386,0.356436,0.279796
0.871287,0.356436,0.272195
0.881188,0.356436,0.263069
0.891089,0.356436,0.252335
0.90099,0.356436,0.239907
0.910891,0.356436,0.225694
0.920792,0.356436,0.209602
0.930693,0.356436,0.19153
0.940594,0.356436,0.171373
0.950495,0.356436,0.14902
0.960396,0.356436,0.124354
0.970297,0.356436,0.097252
0.980198,0.356436,0.067585
0.990099,0.356436,0.0352159
1,0.356436,0
0,0.366337,0
0.00990099,0.366337,-0.0377345
0.019802,0.366337,-0.0724047
0.029703,0.366337,-0.104167
0.039604,0.366337,-0.133171
0.049505,0.366337,-0.159556
0.0594059,0.366337,-0.183455
0.0693069,0.366337,-0.204995
0.0792079,0.366337,-0.224297
0.0891089,0.366337,-0.241474
0.0990099,0.366337,-0.256635
0.108911,0.366337,-0.269883
0.118812,0.366337,-0.281316
0.128713,0.366337,-0.291027
0.138614,0.366337,-0.299106
0.148515,0.366337,-0.305638
0.158416,0.366337,-0.310703
0.168317,0.366337,-0.314378
0.178218,0.366337,-0.316737
0.188119,0.366337,-0.317851
0.19802,0.366337,-0.317785
0.207921,0.366337,-0.316605
0.217822,0.366337,-0.314371
0.227723,0.366337,-0.311142
0.237624,0.366337,-0.306975
0.247525,0.366337,-0.301921
0.257426,0.366337,-0.296033
0.267327,0.366337,-0.28936
0.277228,0.366337,-0.281948
0.287129,0.366337,-0.273843
0.29703,0.366337,-0.265087
0.306931,0.366337,-0.255722
0.316832,0.366337,-0.245788
0.326733,0.366337,-0.235323
0.336634,0.366337,-0.224363
0.346535,0.366337,-0.212944
0.356436,0.366337,-0.2011
0.366337,0.366337,-0.188864
0.376238,0.366337,-0.176267
0.386139,0.366337,-0.16334
0.39604,0.366337,-0.150113
0.405941,0.366337,-0.136615
0.415842,0.366337,-0.122873
0.425743,0.366337,-0.108917
0.435644,0.366337,-0.0947713
0.445545,0.366337,-0.0804633
0.455446,0.366337,-0.0660186
0.465347,0.366337,-0.0514626
0.475248,0.366337,-0.0368204
0.485149,0.366337,-0.0221168
0.49505,0.366337,-0.00737633
0.50495,0.366337,0.00737633
0.514851,0.366337,0.0221168
0.524752,0.366337,0.0368204
0.534653,0.366337,0.0514626
0.544554,0.366337,0.0660186
0.554455,0.366337,0.0804633
0.564356,0.366337,0.0947713
0.574257,0.366337,0.108917
0.584158,0.366337,0.122873
0.594059,0.366337,0.136615
0.60396,0.366337,0.150113
0.613861,0.366337,0.16334
0.623762,0.366337,0.176267
0.633663,0.366337,0.188864
0.643564,0.366337,0.2011
0.653465,0.366337,0.212944
0.663366,0.366337,0.224363
0.673267,0.366337,0.235323
0.683168,0.366337,0.245788
0.693069,0.366337,0.255722
0.70297,0.366337,0.265087
0.712871,0.366337,0.273843
0.722772,0.366337,0.281948
0.732673,0.366337,0.28936
0.742574,0.366337,0.296033
0.752475,0.366337,0.301921
0.762376,0.366337,0.306975
0.772277,0.366337,0.311142
0.782178,0.366337,0.314371
0.792079,0.366337,0.316605
0.80198,0.366337,0.317785
0.811881,0.366337,0.317851
0.821782,0.366337,0.316737
0.831683,0.366337,0.314378
0.841584,0.366337,0.310703
0.851485,0.366337,0.305638
0.861386,0.366337,0.299106
0.871287,0.366337,0.291027
0.881188,0.366337,0.281316
0.891089,0.366337,0.269883
0.90099,0.366337,0.256635
0.910891,0.366337,0.241474
0.920792,0.366337,0.224297
0.930693,0.366337,0.204995
0.940594,0.366337,0.183455
0.950495,0.366337,0.159556
0.960396,0.366337,0.133171
0.970297,0.366337,0.104167
0.980198,0.366337,0.0724047
0.990099,0.366337,0.0377345
1,0.366337,0
0,0.376238,0
0.00990099,0.376238,-0.0401228
0.019802,0.376238,-0.0769757
0.029703,0.376238,-0.110727
0.039604,0.376238,-0.141535
0.049505,0.376238,-0.169551
0.0594059,0.376238,-0.194918
0.0693069,0.376238,-0.217772
0.0792079,0.376238,-0.238242
0.0891089,0.376238,-0.25645
0.0990099,0.376238,-0.272513
0.108911,0.376238,-0.286541
0.118812,0.376238,-0.298639
0.128713,0.376238,-0.308908
0.138614,0.376238,-0.317442
0.148515,0.376238,-0.324334
0.158416,0.376238,-0.329668
0.168317,0.376238,-0.333529
0.178218,0.376238,-0.335993
0.188119,0.376238,-0.337137
0.19802,0.376238,-0.337032
0.207921,0.376238,-0.335747
0.217822,0.376238,-0.333346
0.227723,0.376238,-0.329892
0.237624,0.376238,-0.325444
0.247525,0.376238,-0.32006
0.257426,0.376238,-0.313793
0.267327,0.376238,-0.306696
0.277228,0.376238,-0.298819
0.287129,0.376238,-0.290209
0.29703,0.376238,-0.280912
0.306931,0.376238,-0.270972
0.316832,0.376238,-0.260431
0.326733,0.376238,-0.249329
0.336634,0.376238,-0.237706
0.346535,0.376238,-0.225597
0.356436,0.376238,-0.21304
0.366337,0.376238,-0.20007
0.376238,0.376238,-0.186719
0.386139,0.376238,-0.17302
0.39604,0.376238,-0.159004
0.405941,0.376238,-0.144703
0.415842,0.376238,-0.130145
0.425743,0.376238,-0.11536
0.435644,0.376238,-0.100376
0.445545,0.376238,-0.0852204
0.455446,0.376238,-0.0699208
0.465347,0.376238,-0.0545039
0.475248,0.376238,-0.0389961
0.485149,0.376238,-0.0234235
0.49505,0.376238,-0.00781214
0.50495,0.376238,0.00781214
0.514851,0.376238,0.0234235
0.524752,0.376238,0.0389961
0.534653,0.376238,0.0545039
0.544554,0.376238,0.0699208
0.554455,0.376238,0.0852204
0.564356,0.376238,0.100376
0.574257,0.376238,0.11536
0.584158,0.376238,0.130145
0.594059,0.376238,0.144703
0.60396,0.376238,0.159004
0.613861,0.376238,0.17302
0.623762,0.376238,0.186719
0.633663,0.376238,0.20007
0.643564,0.376238,0.21304
0.653465,0.376238,0.225597
0.663366,0.376238,0.237706
0.673267,0.376238,0.249329
0.683168,0.376238,0.260431
0.693069,0.376238,0.270972
0.70297,0.376238,0.280912
0.712871,0.376238,0.290209
0.722772,0.376238,0.298819
0.732673,0.376238,0.306696
0.742574,0.376238,0.313793
0.752475,0.376238,0.32006
0.762376,0.376238,0.325444
0.772277,0.376238,0.329892
0.782178,0.376238,0.333346
0.792079,0.376238,0.335747
0.80198,0.376238,0.337032
0.811881,0.376238,0.337137
0.821782,0.376238,0.335993
0.831683,0.376238,0.333529
0.841584,0.376238,0.329668
0.851485,0.376238,0.324334
0.861386,0.376238,0.317442
0.871287,0.376238,0.308908
0.881188,0.376238,0.298639
0.891089,0.376238,0.286541
0.90099,0.376238,0.272513
0.910891,0.376238,0.25645
0.920792,0.376238,0.238242
0.930693,0.376238,0.217772
0.940594,0.376238,0.194918
0.950495,0.376238,0.169551
0.960396,0.376238,0.141535
0.970297,0.376238,0.110727
0.980198,0.376238,0.0769757
0.990099,0.376238,0.0401228
1,0.376238,0
0,0.386139,0
0.00990099,0.386139,-0.0423701
0.019802,0.386139,-0.0812772
0.029703,0.386139,-0.1169
0.039604,0.386139,-0.149407
0.049505,0.386139,-0.17896
0.0594059,0.386139,-0.20571
0.0693069,0.386139,-0.229803
0.0792079,0.386139,-0.251374
0.0891089,0.386139,-0.270554
0.0990099,0.386139,-0.287467
0.108911,0.386139,-0.30223
0.118812,0.386139,-0.314956
0.128713,0.386139,-0.325751
0.138614,0.386139,-0.334716
0.148515,0.386139,-0.341948
0.158416,0.386139,-0.347538
0.168317,0.386139,-0.351574
0.178218,0.386139,-0.354139
0.188119,0.386139,-0.355313
0.19802,0.386139,-0.355172
0.207921,0.386139,-0.353789
0.217822,0.386139,-0.351231
0.227723,0.386139,-0.347565
0.237624,0.386139,-0.342854
0.247525,0.386139,-0.337159
0.257426,0.386139,-0.330536
0.267327,0.386139,-0.32304
0.277228,0.386139,-0.314725
0.287129,0.386139,-0.30564
0.29703,0.386139,-0.295833
0.306931,0.386139,-0.285351
0.316832,0.386139,-0.274238
0.326733,0.386139,-0.262536
0.336634,0.386139,-0.250287
0.346535,0.386139,-0.237529
0.356436,0.386139,-0.2243
0.366337,0.386139,-0.210637
0.376238,0.386139,-0.196575
0.386139,0.386139,-0.182148
0.39604,0.386139,-0.167389
0.405941,0.386139,-0.15233
0.415842,0.386139,-0.137002
0.425743,0.386139,-0.121436
0.435644,0.386139,-0.105661
0.445545,0.386139,-0.0897067
0.455446,0.386139,-0.073601
0.465347,0.386139,-0.0573722
0.475248,0.386139,-0.041048
0.485149,0.386139,-0.0246559
0.49505,0.386139,-0.00822314
0.50495,0.386139,0.00822314
0.514851,0.386139,0.0246559
0.524752,0.386139,0.041048
0.534653,0.386139,0.0573722
0.544554,0.386139,0.073601
0.554455,0.386139,0.0897067
0.564356,0.386139,0.105661
0.574257,0.386139,0.121436
0.584158,0.386139,0.137002
0.594059,0.386139,0.15233
0.60396,0.386139,0.167389
0.613861,0.386139,0.182148
0.623762,0.386139,0.196575
0.633663,0.386139,0.210637
0.643564,0.386139,0.2243
0.653465,0.386139,0.237529
0.663366,0.386139,0.250287
0.673267,0.386139,0.262536
0.683168,0.386139,0.274238
0.693069,0.386139,0.285351
0.70297,0.386139,0.295833
0.712871,0.386139,0.30564
0.722772,0.386139,0.314725
0.732673,0.386139,0.32304
0.742574,0.386139,0.330536
0.752475,0.386139,0.337159
0.762376,0.386139,0.342854
0.772277,0.386139,0.347565
0.782178,0.386139,0.351231
0.792079,0.386139,0.353789
0.80198,0.386139,0.355172
0.811881,0.386139,0.355313
0.821782,0.386139,0.354139
0.831683,0.386139,0.351574
0.841584,0.386139,0.347538
0.851485,0.386139,0.341948
0.861386,0.386139,0.334716
0.871287,0.386139,0.325751
0.881188,0.386139,0.314956
0.891089,0.386139,0.30223
0.90099,0.386139,0.287467
0.910891,0.386139,0.270554
0.920792,0.386139,0.251374
0.930693,0.386139,0.229803
0.940594,0.386139,0.20571
0.950495,0.386139,0.17896
0.960396,0.386139,0.149407
0.970297,0.386139,0.1169
0.980198,0.386139,0.0812772
0.990099,0.386139,0.0423701
1,0.386139,0
0,0.39604,0
0.00990099,0.39604,-0.0444665
0.019802,0.39604,-0.0852902
0.029703,0.39604,-0.12266
0.039604,0.39604,-0.156753
0.049505,0.39604,-0.187741
0.0594059,0.39604,-0.215782
0.0693069,0.39604,-0.24103
0.0792079,0.39604,-0.26363
0.0891089,0.39604,-0.283718
0.0990099,0.39604,-0.301427
0.108911,0.39604,-0.316878
0.118812,0.39604,-0.330191
0.128713,0.39604,-0.341479
0.138614,0.39604,-0.350847
0.148515,0.39604,-0.358397
0.158416,0.39604,-0.364226
0.168317,0.39604,-0.368427
0.178218,0.39604,-0.371088
0.188119,0.39604,-0.372291
0.19802,0.39604,-0.372117
0.207921,0.39604,-0.370642
0.217822,0.39604,-0.367939
0.227723,0.39604,-0.364077
0.237624,0.39604,-0.359121
0.247525,0.39604,-0.353135
0.257426,0.39604,-0.34618
0.267327,0.39604,-0.338312
0.277228,0.39604,-0.329588
0.287129,0.39604,-0.320059
0.29703,0.39604,-0.309776
0.306931,0.39604,-0.298788
0.316832,0.39604,-0.287141
0.326733,0.39604,-0.274879
0.336634,0.39604,-0.262045
0.346535,0.39604,-0.24868
0.356436,0.39604,-0.234823
0.366337,0.39604,-0.220514
0.376238,0.39604,-0.205787
0.386139,0.39604,-0.19068
0.39604,0.39604,-0.175226
0.405941,0.39604,-0.159459
0.415842,0.39604,-0.143412
0.425743,0.39604,-0.127116
0.435644,0.39604,-0.110602
0.445545,0.39604,-0.0939001
0.455446,0.39604,-0.0770408
0.465347,0.39604,-0.0600531
0.475248,0.39604,-0.0429659
0.485149,0.39604,-0.0258078
0.49505,0.39604,-0.00860731
0.50495,0.39604,0.00860731
0.514851,0.39604,0.0258078
0.524752,0.39604,0.0429659
0.534653,0.39604,0.0600531
0.544554,0.39604,0.0770408
0.554455,0.39604,0.0939001
0.564356,0.39604,0.110602
0.574257,0.39604,0.127116
0.584158,0.39604,0.143412
0.594059,0.39604,0.159459
0.60396,0.39604,0.175226
0.613861,0.39604,0.19068
0.623762,0.39604,0.205787
0.633663,0.39604,0.220514
0.643564,0.39604,0.234823
0.653465,0.39604,0.24868
0.663366,0.39604,0.262045
0.673267,0.39604,0.274879
0.683168,0.39604,0.287141
0.693069,0.39604,0.298788
0.70297,0.39604,0.309776
0.712871,0.39604,0.320059
0.722772,0.39604,0.329588
0.732673,0.39604,0.338312
0.742574,0.39604,0.34618
0.752475,0.39604,0.353135
0.762376,0.39604,0.359121
0.772277,0.39604,0.364077
0.782178,0.39604,0.367939
0.792079,0.39604,0.370642
0.80198,0.39604,0.372117
0.811881,0.39604,0.372291
0.821782,0.39604,0.371088
0.831683,0.39604,0.368427
0.841584,0.39604,0.364226
0.851485,0.39604,0.358397
0.861386,0.39604,0.350847
0.871287,0.39604,0.341479
0.881188,0.39604,0.330191
0.891089,0.39604,0.316878
0.90099,0.39604,0.301427
0.910891,0.39604,0.283718
0.920792,0.39604,0.26363
0.930693,0.39604,0.24103
0.940594,0.39604,0.215782
0.950495,0.39604,0.187741
0.960396,0.39604,0.156753
0.970297,0.39604,0.12266
0.980198,0.39604,0.0852902
0.990099,0.39604,0.0444665
1,0.39604,0
0,0.405941,0
0.00990099,0.405941,-0.0464026
0.019802,0.405941,-0.0889967
0.029703,0.405941,-0.12798
0.039604,0.405941,-0.163539
0.049505,0.405941,-0.195852
0.0594059,0.405941,-0.225087
0.0693069,0.405941,-0.251404
0.0792079,0.405941,-0.274955
0.0891089,0.405941,-0.295884
0.0990099,0.405941,-0.314328
0.108911,0.405941,-0.330416
0.118812,0.405941,-0.344273
0.128713,0.405941,-0.356016
0.138614,0.405941,-0.365758
0.148515,0.405941,-0.373603
0.158416,0.405941,-0.379655
0.168317,0.405941,-0.38401
0.178218,0.405941,-0.386759
0.188119,0.405941,-0.38799
0.19802,0.405941,-0.387786
0.207921,0.405941,-0.386228
0.217822,0.405941,-0.383391
0.227723,0.405941,-0.379346
0.237624,0.405941,-0.374165
0.247525,0.405941,-0.367911
0.257426,0.405941,-0.360649
0.267327,0.405941,-0.352438
0.277228,0.405941,-0.343335
0.287129,0.405941,-0.333397
0.29703,0.405941,-0.322674
0.306931,0.405941,-0.311218
0.316832,0.405941,-0.299077
0.326733,0.405941,-0.286297
0.336634,0.405941,-0.272922
0.346535,0.405941,-0.258996
0.356436,0.405941,-0.244559
0.366337,0.405941,-0.229651
0.376238,0.405941,-0.21431
0.386139,0.405941,-0.198573
0.39604,0.405941,-0.182477
0.405941,0.405941,-0.166055
0.415842,0.405941,-0.149342
0.425743,0.405941,-0.13237
0.435644,0.405941,-0.115172
0.445545,0.405941,-0.0977797
0.455446,0.405941,-0.0802232
0.465347,0.405941,-0.0625334
0.475248,0.405941,-0.0447403
0.485149,0.405941,-0.0268735
0.49505,0.405941,-0.00896274
0.50495,0.405941,0.00896274
0.514851,0.405941,0.0268735
0.524752,0.405941,0.0447403
0.534653,0.405941,0.0625334
0.544554,0.405941,0.0802232
0.554455,0.405941,0.0977797
0.564356,0.405941,0.115172
0.574257,0.405941,0.13237
0.584158,0.405941,0.149342
0.594059,0.405941,0.166055
0.60396,0.405941,0.182477
0.613861,0.405941,0.198573
0.623762,0.405941,0.21431
0.633663,0.405941,0.229651
0.643564,0.405941,0.244559
0.653465,0.405941,0.258996
0.663366,0.405941,0.272922
0.673267,0.405941,0.286297
0.683168,0.405941,0.299077
0.693069,0.405941,0.311218
0.70297,0.405941,0.322674
0.712871,0.405941,0.333397
0.722772,0.405941,0.343335
0.732673,0.405941,0.352438
0.742574,0.405941,0.360649
0.752475,0.405941,0.367911
0.762376,0.405941,0.374165
0.772277,0.405941,0.379346
0.782178,0.405941,0.383391
0.792079,0.405941,0.386228
0.80198,0.405941,0.387786
0.811881,0.405941,0.38799
0.821782,0.405941,0.386759
0.831683,0.405941,0.38401
0.841584,0.405941,0.379655
0.851485,0.405941,0.373603
0.861386,0.405941,0.365758
0.871287,0.405941,0.356016
0.881188,0.405941,0.344273
0.891089,0.405941,0.330416
0.90099,0.405941,0.314328
0.910891,0.405941,0.295884
0.920792,0.405941,0.274955
0.930693,0.405941,0.251404
0.940594,0.405941,0.225087
0.950495,0.405941,0.195852
0.960396,0.405941,0.163539
0.970297,0.405941,0.12798
0.980198,0.405941,0.0889967
0.990099,0.405941,0.0464026
1,0.405941,0
0,0.415842,0
0.00990099,0.415842,-0.04817
0.019802,0.415842,-0.0923804
0.029703,0.415842,-0.132837
0.039604,0.415842,-0.169735
0.049505,0.415842,-0.203259
0.0594059,0.415842,-0.233584
0.0693069,0.415842,-0.260878
0.0792079,0.415842,-0.285298
0.0891089,0.415842,-0.306995
0.0990099,0.415842,-0.326111
0.108911,0.415842,-0.342782
0.118812,0.415842,-0.357136
0.128713,0.415842,-0.369297
0.138614,0.415842,-0.37938
0.148515,0.415842,-0.387496
0.158416,0.415842,-0.393752
0.168317,0.415842,-0.398247
0.178218,0.415842,-0.401078
0.188119,0.415842,-0.402335
0.19802,0.415842,-0.402105
0.207921,0.415842,-0.400471
0.217822,0.415842,-0.397511
0.227723,0.415842,-0.393302
0.237624,0.415842,-0.387914
0.247525,0.415842,-0.381416
0.257426,0.415842,-0.373874
0.267327,0.415842,-0.365349
0.277228,0.415842,-0.355901
0.287129,0.415842,-0.345588
0.29703,0.415842,-0.334464
0.306931,0.415842,-0.32258
0.316832,0.415842,-0.309988
0.326733,0.415842,-0.296734
0.336634,0.415842,-0.282865
0.346535,0.415842,-0.268426
0.356436,0.415842,-0.253458
0.366337,0.415842,-0.238004
0.376238,0.415842,-0.222101
0.386139,0.415842,-0.205789
0.39604,0.415842,-0.189105
0.405941,0.415842,-0.172085
0.415842,0.415842,-0.154763
0.425743,0.415842,-0.137174
0.435644,0.415842,-0.119351
0.445545,0.415842,-0.101327
0.455446,0.415842,-0.0831328
0.465347,0.415842,-0.0648011
0.475248,0.415842,-0.0463626
0.485149,0.415842,-0.0278479
0.49505,0.415842,-0.00928769
0.50495,0.415842,0.00928769
0.514851,0.415842,0.0278479
0.524752,0.415842,0.0463626
0.534653,0.415842,0.0648011
0.544554,0.415842,0.0831328
0.554455,0.415842,0.101327
0.564356,0.415842,0.119351
0.574257,0.415842,0.137174
0.584158,0.415842,0.154763
0.594059,0.415842,0.172085
0.60396,0.415842,0.189105
0.613861,0.415842,0.205789
0.623762,0.415842,0.222101
0.633663,0.415842,0.238004
0.643564,0.415842,0.253458
0.653465,0.415842,0.268426
0.663366,0.415842,0.282865
0.673267,0.415842,0.296734
0.683168,0.415842,0.309988
0.693069,0.415842,0.32258
0.70297,0.415842,0.334464
0.712871,0.415842,0.345588
0.722772,0.415842,0.355901
0.732673,0.415842,0.365349
0.742574,0.415842,0.373874
0.752475,0.415842,0.381416
0.762376,0.415842,0.387914
0.772277,0.415842,0.393302
0.782178,0.415842,0.397511
0.792079,0.415842,0.400471
0.80198,0.415842,0.402105
0.811881,0.415842,0.402335
0.821782,0.415842,0.401078
0.831683,0.415842,0.398247
0.841584,0.415842,0.393752
0.851485,0.415842,0.387496
0.861386,0.415842,0.37938
0.871287,0.415842,0.369297
0.881188,0.415842,0.357136
0.891089,0.415842,0.342782
0.90099,0.415842,0.326111
0.910891,0.415842,0.306995
0.920792,0.415842,0.285298
0.930693,0.415842,0.260878
0.940594,0.415842,0.233584
0.950495,0.415842,0.203259
0.960396,0.415842,0.169735
0.970297,0.415842,0.132837
0.980198,0.415842,0.0923804
0.990099,0.415842,0.04817
1,0.415842,0
0,0.425743,0
0.00990099,0.425743,-0.0497609
0.019802,0.425743,-0.0954263
0.029703,0.425743,-0.137209
0.039604,0.425743,-0.175312
0.049505,0.425743,-0.209927
0.0594059,0.425743,-0.241235
0.0693069,0.425743,-0.269409
0.0792079,0.425743,-0.294612
0.0891089,0.425743,-0.317001
0.0990099,0.425743,-0.336723
0.108911,0.425743,-0.353919
0.118812,0.425743,-0.368722
0.128713,0.425743,-0.381259
0.138614,0.425743,-0.39165
0.148515,0.425743,-0.400011
0.158416,0.425743,-0.406451
0.168317,0.425743,-0.411074
0.178218,0.425743,-0.413978
0.188119,0.425743,-0.415259
0.19802,0.425743,-0.415006
0.207921,0.425743,-0.413304
0.217822,0.425743,-0.410235
0.227723,0.425743,-0.405877
0.237624,0.425743,-0.400303
0.247525,0.425743,-0.393586
0.257426,0.425743,-0.385791
0.267327,0.425743,-0.376984
0.277228,0.425743,-0.367225
0.287129,0.425743,-0.356575
0.29703,0.425743,-0.345088
0.306931,0.425743,-0.33282
0.316832,0.425743,-0.319821
0.326733,0.425743,-0.306141
0.336634,0.425743,-0.291827
0.346535,0.425743,-0.276925
0.356436,0.425743,-0.26148
0.366337,0.425743,-0.245532
0.376238,0.425743,-0.229123
0.386139,0.425743,-0.212293
0.39604,0.425743,-0.19508
0.405941,0.425743,-0.17752
0.415842,0.425743,-0.159649
0.425743,0.425743,-0.141504
0.435644,0.425743,-0.123117
0.445545,0.425743,-0.104524
0.455446,0.425743,-0.0857554
0.465347,0.425743,-0.0668451
0.475248,0.425743,-0.0478248
0.485149,0.425743,-0.0287262
0.49505,0.425743,-0.0095806
0.50495,0.425743,0.0095806
0.514851,0.425743,0.0287262
0.524752,0.425743,0.0478248
0.534653,0.425743,0.0668451
0.544554,0.425743,0.0857554
0.554455,0.425743,0.104524
0.564356,0.425743,0.123117
0.574257,0.425743,0.141504
0.584158,0.425743,0.159649
0.594059,0.425743,0.17752
0.60396,0.425743,0.19508
0.613861,0.425743,0.212293
0.623762,0.425743,0.229123
0.633663,0.425743,0.245532
0.643564,0.425743,0.26148
0.653465,0.425743,0.276925
0.663366,0.425743,0.291827
0.673267,0.425743,0.306141
0.683168,0.425743,0.319821
0.693069,0.425743,0.33282
0.70297,0.425743,0.345088
0.712871,0.425743,0.356575
0.722772,0.425743,0.367225
0.732673,0.425743,0.376984
0.742574,0.425743,0.385791
0.752475,0.425743,0.393586
0.762376,0.425743,0.400303
0.772277,0.425743,0.405877
0.782178,0.425743,0.410235
0.792079,0.425743,0.413304
0.80198,0.425743,0.415006
0.811881,0.425743,0.415259
0.821782,0.425743,0.413978
0.831683,0.425743,0.411074
0.841584,0.425743,0.406451
0.851485,0.425743,0.400011
0.861386,0.425743,0.39165
0.871287,0.425743,0.381259
0.881188,0.425743,0.368722
0.891089,0.425743,0.353919
0.90099,0.425743,0.336723
0.910891,0.425743,0.317001
0.920792,0.425743,0.294612
0.930693,0.425743,0.269409
0.940594,0.425743,0.241235
0.950495,0.425743,0.209927
0.960396,0.425743,0.175312
0.970297,0.425743,0.137209
0.980198,0.425743,0.0954263
0.990099,0.425743,0.0497609
1,0.425743,0
0,0.435644,0
0.00990099,0.435644,-0.0511683
0.019802,0.435644,-0.0981211
0.029703,0.435644,-0.141078
0.039604,0.435644,-0.180248
0.049505,0.435644,-0.215828
0.0594059,0.435644,-0.248005
0.0693069,0.435644,-0.276958
0.0792079,0.435644,-0.302855
0.0891089,0.435644,-0.325857
0.0990099,0.435644,-0.346116
0.108911,0.435644,-0.363776
0.118812,0.435644,-0.378977
0.128713,0.435644,-0.391847
0.138614,0.435644,-0.402512
0.148515,0.435644,-0.41109
0.158416,0.435644,-0.417693
0.168317,0.435644,-0.422429
0.178218,0.435644,-0.4254
0.188119,0.435644,-0.426702
0.19802,0.435644,-0.426428
0.207921,0.435644,-0.424666
0.217822,0.435644,-0.421501
0.227723,0.435644,-0.417011
0.237624,0.435644,-0.411274
0.247525,0.435644,-0.404362
0.257426,0.435644,-0.396344
0.267327,0.435644,-0.387287
0.277228,0.435644,-0.377254
0.287129,0.435644,-0.366305
0.29703,0.435644,-0.354498
0.306931,0.435644,-0.341889
0.316832,0.435644,-0.32853
0.326733,0.435644,-0.314472
0.336634,0.435644,-0.299764
0.346535,0.435644,-0.284453
0.356436,0.435644,-0.268584
0.366337,0.435644,-0.2522
0.376238,0.435644,-0.235343
0.386139,0.435644,-0.218054
0.39604,0.435644,-0.200371
0.405941,0.435644,-0.182333
0.415842,0.435644,-0.163977
0.425743,0.435644,-0.145339
0.435644,0.435644,-0.126453
0.445545,0.435644,-0.107355
0.455446,0.435644,-0.0880783
0.465347,0.435644,-0.0686555
0.475248,0.435644,-0.04912
0.485149,0.435644,-0.0295041
0.49505,0.435644,-0.00984003
0.50495,0.435644,0.00984003
0.514851,0.435644,0.0295041
0.524752,0.435644,0.04912
0.534653,0.435644,0.0686555
0.544554,0.435644,0.0880783
0.554455,0.435644,0.107355
0.564356,0.435644,0.126453
0.574257,0.435644,0.145339
0.584158,0.435644,0.163977
0.594059,0.435644,0.182333
0.60396,0.435644,0.200371
0.613861,0.435644,0.218054
0.623762,0.435644,0.235343
0.633663,0.435644,0.2522
0.643564,0.435644,0.268584
0.653465,0.435644,0.284453
0.663366,0.435644,0.299764
0.673267,0.435644,0.314472
0.683168,0.435644,0.32853
0.693069,0.435644,0.341889
0.70297,0.435644,0.354498
0.712871,0.435644,0.366305
0.722772,0.435644,0.377254
0.732673,0.435644,0.387287
0.742574,0.435644,0.396344
0.752475,0.435644,0.404362
0.762376,0.435644,0.411274
0.772277,0.435644,0.417011
0.782178,0.435644,0.421501
0.792079,0.435644,0.424666
0.80198,0.435644,0.426428
0.811881,0.435644,0.426702
0.821782,0.435644,0.4254
0.831683,0.435644,0.422429
0.841584,0.435644,0.417693
0.851485,0.435644,0.41109
0.861386,0.435644,0.402512
0.871287,0.435644,0.391847
0.881188,0.435644,0.378977
0.891089,0.435644,0.363776
0.90099,0.435644,0.346116
0.910891,0.435644,0.325857
0.920792,0.435644,0.302855
0.930693,0.435644,0.276958
0.940594,0.435644,0.248005
0.950495,0.435644,0.215828
0.960396,0.435644,0.180248
0.970297,0.435644,0.141078
0.980198,0.435644,0.0981211
0.990099,0.435644,0.0511683
1,0.435644,0
0,0.445545,0
0.00990099,0.445545,-0.0523862
0.019802,0.445545,-0.100453
0.029703,0.445545,-0.144426
0.039604,0.445545,-0.184519
0.049505,0.445545,-0.220934
0.0594059,0.445545,-0.253864
0.0693069,0.445545,-0.283492
0.0792079,0.445545,-0.309989
0.0891089,0.445545,-0.333522
0.0990099,0.445545,-0.354246
0.108911,0.445545,-0.37231
0.118812,0.445545,-0.387854
0.128713,0.445545,-0.401014
0.138614,0.445545,-0.411916
0.148515,0.445545,-0.420682
0.158416,0.445545,-0.427427
0.168317,0.445545,-0.432261
0.178218,0.445545,-0.435289
0.188119,0.445545,-0.43661
0.19802,0.445545,-0.436318
0.207921,0.445545,-0.434505
0.217822,0.445545,-0.431256
0.227723,0.445545,-0.426653
0.237624,0.445545,-0.420774
0.247525,0.445545,-0.413694
0.257426,0.445545,-0.405483
0.267327,0.445545,-0.39621
0.277228,0.445545,-0.385939
0.287129,0.445545,-0.374731
0.29703,0.445545,-0.362647
0.306931,0.445545,-0.349743
0.316832,0.445545,-0.336072
0.326733,0.445545,-0.321687
0.336634,0.445545,-0.306638
0.346535,0.445545,-0.290973
0.356436,0.445545,-0.274737
0.366337,0.445545,-0.257975
0.376238,0.445545,-0.24073
0.386139,0.445545,-0.223043
0.39604,0.445545,-0.204955
0.405941,0.445545,-0.186503
0.415842,0.445545,-0.167726
0.425743,0.445545,-0.148661
0.435644,0.445545,-0.129343
0.445545,0.445545,-0.109808
0.455446,0.445545,-0.0900903
0.465347,0.445545,-0.0702237
0.475248,0.445545,-0.0502418
0.485149,0.445545,-0.0301779
0.49505,0.445545,-0.0100647
0.50495,0.445545,0.0100647
0.514851,0.445545,0.0301779
0.524752,0.445545,0.0502418
0.534653,0.445545,0.0702237
0.544554,0.445545,0.0900903
0.554455,0.445545,0.109808
0.564356,0.445545,0.129343
0.574257,0.445545,0.148661
0.584158,0.445545,0.167726
0.594059,0.445545,0.186503
0.60396,0.445545,0.204955
0.613861,0.445545,0.223043
0.623762,0.445545,0.24073
0.633663,0.445545,0.257975
0.643564,0.445545,0.274737
0.653465,0.445545,0.290973
0.663366,0.445545,0.306638
0.673267,0.445545,0.321687
0.683168,0.445545,0.336072
0.693069,0.445545,0.349743
0.70297,0.445545,0.362647
0.712871,0.445545,0.374731
0.722772,0.445545,0.385939
0.732673,0.445545,0.39621
0.742574,0.445545,0.405483
0.752475,0.445545,0.413694
0.762376,0.445545,0.420774
0.772277,0.445545,0.426653
0.782178,0.445545,0.431256
0.792079,0.445545,0.434505
0.80198,0.445545,0.436318
0.811881,0.445545,0.43661
0.821782,0.445545,0.435289
0.831683,0.445545,0.432261
0.841584,0.445545,0.427427
0.851485,0.445545,0.420682
0.861386,0.445545,0.411916
0.871287,0.445545,0.401014
0.881188,0.445545,0.387854
0.891089,0.445545,0.37231
0.90099,0.445545,0.354246
0.910891,0.445545,0.333522
0.920792,0.445545,0.309989
0.930693,0.445545,0.283492
0.940594,0.445545,0.253864
0.950495,0.445545,0.220934
0.960396,0.445545,0.184519
0.970297,0.445545,0.144426
0.980198,0.445545,0.100453
0.990099,0.445545,0.0523862
1,0.445545,0
0,0.455446,0
0.00990099,0.455446,-0.0534092
0.019802,0.455446,-0.102412
0.029703,0.455446,-0.147239
0.039604,0.455446,-0.188107
0.049505,0.455446,-0.225225
0.0594059,0.455446,-0.258787
0.0693069,0.455446,-0.288981
0.0792079,0.455446,-0.315984
0.0891089,0.455446,-0.339963
0.0990099,0.455446,-0.361078
0.108911,0.455446,-0.37948
0.118812,0.455446,-0.395314
0.128713,0.455446,-0.408717
0.138614,0.455446,-0.419818
0.148515,0.455446,-0.428742
0.158416,0.455446,-0.435607
0.168317,0.455446,-0.440524
0.178218,0.455446,-0.4436
0.188119,0.455446,-0.444937
0.19802,0.455446,-0.444631
0.207921,0.455446,-0.442775
0.217822,0.455446,-0.439456
0.227723,0.455446,-0.434758
0.237624,0.455446,-0.42876
0.247525,0.455446,-0.421539
0.257426,0.455446,-0.413166
0.267327,0.455446,-0.403711
0.277228,0.455446,-0.393239
0.287129,0.455446,-0.381815
0.29703,0.455446,-0.369498
0.306931,0.455446,-0.356345
0.316832,0.455446,-0.342413
0.326733,0.455446,-0.327753
0.336634,0.455446,-0.312417
0.346535,0.455446,-0.296454
0.356436,0.455446,-0.27991
0.366337,0.455446,-0.26283
0.376238,0.455446,-0.245259
0.386139,0.455446,-0.227238
0.39604,0.455446,-0.208808
0.405941,0.455446,-0.190008
0.415842,0.455446,-0.170878
0.425743,0.455446,-0.151453
0.435644,0.455446,-0.131772
0.445545,0.455446,-0.11187
0.455446,0.455446,-0.0917818
0.465347,0.455446,-0.0715421
0.475248,0.455446,-0.051185
0.485149,0.455446,-0.0307443
0.49505,0.455446,-0.0102537
0.50495,0.455446,0.0102537
0.514851,0.455446,0.0307443
0.524752,0.455446,0.051185
0.534653,0.455446,0.0715421
0.544554,0.455446,0.0917818
0.554455,0.455446,0.11187
0.564356,0.455446,0.131772
0.574257,0.455446,0.151453
0.584158,0.455446,0.170878
0.594059,0.455446,0.190008
0.60396,0.455446,0.208808
0.613861,0.455446,0.227238
0.623762,0.455446,0.245259
0.633663,0.455446,0.26283
0.643564,0.455446,0.27991
0.653465,0.455446,0.296454
0.663366,0.455446,0.312417
0.673267,0.455446,0.327753
0.683168,0.455446,0.342413
0.693069,0.455446,0.356345
0.70297,0.455446,0.369498
0.712871,0.455446,0.381815
0.722772,0.455446,0.393239
0.732673,0.455446,0.403711
0.742574,0.455446,0.413166
0.752475,0.455446,0.421539
0.762376,0.455446,0.42876
0.772277,0.455446,0.434758
0.782178,0.455446,0.439456
0.792079,0.455446,0.442775
0.80198,0.455446,0.444631
0.811881,0.455446,0.444937
0.821782,0.455446,0.4436
0.831683,0.455446,0.440524
0.841584,0.455446,0.435607
0.851485,0.455446,0.428742
0.861386,0.455446,0.419818
0.871287,0.455446,0.408717
0.881188,0.455446,0.395314
0.891089,0.455446,0.37948
0.90099,0.455446,0.361078
0.910891,0.455446,0.339963
0.920792,0.455446,0.315984
0.930693,0.455446,0.288981
0.940594,0.455446,0.258787
0.950495,0.455446,0.225225
0.960396,0.455446,0.188107
0.970297,0.455446,0.147239
0.980198,0.455446,0.102412
0.990099,0.455446,0.0534092
1,0.455446,0
0,0.465347,0
0.00990099,0.465347,-0.054233
0.019802,0.465347,-0.103989
0.029703,0.465347,-0.149503
0.039604,0.465347,-0.190997
0.049505,0.465347,-0.22868
0.0594059,0.465347,-0.262752
0.0693069,0.465347,-0.293402
0.0792079,0.465347,-0.320812
0.0891089,0.465347,-0.34515
0.0990099,0.465347,-0.36658
0.108911,0.465347,-0.385256
0.118812,0.465347,-0.401323
0.128713,0.465347,-0.414922
0.138614,0.465347,-0.426184
0.148515,0.465347,-0.435235
0.158416,0.465347,-0.442196
0.168317,0.465347,-0.44718
0.178218,0.465347,-0.450295
0.188119,0.465347,-0.451645
0.19802,0.465347,-0.451328
0.207921,0.465347,-0.449438
0.217822,0.465347,-0.446062
0.227723,0.465347,-0.441287
0.237624,0.465347,-0.435194
0.247525,0.465347,-0.427858
0.257426,0.465347,-0.419355
0.267327,0.465347,-0.409754
0.277228,0.465347,-0.399121
0.287129,0.465347,-0.387522
0.29703,0.465347,-0.375017
0.306931,0.465347,-0.361665
0.316832,0.465347,-0.347521
0.326733,0.465347,-0.33264
0.336634,0.465347,-0.317074
0.346535,0.465347,-0.30087
0.356436,0.465347,-0.284078
0.366337,0.465347,-0.266742
0.376238,0.465347,-0.248908
0.386139,0.465347,-0.230618
0.39604,0.465347,-0.211912
0.405941,0.465347,-0.192832
0.415842,0.465347,-0.173417
0.425743,0.465347,-0.153704
0.435644,0.465347,-0.13373
0.445545,0.465347,-0.113532
0.455446,0.465347,-0.0931448
0.465347,0.465347,-0.0726043
0.475248,0.465347,-0.0519449
0.485149,0.465347,-0.0312008
0.49505,0.465347,-0.0104059
0.50495,0.465347,0.0104059
0.514851,0.465347,0.0312008
0.524752,0.465347,0.0519449
0.534653,0.465347,0.0726043
0.544554,0.465347,0.0931448
0.554455,0.465347,0.113532
0.564356,0.465347,0.13373
0.574257,0.465347,0.153704
0.584158,0.465347,0.173417
0.594059,0.465347,0.192832
0.60396,0.465347,0.211912
0.613861,0.465347,0.230618
0.623762,0.465347,0.248908
0.633663,0.465347,0.266742
0.643564,0.465347,0.284078
0.653465,0.465347,0.30087
0.663366,0.465347,0.317074
0.673267,0.465347,0.33264
0.683168,0.465347,0.347521
0.693069,0.465347,0.361665
0.70297,0.465347,0.375017
0.712871,0.465347,0.387522
0.722772,0.465347,0.399121
0.732673,0.465347,0.409754
0.742574,0.465347,0.419355
0.752475,0.465347,0.427858
0.762376,0.465347,0.435194
0.772277,0.465347,0.441287
0.782178,0.465347,0.446062
0.792079,0.465347,0.449438
0.80198,0.465347,0.451328
0.811881,0.465347,0.451645
0.821782,0.465347,0.450295
0.831683,0.465347,0.44718
0.841584,0.465347,0.442196
0.851485,0.465347,0.435235
0.861386,0.465347,0.426184
0.871287,0.465347,0.414922
0.881188,0.465347,0.401323
0.891089,0.465347,0.385256
0.90099,0.465347,0.36658
0.910891,0.465347,0.34515
0.920792,0.465347,0.320812
0.930693,0.465347,0.293402
0.940594,0.465347,0.262752
0.950495,0.465347,0.22868
0.960396,0.465347,0.190997
0.970297,0.465347,0.149503
0.980198,0.465347,0.103989
0.990099,0.465347,0.054233
1,0.465347,0
0,0.475248,0
0.00990099,0.475248,-0.0548539
0.019802,0.475248,-0.105179
0.029703,0.475248,-0.151211
0.039604,0.475248,-0.193175
0.049505,0.475248,-0.231284
0.0594059,0.475248,-0.26574
0.0693069,0.475248,-0.296736
0.0792079,0.475248,-0.324451
0.0891089,0.475248,-0.349061
0.0990099,0.475248,-0.370728
0.108911,0.475248,-0.38961
0.118812,0.475248,-0.405853
0.128713,0.475248,-0.4196
0.138614,0.475248,-0.430983
0.148515,0.475248,-0.440131
0.158416,0.475248,-0.447165
0.168317,0.475248,-0.452199
0.178218,0.475248,-0.455344
0.188119,0.475248,-0.456704
0.19802,0.475248,-0.456378
0.207921,0.475248,-0.454461
0.217822,0.475248,-0.451044
0.227723,0.475248,-0.446211
0.237624,0.475248,-0.440045
0.247525,0.475248,-0.432624
0.257426,0.475248,-0.424022
0.267327,0.475248,-0.414311
0.277228,0.475248,-0.403557
0.287129,0.475248,-0.391826
0.29703,0.475248,-0.379179
0.306931,0.475248,-0.365677
0.316832,0.475248,-0.351374
0.326733,0.475248,-0.336326
0.336634,0.475248,-0.320585
0.346535,0.475248,-0.304201
0.356436,0.475248,-0.287221
0.366337,0.475248,-0.269693
0.376238,0.475248,-0.25166
0.386139,0.475248,-0.233167
0.39604,0.475248,-0.214254
0.405941,0.475248,-0.194963
0.415842,0.475248,-0.175332
0.425743,0.475248,-0.155401
0.435644,0.475248,-0.135206
0.445545,0.475248,-0.114785
0.455446,0.475248,-0.0941727
0.465347,0.475248,-0.0734055
0.475248,0.475248,-0.0525181
0.485149,0.475248,-0.031545
0.49505,0.475248,-0.0105207
0.50495,0.475248,0.0105207
0.514851,0.475248,0.031545
0.524752,0.475248,0.0525181
0.534653,0.475248,0.0734055
0.544554,0.475248,0.0941727
0.554455,0.475248,0.114785
0.564356,0.475248,0.135206
0.574257,0.475248,0.155401
0.584158,0.475248,0.175332
0.594059,0.475248,0.194963
0.60396,0.475248,0.214254
0.613861,0.475248,0.233167
0.623762,0.475248,0.25166
0.633663,0.475248,0.269693
0.643564,0.475248,0.287221
0.653465,0.475248,0.304201
0.663366,0.475248,0.320585
0.673267,0.475248,0.336326
0.683168,0.475248,0.351374
0.693069,0.475248,0.365677
0.70297,0.475248,0.379179
0.712871,0.475248,0.391826
0.722772,0.475248,0.403557
0.732673,0.475248,0.414311
0.742574,0.475248,0.424022
0.752475,0.475248,0.432624
0.762376,0.475248,0.440045
0.772277,0.475248,0.446211
0.782178,0.475248,0.451044
0.792079,0.475248,0.454461
0.80198,0.475248,0.456378
0.811881,0.475248,0.456704
0.821782,0.475248,0.455344
0.831683,0.475248,0.452199
0.841584,0.475248,0.447165
0.851485,0.475248,0.440131
0.861386,0.475248,0.430983
0.871287,0.475248,0.4196
0.881188,0.475248,0.405853
0.891089,0.475248,0.38961
0.90099,0.475248,0.370728
0.910891,0.475248,0.349061
0.920792,0.475248,0.324451
0.930693,0.475248,0.296736
0.940594,0.475248,0.26574
0.950495,0.475248,0.231284
0.960396,0.475248,0.193175
0.970297,0.475248,0.151211
0.980198,0.475248,0.105179
0.990099,0.475248,0.0548539
1,0.475248,0
0,0.485149,0
0.00990099,0.485149,-0.0552694
0.019802,0.485149,-0.105974
0.029703,0.485149,-0.152353
0.039604,0.485149,-0.194632
0.049505,0.485149,-0.233027
0.0594059,0.485149,-0.26774
0.0693069,0.485149,-0.298966
0.0792079,0.485149,-0.326887
0.0891089,0.485149,-0.351678
0.0990099,0.485149,-0.373504
0.108911,0.485149,-0.392524
0.118812,0.485149,-0.408885
0.128713,0.485149,-0.42273
0.138614,0.485149,-0.434195
0.148515,0.485149,-0.443407
0.158416,0.485149,-0.450489
0.168317,0.485149,-0.455558
0.178218,0.485149,-0.458722
0.188119,0.485149,-0.460089
0.19802,0.485149,-0.459757
0.207921,0.485149,-0.457823
0.217822,0.485149,-0.454377
0.227723,0.485149,-0.449506
0.237624,0.485149,-0.443292
0.247525,0.485149,-0.435814
0.257426,0.485149,-0.427146
0.267327,0.485149,-0.417361
0.277228,0.485149,-0.406526
0.287129,0.485149,-0.394707
0.29703,0.485149,-0.381965
0.306931,0.485149,-0.368362
0.316832,0.485149,-0.353953
0.326733,0.485149,-0.338793
0.336634,0.485149,-0.322935
0.346535,0.485149,-0.30643
0.356436,0.485149,-0.289325
0.366337,0.485149,-0.271667
0.376238,0.485149,-0.253502
0.386139,0.485149,-0.234873
0.39604,0.485149,-0.215821
0.405941,0.485149,-0.196388
0.415842,0.485149,-0.176614
0.425743,0.485149,-0.156537
0.435644,0.485149,-0.136194
0.445545,0.485149,-0.115623
0.455446,0.485149,-0.0948607
0.465347,0.485149,-0.0739417
0.475248,0.485149,-0.0529017
0.485149,0.485149,-0.0317754
0.49505,0.485149,-0.0105975
0.50495,0.485149,0.0105975
0.514851,0.485149,0.0317754
0.524752,0.485149,0.0529017
0.534653,0.485149,0.0739417
0.544554,0.485149,0.0948607
0.554455,0.485149,0.115623
0.564356,0.485149,0.136194
0.574257,0.485149,0.156537
0.584158,0.485149,0.176614
0.594059,0.485149,0.196388
0.60396,0.485149,0.215821
0.613861,0.485149,0.234873
0.623762,0.485149,0.253502
0.633663,0.485149,0.271667
0.643564,0.485149,0.289325
0.653465,0.485149,0.30643
0.663366,0.485149,0.322935
0.673267,0.485149,0.338793
0.683168,0.485149,0.353953
0.693069,0.485149,0.368362
0.70297,0.485149,0.381965
0.712871,0.485149,0.394707
0.722772,0.485149,0.406526
0.732673,0.485149,0.417361
0.742574,0.485149,0.427146
0.752475,0.485149,0.435814
0.762376,0.485149,0.443292
0.772277,0.485149,0.449506
0.782178,0.485149,0.454377
0.792079,0.485149,0.457823
0.80198,0.485149,0.459757
0.811881,0.485149,0.460089
0.821782,0.485149,0.458722
0.831683,0.485149,0.455558
0.841584,0.485149,0.450489
0.851485,0.485149,0.443407
0.861386,0.485149,0.434195
0.871287,0.485149,0.42273
0.881188,0.485149,0.408885
0.891089,0.485149,0.392524
0.90099,0.485149,0.373504
0.910891,0.485149,0.351678
0.920792,0.485149,0.326887
0.930693,0.485149,0.298966
0.940594,0.485149,0.26774
0.950495,0.485149,0.233027
0.960396,0.485149,0.194632
0.970297,0.485149,0.152353
0.980198,0.485149,0.105974
0.990099,0.485149,0.0552694
1,0.485149,0
0,0.49505,0
0.00990099,0.49505,-0.0554776
0.019802,0.49505,-0.106373
0.029703,0.49505,-0.152925
0.039604,0.49505,-0.195363
0.049505,0.49505,-0.2339
0.0594059,0.49505,-0.268742
0.0693069,0.49505,-0.300083
0.0792079,0.49505,-0.328107
0.0891089,0.49505,-0.352989
0.0990099,0.49505,-0.374895
0.108911,0.49505,-0.393984
0.118812,0.49505,-0.410404
0.128713,0.49505,-0.424299
0.138614,0.49505,-0.435804
0.148515,0.49505,-0.445049
0.158416,0.49505,-0.452156
0.168317,0.49505,-0.457241
0.178218,0.49505,-0.460416
0.188119,0.49505,-0.461785
0.19802,0.49505,-0.461451
0.207921,0.49505,-0.459508
0.217822,0.49505,-0.456048
0.227723,0.49505,-0.451158
0.237624,0.49505,-0.444919
0.247525,0.49505,-0.437412
0.257426,0.49505,-0.428712
0.267327,0.49505,-0.418889
0.277228,0.49505,-0.408014
0.287129,0.49505,-0.39615
0.29703,0.49505,-0.383361
0.306931,0.49505,-0.369707
0.316832,0.49505,-0.355245
0.326733,0.49505,-0.340029
0.336634,0.49505,-0.324113
0.346535,0.49505,-0.307547
0.356436,0.49505,-0.290379
0.366337,0.49505,-0.272657
0.376238,0.49505,-0.254425
0.386139,0.49505,-0.235728
0.39604,0.49505,-0.216606
0.405941,0.49505,-0.197103
0.415842,0.49505,-0.177256
0.425743,0.49505,-0.157106
0.435644,0.49505,-0.136689
0.445545,0.49505,-0.116044
0.455446,0.49505,-0.0952055
0.465347,0.49505,-0.0742105
0.475248,0.49505,-0.0530939
0.485149,0.49505,-0.0318909
0.49505,0.49505,-0.0106361
0.50495,0.49505,0.0106361
0.514851,0.49505,0.0318909
0.524752,0.49505,0.0530939
0.534653,0.49505,0.0742105
0.544554,0.49505,0.0952055
0.554455,0.49505,0.116044
0.564356,0.49505,0.136689
0.574257,0.49505,0.157106
0.584158,0.49505,0.177256
0.594059,0.49505,0.197103
0.60396,0.49505,0.216606
0.613861,0.49505,0.235728
0.623762,0.49505,0.254425
0.633663,0.49505,0.272657
0.643564,0.49505,0.290379
0.653465,0.49505,0.307547
0.663366,0.49505,0.324113
0.673267,0.49505,0.340029
0.683168,0.49505,0.355245
0.693069,0.49505,0.369707
0.70297,0.49505,0.383361
0.712871,0.49505,0.39615
0.722772,0.49505,0.408014
0.732673,0.49505,0.418889
0.742574,0.49505,0.428712
0.752475,0.49505,0.437412
0.762376,0.49505,0.444919
0.772277,0.49505,0.451158
0.782178,0.49505,0.456048
0.792079,0.49505,0.459508
0.80198,0.49505,0.461451
0.811881,0.49505,0.461785
0.821782,0.49505,0.460416
0.831683,0.49505,0.457241
0.841584,0.49505,0.452156
0.851485,0.49505,0.445049
0.861386,0.49505,0.435804
0.871287,0.49505,0.424299
0.881188,0.49505,0.410404
0.891089,0.49505,0.393984
0.90099,0.49505,0.374895
0.910891,0.49505,0.352989
0.920792,0.49505,0.328107
0.930693,0.49505,0.300083
0.940594,0.49505,0.268742
0.950495,0.49505,0.2339
0.960396,0.49505,0.195363
0.970297,0.49505,0.152925
0.980198,0.49505,0.106373
0.990099,0.49505,0.0554776
1,0.49505,0
0,0.50495,0
0.00990099,0.50495,-0.0554776
0.019802,0.50495,-0.106373
0.029703,0.50495,-0.152925
0.039604,0.50495,-0.195363
0.049505,0.50495,-0.2339
0.0594059,0.50495,-0.268742
0.0693069,0.50495,-0.300083
0.0792079,0.50495,-0.328107
0.0891089,0.50495,-0.352989
0.0990099,0.50495,-0.374895
0.108911,0.50495,-0.393984
0.118812,0.50495,-0.410404
0.128713,0.50495,-0.424299
0.138614,0.50495,-0.435804
0.148515,0.50495,-0.445049
0.158416,0.50495,-0.452156
0.168317,0.50495,-0.457241
0.178218,0.50495,-0.460416
0.188119,0.50495,-0.461785
0.19802,0.50495,-0.461451
0.207921,0.50495,-0.459508
0.217822,0.50495,-0.456048
0.227723,0.50495,-0.451158
0.237624,0.50495,-0.444919
0.247525,0.50495,-0.437412
0.257426,0.50495,-0.428712
0.267327,0.50495,-0.418889
0.277228,0.50495,-0.408014
0.287129,0.50495,-0.39615
0.29703,0.50495,-0.383361
0.306931,0.50495,-0.369707
0.316832,0.50495,-0.355245
0.326733,0.50495,-0.340029
0.336634,0.50495,-0.324113
0.346535,0.50495,-0.307547
0.356436,0.50495,-0.290379
0.366337,0.50495,-0.272657
0.376238,0.50495,-0.254425
0.386139,0.50495,-0.235728
0.39604,0.50495,-0.216606
0.405941,0.50495,-0.197103
0.415842,0.50495,-0.177256
0.425743,0.50495,-0.157106
0.435644,0.50495,-0.136689
0.445545,0.50495,-0.116044
0.455446,0.50495,-0.0952055
0.465347,0.50495,-0.0742105
0.475248,0.50495,-0.0530939
0.485149,0.50495,-0.0318909
0.49505,0.50495,-0.0106361
0.50495,0.50495,0.0106361
0.514851,0.50495,0.0318909
0.524752,0.50495,0.0530939
0.534653,0.50495,0.0742105
0.544554,0.50495,0.0952055
0.554455,0.50495,0.116044
0.564356,0.50495,0.136689
0.574257,0.50495,0.157106
0.584158,0.50495,0.177256
0.594059,0.50495,0.197103
0.60396,0.50495,0.216606
0.613861,0.50495,0.235728
0.623762,0.50495,0.254425
0.633663,0.50495,0.272657
0.643564,0.50495,0.290379
0.653465,0.50495,0.307547
0.663366,0.50495,0.324113
0.673267,0.50495,0.340029
0.683168,0.50495,0.355245
0.693069,0.50495,0.369707
0.70297,0.50495,0.383361
0.712871,0.50495,0.39615
0.722772,0.50495,0.408014
0.732673,0.50495,0.418889
0.742574,0.50495,0.428712
0.752475,0.50495,0.437412
0.762376,0.50495,0.444919
0.772277,0.50495,0.451158
0.782178,0.50495,0.456048
0.792079,0.50495,0.459508
0.80198,0.50495,0.461451
0.811881,0.50495,0.461785
0.821782,0.50495,0.460416
0.831683,0.50495,0.457241
0.841584,0.50495,0.452156
0.851485,0.50495,0.445049
0.861386,0.50495,0.435804
0.871287,0.50495,0.424299
0.881188,0.50495,0.410404
0.891089,0.50495,0.393984
0.90099,0.50495,0.374895
0.910891,0.50495,0.352989
0.920792,0.50495,0.328107
0.930693,0.50495,0.300083
0.940594,0.50495,0.268742
0.950495,0.50495,0.2339
0.960396,0.50495,0.195363
0.970297,0.50495,0.152925
0.980198,0.50495,0.106373
0.990099,0.50495,0.0554776
1,0.50495,0
0,0.514851,0
0.00990099,0.514851,-0.0552694
0.019802,0.514851,-0.105974
0.029703,0.514851,-0.152353
0.039604,0.514851,-0.194632
0.049505,0.514851,-0.233027
0.0594059,0.514851,-0.26774
0.0693069,0.514851,-0.298966
0.0792079,0.514851,-0.326887
0.0891089,0.514851,-0.351678
0.0990099,0.514851,-0.373504
0.108911,0.514851,-0.392524
0.118812,0.514851,-0.408885
0.128713,0.514851,-0.42273
0.138614,0.514851,-0.434195
0.148515,0.514851,-0.443407
0.158416,0.514851,-0.450489
0.168317,0.514851,-0.455558
0.178218,0.514851,-0.458722
0.188119,0.514851,-0.460089
0.19802,0.514851,-0.459757
0.207921,0.514851,-0.457823
0.217822,0.514851,-0.454377
0.227723,0.514851,-0.449506
0.237624,0.514851,-0.443292
0.247525,0.514851,-0.435814
0.257426,0.514851,-0.427146
0.267327,0.514851,-0.417361
0.277228,0.514851,-0.406526
0.287129,0.514851,-0.394707
0.29703,0.514851,-0.381965
0.306931,0.514851,-0.368362
0.316832,0.514851,-0.353953
0.326733,0.514851,-0.338793
0.336634,0.514851,-0.322935
0.346535,0.514851,-0.30643
0.356436,0.514851,-0.289325
0.366337,0.514851,-0.271667
0.376238,0.514851,-0.253502
0.386139,0.514851,-0.234873
0.39604,0.514851,-0.215821
0.405941,0.514851,-0.196388
0.415842,0.514851,-0.176614
0.425743,0.514851,-0.156537
0.435644,0.514851,-0.136194
0.445545,0.514851,-0.115623
0.455446,0.514851,-0.0948607
0.465347,0.514851,-0.0739417
0.475248,0.514851,-0.0529017
0.485149,0.514851,-0.0317754
0.49505,0.514851,-0.0105975
0.50495,0.514851,0.0105975
0.514851,0.514851,0.0317754
0.524752,0.514851,0.0529017
0.534653,0.514851,0.0739417
0.544554,0.514851,0.0948607
0.554455,0.514851,0.115623
0.564356,0.514851,0.136194
0.574257,0.514851,0.156537
0.584158,0.514851,0.176614
0.594059,0.514851,0.196388
0.60396,0.514851,0.215821
0.613861,0.514851,0.234873
0.623762,0.514851,0.253502
0.633663,0.514851,0.271667
0.643564,0.514851,0.289325
0.653465,0.514851,0.30643
0.663366,0.514851,0.322935
0.673267,0.514851,0.338793
0.683168,0.514851,0.353953
0.693069,0.514851,0.368362
0.70297,0.514851,0.381965
0.712871,0.514851,0.394707
0.722772,0.514851,0.406526
0.732673,0.514851,0.417361
0.742574,0.514851,0.427146
0.752475,0.514851,0.435814
0.762376,0.514851,0.443292
0.772277,0.514851,0.449506
0.782178,0.514851,0.454377
0.792079,0.514851,0.457823
0.80198,0.514851,0.459757
0.811881,0.514851,0.460089
0.821782,0.514851,0.458722
0.831683,0.514851,0.455558
0.841584,0.514851,0.450489
0.851485,0.514851,0.443407
0.861386,0.514851,0.434195
0.871287,0.514851,0.42273
0.881188,0.514851,0.408885
0.891089,0.514851,0.392524
0.90099,0.514851,0.373504
0.910891,0.514851,0.351678
0.920792,0.514851,0.326887
0.930693,0.514851,0.298966
0.940594,0.514851,0.26774
0.950495,0.514851,0.233027
0.960396,0.514851,0.194632
0.970297,0.514851,0.152353
0.980198,0.514851,0.105974
0.990099,0.514851,0.0552694
1,0.514851,0
0,0.524752,0
0.00990099,0.524752,-0.0548539
0.019802,0.524752,-0.105179
0.029703,0.524752,-0.151211
0.039604,0.524752,-0.193175
0.049505,0.524752,-0.231284
0.0594059,0.524752,-0.26574
0.0693069,0.524752,-0.296736
0.0792079,0.524752,-0.324451
0.0891089,0.524752,-0.349061
0.0990099,0.524752,-0.370728
0.108911,0.524752,-0.38961
0.118812,0.524752,-0.405853
0.128713,0.524752,-0.4196
0.138614,0.524752,-0.430983
0.148515,0.524752,-0.440131
0.158416,0.524752,-0.447165
0.168317,0.524752,-0.452199
0.178218,0.524752,-0.455344
0.188119,0.524752,-0.456704
0.19802,0.524752,-0.456378
0.207921,0.524752,-0.454461
0.217822,0.524752,-0.451044
0.227723,0.524752,-0.446211
0.237624,0.524752,-0.440045
0.247525,0.524752,-0.432624
0.257426,0.524752,-0.424022
0.267327,0.524752,-0.414311
0.277228,0.524752,-0.403557
0.287129,0.524752,-0.391826
0.29703,0.524752,-0.379179
0.306931,0.524752,-0.365677
0.316832,0.524752,-0.351374
0.326733,0.524752,-0.336326
0.336634,0.524752,-0.320585
0.346535,0.524752,-0.304201
0.356436,0.524752,-0.287221
0.366337,0.524752,-0.269693
0.376238,0.524752,-0.25166
0.386139,0.524752,-0.233167
0.39604,0.524752,-0.214254
0.405941,0.524752,-0.194963
0.415842,0.524752,-0.175332
0.425743,0.524752,-0.155401
0.435644,0.524752,-0.135206
0.445545,0.524752,-0.114785
0.455446,0.524752,-0.0941727
0.465347,0.524752,-0.0734055
0.475248,0.524752,-0.0525181
0.485149,0.524752,-0.031545
0.49505,0.524752,-0.0105207
0.50495,0.524752,0.0105207
0.514851,0.524752,0.031545
0.524752,0.524752,0.0525181
0.534653,0.524752,0.0734055
0.544554,0.524752,0.0941727
0.554455,0.524752,0.114785
0.564356,0.524752,0.135206
0.574257,0.524752,0.155401
0.584158,0.524752,0.175332
0.594059,0.524752,0.194963
0.60396,0.524752,0.214254
0.613861,0.524752,0.233167
0.623762,0.524752,0.25166
0.633663,0.524752,0.269693
0.643564,0.524752,0.287221
0.653465,0.524752,0.304201
0.663366,0.524752,0.320585
0.673267,0.524752,0.336326
0.683168,0.524752,0.351374
0.693069,0.524752,0.365677
0.70297,0.524752,0.379179
0.712871,0.524752,0.391826
0.722772,0.524752,0.403557
0.732673,0.524752,0.414311
0.742574,0.524752,0.424022
0.752475,0.524752,0.432624
0.762376,0.524752,0.440045
0.772277,0.524752,0.446211
0.782178,0.524752,0.451044
0.792079,0.524752,0.454461
0.80198,0.524752,0.456378
0.811881,0.524752,0.456704
0.821782,0.524752,0.455344
0.831683,0.524752,0.452199
0.841584,0.524752,0.447165
0.851485,0.524752,0.440131
0.861386,0.524752,0.430983
0.871287,0.524752,0.4196
0.881188,0.524752,0.405853
0.891089,0.524752,0.38961
0.90099,0.524752,0.370728
0.910891,0.524752,0.349061
0.920792,0.524752,0.324451
0.930693,0.524752,0.296736
0.940594,0.524752,0.26574
0.950495,0.524752,0.231284
0.960396,0.524752,0.193175
0.970297,0.524752,0.151211
0.980198,0.524752,0.105179
0.990099,0.524752,0.0548539
1,0.524752,0
0,0.534653,0
0.00990099,0.534653,-0.054233
0.019802,0.534653,-0.103989
0.029703,0.534653,-0.149503
0.039604,0.534653,-0.190997
0.049505,0.534653,-0.22868
0.0594059,0.534653,-0.262752
0.0693069,0.534653,-0.293402
0.0792079,0.534653,-0.320812
0.0891089,0.534653,-0.34515
0.0990099,0.534653,-0.36658
0.108911,0.534653,-0.385256
0.118812,0.534653,-0.401323
0.128713,0.534653,-0.414922
0.138614,0.534653,-0.426184
0.148515,0.534653,-0.435235
0.158416,0.534653,-0.442196
0.168317,0.534653,-0.44718
0.178218,0.534653,-0.450295
0.188119,0.534653,-0.451645
0.19802,0.534653,-0.451328
0.207921,0.534653,-0.449438
0.217822,0.534653,-0.446062
0.227723,0.534653,-0.441287
0.237624,0.534653,-0.435194
0.247525,0.534653,-0.427858
0.257426,0.534653,-0.419355
0.267327,0.534653,-0.409754
0.277228,0.534653,-0.399121
0.287129,0.534653,-0.387522
0.29703,0.534653,-0.375017
0.306931,0.534653,-0.361665
0.316832,0.534653,-0.347521
0.326733,0.534653,-0.33264
0.336634,0.534653,-0.317074
0.346535,0.534653,-0.30087
0.356436,0.534653,-0.284078
0.366337,0.534653,-0.266742
0.376238,0.534653,-0.248908
0.386139,0.534653,-0.230618
0.39604,0.534653,-0.211912
0.405941,0.534653,-0.192832
0.415842,0.534653,-0.173417
0.425743,0.534653,-0.153704
0.435644,0.534653,-0.13373
0.445545,0.534653,-0.113532
0.455446,0.534653,-0.0931448
0.465347,0.534653,-0.0726043
0.475248,0.534653,-0.0519449
0.485149,0.534653,-0.0312008
0.49505,0.534653,-0.0104059
0.50495,0.534653,0.0104059
0.514851,0.534653,0.0312008
0.524752,0.534653,0.0519449
0.534653,0.534653,0.0726043
0.544554,0.534653,0.0931448
0.554455,0.534653,0.113532
0.564356,0.534653,0.13373
0.574257,0.534653,0.153704
0.584158,0.534653,0.173417
0.594059,0.534653,0.192832
0.60396,0.534653,0.211912
0.613861,0.534653,0.230618
0.623762,0.534653,0.248908
0.633663,0.534653,0.266742
0.643564,0.534653,0.284078
0.653465,0.534653,0.30087
0.663366,0.534653,0.317074
0.673267,0.534653,0.33264
0.683168,0.534653,0.347521
0.693069,0.534653,0.361665
0.70297,0.534653,0.375017
0.712871,0.534653,0.387522
0.722772,0.534653,0.399121
0.732673,0.534653,0.409754
0.742574,0.534653,0.419355
0.752475,0.534653,0.427858
0.762376,0.534653,0.435194
0.772277,0.534653,0.441287
0.782178,0.534653,0.446062
0.792079,0.534653,0.449438
0.80198,0.534653,0.451328
0.811881,0.534653,0.451645
0.821782,0.534653,0.450295
0.831683,0.534653,0.44718
0.841584,0.534653,0.442196
0.851485,0.534653,0.435235
0.861386,0.534653,0.426184
0.871287,0.534653,0.414922
0.881188,0.534653,0.401323
0.891089,0.534653,0.385256
0.90099,0.534653,0.36658
0.910891,0.534653,0.34515
0.920792,0.534653,0.320812
0.930693,0.534653,0.293402
0.940594,0.534653,0.262752
0.950495,0.534653,0.22868
0.960396,0.534653,0.190997
0.970297,0.534653,0.149503
0.980198,0.534653,0.103989
0.990099,0.534653,0.054233
1,0.534653,0
0,0.544554,0
0.00990099,0.544554,-0.0534092
0.019802,0.544554,-0.102412
0.029703,0.544554,-0.147239
0.039604,0.544554,-0.188107
0.049505,0.544554,-0.225225
0.0594059,0.544554,-0.258787
0.0693069,0.544554,-0.288981
0.0792079,0.544554,-0.315984
0.0891089,0.544554,-0.339963
0.0990099,0.544554,-0.361078
0.108911,0.544554,-0.37948
0.118812,0.544554,-0.395314
0.128713,0.544554,-0.408717
0.138614,0.544554,-0.419818
0.148515,0.544554,-0.428742
0.158416,0.544554,-0.435607
0.168317,0.544554,-0.440524
0.178218,0.544554,-0.4436
0.188119,0.544554,-0.444937
0.19802,0.544554,-0.444631
0.207921,0.544554,-0.442775
0.217822,0.544554,-0.439456
0.227723,0.544554,-0.434758
0.237624,0.544554,-0.42876
0.247525,0.544554,-0.421539
0.257426,0.544554,-0.413166
0.267327,0.544554,-0.403711
0.277228,0.544554,-0.393239
0.287129,0.544554,-0.381815
0.29703,0.544554,-0.369498
0.306931,0.544554,-0.356345
0.316832,0.544554,-0.342413
0.326733,0.544554,-0.327753
0.336634,0.544554,-0.312417
0.346535,0.544554,-0.296454
0.356436,0.544554,-0.27991
0.366337,0.544554,-0.26283
0.376238,0.544554,-0.245259
0.386139,0.544554,-0.227238
0.39604,0.544554,-0.208808
0.405941,0.544554,-0.190008
0.415842,0.544554,-0.170878
0.425743,0.544554,-0.151453
0.435644,0.544554,-0.131772
0.445545,0.544554,-0.11187
0.455446,0.544554,-0.0917818
0.465347,0.544554,-0.0715421
0.475248,0.544554,-0.051185
0.485149,0.544554,-0.0307443
0.49505,0.544554,-0.0102537
0.50495,0.544554,0.0102537
0.514851,0.544554,0.0307443
0.524752,0.544554,0.051185
0.534653,0.544554,0.0715421
0.544554,0.544554,0.0917818
0.554455,0.544554,0.11187
0.564356,0.544554,0.131772
0.574257,0.544554,0.151453
0.584158,0.544554,0.170878
0.594059,0.544554,0.190008
0.60396,0.544554,0.208808
0.613861,0.544554,0.227238
0.623762,0.544554,0.245259
0.633663,0.544554,0.26283
0.643564,0.544554,0.27991
0.653465,0.544554,0.296454
0.663366,0.544554,0.312417
0.673267,0.544554,0.327753
0.683168,0.544554,0.342413
0.693069,0.544554,0.356345
0.70297,0.544554,0.369498
0.712871,0.544554,0.381815
0.722772,0.544554,0.393239
0.732673,0.544554,0.403711
0.742574,0.544554,0.413166
0.752475,0.544554,0.421539
0.762376,0.544554,0.42876
0.772277,0.544554,0.434758
0.782178,0.544554,0.439456
0.792079,0.544554,0.442775
0.80198,0.544554,0.444631
0.811881,0.544554,0.444937
0.821782,0.544554,0.4436
0.831683,0.544554,0.440524
0.841584,0.544554,0.435607
0.851485,0.544554,0.428742
0.861386,0.544554,0.419818
0.871287,0.544554,0.408717
0.881188,0.544554,0.395314
0.891089,0.544554,0.37948
0.90099,0.544554,0.361078
0.910891,0.544554,0.339963
0.920792,0.544554,0.315984
0.930693,0.544554,0.288981
0.940594,0.544554,0.258787
0.950495,0.544554,0.225225
0.960396,0.544554,0.188107
0.970297,0.544554,0.147239
0.980198,0.544554,0.102412
0.990099,0.544554,0.0534092
1,0.544554,0
0,0.554455,0
0.00990099,0.554455,-0.0523862
0.019802,0.554455,-0.100453
0.029703,0.554455,-0.144426
0.039604,0.554455,-0.184519
0.049505,0.554455,-0.220934
0.0594059,0.554455,-0.253864
0.0693069,0.554455,-0.283492
0.0792079,0.554455,-0.309989
0.0891089,0.554455,-0.333522
0.0990099,0.554455,-0.354246
0.108911,0.554455,-0.37231
0.118812,0.554455,-0.387854
0.128713,0.554455,-0.401014
0.138614,0.554455,-0.411916
0.148515,0.554455,-0.420682
0.158416,0.554455,-0.427427
0.168317,0.554455,-0.432261
0.178218,0.554455,-0.435289
0.188119,0.554455,-0.43661
0.19802,0.554455,-0.436318
0.207921,0.554455,-0.434505
0.217822,0.554455,-0.431256
0.227723,0.554455,-0.426653
0.237624,0.554455,-0.420774
0.247525,0.554455,-0.413694
0.257426,0.554455,-0.405483
0.267327,0.554455,-0.39621
0.277228,0.554455,-0.385939
0.287129,0.554455,-0.374731
0.29703,0.554455,-0.362647
0.306931,0.554455,-0.349743
0.316832,0.554455,-0.336072
0.326733,0.554455,-0.321687
0.336634,0.554455,-0.306638
0.346535,0.554455,-0.290973
0.356436,0.554455,-0.274737
0.366337,0.554455,-0.257975
0.376238,0.554455,-0.24073
0.386139,0.554455,-0.223043
0.39604,0.554455,-0.204955
0.405941,0.554455,-0.186503
0.415842,0.554455,-0.167726
0.425743,0.554455,-0.148661
0.435644,0.554455,-0.129343
0.445545,0.554455,-0.109808
0.455446,0.554455,-0.0900903
0.465347,0.554455,-0.0702237
0.475248,0.554455,-0.0502418
0.485149,0.554455,-0.0301779
0.49505,0.554455,-0.0100647
0.50495,0.554455,0.0100647
0.514851,0.554455,0.0301779
0.524752,0.554455,0.0502418
0.534653,0.554455,0.0702237
0.544554,0.554455,0.0900903
0.554455,0.554455,0.109808
0.564356,0.554455,0.129343
0.574257,0.554455,0.148661
0.584158,0.554455,0.167726
0.594059,0.554455,0.186503
0.60396,0.554455,0.204955
0.613861,0.554455,0.223043
0.623762,0.554455,0.24073
0.633663,0.554455,0.257975
0.643564,0.554455,0.274737
0.653465,0.554455,0.290973
0.663366,0.554455,0.306638
0.673267,0.554455,0.321687
0.683168,0.554455,0.336072
0.693069,0.554455,0.349743
0.70297,0.554455,0.362647
0.712871,0.554455,0.374731
0.722772,0.554455,0.385939
0.732673,0.554455,0.39621
0.742574,0.554455,0.405483
0.752475,0.554455,0.413694
0.762376,0.554455,0.420774
0.772277,0.554455,0.426653
0.782178,0.554455,0.431256
0.792079,0.554455,0.434505
0.80198,0.554455,0.436318
0.811881,0.554455,0.43661
0.821782,0.554455,0.435289
0.831683,0.554455,0.432261
0.841584,0.554455,0.427427
0.851485,0.554455,0.420682
0.861386,0.554455,0.411916
0.871287,0.554455,0.401014
0.881188,0.554455,0.387854
0.891089,0.554455,0.37231
0.90099,0.554455,0.354246
0.910891,0.554455,0.333522
0.920792,0.554455,0.309989
0.930693,0.554455,0.283492
0.940594,0.554455,0.253864
0.950495,0.554455,0.220934
0.960396,0.554455,0.184519
0.970297,0.554455,0.144426
0.980198,0.554455,0.100453
0.990099,0.554455,0.0523862
1,0.554455,0
0,0.564356,0
0.00990099,0.564356,-0.0511683
0.019802,0.564356,-0.0981211
0.029703,0.564356,-0.141078
0.039604,0.564356,-0.180248
0.049505,0.564356,-0.215828
0.0594059,0.564356,-0.248005
0.0693069,0.564356,-0.276958
0.0792079,0.564356,-0.302855
0.0891089,0.564356,-0.325857
0.0990099,0.564356,-0.346116
0.108911,0.564356,-0.363776
0.118812,0.564356,-0.378977
0.128713,0.564356,-0.391847
0.138614,0.564356,-0.402512
0.148515,0.564356,-0.41109
0.158416,0.564356,-0.417693
0.168317,0.564356,-0.422429
0.178218,0.564356,-0.4254
0.188119,0.564356,-0.426702
0.19802,0.564356,-0.426428
0.207921,0.564356,-0.424666
0.217822,0.564356,-0.421501
0.227723,0.564356,-0.417011
0.237624,0.564356,-0.411274
0.247525,0.564356,-0.404362
0.257426,0.564356,-0.396344
0.267327,0.564356,-0.387287
0.277228,0.564356,-0.377254
0.287129,0.564356,-0.366305
0.29703,0.564356,-0.354498
0.306931,0.564356,-0.341889
0.316832,0.564356,-0.32853
0.326733,0.564356,-0.314472
0.336634,0.564356,-0.299764
0.346535,0.564356,-0.284453
0.356436,0.564356,-0.268584
0.366337,0.564356,-0.2522
0.376238,0.564356,-0.235343
0.386139,0.564356,-0.218054
0.39604,0.564356,-0.200371
0.405941,0.564356,-0.182333
0.415842,0.564356,-0.163977
0.425743,0.564356,-0.145339
0.435644,0.564356,-0.126453
0.445545,0.564356,-0.107355
0.455446,0.564356,-0.0880783
0.465347,0.564356,-0.0686555
0.475248,0.564356,-0.04912
0.485149,0.564356,-0.0295041
0.49505,0.564356,-0.00984003
0.50495,0.564356,0.00984003
0.514851,0.564356,0.0295041
0.524752,0.564356,0.04912
0.534653,0.564356,0.0686555
0.544554,0.564356,0.0880783
0.554455,0.564356,0.107355
0.564356,0.564356,0.126453
0.574257,0.564356,0.145339
0.584158,0.564356,0.163977
0.594059,0.564356,0.182333
0.60396,0.564356,0.200371
0.613861,0.564356,0.218054
0.623762,0.564356,0.235343
0.633663,0.564356,0.2522
0.643564,0.564356,0.268584
0.653465,0.564356,0.284453
0.663366,0.564356,0.299764
0.673267,0.564356,0.314472
0.683168,0.564356,0.32853
0.693069,0.564356,0.341889
0.70297,0.564356,0.354498
0.712871,0.564356,0.366305
0.722772,0.564356,0.377254
0.732673,0.564356,0.387287
0.742574,0.564356,0.396344
0.752475,0.564356,0.404362
0.762376,0.564356,0.411274
0.772277,0.564356,0.417011
0.782178,0.564356,0.421501
0.792079,0.564356,0.424666
0.80198,0.564356,0.426428
0.811881,0.564356,0.426702
0.821782,0.564356,0.4254
0.831683,0.564356,0.422429
0.841584,0.564356,0.417693
0.851485,0.564356,0.41109
0.861386,0.564356,0.402512
0.871287,0.564356,0.391847
0.881188,0.564356,0.378977
0.891089,0.564356,0.363776
0.90099,0.564356,0.346116
0.910891,0.564356,0.325857
0.920792,0.564356,0.302855
0.930693,0.564356,0.276958
0.940594,0.564356,0.248005
0.950495,0.564356,0.215828
0.960396,0.564356,0.180248
0.970297,0.564356,0.141078
0.980198,0.564356,0.0981211
0.990099,0.564356,0.0511683
1,0.564356,0
0,0.574257,0
0.00990099,0.574257,-0.0497609
0.019802,0.574257,-0.0954263
0.029703,0.574257,-0.137209
0.039604,0.574257,-0.175312
0.049505,0.574257,-0.209927
0.0594059,0.574257,-0.241235
0.0693069,0.574257,-0.269409
0.0792079,0.574257,-0.294612
0.0891089,0.574257,-0.317001
0.0990099,0.574257,-0.336723
0.108911,0.574257,-0.353919
0.118812,0.574257,-0.368722
0.128713,0.574257,-0.381259
0.138614,0.574257,-0.39165
0.148515,0.574257,-0.400011
0.158416,0.574257,-0.406451
0.168317,0.574257,-0.411074
0.178218,0.574257,-0.413978
0.188119,0.574257,-0.415259
0.19802,0.574257,-0.415006
0.207921,0.574257,-0.413304
0.217822,0.574257,-0.410235
0.227723,0.574257,-0.405877
0.237624,0.574257,-0.400303
0.247525,0.574257,-0.393586
0.257426,0.574257,-0.385791
0.267327,0.574257,-0.376984
0.277228,0.574257,-0.367225
0.287129,0.574257,-0.356575
0.29703,0.574257,-0.345088
0.306931,0.574257,-0.33282
0.316832,0.574257,-0.319821
0.326733,0.574257,-0.306141
0.336634,0.574257,-0.291827
0.346535,0.574257,-0.276925
0.356436,0.574257,-0.26148
0.366337,0.574257,-0.245532
0.376238,0.574257,-0.229123
0.386139,0.574257,-0.212293
0.39604,0.574257,-0.19508
0.405941,0.574257,-0.17752
0.415842,0.574257,-0.159649
0.425743,0.574257,-0.141504
0.435644,0.574257,-0.123117
0.445545,0.574257,-0.104524
0.455446,0.574257,-0.0857554
0.465347,0.574257,-0.0668451
0.475248,0.574257,-0.0478248
0.485149,0.574257,-0.0287262
0.49505,0.574257,-0.0095806
0.50495,0.574257,0.0095806
0.514851,0.574257,0.0287262
0.524752,0.574257,0.0478248
0.534653,0.574257,0.0668451
0.544554,0.574257,0.0857554
0.554455,0.574257,0.104524
0.564356,0.574257,0.123117
0.574257,0.574257,0.141504
0.584158,0.574257,0.159649
0.594059,0.574257,0.17752
0.60396,0.574257,0.19508
0.613861,0.574257,0.212293
0.623762,0.574257,0.229123
0.633663,0.574257,0.245532
0.643564,0.574257,0.26148
0.653465,0.574257,0.276925
0.663366,0.574257,0.291827
0.673267,0.574257,0.306141
0.683168,0.574257,0.319821
0.693069,0.574257,0.33282
0.70297,0.574257,0.345088
0.712871,0.574257,0.356575
0.722772,0.574257,0.367225
0.732673,0.574257,0.376984
0.742574,0.574257,0.385791
0.752475,0.574257,0.393586
0.762376,0.574257,0.400303
0.772277,0.574257,0.405877
0.782178,0.574257,0.410235
0.792079,0.574257,0.413304
0.80198,0.574257,0.415006
0.811881,0.574257,0.415259
0.821782,0.574257,0.413978
0.831683,0.574257,0.411074
0.841584,0.574257,0.406451
0.851485,0.574257,0.400011
0.861386,0.574257,0.39165
0.871287,0.574257,0.381259
0.881188,0.574257,0.368722
0.891089,0.574257,0.353919
0.90099,0.574257,0.336723
0.910891,0.574257,0.317001
0.920792,0.574257,0.294612
0.930693,0.574257,0.269409
0.940594,0.574257,0.241235
0.950495,0.574257,0.209927
0.960396,0.574257,0.175312
0.970297,0.574257,0.137209
0.980198,0.574257,0.0954263
0.990099,0.574257,0.0497609
1,0.574257,0
0,0.584158,0
0.00990099,0.584158,-0.04817
0.019802,0.584158,-0.0923804
0.029703,0.584158,-0.132837
0.039604,0.584158,-0.169735
0.049505,0.584158,-0.203259
0.0594059,0.584158,-0.233584
0.0693069,0.584158,-0.260878
0.0792079,0.584158,-0.285298
0.0891089,0.584158,-0.306995
0.0990099,0.584158,-0.326111
0.108911,0.584158,-0.342782
0.118812,0.584158,-0.357136
0.128713,0.584158,-0.369297
0.138614,0.584158,-0.37938
0.148515,0.584158,-0.387496
0.158416,0.584158,-0.393752
0.168317,0.584158,-0.398247
0.178218,0.584158,-0.401078
0.188119,0.584158,-0.402335
0.19802,0.584158,-0.402105
0.207921,0.584158,-0.400471
0.217822,0.584158,-0.397511
0.227723,0.584158,-0.393302
0.237624,0.584158,-0.387914
0.247525,0.584158,-0.381416
0.257426,0.584158,-0.373874
0.267327,0.584158,-0.365349
0.277228,0.584158,-0.355901
0.287129,0.584158,-0.345588
0.29703,0.584158,-0.334464
0.306931,0.584158,-0.32258
0.316832,0.584158,-0.309988
0.326733,0.584158,-0.296734
0.336634,0.584158,-0.282865
0.346535,0.584158,-0.268426
0.356436,0.584158,-0.253458
0.366337,0.584158,-0.238004
0.376238,0.584158,-0.222101
0.386139,0.584158,-0.205789
0.39604,0.584158,-0.189105
0.405941,0.584158,-0.172085
0.415842,0.584158,-0.154763
0.425743,0.584158,-0.137174
0.435644,0.584158,-0.119351
0.445545,0.584158,-0.101327
0.455446,0.584158,-0.0831328
0.465347,0.584158,-0.0648011
0.475248,0.584158,-0.0463626
0.485149,0.584158,-0.0278479
0.49505,0.584158,-0.00928769
0.50495,0.584158,0.00928769
0.514851,0.584158,0.0278479
0.524752,0.584158,0.0463626
0.534653,0.584158,0.0648011
0.544554,0.584158,0.0831328
0.554455,0.584158,0.101327
0.564356,0.584158,0.119351
0.574257,0.584158,0.137174
0.584158,0.584158,0.154763
0.594059,0.584158,0.172085
0.60396,0.584158,0.189105
0.613861,0.584158,0.205789
0.623762,0.584158,0.222101
0.633663,0.584158,0.238004
0.643564,0.584158,0.253458
0.653465,0.584158,0.268426
0.663366,0.584158,0.282865
0.673267,0.584158,0.296734
0.683168,0.584158,0.309988
0.693069,0.584158,0.32258
0.70297,0.584158,0.334464
0.712871,0.584158,0.345588
0.722772,0.584158,0.355901
0.732673,0.584158,0.365349
0.742574,0.584158,0.373874
0.752475,0.584158,0.381416
0.762376,0.584158,0.387914
0.772277,0.584158,0.393302
0.782178,0.584158,0.397511
0.792079,0.584158,0.400471
0.80198,0.584158,0.402105
0.811881,0.584158,0.402335
0.821782,0.584158,0.401078
0.831683,0.584158,0.398247
0.841584,0.584158,0.393752
0.851485,0.584158,0.387496
0.861386,0.584158,0.37938
0.871287,0.584158,0.369297
0.881188,0.584158,0.357136
0.891089,0.584158,0.342782
0.90099,0.584158,0.326111
0.910891,0.584158,0.306995
0.920792,0.584158,0.285298
0.930693,0.584158,0.260878
0.940594,0.584158,0.233584
0.950495,0.584158,0.203259
0.960396,0.584158,0.169735
0.970297,0.584158,0.132837
0.980198,0.584158,0.0923804
0.990099,0.584158,0.04817
1,0.584158,0
0,0.594059,0
0.00990099,0.594059,-0.0464026
0.019802,0.594059,-0.0889967
0.029703,0.594059,-0.12798
0.039604,0.594059,-0.163539
0.049505,0.594059,-0.195852
0.0594059,0.594059,-0.225087
0.0693069,0.594059,-0.251404
0.0792079,0.594059,-0.274955
0.0891089,0.594059,-0.295884
0.0990099,0.594059,-0.314328
0.108911,0.594059,-0.330416
0.118812,0.594059,-0.344273
0.128713,0.594059,-0.356016
0.138614,0.594059,-0.365758
0.148515,0.594059,-0.373603
0.158416,0.594059,-0.379655
0.168317,0.594059,-0.38401
0.178218,0.594059,-0.386759
0.188119,0.594059,-0.38799
0.19802,0.594059,-0.387786
0.207921,0.594059,-0.386228
0.217822,0.594059,-0.383391
0.227723,0.594059,-0.379346
0.237624,0.594059,-0.374165
0.247525,0.594059,-0.367911
0.257426,0.594059,-0.360649
0.267327,0.594059,-0.352438
0.277228,0.594059,-0.343335
0.287129,0.594059,-0.333397
0.29703,0.594059,-0.322674
0.306931,0.594059,-0.311218
0.316832,0.594059,-0.299077
0.326733,0.594059,-0.286297
0.336634,0.594059,-0.272922
0.346535,0.594059,-0.258996
0.356436,0.594059,-0.244559
0.366337,0.594059,-0.229651
0.376238,0.594059,-0.21431
0.386139,0.594059,-0.198573
0.39604,0.594059,-0.182477
0.405941,0.594059,-0.166055
0.415842,0.594059,-0.149342
0.425743,0.594059,-0.13237
0.435644,0.594059,-0.115172
0.445545,0.594059,-0.0977797
0.455446,0.594059,-0.0802232
0.465347,0.594059,-0.0625334
0.475248,0.594059,-0.0447403
0.485149,0.594059,-0.0268735
0.49505,0.594059,-0.00896274
0.50495,0.594059,0.00896274
0.514851,0.594059,0.0268735
0.524752,0.594059,0.0447403
0.534653,0.594059,0.0625334
0.544554,0.594059,0.0802232
0.554455,0.594059,0.0977797
0.564356,0.594059,0.115172
0.574257,0.594059,0.13237
0.584158,0.594059,0.149342
0.594059,0.594059,0.166055
0.60396,0.594059,0.182477
0.613861,0.594059,0.198573
0.623762,0.594059,0.21431
0.633663,0.594059,0.229651
0.643564,0.594059,0.244559
0.653465,0.594059,0.258996
0.663366,0.594059,0.272922
0.673267,0.594059,0.286297
0.683168,0.594059,0.299077
0.693069,0.594059,0.311218
0.70297,0.594059,0.322674
0.712871,0.594059,0.333397
0.722772,0.594059,0.343335
0.732673,0.594059,0.352438
0.742574,0.594059,0.360649
0.752475,0.594059,0.367911
0.762376,0.594059,0.374165
0.772277,0.594059,0.379346
0.782178,0.594059,0.383391
0.792079,0.594059,0.386228
0.80198,0.594059,0.387786
0.811881,0.594059,0.38799
0.821782,0.594059,0.386759
0.831683,0.594059,0.38401
0.841584,0.594059,0.379655
0.851485,0.594059,0.373603
0.861386,0.594059,0.365758
0.871287,0.594059,0.356016
0.881188,0.594059,0.344273
0.891089,0.594059,0.330416
0.90099,0.594059,0.314328
0.910891,0.594059,0.295884
0.920792,0.594059,0.274955
0.930693,0.594059,0.251404
0.940594,0.594059,0.225087
0.950495,0.594059,0.195852
0.960396,0.594059,0.163539
0.970297,0.594059,0.12798
0.980198,0.594059,0.0889967
0.990099,0.594059,0.0464026
1,0.594059,0
0,0.60396,0
0.00990099,0.60396,-0.0444665
0.019802,0.60396,-0.0852902
0.029703,0.60396,-0.12266
0.039604,0.60396,-0.156753
0.049505,0.60396,-0.187741
0.0594059,0.60396,-0.215782
0.0693069,0.60396,-0.24103
0.0792079,0.60396,-0.26363
0.0891089,0.60396,-0.283718
0.0990099,0.60396,-0.301427
0.108911,0.60396,-0.316878
0.118812,0.60396,-0.330191
0.128713,0.60396,-0.341479
0.138614,0.60396,-0.350847
0.148515,0.60396,-0.358397
0.158416,0.60396,-0.364226
0.168317,0.60396,-0.368427
0.178218,0.60396,-0.371088
0.188119,0.60396,-0.372291
0.19802,0.60396,-0.372117
0.207921,0.60396,-0.370642
0.217822,0.60396,-0.367939
0.227723,0.60396,-0.364077
0.237624,0.60396,-0.359121
0.247525,0.60396,-0.353135
0.257426,0.60396,-0.34618
0.267327,0.60396,-0.338312
0.277228,0.60396,-0.329588
0.287129,0.60396,-0.320059
0.29703,0.60396,-0.309776
0.306931,0.60396,-0.298788
0.316832,0.60396,-0.287141
0.326733,0.60396,-0.274879
0.336634,0.60396,-0.262045
0.346535,0.60396,-0.24868
0.356436,0.60396,-0.234823
0.366337,0.60396,-0.220514
0.376238,0.60396,-0.205787
0.386139,0.60396,-0.19068
0.39604,0.60396,-0.175226
0.405941,0.60396,-0.159459
0.415842,0.60396,-0.143412
0.425743,0.60396,-0.127116
0.435644,0.60396,-0.110602
0.445545,0.60396,-0.0939001
0.455446,0.60396,-0.0770408
0.465347,0.60396,-0.0600531
0.475248,0.60396,-0.0429659
0.485149,0.60396,-0.0258078
0.49505,0.60396,-0.00860731
0.50495,0.60396,0.00860731
0.514851,0.60396,0.0258078
0.524752,0.60396,0.0429659
0.534653,0.60396,0.0600531
0.544554,0.60396,0.0770408
0.554455,0.60396,0.0939001
0.564356,0.60396,0.110602
0.574257,0.60396,0.127116
0.584158,0.60396,0.143412
0.594059,0.60396,0.159459
0.60396,0.60396,0.175226
0.613861,0.60396,0.19068
0.623762,0.60396,0.205787
0.633663,0.60396,0.220514
0.643564,0.60396,0.234823
0.653465,0.60396,0.24868
0.663366,0.60396,0.262045
0.673267,0.60396,0.274879
0.683168,0.60396,0.287141
0.693069,0.60396,0.298788
0.70297,0.60396,0.309776
0.712871,0.60396,0.320059
0.722772,0.60396,0.329588
0.732673,0.60396,0.338312
0.742574,0.60396,0.34618
0.752475,0.60396,0.353135
0.762376,0.60396,0.359121
0.772277,0.60396,0.364077
0.782178,0.60396,0.367939
0.792079,0.60396,0.370642
0.80198,0.60396,0.372117
0.811881,0.60396,0.372291
0.821782,0.60396,0.371088
0.831683,0.60396,0.368427
0.841584,0.60396,0.364226
0.851485,0.60396,0.358397
0.861386,0.60396,0.350847
0.871287,0.60396,0.341479
0.881188,0.60396,0.330191
0.891089,0.60396,0.316878
0.90099,0.60396,0.301427
0.910891,0.60396,0.283718
0.920792,0.60396,0.26363
0.930693,0.60396,0.24103
0.940594,0.60396,0.215782
0.950495,0.60396,0.187741
0.960396,0.60396,0.156753
0.970297,0.60396,0.12266
0.980198,0.60396,0.0852902
0.990099,0.60396,0.0444665
1,0.60396,0
0,0.613861,0
0.00990099,0.613861,-0.0423701
0.019802,0.613861,-0.0812772
0.029703,0.613861,-0.1169
0.039604,0.613861,-0.149407
0.049505,0.613861,-0.17896
0.0594059,0.613861,-0.20571
0.0693069,0.613861,-0.229803
0.0792079,0.613861,-0.251374
0.0891089,0.613861,-0.270554
0.0990099,0.613861,-0.287467
0.108911,0.613861,-0.30223
0.118812,0.613861,-0.314956
0.128713,0.613861,-0.325751
0.138614,0.613861,-0.334716
0.148515,0.613861,-0.341948
0.158416,0.613861,-0.347538
0.168317,0.613861,-0.351574
0.178218,0.613861,-0.354139
0.188119,0.613861,-0.355313
0.19802,0.613861,-0.355172
0.207921,0.613861,-0.353789
0.217822,0.613861,-0.351231
0.227723,0.613861,-0.347565
0.237624,0.613861,-0.342854
0.247525,0.613861,-0.337159
0.257426,0.613861,-0.330536
0.267327,0.613861,-0.32304
0.277228,0.613861,-0.314725
0.287129,0.613861,-0.30564
0.29703,0.613861,-0.295833
0.306931,0.613861,-0.285351
0.316832,0.613861,-0.274238
0.326733,0.613861,-0.262536
0.336634,0.613861,-0.250287
0.346535,0.613861,-0.237529
0.356436,0.613861,-0.2243
0.366337,0.613861,-0.210637
0.376238,0.613861,-0.196575
0.386139,0.613861,-0.182148
0.39604,0.613861,-0.167389
0.405941,0.613861,-0.15233
0.415842,0.613861,-0.137002
0.425743,0.613861,-0.121436
0.435644,0.613861,-0.105661
0.445545,0.613861,-0.0897067
0.455446,0.613861,-0.073601
0.465347,0.613861,-0.0573722
0.475248,0.613861,-0.041048
0.485149,0.613861,-0.0246559
0.49505,0.613861,-0.00822314
0.50495,0.613861,0.00822314
0.514851,0.613861,0.0246559
0.524752,0.613861,0.041048
0.534653,0.613861,0.0573722
0.544554,0.613861,0.073601
0.554455,0.613861,0.0897067
0.564356,0.613861,0.105661
0.574257,0.613861,0.121436
0.584158,0.613861,0.137002
0.594059,0.613861,0.15233
0.60396,0.613861,0.167389
0.613861,0.613861,0.182148
0.623762,0.613861,0.196575
0.633663,0.613861,0.210637
0.643564,0.613861,0.2243
0.653465,0.613861,0.237529
0.663366,0.613861,0.250287
0.673267,0.613861,0.262536
0.683168,0.613861,0.274238
0.693069,0.613861,0.285351
0.70297,0.613861,0.295833
0.712871,0.613861,0.30564
0.722772,0.613861,0.314725
0.732673,0.613861,0.32304
0.742574,0.613861,0.330536
0.752475,0.613861,0.337159
0.762376,0.613861,0.342854
0.772277,0.613861,0.347565
0.782178,0.613861,0.351231
0.792079,0.613861,0.353789
0.80198,0.613861,0.355172
0.811881,0.613861,0.355313
0.821782,0.613861,0.354139
0.831683,0.613861,0.351574
0.841584,0.613861,0.347538
0.851485,0.613861,0.341948
0.861386,0.613861,0.334716
0.871287,0.613861,0.325751
0.881188,0.613861,0.314956
0.891089,0.613861,0.30223
0.90099,0.613861,0.287467
0.910891,0.613861,0.270554
0.920792,0.613861,0.251374
0.930693,0.613861,0.229803
0.940594,0.613861,0.20571
0.950495,0.613861,0.17896
0.960396,0.613861,0.149407
0.970297,0.613861,0.1169
0.980198,0.613861,0.0812772
0.990099,0.613861,0.0423701
1,0.613861,0
0,0.623762,0
0.00990099,0.623762,-0.0401228
0.019802,0.623762,-0.0769757
0.029703,0.623762,-0.110727
0.039604,0.623762,-0.141535
0.049505,0.623762,-0.169551
0.0594059,0.623762,-0.194918
0.0693069,0.623762,-0.217772
0.0792079,0.623762,-0.238242
0.0891089,0.623762,-0.25645
0.0990099,0.623762,-0.272513
0.108911,0.623762,-0.286541
0.118812,0.623762,-0.298639
0.128713,0.623762,-0.308908
0.138614,0.623762,-0.317442
0.148515,0.623762,-0.324334
0.158416,0.623762,-0.329668
0.168317,0.623762,-0.333529
0.178218,0.623762,-0.335993
0.188119,0.623762,-0.337137
0.19802,0.623762,-0.337032
0.207921,0.623762,-0.335747
0.217822,0.623762,-0.333346
0.227723,0.623762,-0.329892
0.237624,0.623762,-0.325444
0.247525,0.623762,-0.32006
0.257426,0.623762,-0.313793
0.267327,0.623762,-0.306696
0.277228,0.623762,-0.298819
0.287129,0.623762,-0.290209
0.29703,0.623762,-0.280912
0.306931,0.623762,-0.270972
0.316832,0.623762,-0.260431
0.326733,0.623762,-0.249329
0.336634,0.623762,-0.237706
0.346535,0.623762,-0.225597
0.356436,0.623762,-0.21304
0.366337,0.623762,-0.20007
0.376238,0.623762,-0.186719
0.386139,0.623762,-0.17302
0.39604,0.623762,-0.159004
0.405941,0.623762,-0.144703
0.415842,0.623762,-0.130145
0.425743,0.623762,-0.11536
0.435644,0.623762,-0.100376
0.445545,0.623762,-0.0852204
0.455446,0.623762,-0.0699208
0.465347,0.623762,-0.0545039
0.475248,0.623762,-0.0389961
0.485149,0.623762,-0.0234235
0.49505,0.623762,-0.00781214
0.50495,0.623762,0.00781214
0.514851,0.623762,0.0234235
0.524752,0.623762,0.0389961
0.534653,0.623762,0.0545039
0.544554,0.623762,0.0699208
0.554455,0.623762,0.0852204
0.564356,0.623762,0.100376
0.574257,0.623762,0.11536
0.584158,0.623762,0.130145
0.594059,0.623762,0.144703
0.60396,0.623762,0.159004
0.613861,0.623762,0.17302
0.623762,0.623762,0.186719
0.633663,0.623762,0.20007
0.643564,0.623762,0.21304
0.653465,0.623762,0.225597
0.663366,0.623762,0.237706
0.673267,0.623762,0.249329
0.683168,0.623762,0.260431
0.693069,0.623762,0.270972
0.70297,0.623762,0.280912
0.712871,0.623762,0.290209
0.722772,0.623762,0.298819
0.732673,0.623762,0.306696
0.742574,0.623762,0.313793
0.752475,0.623762,0.32006
0.762376,0.623762,0.325444
0.772277,0.623762,0.329892
0.782178,0.623762,0.333346
0.792079,0.623762,0.335747
0.80198,0.623762,0.337032
0.811881,0.623762,0.337137
0.821782,0.623762,0.335993
0.831683,0.623762,0.333529
0.841584,0.623762,0.329668
0.851485,0.623762,0.324334
0.861386,0.623762,0.317442
0.871287,0.623762,0.308908
0.881188,0.623762,0.298639
0.891089,0.623762,0.286541
0.90099,0.623762,0.272513
0.910891,0.623762,0.25645
0.920792,0.623762,0.238242
0.930693,0.623762,0.217772
0.940594,0.623762,0.194918
0.950495,0.623762,0.169551
0.960396,0.623762,0.141535
0.970297,0.623762,0.110727
0.980198,0.623762,0.0769757
0.990099,0.623762,0.0401228
1,0.623762,0
0,0.633663,0
0.00990099,0.633663,-0.0377345
0.019802,0.633663,-0.0724047
0.029703,0.633663,-0.104167
0.039604,0.633663,-0.133171
0.049505,0.633663,-0.159556
0.0594059,0.633663,-0.183455
0.0693069,0.633663,-0.204995
0.0792079,0.633663,-0.224297
0.0891089,0.633663,-0.241474
0.0990099,0.633663,-0.256635
0.108911,0.633663,-0.269883
0.118812,0.633663,-0.281316
0.128713,0.633663,-0.291027
0.138614,0.633663,-0.299106
0.148515,0.633663,-0.305638
0.158416,0.633663,-0.310703
0.168317,0.633663,-0.314378
0.178218,0.633663,-0.316737
0.188119,0.633663,-0.317851
0.19802,0.633663,-0.317785
0.207921,0.633663,-0.316605
0.217822,0.633663,-0.314371
0.227723,0.633663,-0.311142
0.237624,0.633663,-0.306975
0.247525,0.633663,-0.301921
0.257426,0.633663,-0.296033
0.267327,0.633663,-0.28936
0.277228,0.633663,-0.281948
0.287129,0.633663,-0.273843
0.29703,0.633663,-0.265087
0.306931,0.633663,-0.255722
0.316832,0.633663,-0.245788
0.326733,0.633663,-0.235323
0.336634,0.633663,-0.224363
0.346535,0.633663,-0.212944
0.356436,0.633663,-0.2011
0.366337,0.633663,-0.188864
0.376238,0.633663,-0.176267
0.386139,0.633663,-0.16334
0.39604,0.633663,-0.150113
0.405941,0.633663,-0.136615
0.415842,0.633663,-0.122873
0.425743,0.633663,-0.108917
0.435644,0.633663,-0.0947713
0.445545,0.633663,-0.0804633
0.455446,0.633663,-0.0660186
0.465347,0.633663,-0.0514626
0.475248,0.633663,-0.0368204
0.485149,0.633663,-0.0221168
0.49505,0.633663,-0.00737633
0.50495,0.633663,0.00737633
0.514851,0.633663,0.0221168
0.524752,0.633663,0.0368204
0.534653,0.633663,0.0514626
0.544554,0.633663,0.0660186
0.554455,0.633663,0.0804633
0.564356,0.633663,0.0947713
0.574257,0.633663,0.108917
0.584158,0.633663,0.122873
0.594059,0.633663,0.136615
0.60396,0.633663,0.150113
0.613861,0.633663,0.16334
0.623762,0.633663,0.176267
0.633663,0.633663,0.188864
0.643564,0.633663,0.2011
0.653465,0.633663,0.212944
0.663366,0.633663,0.224363
0.673267,0.633663,0.235323
0.683168,0.633663,0.245788
0.693069,0.633663,0.255722
0.70297,0.633663,0.265087
0.712871,0.633663,0.273843
0.722772,0.633663,0.281948
0.732673,0.633663,0.28936
0.742574,0.633663,0.296033
0.752475,0.633663,0.301921
0.762376,0.633663,0.306975
0.772277,0.633663,0.311142
0.782178,0.633663,0.314371
0.792079,0.633663,0.316605
0.80198,0.633663,0.317785
0.811881,0.633663,0.317851
0.821782,0.633663,0.316737
0.831683,0.633663,0.314378
0.841584,0.633663,0.310703
0.851485,0.633663,0.305638
0.861386,0.633663,0.299106
0.871287,0.633663,0.291027
0.881188,0.633663,0.281316
0.891089,0.633663,0.269883
0.90099,0.633663,0.256635
0.910891,0.633663,0.241474
0.920792,0.633663,0.224297
0.930693,0.633663,0.204995
0.940594,0.633663,0.183455
0.950495,0.633663,0.159556
0.960396,0.633663,0.133171
0.970297,0.633663,0.104167
0.980198,0.633663,0.0724047
0.990099,0.633663,0.0377345
1,0.633663,0
0,0.643564,0
0.00990099,0.643564,-0.0352159
0.019802,0.643564,-0.067585
0.029703,0.643564,-0.097252
0.039604,0.643564,-0.124354
0.049505,0.643564,-0.14902
0.0594059,0.643564,-0.171373
0.0693069,0.643564,-0.19153
0.0792079,0.643564,-0.209602
0.0891089,0.643564,-0.225694
0.0990099,0.643564,-0.239907
0.108911,0.643564,-0.252335
0.118812,0.643564,-0.263069
0.128713,0.643564,-0.272195
0.138614,0.643564,-0.279796
0.148515,0.643564,-0.285951
0.158416,0.643564,-0.290733
0.168317,0.643564,-0.294215
0.178218,0.643564,-0.296464
0.188119,0.643564,-0.297546
0.19802,0.643564,-0.297524
0.207921,0.643564,-0.296456
0.217822,0.643564,-0.294399
0.227723,0.643564,-0.291409
0.237624,0.643564,-0.287536
0.247525,0.643564,-0.282832
0.257426,0.643564,-0.277344
0.267327,0.643564,-0.271117
0.277228,0.643564,-0.264196
0.287129,0.643564,-0.256622
0.29703,0.643564,-0.248436
0.306931,0.643564,-0.239677
0.316832,0.643564,-0.230382
0.326733,0.643564,-0.220587
0.336634,0.643564,-0.210326
0.346535,0.643564,-0.199633
0.356436,0.643564,-0.188538
0.366337,0.643564,-0.177075
0.376238,0.643564,-0.165271
0.386139,0.643564,-0.153157
0.39604,0.643564,-0.140759
0.405941,0.643564,-0.128106
0.415842,0.643564,-0.115224
0.425743,0.643564,-0.102139
0.435644,0.643564,-0.0888757
0.445545,0.643564,-0.0754592
0.455446,0.643564,-0.0619138
0.465347,0.643564,-0.0482635
0.475248,0.643564,-0.0345318
0.485149,0.643564,-0.0207422
0.49505,0.643564,-0.00691792
0.50495,0.643564,0.00691792
0.514851,0.643564,0.0207422
0.524752,0.643564,0.0345318
0.534653,0.643564,0.0482635
0.544554,0.643564,0.0619138
0.554455,0.643564,0.0754592
0.564356,0.643564,0.0888757
0.574257,0.643564,0.102139
0.584158,0.643564,0.115224
0.594059,0.643564,0.128106
0.60396,0.643564,0.140759
0.613861,0.643564,0.153157
0.623762,0.643564,0.165271
0.633663,0.643564,0.177075
0.643564,0.643564,0.188538
0.653465,0.643564,0.199633
0.663366,0.643564,0.210326
0.673267,0.643564,0.220587
0.683168,0.643564,0.230382
0.693069,0.643564,0.239677
0.70297,0.643564,0.248436
0.712871,0.643564,0.256622
0.722772,0.643564,0.264196
0.732673,0.643564,0.271117
0.742574,0.643564,0.277344
0.752475,0.643564,0.282832
0.762376,0.643564,0.287536
0.772277,0.643564,0.291409
0.782178,0.643564,0.294399
0.792079,0.643564,0.296456
0.80198,0.643564,0.297524
0.811881,0.643564,0.297546
0.821782,0.643564,0.296464
0.831683,0.643564,0.294215
0.841584,0.643564,0.290733
0.851485,0.643564,0.285951
0.861386,0.643564,0.279796
0.871287,0.643564,0.272195
0.881188,0.643564,0.263069
0.891089,0.643564,0.252335
0.90099,0.643564,0.239907
0.910891,0.643564,0.225694
0.920792,0.643564,0.209602
0.930693,0.643564,0.19153
0.940594,0.643564,0.171373
0.950495,0.643564,0.14902
0.960396,0.643564,0.124354
0.970297,0.643564,0.097252
0.980198,0.643564,0.067585
0.990099,0.643564,0.0352159
1,0.643564,0
0,0.653465,0
0.00990099,0.653465,-0.0325784
0.019802,0.653465,-0.0625385
0.029703,0.653465,-0.090012
0.039604,0.653465,-0.115124
0.049505,0.653465,-0.137992
0.0594059,0.653465,-0.158728
0.0693069,0.653465,-0.17744
0.0792079,0.653465,-0.194227
0.0891089,0.653465,-0.209186
0.0990099,0.653465,-0.222408
0.108911,0.653465,-0.23398
0.118812,0.653465,-0.243985
0.128713,0.653465,-0.252502
0.138614,0.653465,-0.259605
0.148515,0.653465,-0.265367
0.158416,0.653465,-0.269856
0.168317,0.653465,-0.273137
0.178218,0.653465,-0.275273
0.188119,0.653465,-0.276325
0.19802,0.653465,-0.276348
0.207921,0.653465,-0.275399
0.217822,0.653465,-0.273529
0.227723,0.653465,-0.270789
0.237624,0.653465,-0.267226
0.247525,0.653465,-0.262888
0.257426,0.653465,-0.257818
0.267327,0.653465,-0.252058
0.277228,0.653465,-0.24565
0.287129,0.653465,-0.238633
0.29703,0.653465,-0.231043
0.306931,0.653465,-0.222917
0.316832,0.653465,-0.21429
0.326733,0.653465,-0.205196
0.336634,0.653465,-0.195665
0.346535,0.653465,-0.185729
0.356436,0.653465,-0.175419
0.366337,0.653465,-0.164762
0.376238,0.653465,-0.153788
0.386139,0.653465,-0.142522
0.39604,0.653465,-0.130991
0.405941,0.653465,-0.119221
0.415842,0.653465,-0.107236
0.425743,0.653465,-0.0950611
0.435644,0.653465,-0.0827191
0.445545,0.653465,-0.0702336
0.455446,0.653465,-0.0576273
0.465347,0.653465,-0.0449227
0.475248,0.653465,-0.0321419
0.485149,0.653465,-0.0193068
0.49505,0.653465,-0.00643921
0.50495,0.653465,0.00643921
0.514851,0.653465,0.0193068
0.524752,0.653465,0.0321419
0.534653,0.653465,0.0449227
0.544554,0.653465,0.0576273
0.554455,0.653465,0.0702336
0.564356,0.653465,0.0827191
0.574257,0.653465,0.0950611
0.584158,0.653465,0.107236
0.594059,0.653465,0.119221
0.60396,0.653465,0.130991
0.613861,0.653465,0.142522
0.623762,0.653465,0.153788
0.633663,0.653465,0.164762
0.643564,0.653465,0.175419
0.653465,0.653465,0.185729
0.663366,0.653465,0.195665
0.673267,0.653465,0.205196
0.683168,0.653465,0.21429
0.693069,0.653465,0.222917
0.70297,0.653465,0.231043
0.712871,0.653465,0.238633
0.722772,0.653465,0.24565
0.732673,0.653465,0.252058
0.742574,0.653465,0.257818
0.752475,0.653465,0.262888
0.762376,0.653465,0.267226
0.772277,0.653465,0.270789
0.782178,0.653465,0.273529
0.792079,0.653465,0.275399
0.80198,0.653465,0.276348
0.811881,0.653465,0.276325
0.821782,0.653465,0.275273
0.831683,0.653465,0.273137
0.841584,0.653465,0.269856
0.851485,0.653465,0.265367
0.861386,0.653465,0.259605
0.871287,0.653465,0.252502
0.881188,0.653465,0.243985
0.891089,0.653465,0.23398
0.90099,0.653465,0.222408
0.910891,0.653465,0.209186
0.920792,0.653465,0.194227
0.930693,0.653465,0.17744
0.940594,0.653465,0.158728
0.950495,0.653465,0.137992
0.960396,0.653465,0.115124
0.970297,0.653465,0.090012
0.980198,0.653465,0.0625385
0.990099,0.653465,0.0325784
1,0.653465,0
0,0.663366,0
0.00990099,0.663366,-0.0298341
0.019802,0.663366,-0.0572882
0.029703,0.663366,-0.0824807
0.039604,0.663366,-0.105524
0.049505,0.663366,-0.126524
0.0594059,0.663366,-0.145581
0.0693069,0.663366,-0.162791
0.0792079,0.663366,-0.178245
0.0891089,0.663366,-0.192028
0.0990099,0.663366,-0.204223
0.108911,0.663366,-0.214908
0.118812,0.663366,-0.224158
0.128713,0.663366,-0.232043
0.138614,0.663366,-0.238631
0.148515,0.663366,-0.243987
0.158416,0.663366,-0.248173
0.168317,0.663366,-0.251248
0.178218,0.663366,-0.253269
0.188119,0.663366,-0.254291
0.19802,0.663366,-0.254364
0.207921,0.663366,-0.25354
0.217822,0.663366,-0.251865
0.227723,0.663366,-0.249386
0.237624,0.663366,-0.246146
0.247525,0.663366,-0.242189
0.257426,0.663366,-0.237554
0.267327,0.663366,-0.23228
0.277228,0.663366,-0.226406
0.287129,0.663366,-0.219966
0.29703,0.663366,-0.212995
0.306931,0.663366,-0.205528
0.316832,0.663366,-0.197594
0.326733,0.663366,-0.189227
0.336634,0.663366,-0.180454
0.346535,0.663366,-0.171306
0.356436,0.663366,-0.161809
0.366337,0.663366,-0.15199
0.376238,0.663366,-0.141875
0.386139,0.663366,-0.13149
0.39604,0.663366,-0.120858
0.405941,0.663366,-0.110004
0.415842,0.663366,-0.0989501
0.425743,0.663366,-0.0877191
0.435644,0.663366,-0.0763329
0.445545,0.663366,-0.0648132
0.455446,0.663366,-0.053181
0.465347,0.663366,-0.0414574
0.475248,0.663366,-0.0296629
0.485149,0.663366,-0.0178179
0.49505,0.663366,-0.00594266
0.50495,0.663366,0.00594266
0.514851,0.663366,0.0178179
0.524752,0.663366,0.0296629
0.534653,0.663366,0.0414574
0.544554,0.663366,0.053181
0.554455,0.663366,0.0648132
0.564356,0.663366,0.0763329
0.574257,0.663366,0.0877191
0.584158,0.663366,0.0989501
0.594059,0.663366,0.110004
0.60396,0.663366,0.120858
0.613861,0.663366,0.13149
0.623762,0.663366,0.141875
0.633663,0.663366,0.15199
0.643564,0.663366,0.161809
0.653465,0.663366,0.171306
0.663366,0.663366,0.180454
0.673267,0.663366,0.189227
0.683168,0.663366,0.197594
0.693069,0.663366,0.205528
0.70297,0.663366,0.212995
0.712871,0.663366,0.219966
0.722772,0.663366,0.226406
0.732673,0.663366,0.23228
0.742574,0.663366,0.237554
0.752475,0.663366,0.242189
0.762376,0.663366,0.246146
0.772277,0.663366,0.249386
0.782178,0.663366,0.251865
0.792079,0.663366,0.25354
0.80198,0.663366,0.254364
0.811881,0.663366,0.254291
0.821782,0.663366,0.253269
0.831683,0.663366,0.251248
0.841584,0.663366,0.248173
0.851485,0.663366,0.243987
0.861386,0.663366,0.238631
0.871287,0.663366,0.232043
0.881188,0.663366,0.224158
0.891089,0.663366,0.214908
0.90099,0.663366,0.204223
0.910891,0.663366,0.192028
0.920792,0.663366,0.178245
0.930693,0.663366,0.162791
0.940594,0.663366,0.145581
0.950495,0.663366,0.126524
0.960396,0.663366,0.105524
0.970297,0.663366,0.0824807
0.980198,0.663366,0.0572882
0.990099,0.663366,0.0298341
1,0.663366,0
0,0.673267,0
0.00990099,0.673267,-0.0269954
0.019802,0.673267,-0.0518584
0.029703,0.673267,-0.0746934
0.039604,0.673267,-0.0955992
0.049505,0.673267,-0.114669
0.0594059,0.673267,-0.131993
0.0693069,0.673267,-0.147653
0.0792079,0.673267,-0.161731
0.0891089,0.673267,-0.174303
0.0990099,0.673267,-0.185439
0.108911,0.673267,-0.195211
0.118812,0.673267,-0.203683
0.128713,0.673267,-0.210919
0.138614,0.673267,-0.216978
0.148515,0.673267,-0.221918
0.158416,0.673267,-0.225794
0.168317,0.673267,-0.228659
0.178218,0.673267,-0.230563
0.188119,0.673267,-0.231555
0.19802,0.673267,-0.231682
0.207921,0.673267,-0.230988
0.217822,0.673267,-0.229516
0.227723,0.673267,-0.227308
0.237624,0.673267,-0.224403
0.247525,0.673267,-0.22084
0.257426,0.673267,-0.216656
0.267327,0.673267,-0.211884
0.277228,0.673267,-0.206561
0.287129,0.673267,-0.200718
0.29703,0.673267,-0.194387
0.306931,0.673267,-0.187598
0.316832,0.673267,-0.18038
0.326733,0.673267,-0.172763
0.336634,0.673267,-0.164773
0.346535,0.673267,-0.156436
0.356436,0.673267,-0.147778
0.366337,0.673267,-0.138823
0.376238,0.673267,-0.129595
0.386139,0.673267,-0.120118
0.39604,0.673267,-0.110413
0.405941,0.673267,-0.100503
0.415842,0.673267,-0.0904088
0.425743,0.673267,-0.0801511
0.435644,0.673267,-0.0697501
0.445545,0.673267,-0.0592259
0.455446,0.673267,-0.048598
0.465347,0.673267,-0.0378856
0.475248,0.673267,-0.0271077
0.485149,0.673267,-0.0162832
0.49505,0.673267,-0.00543085
0.50495,0.673267,0.00543085
0.514851,0.673267,0.0162832
0.524752,0.673267,0.0271077
0.534653,0.673267,0.0378856
0.544554,0.673267,0.048598
0.554455,0.673267,0.0592259
0.564356,0.673267,0.0697501
0.574257,0.673267,0.0801511
0.584158,0.673267,0.0904088
0.594059,0.673267,0.100503
0.60396,0.673267,0.110413
0.613861,0.673267,0.120118
0.623762,0.673267,0.129595
0.633663,0.673267,0.138823
0.643564,0.673267,0.147778
0.653465,0.673267,0.156436
0.663366,0.673267,0.164773
0.673267,0.673267,0.172763
0.683168,0.673267,0.18038
0.693069,0.673267,0.187598
0.70297,0.673267,0.194387
0.712871,0.673267,0.200718
0.722772,0.673267,0.206561
0.732673,0.673267,0.211884
0.742574,0.673267,0.216656
0.752475,0.673267,0.22084
0.762376,0.673267,0.224403
0.772277,0.673267,0.227308
0.782178,0.673267,0.229516
0.792079,0.673267,0.230988
0.80198,0.673267,0.231682
0.811881,0.673267,0.231555
0.821782,0.673267,0.230563
0.831683,0.673267,0.228659
0.841584,0.673267,0.225794
0.851485,0.673267,0.221918
0.861386,0.673267,0.216978
0.871287,0.673267,0.210919
0.881188,0.673267,0.203683
0.891089,0.673267,0.195211
0.90099,0.673267,0.185439
0.910891,0.673267,0.174303
0.920792,0.673267,0.161731
0.930693,0.673267,0.147653
0.940594,0.673267,0.131993
0.950495,0.673267,0.114669
0.960396,0.673267,0.0955992
0.970297,0.673267,0.0746934
0.980198,0.673267,0.0518584
0.990099,0.673267,0.0269954
1,0.673267,0
0,0.683168,0
0.00990099,0.683168,-0.0240758
0.019802,0.683168,-0.0462746
0.029703,0.683168,-0.0666866
0.039604,0.683168,-0.0853967
0.049505,0.683168,-0.102485
0.0594059,0.683168,-0.118029
0.0693069,0.683168,-0.1321
0.0792079,0.683168,-0.144768
0.0891089,0.683168,-0.156097
0.0990099,0.683168,-0.16615
0.108911,0.683168,-0.174986
0.118812,0.683168,-0.182663
0.128713,0.683168,-0.189235
0.138614,0.683168,-0.194754
0.148515,0.683168,-0.19927
0.158416,0.683168,-0.20283
0.168317,0.683168,-0.205482
0.178218,0.683168,-0.207269
0.188119,0.683168,-0.208234
0.19802,0.683168,-0.208417
0.207921,0.683168,-0.207859
0.217822,0.683168,-0.206598
0.227723,0.683168,-0.20467
0.237624,0.683168,-0.20211
0.247525,0.683168,-0.198953
0.257426,0.683168,-0.195231
0.267327,0.683168,-0.190976
0.277228,0.683168,-0.186218
0.287129,0.683168,-0.180988
0.29703,0.683168,-0.175313
0.306931,0.683168,-0.169221
0.316832,0.683168,-0.162738
0.326733,0.683168,-0.15589
0.336634,0.683168,-0.148702
0.346535,0.683168,-0.141197
0.356436,0.683168,-0.133399
0.366337,0.683168,-0.12533
0.376238,0.683168,-0.117012
0.386139,0.683168,-0.108465
0.39604,0.683168,-0.0997104
0.405941,0.683168,-0.0907681
0.415842,0.683168,-0.0816572
0.425743,0.683168,-0.0723968
0.435644,0.683168,-0.0630054
0.445545,0.683168,-0.0535013
0.455446,0.683168,-0.0439023
0.465347,0.683168,-0.0342259
0.475248,0.683168,-0.0244897
0.485149,0.683168,-0.0147109
0.49505,0.683168,-0.00490646
0.50495,0.683168,0.00490646
0.514851,0.683168,0.0147109
0.524752,0.683168,0.0244897
0.534653,0.683168,0.0342259
0.544554,0.683168,0.0439023
0.554455,0.683168,0.0535013
0.564356,0.683168,0.0630054
0.574257,0.683168,0.0723968
0.584158,0.683168,0.0816572
0.594059,0.683168,0.0907681
0.60396,0.683168,0.0997104
0.613861,0.683168,0.108465
0.623762,0.683168,0.117012
0.633663,0.683168,0.12533
0.643564,0.683168,0.133399
0.653465,0.683168,0.141197
0.663366,0.683168,0.148702
0.673267,0.683168,0.15589
0.683168,0.683168,0.162738
0.693069,0.683168,0.169221
0.70297,0.683168,0.175313
0.712871,0.683168,0.180988
0.722772,0.683168,0.186218
0.732673,0.683168,0.190976
0.742574,0.683168,0.195231
0.752475,0.683168,0.198953
0.762376,0.683168,0.20211
0.772277,0.683168,0.20467
0.782178,0.683168,0.206598
0.792079,0.683168,0.207859
0.80198,0.683168,0.208417
0.811881,0.683168,0.208234
0.821782,0.683168,0.207269
0.831683,0.683168,0.205482
0.841584,0.683168,0.20283
0.851485,0.683168,0.19927
0.861386,0.683168,0.194754
0.871287,0.683168,0.189235
0.881188,0.683168,0.182663
0.891089,0.683168,0.174986
0.90099,0.683168,0.16615
0.910891,0.683168,0.156097
0.920792,0.683168,0.144768
0.930693,0.683168,0.1321
0.940594,0.683168,0.118029
0.950495,0.683168,0.102485
0.960396,0.683168,0.0853967
0.970297,0.683168,0.0666866
0.980198,0.683168,0.0462746
0.990099,0.683168,0.0240758
1,0.683168,0
0,0.693069,0
0.00990099,0.693069,-0.0210888
0.019802,0.693069,-0.0405633
0.029703,0.693069,-0.0584986
0.039604,0.693069,-0.0749655
0.049505,0.693069,-0.090031
0.0594059,0.693069,-0.103758
0.0693069,0.693069,-0.116208
0.0792079,0.693069,-0.127437
0.0891089,0.693069,-0.137501
0.0990099,0.693069,-0.14645
0.108911,0.693069,-0.154335
0.118812,0.693069,-0.161204
0.128713,0.693069,-0.167101
0.138614,0.693069,-0.172072
0.148515,0.693069,-0.176158
0.158416,0.693069,-0.1794
0.168317,0.693069,-0.181837
0.178218,0.693069,-0.183508
0.188119,0.693069,-0.184447
0.19802,0.693069,-0.184692
0.207921,0.693069,-0.184275
0.217822,0.693069,-0.18323
0.227723,0.693069,-0.181589
0.237624,0.693069,-0.179383
0.247525,0.693069,-0.176641
0.257426,0.693069,-0.173392
0.267327,0.693069,-0.169665
0.277228,0.693069,-0.165486
0.287129,0.693069,-0.160881
0.29703,0.693069,-0.155876
0.306931,0.693069,-0.150494
0.316832,0.693069,-0.144761
0.326733,0.693069,-0.138698
0.336634,0.693069,-0.132328
0.346535,0.693069,-0.125671
0.356436,0.693069,-0.11875
0.366337,0.693069,-0.111584
0.376238,0.693069,-0.104192
0.386139,0.693069,-0.0965935
0.39604,0.693069,-0.0888071
0.405941,0.693069,-0.0808507
0.415842,0.693069,-0.0727418
0.425743,0.693069,-0.0644975
0.435644,0.693069,-0.0561347
0.445545,0.693069,-0.0476698
0.455446,0.693069,-0.0391189
0.465347,0.693069,-0.030498
0.475248,0.693069,-0.0218229
0.485149,0.693069,-0.0131092
0.49505,0.693069,-0.00437229
0.50495,0.693069,0.00437229
0.514851,0.693069,0.0131092
0.524752,0.693069,0.0218229
0.534653,0.693069,0.030498
0.544554,0.693069,0.0391189
0.554455,0.693069,0.0476698
0.564356,0.693069,0.0561347
0.574257,0.693069,0.0644975
0.584158,0.693069,0.0727418
0.594059,0.693069,0.0808507
0.60396,0.693069,0.0888071
0.613861,0.693069,0.0965935
0.623762,0.693069,0.104192
0.633663,0.693069,0.111584
0.643564,0.693069,0.11875
0.653465,0.693069,0.125671
0.663366,0.693069,0.132328
0.673267,0.693069,0.138698
0.683168,0.693069,0.144761
0.693069,0.693069,0.150494
0.70297,0.693069,0.155876
0.712871,0.693069,0.160881
0.722772,0.693069,0.165486
0.732673,0.693069,0.169665
0.742574,0.693069,0.173392
0.752475,0.693069,0.176641
0.762376,0.693069,0.179383
0.772277,0.693069,0.181589
0.782178,0.693069,0.18323
0.792079,0.693069,0.184275
0.80198,0.693069,0.184692
0.811881,0.693069,0.184447
0.821782,0.693069,0.183508
0.831683,0.693069,0.181837
0.841584,0.693069,0.1794
0.851485,0.693069,0.176158
0.861386,0.693069,0.172072
0.871287,0.693069,0.167101
0.881188,0.693069,0.161204
0.891089,0.693069,0.154335
0.90099,0.693069,0.14645
0.910891,0.693069,0.137501
0.920792,0.693069,0.127437
0.930693,0.693069,0.116208
0.940594,0.693069,0.103758
0.950495,0.693069,0.090031
0.960396,0.693069,0.0749655
0.970297,0.693069,0.0584986
0.980198,0.693069,0.0405633
0.990099,0.693069,0.0210888
1,0.693069,0
0,0.70297,0
0.00990099,0.70297,-0.0180487
0.019802,0.70297,-0.0347519
0.029703,0.70297,-0.0501691
0.039604,0.70297,-0.0643565
0.049505,0.70297,-0.077367
0.0594059,0.70297,-0.089251
0.0693069,0.70297,-0.100056
0.0792079,0.70297,-0.109827
0.0891089,0.70297,-0.118608
0.0990099,0.70297,-0.12644
0.108911,0.70297,-0.133363
0.118812,0.70297,-0.139415
0.128713,0.70297,-0.144632
0.138614,0.70297,-0.14905
0.148515,0.70297,-0.152704
0.158416,0.70297,-0.155626
0.168317,0.70297,-0.157849
0.178218,0.70297,-0.159404
0.188119,0.70297,-0.160321
0.19802,0.70297,-0.16063
0.207921,0.70297,-0.160359
0.217822,0.70297,-0.159536
0.227723,0.70297,-0.158189
0.237624,0.70297,-0.156343
0.247525,0.70297,-0.154024
0.257426,0.70297,-0.151257
0.267327,0.70297,-0.148066
0.277228,0.70297,-0.144474
0.287129,0.70297,-0.140504
0.29703,0.70297,-0.136179
0.306931,0.70297,-0.131519
0.316832,0.70297,-0.126546
0.326733,0.70297,-0.121279
0.336634,0.70297,-0.115738
0.346535,0.70297,-0.109942
0.356436,0.70297,-0.103909
0.366337,0.70297,-0.0976577
0.376238,0.70297,-0.0912049
0.386139,0.70297,-0.0845675
0.39604,0.70297,-0.0777621
0.405941,0.70297,-0.0708047
0.415842,0.70297,-0.0637109
0.425743,0.70297,-0.0564961
0.435644,0.70297,-0.0491752
0.445545,0.70297,-0.0417629
0.455446,0.70297,-0.0342738
0.465347,0.70297,-0.026722
0.475248,0.70297,-0.0191217
0.485149,0.70297,-0.0114868
0.49505,0.70297,-0.00383124
0.50495,0.70297,0.00383124
0.514851,0.70297,0.0114868
0.524752,0.70297,0.0191217
0.534653,0.70297,0.026722
0.544554,0.70297,0.0342738
0.554455,0.70297,0.0417629
0.564356,0.70297,0.0491752
0.574257,0.70297,0.0564961
0.584158,0.70297,0.0637109
0.594059,0.70297,0.0708047
0.60396,0.70297,0.0777621
0.613861,0.70297,0.0845675
0.623762,0.70297,0.0912049
0.633663,0.70297,0.0976577
0.643564,0.70297,0.103909
0.653465,0.70297,0.109942
0.663366,0.70297,0.115738
0.673267,0.70297,0.121279
0.683168,0.70297,0.126546
0.693069,0.70297,0.131519
0.70297,0.70297,0.136179
0.712871,0.70297,0.140504
0.722772,0.70297,0.144474
0.732673,0.70297,0.148066
0.742574,0.70297,0.151257
0.752475,0.70297,0.154024
0.762376,0.70297,0.156343
0.772277,0.70297,0.158189
0.782178,0.70297,0.159536
0.792079,0.70297,0.160359
0.80198,0.70297,0.16063
0.811881,0.70297,0.160321
0.821782,0.70297,0.159404
0.831683,0.70297,0.157849
0.841584,0.70297,0.155626
0.851485,0.70297,0.152704
0.861386,0.70297,0.14905
0.871287,0.70297,0.144632
0.881188,0.70297,0.139415
0.891089,0.70297,0.133363
0.90099,0.70297,0.12644
0.910891,0.70297,0.118608
0.920792,0.70297,0.109827
0.930693,0.70297,0.100056
0.940594,0.70297,0.089251
0.950495,0.70297,0.077367
0.960396,0.70297,0.0643565
0.970297,0.70297,0.0501691
0.980198,0.70297,0.0347519
0.990099,0.70297,0.0180487
1,0.70297,0
0,0.712871,0
0.00990099,0.712871,-0.0149702
0.019802,0.712871,-0.0288687
0.029703,0.712871,-0.0417391
0.039604,0.712871,-0.0536223
0.049505,0.712871,-0.0645571
0.0594059,0.712871,-0.07458
0.0693069,0.712871,-0.0837258
0.0792079,0.712871,-0.0920275
0.0891089,0.712871,-0.099517
0.0990099,0.712871,-0.106225
0.108911,0.712871,-0.11218
0.118812,0.712871,-0.117411
0.128713,0.712871,-0.121945
0.138614,0.712871,-0.12581
0.148515,0.712871,-0.129031
0.158416,0.712871,-0.131634
0.168317,0.712871,-0.133645
0.178218,0.712871,-0.135087
0.188119,0.712871,-0.135985
0.19802,0.712871,-0.136361
0.207921,0.712871,-0.136241
0.217822,0.712871,-0.135644
0.227723,0.712871,-0.134595
0.237624,0.712871,-0.133115
0.247525,0.712871,-0.131225
0.257426,0.712871,-0.128945
0.267327,0.712871,-0.126296
0.277228,0.712871,-0.123298
0.287129,0.712871,-0.11997
0.29703,0.712871,-0.116331
0.306931,0.712871,-0.112399
0.316832,0.712871,-0.108192
0.326733,0.712871,-0.103728
0.336634,0.712871,-0.0990236
0.346535,0.712871,-0.0940949
0.356436,0.712871,-0.0889581
0.366337,0.712871,-0.0836288
0.376238,0.712871,-0.0781223
0.386139,0.712871,-0.0724534
0.39604,0.712871,-0.0666364
0.405941,0.712871,-0.0606855
0.415842,0.712871,-0.0546144
0.425743,0.712871,-0.0484365
0.435644,0.712871,-0.0421652
0.445545,0.712871,-0.0358133
0.455446,0.712871,-0.0293936
0.465347,0.712871,-0.0229187
0.475248,0.712871,-0.016401
0.485149,0.712871,-0.00985276
0.49505,0.712871,-0.00328628
0.50495,0.712871,0.00328628
0.514851,0.712871,0.00985276
0.524752,0.712871,0.016401
0.534653,0.712871,0.0229187
0.544554,0.712871,0.0293936
0.554455,0.712871,0.0358133
0.564356,0.712871,0.0421652
0.574257,0.712871,0.0484365
0.584158,0.712871,0.0546144
0.594059,0.712871,0.0606855
0.60396,0.712871,0.0666364
0.613861,0.712871,0.0724534
0.623762,0.712871,0.0781223
0.633663,0.712871,0.0836288
0.643564,0.712871,0.0889581
0.653465,0.712871,0.0940949
0.663366,0.712871,0.0990236
0.673267,0.712871,0.103728
0.683168,0.712871,0.108192
0.693069,0.712871,0.112399
0.70297,0.712871,0.116331
0.712871,0.712871,0.11997
0.722772,0.712871,0.123298
0.732673,0.712871,0.126296
0.742574,0.712871,0.128945
0.752475,0.712871,0.131225
0.762376,0.712871,0.133115
0.772277,0.712871,0.134595
0.782178,0.712871,0.135644
0.792079,0.712871,0.136241
0.80198,0.712871,0.136361
0.811881,0.712871,0.135985
0.821782,0.712871,0.135087
0.831683,0.712871,0.133645
0.841584,0.712871,0.131634
0.851485,0.712871,0.129031
0.861386,0.712871,0.12581
0.871287,0.712871,0.121945
0.881188,0.712871,0.117411
0.891089,0.712871,0.11218
0.90099,0.712871,0.106225
0.910891,0.712871,0.099517
0.920792,0.712871,0.0920275
0.930693,0.712871,0.0837258
0.940594,0.712871,0.07458
0.950495,0.712871,0.0645571
0.960396,0.712871,0.0536223
0.970297,0.712871,0.0417391
0.980198,0.712871,0.0288687
0.990099,0.712871,0.0149702
1,0.712871,0
0,0.722772,0
0.00990099,0.722772,-0.0118686
0.019802,0.722772,-0.0229431
0.029703,0.722772,-0.0332509
0.039604,0.722772,-0.0428173
0.049505,0.722772,-0.0516665
0.0594059,0.722772,-0.0598209
0.0693069,0.722772,-0.0673021
0.0792079,0.722772,-0.0741307
0.0891089,0.722772,-0.0803266
0.0990099,0.722772,-0.0859089
0.108911,0.722772,-0.0908966
0.118812,0.722772,-0.0953082
0.128713,0.722772,-0.0991618
0.138614,0.722772,-0.102476
0.148515,0.722772,-0.105267
0.158416,0.722772,-0.107555
0.168317,0.722772,-0.109357
0.178218,0.722772,-0.11069
0.188119,0.722772,-0.111572
0.19802,0.722772,-0.11202
0.207921,0.722772,-0.112053
0.217822,0.722772,-0.111687
0.227723,0.722772,-0.11094
0.237624,0.722772,-0.109829
0.247525,0.722772,-0.10837
0.257426,0.722772,-0.106581
0.267327,0.722772,-0.104477
0.277228,0.722772,-0.102076
0.287129,0.722772,-0.0993924
0.29703,0.722772,-0.0964424
0.306931,0.722772,-0.0932412
0.316832,0.722772,-0.0898038
0.326733,0.722772,-0.0861449
0.336634,0.722772,-0.0822788
0.346535,0.722772,-0.0782195
0.356436,0.722772,-0.0739808
0.366337,0.722772,-0.0695758
0.376238,0.722772,-0.0650176
0.386139,0.722772,-0.060319
0.39604,0.722772,-0.0554924
0.405941,0.722772,-0.0505498
0.415842,0.722772,-0.0455032
0.425743,0.722772,-0.0403642
0.435644,0.722772,-0.0351442
0.445545,0.722772,-0.0298544
0.455446,0.722772,-0.0245059
0.465347,0.722772,-0.0191096
0.475248,0.722772,-0.0136761
0.485149,0.722772,-0.00821621
0.49505,0.722772,-0.00274049
0.50495,0.722772,0.00274049
0.514851,0.722772,0.00821621
0.524752,0.722772,0.0136761
0.534653,0.722772,0.0191096
0.544554,0.722772,0.0245059
0.554455,0.722772,0.0298544
0.564356,0.722772,0.0351442
0.574257,0.722772,0.0403642
0.584158,0.722772,0.0455032
0.594059,0.722772,0.0505498
0.60396,0.722772,0.0554924
0.613861,0.722772,0.060319
0.623762,0.722772,0.0650176
0.633663,0.722772,0.0695758
0.643564,0.722772,0.0739808
0.653465,0.722772,0.0782195
0.663366,0.722772,0.0822788
0.673267,0.722772,0.0861449
0.683168,0.722772,0.0898038
0.693069,0.722772,0.0932412
0.70297,0.722772,0.0964424
0.712871,0.722772,0.0993924
0.722772,0.722772,0.102076
0.732673,0.722772,0.104477
0.742574,0.722772,0.106581
0.752475,0.722772,0.10837
0.762376,0.722772,0.109829
0.772277,0.722772,0.11094
0.782178,0.722772,0.111687
0.792079,0.722772,0.112053
0.80198,0.722772,0.11202
0.811881,0.722772,0.111572
0.821782,0.722772,0.11069
0.831683,0.722772,0.109357
0.841584,0.722772,0.107555
0.851485,0.722772,0.105267
0.861386,0.722772,0.102476
0.871287,0.722772,0.0991618
0.881188,0.722772,0.0953082
0.891089,0.722772,0.0908966
0.90099,0.722772,0.0859089
0.910891,0.722772,0.0803266
0.920792,0.722772,0.0741307
0.930693,0.722772,0.0673021
0.940594,0.722772,0.0598209
0.950495,0.722772,0.0516665
0.960396,0.722772,0.0428173
0.970297,0.722772,0.0332509
0.980198,0.722772,0.0229431
0.990099,0.722772,0.0118686
1,0.722772,0
0,0.732673,0
0.00990099,0.732673,-0.00875944
0.019802,0.732673,-0.0170052
0.029703,0.732673,-0.024748
0.039604,0.732673,-0.0319974
0.049505,0.732673,-0.0387624
0.0594059,0.732673,-0.0450513
0.0693069,0.732673,-0.0508721
0.0792079,0.732673,-0.0562325
0.0891089,0.732673,-0.0611403
0.0990099,0.732673,-0.0656035
0.108911,0.732673,-0.0696302
0.118812,0.732673,-0.0732287
0.128713,0.732673,-0.0764078
0.138614,0.732673,-0.0791767
0.148515,0.732673,-0.0815451
0.158416,0.732673,-0.0835228
0.168317,0.732673,-0.0851205
0.178218,0.732673,-0.0863489
0.188119,0.732673,-0.0872194
0.19802,0.732673,-0.0877434
0.207921,0.732673,-0.0879329
0.217822,0.732673,-0.0877999
0.227723,0.732673,-0.0873569
0.237624,0.732673,-0.0866162
0.247525,0.732673,-0.0855904
0.257426,0.732673,-0.0842922
0.267327,0.732673,-0.0827342
0.277228,0.732673,-0.080929
0.287129,0.732673,-0.0788891
0.29703,0.732673,-0.076627
0.306931,0.732673,-0.0741549
0.316832,0.732673,-0.071485
0.326733,0.732673,-0.0686292
0.336634,0.732673,-0.0655993
0.346535,0.732673,-0.0624068
0.356436,0.732673,-0.0590631
0.366337,0.732673,-0.0555792
0.376238,0.732673,-0.051966
0.386139,0.732673,-0.0482342
0.39604,0.732673,-0.0443941
0.405941,0.732673,-0.040456
0.415842,0.732673,-0.0364298
0.425743,0.732673,-0.0323255
0.435644,0.732673,-0.0281525
0.445545,0.732673,-0.0239205
0.455446,0.732673,-0.0196387
0.465347,0.732673,-0.0153164
0.475248,0.732673,-0.0109627
0.485149,0.732673,-0.00658655
0.49505,0.732673,-0.002197
0.50495,0.732673,0.002197
0.514851,0.732673,0.00658655
0.524752,0.732673,0.0109627
0.534653,0.732673,0.0153164
0.544554,0.732673,0.0196387
0.554455,0.732673,0.0239205
0.564356,0.732673,0.0281525
0.574257,0.732673,0.0323255
0.584158,0.732673,0.0364298
0.594059,0.732673,0.040456
0.60396,0.732673,0.0443941
0.613861,0.732673,0.0482342
0.623762,0.732673,0.051966
0.633663,0.732673,0.0555792
0.643564,0.732673,0.0590631
0.653465,0.732673,0.0624068
0.663366,0.732673,0.0655993
0.673267,0.732673,0.0686292
0.683168,0.732673,0.071485
0.693069,0.732673,0.0741549
0.70297,0.732673,0.076627
0.712871,0.732673,0.0788891
0.722772,0.732673,0.080929
0.732673,0.732673,0.0827342
0.742574,0.732673,0.0842922
0.752475,0.732673,0.0855904
0.762376,0.732673,0.0866162
0.772277,0.732673,0.0873569
0.782178,0.732673,0.0877999
0.792079,0.732673,0.0879329
0.80198,0.732673,0.0877434
0.811881,0.732673,0.0872194
0.821782,0.732673,0.0863489
0.831683,0.732673,0.0851205
0.841584,0.732673,0.0835228
0.851485,0.732673,0.0815451
0.861386,0.732673,0.0791767
0.871287,0.732673,0.0764078
0.881188,0.732673,0.0732287
0.891089,0.732673,0.0696302
0.90099,0.732673,0.0656035
0.910891,0.732673,0.0611403
0.920792,0.732673,0.0562325
0.930693,0.732673,0.0508721
0.940594,0.732673,0.0450513
0.950495,0.732673,0.0387624
0.960396,0.732673,0.0319974
0.970297,0.732673,0.024748
0.980198,0.732673,0.0170052
0.990099,0.732673,0.00875944
1,0.732673,0
0,0.742574,0
0.00990099,0.742574,-0.00565865
0.019802,0.742574,-0.0110858
0.029703,0.742574,-0.016275
0.039604,0.742574,-0.0212199
0.049505,0.742574,-0.0259139
0.0594059,0.742574,-0.0303508
0.0693069,0.742574,-0.0345249
0.0792079,0.742574,-0.0384308
0.0891089,0.742574,-0.0420641
0.0990099,0.742574,-0.0454211
0.108911,0.742574,-0.0484991
0.118812,0.742574,-0.0512961
0.128713,0.742574,-0.0538115
0.138614,0.742574,-0.0560454
0.148515,0.742574,-0.057999
0.158416,0.742574,-0.0596745
0.168317,0.742574,-0.061075
0.178218,0.742574,-0.0622046
0.188119,0.742574,-0.0630681
0.19802,0.742574,-0.0636711
0.207921,0.742574,-0.0640198
0.217822,0.742574,-0.0641213
0.227723,0.742574,-0.0639828
0.237624,0.742574,-0.0636123
0.247525,0.742574,-0.0630182
0.257426,0.742574,-0.0622089
0.267327,0.742574,-0.0611935
0.277228,0.742574,-0.0599808
0.287129,0.742574,-0.0585802
0.29703,0.742574,-0.0570009
0.306931,0.742574,-0.0552523
0.316832,0.742574,-0.0533436
0.326733,0.742574,-0.0512841
0.336634,0.742574,-0.0490831
0.346535,0.742574,-0.0467496
0.356436,0.742574,-0.0442927
0.366337,0.742574,-0.0417213
0.376238,0.742574,-0.0390442
0.386139,0.742574,-0.0362698
0.39604,0.742574,-0.0334067
0.405941,0.742574,-0.0304633
0.415842,0.742574,-0.0274475
0.425743,0.742574,-0.0243676
0.435644,0.742574,-0.0212313
0.445545,0.742574,-0.0180464
0.455446,0.742574,-0.0148207
0.465347,0.742574,-0.0115616
0.475248,0.742574,-0.0082767
0.485149,0.742574,-0.00497337
0.49505,0.742574,-0.00165902
0.50495,0.742574,0.00165902
0.514851,0.742574,0.00497337
0.524752,0.742574,0.0082767
0.534653,0.742574,0.0115616
0.544554,0.742574,0.0148207
0.554455,0.742574,0.0180464
0.564356,0.742574,0.0212313
0.574257,0.742574,0.0243676
0.584158,0.742574,0.0274475
0.594059,0.742574,0.0304633
0.60396,0.742574,0.0334067
0.613861,0.742574,0.0362698
0.623762,0.742574,0.0390442
0.633663,0.742574,0.0417213
0.643564,0.742574,0.0442927
0.653465,0.742574,0.0467496
0.663366,0.742574,0.0490831
0.673267,0.742574,0.0512841
0.683168,0.742574,0.0533436
0.693069,0.742574,0.0552523
0.70297,0.742574,0.0570009
0.712871,0.742574,0.0585802
0.722772,0.742574,0.0599808
0.732673,0.742574,0.0611935
0.742574,0.742574,0.0622089
0.752475,0.742574,0.0630182
0.762376,0.742574,0.0636123
0.772277,0.742574,0.0639828
0.782178,0.742574,0.0641213
0.792079,0.742574,0.0640198
0.80198,0.742574,0.0636711
0.811881,0.742574,0.0630681
0.821782,0.742574,0.0622046
0.831683,0.742574,0.061075
0.841584,0.742574,0.0596745
0.851485,0.742574,0.057999
0.861386,0.742574,0.0560454
0.871287,0.742574,0.0538115
0.881188,0.742574,0.0512961
0.891089,0.742574,0.0484991
0.90099,0.742574,0.0454211
0.910891,0.742574,0.0420641
0.920792,0.742574,0.0384308
0.930693,0.742574,0.0345249
0.940594,0.742574,0.0303508
0.950495,0.742574,0.0259139
0.960396,0.742574,0.0212199
0.970297,0.742574,0.016275
0.980198,0.742574,0.0110858
0.990099,0.742574,0.00565865
1,0.742574,0
0,0.752475,0
0.00990099,0.752475,-0.00258261
0.019802,0.752475,-0.00521637
0.029703,0.752475,-0.00787762
0.039604,0.752475,-0.0105434
0.049505,0.752475,-0.0131916
0.0594059,0.752475,-0.0158011
0.0693069,0.752475,-0.0183521
0.0792079,0.752475,-0.0208262
0.0891089,0.752475,-0.0232063
0.0990099,0.752475,-0.0254771
0.108911,0.752475,-0.0276249
0.118812,0.752475,-0.0296374
0.128713,0.752475,-0.0315043
0.138614,0.752475,-0.0332166
0.148515,0.752475,-0.0347673
0.158416,0.752475,-0.0361507
0.168317,0.752475,-0.0373625
0.178218,0.752475,-0.0383999
0.188119,0.752475,-0.0392614
0.19802,0.752475,-0.0399468
0.207921,0.752475,-0.0404566
0.217822,0.752475,-0.0407928
0.227723,0.752475,-0.0409578
0.237624,0.752475,-0.0409552
0.247525,0.752475,-0.0407889
0.257426,0.752475,-0.0404637
0.267327,0.752475,-0.0399847
0.277228,0.752475,-0.0393575
0.287129,0.752475,-0.038588
0.29703,0.752475,-0.0376824
0.306931,0.752475,-0.0366472
0.316832,0.752475,-0.0354889
0.326733,0.752475,-0.0342141
0.336634,0.752475,-0.0328297
0.346535,0.752475,-0.0313423
0.356436,0.752475,-0.0297588
0.366337,0.752475,-0.0280858
0.376238,0.752475,-0.0263301
0.386139,0.752475,-0.0244982
0.39604,0.752475,-0.0225967
0.405941,0.752475,-0.0206321
0.415842,0.752475,-0.0186106
0.425743,0.752475,-0.0165386
0.435644,0.752475,-0.0144223
0.445545,0.752475,-0.0122677
0.455446,0.752475,-0.0100809
0.465347,0.752475,-0.00786782
0.475248,0.752475,-0.00563438
0.485149,0.752475,-0.00338643
0.49505,0.752475,-0.00112977
0.50495,0.752475,0.00112977
0.514851,0.752475,0.00338643
0.524752,0.752475,0.00563438
0.534653,0.752475,0.00786782
0.544554,0.752475,0.0100809
0.554455,0.752475,0.0122677
0.564356,0.752475,0.0144223
0.574257,0.752475,0.0165386
0.584158,0.752475,0.0186106
0.594059,0.752475,0.0206321
0.60396,0.752475,0.0225967
0.613861,0.752475,0.0244982
0.623762,0.752475,0.0263301
0.633663,0.752475,0.0280858
0.643564,0.752475,0.0297588
0.653465,0.752475,0.0313423
0.663366,0.752475,0.0328297
0.673267,0.752475,0.0342141
0.683168,0.752475,0.0354889
0.693069,0.752475,0.0366472
0.70297,0.752475,0.0376824
0.712871,0.752475,0.038588
0.722772,0.752475,0.0393575
0.732673,0.752475,0.0399847
0.742574,0.752475,0.0404637
0.752475,0.752475,0.0407889
0.762376,0.752475,0.0409552
0.772277,0.752475,0.0409578
0.782178,0.752475,0.0407928
0.792079,0.752475,0.0404566
0.80198,0.752475,0.0399468
0.811881,0.752475,0.0392614
0.821782,0.752475,0.0383999
0.831683,0.752475,0.0373625
0.841584,0.752475,0.0361507
0.851485,0.752475,0.0347673
0.861386,0.752475,0.0332166
0.871287,0.752475,0.0315043
0.881188,0.752475,0.0296374
0.891089,0.752475,0.0276249
0.90099,0.752475,0.0254771
0.910891,0.752475,0.0232063
0.920792,0.752475,0.0208262
0.930693,0.752475,0.0183521
0.940594,0.752475,0.0158011
0.950495,0.752475,0.0131916
0.960396,0.752475,0.0105434
0.970297,0.752475,0.00787762
0.980198,0.752475,0.00521637
0.990099,0.752475,0.00258261
1,0.752475,0
0,0.762376,0
0.00990099,0.762376,0.000451977
0.019802,0.762376,0.000570718
0.029703,0.762376,0.000397483
0.039604,0.762376,-2.79896e-05
0.049505,0.762376,-0.000667677
0.0594059,0.762376,-0.00148546
0.0693069,0.762376,-0.00244728
0.0792079,0.762376,-0.00352125
0.0891089,0.762376,-0.00467779
0.0990099,0.762376,-0.00588965
0.108911,0.762376,-0.00713198
0.118812,0.762376,-0.00838228
0.128713,0.762376,-0.00962044
0.138614,0.762376,-0.0108286
0.148515,0.762376,-0.0119912
0.158416,0.762376,-0.0130947
0.168317,0.762376,-0.0141277
0.178218,0.762376,-0.0150806
0.188119,0.762376,-0.0159455
0.19802,0.762376,-0.0167164
0.207921,0.762376,-0.0173885
0.217822,0.762376,-0.0179585
0.227723,0.762376,-0.0184243
0.237624,0.762376,-0.018785
0.247525,0.762376,-0.0190404
0.257426,0.762376,-0.0191913
0.267327,0.762376,-0.0192395
0.277228,0.762376,-0.019187
0.287129,0.762376,-0.0190366
0.29703,0.762376,-0.0187915
0.306931,0.762376,-0.0184553
0.316832,0.762376,-0.0180319
0.326733,0.762376,-0.0175255
0.336634,0.762376,-0.0169403
0.346535,0.762376,-0.0162808
0.356436,0.762376,-0.0155517
0.366337,0.762376,-0.0147575
0.376238,0.762376,-0.0139029
0.386139,0.762376,-0.0129926
0.39604,0.762376,-0.0120312
0.405941,0.762376,-0.0110235
0.415842,0.762376,-0.00997399
0.425743,0.762376,-0.00888727
0.435644,0.762376,-0.00776785
0.445545,0.762376,-0.00662023
0.455446,0.762376,-0.00544881
0.465347,0.762376,-0.00425801
0.475248,0.762376,-0.00305215
0.485149,0.762376,-0.00183557
0.49505,0.762376,-0.000612572
0.50495,0.762376,0.000612572
0.514851,0.762376,0.00183557
0.524752,0.762376,0.00305215
0.534653,0.762376,0.00425801
0.544554,0.762376,0.00544881
0.554455,0.762376,0.00662023
0.564356,0.762376,0.00776785
0.574257,0.762376,0.00888727
0.584158,0.762376,0.00997399
0.594059,0.762376,0.0110235
0.60396,0.762376,0.0120312
0.613861,0.762376,0.0129926
0.623762,0.762376,0.0139029
0.633663,0.762376,0.0147575
0.643564,0.762376,0.0155517
0.653465,0.762376,0.0162808
0.663366,0.762376,0.0169403
0.673267,0.762376,0.0175255
0.683168,0.762376,0.0180319
0.693069,0.762376,0.0184553
0.70297,0.762376,0.0187915
0.712871,0.762376,0.0190366
0.722772,0.762376,0.019187
0.732673,0.762376,0.0192395
0.742574,0.762376,0.0191913
0.752475,0.762376,0.0190404
0.762376,0.762376,0.018785
0.772277,0.762376,0.0184243
0.782178,0.762376,0.0179585
0.792079,0.762376,0.0173885
0.80198,0.762376,0.0167164
0.811881,0.762376,0.0159455
0.821782,0.762376,0.0150806
0.831683,0.762376,0.0141277
0.841584,0.762376,0.0130947
0.851485,0.762376,0.0119912
0.861386,0.762376,0.0108286
0.871287,0.762376,0.00962044
0.881188,0.762376,0.00838228
0.891089,0.762376,0.00713198
0.90099,0.762376,0.00588965
0.910891,0.762376,0.00467779
0.920792,0.762376,0.00352125
0.930693,0.762376,0.00244728
0.940594,0.762376,0.00148546
0.950495,0.762376,0.000667677
0.960396,0.762376,2.79896e-05
0.970297,0.762376,-0.000397483
0.980198,0.762376,-0.000570718
0.990099,0.762376,-0.000451977
1,0.762376,0
0,0.772277,0
0.00990099,0.772277,0.00342809
0.019802,0.772277,0.00624259
0.029703,0.772277,0.00850266
0.039604,0.772277,0.0102651
0.049505,0.772277,0.011584
0.0594059,0.772277,0.0125108
0.0693069,0.772277,0.013094
0.0792079,0.772277,0.0133791
0.0891089,0.772277,0.0134083
0.0990099,0.772277,0.0132209
0.108911,0.772277,0.0128528
0.118812,0.772277,0.012337
0.128713,0.772277,0.0117031
0.138614,0.772277,0.0109781
0.148515,0.772277,0.0101858
0.158416,0.772277,0.0093475
0.168317,0.772277,0.00848182
0.178218,0.772277,0.00760498
0.188119,0.772277,0.00673095
0.19802,0.772277,0.00587163
0.207921,0.772277,0.00503701
0.217822,0.772277,0.00423534
0.227723,0.772277,0.0034733
0.237624,0.772277,0.00275618
0.247525,0.772277,0.00208798
0.257426,0.772277,0.0014716
0.267327,0.772277,0.000908972
0.277228,0.772277,0.000401142
0.287129,0.772277,-5.15706e-05
0.29703,0.772277,-0.000449488
0.306931,0.772277,-0.000793475
0.316832,0.772277,-0.00108485
0.326733,0.772277,-0.00132533
0.336634,0.772277,-0.00151691
0.346535,0.772277,-0.00166186
0.356436,0.772277,-0.00176266
0.366337,0.772277,-0.00182191
0.376238,0.772277,-0.00184236
0.386139,0.772277,-0.00182682
0.39604,0.772277,-0.00177817
0.405941,0.772277,-0.00169931
0.415842,0.772277,-0.00159317
0.425743,0.772277,-0.00146267
0.435644,0.772277,-0.00131074
0.445545,0.772277,-0.00114028
0.455446,0.772277,-0.000954195
0.465347,0.772277,-0.000755346
0.475248,0.772277,-0.000546592
0.485149,0.772277,-0.000330777
0.49505,0.772277,-0.000110729
0.50495,0.772277,0.000110729
0.514851,0.772277,0.000330777
0.524752,0.772277,0.000546592
0.534653,0.772277,0.000755346
0.544554,0.772277,0.000954195
0.554455,0.772277,0.00114028
0.564356,0.772277,0.00131074
0.574257,0.772277,0.00146267
0.584158,0.772277,0.00159317
0.594059,0.772277,0.00169931
0.60396,0.772277,0.00177817
0.613861,0.772277,0.00182682
0.623762,0.772277,0.00184236
0.633663,0.772277,0.00182191
0.643564,0.772277,0.00176266
0.653465,0.772277,0.00166186
0.663366,0.772277,0.00151691
0.673267,0.772277,0.00132533
0.683168,0.772277,0.00108485
0.693069,0.772277,0.000793475
0.70297,0.772277,0.000449488
0.712871,0.772277,5.15706e-05
0.722772,0.772277,-0.000401142
0.732673,0.772277,-0.000908972
0.742574,0.772277,-0.0014716
0.752475,0.772277,-0.00208798
0.762376,0.772277,-0.00275618
0.772277,0.772277,-0.0034733
0.782178,0.772277,-0.00423534
0.792079,0.772277,-0.00503701
0.80198,0.772277,-0.00587163
0.811881,0.772277,-0.00673095
0.821782,0.772277,-0.00760498
0.831683,0.772277,-0.00848182
0.841584,0.772277,-0.0093475
0.851485,0.772277,-0.0101858
0.861386,0.772277,-0.0109781
0.871287,0.772277,-0.0117031
0.881188,0.772277,-0.012337
0.891089,0.772277,-0.0128528
0.90099,0.772277,-0.0132209
0.910891,0.772277,-0.0134083
0.920792,0.772277,-0.0133791
0.930693,0.772277,-0.013094
0.940594,0.772277,-0.0125108
0.950495,0.772277,-0.011584
0.960396,0.772277,-0.0102651
0.970297,0.772277,-0.00850266
0.980198,0.772277,-0.00624259
0.990099,0.772277,-0.00342809
1,0.772277,0
0,0.782178,0
0.00990099,0.782178,0.00632837
0.019802,0.782178,0.0117657
0.029703,0.782178,0.0163893
0.039604,0.782178,0.0202732
0.049505,0.782178,0.0234881
0.0594059,0.782178,0.0261007
0.0693069,0.782178,0.0281742
0.0792079,0.782178,0.0297678
0.0891089,0.782178,0.0309366
0.0990099,0.782178,0.0317317
0.108911,0.782178,0.0322003
0.118812,0.782178,0.0323856
0.128713,0.782178,0.0323271
0.138614,0.782178,0.0320604
0.148515,0.782178,0.0316177
0.158416,0.782178,0.0310278
0.168317,0.782178,0.0303165
0.178218,0.782178,0.0295064
0.188119,0.782178,0.0286174
0.19802,0.782178,0.0276671
0.207921,0.782178,0.0266706
0.217822,0.782178,0.0256409
0.227723,0.782178,0.024589
0.237624,0.782178,0.0235245
0.247525,0.782178,0.022455
0.257426,0.782178,0.0213871
0.267327,0.782178,0.0203261
0.277228,0.782178,0.019276
0.287129,0.782178,0.0182402
0.29703,0.782178,0.0172211
0.306931,0.782178,0.0162203
0.316832,0.782178,0.0152392
0.326733,0.782178,0.0142781
0.336634,0.782178,0.0133375
0.346535,0.782178,0.012417
0.356436,0.782178,0.0115163
0.366337,0.782178,0.0106346
0.376238,0.782178,0.00977104
0.386139,0.782178,0.00892462
0.39604,0.782178,0.00809415
0.405941,0.782178,0.0072784
0.415842,0.782178,0.00647604
0.425743,0.782178,0.00568572
0.435644,0.782178,0.00490605
0.445545,0.782178,0.00413563
0.455446,0.782178,0.00337303
0.465347,0.782178,0.00261683
0.475248,0.782178,0.00186561
0.485149,0.782178,0.00111795
0.49505,0.782178,0.000372412
0.50495,0.782178,-0.000372412
0.514851,0.782178,-0.00111795
0.524752,0.782178,-0.00186561
0.534653,0.782178,-0.00261683
0.544554,0.782178,-0.00337303
0.554455,0.782178,-0.00413563
0.564356,0.782178,-0.00490605
0.574257,0.782178,-0.00568572
0.584158,0.782178,-0.00647604
0.594059,0.782178,-0.0072784
0.60396,0.782178,-0.00809415
0.613861,0.782178,-0.00892462
0.623762,0.782178,-0.00977104
0.633663,0.782178,-0.0106346
0.643564,0.782178,-0.0115163
0.653465,0.782178,-0.012417
0.663366,0.782178,-0.0133375
0.673267,0.782178,-0.0142781
0.683168,0.782178,-0.0152392
0.693069,0.782178,-0.0162203
0.70297,0.782178,-0.0172211
0.712871,0.782178,-0.0182402
0.722772,0.782178,-0.019276
0.732673,0.782178,-0.0203261
0.742574,0.782178,-0.0213871
0.752475,0.782178,-0.022455
0.762376,0.782178,-0.0235245
0.772277,0.782178,-0.024589
0.782178,0.782178,-0.0256409
0.792079,0.782178,-0.0266706
0.80198,0.782178,-0.0276671
0.811881,0.782178,-0.0286174
0.821782,0.782178,-0.0295064
0.831683,0.782178,-0.0303165
0.841584,0.782178,-0.0310278
0.851485,0.782178,-0.0316177
0.861386,0.782178,-0.0320604
0.871287,0.782178,-0.0323271
0.881188,0.782178,-0.0323856
0.891089,0.782178,-0.0322003
0.90099,0.782178,-0.0317317
0.910891,0.782178,-0.0309366
0.920792,0.782178,-0.0297678
0.930693,0.782178,-0.0281742
0.940594,0.782178,-0.0261007
0.950495,0.782178,-0.0234881
0.960396,0.782178,-0.0202732
0.970297,0.782178,-0.0163893
0.980198,0.782178,-0.0117657
0.990099,0.782178,-0.00632837
1,0.782178,0
0,0.792079,0
0.00990099,0.792079,0.00913515
0.019802,0.792079,0.0171058
0.029703,0.792079,0.0240079
0.039604,0.792079,0.0299328
0.049505,0.792079,0.0349678
0.0594059,0.792079,0.0391956
0.0693069,0.792079,0.042694
0.0792079,0.792079,0.0455359
0.0891089,0.792079,0.0477894
0.0990099,0.792079,0.0495176
0.108911,0.792079,0.0507789
0.118812,0.792079,0.0516267
0.128713,0.792079,0.0521099
0.138614,0.792079,0.0522731
0.148515,0.792079,0.0521564
0.158416,0.792079,0.0517961
0.168317,0.792079,0.0512247
0.178218,0.792079,0.0504713
0.188119,0.792079,0.0495615
0.19802,0.792079,0.0485182
0.207921,0.792079,0.0473614
0.217822,0.792079,0.0461088
0.227723,0.792079,0.0447755
0.237624,0.792079,0.043375
0.247525,0.792079,0.0419186
0.257426,0.792079,0.0404163
0.267327,0.792079,0.0388764
0.277228,0.792079,0.037306
0.287129,0.792079,0.0357112
0.29703,0.792079,0.034097
0.306931,0.792079,0.0324676
0.316832,0.792079,0.0308264
0.326733,0.792079,0.0291763
0.336634,0.792079,0.0275195
0.346535,0.792079,0.0258578
0.356436,0.792079,0.0241928
0.366337,0.792079,0.0225254
0.376238,0.792079,0.0208566
0.386139,0.792079,0.0191871
0.39604,0.792079,0.0175172
0.405941,0.792079,0.0158473
0.415842,0.792079,0.0141776
0.425743,0.792079,0.0125083
0.435644,0.792079,0.0108394
0.445545,0.792079,0.00917091
0.455446,0.792079,0.00750285
0.465347,0.792079,0.00583514
0.475248,0.792079,0.00416774
0.485149,0.792079,0.00250055
0.49505,0.792079,0.000833503
0.50495,0.792079,-0.000833503
0.514851,0.792079,-0.00250055
0.524752,0.792079,-0.00416774
0.534653,0.792079,-0.00583514
0.544554,0.792079,-0.00750285
0.554455,0.792079,-0.00917091
0.564356,0.792079,-0.0108394
0.574257,0.792079,-0.0125083
0.584158,0.792079,-0.0141776
0.594059,0.792079,-0.0158473
0.60396,0.792079,-0.0175172
0.613861,0.792079,-0.0191871
0.623762,0.792079,-0.0208566
0.633663,0.792079,-0.0225254
0.643564,0.792079,-0.0241928
0.653465,0.792079,-0.0258578
0.663366,0.792079,-0.0275195
0.673267,0.792079,-0.0291763
0.683168,0.792079,-0.0308264
0.693069,0.792079,-0.0324676
0.70297,0.792079,-0.034097
0.712871,0.792079,-0.0357112
0.722772,0.792079,-0.037306
0.732673,0.792079,-0.0388764
0.742574,0.792079,-0.0404163
0.752475,0.792079,-0.0419186
0.762376,0.792079,-0.043375
0.772277,0.792079,-0.0447755
0.782178,0.792079,-0.0461088
0.792079,0.792079,-0.0473614
0.80198,0.792079,-0.0485182
0.811881,0.792079,-0.0495615
0.821782,0.792079,-0.0504713
0.831683,0.792079,-0.0512247
0.841584,0.792079,-0.0517961
0.851485,0.792079,-0.0521564
0.861386,0.792079,-0.0522731
0.871287,0.792079,-0.0521099
0.881188,0.792079,-0.0516267
0.891089,0.792079,-0.0507789
0.90099,0.792079,-0.0495176
0.910891,0.792079,-0.0477894
0.920792,0.792079,-0.0455359
0.930693,0.792079,-0.042694
0.940594,0.792079,-0.0391956
0.950495,0.792079,-0.0349678
0.960396,0.792079,-0.0299328
0.970297,0.792079,-0.0240079
0.980198,0.792079,-0.0171058
0.990099,0.792079,-0.00913515
1,0.792079,0
0,0.80198,0
0.00990099,0.80198,0.0118304
0.019802,0.80198,0.0222282
0.029703,0.80198,0.0313078
0.039604,0.80198,0.0391787
0.049505,0.80198,0.0459449
0.0594059,0.80198,0.0517051
0.0693069,0.80198,0.0565519
0.0792079,0.80198,0.0605723
0.0891089,0.80198,0.0638471
0.0990099,0.80198,0.0664516
0.108911,0.80198,0.068455
0.118812,0.80198,0.0699211
0.128713,0.80198,0.070908
0.138614,0.80198,0.0714689
0.148515,0.80198,0.0716518
0.158416,0.80198,0.0715002
0.168317,0.80198,0.0710532
0.178218,0.80198,0.0703458
0.188119,0.80198,0.0694092
0.19802,0.80198,0.0682715
0.207921,0.80198,0.0669573
0.217822,0.80198,0.0654885
0.227723,0.80198,0.0638844
0.237624,0.80198,0.0621619
0.247525,0.80198,0.0603359
0.257426,0.80198,0.0584194
0.267327,0.80198,0.0564238
0.277228,0.80198,0.054359
0.287129,0.80198,0.0522335
0.29703,0.80198,0.0500549
0.306931,0.80198,0.0478295
0.316832,0.80198,0.0455631
0.326733,0.80198,0.0432604
0.336634,0.80198,0.0409256
0.346535,0.80198,0.0385626
0.356436,0.80198,0.0361744
0.366337,0.80198,0.033764
0.376238,0.80198,0.0313337
0.386139,0.80198,0.0288858
0.39604,0.80198,0.0264223
0.405941,0.80198,0.023945
0.415842,0.80198,0.0214556
0.425743,0.80198,0.0189555
0.435644,0.80198,0.0164461
0.445545,0.80198,0.013929
0.455446,0.80198,0.0114053
0.465347,0.80198,0.00887622
0.475248,0.80198,0.00634307
0.485149,0.80198,0.003807
0.49505,0.80198,0.00126919
0.50495,0.80198,-0.00126919
0.514851,0.80198,-0.003807
0.524752,0.80198,-0.00634307
0.534653,0.80198,-0.00887622
0.544554,0.80198,-0.0114053
0.554455,0.80198,-0.013929
0.564356,0.80198,-0.0164461
0.574257,0.80198,-0.0189555
0.584158,0.80198,-0.0214556
0.594059,0.80198,-0.023945
0.60396,0.80198,-0.0264223
0.613861,0.80198,-0.0288858
0.623762,0.80198,-0.0313337
0.633663,0.80198,-0.033764
0.643564,0.80198,-0.0361744
0.653465,0.80198,-0.0385626
0.663366,0.80198,-0.0409256
0.673267,0.80198,-0.0432604
0.683168,0.80198,-0.0455631
0.693069,0.80198,-0.0478295
0.70297,0.80198,-0.0500549
0.712871,0.80198,-0.0522335
0.722772,0.80198,-0.054359
0.732673,0.80198,-0.0564238
0.742574,0.80198,-0.0584194
0.752475,0.80198,-0.0603359
0.762376,0.80198,-0.0621619
0.772277,0.80198,-0.0638844
0.782178,0.80198,-0.0654885
0.792079,0.80198,-0.0669573
0.80198,0.80198,-0.0682715
0.811881,0.80198,-0.0694092
0.821782,0.80198,-0.0703458
0.831683,0.80198,-0.0710532
0.841584,0.80198,-0.0715002
0.851485,0.80198,-0.0716518
0.861386,0.80198,-0.0714689
0.871287,0.80198,-0.070908
0.881188,0.80198,-0.0699211
0.891089,0.80198,-0.068455
0.90099,0.80198,-0.0664516
0.910891,0.80198,-0.0638471
0.920792,0.80198,-0.0605723
0.930693,0.80198,-0.0565519
0.940594,0.80198,-0.0517051
0.950495,0.80198,-0.0459449
0.960396,0.80198,-0.0391787
0.970297,0.80198,-0.0313078
0.980198,0.80198,-0.0222282
0.990099,0.80198,-0.0118304
1,0.80198,0
0,0.811881,0
0.00990099,0.811881,0.0143958
0.019802,0.811881,0.0270971
0.029703,0.811881,0.0382374
0.039604,0.811881,0.0479444
0.049505,0.811881,0.0563394
0.0594059,0.811881,0.0635368
0.0693069,0.811881,0.0696446
0.0792079,0.811881,0.0747636
0.0891089,0.811881,0.0789877
0.0990099,0.811881,0.082404
0.108911,0.811881,0.0850926
0.118812,0.811881,0.0871274
0.128713,0.811881,0.0885756
0.138614,0.811881,0.0894986
0.148515,0.811881,0.0899521
0.158416,0.811881,0.0899865
0.168317,0.811881,0.0896471
0.178218,0.811881,0.0889747
0.188119,0.811881,0.0880057
0.19802,0.811881,0.086773
0.207921,0.811881,0.0853054
0.217822,0.811881,0.083629
0.227723,0.811881,0.0817667
0.237624,0.811881,0.0797389
0.247525,0.811881,0.0775636
0.257426,0.811881,0.0752567
0.267327,0.811881,0.0728323
0.277228,0.811881,0.0703028
0.287129,0.811881,0.0676792
0.29703,0.811881,0.0649712
0.306931,0.811881,0.0621873
0.316832,0.811881,0.0593353
0.326733,0.811881,0.0564217
0.336634,0.811881,0.0534526
0.346535,0.811881,0.0504335
0.356436,0.811881,0.0473691
0.366337,0.811881,0.0442638
0.376238,0.811881,0.0411217
0.386139,0.811881,0.0379464
0.39604,0.811881,0.0347413
0.405941,0.811881,0.0315095
0.415842,0.811881,0.0282541
0.425743,0.811881,0.0249778
0.435644,0.811881,0.0216834
0.445545,0.811881,0.0183734
0.455446,0.811881,0.0150504
0.465347,0.811881,0.0117168
0.475248,0.811881,0.00837495
0.485149,0.811881,0.00502729
0.49505,0.811881,0.00167615
0.50495,0.811881,-0.00167615
0.514851,0.811881,-0.00502729
0.524752,0.811881,-0.00837495
0.534653,0.811881,-0.0117168
0.544554,0.811881,-0.0150504
0.554455,0.811881,-0.0183734
0.564356,0.811881,-0.0216834
0.574257,0.811881,-0.0249778
0.584158,0.811881,-0.0282541
0.594059,0.811881,-0.0315095
0.60396,0.811881,-0.0347413
0.613861,0.811881,-0.0379464
0.623762,0.811881,-0.0411217
0.633663,0.811881,-0.0442638
0.643564,0.811881,-0.0473691
0.653465,0.811881,-0.0504335
0.663366,0.811881,-0.0534526
0.673267,0.811881,-0.0564217
0.683168,0.811881,-0.0593353
0.693069,0.811881,-0.0621873
0.70297,0.811881,-0.0649712
0.712871,0.811881,-0.0676792
0.722772,0.811881,-0.0703028
0.732673,0.811881,-0.0728323
0.742574,0.811881,-0.0752567
0.752475,0.811881,-0.0775636
0.762376,0.811881,-0.0797389
0.772277,0.811881,-0.0817667
0.782178,0.811881,-0.083629
0.792079,0.811881,-0.0853054
0.80198,0.811881,-0.086773
0.811881,0.811881,-0.0880057
0.821782,0.811881,-0.0889747
0.831683,0.811881,-0.0896471
0.841584,0.811881,-0.0899865
0.851485,0.811881,-0.0899521
0.861386,0.811881,-0.0894986
0.871287,0.811881,-0.0885756
0.881188,0.811881,-0.0871274
0.891089,0.811881,-0.0850926
0.90099,0.811881,-0.082404
0.910891,0.811881,-0.0789877
0.920792,0.811881,-0.0747636
0.930693,0.811881,-0.0696446
0.940594,0.811881,-0.0635368
0.950495,0.811881,-0.0563394
0.960396,0.811881,-0.0479444
0.970297,0.811881,-0.0382374
0.980198,0.811881,-0.0270971
0.990099,0.811881,-0.0143958
1,0.811881,0
0,0.821782,0
0.00990099,0.821782,0.0168125
0.019802,0.821782,0.0316762
0.029703,0.821782,0.044744
0.039604,0.821782,0.0561621
0.049505,0.821782,0.0660693
0.0594059,0.821782,0.0745964
0.0693069,0.821782,0.0818664
0.0792079,0.821782,0.0879943
0.0891089,0.821782,0.0930869
0.0990099,0.821782,0.097243
0.108911,0.821782,0.100554
0.118812,0.821782,0.103102
0.128713,0.821782,0.104965
0.138614,0.821782,0.106211
0.148515,0.821782,0.106904
0.158416,0.821782,0.1071
0.168317,0.821782,0.10685
0.178218,0.821782,0.106202
0.188119,0.821782,0.105195
0.19802,0.821782,0.103868
0.207921,0.821782,0.102252
0.217822,0.821782,0.100379
0.227723,0.821782,0.0982735
0.237624,0.821782,0.0959597
0.247525,0.821782,0.0934585
0.257426,0.821782,0.0907883
0.267327,0.821782,0.0879657
0.277228,0.821782,0.0850054
0.287129,0.821782,0.0819206
0.29703,0.821782,0.0787229
0.306931,0.821782,0.0754228
0.316832,0.821782,0.0720297
0.326733,0.821782,0.0685521
0.336634,0.821782,0.0649976
0.346535,0.821782,0.0613731
0.356436,0.821782,0.057685
0.366337,0.821782,0.0539391
0.376238,0.821782,0.0501406
0.386139,0.821782,0.0462948
0.39604,0.821782,0.0424061
0.405941,0.821782,0.038479
0.415842,0.821782,0.0345178
0.425743,0.821782,0.0305263
0.435644,0.821782,0.0265085
0.445545,0.821782,0.022468
0.455446,0.821782,0.0184086
0.465347,0.821782,0.0143337
0.475248,0.821782,0.0102469
0.485149,0.821782,0.00615151
0.49505,0.821782,0.00205107
0.50495,0.821782,-0.00205107
0.514851,0.821782,-0.00615151
0.524752,0.821782,-0.0102469
0.534653,0.821782,-0.0143337
0.544554,0.821782,-0.0184086
0.554455,0.821782,-0.022468
0.564356,0.821782,-0.0265085
0.574257,0.821782,-0.0305263
0.584158,0.821782,-0.0345178
0.594059,0.821782,-0.038479
0.60396,0.821782,-0.0424061
0.613861,0.821782,-0.0462948
0.623762,0.821782,-0.0501406
0.633663,0.821782,-0.0539391
0.643564,0.821782,-0.057685
0.653465,0.821782,-0.0613731
0.663366,0.821782,-0.0649976
0.673267,0.821782,-0.0685521
0.683168,0.821782,-0.0720297
0.693069,0.821782,-0.0754228
0.70297,0.821782,-0.0787229
0.712871,0.821782,-0.0819206
0.722772,0.821782,-0.0850054
0.732673,0.821782,-0.0879657
0.742574,0.821782,-0.0907883
0.752475,0.821782,-0.0934585
0.762376,0.821782,-0.0959597
0.772277,0.821782,-0.0982735
0.782178,0.821782,-0.100379
0.792079,0.821782,-0.102252
0.80198,0.821782,-0.103868
0.811881,0.821782,-0.105195
0.821782,0.821782,-0.106202
0.831683,0.821782,-0.10685
0.841584,0.821782,-0.1071
0.851485,0.821782,-0.106904
0.861386,0.821782,-0.106211
0.871287,0.821782,-0.104965
0.881188,0.821782,-0.103102
0.891089,0.821782,-0.100554
0.90099,0.821782,-0.097243
0.910891,0.821782,-0.0930869
0.920792,0.821782,-0.0879943
0.930693,0.821782,-0.0818664
0.940594,0.821782,-0.0745964
0.950495,0.821782,-0.0660693
0.960396,0.821782,-0.0561621
0.970297,0.821782,-0.044744
0.980198,0.821782,-0.0316762
0.990099,0.821782,-0.0168125
1,0.821782,0
0,0.831683,0
0.00990099,0.831683,0.0190614
0.019802,0.831683,0.0359282
0.029703,0.831683,0.0507734
0.039604,0.831683,0.0637621
0.049505,0.831683,0.0750509
0.0594059,0.831683,0.0847872
0.0693069,0.831683,0.0931093
0.0792079,0.831683,0.100146
0.0891089,0.831683,0.106018
0.0990099,0.831683,0.110835
0.108911,0.831683,0.114698
0.118812,0.831683,0.1177
0.128713,0.831683,0.119926
0.138614,0.831683,0.121454
0.148515,0.831683,0.122352
0.158416,0.831683,0.122684
0.168317,0.831683,0.122506
0.178218,0.831683,0.12187
0.188119,0.831683,0.120821
0.19802,0.831683,0.1194
0.207921,0.831683,0.117644
0.217822,0.831683,0.115586
0.227723,0.831683,0.113256
0.237624,0.831683,0.110678
0.247525,0.831683,0.107878
0.257426,0.831683,0.104875
0.267327,0.831683,0.101689
0.277228,0.831683,0.0983358
0.287129,0.831683,0.0948309
0.29703,0.831683,0.0911878
0.306931,0.831683,0.0874185
0.316832,0.831683,0.083534
0.326733,0.831683,0.0795444
0.336634,0.831683,0.0754587
0.346535,0.831683,0.0712851
0.356436,0.831683,0.0670314
0.366337,0.831683,0.0627046
0.376238,0.831683,0.0583113
0.386139,0.831683,0.0538577
0.39604,0.831683,0.0493496
0.405941,0.831683,0.0447926
0.415842,0.831683,0.0401918
0.425743,0.831683,0.0355524
0.435644,0.831683,0.0308792
0.445545,0.831683,0.026177
0.455446,0.831683,0.0214505
0.465347,0.831683,0.0167041
0.475248,0.831683,0.0119424
0.485149,0.831683,0.00716983
0.49505,0.831683,0.00239067
0.50495,0.831683,-0.00239067
0.514851,0.831683,-0.00716983
0.524752,0.831683,-0.0119424
0.534653,0.831683,-0.0167041
0.544554,0.831683,-0.0214505
0.554455,0.831683,-0.026177
0.564356,0.831683,-0.0308792
0.574257,0.831683,-0.0355524
0.584158,0.831683,-0.0401918
0.594059,0.831683,-0.0447926
0.60396,0.831683,-0.0493496
0.613861,0.831683,-0.0538577
0.623762,0.831683,-0.0583113
0.633663,0.831683,-0.0627046
0.643564,0.831683,-0.0670314
0.653465,0.831683,-0.0712851
0.663366,0.831683,-0.0754587
0.673267,0.831683,-0.0795444
0.683168,0.831683,-0.083534
0.693069,0.831683,-0.0874185
0.70297,0.831683,-0.0911878
0.712871,0.831683,-0.0948309
0.722772,0.831683,-0.0983358
0.732673,0.831683,-0.101689
0.742574,0.831683,-0.104875
0.752475,0.831683,-0.107878
0.762376,0.831683,-0.110678
0.772277,0.831683,-0.113256
0.782178,0.831683,-0.115586
0.792079,0.831683,-0.117644
0.80198,0.831683,-0.1194
0.811881,0.831683,-0.120821
0.821782,0.831683,-0.12187
0.831683,0.831683,-0.122506
0.841584,0.831683,-0.122684
0.851485,0.831683,-0.122352
0.861386,0.831683,-0.121454
0.871287,0.831683,-0.119926
0.881188,0.831683,-0.1177
0.891089,0.831683,-0.114698
0.90099,0.831683,-0.110835
0.910891,0.831683,-0.106018
0.920792,0.831683,-0.100146
0.930693,0.831683,-0.0931093
0.940594,0.831683,-0.0847872
0.950495,0.831683,-0.0750509
0.960396,0.831683,-0.0637621
0.970297,0.831683,-0.0507734
0.980198,0.831683,-0.0359282
0.990099,0.831683,-0.0190614
1,0.831683,0
0,0.841584,0
0.00990099,0.841584,0.0211226
0.019802,0.841584,0.0398146
0.029703,0.841584,0.0562698
0.039604,0.841584,0.0706726
0.049505,0.841584,0.0831978
0.0594059,0.841584,0.0940098
0.0693069,0.841584,0.103262
0.0792079,0.841584,0.111099
0.0891089,0.841584,0.117651
0.0990099,0.841584,0.123042
0.108911,0.841584,0.127382
0.118812,0.841584,0.130773
0.128713,0.841584,0.133309
0.138614,0.841584,0.135073
0.148515,0.841584,0.136141
0.158416,0.841584,0.136582
0.168317,0.841584,0.136457
0.178218,0.841584,0.135822
0.188119,0.841584,0.134727
0.19802,0.841584,0.133216
0.207921,0.841584,0.131328
0.217822,0.841584,0.129101
0.227723,0.841584,0.126565
0.237624,0.841584,0.12375
0.247525,0.841584,0.12068
0.257426,0.841584,0.117379
0.267327,0.841584,0.113867
0.277228,0.841584,0.110164
0.287129,0.841584,0.106285
0.29703,0.841584,0.102245
0.306931,0.841584,0.0980582
0.316832,0.841584,0.093737
0.326733,0.841584,0.0892926
0.336634,0.841584,0.0847351
0.346535,0.841584,0.0800742
0.356436,0.841584,0.0753186
0.366337,0.841584,0.0704765
0.376238,0.841584,0.0655556
0.386139,0.841584,0.060563
0.39604,0.841584,0.0555056
0.405941,0.841584,0.0503899
0.415842,0.841584,0.0452221
0.425743,0.841584,0.0400082
0.435644,0.841584,0.034754
0.445545,0.841584,0.0294651
0.455446,0.841584,0.0241472
0.465347,0.841584,0.0188056
0.475248,0.841584,0.0134456
0.485149,0.841584,0.00807259
0.49505,0.841584,0.00269173
0.50495,0.841584,-0.00269173
0.514851,0.841584,-0.00807259
0.524752,0.841584,-0.0134456
0.534653,0.841584,-0.0188056
0.544554,0.841584,-0.0241472
0.554455,0.841584,-0.0294651
0.564356,0.841584,-0.034754
0.574257,0.841584,-0.0400082
0.584158,0.841584,-0.0452221
0.594059,0.841584,-0.0503899
0.60396,0.841584,-0.0555056
0.613861,0.841584,-0.060563
0.623762,0.841584,-0.0655556
0.633663,0.841584,-0.0704765
0.643564,0.841584,-0.0753186
0.653465,0.841584,-0.0800742
0.663366,0.841584,-0.0847351
0.673267,0.841584,-0.0892926
0.683168,0.841584,-0.093737
0.693069,0.841584,-0.0980582
0.70297,0.841584,-0.102245
0.712871,0.841584,-0.106285
0.722772,0.841584,-0.110164
0.732673,0.841584,-0.113867
0.742574,0.841584,-0.117379
0.752475,0.841584,-0.12068
0.762376,0.841584,-0.12375
0.772277,0.841584,-0.126565
0.782178,0.841584,-0.129101
0.792079,0.841584,-0.131328
0.80198,0.841584,-0.133216
0.811881,0.841584,-0.134727
0.821782,0.841584,-0.135822
0.831683,0.841584,-0.136457
0.841584,0.841584,-0.136582
0.851485,0.841584,-0.136141
0.861386,0.841584,-0.135073
0.871287,0.841584,-0.133309
0.881188,0.841584,-0.130773
0.891089,0.841584,-0.127382
0.90099,0.841584,-0.123042
0.910891,0.841584,-0.117651
0.920792,0.841584,-0.111099
0.930693,0.841584,-0.103262
0.940594,0.841584,-0.0940098
0.950495,0.841584,-0.0831978
0.960396,0.841584,-0.0706726
0.970297,0.841584,-0.0562698
0.980198,0.841584,-0.0398146
0.990099,0.841584,-0.0211226
1,0.841584,0
0,0.851485,0
0.00990099,0.851485,0.0229756
0.019802,0.851485,0.0432957
0.029703,0.851485,0.0611754
0.039604,0.851485,0.0768193
0.049505,0.851485,0.090421
0.0594059,0.851485,0.102162
0.0693069,0.851485,0.112212
0.0792079,0.851485,0.120728
0.0891089,0.851485,0.127854
0.0990099,0.851485,0.133725
0.108911,0.851485,0.13846
0.118812,0.851485,0.142171
0.128713,0.851485,0.144958
0.138614,0.851485,0.146911
0.148515,0.851485,0.148112
0.158416,0.851485,0.148634
0.168317,0.851485,0.148544
0.178218,0.851485,0.1479
0.188119,0.851485,0.146756
0.19802,0.851485,0.145159
0.207921,0.851485,0.143151
0.217822,0.851485,0.140772
0.227723,0.851485,0.138054
0.237624,0.851485,0.135029
0.247525,0.851485,0.131724
0.257426,0.851485,0.128163
0.267327,0.851485,0.124369
0.277228,0.851485,0.120361
0.287129,0.851485,0.116157
0.29703,0.851485,0.111775
0.306931,0.851485,0.107227
0.316832,0.851485,0.102529
0.326733,0.851485,0.0976921
0.336634,0.851485,0.0927278
0.346535,0.851485,0.0876467
0.356436,0.851485,0.0824584
0.366337,0.851485,0.0771722
0.376238,0.851485,0.0717965
0.386139,0.851485,0.0663395
0.39604,0.851485,0.0608089
0.405941,0.851485,0.0552119
0.415842,0.851485,0.0495555
0.425743,0.851485,0.0438467
0.435644,0.851485,0.038092
0.445545,0.851485,0.0322978
0.455446,0.851485,0.0264704
0.465347,0.851485,0.0206159
0.475248,0.851485,0.0147406
0.485149,0.851485,0.00885029
0.49505,0.851485,0.00295109
0.50495,0.851485,-0.00295109
0.514851,0.851485,-0.00885029
0.524752,0.851485,-0.0147406
0.534653,0.851485,-0.0206159
0.544554,0.851485,-0.0264704
0.554455,0.851485,-0.0322978
0.564356,0.851485,-0.038092
0.574257,0.851485,-0.0438467
0.584158,0.851485,-0.0495555
0.594059,0.851485,-0.0552119
0.60396,0.851485,-0.0608089
0.613861,0.851485,-0.0663395
0.623762,0.851485,-0.0717965
0.633663,0.851485,-0.0771722
0.643564,0.851485,-0.0824584
0.653465,0.851485,-0.0876467
0.663366,0.851485,-0.0927278
0.673267,0.851485,-0.0976921
0.683168,0.851485,-0.102529
0.693069,0.851485,-0.107227
0.70297,0.851485,-0.111775
0.712871,0.851485,-0.116157
0.722772,0.851485,-0.120361
0.732673,0.851485,-0.124369
0.742574,0.851485,-0.128163
0.752475,0.851485,-0.131724
0.762376,0.851485,-0.135029
0.772277,0.851485,-0.138054
0.782178,0.851485,-0.140772
0.792079,0.851485,-0.143151
0.80198,0.851485,-0.145159
0.811881,0.851485,-0.146756
0.821782,0.851485,-0.1479
0.831683,0.851485,-0.148544
0.841584,0.851485,-0.148634
0.851485,0.851485,-0.148112
0.861386,0.851485,-0.146911
0.871287,0.851485,-0.144958
0.881188,0.851485,-0.142171
0.891089,0.851485,-0.13846
0.90099,0.851485,-0.133725
0.910891,0.851485,-0.127854
0.920792,0.851485,-0.120728
0.930693,0.851485,-0.112212
0.940594,0.851485,-0.102162
0.950495,0.851485,-0.090421
0.960396,0.851485,-0.0768193
0.970297,0.851485,-0.0611754
0.980198,0.851485,-0.0432957
0.990099,0.851485,-0.0229756
1,0.851485,0
0,0.861386,0
0.00990099,0.861386,0.0245991
0.019802,0.861386,0.04633
0.029703,0.861386,0.0654301
0.039604,0.861386,0.0821251
0.049505,0.861386,0.0966277
0.0594059,0.861386,0.109137
0.0693069,0.861386,0.119839
0.0792079,0.861386,0.128905
0.0891089,0.861386,0.13649
0.0990099,0.861386,0.14274
0.108911,0.861386,0.147784
0.118812,0.861386,0.151742
0.128713,0.861386,0.154719
0.138614,0.861386,0.156811
0.148515,0.861386,0.158107
0.158416,0.861386,0.158683
0.168317,0.861386,0.158608
0.178218,0.861386,0.157946
0.188119,0.861386,0.156752
0.19802,0.861386,0.155076
0.207921,0.861386,0.152962
0.217822,0.861386,0.15045
0.227723,0.861386,0.147577
0.237624,0.861386,0.144375
0.247525,0.861386,0.140871
0.257426,0.861386,0.137092
0.267327,0.861386,0.133062
0.277228,0.861386,0.128801
0.287129,0.861386,0.124328
0.29703,0.861386,0.11966
0.306931,0.861386,0.114814
0.316832,0.861386,0.109803
0.326733,0.861386,0.104641
0.336634,0.861386,0.0993395
0.346535,0.861386,0.0939106
0.356436,0.861386,0.0883644
0.366337,0.861386,0.0827107
0.376238,0.861386,0.076959
0.386139,0.861386,0.0711178
0.39604,0.861386,0.0651957
0.405941,0.861386,0.0592006
0.415842,0.861386,0.0531403
0.425743,0.861386,0.0470221
0.435644,0.861386,0.0408533
0.445545,0.861386,0.0346411
0.455446,0.861386,0.0283922
0.465347,0.861386,0.0221136
0.475248,0.861386,0.0158118
0.485149,0.861386,0.00949366
0.49505,0.861386,0.00316565
0.50495,0.861386,-0.00316565
0.514851,0.861386,-0.00949366
0.524752,0.861386,-0.0158118
0.534653,0.861386,-0.0221136
0.544554,0.861386,-0.0283922
0.554455,0.861386,-0.0346411
0.564356,0.861386,-0.0408533
0.574257,0.861386,-0.0470221
0.584158,0.861386,-0.0531403
0.594059,0.861386,-0.0592006
0.60396,0.861386,-0.0651957
0.613861,0.861386,-0.0711178
0.623762,0.861386,-0.076959
0.633663,0.861386,-0.0827107
0.643564,0.861386,-0.0883644
0.653465,0.861386,-0.0939106
0.663366,0.861386,-0.0993395
0.673267,0.861386,-0.104641
0.683168,0.861386,-0.109803
0.693069,0.861386,-0.114814
0.70297,0.861386,-0.11966
0.712871,0.861386,-0.124328
0.722772,0.861386,-0.128801
0.732673,0.861386,-0.133062
0.742574,0.861386,-0.137092
0.752475,0.861386,-0.140871
0.762376,0.861386,-0.144375
0.772277,0.861386,-0.147577
0.782178,0.861386,-0.15045
0.792079,0.861386,-0.152962
0.80198,0.861386,-0.155076
0.811881,0.861386,-0.156752
0.821782,0.861386,-0.157946
0.831683,0.861386,-0.158608
0.841584,0.861386,-0.158683
0.851485,0.861386,-0.158107
0.861386,0.861386,-0.156811
0.871287,0.861386,-0.154719
0.881188,0.861386,-0.151742
0.891089,0.861386,-0.147784
0.90099,0.861386,-0.14274
0.910891,0.861386,-0.13649
0.920792,0.861386,-0.128905
0.930693,0.861386,-0.119839
0.940594,0.861386,-0.109137
0.950495,0.861386,-0.0966277
0.960396,0.861386,-0.0821251
0.970297,0.861386,-0.0654301
0.980198,0.861386,-0.04633
0.990099,0.861386,-0.0245991
1,0.861386,0
0,0.871287,0
0.00990099,0.871287,0.0259705
0.019802,0.871287,0.0488737
0.029703,0.871287,0.0689704
0.039604,0.871287,0.0865085
0.049505,0.871287,0.101721
0.0594059,0.871287,0.114825
0.0693069,0.871287,0.126022
0.0792079,0.871287,0.135497
0.0891089,0.871287,0.143419
0.0990099,0.871287,0.149941
0.108911,0.871287,0.155203
0.118812,0.871287,0.159329
0.128713,0.871287,0.162433
0.138614,0.871287,0.164615
0.148515,0.871287,0.165966
0.158416,0.871287,0.166568
0.168317,0.871287,0.166492
0.178218,0.871287,0.165803
0.188119,0.871287,0.16456
0.19802,0.871287,0.162813
0.207921,0.871287,0.160609
0.217822,0.871287,0.157989
0.227723,0.871287,0.15499
0.237624,0.871287,0.151645
0.247525,0.871287,0.147984
0.257426,0.871287,0.144034
0.267327,0.871287,0.139818
0.277228,0.871287,0.135359
0.287129,0.871287,0.130675
0.29703,0.871287,0.125786
0.306931,0.871287,0.120706
0.316832,0.871287,0.115453
0.326733,0.871287,0.110038
0.336634,0.871287,0.104475
0.346535,0.871287,0.0987762
0.356436,0.871287,0.0929521
0.366337,0.871287,0.0870132
0.376238,0.871287,0.0809695
0.386139,0.871287,0.0748301
0.39604,0.871287,0.068604
0.405941,0.871287,0.0622998
0.415842,0.871287,0.0559256
0.425743,0.871287,0.0494895
0.435644,0.871287,0.0429991
0.445545,0.871287,0.0364621
0.455446,0.871287,0.0298857
0.465347,0.871287,0.0232775
0.475248,0.871287,0.0166444
0.485149,0.871287,0.00999368
0.49505,0.871287,0.0033324
0.50495,0.871287,-0.0033324
0.514851,0.871287,-0.00999368
0.524752,0.871287,-0.0166444
0.534653,0.871287,-0.0232775
0.544554,0.871287,-0.0298857
0.554455,0.871287,-0.0364621
0.564356,0.871287,-0.0429991
0.574257,0.871287,-0.0494895
0.584158,0.871287,-0.0559256
0.594059,0.871287,-0.0622998
0.60396,0.871287,-0.068604
0.613861,0.871287,-0.0748301
0.623762,0.871287,-0.0809695
0.633663,0.871287,-0.0870132
0.643564,0.871287,-0.0929521
0.653465,0.871287,-0.0987762
0.663366,0.871287,-0.104475
0.673267,0.871287,-0.110038
0.683168,0.871287,-0.115453
0.693069,0.871287,-0.120706
0.70297,0.871287,-0.125786
0.712871,0.871287,-0.130675
0.722772,0.871287,-0.135359
0.732673,0.871287,-0.139818
0.742574,0.871287,-0.144034
0.752475,0.871287,-0.147984
0.762376,0.871287,-0.151645
0.772277,0.871287,-0.15499
0.782178,0.871287,-0.157989
0.792079,0.871287,-0.160609
0.80198,0.871287,-0.162813
0.811881,0.871287,-0.16456
0.821782,0.871287,-0.165803
0.831683,0.871287,-0.166492
0.841584,0.871287,-0.166568
0.851485,0.871287,-0.165966
0.861386,0.871287,-0.164615
0.871287,0.871287,-0.162433
0.881188,0.871287,-0.159329
0.891089,0.871287,-0.155203
0.90099,0.871287,-0.149941
0.910891,0.871287,-0.143419
0.920792,0.871287,-0.135497
0.930693,0.871287,-0.126022
0.940594,0.871287,-0.114825
0.950495,0.871287,-0.101721
0.960396,0.871287,-0.0865085
0.970297,0.871287,-0.0689704
0.980198,0.871287,-0.0488737
0.990099,0.871287,-0.0259705
1,0.871287,0
0,0.881188,0
0.00990099,0.881188,0.027066
0.019802,0.881188,0.0508802
0.029703,0.881188,0.071729
0.039604,0.881188,0.0898836
0.049505,0.881188,0.105598
0.0594059,0.881188,0.119109
0.0693069,0.881188,0.130632
0.0792079,0.881188,0.140368
0.0891089,0.881188,0.148495
0.0990099,0.881188,0.155177
0.108911,0.881188,0.160559
0.118812,0.881188,0.164775
0.128713,0.881188,0.16794
0.138614,0.881188,0.17016
0.148515,0.881188,0.171528
0.158416,0.881188,0.172129
0.168317,0.881188,0.172035
0.178218,0.881188,0.171314
0.188119,0.881188,0.170024
0.19802,0.881188,0.168219
0.207921,0.881188,0.165944
0.217822,0.881188,0.163242
0.227723,0.881188,0.160151
0.237624,0.881188,0.156703
0.247525,0.881188,0.15293
0.257426,0.881188,0.148858
0.267327,0.881188,0.144512
0.277228,0.881188,0.139914
0.287129,0.881188,0.135083
0.29703,0.881188,0.13004
0.306931,0.881188,0.124799
0.316832,0.881188,0.119376
0.326733,0.881188,0.113787
0.336634,0.881188,0.108043
0.346535,0.881188,0.102156
0.356436,0.881188,0.0961397
0.366337,0.881188,0.0900031
0.376238,0.881188,0.0837569
0.386139,0.881188,0.0774106
0.39604,0.881188,0.0709736
0.405941,0.881188,0.0644548
0.415842,0.881188,0.0578627
0.425743,0.881188,0.0512056
0.435644,0.881188,0.0444917
0.445545,0.881188,0.0377288
0.455446,0.881188,0.0309248
0.465347,0.881188,0.0240872
0.475248,0.881188,0.0172237
0.485149,0.881188,0.0103416
0.49505,0.881188,0.00344843
0.50495,0.881188,-0.00344843
0.514851,0.881188,-0.0103416
0.524752,0.881188,-0.0172237
0.534653,0.881188,-0.0240872
0.544554,0.881188,-0.0309248
0.554455,0.881188,-0.0377288
0.564356,0.881188,-0.0444917
0.574257,0.881188,-0.0512056
0.584158,0.881188,-0.0578627
0.594059,0.881188,-0.0644548
0.60396,0.881188,-0.0709736
0.613861,0.881188,-0.0774106
0.623762,0.881188,-0.0837569
0.633663,0.881188,-0.0900031
0.643564,0.881188,-0.0961397
0.653465,0.881188,-0.102156
0.663366,0.881188,-0.108043
0.673267,0.881188,-0.113787
0.683168,0.881188,-0.119376
0.693069,0.881188,-0.124799
0.70297,0.881188,-0.13004
0.712871,0.881188,-0.135083
0.722772,0.881188,-0.139914
0.732673,0.881188,-0.144512
0.742574,0.881188,-0.148858
0.752475,0.881188,-0.15293
0.762376,0.881188,-0.156703
0.772277,0.881188,-0.160151
0.782178,0.881188,-0.163242
0.792079,0.881188,-0.165944
0.80198,0.881188,-0.168219
0.811881,0.881188,-0.170024
0.821782,0.881188,-0.171314
0.831683,0.881188,-0.172035
0.841584,0.881188,-0.172129
0.851485,0.881188,-0.171528
0.861386,0.881188,-0.17016
0.871287,0.881188,-0.16794
0.881188,0.881188,-0.164775
0.891089,0.881188,-0.160559
0.90099,0.881188,-0.155177
0.910891,0.881188,-0.148495
0.920792,0.881188,-0.140368
0.930693,0.881188,-0.130632
0.940594,0.881188,-0.119109
0.950495,0.881188,-0.105598
0.960396,0.881188,-0.0898836
0.970297,0.881188,-0.071729
0.980198,0.881188,-0.0508802
0.990099,0.881188,-0.027066
1,0.881188,0
0,0.891089,0
0.00990099,0.891089,0.0278596
0.019802,0.891089,0.0522993
0.029703,0.891089,0.0736332
0.039604,0.891089,0.0921578
0.049505,0.891089,0.10815
0.0594059,0.891089,0.121864
0.0693069,0.891089,0.133534
0.0792079,0.891089,0.143371
0.0891089,0.891089,0.151566
0.0990099,0.891089,0.15829
0.108911,0.891089,0.163695
0.118812,0.891089,0.167917
0.128713,0.891089,0.171077
0.138614,0.891089,0.173284
0.148515,0.891089,0.174632
0.158416,0.891089,0.175205
0.168317,0.891089,0.17508
0.178218,0.891089,0.174323
0.188119,0.891089,0.172993
0.19802,0.891089,0.171143
0.207921,0.891089,0.16882
0.217822,0.891089,0.166067
0.227723,0.891089,0.16292
0.237624,0.891089,0.159413
0.247525,0.891089,0.155576
0.257426,0.891089,0.151437
0.267327,0.891089,0.14702
0.277228,0.891089,0.142348
0.287129,0.891089,0.137439
0.29703,0.891089,0.132313
0.306931,0.891089,0.126986
0.316832,0.891089,0.121475
0.326733,0.891089,0.115792
0.336634,0.891089,0.109952
0.346535,0.891089,0.103967
0.356436,0.891089,0.097848
0.366337,0.891089,0.0916063
0.376238,0.891089,0.0852523
0.386139,0.891089,0.0787958
0.39604,0.891089,0.0722463
0.405941,0.891089,0.0656127
0.415842,0.891089,0.058904
0.425743,0.891089,0.0521286
0.435644,0.891089,0.0452947
0.445545,0.891089,0.0384106
0.455446,0.891089,0.0314842
0.465347,0.891089,0.0245233
0.475248,0.891089,0.0175356
0.485149,0.891089,0.010529
0.49505,0.891089,0.00351093
0.50495,0.891089,-0.00351093
0.514851,0.891089,-0.010529
0.524752,0.891089,-0.0175356
0.534653,0.891089,-0.0245233
0.544554,0.891089,-0.0314842
0.554455,0.891089,-0.0384106
0.564356,0.891089,-0.0452947
0.574257,0.891089,-0.0521286
0.584158,0.891089,-0.058904
0.594059,0.891089,-0.0656127
0.60396,0.891089,-0.0722463
0.613861,0.891089,-0.0787958
0.623762,0.891089,-0.0852523
0.633663,0.891089,-0.0916063
0.643564,0.891089,-0.097848
0.653465,0.891089,-0.103967
0.663366,0.891089,-0.109952
0.673267,0.891089,-0.115792
0.683168,0.891089,-0.121475
0.693069,0.891089,-0.126986
0.70297,0.891089,-0.132313
0.712871,0.891089,-0.137439
0.722772,0.891089,-0.142348
0.732673,0.891089,-0.14702
0.742574,0.891089,-0.151437
0.752475,0.891089,-0.155576
0.762376,0.891089,-0.159413
0.772277,0.891089,-0.16292
0.782178,0.891089,-0.166067
0.792079,0.891089,-0.16882
0.80198,0.891089,-0.171143
0.811881,0.891089,-0.172993
0.821782,0.891089,-0.174323
0.831683,0.891089,-0.17508
0.841584,0.891089,-0.175205
0.851485,0.891089,-0.174632
0.861386,0.891089,-0.173284
0.871287,0.891089,-0.171077
0.881188,0.891089,-0.167917
0.891089,0.891089,-0.163695
0.90099,0.891089,-0.15829
0.910891,0.891089,-0.151566
0.920792,0.891089,-0.143371
0.930693,0.891089,-0.133534
0.940594,0.891089,-0.121864
0.950495,0.891089,-0.10815
0.960396,0.891089,-0.0921578
0.970297,0.891089,-0.0736332
0.980198,0.891089,-0.0522993
0.990099,0.891089,-0.0278596
1,0.891089,0
0,0.90099,0
0.00990099,0.90099,0.0283227
0.019802,0.90099,0.0530755
0.029703,0.90099,0.0746033
0.039604,0.90099,0.0932304
0.049505,0.90099,0.109257
0.0594059,0.90099,0.122958
0.0693069,0.90099,0.134583
0.0792079,0.90099,0.144355
0.0891089,0.90099,0.152474
0.0990099,0.90099,0.159118
0.108911,0.90099,0.164443
0.118812,0.90099,0.16859
0.128713,0.90099,0.17168
0.138614,0.90099,0.173822
0.148515,0.90099,0.175113
0.158416,0.90099,0.175637
0.168317,0.90099,0.175469
0.178218,0.90099,0.174675
0.188119,0.90099,0.173314
0.19802,0.90099,0.171439
0.207921,0.90099,0.169094
0.217822,0.90099,0.166323
0.227723,0.90099,0.163161
0.237624,0.90099,0.159643
0.247525,0.90099,0.155796
0.257426,0.90099,0.151649
0.267327,0.90099,0.147225
0.277228,0.90099,0.142546
0.287129,0.90099,0.137632
0.29703,0.90099,0.132501
0.306931,0.90099,0.127169
0.316832,0.90099,0.121652
0.326733,0.90099,0.115964
0.336634,0.90099,0.110118
0.346535,0.90099,0.104127
0.356436,0.90099,0.0980008
0.366337,0.90099,0.0917518
0.376238,0.90099,0.0853899
0.386139,0.90099,0.0789249
0.39604,0.90099,0.0723663
0.405941,0.90099,0.0657232
0.415842,0.90099,0.0590043
0.425743,0.90099,0.0522183
0.435644,0.90099,0.0453734
0.445545,0.90099,0.0384779
0.455446,0.90099,0.0315397
0.465347,0.90099,0.0245667
0.475248,0.90099,0.0175668
0.485149,0.90099,0.0105478
0.49505,0.90099,0.0035172
0.50495,0.90099,-0.0035172
0.514851,0.90099,-0.0105478
0.524752,0.90099,-0.0175668
0.534653,0.90099,-0.0245667
0.544554,0.90099,-0.0315397
0.554455,0.90099,-0.0384779
0.564356,0.90099,-0.0453734
0.574257,0.90099,-0.0522183
0.584158,0.90099,-0.0590043
0.594059,0.90099,-0.0657232
0.60396,0.90099,-0.0723663
0.613861,0.90099,-0.0789249
0.623762,0.90099,-0.0853899
0.633663,0.90099,-0.0917518
0.643564,0.90099,-0.0980008
0.653465,0.90099,-0.104127
0.663366,0.90099,-0.110118
0.673267,0.90099,-0.115964
0.683168,0.90099,-0.121652
0.693069,0.90099,-0.127169
0.70297,0.90099,-0.132501
0.712871,0.90099,-0.137632
0.722772,0.90099,-0.142546
0.732673,0.90099,-0.147225
0.742574,0.90099,-0.151649
0.752475,0.90099,-0.155796
0.762376,0.90099,-0.159643
0.772277,0.90099,-0.163161
0.782178,0.90099,-0.166323
0.792079,0.90099,-0.169094
0.80198,0.90099,-0.171439
0.811881,0.90099,-0.173314
0.821782,0.90099,-0.174675
0.831683,0.90099,-0.175469
0.841584,0.90099,-0.175637
0.851485,0.90099,-0.175113
0.861386,0.90099,-0.173822
0.871287,0.90099,-0.17168
0.881188,0.90099,-0.16859
0.891089,0.90099,-0.164443
0.90099,0.90099,-0.159118
0.910891,0.90099,-0.152474
0.920792,0.90099,-0.144355
0.930693,0.90099,-0.134583
0.940594,0.90099,-0.122958
0.950495,0.90099,-0.109257
0.960396,0.90099,-0.0932304
0.970297,0.90099,-0.0746033
0.980198,0.90099,-0.0530755
0.990099,0.90099,-0.0283227
1,0.90099,0
0,0.910891,0
0.00990099,0.910891,0.0284231
0.019802,0.910891,0.0531464
0.029703,0.910891,0.0745503
0.039604,0.910891,0.0929896
0.049505,0.910891,0.10879
0.0594059,0.910891,0.122247
0.0693069,0.910891,0.133625
0.0792079,0.910891,0.143158
0.0891089,0.910891,0.151052
0.0990099,0.910891,0.157492
0.108911,0.910891,0.162635
0.118812,0.910891,0.166623
0.128713,0.910891,0.169578
0.138614,0.910891,0.171609
0.148515,0.910891,0.17281
0.158416,0.910891,0.173264
0.168317,0.910891,0.173045
0.178218,0.910891,0.172218
0.188119,0.910891,0.170839
0.19802,0.910891,0.16896
0.207921,0.910891,0.166625
0.217822,0.910891,0.163874
0.227723,0.910891,0.160743
0.237624,0.910891,0.157264
0.247525,0.910891,0.153466
0.257426,0.910891,0.149374
0.267327,0.910891,0.145011
0.277228,0.910891,0.140399
0.287129,0.910891,0.135557
0.29703,0.910891,0.130501
0.306931,0.910891,0.12525
0.316832,0.910891,0.119816
0.326733,0.910891,0.114215
0.336634,0.910891,0.108458
0.346535,0.910891,0.102558
0.356436,0.910891,0.0965252
0.366337,0.910891,0.0903715
0.376238,0.910891,0.0841063
0.386139,0.910891,0.0777395
0.39604,0.910891,0.0712804
0.405941,0.910891,0.0647377
0.415842,0.910891,0.0581203
0.425743,0.910891,0.0514365
0.435644,0.910891,0.0446945
0.445545,0.910891,0.0379025
0.455446,0.910891,0.0310683
0.465347,0.910891,0.0241997
0.475248,0.910891,0.0173045
0.485149,0.910891,0.0103903
0.49505,0.910891,0.00346468
0.50495,0.910891,-0.00346468
0.514851,0.910891,-0.0103903
0.524752,0.910891,-0.0173045
0.534653,0.910891,-0.0241997
0.544554,0.910891,-0.0310683
0.554455,0.910891,-0.0379025
0.564356,0.910891,-0.0446945
0.574257,0.910891,-0.0514365
0.584158,0.910891,-0.0581203
0.594059,0.910891,-0.0647377
0.60396,0.910891,-0.0712804
0.613861,0.910891,-0.0777395
0.623762,0.910891,-0.0841063
0.633663,0.910891,-0.0903715
0.643564,0.910891,-0.0965252
0.653465,0.910891,-0.102558
0.663366,0.910891,-0.108458
0.673267,0.910891,-0.114215
0.683168,0.910891,-0.119816
0.693069,0.910891,-0.12525
0.70297,0.910891,-0.130501
0.712871,0.910891,-0.135557
0.722772,0.910891,-0.140399
0.732673,0.910891,-0.145011
0.742574,0.910891,-0.149374
0.752475,0.910891,-0.153466
0.762376,0.910891,-0.157264
0.772277,0.910891,-0.160743
0.782178,0.910891,-0.163874
0.792079,0.910891,-0.166625
0.80198,0.910891,-0.16896
0.811881,0.910891,-0.170839
0.821782,0.910891,-0.172218
0.831683,0.910891,-0.173045
0.841584,0.910891,-0.173264
0.851485,0.910891,-0.17281
0.861386,0.910891,-0.171609
0.871287,0.910891,-0.169578
0.881188,0.910891,-0.166623
0.891089,0.910891,-0.162635
0.90099,0.910891,-0.157492
0.910891,0.910891,-0.151052
0.920792,0.910891,-0.143158
0.930693,0.910891,-0.133625
0.940594,0.910891,-0.122247
0.950495,0.910891,-0.10879
0.960396,0.910891,-0.0929896
0.970297,0.910891,-0.0745503
0.980198,0.910891,-0.0531464
0.990099,0.910891,-0.0284231
1,0.910891,0
0,0.920792,0
0.00990099,0.920792,0.0281234
0.019802,0.920792,0.0524405
0.029703,0.920792,0.0733725
0.039604,0.920792,0.0913092
0.049505,0.920792,0.106604
0.0594059,0.920792,0.119572
0.0693069,0.920792,0.130491
0.0792079,0.920792,0.139604
0.0891089,0.920792,0.147123
0.0990099,0.920792,0.153233
0.108911,0.920792,0.158093
0.118812,0.920792,0.161842
0.128713,0.920792,0.164602
0.138614,0.920792,0.166476
0.148515,0.920792,0.167557
0.158416,0.920792,0.167926
0.168317,0.920792,0.167653
0.178218,0.920792,0.1668
0.188119,0.920792,0.165421
0.19802,0.920792,0.163565
0.207921,0.920792,0.161274
0.217822,0.920792,0.158587
0.227723,0.920792,0.155537
0.237624,0.920792,0.152154
0.247525,0.920792,0.148466
0.257426,0.920792,0.144496
0.267327,0.920792,0.140268
0.277228,0.920792,0.1358
0.287129,0.920792,0.131112
0.29703,0.920792,0.126219
0.306931,0.920792,0.121137
0.316832,0.920792,0.11588
0.326733,0.920792,0.110461
0.336634,0.920792,0.104893
0.346535,0.920792,0.0991864
0.356436,0.920792,0.0933522
0.366337,0.920792,0.0874009
0.376238,0.920792,0.0813419
0.386139,0.920792,0.0751847
0.39604,0.920792,0.0689381
0.405941,0.920792,0.0626107
0.415842,0.920792,0.056211
0.425743,0.920792,0.049747
0.435644,0.920792,0.0432267
0.445545,0.920792,0.0366579
0.455446,0.920792,0.0300482
0.465347,0.920792,0.0234052
0.475248,0.920792,0.0167364
0.485149,0.920792,0.0100492
0.49505,0.920792,0.00335095
0.50495,0.920792,-0.00335095
0.514851,0.920792,-0.0100492
0.524752,0.920792,-0.0167364
0.534653,0.920792,-0.0234052
0.544554,0.920792,-0.0300482
0.554455,0.920792,-0.0366579
0.564356,0.920792,-0.0432267
0.574257,0.920792,-0.049747
0.584158,0.920792,-0.056211
0.594059,0.920792,-0.0626107
0.60396,0.920792,-0.0689381
0.613861,0.920792,-0.0751847
0.623762,0.920792,-0.0813419
0.633663,0.920792,-0.0874009
0.643564,0.920792,-0.0933522
0.653465,0.920792,-0.0991864
0.663366,0.920792,-0.104893
0.673267,0.920792,-0.110461
0.683168,0.920792,-0.11588
0.693069,0.920792,-0.121137
0.70297,0.920792,-0.126219
0.712871,0.920792,-0.131112
0.722772,0.920792,-0.1358
0.732673,0.920792,-0.140268
0.742574,0.920792,-0.144496
0.752475,0.920792,-0.148466
0.762376,0.920792,-0.152154
0.772277,0.920792,-0.155537
0.782178,0.920792,-0.158587
0.792079,0.920792,-0.161274
0.80198,0.920792,-0.163565
0.811881,0.920792,-0.165421
0.821782,0.920792,-0.1668
0.831683,0.920792,-0.167653
0.841584,0.920792,-0.167926
0.851485,0.920792,-0.167557
0.861386,0.920792,-0.166476
0.871287,0.920792,-0.164602
0.881188,0.920792,-0.161842
0.891089,0.920792,-0.158093
0.90099,0.920792,-0.153233
0.910891,0.920792,-0.147123
0.920792,0.920792,-0.139604
0.930693,0.920792,-0.130491
0.940594,0.920792,-0.119572
0.950495,0.920792,-0.106604
0.960396,0.920792,-0.0913092
0.970297,0.920792,-0.0733725
0.980198,0.920792,-0.0524405
0.990099,0.920792,-0.0281234
1,0.920792,0
0,0.930693,0
0.00990099,0.930693,0.0273791
0.019802,0.930693,0.0508725
0.029703,0.930693,0.0709509
0.039604,0.930693,0.0880439
0.049505,0.930693,0.102534
0.0594059,0.930693,0.114755
0.0693069,0.930693,0.124996
0.0792079,0.930693,0.133507
0.0891089,0.930693,0.140499
0.0990099,0.930693,0.146156
0.108911,0.930693,0.150635
0.118812,0.930693,0.154069
0.128713,0.930693,0.156575
0.138614,0.930693,0.158254
0.148515,0.930693,0.159192
0.158416,0.930693,0.159465
0.168317,0.930693,0.159139
0.178218,0.930693,0.158273
0.188119,0.930693,0.156917
0.19802,0.930693,0.155116
0.207921,0.930693,0.15291
0.217822,0.930693,0.150334
0.227723,0.930693,0.147419
0.237624,0.930693,0.144194
0.247525,0.930693,0.140683
0.257426,0.930693,0.136908
0.267327,0.930693,0.132891
0.277228,0.930693,0.12865
0.287129,0.930693,0.124202
0.29703,0.930693,0.119561
0.306931,0.930693,0.114743
0.316832,0.930693,0.109761
0.326733,0.930693,0.104626
0.336634,0.930693,0.0993496
0.346535,0.930693,0.0939433
0.356436,0.930693,0.0884166
0.366337,0.930693,0.0827792
0.376238,0.930693,0.0770402
0.386139,0.930693,0.0712083
0.39604,0.930693,0.0652919
0.405941,0.930693,0.0592992
0.415842,0.930693,0.0532379
0.425743,0.930693,0.0471158
0.435644,0.930693,0.0409404
0.445545,0.930693,0.034719
0.455446,0.930693,0.028459
0.465347,0.930693,0.0221673
0.475248,0.930693,0.0158512
0.485149,0.930693,0.00951771
0.49505,0.930693,0.00317373
0.50495,0.930693,-0.00317373
0.514851,0.930693,-0.00951771
0.524752,0.930693,-0.0158512
0.534653,0.930693,-0.0221673
0.544554,0.930693,-0.028459
0.554455,0.930693,-0.034719
0.564356,0.930693,-0.0409404
0.574257,0.930693,-0.0471158
0.584158,0.930693,-0.0532379
0.594059,0.930693,-0.0592992
0.60396,0.930693,-0.0652919
0.613861,0.930693,-0.0712083
0.623762,0.930693,-0.0770402
0.633663,0.930693,-0.0827792
0.643564,0.930693,-0.0884166
0.653465,0.930693,-0.0939433
0.663366,0.930693,-0.0993496
0.673267,0.930693,-0.104626
0.683168,0.930693,-0.109761
0.693069,0.930693,-0.114743
0.70297,0.930693,-0.119561
0.712871,0.930693,-0.124202
0.722772,0.930693,-0.12865
0.732673,0.930693,-0.132891
0.742574,0.930693,-0.136908
0.752475,0.930693,-0.140683
0.762376,0.930693,-0.144194
0.772277,0.930693,-0.147419
0.782178,0.930693,-0.150334
0.792079,0.930693,-0.15291
0.80198,0.930693,-0.155116
0.811881,0.930693,-0.156917
0.821782,0.930693,-0.158273
0.831683,0.930693,-0.159139
0.841584,0.930693,-0.159465
0.851485,0.930693,-0.159192
0.861386,0.930693,-0.158254
0.871287,0.930693,-0.156575
0.881188,0.930693,-0.154069
0.891089,0.930693,-0.150635
0.90099,0.930693,-0.146156
0.910891,0.930693,-0.140499
0.920792,0.930693,-0.133507
0.930693,0.930693,-0.124996
0.940594,0.930693,-0.114755
0.950495,0.930693,-0.102534
0.960396,0.930693,-0.0880439
0.970297,0.930693,-0.0709509
0.980198,0.930693,-0.0508725
0.990099,0.930693,-0.0273791
1,0.930693,0
0,0.940594,0
0.00990099,0.940594,0.0261348
0.019802,0.940594,0.0483379
0.029703,0.940594,0.0671419
0.039604,0.940594,0.083022
0.049505,0.940594,0.09639
0.0594059,0.940594,0.107597
0.0693069,0.940594,0.116938
0.0792079,0.940594,0.124662
0.0891089,0.940594,0.130979
0.0990099,0.940594,0.136065
0.108911,0.940594,0.140069
0.118812,0.940594,0.143119
0.128713,0.940594,0.145322
0.138614,0.940594,0.146772
0.148515,0.940594,0.147549
0.158416,0.940594,0.147723
0.168317,0.940594,0.147353
0.178218,0.940594,0.146493
0.188119,0.940594,0.145189
0.19802,0.940594,0.14348
0.207921,0.940594,0.141404
0.217822,0.940594,0.138992
0.227723,0.940594,0.136272
0.237624,0.940594,0.13327
0.247525,0.940594,0.130007
0.257426,0.940594,0.126505
0.267327,0.940594,0.122782
0.277228,0.940594,0.118853
0.287129,0.940594,0.114736
0.29703,0.940594,0.110443
0.306931,0.940594,0.105987
0.316832,0.940594,0.10138
0.326733,0.940594,0.0966341
0.336634,0.940594,0.0917585
0.346535,0.940594,0.0867632
0.356436,0.940594,0.0816574
0.366337,0.940594,0.0764498
0.376238,0.940594,0.0711487
0.386139,0.940594,0.0657621
0.39604,0.940594,0.0602978
0.405941,0.940594,0.054763
0.415842,0.940594,0.0491652
0.425743,0.940594,0.0435113
0.435644,0.940594,0.0378082
0.445545,0.940594,0.0320627
0.455446,0.940594,0.0262816
0.465347,0.940594,0.0204713
0.475248,0.940594,0.0146384
0.485149,0.940594,0.00878949
0.49505,0.940594,0.0029309
0.50495,0.940594,-0.0029309
0.514851,0.940594,-0.00878949
0.524752,0.940594,-0.0146384
0.534653,0.940594,-0.0204713
0.544554,0.940594,-0.0262816
0.554455,0.940594,-0.0320627
0.564356,0.940594,-0.0378082
0.574257,0.940594,-0.0435113
0.584158,0.940594,-0.0491652
0.594059,0.940594,-0.054763
0.60396,0.940594,-0.0602978
0.613861,0.940594,-0.0657621
0.623762,0.940594,-0.0711487
0.633663,0.940594,-0.0764498
0.643564,0.940594,-0.0816574
0.653465,0.940594,-0.0867632
0.663366,0.940594,-0.0917585
0.673267,0.940594,-0.0966341
0.683168,0.940594,-0.10138
0.693069,0.940594,-0.105987
0.70297,0.940594,-0.110443
0.712871,0.940594,-0.114736
0.722772,0.940594,-0.118853
0.732673,0.940594,-0.122782
0.742574,0.940594,-0.126505
0.752475,0.940594,-0.130007
0.762376,0.940594,-0.13327
0.772277,0.940594,-0.136272
0.782178,0.940594,-0.138992
0.792079,0.940594,-0.141404
0.80198,0.940594,-0.14348
0.811881,0.940594,-0.145189
0.821782,0.940594,-0.146493
0.831683,0.940594,-0.147353
0.841584,0.940594,-0.147723
0.851485,0.940594,-0.147549
0.861386,0.940594,-0.146772
0.871287,0.940594,-0.145322
0.881188,0.940594,-0.143119
0.891089,0.940594,-0.140069
0.90099,0.940594,-0.136065
0.910891,0.940594,-0.130979
0.920792,0.940594,-0.124662
0.930693,0.940594,-0.116938
0.940594,0.940594,-0.107597
0.950495,0.940594,-0.09639
0.960396,0.940594,-0.083022
0.970297,0.940594,-0.0671419
0.980198,0.940594,-0.0483379
0.990099,0.940594,-0.0261348
1,0.940594,0
0,0.950495,0
0.00990099,0.950495,0.0243183
0.019802,0.950495,0.0447036
0.029703,0.950495,0.0617674
0.039604,0.950495,0.0760363
0.049505,0.950495,0.0879497
0.0594059,0.950495,0.0978683
0.0693069,0.950495,0.106087
0.0792079,0.950495,0.112847
0.0891089,0.950495,0.118347
0.0990099,0.950495,0.122752
0.108911,0.950495,0.126199
0.118812,0.950495,0.128804
0.128713,0.950495,0.130663
0.138614,0.950495,0.131861
0.148515,0.950495,0.132467
0.158416,0.950495,0.132545
0.168317,0.950495,0.132147
0.178218,0.950495,0.131318
0.188119,0.950495,0.1301
0.19802,0.950495,0.128529
0.207921,0.950495,0.126634
0.217822,0.950495,0.124444
0.227723,0.950495,0.121984
0.237624,0.950495,0.119276
0.247525,0.950495,0.116338
0.257426,0.950495,0.113189
0.267327,0.950495,0.109845
0.277228,0.950495,0.106321
0.287129,0.950495,0.102629
0.29703,0.950495,0.0987823
0.306931,0.950495,0.0947913
0.316832,0.950495,0.0906668
0.326733,0.950495,0.0864184
0.336634,0.950495,0.0820552
0.346535,0.950495,0.0775858
0.356436,0.950495,0.0730181
0.366337,0.950495,0.06836
0.376238,0.950495,0.0636187
0.386139,0.950495,0.0588013
0.39604,0.950495,0.0539147
0.405941,0.950495,0.0489654
0.415842,0.950495,0.0439598
0.425743,0.950495,0.0389042
0.435644,0.950495,0.0338048
0.445545,0.950495,0.0286676
0.455446,0.950495,0.0234985
0.465347,0.950495,0.0183034
0.475248,0.950495,0.0130882
0.485149,0.950495,0.00785868
0.49505,0.950495,0.00262052
0.50495,0.950495,-0.00262052
0.514851,0.950495,-0.00785868
0.524752,0.950495,-0.0130882
0.534653,0.950495,-0.0183034
0.544554,0.950495,-0.0234985
0.554455,0.950495,-0.0286676
0.564356,0.950495,-0.0338048
0.574257,0.950495,-0.0389042
0.584158,0.950495,-0.0439598
0.594059,0.950495,-0.0489654
0.60396,0.950495,-0.0539147
0.613861,0.950495,-0.0588013
0.623762,0.950495,-0.0636187
0.633663,0.950495,-0.06836
0.643564,0.950495,-0.0730181
0.653465,0.950495,-0.0775858
0.663366,0.950495,-0.0820552
0.673267,0.950495,-0.0864184
0.683168,0.950495,-0.0906668
0.693069,0.950495,-0.0947913
0.70297,0.950495,-0.0987823
0.712871,0.950495,-0.102629
0.722772,0.950495,-0.106321
0.732673,0.950495,-0.109845
0.742574,0.950495,-0.113189
0.752475,0.950495,-0.116338
0.762376,0.950495,-0.119276
0.772277,0.950495,-0.121984
0.782178,0.950495,-0.124444
0.792079,0.950495,-0.126634
0.80198,0.950495,-0.128529
0.811881,0.950495,-0.1301
0.821782,0.950495,-0.131318
0.831683,0.950495,-0.132147
0.841584,0.950495,-0.132545
0.851485,0.950495,-0.132467
0.861386,0.950495,-0.131861
0.871287,0.950495,-0.130663
0.881188,0.950495,-0.128804
0.891089,0.950495,-0.126199
0.90099,0.950495,-0.122752
0.910891,0.950495,-0.118347
0.920792,0.950495,-0.112847
0.930693,0.950495,-0.106087
0.940594,0.950495,-0.0978683
0.950495,0.950495,-0.0879497
0.960396,0.950495,-0.0760363
0.970297,0.950495,-0.0617674
0.980198,0.950495,-0.0447036
0.990099,0.950495,-0.0243183
1,0.950495,0
0,0.960396,0
0.00990099,0.960396,0.0218302
0.019802,0.960396,0.0397917
0.029703,0.960396,0.0545986
0.039604,0.960396,0.0668315
0.049505,0.960396,0.0769483
0.0594059,0.960396,0.0853071
0.0693069,0.960396,0.0921895
0.0792079,0.960396,0.0978188
0.0891089,0.960396,0.102374
0.0990099,0.960396,0.106002
0.108911,0.960396,0.108821
0.118812,0.960396,0.110932
0.128713,0.960396,0.112418
0.138614,0.960396,0.113349
0.148515,0.960396,0.113786
0.158416,0.960396,0.11378
0.168317,0.960396,0.113376
0.178218,0.960396,0.112613
0.188119,0.960396,0.111524
0.19802,0.960396,0.110138
0.207921,0.960396,0.108482
0.217822,0.960396,0.106579
0.227723,0.960396,0.104449
0.237624,0.960396,0.10211
0.247525,0.960396,0.0995789
0.257426,0.960396,0.09687
0.267327,0.960396,0.0939966
0.277228,0.960396,0.090971
0.287129,0.960396,0.0878041
0.29703,0.960396,0.0845061
0.306931,0.960396,0.0810864
0.316832,0.960396,0.0775537
0.326733,0.960396,0.073916
0.336634,0.960396,0.070181
0.346535,0.960396,0.0663559
0.356436,0.960396,0.0624474
0.366337,0.960396,0.058462
0.376238,0.960396,0.054406
0.386139,0.960396,0.0502852
0.39604,0.960396,0.0461055
0.405941,0.960396,0.0418725
0.415842,0.960396,0.0375915
0.425743,0.960396,0.033268
0.435644,0.960396,0.0289071
0.445545,0.960396,0.024514
0.455446,0.960396,0.0200938
0.465347,0.960396,0.0156514
0.475248,0.960396,0.0111918
0.485149,0.960396,0.00671998
0.49505,0.960396,0.00224081
0.50495,0.960396,-0.00224081
0.514851,0.960396,-0.00671998
0.524752,0.960396,-0.0111918
0.534653,0.960396,-0.0156514
0.544554,0.960396,-0.0200938
0.554455,0.960396,-0.024514
0.564356,0.960396,-0.0289071
0.574257,0.960396,-0.033268
0.584158,0.960396,-0.0375915
0.594059,0.960396,-0.0418725
0.60396,0.960396,-0.0461055
0.613861,0.960396,-0.0502852
0.623762,0.960396,-0.054406
0.633663,0.960396,-0.058462
0.643564,0.960396,-0.0624474
0.653465,0.960396,-0.0663559
0.663366,0.960396,-0.070181
0.673267,0.960396,-0.073916
0.683168,0.960396,-0.0775537
0.693069,0.960396,-0.0810864
0.70297,0.960396,-0.0845061
0.712871,0.960396,-0.0878041
0.722772,0.960396,-0.090971
0.732673,0.960396,-0.0939966
0.742574,0.960396,-0.09687
0.752475,0.960396,-0.0995789
0.762376,0.960396,-0.10211
0.772277,0.960396,-0.104449
0.782178,0.960396,-0.106579
0.792079,0.960396,-0.108482
0.80198,0.960396,-0.110138
0.811881,0.960396,-0.111524
0.821782,0.960396,-0.112613
0.831683,0.960396,-0.113376
0.841584,0.960396,-0.11378
0.851485,0.960396,-0.113786
0.861386,0.960396,-0.113349
0.871287,0.960396,-0.112418
0.881188,0.960396,-0.110932
0.891089,0.960396,-0.108821
0.90099,0.960396,-0.106002
0.910891,0.960396,-0.102374
0.920792,0.960396,-0.0978188
0.930693,0.960396,-0.0921895
0.940594,0.960396,-0.0853071
0.950495,0.960396,-0.0769483
0.960396,0.960396,-0.0668315
0.970297,0.960396,-0.0545986
0.980198,0.960396,-0.0397917
0.990099,0.960396,-0.0218302
1,0.960396,0
0,0.970297,0
0.00990099,0.970297,0.0185238
0.019802,0.970297,0.033353
0.029703,0.970297,0.0453327
0.039604,0.970297,0.0550867
0.049505,0.970297,0.0630681
0.0594059,0.970297,0.0696097
0.0693069,0.970297,0.074961
0.0792079,0.970297,0.0793129
0.0891089,0.970297,0.0828151
0.0990099,0.970297,0.0855869
0.108911,0.970297,0.0877251
0.118812,0.970297,0.0893091
0.128713,0.970297,0.0904052
0.138614,0.970297,0.091069
0.148515,0.970297,0.0913475
0.158416,0.970297,0.0912812
0.168317,0.970297,0.0909045
0.178218,0.970297,0.0902476
0.188119,0.970297,0.0893365
0.19802,0.970297,0.0881941
0.207921,0.970297,0.0868406
0.217822,0.970297,0.0852936
0.227723,0.970297,0.083569
0.237624,0.970297,0.0816808
0.247525,0.970297,0.0796418
0.257426,0.970297,0.0774632
0.267327,0.970297,0.0751554
0.277228,0.970297,0.0727278
0.287129,0.970297,0.0701889
0.29703,0.970297,0.0675467
0.306931,0.970297,0.0648083
0.316832,0.970297,0.0619807
0.326733,0.970297,0.0590701
0.336634,0.970297,0.0560826
0.346535,0.970297,0.0530236
0.356436,0.970297,0.0498986
0.366337,0.970297,0.0467126
0.376238,0.970297,0.0434705
0.386139,0.970297,0.0401771
0.39604,0.970297,0.0368368
0.405941,0.970297,0.0334542
0.415842,0.970297,0.0300335
0.425743,0.970297,0.0265789
0.435644,0.970297,0.0230946
0.445545,0.970297,0.0195847
0.455446,0.970297,0.0160532
0.465347,0.970297,0.012504
0.475248,0.970297,0.00894121
0.485149,0.970297,0.00536862
0.49505,0.970297,0.00179019
0.50495,0.970297,-0.00179019
0.514851,0.970297,-0.00536862
0.524752,0.970297,-0.00894121
0.534653,0.970297,-0.012504
0.544554,0.970297,-0.0160532
0.554455,0.970297,-0.0195847
0.564356,0.970297,-0.0230946
0.574257,0.970297,-0.0265789
0.584158,0.970297,-0.0300335
0.594059,0.970297,-0.0334542
0.60396,0.970297,-0.0368368
0.613861,0.970297,-0.0401771
0.623762,0.970297,-0.0434705
0.633663,0.970297,-0.0467126
0.643564,0.970297,-0.0498986
0.653465,0.970297,-0.0530236
0.663366,0.970297,-0.0560826
0.673267,0.970297,-0.0590701
0.683168,0.970297,-0.0619807
0.693069,0.970297,-0.0648083
0.70297,0.970297,-0.0675467
0.712871,0.970297,-0.0701889
0.722772,0.970297,-0.0727278
0.732673,0.970297,-0.0751554
0.742574,0.970297,-0.0774632
0.752475,0.970297,-0.0796418
0.762376,0.970297,-0.0816808
0.772277,0.970297,-0.083569
0.782178,0.970297,-0.0852936
0.792079,0.970297,-0.0868406
0.80198,0.970297,-0.0881941
0.811881,0.970297,-0.0893365
0.821782,0.970297,-0.0902476
0.831683,0.970297,-0.0909045
0.841584,0.970297,-0.0912812
0.851485,0.970297,-0.0913475
0.861386,0.970297,-0.091069
0.871287,0.970297,-0.0904052
0.881188,0.970297,-0.0893091
0.891089,0.970297,-0.0877251
0.90099,0.970297,-0.0855869
0.910891,0.970297,-0.0828151
0.920792,0.970297,-0.0793129
0.930693,0.970297,-0.074961
0.940594,0.970297,-0.0696097
0.950495,0.970297,-0.0630681
0.960396,0.970297,-0.0550867
0.970297,0.970297,-0.0453327
0.980198,0.970297,-0.033353
0.990099,0.970297,-0.0185238
1,0.970297,0
0,0.980198,0
0.00990099,0.980198,0.0141598
0.019802,0.980198,0.0250182
0.029703,0.980198,0.0335577
0.039604,0.980198,0.0403948
0.049505,0.980198,0.0459281
0.0594059,0.980198,0.0504276
0.0693069,0.980198,0.0540856
0.0792079,0.980198,0.0570442
0.0891089,0.980198,0.0594118
0.0990099,0.980198,0.0612737
0.108911,0.980198,0.0626981
0.118812,0.980198,0.0637405
0.128713,0.980198,0.064447
0.138614,0.980198,0.0648559
0.148515,0.980198,0.0649997
0.158416,0.980198,0.0649062
0.168317,0.980198,0.064599
0.178218,0.980198,0.0640986
0.188119,0.980198,0.063423
0.19802,0.980198,0.0625878
0.207921,0.980198,0.0616066
0.217822,0.980198,0.0604916
0.227723,0.980198,0.0592536
0.237624,0.980198,0.0579022
0.247525,0.980198,0.0564461
0.257426,0.980198,0.054893
0.267327,0.980198,0.05325
0.277228,0.980198,0.0515235
0.287129,0.980198,0.0497195
0.29703,0.980198,0.0478433
0.306931,0.980198,0.0459
0.316832,0.980198,0.0438942
0.326733,0.980198,0.0418304
0.336634,0.980198,0.0397126
0.346535,0.980198,0.0375447
0.356436,0.980198,0.0353305
0.366337,0.980198,0.0330735
0.376238,0.980198,0.0307771
0.386139,0.980198,0.0284446
0.39604,0.980198,0.0260792
0.405941,0.980198,0.023684
0.415842,0.980198,0.0212619
0.425743,0.980198,0.018816
0.435644,0.980198,0.0163492
0.445545,0.980198,0.0138643
0.455446,0.980198,0.0113642
0.465347,0.980198,0.00885167
0.475248,0.980198,0.0063295
0.485149,0.980198,0.00380044
0.49505,0.980198,0.00126727
0.50495,0.980198,-0.00126727
0.514851,0.980198,-0.00380044
0.524752,0.980198,-0.0063295
0.534653,0.980198,-0.00885167
0.544554,0.980198,-0.0113642
0.554455,0.980198,-0.0138643
0.564356,0.980198,-0.0163492
0.574257,0.980198,-0.018816
0.584158,0.980198,-0.0212619
0.594059,0.980198,-0.023684
0.60396,0.980198,-0.0260792
0.613861,0.980198,-0.0284446
0.623762,0.980198,-0.0307771
0.633663,0.980198,-0.0330735
0.643564,0.980198,-0.0353305
0.653465,0.980198,-0.0375447
0.663366,0.980198,-0.0397126
0.673267,0.980198,-0.0418304
0.683168,0.980198,-0.0438942
0.693069,0.980198,-0.0459
0.70297,0.980198,-0.0478433
0.712871,0.980198,-0.0497195
0.722772,0.980198,-0.0515235
0.732673,0.980198,-0.05325
0.742574,0.980198,-0.054893
0.752475,0.980198,-0.0564461
0.762376,0.980198,-0.0579022
0.772277,0.980198,-0.0592536
0.782178,0.980198,-0.0604916
0.792079,0.980198,-0.0616066
0.80198,0.980198,-0.0625878
0.811881,0.980198,-0.063423
0.821782,0.980198,-0.0640986
0.831683,0.980198,-0.064599
0.841584,0.980198,-0.0649062
0.851485,0.980198,-0.0649997
0.861386,0.980198,-0.0648559
0.871287,0.980198,-0.064447
0.881188,0.980198,-0.0637405
0.891089,0.980198,-0.0626981
0.90099,0.980198,-0.0612737
0.910891,0.980198,-0.0594118
0.920792,0.980198,-0.0570442
0.930693,0.980198,-0.0540856
0.940594,0.980198,-0.0504276
0.950495,0.980198,-0.0459281
0.960396,0.980198,-0.0403948
0.970297,0.980198,-0.0335577
0.980198,0.980198,-0.0250182
0.990099,0.980198,-0.0141598
1,0.980198,0
0,0.990099,0
0.00990099,0.990099,0.00829904
0.019802,0.990099,0.0142102
0.029703,0.990099,0.0187045
0.039604,0.990099,0.0222421
0.049505,0.990099,0.0250772
0.0594059,0.990099,0.0273676
0.0693069,0.990099,0.0292199
0.0792079,0.990099,0.0307106
0.0891089,0.990099,0.0318971
0.0990099,0.990099,0.032824
0.108911,0.990099,0.0335265
0.118812,0.990099,0.0340333
0.128713,0.990099,0.0343679
0.138614,0.990099,0.0345501
0.148515,0.990099,0.0345965
0.158416,0.990099,0.034521
0.168317,0.990099,0.0343358
0.178218,0.990099,0.0340513
0.188119,0.990099,0.0336767
0.19802,0.990099,0.0332197
0.207921,0.990099,0.0326876
0.217822,0.990099,0.0320863
0.227723,0.990099,0.0314214
0.237624,0.990099,0.0306978
0.247525,0.990099,0.0299198
0.257426,0.990099,0.0290916
0.267327,0.990099,0.0282166
0.277228,0.990099,0.0272982
0.287129,0.990099,0.0263394
0.29703,0.990099,0.0253429
0.306931,0.990099,0.0243114
0.316832,0.990099,0.0232472
0.326733,0.990099,0.0221527
0.336634,0.990099,0.0210299
0.346535,0.990099,0.0198809
0.356436,0.990099,0.0187076
0.366337,0.990099,0.0175119
0.376238,0.990099,0.0162954
0.386139,0.990099,0.01506
0.39604,0.990099,0.0138073
0.405941,0.990099,0.0125389
0.415842,0.990099,0.0112564
0.425743,0.990099,0.00996133
0.435644,0.990099,0.00865526
0.445545,0.990099,0.00733969
0.455446,0.990099,0.00601609
0.465347,0.990099,0.00468595
0.475248,0.990099,0.00335073
0.485149,0.990099,0.00201188
0.49505,0.990099,0.000670869
0.50495,0.990099,-0.000670869
0.514851,0.990099,-0.00201188
0.524752,0.990099,-0.00335073
0.534653,0.990099,-0.00468595
0.544554,0.990099,-0.00601609
0.554455,0.990099,-0.00733969
0.564356,0.990099,-0.00865526
0.574257,0.990099,-0.00996133
0.584158,0.990099,-0.0112564
0.594059,0.990099,-0.0125389
0.60396,0.990099,-0.0138073
0.613861,0.990099,-0.01506
0.623762,0.990099,-0.0162954
0.633663,0.990099,-0.0175119
0.643564,0.990099,-0.0187076
0.653465,0.990099,-0.0198809
0.663366,0.990099,-0.0210299
0.673267,0.990099,-0.0221527
0.683168,0.990099,-0.0232472
0.693069,0.990099,-0.0243114
0.70297,0.990099,-0.0253429
0.712871,0.990099,-0.0263394
0.722772,0.990099,-0.0272982
0.732673,0.990099,-0.0282166
0.742574,0.990099,-0.0290916
0.752475,0.990099,-0.0299198
0.762376,0.990099,-0.0306978
0.772277,0.990099,-0.0314214
0.782178,0.990099,-0.0320863
0.792079,0.990099,-0.0326876
0.80198,0.990099,-0.0332197
0.811881,0.990099,-0.0336767
0.821782,0.990099,-0.0340513
0.831683,0.990099,-0.0343358
0.841584,0.990099,-0.034521
0.851485,0.990099,-0.0345965
0.861386,0.990099,-0.0345501
0.871287,0.990099,-0.0343679
0.881188,0.990099,-0.0340333
0.891089,0.990099,-0.0335265
0.90099,0.990099,-0.032824
0.910891,0.990099,-0.0318971
0.920792,0.990099,-0.0307106
0.930693,0.990099,-0.0292199
0.940594,0.990099,-0.0273676
0.950495,0.990099,-0.0250772
0.960396,0.990099,-0.0222421
0.970297,0.990099,-0.0187045
0.980198,0.990099,-0.0142102
0.990099,0.990099,-0.00829904
1,0.990099,0
