 MeshVersionFormatted 2
 Dimension
 3
 Vertices
 677
                    0                         0                         1      1
                    0                         0                         0      2
                    0                         1                         1      3
                    0                         1                         0      4
                    1                         0                         1      5
                    1                         0                         0      6
                    1                         1                         1      7
                    1                         1                         0      8
                    0                         0                         1      9
                    0                         0                         0      10
                    0                         1                         1      11
                    0                         1                         0      12
                    1                         0                         1      13
                    1                         0                         0      14
                    1                         1                         1      15
                    1                         1                         0      16
                    0                         0          0.16666666666667      1
                    0                         0          0.33333333333333      1
                    0                         0                       0.5      1
                    0                         0          0.66666666666666      1
                    0                         0          0.83333333333333      1
                    0          0.16666666666667                         1      2
                    0          0.33333333333333                         1      2
                    0                       0.5                         1      2
                    0          0.66666666666666                         1      2
                    0          0.83333333333333                         1      2
                    0                         1          0.16666666666667      3
                    0                         1          0.33333333333333      3
                    0                         1                       0.5      3
                    0                         1          0.66666666666666      3
                    0                         1          0.83333333333333      3
                    0          0.16666666666667                         0      4
                    0          0.33333333333333                         0      4
                    0                       0.5                         0      4
                    0          0.66666666666666                         0      4
                    0          0.83333333333333                         0      4
                    1                         0          0.16666666666667      5
                    1                         0          0.33333333333333      5
                    1                         0                       0.5      5
                    1                         0          0.66666666666666      5
                    1                         0          0.83333333333333      5
                    1          0.16666666666667                         1      6
                    1          0.33333333333333                         1      6
                    1                       0.5                         1      6
                    1          0.66666666666666                         1      6
                    1          0.83333333333333                         1      6
                    1                         1          0.16666666666667      7
                    1                         1          0.33333333333333      7
                    1                         1                       0.5      7
                    1                         1          0.66666666666666      7
                    1                         1          0.83333333333333      7
                    1          0.16666666666667                         0      8
                    1          0.33333333333333                         0      8
                    1                       0.5                         0      8
                    1          0.66666666666666                         0      8
                    1          0.83333333333333                         0      8
     0.16666666666667                         0                         0      9
     0.33333333333333                         0                         0      9
                  0.5                         0                         0      9
     0.66666666666666                         0                         0      9
     0.83333333333333                         0                         0      9
     0.16666666666667                         0                         1      10
     0.33333333333333                         0                         1      10
                  0.5                         0                         1      10
     0.66666666666666                         0                         1      10
     0.83333333333333                         0                         1      10
     0.16666666666667                         1                         0      11
     0.33333333333333                         1                         0      11
                  0.5                         1                         0      11
     0.66666666666666                         1                         0      11
     0.83333333333333                         1                         0      11
     0.16666666666667                         1                         1      12
     0.33333333333333                         1                         1      12
                  0.5                         1                         1      12
     0.66666666666666                         1                         1      12
     0.83333333333333                         1                         1      12
                    0                         0          0.16666666666667      13
                    0                         0          0.33333333333333      13
                    0                         0                       0.5      13
                    0                         0          0.66666666666666      13
                    0                         0          0.83333333333333      13
                    0          0.16666666666667                         1      14
                    0          0.33333333333333                         1      14
                    0                       0.5                         1      14
                    0          0.66666666666666                         1      14
                    0          0.83333333333333                         1      14
                    0                         1          0.16666666666667      15
                    0                         1          0.33333333333333      15
                    0                         1                       0.5      15
                    0                         1          0.66666666666666      15
                    0                         1          0.83333333333333      15
                    0          0.16666666666667                         0      16
                    0          0.33333333333333                         0      16
                    0                       0.5                         0      16
                    0          0.66666666666666                         0      16
                    0          0.83333333333333                         0      16
                    1                         0          0.16666666666667      17
                    1                         0          0.33333333333333      17
                    1                         0                       0.5      17
                    1                         0          0.66666666666666      17
                    1                         0          0.83333333333333      17
                    1          0.16666666666667                         1      18
                    1          0.33333333333333                         1      18
                    1                       0.5                         1      18
                    1          0.66666666666666                         1      18
                    1          0.83333333333333                         1      18
                    1                         1          0.16666666666667      19
                    1                         1          0.33333333333333      19
                    1                         1                       0.5      19
                    1                         1          0.66666666666666      19
                    1                         1          0.83333333333333      19
                    1          0.16666666666667                         0      20
                    1          0.33333333333333                         0      20
                    1                       0.5                         0      20
                    1          0.66666666666666                         0      20
                    1          0.83333333333333                         0      20
     0.16666666666667                         0                         0      21
     0.33333333333333                         0                         0      21
                  0.5                         0                         0      21
     0.66666666666666                         0                         0      21
     0.83333333333333                         0                         0      21
     0.16666666666667                         0                         1      22
     0.33333333333333                         0                         1      22
                  0.5                         0                         1      22
     0.66666666666666                         0                         1      22
     0.83333333333333                         0                         1      22
     0.16666666666667                         1                         0      23
     0.33333333333333                         1                         0      23
                  0.5                         1                         0      23
     0.66666666666666                         1                         0      23
     0.83333333333333                         1                         0      23
     0.16666666666667                         1                         1      24
     0.33333333333333                         1                         1      24
                  0.5                         1                         1      24
     0.66666666666666                         1                         1      24
     0.83333333333333                         1                         1      24
                    0          0.58333333333333          0.85566243270259      1
                    0          0.58151095683405          0.15084264760875      1
                    0          0.14938268749257          0.59778760911776      1
                    0          0.85061731250743          0.59778760911776      1
                    0          0.13563026029831          0.24587982947336      1
                    0          0.86116202120266          0.24770627499776      1
                    0          0.25070622821348          0.85887132582403      1
                    0          0.74929377178652          0.85887132582403      1
                    0          0.69256464666227          0.69752871244649      1
                    0          0.50431632999927          0.70902550657874      1
                    0          0.58333333333333          0.56698729810778      1
                    0          0.42222044682423          0.56381293421555      1
                    0          0.50092563002626          0.42506358422101      1
                    0          0.66666666666666          0.42264973081038      1
                    0          0.34009054033824          0.42136993920006      1
                    0          0.44046591755563          0.28357129848508      1
                    0          0.30884536907441           0.6967467520581      1
                    0          0.16878520276343          0.42039071395838      1
                    0          0.41342243232564          0.85338433619391      1
                    0          0.83180120846361          0.42092131540576      1
                    0          0.86135499606184          0.75149570680827      1
                    0          0.13881286295443          0.75140261628584      1
                    0          0.75288310448244          0.13694934198137      1
                    0           0.2418072307766          0.13130726714065      1
                    0          0.40599523969119          0.13516346122279      1
                    0          0.58254759617945           0.3153718094251      1
                    0          0.28320757600098          0.28331935989622      1
                    0          0.71276192563814          0.28240685337152      1
                    0          0.72099364905389          0.55024047358084      1
                    0          0.27786484929858          0.54002158970997      1
                    0          0.87799153207185          0.87799153207185      1
                    0          0.12200846792815          0.87799153207185      1
                    0          0.87799153207185          0.12200846792815      1
                    0          0.12115987742584          0.12115987742584      1
                    1          0.58333333333333          0.85566243270259      2
                    1          0.58151095683405          0.15084264760875      2
                    1          0.14938268749257          0.59778760911776      2
                    1          0.85061731250743          0.59778760911776      2
                    1          0.13563026029831          0.24587982947336      2
                    1          0.86116202120266          0.24770627499776      2
                    1          0.25070622821348          0.85887132582403      2
                    1          0.74929377178652          0.85887132582403      2
                    1          0.69256464666227          0.69752871244649      2
                    1          0.50431632999927          0.70902550657874      2
                    1          0.58333333333333          0.56698729810778      2
                    1          0.42222044682423          0.56381293421555      2
                    1          0.50092563002626          0.42506358422101      2
                    1          0.66666666666666          0.42264973081038      2
                    1          0.34009054033824          0.42136993920006      2
                    1          0.44046591755563          0.28357129848508      2
                    1          0.30884536907441           0.6967467520581      2
                    1          0.16878520276343          0.42039071395838      2
                    1          0.41342243232564          0.85338433619391      2
                    1          0.83180120846361          0.42092131540576      2
                    1          0.86135499606184          0.75149570680827      2
                    1          0.13881286295443          0.75140261628584      2
                    1          0.75288310448244          0.13694934198137      2
                    1           0.2418072307766          0.13130726714065      2
                    1          0.40599523969119          0.13516346122279      2
                    1          0.58254759617945           0.3153718094251      2
                    1          0.28320757600098          0.28331935989622      2
                    1          0.71276192563814          0.28240685337152      2
                    1          0.72099364905389          0.55024047358084      2
                    1          0.27786484929858          0.54002158970997      2
                    1          0.87799153207185          0.87799153207185      2
                    1          0.12200846792815          0.87799153207185      2
                    1          0.87799153207185          0.12200846792815      2
                    1          0.12115987742584          0.12115987742584      2
     0.85566243270259                         0          0.58333333333333      3
     0.15084264760875                         0          0.58151095683405      3
     0.59778760911776                         0          0.14938268749257      3
     0.59778760911776                         0          0.85061731250743      3
     0.15130809014356                         0          0.26237422528476      3
     0.24770627499776                         0          0.86116202120266      3
     0.85887132582403                         0          0.25070622821348      3
     0.85887132582403                         0          0.74929377178652      3
     0.69752871244649                         0          0.69256464666227      3
     0.70902550657874                         0          0.50431632999927      3
     0.56698729810778                         0          0.58333333333333      3
     0.56381293421555                         0          0.42222044682423      3
     0.42506358422101                         0          0.50092563002626      3
     0.42126603086266                         0          0.33991056581854      3
     0.42264973081038                         0          0.66666666666666      3
     0.27222217094989                         0           0.4199000080987      3
      0.6967467520581                         0          0.30884536907441      3
     0.85338433619391                         0          0.41342243232564      3
     0.42204297535519                         0          0.16917503011234      3
     0.42092131540576                         0          0.83180120846361      3
     0.75149570680827                         0          0.86135499606184      3
     0.75140261628584                         0          0.13881286295443      3
     0.13694934198137                         0          0.75288310448244      3
     0.25556220400773                         0          0.13927835624181      3
     0.31310198391806                         0          0.57843441428806      3
     0.11487458174044                         0          0.41942370471017      3
     0.30448029426381                         0          0.26612763711123      3
     0.28202854912035                         0          0.71207639532291      3
     0.55024047358084                         0          0.72099364905389      3
     0.54033126032185                         0          0.27790681986442      3
     0.87799153207185                         0          0.87799153207185      3
     0.12200846792815                         0          0.12200846792815      3
     0.87799153207185                         0          0.12200846792815      3
     0.12200846792815                         0          0.87799153207185      3
     0.85566243270259                         1          0.58333333333333      4
     0.15084264760875                         1          0.58151095683405      4
     0.59778760911776                         1          0.14938268749257      4
     0.59778760911776                         1          0.85061731250743      4
     0.24587982947336                         1          0.13563026029831      4
     0.24770627499776                         1          0.86116202120266      4
     0.85887132582403                         1          0.25070622821348      4
     0.85887132582403                         1          0.74929377178652      4
     0.69752871244649                         1          0.69256464666227      4
     0.70902550657874                         1          0.50431632999927      4
     0.56698729810778                         1          0.58333333333333      4
     0.56381293421555                         1          0.42222044682423      4
     0.42506358422101                         1          0.50092563002626      4
     0.42264973081038                         1          0.66666666666666      4
     0.42136993920006                         1          0.34009054033824      4
     0.28357129848508                         1          0.44046591755563      4
      0.6967467520581                         1          0.30884536907441      4
     0.85338433619391                         1          0.41342243232564      4
     0.42039071395838                         1          0.16878520276343      4
     0.42092131540576                         1          0.83180120846361      4
     0.75149570680827                         1          0.86135499606184      4
     0.75140261628584                         1          0.13881286295443      4
     0.13694934198137                         1          0.75288310448244      4
     0.13130726714065                         1           0.2418072307766      4
     0.13516346122279                         1          0.40599523969119      4
      0.3153718094251                         1          0.58254759617945      4
     0.28331935989622                         1          0.28320757600098      4
     0.28240685337152                         1          0.71276192563814      4
     0.55024047358084                         1          0.72099364905389      4
     0.54002158970997                         1          0.27786484929858      4
     0.87799153207185                         1          0.87799153207185      4
     0.87799153207185                         1          0.12200846792815      4
     0.12200846792815                         1          0.87799153207185      4
     0.12115987742584                         1          0.12115987742584      4
     0.59778760911776          0.85061731250743                         0      5
     0.59778760911776          0.14938268749257                         0      5
     0.15084264760875          0.58151095683405                         0      5
     0.85566243270259          0.58333333333333                         0      5
     0.15130809014356          0.26237422528476                         0      5
     0.85887132582403          0.25070622821348                         0      5
     0.24770627499776          0.86116202120266                         0      5
     0.85887132582403          0.74929377178652                         0      5
     0.69752871244649          0.69256464666227                         0      5
     0.70902550657874          0.50431632999927                         0      5
     0.56698729810778          0.58333333333333                         0      5
     0.56381293421555          0.42222044682423                         0      5
     0.42506358422101          0.50092563002626                         0      5
     0.42126603086266          0.33991056581854                         0      5
     0.42264973081038          0.66666666666666                         0      5
     0.27222217094989           0.4199000080987                         0      5
     0.85581402175176          0.41750375970212                         0      5
     0.42092131540576          0.83180120846361                         0      5
     0.42204297535519          0.16917503011234                         0      5
     0.69676840763656          0.30896495379376                         0      5
     0.75149570680827          0.86135499606184                         0      5
     0.13694934198137          0.75288310448244                         0      5
      0.7514051943309          0.13882709923054                         0      5
     0.25556220400773          0.13927835624181                         0      5
     0.31310198391806          0.57843441428806                         0      5
     0.11487458174044          0.41942370471017                         0      5
     0.30448029426381          0.26612763711123                         0      5
     0.28202854912035          0.71207639532291                         0      5
     0.55024047358084          0.72099364905389                         0      5
     0.54033559143754          0.27793073680829                         0      5
     0.87799153207185          0.87799153207185                         0      5
     0.12200846792815          0.12200846792815                         0      5
     0.12200846792815          0.87799153207185                         0      5
     0.87799153207185          0.12200846792815                         0      5
     0.59778760911776          0.85061731250743                         1      6
     0.59778760911776          0.14938268749257                         1      6
     0.15084264760875          0.58151095683405                         1      6
     0.85566243270259          0.58333333333333                         1      6
     0.15130809014356          0.26237422528476                         1      6
     0.85887132582403          0.25070622821348                         1      6
     0.24770627499776          0.86116202120266                         1      6
     0.85887132582403          0.74929377178652                         1      6
     0.69752871244649          0.69256464666227                         1      6
     0.70902550657874          0.50431632999927                         1      6
     0.56698729810778          0.58333333333333                         1      6
     0.56381293421555          0.42222044682423                         1      6
     0.42506358422101          0.50092563002626                         1      6
     0.42126603086266          0.33991056581854                         1      6
     0.42264973081038          0.66666666666666                         1      6
     0.27222217094989           0.4199000080987                         1      6
     0.85581402175176          0.41750375970212                         1      6
     0.42092131540576          0.83180120846361                         1      6
     0.42204297535519          0.16917503011234                         1      6
     0.69676840763656          0.30896495379376                         1      6
     0.75149570680827          0.86135499606184                         1      6
     0.13694934198137          0.75288310448244                         1      6
      0.7514051943309          0.13882709923054                         1      6
     0.25556220400773          0.13927835624181                         1      6
     0.31310198391806          0.57843441428806                         1      6
     0.11487458174044          0.41942370471017                         1      6
     0.30448029426381          0.26612763711123                         1      6
     0.28202854912035          0.71207639532291                         1      6
     0.55024047358084          0.72099364905389                         1      6
     0.54033559143754          0.27793073680829                         1      6
     0.87799153207185          0.87799153207185                         1      6
     0.12200846792815          0.12200846792815                         1      6
     0.12200846792815          0.87799153207185                         1      6
     0.87799153207185          0.12200846792815                         1      6
                    0          0.58333333333333          0.85566243270259      7
                    0          0.58151095683405          0.15084264760875      7
                    0          0.14938268749257          0.59778760911776      7
                    0          0.85061731250743          0.59778760911776      7
                    0          0.13563026029831          0.24587982947336      7
                    0          0.86116202120266          0.24770627499776      7
                    0          0.25070622821348          0.85887132582403      7
                    0          0.74929377178652          0.85887132582403      7
                    0          0.69256464666227          0.69752871244649      7
                    0          0.50431632999927          0.70902550657874      7
                    0          0.58333333333333          0.56698729810778      7
                    0          0.42222044682423          0.56381293421555      7
                    0          0.50092563002626          0.42506358422101      7
                    0          0.66666666666666          0.42264973081038      7
                    0          0.34009054033824          0.42136993920006      7
                    0          0.44046591755563          0.28357129848508      7
                    0          0.30884536907441           0.6967467520581      7
                    0          0.16878520276343          0.42039071395838      7
                    0          0.41342243232564          0.85338433619391      7
                    0          0.83180120846361          0.42092131540576      7
                    0          0.86135499606184          0.75149570680827      7
                    0          0.13881286295443          0.75140261628584      7
                    0          0.75288310448244          0.13694934198137      7
                    0           0.2418072307766          0.13130726714065      7
                    0          0.40599523969119          0.13516346122279      7
                    0          0.58254759617945           0.3153718094251      7
                    0          0.28320757600098          0.28331935989622      7
                    0          0.71276192563814          0.28240685337152      7
                    0          0.72099364905389          0.55024047358084      7
                    0          0.27786484929858          0.54002158970997      7
                    0          0.87799153207185          0.87799153207185      7
                    0          0.12200846792815          0.87799153207185      7
                    0          0.87799153207185          0.12200846792815      7
                    0          0.12115987742584          0.12115987742584      7
                    1          0.58333333333333          0.85566243270259      8
                    1          0.58151095683405          0.15084264760875      8
                    1          0.14938268749257          0.59778760911776      8
                    1          0.85061731250743          0.59778760911776      8
                    1          0.13563026029831          0.24587982947336      8
                    1          0.86116202120266          0.24770627499776      8
                    1          0.25070622821348          0.85887132582403      8
                    1          0.74929377178652          0.85887132582403      8
                    1          0.69256464666227          0.69752871244649      8
                    1          0.50431632999927          0.70902550657874      8
                    1          0.58333333333333          0.56698729810778      8
                    1          0.42222044682423          0.56381293421555      8
                    1          0.50092563002626          0.42506358422101      8
                    1          0.66666666666666          0.42264973081038      8
                    1          0.34009054033824          0.42136993920006      8
                    1          0.44046591755563          0.28357129848508      8
                    1          0.30884536907441           0.6967467520581      8
                    1          0.16878520276343          0.42039071395838      8
                    1          0.41342243232564          0.85338433619391      8
                    1          0.83180120846361          0.42092131540576      8
                    1          0.86135499606184          0.75149570680827      8
                    1          0.13881286295443          0.75140261628584      8
                    1          0.75288310448244          0.13694934198137      8
                    1           0.2418072307766          0.13130726714065      8
                    1          0.40599523969119          0.13516346122279      8
                    1          0.58254759617945           0.3153718094251      8
                    1          0.28320757600098          0.28331935989622      8
                    1          0.71276192563814          0.28240685337152      8
                    1          0.72099364905389          0.55024047358084      8
                    1          0.27786484929858          0.54002158970997      8
                    1          0.87799153207185          0.87799153207185      8
                    1          0.12200846792815          0.87799153207185      8
                    1          0.87799153207185          0.12200846792815      8
                    1          0.12115987742584          0.12115987742584      8
     0.85566243270259                         0          0.58333333333333      9
     0.15084264760875                         0          0.58151095683405      9
     0.59778760911776                         0          0.14938268749257      9
     0.59778760911776                         0          0.85061731250743      9
     0.15130809014356                         0          0.26237422528476      9
     0.24770627499776                         0          0.86116202120266      9
     0.85887132582403                         0          0.25070622821348      9
     0.85887132582403                         0          0.74929377178652      9
     0.69752871244649                         0          0.69256464666227      9
     0.70902550657874                         0          0.50431632999927      9
     0.56698729810778                         0          0.58333333333333      9
     0.56381293421555                         0          0.42222044682423      9
     0.42506358422101                         0          0.50092563002626      9
     0.42126603086266                         0          0.33991056581854      9
     0.42264973081038                         0          0.66666666666666      9
     0.27222217094989                         0           0.4199000080987      9
      0.6967467520581                         0          0.30884536907441      9
     0.85338433619391                         0          0.41342243232564      9
     0.42204297535519                         0          0.16917503011234      9
     0.42092131540576                         0          0.83180120846361      9
     0.75149570680827                         0          0.86135499606184      9
     0.75140261628584                         0          0.13881286295443      9
     0.13694934198137                         0          0.75288310448244      9
     0.25556220400773                         0          0.13927835624181      9
     0.31310198391806                         0          0.57843441428806      9
     0.11487458174044                         0          0.41942370471017      9
     0.30448029426381                         0          0.26612763711123      9
     0.28202854912035                         0          0.71207639532291      9
     0.55024047358084                         0          0.72099364905389      9
     0.54033126032185                         0          0.27790681986442      9
     0.87799153207185                         0          0.87799153207185      9
     0.12200846792815                         0          0.12200846792815      9
     0.87799153207185                         0          0.12200846792815      9
     0.12200846792815                         0          0.87799153207185      9
     0.85566243270259                         1          0.58333333333333      10
     0.15084264760875                         1          0.58151095683405      10
     0.59778760911776                         1          0.14938268749257      10
     0.59778760911776                         1          0.85061731250743      10
     0.24587982947336                         1          0.13563026029831      10
     0.24770627499776                         1          0.86116202120266      10
     0.85887132582403                         1          0.25070622821348      10
     0.85887132582403                         1          0.74929377178652      10
     0.69752871244649                         1          0.69256464666227      10
     0.70902550657874                         1          0.50431632999927      10
     0.56698729810778                         1          0.58333333333333      10
     0.56381293421555                         1          0.42222044682423      10
     0.42506358422101                         1          0.50092563002626      10
     0.42264973081038                         1          0.66666666666666      10
     0.42136993920006                         1          0.34009054033824      10
     0.28357129848508                         1          0.44046591755563      10
      0.6967467520581                         1          0.30884536907441      10
     0.85338433619391                         1          0.41342243232564      10
     0.42039071395838                         1          0.16878520276343      10
     0.42092131540576                         1          0.83180120846361      10
     0.75149570680827                         1          0.86135499606184      10
     0.75140261628584                         1          0.13881286295443      10
     0.13694934198137                         1          0.75288310448244      10
     0.13130726714065                         1           0.2418072307766      10
     0.13516346122279                         1          0.40599523969119      10
      0.3153718094251                         1          0.58254759617945      10
     0.28331935989622                         1          0.28320757600098      10
     0.28240685337152                         1          0.71276192563814      10
     0.55024047358084                         1          0.72099364905389      10
     0.54002158970997                         1          0.27786484929858      10
     0.87799153207185                         1          0.87799153207185      10
     0.87799153207185                         1          0.12200846792815      10
     0.12200846792815                         1          0.87799153207185      10
     0.12115987742584                         1          0.12115987742584      10
     0.59778760911776          0.85061731250743                         0      11
     0.59778760911776          0.14938268749257                         0      11
     0.15084264760875          0.58151095683405                         0      11
     0.85566243270259          0.58333333333333                         0      11
     0.15130809014356          0.26237422528476                         0      11
     0.85887132582403          0.25070622821348                         0      11
     0.24770627499776          0.86116202120266                         0      11
     0.85887132582403          0.74929377178652                         0      11
     0.69752871244649          0.69256464666227                         0      11
     0.70902550657874          0.50431632999927                         0      11
     0.56698729810778          0.58333333333333                         0      11
     0.56381293421555          0.42222044682423                         0      11
     0.42506358422101          0.50092563002626                         0      11
     0.42126603086266          0.33991056581854                         0      11
     0.42264973081038          0.66666666666666                         0      11
     0.27222217094989           0.4199000080987                         0      11
     0.42092131540576          0.83180120846361                         0      11
     0.85581402175176          0.41750375970212                         0      11
     0.42204297535519          0.16917503011234                         0      11
     0.69676840763656          0.30896495379377                         0      11
     0.75149570680827          0.86135499606184                         0      11
      0.7514051943309          0.13882709923054                         0      11
     0.13694934198137          0.75288310448244                         0      11
     0.25556220400773          0.13927835624181                         0      11
     0.31310198391806          0.57843441428806                         0      11
     0.11487458174044          0.41942370471017                         0      11
     0.30448029426381          0.26612763711123                         0      11
     0.28202854912035          0.71207639532291                         0      11
     0.55024047358084          0.72099364905389                         0      11
     0.54033559143754          0.27793073680829                         0      11
     0.87799153207185          0.87799153207185                         0      11
     0.12200846792815          0.12200846792815                         0      11
     0.12200846792815          0.87799153207185                         0      11
     0.87799153207185          0.12200846792815                         0      11
     0.59778760911776          0.85061731250743                         1      12
     0.59778760911776          0.14938268749257                         1      12
     0.15084264760875          0.58151095683405                         1      12
     0.85566243270259          0.58333333333333                         1      12
     0.15130809014356          0.26237422528476                         1      12
     0.85887132582403          0.25070622821348                         1      12
     0.24770627499776          0.86116202120266                         1      12
     0.85887132582403          0.74929377178652                         1      12
     0.69752871244649          0.69256464666227                         1      12
     0.70902550657874          0.50431632999927                         1      12
     0.56698729810778          0.58333333333333                         1      12
     0.56381293421555          0.42222044682423                         1      12
     0.42506358422101          0.50092563002626                         1      12
     0.42126603086266          0.33991056581854                         1      12
     0.42264973081038          0.66666666666666                         1      12
     0.27222217094989           0.4199000080987                         1      12
     0.85581402175176          0.41750375970212                         1      12
     0.42092131540576          0.83180120846361                         1      12
     0.42204297535519          0.16917503011234                         1      12
     0.69676840763656          0.30896495379376                         1      12
     0.75149570680827          0.86135499606184                         1      12
     0.13694934198137          0.75288310448244                         1      12
      0.7514051943309          0.13882709923054                         1      12
     0.25556220400773          0.13927835624181                         1      12
     0.31310198391806          0.57843441428806                         1      12
     0.11487458174044          0.41942370471017                         1      12
     0.30448029426381          0.26612763711123                         1      12
     0.28202854912035          0.71207639532291                         1      12
     0.55024047358084          0.72099364905389                         1      12
     0.54033559143754          0.27793073680829                         1      12
     0.87799153207185          0.87799153207185                         1      12
     0.12200846792815          0.12200846792815                         1      12
     0.12200846792815          0.87799153207185                         1      12
     0.87799153207185          0.12200846792815                         1      12
                  0.5                       0.5                       0.5      1
     0.36296868559846          0.30286790486391          0.30286790486391      1
     0.36275463340101          0.30320671282379          0.69720686792707      1
     0.30550136942423          0.64710064815086          0.30469549696867      1
      0.3544583410055          0.69593410168882          0.69593410168882      1
     0.60463956486033          0.70326925719296          0.29899441425506      1
     0.67859819928783          0.31554587719913          0.31554717518279      1
     0.67836899069849          0.31542194863397          0.68449567743715      1
     0.66818591435613          0.68745949739675          0.68745949739675      1
     0.24644718728801          0.44592804969482          0.48556368283814      1
     0.75835768720552           0.5037041615765          0.51833702174407      1
     0.51554119042031          0.24061682565065          0.50017389318459      1
     0.51485783795677          0.49757070925023          0.76135164578082      1
     0.50897403049589          0.48719814638364          0.23078503437927      1
     0.50880529896545          0.77010144688163          0.52011982955647      1
     0.77406815922282          0.73909430812496            0.467172037075      1
     0.77106604375117          0.53113083626638          0.23772855915389      1
     0.23213323102694          0.77057580312607          0.50019443607448      1
     0.23090227579488           0.2138967199097          0.52353791421549      1
     0.23542308423674          0.49721193989109          0.77178523857856      1
     0.52923666991006          0.20399052269287          0.20398398741146      1
      0.7907481805825          0.79046246096054          0.20953753903945      1
     0.77983030438239          0.21998034624729          0.50005230844186      1
     0.52890171579297          0.20318672833804          0.79594132476854      1
     0.51710961072434          0.79882233298804          0.79882233298804      1
     0.20133926307348          0.20134792940957          0.79827733310977      1
     0.20287725239035          0.20035379061768          0.20035379061768      1
     0.21743136998484          0.45594021884346          0.21798328670405      1
     0.20004325960673          0.80162478173286          0.20107380479061      1
     0.19962830414588          0.79955499175037          0.80093331248244      1
     0.77795918017767           0.5035732097668          0.77795918017767      1
     0.80294771426605          0.80294771426605          0.80294771426605      1
     0.80490057790159          0.19688051712022          0.19615724560721      1
     0.80408346231739          0.19591653768261          0.80408346231739      1
     0.42907374807737          0.80881961150912          0.25439103585231      1
     0.19719070292454          0.60140018499841          0.60372721193909      1
     0.18143499935975          0.31095314356391          0.36527412760882      1
     0.16104762446845          0.58346718942371          0.40126953908152      1
     0.36339698378832          0.48200134220009          0.63152215663171      1
     0.18223285278762          0.35696832435357          0.64676412127396      1
     0.37986971766446          0.47670459559409          0.36204189068334      1
     0.34903882451637          0.61687405841313          0.48846881786102      1
     0.63836210863438           0.5318528389921           0.3737215007177      1
     0.83218573337408           0.4112500574805          0.37071177849745      1
     0.37190227559025          0.15937751018318          0.41815156971818      1
     0.83186615193376          0.64340766450897          0.61416589570579      1
     0.38942248725517          0.15963167338092          0.59579859100261      1
     0.38893260440715          0.59640682167557          0.83971084075846      1
     0.50686682944961          0.64586829370919          0.15364361950907      1
     0.84199614528037          0.59456447754043          0.39256790178978      1
     0.63302184093409          0.37779954931399          0.48008214726572      1
     0.65891023412596          0.40860362866742          0.15748590777567      1
     0.51558937169256           0.3708616532067          0.62653326009074      1
     0.75948800935288          0.83759893927768          0.62489491994781      1
     0.83334928401331          0.36075859355034          0.60146788972268      1
     0.37687680048285          0.84493632490281          0.42296185557872      1
     0.37800897943117          0.41128340849046          0.84043281923469      1
     0.50787656323514          0.62402523723481          0.63181449206392      1
     0.59849093646089          0.16398237217341          0.36280971498104      1
     0.35911974364435          0.55239393841665          0.16719626186716      1
     0.59754018081061          0.16543477683106          0.63750924309706      1
     0.38727071290404          0.26440195875073          0.14353114436611      1
     0.59953562681372          0.36094989787197          0.83708578188624      1
     0.36601335619998          0.32230263678127          0.47410908138687      1
                  0.5                       0.5                       0.5      2
     0.36296868559846          0.30286790486391          0.30286790486391      2
     0.36275463340101          0.30320671282379          0.69720686792707      2
     0.30550136942423          0.64710064815086          0.30469549696867      2
     0.35457715915594           0.6959478876127           0.6959478876127      2
     0.60463956486033          0.70326925719296          0.29899441425506      2
     0.67859819928783          0.31554587719913          0.31554717518279      2
     0.67836899069849          0.31542194863397          0.68449567743715      2
       0.668329911582          0.68741842745944          0.68741842745944      2
     0.24644718728801          0.44592804969482          0.48556368283814      2
     0.75835768720552           0.5037041615765          0.51833702174407      2
     0.51539586099949          0.24436837644345          0.50017059104233      2
     0.51487523122318          0.49760137183573          0.76132804442192      2
     0.50897403049589          0.48719814638364          0.23078503437927      2
     0.50891384808569           0.7700120577038          0.51993288472408      2
     0.77406815922283          0.73909430812496            0.467172037075      2
     0.77106604375117          0.53113083626638          0.23772855915389      2
     0.23216175586033          0.77056236602111          0.50023396970211      2
     0.23090227579488           0.2138967199097          0.52353791421549      2
     0.23340545932244          0.49702211110318          0.71308758213024      2
     0.52923666991006          0.20399052269287          0.20398398741146      2
      0.7907481805825          0.79046246096055          0.20953753903945      2
     0.77983030438239          0.21998034624729          0.50005230844186      2
     0.52890171579297          0.20318672833804          0.79594132476854      2
     0.51727700410005          0.79879013208129          0.79879013208129      2
     0.20133926307348          0.20134792940957          0.79827733310977      2
     0.20287725239035          0.20035379061768          0.20035379061768      2
     0.21743136998484          0.45594021884346          0.21798328670405      2
     0.20004325960673          0.80162478173286          0.20107380479061      2
     0.19965588448957          0.79952678021694          0.80090726639817      2
     0.77798767859512           0.5035209846238          0.77798767859512      2
     0.80296524897863          0.80296524897863          0.80296524897863      2
     0.80490057790159          0.19688051712022          0.19615724560721      2
     0.80408346231739          0.19591653768261          0.80408346231739      2
     0.42907374807737          0.80881961150912          0.25439103585231      2
     0.18143499935975          0.31095314356391          0.36527412760882      2
     0.34206380939281          0.61148768643145          0.52121058751303      2
     0.16104762446845          0.58346718942371          0.40126953908152      2
     0.37986971766446          0.47670459559409          0.36204189068334      2
     0.63836210863438           0.5318528389921           0.3737215007177      2
     0.83218573337408           0.4112500574805          0.37071177849745      2
     0.37295395496212          0.15967141581165          0.41889947674652      2
     0.38935123818649          0.15960868870511          0.59588705270149      2
     0.83189949016706          0.64337947554413          0.61404644594495      2
     0.18212357338449          0.32620780277525          0.66266581614868      2
     0.38894483665946          0.59639163430764          0.83972209393933      2
     0.37334920142047          0.41480927092433          0.84090587285329      2
     0.84199614528037          0.59456447754043          0.39256790178978      2
     0.50433090006705          0.65182410239424             0.15922367154      2
     0.51559225327777          0.37274527601538          0.62841493800814      2
     0.63208335935587          0.37967074083103          0.49292680315383      2
     0.65891023412596          0.40860362866742          0.15748590777567      2
      0.1756932116574          0.62530365535935          0.59608559391934      2
     0.17844187955537          0.37662044757721          0.83625077692093      2
     0.50798664094549          0.62405556521445          0.63178243643646      2
     0.46359701112948          0.63881491915177          0.39090887794097      2
     0.75956416795147          0.83762236097945          0.62489367004747      2
     0.83334928401331          0.36075859355034          0.60146788972268      2
     0.37688697418951          0.84492807851938          0.42296841589543      2
     0.59728712960804          0.16471683985185          0.36368696340258      2
     0.35969610530713          0.55320520844241          0.16702781121719      2
     0.51641768537798          0.36590702896139          0.36119152511934      2
     0.59637268659414          0.16612597575867          0.63663953380454      2
      0.3687586649653          0.46322088773475          0.60769519724365      2
     0.59951754417252          0.36096304177402          0.83707476706072      2
     0.38727071290404          0.26440195875073          0.14353114436611      2
     0.64083027154812          0.63494426160988          0.51657052781676      2
      0.3647945781631          0.32221847932391          0.47339765681884      2
     0.38084290158183          0.84280005540666          0.60951749168176      2
 Edges
 144
 2 17 1
 17 18 1
 18 19 1
 19 20 1
 20 21 1
 21 1 1
 1 22 2
 22 23 2
 23 24 2
 24 25 2
 25 26 2
 26 3 2
 4 27 3
 27 28 3
 28 29 3
 29 30 3
 30 31 3
 31 3 3
 2 32 4
 32 33 4
 33 34 4
 34 35 4
 35 36 4
 36 4 4
 6 37 5
 37 38 5
 38 39 5
 39 40 5
 40 41 5
 41 5 5
 5 42 6
 42 43 6
 43 44 6
 44 45 6
 45 46 6
 46 7 6
 8 47 7
 47 48 7
 48 49 7
 49 50 7
 50 51 7
 51 7 7
 6 52 8
 52 53 8
 53 54 8
 54 55 8
 55 56 8
 56 8 8
 2 57 9
 57 58 9
 58 59 9
 59 60 9
 60 61 9
 61 6 9
 1 62 10
 62 63 10
 63 64 10
 64 65 10
 65 66 10
 66 5 10
 4 67 11
 67 68 11
 68 69 11
 69 70 11
 70 71 11
 71 8 11
 3 72 12
 72 73 12
 73 74 12
 74 75 12
 75 76 12
 76 7 12
 10 77 13
 77 78 13
 78 79 13
 79 80 13
 80 81 13
 81 9 13
 9 82 14
 82 83 14
 83 84 14
 84 85 14
 85 86 14
 86 11 14
 12 87 15
 87 88 15
 88 89 15
 89 90 15
 90 91 15
 91 11 15
 10 92 16
 92 93 16
 93 94 16
 94 95 16
 95 96 16
 96 12 16
 14 97 17
 97 98 17
 98 99 17
 99 100 17
 100 101 17
 101 13 17
 13 102 18
 102 103 18
 103 104 18
 104 105 18
 105 106 18
 106 15 18
 16 107 19
 107 108 19
 108 109 19
 109 110 19
 110 111 19
 111 15 19
 14 112 20
 112 113 20
 113 114 20
 114 115 20
 115 116 20
 116 16 20
 10 117 21
 117 118 21
 118 119 21
 119 120 21
 120 121 21
 121 14 21
 9 122 22
 122 123 22
 123 124 22
 124 125 22
 125 126 22
 126 13 22
 12 127 23
 127 128 23
 128 129 23
 129 130 23
 130 131 23
 131 16 23
 11 132 24
 132 133 24
 133 134 24
 134 135 24
 135 136 24
 136 15 24
 Triangles
 1080
 21 1 168 1
 1 22 168 1
 2 17 170 1
 32 2 170 1
 26 3 167 1
 3 31 167 1
 27 4 169 1
 4 36 169 1
 17 18 141 1
 17 141 170 1
 18 19 154 1
 141 18 154 1
 19 20 139 1
 19 139 154 1
 20 21 158 1
 139 20 158 1
 158 21 168 1
 22 23 143 1
 22 143 168 1
 23 24 155 1
 143 23 155 1
 24 25 137 1
 24 137 155 1
 25 26 144 1
 137 25 144 1
 144 26 167 1
 28 27 142 1
 142 27 169 1
 29 28 156 1
 28 142 156 1
 30 29 140 1
 140 29 156 1
 31 30 157 1
 30 140 157 1
 31 157 167 1
 33 32 160 1
 160 32 170 1
 34 33 161 1
 33 160 161 1
 35 34 138 1
 138 34 161 1
 36 35 159 1
 35 138 159 1
 36 159 169 1
 137 144 145 1
 137 145 146 1
 137 146 155 1
 152 138 161 1
 138 152 162 1
 159 138 164 1
 138 162 164 1
 153 139 158 1
 139 153 166 1
 154 139 166 1
 140 145 157 1
 145 140 165 1
 140 156 165 1
 141 154 163 1
 160 141 163 1
 141 160 170 1
 156 142 164 1
 142 159 164 1
 159 142 169 1
 153 143 155 1
 143 153 158 1
 143 158 168 1
 145 144 157 1
 157 144 167 1
 146 145 147 1
 147 145 165 1
 146 147 148 1
 146 148 153 1
 146 153 155 1
 148 147 149 1
 149 147 150 1
 150 147 165 1
 148 149 151 1
 148 151 166 1
 153 148 166 1
 149 150 162 1
 151 149 152 1
 152 149 162 1
 150 156 164 1
 156 150 165 1
 162 150 164 1
 151 152 163 1
 154 151 163 1
 151 154 166 1
 152 161 163 1
 161 160 163 1
 41 202 5 2
 5 202 42 2
 6 204 37 2
 52 204 6 2
 46 201 7 2
 7 201 51 2
 47 203 8 2
 8 203 56 2
 37 175 38 2
 37 204 175 2
 38 188 39 2
 175 188 38 2
 39 173 40 2
 39 188 173 2
 40 192 41 2
 173 192 40 2
 192 202 41 2
 42 177 43 2
 42 202 177 2
 43 189 44 2
 177 189 43 2
 44 171 45 2
 44 189 171 2
 45 178 46 2
 171 178 45 2
 178 201 46 2
 48 176 47 2
 176 203 47 2
 49 190 48 2
 48 190 176 2
 50 174 49 2
 174 190 49 2
 51 191 50 2
 50 191 174 2
 51 201 191 2
 53 194 52 2
 194 204 52 2
 54 195 53 2
 53 195 194 2
 55 172 54 2
 172 195 54 2
 56 193 55 2
 55 193 172 2
 56 203 193 2
 171 179 178 2
 171 180 179 2
 171 189 180 2
 186 195 172 2
 172 196 186 2
 193 198 172 2
 172 198 196 2
 187 192 173 2
 173 200 187 2
 188 200 173 2
 174 191 179 2
 179 199 174 2
 174 199 190 2
 175 197 188 2
 194 197 175 2
 175 204 194 2
 190 198 176 2
 176 198 193 2
 193 203 176 2
 187 189 177 2
 177 192 187 2
 177 202 192 2
 179 191 178 2
 191 201 178 2
 180 181 179 2
 181 199 179 2
 180 182 181 2
 180 187 182 2
 180 189 187 2
 182 183 181 2
 183 184 181 2
 184 199 181 2
 182 185 183 2
 182 200 185 2
 187 200 182 2
 183 196 184 2
 185 186 183 2
 186 196 183 2
 184 198 190 2
 190 199 184 2
 196 198 184 2
 185 197 186 2
 188 197 185 2
 185 200 188 2
 186 197 195 2
 195 197 194 2
 1 21 238 3
 62 1 238 3
 17 2 236 3
 2 57 236 3
 41 5 235 3
 5 66 235 3
 6 37 237 3
 61 6 237 3
 18 17 209 3
 209 17 236 3
 19 18 230 3
 18 209 230 3
 20 19 206 3
 206 19 230 3
 21 20 227 3
 20 206 227 3
 21 227 238 3
 37 38 211 3
 37 211 237 3
 38 39 222 3
 211 38 222 3
 39 40 205 3
 39 205 222 3
 40 41 212 3
 205 40 212 3
 212 41 235 3
 57 58 228 3
 57 228 236 3
 58 59 223 3
 58 223 228 3
 59 60 207 3
 59 207 223 3
 60 61 226 3
 207 60 226 3
 226 61 237 3
 63 62 210 3
 210 62 238 3
 64 63 224 3
 63 210 224 3
 65 64 208 3
 208 64 224 3
 66 65 225 3
 65 208 225 3
 66 225 235 3
 205 212 213 3
 205 213 214 3
 205 214 222 3
 206 220 229 3
 220 206 230 3
 227 206 232 3
 206 229 232 3
 221 207 226 3
 207 221 234 3
 223 207 234 3
 208 213 225 3
 213 208 233 3
 208 224 233 3
 209 220 230 3
 220 209 231 3
 209 228 231 3
 228 209 236 3
 224 210 232 3
 210 227 232 3
 227 210 238 3
 221 211 222 3
 211 221 226 3
 211 226 237 3
 213 212 225 3
 225 212 235 3
 214 213 215 3
 215 213 233 3
 214 215 216 3
 214 216 221 3
 214 221 222 3
 216 215 217 3
 217 215 219 3
 219 215 233 3
 216 217 218 3
 216 218 234 3
 221 216 234 3
 218 217 220 3
 217 219 229 3
 220 217 229 3
 218 220 231 3
 223 218 231 3
 218 223 234 3
 219 224 232 3
 224 219 233 3
 229 219 232 3
 228 223 231 3
 3 271 31 4
 72 271 3 4
 27 272 4 4
 4 272 67 4
 51 269 7 4
 7 269 76 4
 8 270 47 4
 71 270 8 4
 28 262 27 4
 262 272 27 4
 29 263 28 4
 28 263 262 4
 30 240 29 4
 240 263 29 4
 31 261 30 4
 30 261 240 4
 31 271 261 4
 47 245 48 4
 47 270 245 4
 48 256 49 4
 245 256 48 4
 49 239 50 4
 49 256 239 4
 50 246 51 4
 239 246 50 4
 246 269 51 4
 67 243 68 4
 67 272 243 4
 68 257 69 4
 243 257 68 4
 69 241 70 4
 69 257 241 4
 70 260 71 4
 241 260 70 4
 260 270 71 4
 73 244 72 4
 244 271 72 4
 74 258 73 4
 73 258 244 4
 75 242 74 4
 242 258 74 4
 76 259 75 4
 75 259 242 4
 76 269 259 4
 239 247 246 4
 239 248 247 4
 239 256 248 4
 254 263 240 4
 240 264 254 4
 261 266 240 4
 240 266 264 4
 255 260 241 4
 241 268 255 4
 257 268 241 4
 242 259 247 4
 247 267 242 4
 242 267 258 4
 243 265 257 4
 262 265 243 4
 243 272 262 4
 258 266 244 4
 244 266 261 4
 261 271 244 4
 255 256 245 4
 245 260 255 4
 245 270 260 4
 247 259 246 4
 259 269 246 4
 248 249 247 4
 249 267 247 4
 248 250 249 4
 248 255 250 4
 248 256 255 4
 250 251 249 4
 251 252 249 4
 252 267 249 4
 250 253 251 4
 250 268 253 4
 255 268 250 4
 251 264 252 4
 253 254 251 4
 254 264 251 4
 252 266 258 4
 258 267 252 4
 264 266 252 4
 253 265 254 4
 257 265 253 4
 253 268 257 4
 254 265 263 4
 263 265 262 4
 2 32 304 5
 57 2 304 5
 36 4 305 5
 4 67 305 5
 52 6 306 5
 6 61 306 5
 8 56 303 5
 71 8 303 5
 32 33 277 5
 32 277 304 5
 33 34 298 5
 277 33 298 5
 34 35 275 5
 34 275 298 5
 35 36 294 5
 275 35 294 5
 294 36 305 5
 53 52 278 5
 278 52 306 5
 54 53 289 5
 53 278 289 5
 55 54 276 5
 276 54 289 5
 56 55 280 5
 55 276 280 5
 56 280 303 5
 58 57 296 5
 296 57 304 5
 59 58 291 5
 291 58 296 5
 60 59 274 5
 274 59 291 5
 61 60 295 5
 60 274 295 5
 61 295 306 5
 67 68 279 5
 67 279 305 5
 68 69 290 5
 279 68 290 5
 69 70 273 5
 69 273 290 5
 70 71 293 5
 273 70 293 5
 293 71 303 5
 281 273 293 5
 273 281 301 5
 290 273 301 5
 274 291 302 5
 274 292 295 5
 292 274 302 5
 288 275 297 5
 275 288 298 5
 275 294 300 5
 297 275 300 5
 280 276 281 5
 281 276 282 5
 282 276 289 5
 288 277 298 5
 277 288 299 5
 296 277 299 5
 277 296 304 5
 289 278 292 5
 292 278 295 5
 295 278 306 5
 279 290 300 5
 294 279 300 5
 279 294 305 5
 280 281 293 5
 280 293 303 5
 281 282 283 5
 281 283 301 5
 283 282 284 5
 284 282 292 5
 282 289 292 5
 283 284 285 5
 283 285 287 5
 283 287 301 5
 285 284 286 5
 286 284 302 5
 284 292 302 5
 285 286 288 5
 287 285 297 5
 285 288 297 5
 288 286 299 5
 286 291 299 5
 291 286 302 5
 290 287 300 5
 287 290 301 5
 287 297 300 5
 291 296 299 5
 1 338 22 6
 62 338 1 6
 26 339 3 6
 3 339 72 6
 42 340 5 6
 5 340 66 6
 7 337 46 6
 76 337 7 6
 22 311 23 6
 22 338 311 6
 23 332 24 6
 311 332 23 6
 24 309 25 6
 24 332 309 6
 25 328 26 6
 309 328 25 6
 328 339 26 6
 43 312 42 6
 312 340 42 6
 44 323 43 6
 43 323 312 6
 45 310 44 6
 310 323 44 6
 46 314 45 6
 45 314 310 6
 46 337 314 6
 63 330 62 6
 330 338 62 6
 64 325 63 6
 325 330 63 6
 65 308 64 6
 308 325 64 6
 66 329 65 6
 65 329 308 6
 66 340 329 6
 72 313 73 6
 72 339 313 6
 73 324 74 6
 313 324 73 6
 74 307 75 6
 74 324 307 6
 75 327 76 6
 307 327 75 6
 327 337 76 6
 315 327 307 6
 307 335 315 6
 324 335 307 6
 308 336 325 6
 308 329 326 6
 326 336 308 6
 322 331 309 6
 309 332 322 6
 309 334 328 6
 331 334 309 6
 314 315 310 6
 315 316 310 6
 316 323 310 6
 322 332 311 6
 311 333 322 6
 330 333 311 6
 311 338 330 6
 323 326 312 6
 326 329 312 6
 329 340 312 6
 313 334 324 6
 328 334 313 6
 313 339 328 6
 314 327 315 6
 314 337 327 6
 315 317 316 6
 315 335 317 6
 317 318 316 6
 318 326 316 6
 316 326 323 6
 317 319 318 6
 317 321 319 6
 317 335 321 6
 319 320 318 6
 320 336 318 6
 318 336 326 6
 319 322 320 6
 321 331 319 6
 319 331 322 6
 322 333 320 6
 320 333 325 6
 325 336 320 6
 324 334 321 6
 321 335 324 6
 321 334 331 6
 325 333 330 6
 81 9 372 7
 9 82 372 7
 10 77 374 7
 92 10 374 7
 86 11 371 7
 11 91 371 7
 87 12 373 7
 12 96 373 7
 77 78 345 7
 77 345 374 7
 78 79 358 7
 345 78 358 7
 79 80 343 7
 79 343 358 7
 80 81 362 7
 343 80 362 7
 362 81 372 7
 82 83 347 7
 82 347 372 7
 83 84 359 7
 347 83 359 7
 84 85 341 7
 84 341 359 7
 85 86 348 7
 341 85 348 7
 348 86 371 7
 88 87 346 7
 346 87 373 7
 89 88 360 7
 88 346 360 7
 90 89 344 7
 344 89 360 7
 91 90 361 7
 90 344 361 7
 91 361 371 7
 93 92 364 7
 364 92 374 7
 94 93 365 7
 93 364 365 7
 95 94 342 7
 342 94 365 7
 96 95 363 7
 95 342 363 7
 96 363 373 7
 341 348 349 7
 341 349 350 7
 341 350 359 7
 356 342 365 7
 342 356 366 7
 363 342 368 7
 342 366 368 7
 357 343 362 7
 343 357 370 7
 358 343 370 7
 344 349 361 7
 349 344 369 7
 344 360 369 7
 345 358 367 7
 364 345 367 7
 345 364 374 7
 360 346 368 7
 346 363 368 7
 363 346 373 7
 357 347 359 7
 347 357 362 7
 347 362 372 7
 349 348 361 7
 361 348 371 7
 350 349 351 7
 351 349 369 7
 350 351 352 7
 350 352 357 7
 350 357 359 7
 352 351 353 7
 353 351 354 7
 354 351 369 7
 352 353 355 7
 352 355 370 7
 357 352 370 7
 353 354 366 7
 355 353 356 7
 356 353 366 7
 354 360 368 7
 360 354 369 7
 366 354 368 7
 355 356 367 7
 358 355 367 7
 355 358 370 7
 356 365 367 7
 365 364 367 7
 101 406 13 8
 13 406 102 8
 14 408 97 8
 112 408 14 8
 106 405 15 8
 15 405 111 8
 107 407 16 8
 16 407 116 8
 97 379 98 8
 97 408 379 8
 98 392 99 8
 379 392 98 8
 99 377 100 8
 99 392 377 8
 100 396 101 8
 377 396 100 8
 396 406 101 8
 102 381 103 8
 102 406 381 8
 103 393 104 8
 381 393 103 8
 104 375 105 8
 104 393 375 8
 105 382 106 8
 375 382 105 8
 382 405 106 8
 108 380 107 8
 380 407 107 8
 109 394 108 8
 108 394 380 8
 110 378 109 8
 378 394 109 8
 111 395 110 8
 110 395 378 8
 111 405 395 8
 113 398 112 8
 398 408 112 8
 114 399 113 8
 113 399 398 8
 115 376 114 8
 376 399 114 8
 116 397 115 8
 115 397 376 8
 116 407 397 8
 375 383 382 8
 375 384 383 8
 375 393 384 8
 390 399 376 8
 376 400 390 8
 397 402 376 8
 376 402 400 8
 391 396 377 8
 377 404 391 8
 392 404 377 8
 378 395 383 8
 383 403 378 8
 378 403 394 8
 379 401 392 8
 398 401 379 8
 379 408 398 8
 394 402 380 8
 380 402 397 8
 397 407 380 8
 391 393 381 8
 381 396 391 8
 381 406 396 8
 383 395 382 8
 395 405 382 8
 384 385 383 8
 385 403 383 8
 384 386 385 8
 384 391 386 8
 384 393 391 8
 386 387 385 8
 387 388 385 8
 388 403 385 8
 386 389 387 8
 386 404 389 8
 391 404 386 8
 387 400 388 8
 389 390 387 8
 390 400 387 8
 388 402 394 8
 394 403 388 8
 400 402 388 8
 389 401 390 8
 392 401 389 8
 389 404 392 8
 390 401 399 8
 399 401 398 8
 9 81 442 9
 122 9 442 9
 77 10 440 9
 10 117 440 9
 101 13 439 9
 13 126 439 9
 14 97 441 9
 121 14 441 9
 78 77 413 9
 413 77 440 9
 79 78 434 9
 78 413 434 9
 80 79 410 9
 410 79 434 9
 81 80 431 9
 80 410 431 9
 81 431 442 9
 97 98 415 9
 97 415 441 9
 98 99 426 9
 415 98 426 9
 99 100 409 9
 99 409 426 9
 100 101 416 9
 409 100 416 9
 416 101 439 9
 117 118 432 9
 117 432 440 9
 118 119 427 9
 118 427 432 9
 119 120 411 9
 119 411 427 9
 120 121 430 9
 411 120 430 9
 430 121 441 9
 123 122 414 9
 414 122 442 9
 124 123 428 9
 123 414 428 9
 125 124 412 9
 412 124 428 9
 126 125 429 9
 125 412 429 9
 126 429 439 9
 409 416 417 9
 409 417 418 9
 409 418 426 9
 410 424 433 9
 424 410 434 9
 431 410 436 9
 410 433 436 9
 425 411 430 9
 411 425 438 9
 427 411 438 9
 412 417 429 9
 417 412 437 9
 412 428 437 9
 413 424 434 9
 424 413 435 9
 413 432 435 9
 432 413 440 9
 428 414 436 9
 414 431 436 9
 431 414 442 9
 425 415 426 9
 415 425 430 9
 415 430 441 9
 417 416 429 9
 429 416 439 9
 418 417 419 9
 419 417 437 9
 418 419 420 9
 418 420 425 9
 418 425 426 9
 420 419 421 9
 421 419 423 9
 423 419 437 9
 420 421 422 9
 420 422 438 9
 425 420 438 9
 422 421 424 9
 421 423 433 9
 424 421 433 9
 422 424 435 9
 427 422 435 9
 422 427 438 9
 423 428 436 9
 428 423 437 9
 433 423 436 9
 432 427 435 9
 11 475 91 10
 132 475 11 10
 87 476 12 10
 12 476 127 10
 111 473 15 10
 15 473 136 10
 16 474 107 10
 131 474 16 10
 88 466 87 10
 466 476 87 10
 89 467 88 10
 88 467 466 10
 90 444 89 10
 444 467 89 10
 91 465 90 10
 90 465 444 10
 91 475 465 10
 107 449 108 10
 107 474 449 10
 108 460 109 10
 449 460 108 10
 109 443 110 10
 109 460 443 10
 110 450 111 10
 443 450 110 10
 450 473 111 10
 127 447 128 10
 127 476 447 10
 128 461 129 10
 447 461 128 10
 129 445 130 10
 129 461 445 10
 130 464 131 10
 445 464 130 10
 464 474 131 10
 133 448 132 10
 448 475 132 10
 134 462 133 10
 133 462 448 10
 135 446 134 10
 446 462 134 10
 136 463 135 10
 135 463 446 10
 136 473 463 10
 443 451 450 10
 443 452 451 10
 443 460 452 10
 458 467 444 10
 444 468 458 10
 465 470 444 10
 444 470 468 10
 459 464 445 10
 445 472 459 10
 461 472 445 10
 446 463 451 10
 451 471 446 10
 446 471 462 10
 447 469 461 10
 466 469 447 10
 447 476 466 10
 462 470 448 10
 448 470 465 10
 465 475 448 10
 459 460 449 10
 449 464 459 10
 449 474 464 10
 451 463 450 10
 463 473 450 10
 452 453 451 10
 453 471 451 10
 452 454 453 10
 452 459 454 10
 452 460 459 10
 454 455 453 10
 455 456 453 10
 456 471 453 10
 454 457 455 10
 454 472 457 10
 459 472 454 10
 455 468 456 10
 457 458 455 10
 458 468 455 10
 456 470 462 10
 462 471 456 10
 468 470 456 10
 457 469 458 10
 461 469 457 10
 457 472 461 10
 458 469 467 10
 467 469 466 10
 10 92 508 11
 117 10 508 11
 96 12 509 11
 12 127 509 11
 112 14 510 11
 14 121 510 11
 16 116 507 11
 131 16 507 11
 92 93 481 11
 92 481 508 11
 93 94 502 11
 481 93 502 11
 94 95 479 11
 94 479 502 11
 95 96 499 11
 479 95 499 11
 499 96 509 11
 113 112 482 11
 482 112 510 11
 114 113 494 11
 113 482 494 11
 115 114 480 11
 480 114 494 11
 116 115 484 11
 115 480 484 11
 116 484 507 11
 118 117 500 11
 500 117 508 11
 119 118 495 11
 495 118 500 11
 120 119 478 11
 478 119 495 11
 121 120 498 11
 120 478 498 11
 121 498 510 11
 127 128 483 11
 127 483 509 11
 128 129 493 11
 483 128 493 11
 129 130 477 11
 129 477 493 11
 130 131 497 11
 477 130 497 11
 497 131 507 11
 485 477 497 11
 477 485 505 11
 493 477 505 11
 478 495 506 11
 478 496 498 11
 496 478 506 11
 492 479 501 11
 479 492 502 11
 479 499 504 11
 501 479 504 11
 484 480 485 11
 485 480 486 11
 486 480 494 11
 492 481 502 11
 481 492 503 11
 500 481 503 11
 481 500 508 11
 494 482 496 11
 496 482 498 11
 498 482 510 11
 483 493 504 11
 499 483 504 11
 483 499 509 11
 484 485 497 11
 484 497 507 11
 485 486 487 11
 485 487 505 11
 487 486 488 11
 488 486 496 11
 486 494 496 11
 487 488 489 11
 487 489 491 11
 487 491 505 11
 489 488 490 11
 490 488 506 11
 488 496 506 11
 489 490 492 11
 491 489 501 11
 489 492 501 11
 492 490 503 11
 490 495 503 11
 495 490 506 11
 493 491 504 11
 491 493 505 11
 491 501 504 11
 495 500 503 11
 9 542 82 12
 122 542 9 12
 86 543 11 12
 11 543 132 12
 102 544 13 12
 13 544 126 12
 15 541 106 12
 136 541 15 12
 82 515 83 12
 82 542 515 12
 83 536 84 12
 515 536 83 12
 84 513 85 12
 84 536 513 12
 85 532 86 12
 513 532 85 12
 532 543 86 12
 103 516 102 12
 516 544 102 12
 104 527 103 12
 103 527 516 12
 105 514 104 12
 514 527 104 12
 106 518 105 12
 105 518 514 12
 106 541 518 12
 123 534 122 12
 534 542 122 12
 124 529 123 12
 529 534 123 12
 125 512 124 12
 512 529 124 12
 126 533 125 12
 125 533 512 12
 126 544 533 12
 132 517 133 12
 132 543 517 12
 133 528 134 12
 517 528 133 12
 134 511 135 12
 134 528 511 12
 135 531 136 12
 511 531 135 12
 531 541 136 12
 519 531 511 12
 511 539 519 12
 528 539 511 12
 512 540 529 12
 512 533 530 12
 530 540 512 12
 526 535 513 12
 513 536 526 12
 513 538 532 12
 535 538 513 12
 518 519 514 12
 519 520 514 12
 520 527 514 12
 526 536 515 12
 515 537 526 12
 534 537 515 12
 515 542 534 12
 527 530 516 12
 530 533 516 12
 533 544 516 12
 517 538 528 12
 532 538 517 12
 517 543 532 12
 518 531 519 12
 518 541 531 12
 519 521 520 12
 519 539 521 12
 521 522 520 12
 522 530 520 12
 520 530 527 12
 521 523 522 12
 521 525 523 12
 521 539 525 12
 523 524 522 12
 524 540 522 12
 522 540 530 12
 523 526 524 12
 525 535 523 12
 523 535 526 12
 526 537 524 12
 524 537 529 12
 529 540 524 12
 528 538 525 12
 525 539 528 12
 525 538 535 12
 529 537 534 12
 Tetrahedra
 2250
 546 558 585 595 1
 252 549 264 559 1
 555 560 587 602 1
 231 589 565 606 1
 317 335 553 569 1
 250 559 550 560 1
 317 553 557 569 1
 264 559 549 600 1
 231 546 589 606 1
 559 587 560 602 1
 546 551 558 595 1
 317 557 553 575 1
 555 553 560 602 1
 264 549 562 600 1
 555 597 557 602 1
 561 577 195 588 1
 250 550 255 560 1
 552 557 555 597 1
 555 557 553 602 1
 195 577 561 596 1
 231 218 565 589 1
 546 595 585 608 1
 569 574 549 592 1
 224 570 547 591 1
 550 585 545 586 1
 267 569 249 598 1
 317 335 315 553 1
 224 568 547 570 1
 249 569 559 598 1
 548 572 138 573 1
 577 588 561 596 1
 317 569 557 592 1
 275 573 548 604 1
 565 589 546 606 1
 224 547 568 591 1
 546 556 595 608 1
 317 553 315 575 1
 324 574 569 592 1
 553 557 555 575 1
 545 597 555 602 1
 241 550 273 566 1
 548 585 550 586 1
 555 557 552 575 1
 549 569 266 574 1
 264 549 266 562 1
 231 565 223 606 1
 275 572 548 573 1
 155 564 332 570 1
 252 266 549 569 1
 275 548 572 604 1
 138 162 572 582 1
 325 568 224 570 1
 315 553 335 569 1
 550 545 585 587 1
 232 570 224 591 1
 549 559 252 569 1
 231 571 546 606 1
 138 572 548 582 1
 241 273 550 579 1
 289 577 195 596 1
 275 138 572 573 1
 266 562 549 574 1
 230 220 571 581 1
 559 560 553 602 1
 334 574 324 592 1
 164 573 562 582 1
 258 266 569 574 1
 266 264 252 549 1
 250 248 559 560 1
 545 559 550 586 1
 559 579 550 586 1
 273 550 579 593 1
 548 550 579 586 1
 154 230 571 581 1
 231 218 223 565 1
 230 563 220 581 1
 559 569 553 598 1
 579 586 559 600 1
 555 587 545 602 1
 317 335 569 592 1
 252 264 251 559 1
 268 550 250 579 1
 548 558 550 585 1
 564 574 334 592 1
 289 195 561 596 1
 332 564 322 570 1
 164 562 150 582 1
 546 558 551 565 1
 258 569 324 574 1
 252 258 266 569 1
 548 586 579 600 1
 550 559 250 579 1
 241 255 268 550 1
 268 241 550 579 1
 562 573 265 600 1
 250 255 248 560 1
 145 562 574 580 1
 333 547 570 601 1
 550 585 558 587 1
 300 287 593 604 1
 250 268 255 550 1
 545 587 559 602 1
 273 550 281 566 1
 145 562 140 574 1
 255 560 550 566 1
 573 579 548 604 1
 156 562 164 573 1
 240 140 562 574 1
 197 577 567 588 1
 302 596 284 606 1
 302 565 596 606 1
 220 571 581 589 1
 250 579 559 600 1
 145 574 564 580 1
 283 561 281 593 1
 562 573 548 582 1
 213 578 567 605 1
 320 325 333 601 1
 251 559 264 600 1
 266 240 562 574 1
 281 561 550 593 1
 551 546 565 603 1
 546 571 231 589 1
 263 562 156 573 1
 222 567 188 577 1
 300 573 275 604 1
 300 579 573 604 1
 330 224 210 570 1
 241 255 550 566 1
 283 561 593 596 1
 137 564 145 574 1
 220 581 563 589 1
 154 563 230 581 1
 550 560 559 587 1
 324 313 244 574 1
 550 561 281 566 1
 300 287 579 593 1
 221 567 577 603 1
 205 173 567 578 1
 545 585 595 608 1
 265 562 263 573 1
 302 284 286 606 1
 323 575 189 578 1
 551 588 577 596 1
 575 578 326 607 1
 224 330 325 570 1
 311 332 322 570 1
 545 595 555 597 1
 195 577 197 588 1
 187 578 575 599 1
 190 560 256 566 1
 205 567 213 578 1
 315 575 553 576 1
 173 567 578 599 1
 155 564 570 584 1
 284 596 558 606 1
 165 140 145 562 1
 263 562 265 600 1
 575 576 179 590 1
 164 156 150 562 1
 294 159 138 573 1
 300 593 579 604 1
 221 567 222 577 1
 550 558 548 593 1
 550 559 545 587 1
 178 171 314 576 1
 553 569 315 576 1
 558 596 565 606 1
 188 567 197 577 1
 151 554 166 581 1
 284 558 286 606 1
 137 309 564 574 1
 279 243 573 579 1
 165 562 145 580 1
 189 575 187 578 1
 320 568 325 601 1
 280 172 193 566 1
 334 564 309 574 1
 299 572 571 606 1
 312 189 177 578 1
 316 317 315 575 1
 323 326 575 578 1
 240 264 266 562 1
 176 256 245 566 1
 310 171 575 576 1
 567 577 551 588 1
 230 220 209 571 1
 317 316 557 575 1
 331 309 334 592 1
 224 568 219 591 1
 286 558 604 606 1
 222 175 211 577 1
 258 324 244 574 1
 255 256 560 566 1
 148 166 151 554 1
 322 570 564 601 1
 154 230 209 571 1
 310 575 315 576 1
 179 575 171 576 1
 330 333 325 570 1
 559 560 248 598 1
 546 604 558 606 1
 263 254 562 600 1
 554 166 581 584 1
 328 309 144 574 1
 331 564 309 592 1
 279 257 243 579 1
 247 576 569 598 1
 219 232 224 591 1
 283 282 281 561 1
 567 578 552 605 1
 333 570 322 601 1
 324 569 321 592 1
 276 561 172 566 1
 283 282 561 596 1
 176 190 256 566 1
 307 569 242 576 1
 197 567 185 588 1
 274 565 207 577 1
 273 579 301 593 1
 551 577 567 603 1
 188 175 222 577 1
 231 223 571 606 1
 334 324 321 592 1
 309 564 334 592 1
 323 189 312 578 1
 307 315 569 576 1
 242 569 247 576 1
 263 265 254 600 1
 166 554 148 584 1
 558 565 546 606 1
 552 555 595 597 1
 157 140 261 574 1
 310 314 171 576 1
 308 208 568 578 1
 563 570 232 591 1
 552 578 575 607 1
 206 563 139 570 1
 276 172 280 566 1
 267 247 569 598 1
 240 261 140 574 1
 139 158 227 570 1
 139 570 563 584 1
 205 212 173 578 1
 278 194 195 577 1
 292 565 577 596 1
 220 231 571 589 1
 223 296 228 606 1
 279 290 257 579 1
 549 574 564 592 1
 569 576 553 598 1
 572 604 546 606 1
 575 578 552 599 1
 212 192 173 578 1
 286 558 285 604 1
 288 572 299 606 1
 276 281 561 566 1
 142 262 263 573 1
 549 574 562 580 1
 231 223 228 571 1
 263 156 142 573 1
 147 554 149 582 1
 275 294 138 573 1
 548 573 562 600 1
 242 259 327 576 1
 557 569 553 602 1
 260 273 293 566 1
 292 565 274 577 1
 198 560 190 566 1
 558 593 561 596 1
 197 188 185 567 1
 289 278 195 577 1
 225 208 329 578 1
 147 148 149 554 1
 249 559 248 598 1
 226 295 274 577 1
 137 144 309 574 1
 564 574 549 580 1
 223 228 571 606 1
 227 206 139 570 1
 172 561 198 566 1
 198 566 561 594 1
 296 571 228 606 1
 557 592 569 602 1
 198 560 566 594 1
 141 154 209 571 1
 563 581 166 584 1
 290 300 287 579 1
 173 578 187 599 1
 232 563 206 570 1
 267 249 247 598 1
 564 570 547 601 1
 205 213 212 578 1
 551 587 558 595 1
 327 307 242 576 1
 186 561 195 588 1
 310 315 314 576 1
 178 179 171 576 1
 260 241 273 566 1
 182 181 555 599 1
 274 207 226 577 1
 275 297 300 604 1
 317 557 316 607 1
 181 590 555 599 1
 316 557 575 607 1
 308 329 208 578 1
 323 312 326 578 1
 149 554 581 582 1
 551 577 565 596 1
 241 290 273 579 1
 268 250 253 579 1
 137 145 144 574 1
 249 250 248 559 1
 561 566 550 594 1
 141 154 571 581 1
 273 290 301 579 1
 550 561 558 593 1
 289 292 278 577 1
 186 195 197 588 1
 560 550 566 594 1
 333 311 322 570 1
 155 570 153 584 1
 290 241 257 579 1
 552 578 567 599 1
 221 222 211 577 1
 292 577 289 596 1
 147 580 554 582 1
 177 189 187 578 1
 547 570 564 584 1
 291 296 223 606 1
 277 298 161 572 1
 266 261 240 574 1
 198 561 196 594 1
 164 138 159 573 1
 148 554 147 580 1
 555 560 553 590 1
 155 143 153 570 1
 286 604 288 606 1
 550 548 579 593 1
 276 280 281 566 1
 547 570 563 591 1
 317 318 557 607 1
 251 249 252 559 1
 553 576 575 590 1
 232 210 224 570 1
 149 554 151 581 1
 149 581 152 582 1
 258 244 266 574 1
 551 565 558 596 1
 301 579 290 593 1
 300 294 275 573 1
 277 161 571 572 1
 313 324 334 574 1
 248 255 256 560 1
 220 231 209 571 1
 229 563 232 591 1
 161 160 277 571 1
 193 172 198 566 1
 139 153 570 584 1
 255 245 256 566 1
 227 232 206 570 1
 565 589 218 603 1
 250 253 579 600 1
 184 560 198 594 1
 182 180 181 599 1
 151 149 148 554 1
 145 564 146 580 1
 288 604 572 606 1
 558 546 585 604 1
 156 164 142 573 1
 328 334 309 574 1
 180 590 181 599 1
 198 172 196 561 1
 285 286 284 558 1
 317 316 318 607 1
 176 198 190 566 1
 197 195 194 577 1
 546 581 571 589 1
 558 561 550 587 1
 553 560 559 598 1
 161 163 160 571 1
 546 589 565 603 1
 307 315 335 569 1
 242 267 247 569 1
 163 571 572 581 1
 287 290 579 593 1
 234 565 218 603 1
 163 571 161 572 1
 216 556 215 605 1
 262 265 263 573 1
 145 137 146 564 1
 283 593 558 596 1
 554 581 563 584 1
 546 556 589 603 1
 225 213 208 578 1
 188 197 175 577 1
 307 327 315 576 1
 242 247 259 576 1
 216 603 556 605 1
 145 140 157 574 1
 184 190 198 560 1
 302 565 292 596 1
 321 569 335 592 1
 226 207 221 577 1
 214 567 603 605 1
 320 336 568 607 1
 152 581 572 582 1
 332 155 137 564 1
 292 274 295 577 1
 179 576 191 598 1
 559 569 549 602 1
 214 216 215 605 1
 148 554 580 584 1
 173 192 187 578 1
 329 308 326 578 1
 548 593 558 604 1
 548 579 573 600 1
 158 139 153 570 1
 553 575 555 590 1
 214 213 567 605 1
 273 281 293 566 1
 182 181 183 555 1
 165 150 562 582 1
 320 568 601 607 1
 553 569 559 602 1
 214 603 216 605 1
 565 577 551 603 1
 317 321 335 592 1
 233 568 208 605 1
 556 603 567 605 1
 571 572 546 606 1
 572 585 546 604 1
 139 563 166 584 1
 555 590 575 599 1
 575 590 180 599 1
 292 302 274 565 1
 552 578 568 605 1
 234 207 565 603 1
 219 591 568 605 1
 241 260 255 566 1
 165 562 580 582 1
 156 240 140 562 1
 182 555 183 588 1
 572 581 554 582 1
 568 591 547 605 1
 172 289 195 561 1
 214 567 221 603 1
 568 597 547 607 1
 174 179 191 598 1
 568 547 601 607 1
 555 575 552 599 1
 573 579 265 600 1
 276 289 172 561 1
 568 578 552 607 1
 563 570 547 584 1
 229 206 232 563 1
 332 137 309 564 1
 326 316 575 607 1
 179 590 576 598 1
 265 573 243 579 1
 183 555 181 594 1
 597 601 547 607 1
 579 593 548 604 1
 187 575 180 599 1
 263 240 156 562 1
 286 285 288 604 1
 591 597 547 605 1
 179 180 575 590 1
 568 547 597 605 1
 219 568 233 605 1
 213 205 214 567 1
 174 560 199 598 1
 200 567 173 599 1
 274 59 207 565 1
 215 216 217 556 1
 165 147 150 582 1
 222 221 214 567 1
 256 248 560 598 1
 187 189 180 575 1
 552 575 557 607 1
 223 207 59 565 1
 218 234 223 565 1
 274 291 59 565 1
 550 560 587 594 1
 277 288 298 572 1
 308 568 336 607 1
 560 590 199 598 1
 215 556 217 591 1
 141 163 154 581 1
 223 59 291 565 1
 141 571 163 581 1
 64 308 208 568 1
 199 174 190 560 1
 326 316 323 575 1
 569 592 549 602 1
 64 208 224 568 1
 550 587 561 594 1
 319 317 318 557 1
 320 336 325 568 1
 213 233 208 605 1
 185 567 200 599 1
 165 580 147 582 1
 73 244 324 313 1
 567 595 556 605 1
 179 174 590 598 1
 282 276 281 561 1
 154 166 563 581 1
 64 325 308 568 1
 185 588 567 599 1
 174 191 246 598 1
 223 58 228 296 1
 148 580 146 584 1
 325 64 224 568 1
 182 555 588 599 1
 316 315 310 575 1
 180 171 179 575 1
 572 582 554 585 1
 279 257 68 243 1
 290 69 241 273 1
 191 576 246 598 1
 161 298 138 572 1
 317 557 319 592 1
 173 188 205 567 1
 222 205 188 567 1
 257 265 243 579 1
 217 556 216 589 1
 557 601 597 607 1
 554 581 572 585 1
 152 149 151 581 1
 560 555 587 594 1
 290 69 257 241 1
 174 199 590 598 1
 548 558 585 604 1
 298 275 138 572 1
 552 595 567 605 1
 251 250 249 559 1
 283 558 284 596 1
 223 565 291 606 1
 559 586 545 602 1
 283 285 284 558 1
 139 166 153 584 1
 234 221 207 603 1
 294 35 138 159 1
 146 564 155 584 1
 74 242 307 569 1
 63 224 210 330 1
 150 156 165 562 1
 73 244 258 324 1
 215 556 591 605 1
 290 279 257 68 1
 74 307 324 569 1
 258 242 74 569 1
 556 216 589 603 1
 275 572 297 604 1
 556 595 567 603 1
 199 560 184 590 1
 258 74 324 569 1
 547 584 583 608 1
 572 581 546 585 1
 250 559 251 600 1
 588 595 567 599 1
 319 557 318 601 1
 546 572 571 581 1
 555 590 181 594 1
 184 590 560 594 1
 554 546 581 585 1
 45 178 171 314 1
 200 173 187 599 1
 154 151 166 581 1
 583 584 554 608 1
 546 554 581 608 1
 308 336 326 607 1
 163 572 152 581 1
 555 595 588 599 1
 303 280 193 566 1
 285 558 283 593 1
 171 189 323 575 1
 146 148 147 580 1
 43 177 312 189 1
 203 303 193 566 1
 203 270 303 566 1
 162 152 572 582 1
 239 174 246 598 1
 224 233 219 568 1
 268 257 241 579 1
 296 223 58 291 1
 546 585 554 608 1
 256 239 248 598 1
 176 245 270 566 1
 310 171 323 575 1
 203 176 270 566 1
 185 188 200 567 1
 179 174 199 590 1
 146 580 564 584 1
 330 63 224 325 1
 184 181 590 594 1
 303 270 260 566 1
 545 554 585 608 1
 182 588 185 599 1
 554 545 583 608 1
 163 161 152 572 1
 282 289 561 596 1
 183 588 555 594 1
 548 582 572 585 1
 556 597 591 605 1
 156 140 165 562 1
 564 592 331 601 1
 557 318 601 607 1
 260 293 303 566 1
 199 184 181 590 1
 138 162 152 572 1
 139 154 166 563 1
 554 545 585 586 1
 218 589 216 603 1
 155 332 23 143 1
 168 143 338 570 1
 552 556 595 605 1
 172 195 186 561 1
 563 584 547 608 1
 551 558 587 596 1
 196 561 186 594 1
 546 589 556 608 1
 254 264 240 562 1
 230 154 19 139 1
 554 583 545 586 1
 240 29 156 140 1
 567 595 551 603 1
 338 330 210 570 1
 314 171 45 310 1
 304 228 296 571 1
 549 586 559 602 1
 552 595 555 599 1
 583 592 557 602 1
 299 571 296 606 1
 199 190 184 560 1
 545 587 555 595 1
 168 238 227 570 1
 549 592 583 602 1
 252 267 258 569 1
 324 335 321 569 1
 561 587 558 596 1
 323 43 312 189 1
 222 205 39 188 1
 548 562 586 600 1
 275 35 138 294 1
 205 173 39 188 1
 49 174 239 190 1
 239 256 49 190 1
 282 289 276 561 1
 246 50 191 174 1
 182 183 185 588 1
 48 176 256 245 1
 153 146 155 584 1
 297 572 288 604 1
 338 210 238 570 1
 263 29 156 240 1
 236 228 304 571 1
 196 172 186 561 1
 38 211 222 175 1
 212 40 173 192 1
 311 23 332 143 1
 581 589 546 608 1
 556 589 217 591 1
 567 588 551 595 1
 264 562 254 600 1
 554 583 580 584 1
 259 242 327 75 1
 168 338 238 570 1
 328 144 167 574 1
 229 589 563 591 1
 158 168 227 570 1
 309 322 332 564 1
 157 140 30 261 1
 261 271 167 574 1
 159 294 305 573 1
 169 272 262 573 1
 314 337 178 576 1
 170 304 160 571 1
 278 53 195 194 1
 169 159 305 573 1
 260 273 70 293 1
 208 329 65 225 1
 339 328 167 574 1
 219 215 591 605 1
 178 337 201 576 1
 158 227 20 139 1
 275 288 297 572 1
 287 301 290 593 1
 320 601 318 607 1
 206 230 19 139 1
 561 588 186 594 1
 271 313 339 574 1
 274 295 226 60 1
 554 585 582 586 1
 167 157 261 574 1
 262 142 169 573 1
 558 593 285 604 1
 254 240 263 562 1
 322 564 331 601 1
 297 287 300 604 1
 271 244 313 574 1
 177 202 312 578 1
 176 256 190 48 1
 340 312 202 578 1
 246 50 174 239 1
 552 595 556 597 1
 200 188 173 567 1
 188 38 222 175 1
 40 173 205 212 1
 331 322 309 564 1
 167 271 339 574 1
 146 137 155 564 1
 243 272 305 573 1
 169 305 272 573 1
 44 189 323 171 1
 242 307 327 75 1
 246 191 269 576 1
 141 236 170 571 1
 170 236 304 571 1
 319 592 557 601 1
 306 204 194 577 1
 140 240 30 261 1
 54 172 276 289 1
 194 278 306 577 1
 289 54 172 195 1
 259 269 337 576 1
 269 191 201 576 1
 548 582 585 586 1
 273 260 70 241 1
 329 208 65 308 1
 563 589 581 608 1
 60 226 274 207 1
 548 562 582 586 1
 549 564 583 592 1
 243 305 279 573 1
 171 323 44 310 1
 338 143 311 570 1
 583 597 545 602 1
 549 580 562 586 1
 545 597 583 608 1
 212 235 192 578 1
 547 583 597 608 1
 554 584 563 608 1
 230 206 220 563 1
 237 306 295 577 1
 580 583 564 584 1
 259 337 327 576 1
 552 567 595 599 1
 202 192 235 578 1
 235 329 340 578 1
 281 280 293 566 1
 549 564 580 583 1
 557 597 583 602 1
 201 337 269 576 1
 547 591 563 608 1
 218 217 216 589 1
 175 204 237 577 1
 555 587 588 595 1
 211 175 237 577 1
 556 552 597 605 1
 229 220 563 589 1
 551 588 587 595 1
 206 20 227 139 1
 182 185 200 599 1
 255 260 245 566 1
 329 235 225 578 1
 24 137 332 155 1
 298 288 275 572 1
 237 295 226 577 1
 552 597 568 607 1
 298 34 161 138 1
 306 237 204 577 1
 557 592 583 601 1
 576 590 553 598 1
 235 340 202 578 1
 142 262 28 263 1
 568 597 552 605 1
 301 283 281 593 1
 304 277 160 571 1
 302 291 565 606 1
 138 298 34 275 1
 552 557 597 607 1
 549 583 580 586 1
 145 157 144 574 1
 143 158 153 570 1
 583 586 549 602 1
 314 315 327 576 1
 246 259 247 576 1
 178 191 179 576 1
 289 278 53 195 1
 219 233 215 605 1
 234 218 216 603 1
 225 212 213 578 1
 162 149 152 582 1
 320 318 336 607 1
 137 309 24 332 1
 246 576 247 598 1
 580 582 562 586 1
 303 293 280 566 1
 221 211 226 577 1
 147 145 146 580 1
 203 193 176 566 1
 583 592 564 601 1
 326 312 329 578 1
 187 192 177 578 1
 160 33 161 277 1
 278 292 295 577 1
 219 215 217 591 1
 555 588 587 594 1
 206 229 220 563 1
 245 260 270 566 1
 321 317 319 592 1
 563 581 554 608 1
 319 331 592 601 1
 209 236 141 571 1
 547 564 583 584 1
 320 319 318 601 1
 253 250 251 600 1
 152 161 138 572 1
 265 579 253 600 1
 207 223 234 565 1
 274 302 291 565 1
 560 590 555 594 1
 184 183 181 594 1
 33 161 277 298 1
 283 284 282 596 1
 156 142 28 263 1
 222 214 205 567 1
 147 165 145 580 1
 288 299 286 606 1
 548 585 572 604 1
 325 336 308 568 1
 587 588 561 594 1
 330 311 333 570 1
 171 180 189 575 1
 560 553 590 598 1
 193 198 176 566 1
 547 583 564 601 1
 164 150 162 582 1
 291 299 296 606 1
 554 582 580 586 1
 147 149 150 582 1
 224 208 233 568 1
 229 217 589 591 1
 310 323 316 575 1
 248 247 249 598 1
 232 227 210 570 1
 57 304 228 296 1
 294 300 279 573 1
 285 593 287 604 1
 261 266 244 574 1
 554 580 583 586 1
 299 277 296 571 1
 209 231 228 571 1
 545 586 583 602 1
 238 210 227 570 1
 57 304 236 228 1
 242 258 267 569 1
 335 324 307 569 1
 141 170 160 571 1
 163 141 160 571 1
 328 313 334 574 1
 142 164 159 573 1
 168 158 143 570 1
 243 265 262 573 1
 243 262 272 573 1
 46 178 314 337 1
 261 244 271 574 1
 294 279 305 573 1
 337 46 178 201 1
 167 144 157 574 1
 265 257 253 579 1
 187 180 182 599 1
 202 42 177 312 1
 42 202 340 312 1
 175 197 194 577 1
 319 322 331 601 1
 169 142 159 573 1
 214 215 213 605 1
 339 313 328 574 1
 216 214 221 603 1
 338 311 330 570 1
 151 154 163 581 1
 326 318 316 607 1
 285 283 287 593 1
 153 148 146 584 1
 257 268 253 579 1
 314 327 337 576 1
 246 269 259 576 1
 178 201 191 576 1
 302 292 284 596 1
 194 204 175 577 1
 338 62 210 330 1
 282 292 289 596 1
 179 181 180 590 1
 193 303 56 280 1
 26 167 328 144 1
 51 269 246 191 1
 225 235 212 578 1
 270 245 176 47 1
 22 143 338 168 1
 192 212 41 235 1
 163 152 151 581 1
 226 211 237 577 1
 47 176 270 203 1
 72 339 271 313 1
 338 62 238 210 1
 259 76 337 269 1
 269 51 201 191 1
 305 159 36 294 1
 304 296 277 571 1
 209 228 236 571 1
 202 177 192 578 1
 340 329 312 578 1
 295 306 278 577 1
 238 227 21 168 1
 159 305 36 169 1
 303 203 193 56 1
 328 167 26 339 1
 31 261 271 167 1
 229 217 220 589 1
 260 303 71 270 1
 202 192 41 235 1
 295 237 61 306 1
 235 329 66 340 1
 166 148 153 584 1
 231 220 218 589 1
 251 264 254 600 1
 244 72 271 313 1
 297 288 285 604 1
 229 232 219 591 1
 327 259 76 337 1
 261 31 157 167 1
 184 198 196 594 1
 303 260 71 293 1
 329 235 66 225 1
 168 227 21 158 1
 237 295 61 226 1
 321 331 334 592 1
 297 285 287 604 1
 237 211 37 175 1
 333 322 320 601 1
 52 194 278 306 1
 67 272 305 243 1
 37 237 175 204 1
 73 258 74 324 1
 257 69 290 68 1
 223 59 58 291 1
 306 52 194 204 1
 169 272 27 262 1
 63 64 224 325 1
 305 279 67 243 1
 27 169 262 142 1
 563 591 589 608 1
 143 311 22 338 1
 589 591 556 608 1
 239 246 247 598 1
 141 17 170 236 1
 32 170 304 160 1
 186 197 185 588 1
 302 286 291 606 1
 160 304 32 277 1
 236 141 17 209 1
 254 265 253 600 1
 45 178 314 46 1
 42 43 177 312 1
 185 183 186 588 1
 150 149 162 582 1
 182 200 187 599 1
 216 221 234 603 1
 51 246 50 191 1
 256 49 190 48 1
 222 39 38 188 1
 229 219 217 591 1
 41 40 212 192 1
 278 53 194 52 1
 319 331 321 592 1
 318 326 336 607 1
 183 184 196 594 1
 74 307 242 75 1
 201 337 7 269 1
 1 338 238 168 1
 203 270 8 303 1
 167 271 3 339 1
 5 202 235 340 1
 280 56 193 55 1
 328 25 26 144 1
 306 237 6 204 1
 304 170 2 236 1
 305 272 4 169 1
 64 308 65 208 1
 241 69 70 273 1
 60 274 59 207 1
 247 248 239 598 1
 233 213 215 605 1
 199 181 179 590 1
 22 23 311 143 1
 220 217 218 589 1
 284 292 282 596 1
 327 259 75 76 1
 320 322 319 601 1
 260 70 71 293 1
 329 65 225 66 1
 295 226 60 61 1
 36 35 294 159 1
 189 323 43 44 1
 34 35 138 275 1
 30 29 240 140 1
 157 30 31 261 1
 228 58 57 296 1
 227 20 21 158 1
 160 32 33 277 1
 55 172 276 54 1
 50 174 239 49 1
 253 251 254 600 1
 173 39 40 205 1
 156 28 29 263 1
 44 45 171 310 1
 245 48 176 47 1
 63 210 62 330 1
 301 287 283 593 1
 206 19 20 139 1
 309 24 25 137 1
 154 19 18 230 1
 244 73 72 313 1
 38 37 211 175 1
 262 28 27 142 1
 286 299 291 606 1
 67 279 68 243 1
 2 57 304 236 1
 51 201 7 269 1
 1 338 62 238 1
 337 7 46 201 1
 337 76 7 269 1
 47 270 8 203 1
 3 26 167 339 1
 305 4 36 169 1
 271 3 31 167 1
 66 5 235 340 1
 303 8 203 56 1
 303 270 8 71 1
 306 6 237 61 1
 41 5 202 235 1
 238 21 1 168 1
 339 271 3 72 1
 202 5 42 340 1
 272 27 4 169 1
 237 37 6 204 1
 6 52 306 204 1
 4 67 272 305 1
 332 23 24 155 1
 54 289 53 195 1
 18 17 141 209 1
 1 22 338 168 1
 170 17 2 236 1
 2 32 170 304 1
 161 33 34 298 1
 582 164 138 162 1
 593 273 281 301 1
 593 281 273 550 1
 569 249 252 267 1
 569 252 249 559 1
 601 325 547 568 1
 601 547 325 333 1
 570 547 325 568 1
 570 325 547 333 1
 600 549 586 559 1
 600 586 549 562 1
 582 573 138 164 1
 582 138 573 548 1
 579 279 300 573 1
 579 300 279 290 1
 572 299 277 288 1
 572 277 299 571 1
 172 280 55 276 1
 172 55 280 193 1
 144 309 25 137 1
 144 25 309 328 1
 607 308 578 326 1
 607 578 308 568 1
 154 209 18 141 1
 18 209 154 230 1
 174 598 190 560 1
 174 190 598 239 1
 256 190 598 560 1
 256 598 190 239 1
 603 207 577 221 1
 603 577 207 565 1
 595 608 597 545 1
 597 608 595 556 1
 596 588 587 551 1
 596 587 588 561 1
 208 605 578 213 1
 578 605 208 568 1
 585 587 595 558 1
 595 587 585 545 1
 230 139 563 154 1
 563 139 230 206 1
 143 332 570 155 1
 143 570 332 311 1
 597 591 608 556 1
 597 608 591 547 1
 601 597 583 557 1
 601 583 597 547 1
 603 595 546 556 1
 603 546 595 551 1
 186 594 183 196 1
 183 594 186 588 1
 435 650 629 674 2
 454 623 614 624 2
 521 539 617 633 2
 521 617 621 633 2
 435 610 650 674 2
 521 621 617 639 2
 619 658 621 663 2
 537 632 611 655 2
 616 621 619 658 2
 619 621 617 663 2
 625 641 399 649 2
 454 614 459 624 2
 628 638 513 654 2
 399 641 625 660 2
 633 638 613 654 2
 435 422 629 650 2
 428 632 611 634 2
 428 634 611 651 2
 629 650 610 674 2
 521 539 519 617 2
 453 633 623 665 2
 471 633 453 665 2
 612 636 342 637 2
 619 663 617 675 2
 641 649 625 660 2
 521 633 621 654 2
 479 637 612 669 2
 617 621 619 639 2
 521 617 519 639 2
 428 611 632 651 2
 619 621 616 639 2
 528 638 633 654 2
 445 614 477 630 2
 658 663 619 675 2
 524 632 537 655 2
 479 636 612 637 2
 435 629 427 674 2
 479 612 636 669 2
 609 663 658 675 2
 342 366 636 646 2
 341 513 628 638 2
 519 617 539 633 2
 529 632 428 634 2
 435 635 610 674 2
 342 636 612 646 2
 436 634 428 651 2
 445 477 614 643 2
 462 633 638 677 2
 613 638 633 677 2
 494 641 399 660 2
 479 342 636 637 2
 368 637 626 646 2
 434 424 635 644 2
 528 538 638 654 2
 477 614 643 657 2
 349 638 628 661 2
 454 452 623 624 2
 623 633 617 665 2
 358 434 635 644 2
 341 628 349 638 2
 434 627 424 644 2
 435 422 427 629 2
 472 614 454 643 2
 539 633 521 654 2
 524 529 537 632 2
 614 623 454 643 2
 494 399 625 660 2
 368 626 354 646 2
 444 638 626 677 2
 445 614 472 643 2
 462 633 528 638 2
 513 638 538 654 2
 445 459 472 614 2
 626 637 469 667 2
 537 611 634 655 2
 454 459 452 624 2
 487 625 485 657 2
 626 638 344 661 2
 613 638 628 654 2
 477 614 485 630 2
 454 472 459 614 2
 459 624 614 630 2
 487 625 657 660 2
 637 643 612 669 2
 360 626 368 637 2
 401 641 631 649 2
 444 344 626 638 2
 626 637 612 646 2
 454 643 623 667 2
 506 629 660 674 2
 506 660 488 674 2
 485 625 614 657 2
 424 635 644 650 2
 470 638 444 677 2
 417 642 631 671 2
 462 638 470 677 2
 610 635 435 650 2
 467 626 360 637 2
 445 459 614 630 2
 479 504 637 669 2
 426 631 392 641 2
 504 643 637 669 2
 534 428 414 634 2
 619 616 658 659 2
 614 625 485 630 2
 424 644 627 650 2
 358 627 434 644 2
 425 631 641 668 2
 528 517 448 638 2
 409 377 631 642 2
 615 649 641 660 2
 469 626 467 637 2
 639 642 530 673 2
 519 639 617 640 2
 527 639 393 642 2
 488 490 506 674 2
 399 641 401 649 2
 391 642 639 666 2
 488 660 622 674 2
 377 631 642 666 2
 628 655 535 662 2
 394 624 460 630 2
 428 534 529 634 2
 409 631 417 642 2
 639 640 383 652 2
 467 626 469 667 2
 504 657 643 669 2
 622 660 629 674 2
 368 360 354 626 2
 425 631 426 641 2
 617 633 519 640 2
 342 499 363 637 2
 355 618 370 644 2
 514 518 382 640 2
 488 622 490 674 2
 618 627 370 644 2
 392 631 401 641 2
 628 654 535 655 2
 483 447 637 643 2
 393 639 391 642 2
 491 657 504 669 2
 503 636 635 674 2
 484 376 397 630 2
 520 521 519 639 2
 631 641 615 649 2
 516 393 381 642 2
 527 530 639 642 2
 504 491 643 657 2
 490 622 669 674 2
 521 520 621 639 2
 375 639 514 640 2
 535 628 513 654 2
 380 460 449 630 2
 434 424 413 635 2
 535 513 538 654 2
 610 669 622 674 2
 448 462 528 638 2
 426 379 415 641 2
 459 460 624 630 2
 428 632 423 651 2
 352 370 355 618 2
 349 344 638 661 2
 623 624 452 665 2
 514 639 519 640 2
 383 639 375 640 2
 358 434 413 635 2
 534 537 529 634 2
 467 458 626 667 2
 535 513 628 662 2
 631 642 616 671 2
 532 513 348 638 2
 483 461 447 643 2
 451 640 633 665 2
 615 641 631 668 2
 487 486 485 625 2
 528 633 525 654 2
 480 625 376 630 2
 370 627 618 653 2
 487 486 625 660 2
 423 436 428 651 2
 401 631 389 649 2
 380 394 460 630 2
 628 638 613 661 2
 511 633 446 640 2
 478 629 411 641 2
 622 657 625 660 2
 435 427 635 674 2
 528 525 538 654 2
 370 618 352 653 2
 392 379 426 641 2
 616 642 639 673 2
 446 633 451 640 2
 511 519 633 640 2
 467 469 458 667 2
 527 393 516 642 2
 512 412 632 642 2
 361 344 465 638 2
 382 375 514 640 2
 627 634 436 651 2
 410 627 343 634 2
 636 669 610 674 2
 471 451 633 665 2
 480 376 484 630 2
 424 435 635 650 2
 444 465 344 638 2
 343 362 431 634 2
 496 629 641 660 2
 343 634 627 653 2
 409 416 377 642 2
 526 535 655 662 2
 482 398 399 641 2
 477 643 505 657 2
 500 432 427 674 2
 639 642 616 666 2
 633 640 617 665 2
 490 622 489 669 2
 483 493 461 643 2
 621 633 617 663 2
 612 637 626 667 2
 492 636 503 674 2
 480 485 625 630 2
 351 618 353 646 2
 416 396 377 642 2
 626 638 613 677 2
 346 466 467 637 2
 435 427 432 635 2
 467 360 346 637 2
 479 499 342 637 2
 446 463 531 640 2
 496 629 478 641 2
 464 477 497 630 2
 402 624 394 630 2
 351 352 353 618 2
 453 623 452 665 2
 401 392 389 631 2
 352 628 618 661 2
 621 654 633 663 2
 494 482 399 641 2
 429 412 533 642 2
 432 635 427 674 2
 629 670 622 674 2
 430 498 478 641 2
 341 348 513 638 2
 376 625 402 630 2
 431 410 343 634 2
 402 630 625 656 2
 500 635 432 674 2
 402 624 630 656 2
 613 638 626 661 2
 493 504 491 643 2
 413 345 358 635 2
 377 642 391 666 2
 436 627 410 634 2
 614 625 622 657 2
 444 468 470 677 2
 471 453 451 665 2
 390 625 399 649 2
 385 619 386 666 2
 409 417 416 642 2
 511 446 531 640 2
 514 519 518 640 2
 382 383 375 640 2
 385 652 619 666 2
 464 445 477 630 2
 353 618 644 646 2
 369 626 344 661 2
 610 622 670 674 2
 520 621 639 673 2
 615 641 629 660 2
 521 621 520 673 2
 610 670 629 674 2
 504 479 501 669 2
 478 411 430 641 2
 625 630 614 656 2
 512 533 412 642 2
 527 516 530 642 2
 445 493 477 643 2
 624 614 630 656 2
 618 628 352 653 2
 513 341 628 662 2
 472 454 457 643 2
 537 655 634 662 2
 453 454 452 623 2
 487 657 622 660 2
 345 358 635 644 2
 341 349 348 638 2
 477 493 505 643 2
 444 626 468 677 2
 616 642 631 666 2
 618 646 351 661 2
 494 496 482 641 2
 390 399 401 649 2
 505 643 493 657 2
 352 618 351 661 2
 493 445 461 643 2
 496 641 494 660 2
 425 426 415 641 2
 490 669 492 674 2
 381 393 391 642 2
 427 495 500 674 2
 402 625 400 656 2
 481 502 365 636 2
 470 465 444 638 2
 342 363 368 637 2
 611 634 627 651 2
 480 484 485 630 2
 521 522 621 673 2
 617 640 639 652 2
 369 344 349 661 2
 353 618 355 644 2
 353 644 356 646 2
 436 414 428 634 2
 448 470 462 638 2
 622 610 647 669 2
 481 365 635 636 2
 479 504 499 637 2
 535 526 513 662 2
 517 528 538 638 2
 452 459 460 624 2
 424 435 413 635 2
 365 364 481 635 2
 433 627 436 651 2
 397 376 402 630 2
 629 650 422 668 2
 492 669 636 674 2
 459 449 460 630 2
 454 457 643 667 2
 431 436 410 634 2
 388 624 402 656 2
 349 341 350 628 2
 355 353 352 618 2
 610 644 635 650 2
 384 385 386 666 2
 491 493 643 657 2
 462 456 633 677 2
 349 628 350 661 2
 629 660 622 670 2
 360 368 346 637 2
 384 652 385 666 2
 622 625 614 648 2
 532 538 513 638 2
 490 488 489 622 2
 402 376 400 625 2
 614 624 623 675 2
 521 520 522 673 2
 380 402 394 630 2
 401 399 398 641 2
 367 635 636 644 2
 610 650 629 668 2
 365 367 364 635 2
 446 471 451 633 2
 511 519 539 633 2
 367 635 365 636 2
 438 629 422 668 2
 524 632 655 673 2
 466 469 467 637 2
 420 620 419 671 2
 429 417 412 642 2
 392 401 379 641 2
 511 531 519 640 2
 446 451 463 640 2
 356 644 636 646 2
 462 470 456 677 2
 388 394 402 624 2
 349 344 361 638 2
 506 629 496 660 2
 539 525 633 654 2
 418 631 668 671 2
 611 627 634 653 2
 524 540 632 673 2
 471 456 453 677 2
 420 668 620 671 2
 430 411 425 641 2
 623 663 633 677 2
 624 665 623 675 2
 437 632 412 671 2
 383 640 395 665 2
 496 478 498 641 2
 617 633 623 663 2
 617 639 619 652 2
 612 643 637 667 2
 362 634 343 653 2
 643 657 612 669 2
 629 641 615 668 2
 377 396 391 642 2
 533 512 530 642 2
 636 647 610 669 2
 418 420 419 671 2
 610 668 629 670 2
 418 417 631 671 2
 385 387 386 619 2
 610 650 668 670 2
 635 636 610 674 2
 438 411 629 668 2
 611 655 632 673 2
 477 485 497 630 2
 616 642 632 671 2
 539 521 525 654 2
 619 652 639 666 2
 611 658 655 673 2
 418 668 420 671 2
 471 633 456 677 2
 620 668 631 671 2
 384 639 652 666 2
 636 644 618 646 2
 386 619 387 649 2
 496 506 478 629 2
 611 632 658 673 2
 619 639 616 666 2
 360 444 344 626 2
 445 464 459 630 2
 423 651 632 671 2
 633 663 613 677 2
 418 631 425 668 2
 632 642 616 673 2
 376 494 399 625 2
 419 420 421 620 2
 623 643 614 664 2
 637 643 469 667 2
 350 628 352 661 2
 632 651 611 671 2
 480 494 376 625 2
 378 383 395 665 2
 387 619 385 656 2
 383 652 640 665 2
 621 654 663 672 2
 433 410 436 627 2
 469 637 447 643 2
 520 639 530 673 2
 490 489 492 669 2
 391 639 384 666 2
 632 611 658 671 2
 467 444 360 626 2
 617 623 665 675 2
 613 663 654 672 2
 651 658 611 671 2
 384 639 383 652 2
 419 620 421 651 2
 611 634 655 662 2
 423 632 437 671 2
 417 409 418 631 2
 378 624 403 665 2
 655 658 621 673 2
 643 664 623 667 2
 614 624 648 656 2
 404 631 377 666 2
 536 359 341 662 2
 616 639 621 673 2
 478 119 411 629 2
 460 452 624 665 2
 426 425 418 631 2
 633 654 613 663 2
 536 341 513 662 2
 614 648 625 656 2
 391 393 384 639 2
 350 628 341 662 2
 512 632 540 673 2
 417 437 412 671 2
 624 652 403 665 2
 427 411 119 629 2
 422 438 427 629 2
 478 495 119 629 2
 481 492 502 636 2
 615 660 629 670 2
 354 646 626 661 2
 369 354 626 661 2
 345 635 367 644 2
 345 367 358 644 2
 427 119 495 629 2
 421 620 420 650 2
 403 378 394 624 2
 512 412 124 632 2
 530 520 527 639 2
 521 522 523 621 2
 124 412 428 632 2
 350 352 351 661 2
 636 646 618 647 2
 389 631 404 666 2
 386 619 649 666 2
 524 540 529 632 2
 389 649 631 666 2
 358 370 627 644 2
 383 378 652 665 2
 133 448 528 517 2
 486 480 485 625 2
 529 512 124 632 2
 618 644 636 647 2
 378 395 450 665 2
 124 428 529 632 2
 631 659 620 671 2
 427 118 432 500 2
 514 520 519 639 2
 384 375 383 639 2
 521 621 523 654 2
 620 668 650 670 2
 395 640 450 665 2
 483 461 128 447 2
 502 342 365 636 2
 377 392 409 631 2
 129 445 493 477 2
 461 469 447 643 2
 426 409 392 631 2
 612 645 664 667 2
 419 620 651 671 2
 356 353 355 644 2
 612 626 645 667 2
 445 493 461 129 2
 621 655 654 672 2
 438 425 411 668 2
 378 403 652 665 2
 613 654 628 672 2
 620 659 631 668 2
 479 342 502 636 2
 487 622 488 660 2
 455 454 453 623 2
 620 420 650 668 2
 427 629 495 674 2
 352 628 350 653 2
 653 672 611 676 2
 618 672 653 676 2
 487 489 488 622 2
 649 659 631 666 2
 623 667 645 677 2
 523 621 522 655 2
 654 655 628 672 2
 342 499 95 363 2
 134 446 511 633 2
 619 659 649 666 2
 636 644 610 647 2
 354 360 369 626 2
 123 428 414 534 2
 479 636 501 669 2
 618 610 644 647 2
 616 659 631 671 2
 133 448 462 528 2
 610 618 644 676 2
 134 462 446 633 2
 528 134 511 633 2
 610 636 635 644 2
 403 624 388 652 2
 461 493 483 128 2
 619 652 385 656 2
 462 134 528 633 2
 455 623 453 677 2
 454 623 455 667 2
 388 652 624 656 2
 645 667 626 677 2
 343 627 370 653 2
 489 622 487 657 2
 610 647 618 676 2
 350 341 359 662 2
 614 648 624 675 2
 404 377 391 666 2
 382 514 105 518 2
 367 636 356 644 2
 358 355 370 644 2
 512 540 530 673 2
 622 664 657 669 2
 507 484 397 630 2
 375 393 527 639 2
 366 356 636 646 2
 397 407 507 630 2
 474 507 407 630 2
 103 381 516 393 2
 362 343 357 653 2
 461 445 472 643 2
 443 378 450 665 2
 428 437 423 632 2
 621 522 655 673 2
 647 648 609 670 2
 362 357 634 653 2
 427 118 500 495 2
 609 648 647 664 2
 460 443 452 665 2
 380 449 474 630 2
 389 392 404 631 2
 380 474 407 630 2
 383 378 403 652 2
 514 375 527 639 2
 388 385 652 656 2
 618 646 645 647 2
 631 659 615 668 2
 620 658 651 671 2
 534 123 428 529 2
 507 474 464 630 2
 612 646 636 647 2
 386 649 389 666 2
 647 664 622 669 2
 468 626 667 677 2
 622 648 647 670 2
 387 649 619 656 2
 647 648 622 664 2
 657 664 612 669 2
 612 645 646 647 2
 367 365 356 636 2
 486 494 625 660 2
 624 648 656 675 2
 619 617 652 675 2
 360 344 369 626 2
 464 497 507 630 2
 627 653 611 676 2
 403 388 385 652 2
 609 670 620 676 2
 342 366 356 636 2
 631 649 615 659 2
 620 658 609 676 2
 343 358 370 627 2
 623 664 645 667 2
 612 664 647 669 2
 610 650 670 676 2
 620 650 421 651 2
 372 347 542 634 2
 618 653 627 676 2
 422 650 420 668 2
 400 625 390 656 2
 376 399 390 625 2
 612 645 626 646 2
 625 648 622 660 2
 458 468 444 626 2
 350 653 628 662 2
 524 655 522 673 2
 434 358 79 343 2
 542 534 414 634 2
 444 89 360 344 2
 500 503 635 674 2
 514 382 105 375 2
 508 432 500 635 2
 403 394 388 624 2
 616 659 619 666 2
 471 462 456 633 2
 528 539 525 633 2
 372 442 431 634 2
 644 650 610 676 2
 612 657 643 664 2
 527 103 516 393 2
 426 409 99 392 2
 622 657 489 669 2
 486 494 480 625 2
 499 342 95 479 2
 409 377 99 392 2
 109 378 443 394 2
 443 460 109 394 2
 386 387 389 649 2
 450 110 395 378 2
 501 636 492 669 2
 542 414 442 634 2
 108 380 460 449 2
 440 432 508 635 2
 467 89 360 444 2
 400 376 390 625 2
 609 659 620 670 2
 98 415 426 379 2
 416 100 377 396 2
 468 626 458 667 2
 609 659 648 675 2
 620 670 650 676 2
 347 634 357 662 2
 433 650 627 651 2
 532 348 371 638 2
 372 542 442 634 2
 371 465 475 638 2
 362 372 431 634 2
 363 499 509 637 2
 463 446 531 135 2
 373 476 466 637 2
 361 344 90 465 2
 518 541 382 640 2
 364 374 508 635 2
 509 373 363 637 2
 609 658 620 659 2
 648 659 619 675 2
 482 113 399 398 2
 543 532 371 638 2
 625 649 390 656 2
 464 477 130 497 2
 412 533 125 429 2
 382 541 405 640 2
 479 492 501 636 2
 619 648 649 659 2
 351 646 354 661 2
 615 649 648 659 2
 362 431 80 343 2
 543 475 448 638 2
 423 419 651 671 2
 410 434 79 343 2
 614 623 664 675 2
 611 655 628 662 2
 618 645 661 672 2
 478 498 430 120 2
 616 620 659 671 2
 357 653 350 662 2
 371 361 465 638 2
 466 346 373 637 2
 458 444 467 626 2
 448 517 543 638 2
 544 516 381 642 2
 523 654 621 655 2
 381 406 544 642 2
 380 460 394 108 2
 404 392 377 631 2
 450 110 378 443 2
 501 491 504 669 2
 613 645 626 677 2
 609 658 663 672 2
 392 98 426 379 2
 614 622 648 664 2
 543 371 475 638 2
 447 476 509 637 2
 100 377 409 416 2
 373 509 476 637 2
 614 657 622 664 2
 609 672 647 676 2
 627 650 644 676 2
 618 661 628 672 2
 104 393 527 375 2
 450 395 473 640 2
 511 531 446 135 2
 345 440 374 635 2
 374 440 508 635 2
 369 351 354 661 2
 505 487 485 657 2
 455 453 456 677 2
 398 510 408 641 2
 491 505 493 657 2
 398 482 510 641 2
 344 444 90 465 2
 620 658 616 659 2
 114 376 480 494 2
 463 473 541 640 2
 473 395 405 640 2
 494 114 376 399 2
 477 464 130 445 2
 533 412 125 512 2
 537 634 515 662 2
 120 430 478 411 2
 447 509 483 637 2
 513 526 536 662 2
 542 347 515 634 2
 609 645 647 672 2
 375 527 104 514 2
 620 659 615 670 2
 621 663 658 672 2
 618 647 645 672 2
 647 672 618 676 2
 416 439 396 642 2
 434 410 424 627 2
 441 510 498 641 2
 611 651 627 676 2
 463 541 531 640 2
 537 526 655 662 2
 613 645 663 672 2
 612 664 643 667 2
 620 615 659 668 2
 406 396 439 642 2
 439 533 544 642 2
 485 484 497 630 2
 611 628 653 662 2
 634 653 357 662 2
 609 664 663 675 2
 615 668 620 670 2
 610 622 647 670 2
 433 424 627 650 2
 405 541 473 640 2
 620 616 658 671 2
 441 379 408 641 2
 415 379 441 641 2
 616 658 632 673 2
 632 658 616 671 2
 410 80 431 343 2
 422 421 420 650 2
 343 370 357 653 2
 386 389 404 666 2
 616 621 658 673 2
 459 464 449 630 2
 640 652 617 665 2
 533 439 429 642 2
 502 492 479 636 2
 623 663 645 664 2
 441 498 430 641 2
 84 341 536 359 2
 616 631 659 666 2
 617 665 624 675 2
 441 408 510 641 2
 611 653 634 662 2
 502 94 365 342 2
 524 523 522 655 2
 359 83 347 662 2
 439 544 406 642 2
 346 466 88 467 2
 619 656 648 675 2
 623 663 664 675 2
 506 495 629 674 2
 618 628 653 672 2
 645 663 609 664 2
 455 667 623 677 2
 508 481 364 635 2
 357 350 359 662 2
 359 536 83 662 2
 94 502 479 342 2
 349 361 348 638 2
 613 626 645 661 2
 347 362 357 634 2
 518 519 531 640 2
 450 463 451 640 2
 382 395 383 640 2
 515 347 83 662 2
 494 482 113 399 2
 611 628 655 672 2
 614 643 657 664 2
 366 353 356 646 2
 619 649 648 656 2
 524 522 540 673 2
 429 416 417 642 2
 515 83 536 662 2
 423 437 419 671 2
 438 422 420 668 2
 450 640 451 665 2
 658 672 609 676 2
 341 513 84 536 2
 515 634 347 662 2
 611 672 658 676 2
 507 497 484 630 2
 425 415 430 641 2
 627 644 618 676 2
 397 380 407 630 2
 618 645 646 661 2
 626 646 645 661 2
 530 516 533 642 2
 391 396 381 642 2
 410 433 424 627 2
 482 496 498 641 2
 365 364 93 481 2
 521 523 525 654 2
 449 464 474 630 2
 423 419 421 651 2
 413 440 345 635 2
 624 652 619 656 2
 457 454 455 667 2
 365 342 356 636 2
 469 643 457 667 2
 615 629 668 670 2
 411 427 438 629 2
 478 506 495 629 2
 612 647 636 669 2
 388 387 385 656 2
 609 647 670 676 2
 487 488 486 660 2
 648 649 625 656 2
 624 656 619 675 2
 481 93 365 502 2
 360 346 88 467 2
 357 352 350 653 2
 624 652 617 675 2
 426 418 409 631 2
 492 503 490 674 2
 624 617 652 665 2
 512 529 540 632 2
 614 664 648 675 2
 534 515 537 634 2
 619 652 624 675 2
 375 384 393 639 2
 523 535 654 655 2
 397 402 380 630 2
 368 354 366 646 2
 500 495 503 674 2
 489 657 491 669 2
 645 647 612 664 2
 351 353 354 646 2
 428 412 437 632 2
 623 617 663 675 2
 433 421 650 651 2
 611 653 628 672 2
 520 514 527 639 2
 452 451 453 665 2
 615 659 648 670 2
 455 468 667 677 2
 436 431 414 634 2
 489 487 491 657 2
 508 432 117 500 2
 648 664 609 675 2
 504 483 499 637 2
 470 448 465 638 2
 351 349 350 661 2
 503 481 500 635 2
 413 435 432 635 2
 442 414 431 634 2
 446 462 471 633 2
 528 511 539 633 2
 432 508 117 440 2
 364 345 374 635 2
 532 517 538 638 2
 345 364 367 635 2
 363 346 368 637 2
 372 362 347 634 2
 447 469 466 637 2
 447 466 476 637 2
 359 347 357 662 2
 465 448 475 638 2
 106 382 518 541 2
 418 419 417 671 2
 499 483 509 637 2
 420 418 425 668 2
 371 348 361 638 2
 469 461 457 643 2
 609 648 659 670 2
 541 106 382 405 2
 391 384 386 666 2
 401 398 379 641 2
 381 544 102 516 2
 373 346 363 637 2
 543 517 532 638 2
 102 406 544 381 2
 609 647 645 664 2
 542 515 534 634 2
 355 358 367 644 2
 522 520 530 673 2
 609 663 645 672 2
 370 352 357 653 2
 461 472 457 643 2
 518 531 541 640 2
 450 473 463 640 2
 382 405 395 640 2
 506 496 488 660 2
 398 408 379 641 2
 542 122 414 534 2
 486 496 494 660 2
 523 526 535 655 2
 384 383 385 652 2
 429 439 416 642 2
 397 507 116 484 2
 86 371 532 348 2
 111 473 450 395 2
 474 449 380 107 2
 367 356 355 644 2
 82 347 542 372 2
 396 416 101 439 2
 430 415 441 641 2
 435 424 422 650 2
 132 543 475 448 2
 107 380 474 407 2
 542 122 442 414 2
 508 500 481 635 2
 413 432 440 635 2
 433 421 424 650 2
 463 136 541 473 2
 473 111 405 395 2
 406 381 396 642 2
 499 509 96 363 2
 544 533 516 642 2
 498 510 482 641 2
 363 509 96 373 2
 442 431 81 372 2
 407 397 507 116 2
 532 371 86 543 2
 465 475 91 371 2
 464 507 131 474 2
 406 396 101 439 2
 498 441 121 510 2
 439 533 126 544 2
 455 468 458 667 2
 501 492 489 669 2
 132 543 448 517 2
 388 402 400 656 2
 531 463 136 541 2
 465 91 361 371 2
 433 436 423 651 2
 507 464 131 497 2
 533 439 126 429 2
 372 431 81 362 2
 525 535 538 654 2
 441 498 121 430 2
 537 515 526 662 2
 537 526 524 655 2
 610 670 647 676 2
 441 415 97 379 2
 501 489 491 669 2
 112 398 482 510 2
 379 97 441 408 2
 127 476 509 447 2
 528 462 133 134 2
 128 461 493 129 2
 427 118 495 119 2
 510 112 398 408 2
 373 476 87 466 2
 529 123 428 124 2
 509 483 127 447 2
 627 651 650 676 2
 87 373 466 346 2
 650 651 620 676 2
 347 515 82 542 2
 443 450 451 665 2
 345 77 374 440 2
 92 374 508 364 2
 351 369 349 661 2
 390 401 389 649 2
 506 490 495 674 2
 364 508 92 481 2
 440 345 77 413 2
 458 469 457 667 2
 105 382 518 106 2
 389 387 390 649 2
 102 103 381 516 2
 456 468 455 677 2
 470 468 456 677 2
 420 425 438 668 2
 354 353 366 646 2
 386 404 391 666 2
 515 536 526 662 2
 111 450 110 395 2
 460 109 394 108 2
 426 99 98 392 2
 523 535 525 654 2
 101 100 416 396 2
 482 113 398 112 2
 433 423 421 651 2
 522 530 540 673 2
 387 388 400 656 2
 446 134 511 135 2
 437 417 419 671 2
 442 9 542 372 2
 405 541 15 473 2
 407 474 16 507 2
 13 406 439 544 2
 371 475 11 543 2
 484 116 397 115 2
 532 85 86 348 2
 509 476 12 373 2
 508 374 10 440 2
 441 14 510 408 2
 512 125 124 412 2
 130 445 129 477 2
 451 452 443 665 2
 119 120 478 411 2
 403 385 383 652 2
 82 83 515 347 2
 424 421 422 650 2
 488 496 486 660 2
 505 491 487 657 2
 531 463 135 136 2
 524 526 523 655 2
 464 130 131 497 2
 533 125 429 126 2
 498 430 120 121 2
 96 95 499 363 2
 393 527 103 104 2
 95 94 479 342 2
 90 89 444 344 2
 90 91 361 465 2
 432 118 117 500 2
 431 80 81 362 2
 364 92 93 481 2
 115 376 480 114 2
 110 378 443 109 2
 457 455 458 667 2
 377 99 100 409 2
 88 89 360 467 2
 104 105 375 514 2
 449 108 380 107 2
 123 414 122 534 2
 410 79 80 343 2
 513 84 85 341 2
 358 79 78 434 2
 448 133 132 517 2
 98 97 415 379 2
 466 88 87 346 2
 490 503 495 674 2
 127 483 128 447 2
 10 117 508 440 2
 111 405 15 473 2
 122 9 542 442 2
 541 136 15 473 2
 541 15 106 405 2
 107 474 16 407 2
 509 12 96 373 2
 475 11 91 371 2
 13 439 126 544 2
 11 86 371 543 2
 507 474 16 131 2
 507 16 407 116 2
 510 14 441 121 2
 101 13 406 439 2
 543 475 11 132 2
 442 81 9 372 2
 406 13 102 544 2
 12 127 476 509 2
 510 14 112 408 2
 441 97 14 408 2
 476 87 12 373 2
 536 83 84 359 2
 114 494 113 399 2
 345 78 77 413 2
 9 82 542 372 2
 374 77 10 440 2
 10 92 374 508 2
 93 94 365 502 2
 632 537 634 529 2
 632 634 537 611 2
 646 368 342 366 2
 657 477 485 505 2
 657 485 477 614 2
 633 453 677 471 2
 633 677 453 623 2
 646 637 342 368 2
 646 342 637 612 2
 643 483 504 637 2
 643 504 483 493 2
 636 503 481 492 2
 636 481 503 635 2
 376 484 115 480 2
 376 115 484 397 2
 348 513 85 341 2
 348 85 513 532 2
 673 512 642 530 2
 673 642 512 632 2
 413 358 78 434 2
 413 78 358 345 2
 378 665 394 624 2
 378 394 665 443 2
 460 394 665 624 2
 460 665 394 443 2
 660 649 648 615 2
 660 648 649 625 2
 668 411 641 425 2
 668 641 411 629 2
 412 671 642 417 2
 642 671 412 632 2
 434 343 627 358 2
 627 343 434 410 2
 675 659 658 609 2
 675 658 659 619 2
 658 655 672 611 2
 658 672 655 621 2
 658 651 676 620 2
 658 676 651 611 2
 677 663 645 623 2
 677 645 663 613 2
 390 656 387 400 2
 387 656 390 649 2
 670 660 648 615 2
 670 648 660 622 2
 661 672 613 628 2
 613 672 661 645 2
 End
